chain	kernel_count	start_tick	end_tick	frequency_hz	gpu_us	first	last
0	1	1788730398779965664	1788730398779972608	1000000000	6.944	cc_cb_clear	cc_cb_clear
1	1	1788730398779976704	1788730398784337920	1000000000	4361.22	cc_tinlayout_fused_pre_block_swin_1h_32_1_ds_fp8	cc_tinlayout_fused_pre_block_swin_1h_32_1_ds_fp8
2	1	1788730398784342016	1788730398785086464	1000000000	744.448	cc_tinlayout_fused_swin_1h_32_1_inpview_tilesync_fp8	cc_tinlayout_fused_swin_1h_32_1_inpview_tilesync_fp8
3	1	1788730398785091584	1788730398785950720	1000000000	859.136	cc_tinlayout_fused_swin_1h_32_1_chained_fp8	cc_tinlayout_fused_swin_1h_32_1_chained_fp8
4	1	1788730398785954816	1788730398786782208	1000000000	827.392	cc_tinlayout_fused_swin_1h_32_1_chained_fp8	cc_tinlayout_fused_swin_1h_32_1_chained_fp8
5	1	1788730398786787328	1788730398787649536	1000000000	862.208	cc_tinlayout_fused_swin_1h_32_1_ds_wait_fp8	cc_tinlayout_fused_swin_1h_32_1_ds_wait_fp8
6	1	1788730398787654656	1788730398788154368	1000000000	499.712	cc_tinlayout_fused_swin_2h_64_2_inpview_tilesync_fp8	cc_tinlayout_fused_swin_2h_64_2_inpview_tilesync_fp8
7	1	1788730398788158464	1788730398788679680	1000000000	521.216	cc_tinlayout_fused_swin_2h_64_2_chained_fp8	cc_tinlayout_fused_swin_2h_64_2_chained_fp8
8	1	1788730398788683776	1788730398789168128	1000000000	484.352	cc_tinlayout_fused_swin_2h_64_2_chained_fp8	cc_tinlayout_fused_swin_2h_64_2_chained_fp8
9	1	1788730398789172224	1788730398789694464	1000000000	522.24	cc_tinlayout_fused_swin_2h_64_2_ds_wait_fp8	cc_tinlayout_fused_swin_2h_64_2_ds_wait_fp8
10	1	1788730398789699584	1788730398790021120	1000000000	321.536	cc_tinlayout_fused_swin_4h_128_4_inpview_tilesync_fp8	cc_tinlayout_fused_swin_4h_128_4_inpview_tilesync_fp8
11	1	1788730398790025216	1788730398790353920	1000000000	328.704	cc_tinlayout_fused_swin_4h_128_4_chained_fp8	cc_tinlayout_fused_swin_4h_128_4_chained_fp8
12	1	1788730398790358016	1788730398790678528	1000000000	320.512	cc_tinlayout_fused_swin_4h_128_4_chained_fp8	cc_tinlayout_fused_swin_4h_128_4_chained_fp8
13	1	1788730398790682624	1788730398791000064	1000000000	317.44	cc_tinlayout_fused_swin_4h_128_4_chained_fp8	cc_tinlayout_fused_swin_4h_128_4_chained_fp8
14	1	1788730398791005184	1788730398791325696	1000000000	320.512	cc_tinlayout_fused_swin_4h_128_4_chained_fp8	cc_tinlayout_fused_swin_4h_128_4_chained_fp8
15	1	1788730398791329792	1788730398791691264	1000000000	361.472	cc_tinlayout_fused_swin_4h_128_4_ds_wait_fp8	cc_tinlayout_fused_swin_4h_128_4_ds_wait_fp8
16	1	1788730398791696384	1788730398792008704	1000000000	312.32	cc_tinlayout_fused_swin_8h_256_8_inpview_tilesync_fp8	cc_tinlayout_fused_swin_8h_256_8_inpview_tilesync_fp8
17	1	1788730398792012800	1788730398792410112	1000000000	397.312	cc_tinlayout_fused_swin_8h_256_8_chained_fp8	cc_tinlayout_fused_swin_8h_256_8_chained_fp8
18	1	1788730398792414208	1788730398792806400	1000000000	392.192	cc_tinlayout_fused_swin_8h_256_8_chained_fp8	cc_tinlayout_fused_swin_8h_256_8_chained_fp8
19	1	1788730398792811520	1788730398793120768	1000000000	309.248	cc_tinlayout_fused_swin_8h_256_8_chained_fp8	cc_tinlayout_fused_swin_8h_256_8_chained_fp8
20	1	1788730398793125888	1788730398793436160	1000000000	310.272	cc_tinlayout_fused_swin_8h_256_8_chained_fp8	cc_tinlayout_fused_swin_8h_256_8_chained_fp8
21	1	1788730398793440256	1788730398793824256	1000000000	384	cc_tinlayout_fused_swin_8h_256_8_chained_fp8	cc_tinlayout_fused_swin_8h_256_8_chained_fp8
22	1	1788730398793828352	1788730398794222592	1000000000	394.24	cc_tinlayout_fused_swin_8h_256_8_chained_fp8	cc_tinlayout_fused_swin_8h_256_8_chained_fp8
23	1	1788730398794226688	1788730398794576896	1000000000	350.208	cc_tinlayout_fused_swin_8h_256_8_ds_wait_fp8	cc_tinlayout_fused_swin_8h_256_8_ds_wait_fp8
24	1	1788730398794580992	1788730398794675200	1000000000	94.208	cc_split_swin_16h_ffwd_inpview_512_tilesync_fp8	cc_split_swin_16h_ffwd_inpview_512_tilesync_fp8
25	1	1788730398794679296	1788730398794770432	1000000000	91.136	cc_split_swin_16h_ffwd_proj_inpview_512_chained_fp8	cc_split_swin_16h_ffwd_proj_inpview_512_chained_fp8
26	1	1788730398794774528	1788730398794861568	1000000000	87.04	cc_split_swin_16h_qkv_512_chained_fp8	cc_split_swin_16h_qkv_512_chained_fp8
27	1	1788730398794868736	1788730398794916864	1000000000	48.128	cc_split_swin_16h_proj_512_chained_fp8	cc_split_swin_16h_proj_512_chained_fp8
28	1	1788730398794920960	1788730398795013120	1000000000	92.16	cc_split_swin_16h_ffwd_512_chained_fp8	cc_split_swin_16h_ffwd_512_chained_fp8
29	1	1788730398795017216	1788730398795066368	1000000000	49.152	cc_split_swin_16h_ffwd_proj_512_chained_fp8	cc_split_swin_16h_ffwd_proj_512_chained_fp8
30	1	1788730398795071488	1788730398795180032	1000000000	108.544	cc_split_swin_16h_qkv_512_chained_fp8	cc_split_swin_16h_qkv_512_chained_fp8
31	1	1788730398795184128	1788730398795233280	1000000000	49.152	cc_split_swin_16h_proj_512_chained_fp8	cc_split_swin_16h_proj_512_chained_fp8
32	1	1788730398795237376	1788730398795330560	1000000000	93.184	cc_split_swin_16h_ffwd_512_chained_fp8	cc_split_swin_16h_ffwd_512_chained_fp8
33	1	1788730398795334656	1788730398795383808	1000000000	49.152	cc_split_swin_16h_ffwd_proj_512_chained_fp8	cc_split_swin_16h_ffwd_proj_512_chained_fp8
34	1	1788730398795388928	1788730398795497472	1000000000	108.544	cc_split_swin_16h_qkv_512_chained_fp8	cc_split_swin_16h_qkv_512_chained_fp8
35	1	1788730398795501568	1788730398795550720	1000000000	49.152	cc_split_swin_16h_proj_512_chained_fp8	cc_split_swin_16h_proj_512_chained_fp8
36	1	1788730398795554816	1788730398795646976	1000000000	92.16	cc_split_swin_16h_ffwd_512_chained_fp8	cc_split_swin_16h_ffwd_512_chained_fp8
37	1	1788730398795650048	1788730398795700224	1000000000	50.176	cc_split_swin_16h_ffwd_proj_512_chained_fp8	cc_split_swin_16h_ffwd_proj_512_chained_fp8
38	1	1788730398795704320	1788730398795812864	1000000000	108.544	cc_split_swin_16h_qkv_512_chained_fp8	cc_split_swin_16h_qkv_512_chained_fp8
39	1	1788730398795816960	1788730398795864064	1000000000	47.104	cc_split_swin_16h_proj_512_chained_fp8	cc_split_swin_16h_proj_512_chained_fp8
40	1	1788730398795868160	1788730398795962368	1000000000	94.208	cc_split_swin_16h_ffwd_512_chained_fp8	cc_split_swin_16h_ffwd_512_chained_fp8
41	1	1788730398795966464	1788730398796015616	1000000000	49.152	cc_split_swin_16h_ffwd_proj_512_chained_fp8	cc_split_swin_16h_ffwd_proj_512_chained_fp8
42	1	1788730398796019712	1788730398796105728	1000000000	86.016	cc_split_swin_16h_qkv_512_chained_fp8	cc_split_swin_16h_qkv_512_chained_fp8
43	1	1788730398796109824	1788730398796156928	1000000000	47.104	cc_split_swin_16h_proj_512_chained_fp8	cc_split_swin_16h_proj_512_chained_fp8
44	1	1788730398796161024	1788730398796255232	1000000000	94.208	cc_split_swin_16h_ffwd_512_chained_fp8	cc_split_swin_16h_ffwd_512_chained_fp8
45	1	1788730398796259328	1788730398796306432	1000000000	47.104	cc_split_swin_16h_ffwd_proj_512_chained_fp8	cc_split_swin_16h_ffwd_proj_512_chained_fp8
46	1	1788730398796311552	1788730398796420096	1000000000	108.544	cc_split_swin_16h_qkv_512_chained_fp8	cc_split_swin_16h_qkv_512_chained_fp8
47	1	1788730398796424192	1788730398796473344	1000000000	49.152	cc_split_swin_16h_proj_512_chained_fp8	cc_split_swin_16h_proj_512_chained_fp8
48	1	1788730398796477440	1788730398796568576	1000000000	91.136	cc_split_swin_16h_ffwd_512_chained_fp8	cc_split_swin_16h_ffwd_512_chained_fp8
49	1	1788730398796572672	1788730398796621824	1000000000	49.152	cc_split_swin_16h_ffwd_proj_512_chained_fp8	cc_split_swin_16h_ffwd_proj_512_chained_fp8
50	1	1788730398796625920	1788730398796732416	1000000000	106.496	cc_split_swin_16h_qkv_512_chained_fp8	cc_split_swin_16h_qkv_512_chained_fp8
51	1	1788730398796736512	1788730398796785664	1000000000	49.152	cc_split_swin_16h_proj_512_chained_fp8	cc_split_swin_16h_proj_512_chained_fp8
52	1	1788730398796789760	1788730398796881920	1000000000	92.16	cc_split_swin_16h_ffwd_512_chained_fp8	cc_split_swin_16h_ffwd_512_chained_fp8
53	1	1788730398796886016	1788730398796934144	1000000000	48.128	cc_split_swin_16h_ffwd_proj_512_chained_fp8	cc_split_swin_16h_ffwd_proj_512_chained_fp8
54	1	1788730398796938240	1788730398797045760	1000000000	107.52	cc_split_swin_16h_qkv_512_chained_fp8	cc_split_swin_16h_qkv_512_chained_fp8
55	1	1788730398797049856	1788730398797091840	1000000000	41.984	cc_split_swin_16h_proj_pool_512_chained_fp8	cc_split_swin_16h_proj_pool_512_chained_fp8
56	1	1788730398797095936	1788730398797125632	1000000000	29.696	cc_split_swin_16h_final_head_512_wait_fp8	cc_split_swin_16h_final_head_512_wait_fp8
57	1	1788730398797129728	1788730398797137920	1000000000	8.192	cc_vit_1d_repack_2d_to_1d_fp8	cc_vit_1d_repack_2d_to_1d_fp8
58	1	1788730398797142016	1788730398797315072	1000000000	173.056	cc_vit_1d_ffn_expand_publish_fp8	cc_vit_1d_ffn_expand_publish_fp8
59	1	1788730398797319168	1788730398797436928	1000000000	117.76	cc_vit_1d_ffn_contract_chained_fp8	cc_vit_1d_ffn_contract_chained_fp8
60	1	1788730398797441024	1788730398797540352	1000000000	99.328	cc_vit_1d_qkv_chained_fp8	cc_vit_1d_qkv_chained_fp8
61	1	1788730398797544448	1788730398797642752	1000000000	98.304	cc_vit_1d_attention_chained_fp8	cc_vit_1d_attention_chained_fp8
62	1	1788730398797646848	1788730398797693952	1000000000	47.104	cc_vit_1d_projection_chained_fp8	cc_vit_1d_projection_chained_fp8
63	1	1788730398797699072	1788730398797851648	1000000000	152.576	cc_vit_1d_ffn_expand_chained_fp8	cc_vit_1d_ffn_expand_chained_fp8
64	1	1788730398797856768	1788730398797973504	1000000000	116.736	cc_vit_1d_ffn_contract_chained_fp8	cc_vit_1d_ffn_contract_chained_fp8
65	1	1788730398797978624	1788730398798076928	1000000000	98.304	cc_vit_1d_qkv_chained_fp8	cc_vit_1d_qkv_chained_fp8
66	1	1788730398798081024	1788730398798179328	1000000000	98.304	cc_vit_1d_attention_chained_fp8	cc_vit_1d_attention_chained_fp8
67	1	1788730398798183424	1788730398798230528	1000000000	47.104	cc_vit_1d_projection_chained_fp8	cc_vit_1d_projection_chained_fp8
68	1	1788730398798234624	1788730398798388224	1000000000	153.6	cc_vit_1d_ffn_expand_chained_fp8	cc_vit_1d_ffn_expand_chained_fp8
69	1	1788730398798393344	1788730398798511104	1000000000	117.76	cc_vit_1d_ffn_contract_chained_fp8	cc_vit_1d_ffn_contract_chained_fp8
70	1	1788730398798515200	1788730398798614528	1000000000	99.328	cc_vit_1d_qkv_chained_fp8	cc_vit_1d_qkv_chained_fp8
71	1	1788730398798619648	1788730398798716928	1000000000	97.28	cc_vit_1d_attention_chained_fp8	cc_vit_1d_attention_chained_fp8
72	1	1788730398798721024	1788730398798768128	1000000000	47.104	cc_vit_1d_projection_chained_fp8	cc_vit_1d_projection_chained_fp8
73	1	1788730398798772224	1788730398798924800	1000000000	152.576	cc_vit_1d_ffn_expand_chained_fp8	cc_vit_1d_ffn_expand_chained_fp8
74	1	1788730398798929920	1788730398799045632	1000000000	115.712	cc_vit_1d_ffn_contract_chained_fp8	cc_vit_1d_ffn_contract_chained_fp8
75	1	1788730398799049728	1788730398799149056	1000000000	99.328	cc_vit_1d_qkv_chained_fp8	cc_vit_1d_qkv_chained_fp8
76	1	1788730398799153152	1788730398799251456	1000000000	98.304	cc_vit_1d_attention_chained_fp8	cc_vit_1d_attention_chained_fp8
77	1	1788730398799255552	1788730398799302656	1000000000	47.104	cc_vit_1d_projection_chained_fp8	cc_vit_1d_projection_chained_fp8
78	1	1788730398799306752	1788730398799462400	1000000000	155.648	cc_vit_1d_ffn_expand_chained_fp8	cc_vit_1d_ffn_expand_chained_fp8
79	1	1788730398799466496	1788730398799584256	1000000000	117.76	cc_vit_1d_ffn_contract_chained_fp8	cc_vit_1d_ffn_contract_chained_fp8
80	1	1788730398799588352	1788730398799688704	1000000000	100.352	cc_vit_1d_qkv_chained_fp8	cc_vit_1d_qkv_chained_fp8
81	1	1788730398799693824	1788730398799791104	1000000000	97.28	cc_vit_1d_attention_chained_fp8	cc_vit_1d_attention_chained_fp8
82	1	1788730398799795200	1788730398799841280	1000000000	46.08	cc_vit_1d_projection_chained_fp8	cc_vit_1d_projection_chained_fp8
83	1	1788730398799846400	1788730398800002048	1000000000	155.648	cc_vit_1d_ffn_expand_chained_fp8	cc_vit_1d_ffn_expand_chained_fp8
84	1	1788730398800006144	1788730398800122880	1000000000	116.736	cc_vit_1d_ffn_contract_chained_fp8	cc_vit_1d_ffn_contract_chained_fp8
85	1	1788730398800128000	1788730398800228352	1000000000	100.352	cc_vit_1d_qkv_chained_fp8	cc_vit_1d_qkv_chained_fp8
86	1	1788730398800233472	1788730398800330752	1000000000	97.28	cc_vit_1d_attention_chained_fp8	cc_vit_1d_attention_chained_fp8
87	1	1788730398800334848	1788730398800381952	1000000000	47.104	cc_vit_1d_projection_chained_fp8	cc_vit_1d_projection_chained_fp8
88	1	1788730398800386048	1788730398800541696	1000000000	155.648	cc_vit_1d_ffn_expand_chained_fp8	cc_vit_1d_ffn_expand_chained_fp8
89	1	1788730398800546816	1788730398800662528	1000000000	115.712	cc_vit_1d_ffn_contract_chained_fp8	cc_vit_1d_ffn_contract_chained_fp8
90	1	1788730398800666624	1788730398800765952	1000000000	99.328	cc_vit_1d_qkv_chained_fp8	cc_vit_1d_qkv_chained_fp8
91	1	1788730398800771072	1788730398800868352	1000000000	97.28	cc_vit_1d_attention_chained_fp8	cc_vit_1d_attention_chained_fp8
92	1	1788730398800872448	1788730398800920576	1000000000	48.128	cc_vit_1d_projection_chained_fp8	cc_vit_1d_projection_chained_fp8
93	1	1788730398800924672	1788730398801081344	1000000000	156.672	cc_vit_1d_ffn_expand_chained_fp8	cc_vit_1d_ffn_expand_chained_fp8
94	1	1788730398801085440	1788730398801203200	1000000000	117.76	cc_vit_1d_ffn_contract_chained_fp8	cc_vit_1d_ffn_contract_chained_fp8
95	1	1788730398801208320	1788730398801308672	1000000000	100.352	cc_vit_1d_qkv_chained_fp8	cc_vit_1d_qkv_chained_fp8
96	1	1788730398801312768	1788730398801410048	1000000000	97.28	cc_vit_1d_attention_chained_fp8	cc_vit_1d_attention_chained_fp8
97	1	1788730398801414144	1788730398801461248	1000000000	47.104	cc_vit_1d_projection_wait_fp8	cc_vit_1d_projection_wait_fp8
98	1	1788730398801465344	1788730398801472512	1000000000	7.168	cc_vit_1d_repack_1d_to_2d_fp8	cc_vit_1d_repack_1d_to_2d_fp8
99	1	1788730398801476608	1788730398801514496	1000000000	37.888	cc_dec_input_upsample_1024_512_tilesync_fp8	cc_dec_input_upsample_1024_512_tilesync_fp8
100	1	1788730398801518592	1788730398801610752	1000000000	92.16	cc_split_swin_16h_ffwd_512_chained_fp8	cc_split_swin_16h_ffwd_512_chained_fp8
101	1	1788730398801614848	1788730398801662976	1000000000	48.128	cc_split_swin_16h_ffwd_proj_512_chained_fp8	cc_split_swin_16h_ffwd_proj_512_chained_fp8
102	1	1788730398801667072	1788730398801753088	1000000000	86.016	cc_split_swin_16h_qkv_512_chained_fp8	cc_split_swin_16h_qkv_512_chained_fp8
103	1	1788730398801757184	1788730398801804288	1000000000	47.104	cc_split_swin_16h_proj_512_chained_fp8	cc_split_swin_16h_proj_512_chained_fp8
104	1	1788730398801808384	1788730398801900544	1000000000	92.16	cc_split_swin_16h_ffwd_512_chained_fp8	cc_split_swin_16h_ffwd_512_chained_fp8
105	1	1788730398801904640	1788730398801952768	1000000000	48.128	cc_split_swin_16h_ffwd_proj_512_chained_fp8	cc_split_swin_16h_ffwd_proj_512_chained_fp8
106	1	1788730398801957888	1788730398802067456	1000000000	109.568	cc_split_swin_16h_qkv_512_chained_fp8	cc_split_swin_16h_qkv_512_chained_fp8
107	1	1788730398802072576	1788730398802121728	1000000000	49.152	cc_split_swin_16h_proj_512_chained_fp8	cc_split_swin_16h_proj_512_chained_fp8
108	1	1788730398802125824	1788730398802216960	1000000000	91.136	cc_split_swin_16h_ffwd_512_chained_fp8	cc_split_swin_16h_ffwd_512_chained_fp8
109	1	1788730398802221056	1788730398802270208	1000000000	49.152	cc_split_swin_16h_ffwd_proj_512_chained_fp8	cc_split_swin_16h_ffwd_proj_512_chained_fp8
110	1	1788730398802274304	1788730398802381824	1000000000	107.52	cc_split_swin_16h_qkv_512_chained_fp8	cc_split_swin_16h_qkv_512_chained_fp8
111	1	1788730398802385920	1788730398802434048	1000000000	48.128	cc_split_swin_16h_proj_512_chained_fp8	cc_split_swin_16h_proj_512_chained_fp8
112	1	1788730398802438144	1788730398802530304	1000000000	92.16	cc_split_swin_16h_ffwd_512_chained_fp8	cc_split_swin_16h_ffwd_512_chained_fp8
113	1	1788730398802534400	1788730398802583552	1000000000	49.152	cc_split_swin_16h_ffwd_proj_512_chained_fp8	cc_split_swin_16h_ffwd_proj_512_chained_fp8
114	1	1788730398802587648	1788730398802696192	1000000000	108.544	cc_split_swin_16h_qkv_512_chained_fp8	cc_split_swin_16h_qkv_512_chained_fp8
115	1	1788730398802700288	1788730398802748416	1000000000	48.128	cc_split_swin_16h_proj_512_chained_fp8	cc_split_swin_16h_proj_512_chained_fp8
116	1	1788730398802752512	1788730398802845696	1000000000	93.184	cc_split_swin_16h_ffwd_512_chained_fp8	cc_split_swin_16h_ffwd_512_chained_fp8
117	1	1788730398802849792	1788730398802898944	1000000000	49.152	cc_split_swin_16h_ffwd_proj_512_chained_fp8	cc_split_swin_16h_ffwd_proj_512_chained_fp8
118	1	1788730398802903040	1788730398802989056	1000000000	86.016	cc_split_swin_16h_qkv_512_chained_fp8	cc_split_swin_16h_qkv_512_chained_fp8
119	1	1788730398802993152	1788730398803040256	1000000000	47.104	cc_split_swin_16h_proj_512_chained_fp8	cc_split_swin_16h_proj_512_chained_fp8
120	1	1788730398803044352	1788730398803136512	1000000000	92.16	cc_split_swin_16h_ffwd_512_chained_fp8	cc_split_swin_16h_ffwd_512_chained_fp8
121	1	1788730398803142656	1788730398803191808	1000000000	49.152	cc_split_swin_16h_ffwd_proj_512_chained_fp8	cc_split_swin_16h_ffwd_proj_512_chained_fp8
122	1	1788730398803195904	1788730398803305472	1000000000	109.568	cc_split_swin_16h_qkv_512_chained_fp8	cc_split_swin_16h_qkv_512_chained_fp8
123	1	1788730398803309568	1788730398803358720	1000000000	49.152	cc_split_swin_16h_proj_512_chained_fp8	cc_split_swin_16h_proj_512_chained_fp8
124	1	1788730398803362816	1788730398803456000	1000000000	93.184	cc_split_swin_16h_ffwd_512_chained_fp8	cc_split_swin_16h_ffwd_512_chained_fp8
125	1	1788730398803460096	1788730398803508224	1000000000	48.128	cc_split_swin_16h_ffwd_proj_512_chained_fp8	cc_split_swin_16h_ffwd_proj_512_chained_fp8
126	1	1788730398803513344	1788730398803621888	1000000000	108.544	cc_split_swin_16h_qkv_512_chained_fp8	cc_split_swin_16h_qkv_512_chained_fp8
127	1	1788730398803625984	1788730398803675136	1000000000	49.152	cc_split_swin_16h_proj_512_chained_fp8	cc_split_swin_16h_proj_512_chained_fp8
128	1	1788730398803679232	1788730398803771392	1000000000	92.16	cc_split_swin_16h_ffwd_512_chained_fp8	cc_split_swin_16h_ffwd_512_chained_fp8
129	1	1788730398803775488	1788730398803824640	1000000000	49.152	cc_split_swin_16h_ffwd_proj_512_chained_fp8	cc_split_swin_16h_ffwd_proj_512_chained_fp8
130	1	1788730398803829760	1788730398803937280	1000000000	107.52	cc_split_swin_16h_qkv_512_chained_fp8	cc_split_swin_16h_qkv_512_chained_fp8
131	1	1788730398803941376	1788730398804033536	1000000000	92.16	cc_split_swin_16h_proj_512_outview_wait_fp8	cc_split_swin_16h_proj_512_outview_wait_fp8
132	1	1788730398804037632	1788730398804407296	1000000000	369.664	cc_tinlayout_fused_swin_8h_256_8_upsample_tilesync_fp8	cc_tinlayout_fused_swin_8h_256_8_upsample_tilesync_fp8
133	1	1788730398804411392	1788730398804804608	1000000000	393.216	cc_tinlayout_fused_swin_8h_256_8_chained_fp8	cc_tinlayout_fused_swin_8h_256_8_chained_fp8
134	1	1788730398804809728	1788730398805200896	1000000000	391.168	cc_tinlayout_fused_swin_8h_256_8_chained_fp8	cc_tinlayout_fused_swin_8h_256_8_chained_fp8
135	1	1788730398805204992	1788730398805509120	1000000000	304.128	cc_tinlayout_fused_swin_8h_256_8_chained_fp8	cc_tinlayout_fused_swin_8h_256_8_chained_fp8
136	1	1788730398805513216	1788730398805824512	1000000000	311.296	cc_tinlayout_fused_swin_8h_256_8_chained_fp8	cc_tinlayout_fused_swin_8h_256_8_chained_fp8
137	1	1788730398805828608	1788730398806210560	1000000000	381.952	cc_tinlayout_fused_swin_8h_256_8_chained_fp8	cc_tinlayout_fused_swin_8h_256_8_chained_fp8
138	1	1788730398806214656	1788730398806616064	1000000000	401.408	cc_tinlayout_fused_swin_8h_256_8_chained_fp8	cc_tinlayout_fused_swin_8h_256_8_chained_fp8
139	1	1788730398806621184	1788730398806919168	1000000000	297.984	cc_tinlayout_fused_swin_8h_256_8_outview_wait_fp8	cc_tinlayout_fused_swin_8h_256_8_outview_wait_fp8
140	1	1788730398806923264	1788730398807740416	1000000000	817.152	cc_tinlayout_fused_swin_4h_128_4_upsample_tilesync_fp8	cc_tinlayout_fused_swin_4h_128_4_upsample_tilesync_fp8
141	1	1788730398807748608	1788730398808076288	1000000000	327.68	cc_tinlayout_fused_swin_4h_128_4_chained_fp8	cc_tinlayout_fused_swin_4h_128_4_chained_fp8
142	1	1788730398808080384	1788730398808851456	1000000000	771.072	cc_tinlayout_fused_swin_4h_128_4_chained_fp8	cc_tinlayout_fused_swin_4h_128_4_chained_fp8
143	1	1788730398808855552	1788730398809178112	1000000000	322.56	cc_tinlayout_fused_swin_4h_128_4_chained_fp8	cc_tinlayout_fused_swin_4h_128_4_chained_fp8
144	1	1788730398809182208	1788730398809503744	1000000000	321.536	cc_tinlayout_fused_swin_4h_128_4_chained_fp8	cc_tinlayout_fused_swin_4h_128_4_chained_fp8
145	1	1788730398809507840	1788730398809837568	1000000000	329.728	cc_tinlayout_fused_swin_4h_128_4_outview_wait_fp8	cc_tinlayout_fused_swin_4h_128_4_outview_wait_fp8
146	1	1788730398809841664	1788730398810516480	1000000000	674.816	cc_tinlayout_fused_swin_2h_64_2_upsample_tilesync_fp8	cc_tinlayout_fused_swin_2h_64_2_upsample_tilesync_fp8
147	1	1788730398810520576	1788730398811051008	1000000000	530.432	cc_tinlayout_fused_swin_2h_64_2_chained_fp8	cc_tinlayout_fused_swin_2h_64_2_chained_fp8
148	1	1788730398811055104	1788730398811543552	1000000000	488.448	cc_tinlayout_fused_swin_2h_64_2_chained_fp8	cc_tinlayout_fused_swin_2h_64_2_chained_fp8
149	1	1788730398811547648	1788730398812044288	1000000000	496.64	cc_tinlayout_fused_swin_2h_64_2_outview_wait_fp8	cc_tinlayout_fused_swin_2h_64_2_outview_wait_fp8
150	1	1788730398812048384	1788730398813305856	1000000000	1257.47	cc_tinlayout_fused_swin_1h_32_1_upsample_tilesync_fp8	cc_tinlayout_fused_swin_1h_32_1_upsample_tilesync_fp8
151	1	1788730398813309952	1788730398814144512	1000000000	834.56	cc_tinlayout_fused_swin_1h_32_1_chained_fp8	cc_tinlayout_fused_swin_1h_32_1_chained_fp8
152	1	1788730398814148608	1788730398814950400	1000000000	801.792	cc_tinlayout_fused_swin_1h_32_1_chained_fp8	cc_tinlayout_fused_swin_1h_32_1_chained_fp8
153	1	1788730398814954496	1788730398815994880	1000000000	1040.38	cc_tinlayout_fused_swin_1h_32_1_outview_wait_fp8	cc_tinlayout_fused_swin_1h_32_1_outview_wait_fp8
154	1	1788730398815998976	1788730398820789248	1000000000	4790.27	cc_tinlayout_fused_post_block_swin_1h_32_fp8	cc_tinlayout_fused_post_block_swin_1h_32_fp8
155	1	1788730398820793344	1788730398820829184	1000000000	35.84	cg2r_copy_kernel	cg2r_copy_kernel
156	1	1788730399012179968	1788730399012184064	1000000000	4.096	cc_cb_clear	cc_cb_clear
157	1	1788730399012212736	1788730399016727552	1000000000	4514.82	cc_tinlayout_fused_pre_block_swin_1h_32_1_ds_fp8	cc_tinlayout_fused_pre_block_swin_1h_32_1_ds_fp8
158	1	1788730399016730624	1788730399017474048	1000000000	743.424	cc_tinlayout_fused_swin_1h_32_1_inpview_tilesync_fp8	cc_tinlayout_fused_swin_1h_32_1_inpview_tilesync_fp8
159	1	1788730399017477120	1788730399018334208	1000000000	857.088	cc_tinlayout_fused_swin_1h_32_1_chained_fp8	cc_tinlayout_fused_swin_1h_32_1_chained_fp8
160	1	1788730399018338304	1788730399019176960	1000000000	838.656	cc_tinlayout_fused_swin_1h_32_1_chained_fp8	cc_tinlayout_fused_swin_1h_32_1_chained_fp8
161	1	1788730399019181056	1788730399020047360	1000000000	866.304	cc_tinlayout_fused_swin_1h_32_1_ds_wait_fp8	cc_tinlayout_fused_swin_1h_32_1_ds_wait_fp8
162	1	1788730399020051456	1788730399020549120	1000000000	497.664	cc_tinlayout_fused_swin_2h_64_2_inpview_tilesync_fp8	cc_tinlayout_fused_swin_2h_64_2_inpview_tilesync_fp8
163	1	1788730399020553216	1788730399021074432	1000000000	521.216	cc_tinlayout_fused_swin_2h_64_2_chained_fp8	cc_tinlayout_fused_swin_2h_64_2_chained_fp8
164	1	1788730399021078528	1788730399021568000	1000000000	489.472	cc_tinlayout_fused_swin_2h_64_2_chained_fp8	cc_tinlayout_fused_swin_2h_64_2_chained_fp8
165	1	1788730399021572096	1788730399022090240	1000000000	518.144	cc_tinlayout_fused_swin_2h_64_2_ds_wait_fp8	cc_tinlayout_fused_swin_2h_64_2_ds_wait_fp8
166	1	1788730399022094336	1788730399022418944	1000000000	324.608	cc_tinlayout_fused_swin_4h_128_4_inpview_tilesync_fp8	cc_tinlayout_fused_swin_4h_128_4_inpview_tilesync_fp8
167	1	1788730399022423040	1788730399022753792	1000000000	330.752	cc_tinlayout_fused_swin_4h_128_4_chained_fp8	cc_tinlayout_fused_swin_4h_128_4_chained_fp8
168	1	1788730399022757888	1788730399023079424	1000000000	321.536	cc_tinlayout_fused_swin_4h_128_4_chained_fp8	cc_tinlayout_fused_swin_4h_128_4_chained_fp8
169	1	1788730399023083520	1788730399023405056	1000000000	321.536	cc_tinlayout_fused_swin_4h_128_4_chained_fp8	cc_tinlayout_fused_swin_4h_128_4_chained_fp8
170	1	1788730399023409152	1788730399023724544	1000000000	315.392	cc_tinlayout_fused_swin_4h_128_4_chained_fp8	cc_tinlayout_fused_swin_4h_128_4_chained_fp8
171	1	1788730399023729664	1788730399024092160	1000000000	362.496	cc_tinlayout_fused_swin_4h_128_4_ds_wait_fp8	cc_tinlayout_fused_swin_4h_128_4_ds_wait_fp8
172	1	1788730399024096256	1788730399024407552	1000000000	311.296	cc_tinlayout_fused_swin_8h_256_8_inpview_tilesync_fp8	cc_tinlayout_fused_swin_8h_256_8_inpview_tilesync_fp8
173	1	1788730399024411648	1788730399024807936	1000000000	396.288	cc_tinlayout_fused_swin_8h_256_8_chained_fp8	cc_tinlayout_fused_swin_8h_256_8_chained_fp8
174	1	1788730399024813056	1788730399025205248	1000000000	392.192	cc_tinlayout_fused_swin_8h_256_8_chained_fp8	cc_tinlayout_fused_swin_8h_256_8_chained_fp8
175	1	1788730399025209344	1788730399025517568	1000000000	308.224	cc_tinlayout_fused_swin_8h_256_8_chained_fp8	cc_tinlayout_fused_swin_8h_256_8_chained_fp8
176	1	1788730399025521664	1788730399025838080	1000000000	316.416	cc_tinlayout_fused_swin_8h_256_8_chained_fp8	cc_tinlayout_fused_swin_8h_256_8_chained_fp8
177	1	1788730399025842176	1788730399026232320	1000000000	390.144	cc_tinlayout_fused_swin_8h_256_8_chained_fp8	cc_tinlayout_fused_swin_8h_256_8_chained_fp8
178	1	1788730399026236416	1788730399026627584	1000000000	391.168	cc_tinlayout_fused_swin_8h_256_8_chained_fp8	cc_tinlayout_fused_swin_8h_256_8_chained_fp8
179	1	1788730399026631680	1788730399026982912	1000000000	351.232	cc_tinlayout_fused_swin_8h_256_8_ds_wait_fp8	cc_tinlayout_fused_swin_8h_256_8_ds_wait_fp8
180	1	1788730399026987008	1788730399027081216	1000000000	94.208	cc_split_swin_16h_ffwd_inpview_512_tilesync_fp8	cc_split_swin_16h_ffwd_inpview_512_tilesync_fp8
181	1	1788730399027085312	1788730399027179520	1000000000	94.208	cc_split_swin_16h_ffwd_proj_inpview_512_chained_fp8	cc_split_swin_16h_ffwd_proj_inpview_512_chained_fp8
182	1	1788730399027183616	1788730399027270656	1000000000	87.04	cc_split_swin_16h_qkv_512_chained_fp8	cc_split_swin_16h_qkv_512_chained_fp8
183	1	1788730399027274752	1788730399027321856	1000000000	47.104	cc_split_swin_16h_proj_512_chained_fp8	cc_split_swin_16h_proj_512_chained_fp8
184	1	1788730399027325952	1788730399027418112	1000000000	92.16	cc_split_swin_16h_ffwd_512_chained_fp8	cc_split_swin_16h_ffwd_512_chained_fp8
185	1	1788730399027421184	1788730399027471360	1000000000	50.176	cc_split_swin_16h_ffwd_proj_512_chained_fp8	cc_split_swin_16h_ffwd_proj_512_chained_fp8
186	1	1788730399027475456	1788730399027585024	1000000000	109.568	cc_split_swin_16h_qkv_512_chained_fp8	cc_split_swin_16h_qkv_512_chained_fp8
187	1	1788730399027588096	1788730399027638272	1000000000	50.176	cc_split_swin_16h_proj_512_chained_fp8	cc_split_swin_16h_proj_512_chained_fp8
188	1	1788730399027642368	1788730399027734528	1000000000	92.16	cc_split_swin_16h_ffwd_512_chained_fp8	cc_split_swin_16h_ffwd_512_chained_fp8
189	1	1788730399027738624	1788730399027789824	1000000000	51.2	cc_split_swin_16h_ffwd_proj_512_chained_fp8	cc_split_swin_16h_ffwd_proj_512_chained_fp8
190	1	1788730399027793920	1788730399027902464	1000000000	108.544	cc_split_swin_16h_qkv_512_chained_fp8	cc_split_swin_16h_qkv_512_chained_fp8
191	1	1788730399027906560	1788730399027955712	1000000000	49.152	cc_split_swin_16h_proj_512_chained_fp8	cc_split_swin_16h_proj_512_chained_fp8
192	1	1788730399027959808	1788730399028051968	1000000000	92.16	cc_split_swin_16h_ffwd_512_chained_fp8	cc_split_swin_16h_ffwd_512_chained_fp8
193	1	1788730399028056064	1788730399028106240	1000000000	50.176	cc_split_swin_16h_ffwd_proj_512_chained_fp8	cc_split_swin_16h_ffwd_proj_512_chained_fp8
194	1	1788730399028110336	1788730399028218880	1000000000	108.544	cc_split_swin_16h_qkv_512_chained_fp8	cc_split_swin_16h_qkv_512_chained_fp8
195	1	1788730399028221952	1788730399028270080	1000000000	48.128	cc_split_swin_16h_proj_512_chained_fp8	cc_split_swin_16h_proj_512_chained_fp8
196	1	1788730399028274176	1788730399028365312	1000000000	91.136	cc_split_swin_16h_ffwd_512_chained_fp8	cc_split_swin_16h_ffwd_512_chained_fp8
197	1	1788730399028369408	1788730399028419584	1000000000	50.176	cc_split_swin_16h_ffwd_proj_512_chained_fp8	cc_split_swin_16h_ffwd_proj_512_chained_fp8
198	1	1788730399028423680	1788730399028510720	1000000000	87.04	cc_split_swin_16h_qkv_512_chained_fp8	cc_split_swin_16h_qkv_512_chained_fp8
199	1	1788730399028514816	1788730399028561920	1000000000	47.104	cc_split_swin_16h_proj_512_chained_fp8	cc_split_swin_16h_proj_512_chained_fp8
200	1	1788730399028566016	1788730399028658176	1000000000	92.16	cc_split_swin_16h_ffwd_512_chained_fp8	cc_split_swin_16h_ffwd_512_chained_fp8
201	1	1788730399028662272	1788730399028710400	1000000000	48.128	cc_split_swin_16h_ffwd_proj_512_chained_fp8	cc_split_swin_16h_ffwd_proj_512_chained_fp8
202	1	1788730399028715520	1788730399028823040	1000000000	107.52	cc_split_swin_16h_qkv_512_chained_fp8	cc_split_swin_16h_qkv_512_chained_fp8
203	1	1788730399028827136	1788730399028875264	1000000000	48.128	cc_split_swin_16h_proj_512_chained_fp8	cc_split_swin_16h_proj_512_chained_fp8
204	1	1788730399028879360	1788730399028971520	1000000000	92.16	cc_split_swin_16h_ffwd_512_chained_fp8	cc_split_swin_16h_ffwd_512_chained_fp8
205	1	1788730399028975616	1788730399029025792	1000000000	50.176	cc_split_swin_16h_ffwd_proj_512_chained_fp8	cc_split_swin_16h_ffwd_proj_512_chained_fp8
206	1	1788730399029029888	1788730399029138432	1000000000	108.544	cc_split_swin_16h_qkv_512_chained_fp8	cc_split_swin_16h_qkv_512_chained_fp8
207	1	1788730399029142528	1788730399029191680	1000000000	49.152	cc_split_swin_16h_proj_512_chained_fp8	cc_split_swin_16h_proj_512_chained_fp8
208	1	1788730399029195776	1788730399029287936	1000000000	92.16	cc_split_swin_16h_ffwd_512_chained_fp8	cc_split_swin_16h_ffwd_512_chained_fp8
209	1	1788730399029292032	1788730399029340160	1000000000	48.128	cc_split_swin_16h_ffwd_proj_512_chained_fp8	cc_split_swin_16h_ffwd_proj_512_chained_fp8
210	1	1788730399029344256	1788730399029451776	1000000000	107.52	cc_split_swin_16h_qkv_512_chained_fp8	cc_split_swin_16h_qkv_512_chained_fp8
211	1	1788730399029455872	1788730399029496832	1000000000	40.96	cc_split_swin_16h_proj_pool_512_chained_fp8	cc_split_swin_16h_proj_pool_512_chained_fp8
212	1	1788730399029500928	1788730399029531648	1000000000	30.72	cc_split_swin_16h_final_head_512_wait_fp8	cc_split_swin_16h_final_head_512_wait_fp8
213	1	1788730399029534720	1788730399029542912	1000000000	8.192	cc_vit_1d_repack_2d_to_1d_fp8	cc_vit_1d_repack_2d_to_1d_fp8
214	1	1788730399029550080	1788730399029721088	1000000000	171.008	cc_vit_1d_ffn_expand_publish_fp8	cc_vit_1d_ffn_expand_publish_fp8
215	1	1788730399029725184	1788730399029842944	1000000000	117.76	cc_vit_1d_ffn_contract_chained_fp8	cc_vit_1d_ffn_contract_chained_fp8
216	1	1788730399029847040	1788730399029947392	1000000000	100.352	cc_vit_1d_qkv_chained_fp8	cc_vit_1d_qkv_chained_fp8
217	1	1788730399029951488	1788730399030049792	1000000000	98.304	cc_vit_1d_attention_chained_fp8	cc_vit_1d_attention_chained_fp8
218	1	1788730399030052864	1788730399030100992	1000000000	48.128	cc_vit_1d_projection_chained_fp8	cc_vit_1d_projection_chained_fp8
219	1	1788730399030105088	1788730399030256640	1000000000	151.552	cc_vit_1d_ffn_expand_chained_fp8	cc_vit_1d_ffn_expand_chained_fp8
220	1	1788730399030260736	1788730399030377472	1000000000	116.736	cc_vit_1d_ffn_contract_chained_fp8	cc_vit_1d_ffn_contract_chained_fp8
221	1	1788730399030381568	1788730399030481920	1000000000	100.352	cc_vit_1d_qkv_chained_fp8	cc_vit_1d_qkv_chained_fp8
222	1	1788730399030486016	1788730399030584320	1000000000	98.304	cc_vit_1d_attention_chained_fp8	cc_vit_1d_attention_chained_fp8
223	1	1788730399030588416	1788730399030635520	1000000000	47.104	cc_vit_1d_projection_chained_fp8	cc_vit_1d_projection_chained_fp8
224	1	1788730399030639616	1788730399030795264	1000000000	155.648	cc_vit_1d_ffn_expand_chained_fp8	cc_vit_1d_ffn_expand_chained_fp8
225	1	1788730399030799360	1788730399030917120	1000000000	117.76	cc_vit_1d_ffn_contract_chained_fp8	cc_vit_1d_ffn_contract_chained_fp8
226	1	1788730399030921216	1788730399031020544	1000000000	99.328	cc_vit_1d_qkv_chained_fp8	cc_vit_1d_qkv_chained_fp8
227	1	1788730399031024640	1788730399031122944	1000000000	98.304	cc_vit_1d_attention_chained_fp8	cc_vit_1d_attention_chained_fp8
228	1	1788730399031127040	1788730399031174144	1000000000	47.104	cc_vit_1d_projection_chained_fp8	cc_vit_1d_projection_chained_fp8
229	1	1788730399031179264	1788730399031331840	1000000000	152.576	cc_vit_1d_ffn_expand_chained_fp8	cc_vit_1d_ffn_expand_chained_fp8
230	1	1788730399031335936	1788730399031453696	1000000000	117.76	cc_vit_1d_ffn_contract_chained_fp8	cc_vit_1d_ffn_contract_chained_fp8
231	1	1788730399031457792	1788730399031557120	1000000000	99.328	cc_vit_1d_qkv_chained_fp8	cc_vit_1d_qkv_chained_fp8
232	1	1788730399031561216	1788730399031659520	1000000000	98.304	cc_vit_1d_attention_chained_fp8	cc_vit_1d_attention_chained_fp8
233	1	1788730399031663616	1788730399031710720	1000000000	47.104	cc_vit_1d_projection_chained_fp8	cc_vit_1d_projection_chained_fp8
234	1	1788730399031714816	1788730399031867392	1000000000	152.576	cc_vit_1d_ffn_expand_chained_fp8	cc_vit_1d_ffn_expand_chained_fp8
235	1	1788730399031871488	1788730399031990272	1000000000	118.784	cc_vit_1d_ffn_contract_chained_fp8	cc_vit_1d_ffn_contract_chained_fp8
236	1	1788730399031994368	1788730399032093696	1000000000	99.328	cc_vit_1d_qkv_chained_fp8	cc_vit_1d_qkv_chained_fp8
237	1	1788730399032097792	1788730399032196096	1000000000	98.304	cc_vit_1d_attention_chained_fp8	cc_vit_1d_attention_chained_fp8
238	1	1788730399032199168	1788730399032247296	1000000000	48.128	cc_vit_1d_projection_chained_fp8	cc_vit_1d_projection_chained_fp8
239	1	1788730399032251392	1788730399032403968	1000000000	152.576	cc_vit_1d_ffn_expand_chained_fp8	cc_vit_1d_ffn_expand_chained_fp8
240	1	1788730399032409088	1788730399032525824	1000000000	116.736	cc_vit_1d_ffn_contract_chained_fp8	cc_vit_1d_ffn_contract_chained_fp8
241	1	1788730399032529920	1788730399032630272	1000000000	100.352	cc_vit_1d_qkv_chained_fp8	cc_vit_1d_qkv_chained_fp8
242	1	1788730399032634368	1788730399032732672	1000000000	98.304	cc_vit_1d_attention_chained_fp8	cc_vit_1d_attention_chained_fp8
243	1	1788730399032736768	1788730399032784896	1000000000	48.128	cc_vit_1d_projection_chained_fp8	cc_vit_1d_projection_chained_fp8
244	1	1788730399032788992	1788730399032942592	1000000000	153.6	cc_vit_1d_ffn_expand_chained_fp8	cc_vit_1d_ffn_expand_chained_fp8
245	1	1788730399032946688	1788730399033064448	1000000000	117.76	cc_vit_1d_ffn_contract_chained_fp8	cc_vit_1d_ffn_contract_chained_fp8
246	1	1788730399033068544	1788730399033166848	1000000000	98.304	cc_vit_1d_qkv_chained_fp8	cc_vit_1d_qkv_chained_fp8
247	1	1788730399033170944	1788730399033269248	1000000000	98.304	cc_vit_1d_attention_chained_fp8	cc_vit_1d_attention_chained_fp8
248	1	1788730399033275392	1788730399033323520	1000000000	48.128	cc_vit_1d_projection_chained_fp8	cc_vit_1d_projection_chained_fp8
249	1	1788730399033327616	1788730399033482240	1000000000	154.624	cc_vit_1d_ffn_expand_chained_fp8	cc_vit_1d_ffn_expand_chained_fp8
250	1	1788730399033486336	1788730399033606144	1000000000	119.808	cc_vit_1d_ffn_contract_chained_fp8	cc_vit_1d_ffn_contract_chained_fp8
251	1	1788730399033610240	1788730399033710592	1000000000	100.352	cc_vit_1d_qkv_chained_fp8	cc_vit_1d_qkv_chained_fp8
252	1	1788730399033714688	1788730399033812992	1000000000	98.304	cc_vit_1d_attention_chained_fp8	cc_vit_1d_attention_chained_fp8
253	1	1788730399033817088	1788730399033864192	1000000000	47.104	cc_vit_1d_projection_wait_fp8	cc_vit_1d_projection_wait_fp8
254	1	1788730399033868288	1788730399033875456	1000000000	7.168	cc_vit_1d_repack_1d_to_2d_fp8	cc_vit_1d_repack_1d_to_2d_fp8
255	1	1788730399033879552	1788730399033917440	1000000000	37.888	cc_dec_input_upsample_1024_512_tilesync_fp8	cc_dec_input_upsample_1024_512_tilesync_fp8
256	1	1788730399033921536	1788730399034013696	1000000000	92.16	cc_split_swin_16h_ffwd_512_chained_fp8	cc_split_swin_16h_ffwd_512_chained_fp8
257	1	1788730399034017792	1788730399034066944	1000000000	49.152	cc_split_swin_16h_ffwd_proj_512_chained_fp8	cc_split_swin_16h_ffwd_proj_512_chained_fp8
258	1	1788730399034071040	1788730399034157056	1000000000	86.016	cc_split_swin_16h_qkv_512_chained_fp8	cc_split_swin_16h_qkv_512_chained_fp8
259	1	1788730399034161152	1788730399034208256	1000000000	47.104	cc_split_swin_16h_proj_512_chained_fp8	cc_split_swin_16h_proj_512_chained_fp8
260	1	1788730399034212352	1788730399034304512	1000000000	92.16	cc_split_swin_16h_ffwd_512_chained_fp8	cc_split_swin_16h_ffwd_512_chained_fp8
261	1	1788730399034308608	1788730399034356736	1000000000	48.128	cc_split_swin_16h_ffwd_proj_512_chained_fp8	cc_split_swin_16h_ffwd_proj_512_chained_fp8
262	1	1788730399034360832	1788730399034470400	1000000000	109.568	cc_split_swin_16h_qkv_512_chained_fp8	cc_split_swin_16h_qkv_512_chained_fp8
263	1	1788730399034473472	1788730399034522624	1000000000	49.152	cc_split_swin_16h_proj_512_chained_fp8	cc_split_swin_16h_proj_512_chained_fp8
264	1	1788730399034526720	1788730399034618880	1000000000	92.16	cc_split_swin_16h_ffwd_512_chained_fp8	cc_split_swin_16h_ffwd_512_chained_fp8
265	1	1788730399034621952	1788730399034671104	1000000000	49.152	cc_split_swin_16h_ffwd_proj_512_chained_fp8	cc_split_swin_16h_ffwd_proj_512_chained_fp8
266	1	1788730399034676224	1788730399034783744	1000000000	107.52	cc_split_swin_16h_qkv_512_chained_fp8	cc_split_swin_16h_qkv_512_chained_fp8
267	1	1788730399034787840	1788730399034835968	1000000000	48.128	cc_split_swin_16h_proj_512_chained_fp8	cc_split_swin_16h_proj_512_chained_fp8
268	1	1788730399034840064	1788730399034933248	1000000000	93.184	cc_split_swin_16h_ffwd_512_chained_fp8	cc_split_swin_16h_ffwd_512_chained_fp8
269	1	1788730399034937344	1788730399034986496	1000000000	49.152	cc_split_swin_16h_ffwd_proj_512_chained_fp8	cc_split_swin_16h_ffwd_proj_512_chained_fp8
270	1	1788730399034989568	1788730399035099136	1000000000	109.568	cc_split_swin_16h_qkv_512_chained_fp8	cc_split_swin_16h_qkv_512_chained_fp8
271	1	1788730399035102208	1788730399035149312	1000000000	47.104	cc_split_swin_16h_proj_512_chained_fp8	cc_split_swin_16h_proj_512_chained_fp8
272	1	1788730399035153408	1788730399035245568	1000000000	92.16	cc_split_swin_16h_ffwd_512_chained_fp8	cc_split_swin_16h_ffwd_512_chained_fp8
273	1	1788730399035249664	1788730399035299840	1000000000	50.176	cc_split_swin_16h_ffwd_proj_512_chained_fp8	cc_split_swin_16h_ffwd_proj_512_chained_fp8
274	1	1788730399035303936	1788730399035390976	1000000000	87.04	cc_split_swin_16h_qkv_512_chained_fp8	cc_split_swin_16h_qkv_512_chained_fp8
275	1	1788730399035395072	1788730399035442176	1000000000	47.104	cc_split_swin_16h_proj_512_chained_fp8	cc_split_swin_16h_proj_512_chained_fp8
276	1	1788730399035446272	1788730399035538432	1000000000	92.16	cc_split_swin_16h_ffwd_512_chained_fp8	cc_split_swin_16h_ffwd_512_chained_fp8
277	1	1788730399035542528	1788730399035591680	1000000000	49.152	cc_split_swin_16h_ffwd_proj_512_chained_fp8	cc_split_swin_16h_ffwd_proj_512_chained_fp8
278	1	1788730399035595776	1788730399035706368	1000000000	110.592	cc_split_swin_16h_qkv_512_chained_fp8	cc_split_swin_16h_qkv_512_chained_fp8
279	1	1788730399035710464	1788730399035759616	1000000000	49.152	cc_split_swin_16h_proj_512_chained_fp8	cc_split_swin_16h_proj_512_chained_fp8
280	1	1788730399035763712	1788730399035856896	1000000000	93.184	cc_split_swin_16h_ffwd_512_chained_fp8	cc_split_swin_16h_ffwd_512_chained_fp8
281	1	1788730399035859968	1788730399035909120	1000000000	49.152	cc_split_swin_16h_ffwd_proj_512_chained_fp8	cc_split_swin_16h_ffwd_proj_512_chained_fp8
282	1	1788730399035913216	1788730399036021760	1000000000	108.544	cc_split_swin_16h_qkv_512_chained_fp8	cc_split_swin_16h_qkv_512_chained_fp8
283	1	1788730399036025856	1788730399036075008	1000000000	49.152	cc_split_swin_16h_proj_512_chained_fp8	cc_split_swin_16h_proj_512_chained_fp8
284	1	1788730399036079104	1788730399036172288	1000000000	93.184	cc_split_swin_16h_ffwd_512_chained_fp8	cc_split_swin_16h_ffwd_512_chained_fp8
285	1	1788730399036175360	1788730399036225536	1000000000	50.176	cc_split_swin_16h_ffwd_proj_512_chained_fp8	cc_split_swin_16h_ffwd_proj_512_chained_fp8
286	1	1788730399036229632	1788730399036338176	1000000000	108.544	cc_split_swin_16h_qkv_512_chained_fp8	cc_split_swin_16h_qkv_512_chained_fp8
287	1	1788730399036342272	1788730399036435456	1000000000	93.184	cc_split_swin_16h_proj_512_outview_wait_fp8	cc_split_swin_16h_proj_512_outview_wait_fp8
288	1	1788730399036439552	1788730399036809216	1000000000	369.664	cc_tinlayout_fused_swin_8h_256_8_upsample_tilesync_fp8	cc_tinlayout_fused_swin_8h_256_8_upsample_tilesync_fp8
289	1	1788730399036813312	1788730399037208576	1000000000	395.264	cc_tinlayout_fused_swin_8h_256_8_chained_fp8	cc_tinlayout_fused_swin_8h_256_8_chained_fp8
290	1	1788730399037212672	1788730399037600768	1000000000	388.096	cc_tinlayout_fused_swin_8h_256_8_chained_fp8	cc_tinlayout_fused_swin_8h_256_8_chained_fp8
291	1	1788730399037604864	1788730399037907968	1000000000	303.104	cc_tinlayout_fused_swin_8h_256_8_chained_fp8	cc_tinlayout_fused_swin_8h_256_8_chained_fp8
292	1	1788730399037912064	1788730399038224384	1000000000	312.32	cc_tinlayout_fused_swin_8h_256_8_chained_fp8	cc_tinlayout_fused_swin_8h_256_8_chained_fp8
293	1	1788730399038228480	1788730399038610432	1000000000	381.952	cc_tinlayout_fused_swin_8h_256_8_chained_fp8	cc_tinlayout_fused_swin_8h_256_8_chained_fp8
294	1	1788730399038615552	1788730399039012864	1000000000	397.312	cc_tinlayout_fused_swin_8h_256_8_chained_fp8	cc_tinlayout_fused_swin_8h_256_8_chained_fp8
295	1	1788730399039016960	1788730399039314944	1000000000	297.984	cc_tinlayout_fused_swin_8h_256_8_outview_wait_fp8	cc_tinlayout_fused_swin_8h_256_8_outview_wait_fp8
296	1	1788730399039319040	1788730399039758336	1000000000	439.296	cc_tinlayout_fused_swin_4h_128_4_upsample_tilesync_fp8	cc_tinlayout_fused_swin_4h_128_4_upsample_tilesync_fp8
297	1	1788730399039762432	1788730399040091136	1000000000	328.704	cc_tinlayout_fused_swin_4h_128_4_chained_fp8	cc_tinlayout_fused_swin_4h_128_4_chained_fp8
298	1	1788730399040095232	1788730399040410624	1000000000	315.392	cc_tinlayout_fused_swin_4h_128_4_chained_fp8	cc_tinlayout_fused_swin_4h_128_4_chained_fp8
299	1	1788730399040413696	1788730399040736256	1000000000	322.56	cc_tinlayout_fused_swin_4h_128_4_chained_fp8	cc_tinlayout_fused_swin_4h_128_4_chained_fp8
300	1	1788730399040740352	1788730399041058816	1000000000	318.464	cc_tinlayout_fused_swin_4h_128_4_chained_fp8	cc_tinlayout_fused_swin_4h_128_4_chained_fp8
301	1	1788730399041062912	1788730399041390592	1000000000	327.68	cc_tinlayout_fused_swin_4h_128_4_outview_wait_fp8	cc_tinlayout_fused_swin_4h_128_4_outview_wait_fp8
302	1	1788730399041394688	1788730399042066432	1000000000	671.744	cc_tinlayout_fused_swin_2h_64_2_upsample_tilesync_fp8	cc_tinlayout_fused_swin_2h_64_2_upsample_tilesync_fp8
303	1	1788730399042070528	1788730399043031040	1000000000	960.512	cc_tinlayout_fused_swin_2h_64_2_chained_fp8	cc_tinlayout_fused_swin_2h_64_2_chained_fp8
304	1	1788730399043035136	1788730399043996672	1000000000	961.536	cc_tinlayout_fused_swin_2h_64_2_chained_fp8	cc_tinlayout_fused_swin_2h_64_2_chained_fp8
305	1	1788730399044001792	1788730399044491264	1000000000	489.472	cc_tinlayout_fused_swin_2h_64_2_outview_wait_fp8	cc_tinlayout_fused_swin_2h_64_2_outview_wait_fp8
306	1	1788730399044494336	1788730399045758976	1000000000	1264.64	cc_tinlayout_fused_swin_1h_32_1_upsample_tilesync_fp8	cc_tinlayout_fused_swin_1h_32_1_upsample_tilesync_fp8
307	1	1788730399045763072	1788730399046600704	1000000000	837.632	cc_tinlayout_fused_swin_1h_32_1_chained_fp8	cc_tinlayout_fused_swin_1h_32_1_chained_fp8
308	1	1788730399046604800	1788730399047415808	1000000000	811.008	cc_tinlayout_fused_swin_1h_32_1_chained_fp8	cc_tinlayout_fused_swin_1h_32_1_chained_fp8
309	1	1788730399047419904	1788730399048460288	1000000000	1040.38	cc_tinlayout_fused_swin_1h_32_1_outview_wait_fp8	cc_tinlayout_fused_swin_1h_32_1_outview_wait_fp8
310	1	1788730399048464384	1788730399053755392	1000000000	5291.01	cc_tinlayout_fused_post_block_swin_1h_32_fp8	cc_tinlayout_fused_post_block_swin_1h_32_fp8
311	1	1788730399053759488	1788730399053799424	1000000000	39.936	cg2r_copy_kernel	cg2r_copy_kernel
312	1	1788730399243640832	1788730399243644928	1000000000	4.096	cc_cb_clear	cc_cb_clear
313	1	1788730399243649024	1788730399248158720	1000000000	4509.7	cc_tinlayout_fused_pre_block_swin_1h_32_1_ds_fp8	cc_tinlayout_fused_pre_block_swin_1h_32_1_ds_fp8
314	1	1788730399248162816	1788730399248892928	1000000000	730.112	cc_tinlayout_fused_swin_1h_32_1_inpview_tilesync_fp8	cc_tinlayout_fused_swin_1h_32_1_inpview_tilesync_fp8
315	1	1788730399248897024	1788730399250181120	1000000000	1284.1	cc_tinlayout_fused_swin_1h_32_1_chained_fp8	cc_tinlayout_fused_swin_1h_32_1_chained_fp8
316	1	1788730399250186240	1788730399251024896	1000000000	838.656	cc_tinlayout_fused_swin_1h_32_1_chained_fp8	cc_tinlayout_fused_swin_1h_32_1_chained_fp8
317	1	1788730399251028992	1788730399251875840	1000000000	846.848	cc_tinlayout_fused_swin_1h_32_1_ds_wait_fp8	cc_tinlayout_fused_swin_1h_32_1_ds_wait_fp8
318	1	1788730399251879936	1788730399252379648	1000000000	499.712	cc_tinlayout_fused_swin_2h_64_2_inpview_tilesync_fp8	cc_tinlayout_fused_swin_2h_64_2_inpview_tilesync_fp8
319	1	1788730399252383744	1788730399252908032	1000000000	524.288	cc_tinlayout_fused_swin_2h_64_2_chained_fp8	cc_tinlayout_fused_swin_2h_64_2_chained_fp8
320	1	1788730399252912128	1788730399253400576	1000000000	488.448	cc_tinlayout_fused_swin_2h_64_2_chained_fp8	cc_tinlayout_fused_swin_2h_64_2_chained_fp8
321	1	1788730399253404672	1788730399253931008	1000000000	526.336	cc_tinlayout_fused_swin_2h_64_2_ds_wait_fp8	cc_tinlayout_fused_swin_2h_64_2_ds_wait_fp8
322	1	1788730399253934080	1788730399254257664	1000000000	323.584	cc_tinlayout_fused_swin_4h_128_4_inpview_tilesync_fp8	cc_tinlayout_fused_swin_4h_128_4_inpview_tilesync_fp8
323	1	1788730399254261760	1788730399254588416	1000000000	326.656	cc_tinlayout_fused_swin_4h_128_4_chained_fp8	cc_tinlayout_fused_swin_4h_128_4_chained_fp8
324	1	1788730399254593536	1788730399254910976	1000000000	317.44	cc_tinlayout_fused_swin_4h_128_4_chained_fp8	cc_tinlayout_fused_swin_4h_128_4_chained_fp8
325	1	1788730399254915072	1788730399255234560	1000000000	319.488	cc_tinlayout_fused_swin_4h_128_4_chained_fp8	cc_tinlayout_fused_swin_4h_128_4_chained_fp8
326	1	1788730399255239680	1788730399255557120	1000000000	317.44	cc_tinlayout_fused_swin_4h_128_4_chained_fp8	cc_tinlayout_fused_swin_4h_128_4_chained_fp8
327	1	1788730399255571456	1788730399255932928	1000000000	361.472	cc_tinlayout_fused_swin_4h_128_4_ds_wait_fp8	cc_tinlayout_fused_swin_4h_128_4_ds_wait_fp8
328	1	1788730399255937024	1788730399256248320	1000000000	311.296	cc_tinlayout_fused_swin_8h_256_8_inpview_tilesync_fp8	cc_tinlayout_fused_swin_8h_256_8_inpview_tilesync_fp8
329	1	1788730399256253440	1788730399256647680	1000000000	394.24	cc_tinlayout_fused_swin_8h_256_8_chained_fp8	cc_tinlayout_fused_swin_8h_256_8_chained_fp8
330	1	1788730399256651776	1788730399257041920	1000000000	390.144	cc_tinlayout_fused_swin_8h_256_8_chained_fp8	cc_tinlayout_fused_swin_8h_256_8_chained_fp8
331	1	1788730399257046016	1788730399257354240	1000000000	308.224	cc_tinlayout_fused_swin_8h_256_8_chained_fp8	cc_tinlayout_fused_swin_8h_256_8_chained_fp8
332	1	1788730399257358336	1788730399257671680	1000000000	313.344	cc_tinlayout_fused_swin_8h_256_8_chained_fp8	cc_tinlayout_fused_swin_8h_256_8_chained_fp8
333	1	1788730399257676800	1788730399258064896	1000000000	388.096	cc_tinlayout_fused_swin_8h_256_8_chained_fp8	cc_tinlayout_fused_swin_8h_256_8_chained_fp8
334	1	1788730399258068992	1788730399258456064	1000000000	387.072	cc_tinlayout_fused_swin_8h_256_8_chained_fp8	cc_tinlayout_fused_swin_8h_256_8_chained_fp8
335	1	1788730399258460160	1788730399258811392	1000000000	351.232	cc_tinlayout_fused_swin_8h_256_8_ds_wait_fp8	cc_tinlayout_fused_swin_8h_256_8_ds_wait_fp8
336	1	1788730399258815488	1788730399258909696	1000000000	94.208	cc_split_swin_16h_ffwd_inpview_512_tilesync_fp8	cc_split_swin_16h_ffwd_inpview_512_tilesync_fp8
337	1	1788730399258913792	1788730399259003904	1000000000	90.112	cc_split_swin_16h_ffwd_proj_inpview_512_chained_fp8	cc_split_swin_16h_ffwd_proj_inpview_512_chained_fp8
338	1	1788730399259008000	1788730399259096064	1000000000	88.064	cc_split_swin_16h_qkv_512_chained_fp8	cc_split_swin_16h_qkv_512_chained_fp8
339	1	1788730399259100160	1788730399259147264	1000000000	47.104	cc_split_swin_16h_proj_512_chained_fp8	cc_split_swin_16h_proj_512_chained_fp8
340	1	1788730399259151360	1788730399259242496	1000000000	91.136	cc_split_swin_16h_ffwd_512_chained_fp8	cc_split_swin_16h_ffwd_512_chained_fp8
341	1	1788730399259246592	1788730399259296768	1000000000	50.176	cc_split_swin_16h_ffwd_proj_512_chained_fp8	cc_split_swin_16h_ffwd_proj_512_chained_fp8
342	1	1788730399259299840	1788730399259409408	1000000000	109.568	cc_split_swin_16h_qkv_512_chained_fp8	cc_split_swin_16h_qkv_512_chained_fp8
343	1	1788730399259413504	1788730399259463680	1000000000	50.176	cc_split_swin_16h_proj_512_chained_fp8	cc_split_swin_16h_proj_512_chained_fp8
344	1	1788730399259466752	1788730399259559936	1000000000	93.184	cc_split_swin_16h_ffwd_512_chained_fp8	cc_split_swin_16h_ffwd_512_chained_fp8
345	1	1788730399259563008	1788730399259612160	1000000000	49.152	cc_split_swin_16h_ffwd_proj_512_chained_fp8	cc_split_swin_16h_ffwd_proj_512_chained_fp8
346	1	1788730399259616256	1788730399259724800	1000000000	108.544	cc_split_swin_16h_qkv_512_chained_fp8	cc_split_swin_16h_qkv_512_chained_fp8
347	1	1788730399259728896	1788730399259779072	1000000000	50.176	cc_split_swin_16h_proj_512_chained_fp8	cc_split_swin_16h_proj_512_chained_fp8
348	1	1788730399259783168	1788730399259874304	1000000000	91.136	cc_split_swin_16h_ffwd_512_chained_fp8	cc_split_swin_16h_ffwd_512_chained_fp8
349	1	1788730399259878400	1788730399259928576	1000000000	50.176	cc_split_swin_16h_ffwd_proj_512_chained_fp8	cc_split_swin_16h_ffwd_proj_512_chained_fp8
350	1	1788730399259932672	1788730399260041216	1000000000	108.544	cc_split_swin_16h_qkv_512_chained_fp8	cc_split_swin_16h_qkv_512_chained_fp8
351	1	1788730399260045312	1788730399260092416	1000000000	47.104	cc_split_swin_16h_proj_512_chained_fp8	cc_split_swin_16h_proj_512_chained_fp8
352	1	1788730399260096512	1788730399260188672	1000000000	92.16	cc_split_swin_16h_ffwd_512_chained_fp8	cc_split_swin_16h_ffwd_512_chained_fp8
353	1	1788730399260192768	1788730399260240896	1000000000	48.128	cc_split_swin_16h_ffwd_proj_512_chained_fp8	cc_split_swin_16h_ffwd_proj_512_chained_fp8
354	1	1788730399260244992	1788730399260332032	1000000000	87.04	cc_split_swin_16h_qkv_512_chained_fp8	cc_split_swin_16h_qkv_512_chained_fp8
355	1	1788730399260336128	1788730399260383232	1000000000	47.104	cc_split_swin_16h_proj_512_chained_fp8	cc_split_swin_16h_proj_512_chained_fp8
356	1	1788730399260386304	1788730399260478464	1000000000	92.16	cc_split_swin_16h_ffwd_512_chained_fp8	cc_split_swin_16h_ffwd_512_chained_fp8
357	1	1788730399260482560	1788730399260530688	1000000000	48.128	cc_split_swin_16h_ffwd_proj_512_chained_fp8	cc_split_swin_16h_ffwd_proj_512_chained_fp8
358	1	1788730399260534784	1788730399260643328	1000000000	108.544	cc_split_swin_16h_qkv_512_chained_fp8	cc_split_swin_16h_qkv_512_chained_fp8
359	1	1788730399260646400	1788730399260695552	1000000000	49.152	cc_split_swin_16h_proj_512_chained_fp8	cc_split_swin_16h_proj_512_chained_fp8
360	1	1788730399260699648	1788730399260790784	1000000000	91.136	cc_split_swin_16h_ffwd_512_chained_fp8	cc_split_swin_16h_ffwd_512_chained_fp8
361	1	1788730399260794880	1788730399260845056	1000000000	50.176	cc_split_swin_16h_ffwd_proj_512_chained_fp8	cc_split_swin_16h_ffwd_proj_512_chained_fp8
362	1	1788730399260849152	1788730399260957696	1000000000	108.544	cc_split_swin_16h_qkv_512_chained_fp8	cc_split_swin_16h_qkv_512_chained_fp8
363	1	1788730399260961792	1788730399261010944	1000000000	49.152	cc_split_swin_16h_proj_512_chained_fp8	cc_split_swin_16h_proj_512_chained_fp8
364	1	1788730399261014016	1788730399261106176	1000000000	92.16	cc_split_swin_16h_ffwd_512_chained_fp8	cc_split_swin_16h_ffwd_512_chained_fp8
365	1	1788730399261110272	1788730399261158400	1000000000	48.128	cc_split_swin_16h_ffwd_proj_512_chained_fp8	cc_split_swin_16h_ffwd_proj_512_chained_fp8
366	1	1788730399261162496	1788730399261267968	1000000000	105.472	cc_split_swin_16h_qkv_512_chained_fp8	cc_split_swin_16h_qkv_512_chained_fp8
367	1	1788730399261272064	1788730399261313024	1000000000	40.96	cc_split_swin_16h_proj_pool_512_chained_fp8	cc_split_swin_16h_proj_pool_512_chained_fp8
368	1	1788730399261317120	1788730399261346816	1000000000	29.696	cc_split_swin_16h_final_head_512_wait_fp8	cc_split_swin_16h_final_head_512_wait_fp8
369	1	1788730399261350912	1788730399261358080	1000000000	7.168	cc_vit_1d_repack_2d_to_1d_fp8	cc_vit_1d_repack_2d_to_1d_fp8
370	1	1788730399261362176	1788730399261535232	1000000000	173.056	cc_vit_1d_ffn_expand_publish_fp8	cc_vit_1d_ffn_expand_publish_fp8
371	1	1788730399261539328	1788730399261658112	1000000000	118.784	cc_vit_1d_ffn_contract_chained_fp8	cc_vit_1d_ffn_contract_chained_fp8
372	1	1788730399261662208	1788730399261761536	1000000000	99.328	cc_vit_1d_qkv_chained_fp8	cc_vit_1d_qkv_chained_fp8
373	1	1788730399261765632	1788730399261863936	1000000000	98.304	cc_vit_1d_attention_chained_fp8	cc_vit_1d_attention_chained_fp8
374	1	1788730399261868032	1788730399261914112	1000000000	46.08	cc_vit_1d_projection_chained_fp8	cc_vit_1d_projection_chained_fp8
375	1	1788730399261918208	1788730399262069760	1000000000	151.552	cc_vit_1d_ffn_expand_chained_fp8	cc_vit_1d_ffn_expand_chained_fp8
376	1	1788730399262073856	1788730399262192640	1000000000	118.784	cc_vit_1d_ffn_contract_chained_fp8	cc_vit_1d_ffn_contract_chained_fp8
377	1	1788730399262196736	1788730399262296064	1000000000	99.328	cc_vit_1d_qkv_chained_fp8	cc_vit_1d_qkv_chained_fp8
378	1	1788730399262300160	1788730399262397440	1000000000	97.28	cc_vit_1d_attention_chained_fp8	cc_vit_1d_attention_chained_fp8
379	1	1788730399262400512	1788730399262447616	1000000000	47.104	cc_vit_1d_projection_chained_fp8	cc_vit_1d_projection_chained_fp8
380	1	1788730399262451712	1788730399262607360	1000000000	155.648	cc_vit_1d_ffn_expand_chained_fp8	cc_vit_1d_ffn_expand_chained_fp8
381	1	1788730399262611456	1788730399262729216	1000000000	117.76	cc_vit_1d_ffn_contract_chained_fp8	cc_vit_1d_ffn_contract_chained_fp8
382	1	1788730399262733312	1788730399262832640	1000000000	99.328	cc_vit_1d_qkv_chained_fp8	cc_vit_1d_qkv_chained_fp8
383	1	1788730399262836736	1788730399262934016	1000000000	97.28	cc_vit_1d_attention_chained_fp8	cc_vit_1d_attention_chained_fp8
384	1	1788730399262938112	1788730399262985216	1000000000	47.104	cc_vit_1d_projection_chained_fp8	cc_vit_1d_projection_chained_fp8
385	1	1788730399262989312	1788730399263140864	1000000000	151.552	cc_vit_1d_ffn_expand_chained_fp8	cc_vit_1d_ffn_expand_chained_fp8
386	1	1788730399263144960	1788730399263262720	1000000000	117.76	cc_vit_1d_ffn_contract_chained_fp8	cc_vit_1d_ffn_contract_chained_fp8
387	1	1788730399263266816	1788730399263366144	1000000000	99.328	cc_vit_1d_qkv_chained_fp8	cc_vit_1d_qkv_chained_fp8
388	1	1788730399263370240	1788730399263468544	1000000000	98.304	cc_vit_1d_attention_chained_fp8	cc_vit_1d_attention_chained_fp8
389	1	1788730399263472640	1788730399263519744	1000000000	47.104	cc_vit_1d_projection_chained_fp8	cc_vit_1d_projection_chained_fp8
390	1	1788730399263523840	1788730399263677440	1000000000	153.6	cc_vit_1d_ffn_expand_chained_fp8	cc_vit_1d_ffn_expand_chained_fp8
391	1	1788730399263681536	1788730399263799296	1000000000	117.76	cc_vit_1d_ffn_contract_chained_fp8	cc_vit_1d_ffn_contract_chained_fp8
392	1	1788730399263803392	1788730399263902720	1000000000	99.328	cc_vit_1d_qkv_chained_fp8	cc_vit_1d_qkv_chained_fp8
393	1	1788730399263906816	1788730399264005120	1000000000	98.304	cc_vit_1d_attention_chained_fp8	cc_vit_1d_attention_chained_fp8
394	1	1788730399264009216	1788730399264056320	1000000000	47.104	cc_vit_1d_projection_chained_fp8	cc_vit_1d_projection_chained_fp8
395	1	1788730399264060416	1788730399264216064	1000000000	155.648	cc_vit_1d_ffn_expand_chained_fp8	cc_vit_1d_ffn_expand_chained_fp8
396	1	1788730399264220160	1788730399264337920	1000000000	117.76	cc_vit_1d_ffn_contract_chained_fp8	cc_vit_1d_ffn_contract_chained_fp8
397	1	1788730399264342016	1788730399264441344	1000000000	99.328	cc_vit_1d_qkv_chained_fp8	cc_vit_1d_qkv_chained_fp8
398	1	1788730399264445440	1788730399264543744	1000000000	98.304	cc_vit_1d_attention_chained_fp8	cc_vit_1d_attention_chained_fp8
399	1	1788730399264546816	1788730399264594944	1000000000	48.128	cc_vit_1d_projection_chained_fp8	cc_vit_1d_projection_chained_fp8
400	1	1788730399264599040	1788730399264753664	1000000000	154.624	cc_vit_1d_ffn_expand_chained_fp8	cc_vit_1d_ffn_expand_chained_fp8
401	1	1788730399264757760	1788730399264875520	1000000000	117.76	cc_vit_1d_ffn_contract_chained_fp8	cc_vit_1d_ffn_contract_chained_fp8
402	1	1788730399264879616	1788730399264979968	1000000000	100.352	cc_vit_1d_qkv_chained_fp8	cc_vit_1d_qkv_chained_fp8
403	1	1788730399264984064	1788730399265082368	1000000000	98.304	cc_vit_1d_attention_chained_fp8	cc_vit_1d_attention_chained_fp8
404	1	1788730399265086464	1788730399265134592	1000000000	48.128	cc_vit_1d_projection_chained_fp8	cc_vit_1d_projection_chained_fp8
405	1	1788730399265141760	1788730399265295360	1000000000	153.6	cc_vit_1d_ffn_expand_chained_fp8	cc_vit_1d_ffn_expand_chained_fp8
406	1	1788730399265299456	1788730399265417216	1000000000	117.76	cc_vit_1d_ffn_contract_chained_fp8	cc_vit_1d_ffn_contract_chained_fp8
407	1	1788730399265421312	1788730399265520640	1000000000	99.328	cc_vit_1d_qkv_chained_fp8	cc_vit_1d_qkv_chained_fp8
408	1	1788730399265524736	1788730399265623040	1000000000	98.304	cc_vit_1d_attention_chained_fp8	cc_vit_1d_attention_chained_fp8
409	1	1788730399265627136	1788730399265674240	1000000000	47.104	cc_vit_1d_projection_wait_fp8	cc_vit_1d_projection_wait_fp8
410	1	1788730399265677312	1788730399265684480	1000000000	7.168	cc_vit_1d_repack_1d_to_2d_fp8	cc_vit_1d_repack_1d_to_2d_fp8
411	1	1788730399265688576	1788730399265726464	1000000000	37.888	cc_dec_input_upsample_1024_512_tilesync_fp8	cc_dec_input_upsample_1024_512_tilesync_fp8
412	1	1788730399265730560	1788730399265822720	1000000000	92.16	cc_split_swin_16h_ffwd_512_chained_fp8	cc_split_swin_16h_ffwd_512_chained_fp8
413	1	1788730399265826816	1788730399265876992	1000000000	50.176	cc_split_swin_16h_ffwd_proj_512_chained_fp8	cc_split_swin_16h_ffwd_proj_512_chained_fp8
414	1	1788730399265881088	1788730399265967104	1000000000	86.016	cc_split_swin_16h_qkv_512_chained_fp8	cc_split_swin_16h_qkv_512_chained_fp8
415	1	1788730399265971200	1788730399266018304	1000000000	47.104	cc_split_swin_16h_proj_512_chained_fp8	cc_split_swin_16h_proj_512_chained_fp8
416	1	1788730399266022400	1788730399266114560	1000000000	92.16	cc_split_swin_16h_ffwd_512_chained_fp8	cc_split_swin_16h_ffwd_512_chained_fp8
417	1	1788730399266117632	1788730399266166784	1000000000	49.152	cc_split_swin_16h_ffwd_proj_512_chained_fp8	cc_split_swin_16h_ffwd_proj_512_chained_fp8
418	1	1788730399266170880	1788730399266279424	1000000000	108.544	cc_split_swin_16h_qkv_512_chained_fp8	cc_split_swin_16h_qkv_512_chained_fp8
419	1	1788730399266283520	1788730399266331648	1000000000	48.128	cc_split_swin_16h_proj_512_chained_fp8	cc_split_swin_16h_proj_512_chained_fp8
420	1	1788730399266335744	1788730399266426880	1000000000	91.136	cc_split_swin_16h_ffwd_512_chained_fp8	cc_split_swin_16h_ffwd_512_chained_fp8
421	1	1788730399266430976	1788730399266479104	1000000000	48.128	cc_split_swin_16h_ffwd_proj_512_chained_fp8	cc_split_swin_16h_ffwd_proj_512_chained_fp8
422	1	1788730399266483200	1788730399266591744	1000000000	108.544	cc_split_swin_16h_qkv_512_chained_fp8	cc_split_swin_16h_qkv_512_chained_fp8
423	1	1788730399266595840	1788730399266643968	1000000000	48.128	cc_split_swin_16h_proj_512_chained_fp8	cc_split_swin_16h_proj_512_chained_fp8
424	1	1788730399266648064	1788730399266740224	1000000000	92.16	cc_split_swin_16h_ffwd_512_chained_fp8	cc_split_swin_16h_ffwd_512_chained_fp8
425	1	1788730399266744320	1788730399266792448	1000000000	48.128	cc_split_swin_16h_ffwd_proj_512_chained_fp8	cc_split_swin_16h_ffwd_proj_512_chained_fp8
426	1	1788730399266796544	1788730399266905088	1000000000	108.544	cc_split_swin_16h_qkv_512_chained_fp8	cc_split_swin_16h_qkv_512_chained_fp8
427	1	1788730399266908160	1788730399266956288	1000000000	48.128	cc_split_swin_16h_proj_512_chained_fp8	cc_split_swin_16h_proj_512_chained_fp8
428	1	1788730399266959360	1788730399267051520	1000000000	92.16	cc_split_swin_16h_ffwd_512_chained_fp8	cc_split_swin_16h_ffwd_512_chained_fp8
429	1	1788730399267055616	1788730399267105792	1000000000	50.176	cc_split_swin_16h_ffwd_proj_512_chained_fp8	cc_split_swin_16h_ffwd_proj_512_chained_fp8
430	1	1788730399267109888	1788730399267197952	1000000000	88.064	cc_split_swin_16h_qkv_512_chained_fp8	cc_split_swin_16h_qkv_512_chained_fp8
431	1	1788730399267202048	1788730399267249152	1000000000	47.104	cc_split_swin_16h_proj_512_chained_fp8	cc_split_swin_16h_proj_512_chained_fp8
432	1	1788730399267253248	1788730399267344384	1000000000	91.136	cc_split_swin_16h_ffwd_512_chained_fp8	cc_split_swin_16h_ffwd_512_chained_fp8
433	1	1788730399267348480	1788730399267398656	1000000000	50.176	cc_split_swin_16h_ffwd_proj_512_chained_fp8	cc_split_swin_16h_ffwd_proj_512_chained_fp8
434	1	1788730399267402752	1788730399267512320	1000000000	109.568	cc_split_swin_16h_qkv_512_chained_fp8	cc_split_swin_16h_qkv_512_chained_fp8
435	1	1788730399267516416	1788730399267565568	1000000000	49.152	cc_split_swin_16h_proj_512_chained_fp8	cc_split_swin_16h_proj_512_chained_fp8
436	1	1788730399267568640	1788730399267660800	1000000000	92.16	cc_split_swin_16h_ffwd_512_chained_fp8	cc_split_swin_16h_ffwd_512_chained_fp8
437	1	1788730399267664896	1788730399267715072	1000000000	50.176	cc_split_swin_16h_ffwd_proj_512_chained_fp8	cc_split_swin_16h_ffwd_proj_512_chained_fp8
438	1	1788730399267719168	1788730399267826688	1000000000	107.52	cc_split_swin_16h_qkv_512_chained_fp8	cc_split_swin_16h_qkv_512_chained_fp8
439	1	1788730399267830784	1788730399267879936	1000000000	49.152	cc_split_swin_16h_proj_512_chained_fp8	cc_split_swin_16h_proj_512_chained_fp8
440	1	1788730399267884032	1788730399267976192	1000000000	92.16	cc_split_swin_16h_ffwd_512_chained_fp8	cc_split_swin_16h_ffwd_512_chained_fp8
441	1	1788730399267980288	1788730399268029440	1000000000	49.152	cc_split_swin_16h_ffwd_proj_512_chained_fp8	cc_split_swin_16h_ffwd_proj_512_chained_fp8
442	1	1788730399268034816	1788730399268142080	1000000000	107.264	cc_split_swin_16h_qkv_512_chained_fp8	cc_split_swin_16h_qkv_512_chained_fp8
443	1	1788730399268146176	1788730399268242432	1000000000	96.256	cc_split_swin_16h_proj_512_outview_wait_fp8	cc_split_swin_16h_proj_512_outview_wait_fp8
444	1	1788730399268246528	1788730399268616192	1000000000	369.664	cc_tinlayout_fused_swin_8h_256_8_upsample_tilesync_fp8	cc_tinlayout_fused_swin_8h_256_8_upsample_tilesync_fp8
445	1	1788730399268620288	1788730399269015552	1000000000	395.264	cc_tinlayout_fused_swin_8h_256_8_chained_fp8	cc_tinlayout_fused_swin_8h_256_8_chained_fp8
446	1	1788730399269019648	1788730399269408768	1000000000	389.12	cc_tinlayout_fused_swin_8h_256_8_chained_fp8	cc_tinlayout_fused_swin_8h_256_8_chained_fp8
447	1	1788730399269412864	1788730399269715968	1000000000	303.104	cc_tinlayout_fused_swin_8h_256_8_chained_fp8	cc_tinlayout_fused_swin_8h_256_8_chained_fp8
448	1	1788730399269720064	1788730399270030336	1000000000	310.272	cc_tinlayout_fused_swin_8h_256_8_chained_fp8	cc_tinlayout_fused_swin_8h_256_8_chained_fp8
449	1	1788730399270034432	1788730399270411264	1000000000	376.832	cc_tinlayout_fused_swin_8h_256_8_chained_fp8	cc_tinlayout_fused_swin_8h_256_8_chained_fp8
450	1	1788730399270415360	1788730399270811648	1000000000	396.288	cc_tinlayout_fused_swin_8h_256_8_chained_fp8	cc_tinlayout_fused_swin_8h_256_8_chained_fp8
451	1	1788730399270815744	1788730399271112704	1000000000	296.96	cc_tinlayout_fused_swin_8h_256_8_outview_wait_fp8	cc_tinlayout_fused_swin_8h_256_8_outview_wait_fp8
452	1	1788730399271117824	1788730399271557120	1000000000	439.296	cc_tinlayout_fused_swin_4h_128_4_upsample_tilesync_fp8	cc_tinlayout_fused_swin_4h_128_4_upsample_tilesync_fp8
453	1	1788730399271561216	1788730399271885824	1000000000	324.608	cc_tinlayout_fused_swin_4h_128_4_chained_fp8	cc_tinlayout_fused_swin_4h_128_4_chained_fp8
454	1	1788730399271889920	1788730399272199168	1000000000	309.248	cc_tinlayout_fused_swin_4h_128_4_chained_fp8	cc_tinlayout_fused_swin_4h_128_4_chained_fp8
455	1	1788730399272203264	1788730399272525824	1000000000	322.56	cc_tinlayout_fused_swin_4h_128_4_chained_fp8	cc_tinlayout_fused_swin_4h_128_4_chained_fp8
456	1	1788730399272529920	1788730399273274368	1000000000	744.448	cc_tinlayout_fused_swin_4h_128_4_chained_fp8	cc_tinlayout_fused_swin_4h_128_4_chained_fp8
457	1	1788730399273278464	1788730399274029056	1000000000	750.592	cc_tinlayout_fused_swin_4h_128_4_outview_wait_fp8	cc_tinlayout_fused_swin_4h_128_4_outview_wait_fp8
458	1	1788730399274034176	1788730399274700800	1000000000	666.624	cc_tinlayout_fused_swin_2h_64_2_upsample_tilesync_fp8	cc_tinlayout_fused_swin_2h_64_2_upsample_tilesync_fp8
459	1	1788730399274704896	1788730399275230208	1000000000	525.312	cc_tinlayout_fused_swin_2h_64_2_chained_fp8	cc_tinlayout_fused_swin_2h_64_2_chained_fp8
460	1	1788730399275234304	1788730399275724800	1000000000	490.496	cc_tinlayout_fused_swin_2h_64_2_chained_fp8	cc_tinlayout_fused_swin_2h_64_2_chained_fp8
461	1	1788730399275727872	1788730399276218368	1000000000	490.496	cc_tinlayout_fused_swin_2h_64_2_outview_wait_fp8	cc_tinlayout_fused_swin_2h_64_2_outview_wait_fp8
462	1	1788730399276222464	1788730399277497344	1000000000	1274.88	cc_tinlayout_fused_swin_1h_32_1_upsample_tilesync_fp8	cc_tinlayout_fused_swin_1h_32_1_upsample_tilesync_fp8
463	1	1788730399277500416	1788730399278340096	1000000000	839.68	cc_tinlayout_fused_swin_1h_32_1_chained_fp8	cc_tinlayout_fused_swin_1h_32_1_chained_fp8
464	1	1788730399278344192	1788730399279157248	1000000000	813.056	cc_tinlayout_fused_swin_1h_32_1_chained_fp8	cc_tinlayout_fused_swin_1h_32_1_chained_fp8
465	1	1788730399279161344	1788730399280196608	1000000000	1035.26	cc_tinlayout_fused_swin_1h_32_1_outview_wait_fp8	cc_tinlayout_fused_swin_1h_32_1_outview_wait_fp8
466	1	1788730399280200704	1788730399285446656	1000000000	5245.95	cc_tinlayout_fused_post_block_swin_1h_32_fp8	cc_tinlayout_fused_post_block_swin_1h_32_fp8
467	1	1788730399285449728	1788730399285492736	1000000000	43.008	cg2r_copy_kernel	cg2r_copy_kernel
468	1	1788730399476754432	1788730399476759552	1000000000	5.12	cc_cb_clear	cc_cb_clear
469	1	1788730399476763648	1788730399481275392	1000000000	4511.74	cc_tinlayout_fused_pre_block_swin_1h_32_1_ds_fp8	cc_tinlayout_fused_pre_block_swin_1h_32_1_ds_fp8
470	1	1788730399481279488	1788730399482012672	1000000000	733.184	cc_tinlayout_fused_swin_1h_32_1_inpview_tilesync_fp8	cc_tinlayout_fused_swin_1h_32_1_inpview_tilesync_fp8
471	1	1788730399482016768	1788730399482872832	1000000000	856.064	cc_tinlayout_fused_swin_1h_32_1_chained_fp8	cc_tinlayout_fused_swin_1h_32_1_chained_fp8
472	1	1788730399482876928	1788730399483727872	1000000000	850.944	cc_tinlayout_fused_swin_1h_32_1_chained_fp8	cc_tinlayout_fused_swin_1h_32_1_chained_fp8
473	1	1788730399483731968	1788730399484583936	1000000000	851.968	cc_tinlayout_fused_swin_1h_32_1_ds_wait_fp8	cc_tinlayout_fused_swin_1h_32_1_ds_wait_fp8
474	1	1788730399484588032	1788730399485078528	1000000000	490.496	cc_tinlayout_fused_swin_2h_64_2_inpview_tilesync_fp8	cc_tinlayout_fused_swin_2h_64_2_inpview_tilesync_fp8
475	1	1788730399485083648	1788730399485604864	1000000000	521.216	cc_tinlayout_fused_swin_2h_64_2_chained_fp8	cc_tinlayout_fused_swin_2h_64_2_chained_fp8
476	1	1788730399485609984	1788730399486102528	1000000000	492.544	cc_tinlayout_fused_swin_2h_64_2_chained_fp8	cc_tinlayout_fused_swin_2h_64_2_chained_fp8
477	1	1788730399486106624	1788730399486628864	1000000000	522.24	cc_tinlayout_fused_swin_2h_64_2_ds_wait_fp8	cc_tinlayout_fused_swin_2h_64_2_ds_wait_fp8
478	1	1788730399486632960	1788730399486957568	1000000000	324.608	cc_tinlayout_fused_swin_4h_128_4_inpview_tilesync_fp8	cc_tinlayout_fused_swin_4h_128_4_inpview_tilesync_fp8
479	1	1788730399486961664	1788730399487292416	1000000000	330.752	cc_tinlayout_fused_swin_4h_128_4_chained_fp8	cc_tinlayout_fused_swin_4h_128_4_chained_fp8
480	1	1788730399487297536	1788730399487620096	1000000000	322.56	cc_tinlayout_fused_swin_4h_128_4_chained_fp8	cc_tinlayout_fused_swin_4h_128_4_chained_fp8
481	1	1788730399487624192	1788730399487943680	1000000000	319.488	cc_tinlayout_fused_swin_4h_128_4_chained_fp8	cc_tinlayout_fused_swin_4h_128_4_chained_fp8
482	1	1788730399487947776	1788730399488263168	1000000000	315.392	cc_tinlayout_fused_swin_4h_128_4_chained_fp8	cc_tinlayout_fused_swin_4h_128_4_chained_fp8
483	1	1788730399488267264	1788730399488627712	1000000000	360.448	cc_tinlayout_fused_swin_4h_128_4_ds_wait_fp8	cc_tinlayout_fused_swin_4h_128_4_ds_wait_fp8
484	1	1788730399488631808	1788730399488943104	1000000000	311.296	cc_tinlayout_fused_swin_8h_256_8_inpview_tilesync_fp8	cc_tinlayout_fused_swin_8h_256_8_inpview_tilesync_fp8
485	1	1788730399488947200	1788730399489343488	1000000000	396.288	cc_tinlayout_fused_swin_8h_256_8_chained_fp8	cc_tinlayout_fused_swin_8h_256_8_chained_fp8
486	1	1788730399489347584	1788730399489739776	1000000000	392.192	cc_tinlayout_fused_swin_8h_256_8_chained_fp8	cc_tinlayout_fused_swin_8h_256_8_chained_fp8
487	1	1788730399489743872	1788730399490054144	1000000000	310.272	cc_tinlayout_fused_swin_8h_256_8_chained_fp8	cc_tinlayout_fused_swin_8h_256_8_chained_fp8
488	1	1788730399490057216	1788730399490369536	1000000000	312.32	cc_tinlayout_fused_swin_8h_256_8_chained_fp8	cc_tinlayout_fused_swin_8h_256_8_chained_fp8
489	1	1788730399490373632	1788730399490762752	1000000000	389.12	cc_tinlayout_fused_swin_8h_256_8_chained_fp8	cc_tinlayout_fused_swin_8h_256_8_chained_fp8
490	1	1788730399490766848	1788730399491158016	1000000000	391.168	cc_tinlayout_fused_swin_8h_256_8_chained_fp8	cc_tinlayout_fused_swin_8h_256_8_chained_fp8
491	1	1788730399491162112	1788730399491511296	1000000000	349.184	cc_tinlayout_fused_swin_8h_256_8_ds_wait_fp8	cc_tinlayout_fused_swin_8h_256_8_ds_wait_fp8
492	1	1788730399491516416	1788730399491609600	1000000000	93.184	cc_split_swin_16h_ffwd_inpview_512_tilesync_fp8	cc_split_swin_16h_ffwd_inpview_512_tilesync_fp8
493	1	1788730399491613696	1788730399491706880	1000000000	93.184	cc_split_swin_16h_ffwd_proj_inpview_512_chained_fp8	cc_split_swin_16h_ffwd_proj_inpview_512_chained_fp8
494	1	1788730399491710976	1788730399491799040	1000000000	88.064	cc_split_swin_16h_qkv_512_chained_fp8	cc_split_swin_16h_qkv_512_chained_fp8
495	1	1788730399491803136	1788730399491851264	1000000000	48.128	cc_split_swin_16h_proj_512_chained_fp8	cc_split_swin_16h_proj_512_chained_fp8
496	1	1788730399491855360	1788730399491946496	1000000000	91.136	cc_split_swin_16h_ffwd_512_chained_fp8	cc_split_swin_16h_ffwd_512_chained_fp8
497	1	1788730399491950592	1788730399492000768	1000000000	50.176	cc_split_swin_16h_ffwd_proj_512_chained_fp8	cc_split_swin_16h_ffwd_proj_512_chained_fp8
498	1	1788730399492004864	1788730399492113408	1000000000	108.544	cc_split_swin_16h_qkv_512_chained_fp8	cc_split_swin_16h_qkv_512_chained_fp8
499	1	1788730399492117504	1788730399492166656	1000000000	49.152	cc_split_swin_16h_proj_512_chained_fp8	cc_split_swin_16h_proj_512_chained_fp8
500	1	1788730399492170752	1788730399492262912	1000000000	92.16	cc_split_swin_16h_ffwd_512_chained_fp8	cc_split_swin_16h_ffwd_512_chained_fp8
501	1	1788730399492267008	1788730399492317184	1000000000	50.176	cc_split_swin_16h_ffwd_proj_512_chained_fp8	cc_split_swin_16h_ffwd_proj_512_chained_fp8
502	1	1788730399492321280	1788730399492431872	1000000000	110.592	cc_split_swin_16h_qkv_512_chained_fp8	cc_split_swin_16h_qkv_512_chained_fp8
503	1	1788730399492435968	1788730399492486144	1000000000	50.176	cc_split_swin_16h_proj_512_chained_fp8	cc_split_swin_16h_proj_512_chained_fp8
504	1	1788730399492490240	1788730399492581376	1000000000	91.136	cc_split_swin_16h_ffwd_512_chained_fp8	cc_split_swin_16h_ffwd_512_chained_fp8
505	1	1788730399492585472	1788730399492635648	1000000000	50.176	cc_split_swin_16h_ffwd_proj_512_chained_fp8	cc_split_swin_16h_ffwd_proj_512_chained_fp8
506	1	1788730399492639744	1788730399492747264	1000000000	107.52	cc_split_swin_16h_qkv_512_chained_fp8	cc_split_swin_16h_qkv_512_chained_fp8
507	1	1788730399492751360	1788730399492798464	1000000000	47.104	cc_split_swin_16h_proj_512_chained_fp8	cc_split_swin_16h_proj_512_chained_fp8
508	1	1788730399492802560	1788730399492894720	1000000000	92.16	cc_split_swin_16h_ffwd_512_chained_fp8	cc_split_swin_16h_ffwd_512_chained_fp8
509	1	1788730399492898816	1788730399492947968	1000000000	49.152	cc_split_swin_16h_ffwd_proj_512_chained_fp8	cc_split_swin_16h_ffwd_proj_512_chained_fp8
510	1	1788730399492952064	1788730399493039104	1000000000	87.04	cc_split_swin_16h_qkv_512_chained_fp8	cc_split_swin_16h_qkv_512_chained_fp8
511	1	1788730399493043200	1788730399493090304	1000000000	47.104	cc_split_swin_16h_proj_512_chained_fp8	cc_split_swin_16h_proj_512_chained_fp8
512	1	1788730399493093376	1788730399493185536	1000000000	92.16	cc_split_swin_16h_ffwd_512_chained_fp8	cc_split_swin_16h_ffwd_512_chained_fp8
513	1	1788730399493189632	1788730399493238784	1000000000	49.152	cc_split_swin_16h_ffwd_proj_512_chained_fp8	cc_split_swin_16h_ffwd_proj_512_chained_fp8
514	1	1788730399493243904	1788730399493352448	1000000000	108.544	cc_split_swin_16h_qkv_512_chained_fp8	cc_split_swin_16h_qkv_512_chained_fp8
515	1	1788730399493355520	1788730399493404672	1000000000	49.152	cc_split_swin_16h_proj_512_chained_fp8	cc_split_swin_16h_proj_512_chained_fp8
516	1	1788730399493408768	1788730399493499904	1000000000	91.136	cc_split_swin_16h_ffwd_512_chained_fp8	cc_split_swin_16h_ffwd_512_chained_fp8
517	1	1788730399493504000	1788730399493554176	1000000000	50.176	cc_split_swin_16h_ffwd_proj_512_chained_fp8	cc_split_swin_16h_ffwd_proj_512_chained_fp8
518	1	1788730399493558272	1788730399493666816	1000000000	108.544	cc_split_swin_16h_qkv_512_chained_fp8	cc_split_swin_16h_qkv_512_chained_fp8
519	1	1788730399493670912	1788730399493720064	1000000000	49.152	cc_split_swin_16h_proj_512_chained_fp8	cc_split_swin_16h_proj_512_chained_fp8
520	1	1788730399493724160	1788730399493815296	1000000000	91.136	cc_split_swin_16h_ffwd_512_chained_fp8	cc_split_swin_16h_ffwd_512_chained_fp8
521	1	1788730399493819392	1788730399493868544	1000000000	49.152	cc_split_swin_16h_ffwd_proj_512_chained_fp8	cc_split_swin_16h_ffwd_proj_512_chained_fp8
522	1	1788730399493872640	1788730399493981184	1000000000	108.544	cc_split_swin_16h_qkv_512_chained_fp8	cc_split_swin_16h_qkv_512_chained_fp8
523	1	1788730399493985280	1788730399494026240	1000000000	40.96	cc_split_swin_16h_proj_pool_512_chained_fp8	cc_split_swin_16h_proj_pool_512_chained_fp8
524	1	1788730399494030336	1788730399494060032	1000000000	29.696	cc_split_swin_16h_final_head_512_wait_fp8	cc_split_swin_16h_final_head_512_wait_fp8
525	1	1788730399494064128	1788730399494072320	1000000000	8.192	cc_vit_1d_repack_2d_to_1d_fp8	cc_vit_1d_repack_2d_to_1d_fp8
526	1	1788730399494075392	1788730399494253568	1000000000	178.176	cc_vit_1d_ffn_expand_publish_fp8	cc_vit_1d_ffn_expand_publish_fp8
527	1	1788730399494257664	1788730399494376448	1000000000	118.784	cc_vit_1d_ffn_contract_chained_fp8	cc_vit_1d_ffn_contract_chained_fp8
528	1	1788730399494380544	1788730399494480896	1000000000	100.352	cc_vit_1d_qkv_chained_fp8	cc_vit_1d_qkv_chained_fp8
529	1	1788730399494484992	1788730399494583296	1000000000	98.304	cc_vit_1d_attention_chained_fp8	cc_vit_1d_attention_chained_fp8
530	1	1788730399494586368	1788730399494633472	1000000000	47.104	cc_vit_1d_projection_chained_fp8	cc_vit_1d_projection_chained_fp8
531	1	1788730399494637568	1788730399494793216	1000000000	155.648	cc_vit_1d_ffn_expand_chained_fp8	cc_vit_1d_ffn_expand_chained_fp8
532	1	1788730399494797312	1788730399494916096	1000000000	118.784	cc_vit_1d_ffn_contract_chained_fp8	cc_vit_1d_ffn_contract_chained_fp8
533	1	1788730399494920192	1788730399495019520	1000000000	99.328	cc_vit_1d_qkv_chained_fp8	cc_vit_1d_qkv_chained_fp8
534	1	1788730399495023616	1788730399495121920	1000000000	98.304	cc_vit_1d_attention_chained_fp8	cc_vit_1d_attention_chained_fp8
535	1	1788730399495126016	1788730399495173120	1000000000	47.104	cc_vit_1d_projection_chained_fp8	cc_vit_1d_projection_chained_fp8
536	1	1788730399495177216	1788730399495330816	1000000000	153.6	cc_vit_1d_ffn_expand_chained_fp8	cc_vit_1d_ffn_expand_chained_fp8
537	1	1788730399495334912	1788730399495453696	1000000000	118.784	cc_vit_1d_ffn_contract_chained_fp8	cc_vit_1d_ffn_contract_chained_fp8
538	1	1788730399495457792	1788730399495557120	1000000000	99.328	cc_vit_1d_qkv_chained_fp8	cc_vit_1d_qkv_chained_fp8
539	1	1788730399495561216	1788730399495659520	1000000000	98.304	cc_vit_1d_attention_chained_fp8	cc_vit_1d_attention_chained_fp8
540	1	1788730399495663616	1788730399495711744	1000000000	48.128	cc_vit_1d_projection_chained_fp8	cc_vit_1d_projection_chained_fp8
541	1	1788730399495715840	1788730399495870464	1000000000	154.624	cc_vit_1d_ffn_expand_chained_fp8	cc_vit_1d_ffn_expand_chained_fp8
542	1	1788730399495874560	1788730399495992320	1000000000	117.76	cc_vit_1d_ffn_contract_chained_fp8	cc_vit_1d_ffn_contract_chained_fp8
543	1	1788730399495996416	1788730399496095744	1000000000	99.328	cc_vit_1d_qkv_chained_fp8	cc_vit_1d_qkv_chained_fp8
544	1	1788730399496099840	1788730399496198144	1000000000	98.304	cc_vit_1d_attention_chained_fp8	cc_vit_1d_attention_chained_fp8
545	1	1788730399496202240	1788730399496249344	1000000000	47.104	cc_vit_1d_projection_chained_fp8	cc_vit_1d_projection_chained_fp8
546	1	1788730399496253440	1788730399496406016	1000000000	152.576	cc_vit_1d_ffn_expand_chained_fp8	cc_vit_1d_ffn_expand_chained_fp8
547	1	1788730399496410112	1788730399496526848	1000000000	116.736	cc_vit_1d_ffn_contract_chained_fp8	cc_vit_1d_ffn_contract_chained_fp8
548	1	1788730399496530944	1788730399496631296	1000000000	100.352	cc_vit_1d_qkv_chained_fp8	cc_vit_1d_qkv_chained_fp8
549	1	1788730399496635392	1788730399496732672	1000000000	97.28	cc_vit_1d_attention_chained_fp8	cc_vit_1d_attention_chained_fp8
550	1	1788730399496736768	1788730399496784896	1000000000	48.128	cc_vit_1d_projection_chained_fp8	cc_vit_1d_projection_chained_fp8
551	1	1788730399496787968	1788730399496943616	1000000000	155.648	cc_vit_1d_ffn_expand_chained_fp8	cc_vit_1d_ffn_expand_chained_fp8
552	1	1788730399496947712	1788730399497066496	1000000000	118.784	cc_vit_1d_ffn_contract_chained_fp8	cc_vit_1d_ffn_contract_chained_fp8
553	1	1788730399497070592	1788730399497170944	1000000000	100.352	cc_vit_1d_qkv_chained_fp8	cc_vit_1d_qkv_chained_fp8
554	1	1788730399497175040	1788730399497273344	1000000000	98.304	cc_vit_1d_attention_chained_fp8	cc_vit_1d_attention_chained_fp8
555	1	1788730399497277440	1788730399497324544	1000000000	47.104	cc_vit_1d_projection_chained_fp8	cc_vit_1d_projection_chained_fp8
556	1	1788730399497328640	1788730399497481216	1000000000	152.576	cc_vit_1d_ffn_expand_chained_fp8	cc_vit_1d_ffn_expand_chained_fp8
557	1	1788730399497485312	1788730399497604096	1000000000	118.784	cc_vit_1d_ffn_contract_chained_fp8	cc_vit_1d_ffn_contract_chained_fp8
558	1	1788730399497608192	1788730399497706496	1000000000	98.304	cc_vit_1d_qkv_chained_fp8	cc_vit_1d_qkv_chained_fp8
559	1	1788730399497710592	1788730399497808896	1000000000	98.304	cc_vit_1d_attention_chained_fp8	cc_vit_1d_attention_chained_fp8
560	1	1788730399497812992	1788730399497860096	1000000000	47.104	cc_vit_1d_projection_chained_fp8	cc_vit_1d_projection_chained_fp8
561	1	1788730399497864192	1788730399498017792	1000000000	153.6	cc_vit_1d_ffn_expand_chained_fp8	cc_vit_1d_ffn_expand_chained_fp8
562	1	1788730399498021888	1788730399498139648	1000000000	117.76	cc_vit_1d_ffn_contract_chained_fp8	cc_vit_1d_ffn_contract_chained_fp8
563	1	1788730399498143744	1788730399498243072	1000000000	99.328	cc_vit_1d_qkv_chained_fp8	cc_vit_1d_qkv_chained_fp8
564	1	1788730399498247168	1788730399498345472	1000000000	98.304	cc_vit_1d_attention_chained_fp8	cc_vit_1d_attention_chained_fp8
565	1	1788730399498349568	1788730399498396672	1000000000	47.104	cc_vit_1d_projection_wait_fp8	cc_vit_1d_projection_wait_fp8
566	1	1788730399498400768	1788730399498407936	1000000000	7.168	cc_vit_1d_repack_1d_to_2d_fp8	cc_vit_1d_repack_1d_to_2d_fp8
567	1	1788730399498411008	1788730399498448896	1000000000	37.888	cc_dec_input_upsample_1024_512_tilesync_fp8	cc_dec_input_upsample_1024_512_tilesync_fp8
568	1	1788730399498452992	1788730399498545152	1000000000	92.16	cc_split_swin_16h_ffwd_512_chained_fp8	cc_split_swin_16h_ffwd_512_chained_fp8
569	1	1788730399498549248	1788730399498598400	1000000000	49.152	cc_split_swin_16h_ffwd_proj_512_chained_fp8	cc_split_swin_16h_ffwd_proj_512_chained_fp8
570	1	1788730399498602496	1788730399498688512	1000000000	86.016	cc_split_swin_16h_qkv_512_chained_fp8	cc_split_swin_16h_qkv_512_chained_fp8
571	1	1788730399498692608	1788730399498739712	1000000000	47.104	cc_split_swin_16h_proj_512_chained_fp8	cc_split_swin_16h_proj_512_chained_fp8
572	1	1788730399498743808	1788730399498834944	1000000000	91.136	cc_split_swin_16h_ffwd_512_chained_fp8	cc_split_swin_16h_ffwd_512_chained_fp8
573	1	1788730399498839040	1788730399498888192	1000000000	49.152	cc_split_swin_16h_ffwd_proj_512_chained_fp8	cc_split_swin_16h_ffwd_proj_512_chained_fp8
574	1	1788730399498893312	1788730399499001856	1000000000	108.544	cc_split_swin_16h_qkv_512_chained_fp8	cc_split_swin_16h_qkv_512_chained_fp8
575	1	1788730399499005952	1788730399499055104	1000000000	49.152	cc_split_swin_16h_proj_512_chained_fp8	cc_split_swin_16h_proj_512_chained_fp8
576	1	1788730399499059200	1788730399499150336	1000000000	91.136	cc_split_swin_16h_ffwd_512_chained_fp8	cc_split_swin_16h_ffwd_512_chained_fp8
577	1	1788730399499154432	1788730399499203584	1000000000	49.152	cc_split_swin_16h_ffwd_proj_512_chained_fp8	cc_split_swin_16h_ffwd_proj_512_chained_fp8
578	1	1788730399499207680	1788730399499316224	1000000000	108.544	cc_split_swin_16h_qkv_512_chained_fp8	cc_split_swin_16h_qkv_512_chained_fp8
579	1	1788730399499320320	1788730399499369472	1000000000	49.152	cc_split_swin_16h_proj_512_chained_fp8	cc_split_swin_16h_proj_512_chained_fp8
580	1	1788730399499373568	1788730399499465728	1000000000	92.16	cc_split_swin_16h_ffwd_512_chained_fp8	cc_split_swin_16h_ffwd_512_chained_fp8
581	1	1788730399499469824	1788730399499518976	1000000000	49.152	cc_split_swin_16h_ffwd_proj_512_chained_fp8	cc_split_swin_16h_ffwd_proj_512_chained_fp8
582	1	1788730399499523072	1788730399499630592	1000000000	107.52	cc_split_swin_16h_qkv_512_chained_fp8	cc_split_swin_16h_qkv_512_chained_fp8
583	1	1788730399499634688	1788730399499681792	1000000000	47.104	cc_split_swin_16h_proj_512_chained_fp8	cc_split_swin_16h_proj_512_chained_fp8
584	1	1788730399499685888	1788730399499777024	1000000000	91.136	cc_split_swin_16h_ffwd_512_chained_fp8	cc_split_swin_16h_ffwd_512_chained_fp8
585	1	1788730399499781120	1788730399499832320	1000000000	51.2	cc_split_swin_16h_ffwd_proj_512_chained_fp8	cc_split_swin_16h_ffwd_proj_512_chained_fp8
586	1	1788730399499836416	1788730399499924480	1000000000	88.064	cc_split_swin_16h_qkv_512_chained_fp8	cc_split_swin_16h_qkv_512_chained_fp8
587	1	1788730399499928576	1788730399499975680	1000000000	47.104	cc_split_swin_16h_proj_512_chained_fp8	cc_split_swin_16h_proj_512_chained_fp8
588	1	1788730399499979776	1788730399500071936	1000000000	92.16	cc_split_swin_16h_ffwd_512_chained_fp8	cc_split_swin_16h_ffwd_512_chained_fp8
589	1	1788730399500076032	1788730399500125184	1000000000	49.152	cc_split_swin_16h_ffwd_proj_512_chained_fp8	cc_split_swin_16h_ffwd_proj_512_chained_fp8
590	1	1788730399500129280	1788730399500239872	1000000000	110.592	cc_split_swin_16h_qkv_512_chained_fp8	cc_split_swin_16h_qkv_512_chained_fp8
591	1	1788730399500243968	1788730399500293120	1000000000	49.152	cc_split_swin_16h_proj_512_chained_fp8	cc_split_swin_16h_proj_512_chained_fp8
592	1	1788730399500297216	1788730399500389376	1000000000	92.16	cc_split_swin_16h_ffwd_512_chained_fp8	cc_split_swin_16h_ffwd_512_chained_fp8
593	1	1788730399500393472	1788730399500442624	1000000000	49.152	cc_split_swin_16h_ffwd_proj_512_chained_fp8	cc_split_swin_16h_ffwd_proj_512_chained_fp8
594	1	1788730399500446720	1788730399500557312	1000000000	110.592	cc_split_swin_16h_qkv_512_chained_fp8	cc_split_swin_16h_qkv_512_chained_fp8
595	1	1788730399500561408	1788730399500610560	1000000000	49.152	cc_split_swin_16h_proj_512_chained_fp8	cc_split_swin_16h_proj_512_chained_fp8
596	1	1788730399500614656	1788730399500706816	1000000000	92.16	cc_split_swin_16h_ffwd_512_chained_fp8	cc_split_swin_16h_ffwd_512_chained_fp8
597	1	1788730399500710912	1788730399500761088	1000000000	50.176	cc_split_swin_16h_ffwd_proj_512_chained_fp8	cc_split_swin_16h_ffwd_proj_512_chained_fp8
598	1	1788730399500765184	1788730399500872704	1000000000	107.52	cc_split_swin_16h_qkv_512_chained_fp8	cc_split_swin_16h_qkv_512_chained_fp8
599	1	1788730399500876800	1788730399500974080	1000000000	97.28	cc_split_swin_16h_proj_512_outview_wait_fp8	cc_split_swin_16h_proj_512_outview_wait_fp8
600	1	1788730399500978176	1788730399501346816	1000000000	368.64	cc_tinlayout_fused_swin_8h_256_8_upsample_tilesync_fp8	cc_tinlayout_fused_swin_8h_256_8_upsample_tilesync_fp8
601	1	1788730399501350912	1788730399501747200	1000000000	396.288	cc_tinlayout_fused_swin_8h_256_8_chained_fp8	cc_tinlayout_fused_swin_8h_256_8_chained_fp8
602	1	1788730399501751296	1788730399502138368	1000000000	387.072	cc_tinlayout_fused_swin_8h_256_8_chained_fp8	cc_tinlayout_fused_swin_8h_256_8_chained_fp8
603	1	1788730399502142464	1788730399502449664	1000000000	307.2	cc_tinlayout_fused_swin_8h_256_8_chained_fp8	cc_tinlayout_fused_swin_8h_256_8_chained_fp8
604	1	1788730399502453760	1788730399502766080	1000000000	312.32	cc_tinlayout_fused_swin_8h_256_8_chained_fp8	cc_tinlayout_fused_swin_8h_256_8_chained_fp8
605	1	1788730399502770176	1788730399503149056	1000000000	378.88	cc_tinlayout_fused_swin_8h_256_8_chained_fp8	cc_tinlayout_fused_swin_8h_256_8_chained_fp8
606	1	1788730399503154176	1788730399503942656	1000000000	788.48	cc_tinlayout_fused_swin_8h_256_8_chained_fp8	cc_tinlayout_fused_swin_8h_256_8_chained_fp8
607	1	1788730399503947776	1788730399504677888	1000000000	730.112	cc_tinlayout_fused_swin_8h_256_8_outview_wait_fp8	cc_tinlayout_fused_swin_8h_256_8_outview_wait_fp8
608	1	1788730399504681984	1788730399505123328	1000000000	441.344	cc_tinlayout_fused_swin_4h_128_4_upsample_tilesync_fp8	cc_tinlayout_fused_swin_4h_128_4_upsample_tilesync_fp8
609	1	1788730399505127424	1788730399505453056	1000000000	325.632	cc_tinlayout_fused_swin_4h_128_4_chained_fp8	cc_tinlayout_fused_swin_4h_128_4_chained_fp8
610	1	1788730399505457152	1788730399505773568	1000000000	316.416	cc_tinlayout_fused_swin_4h_128_4_chained_fp8	cc_tinlayout_fused_swin_4h_128_4_chained_fp8
611	1	1788730399505776640	1788730399506099200	1000000000	322.56	cc_tinlayout_fused_swin_4h_128_4_chained_fp8	cc_tinlayout_fused_swin_4h_128_4_chained_fp8
612	1	1788730399506102272	1788730399506427904	1000000000	325.632	cc_tinlayout_fused_swin_4h_128_4_chained_fp8	cc_tinlayout_fused_swin_4h_128_4_chained_fp8
613	1	1788730399506432000	1788730399506757632	1000000000	325.632	cc_tinlayout_fused_swin_4h_128_4_outview_wait_fp8	cc_tinlayout_fused_swin_4h_128_4_outview_wait_fp8
614	1	1788730399506761728	1788730399507428352	1000000000	666.624	cc_tinlayout_fused_swin_2h_64_2_upsample_tilesync_fp8	cc_tinlayout_fused_swin_2h_64_2_upsample_tilesync_fp8
615	1	1788730399507431424	1788730399507953664	1000000000	522.24	cc_tinlayout_fused_swin_2h_64_2_chained_fp8	cc_tinlayout_fused_swin_2h_64_2_chained_fp8
616	1	1788730399507957760	1788730399508451328	1000000000	493.568	cc_tinlayout_fused_swin_2h_64_2_chained_fp8	cc_tinlayout_fused_swin_2h_64_2_chained_fp8
617	1	1788730399508455424	1788730399508947968	1000000000	492.544	cc_tinlayout_fused_swin_2h_64_2_outview_wait_fp8	cc_tinlayout_fused_swin_2h_64_2_outview_wait_fp8
618	1	1788730399508952064	1788730399510226944	1000000000	1274.88	cc_tinlayout_fused_swin_1h_32_1_upsample_tilesync_fp8	cc_tinlayout_fused_swin_1h_32_1_upsample_tilesync_fp8
619	1	1788730399510231040	1788730399511069696	1000000000	838.656	cc_tinlayout_fused_swin_1h_32_1_chained_fp8	cc_tinlayout_fused_swin_1h_32_1_chained_fp8
620	1	1788730399511073792	1788730399511878656	1000000000	804.864	cc_tinlayout_fused_swin_1h_32_1_chained_fp8	cc_tinlayout_fused_swin_1h_32_1_chained_fp8
621	1	1788730399511882752	1788730399512921088	1000000000	1038.34	cc_tinlayout_fused_swin_1h_32_1_outview_wait_fp8	cc_tinlayout_fused_swin_1h_32_1_outview_wait_fp8
622	1	1788730399512925184	1788730399518196736	1000000000	5271.55	cc_tinlayout_fused_post_block_swin_1h_32_fp8	cc_tinlayout_fused_post_block_swin_1h_32_fp8
623	1	1788730399518200832	1788730399518243840	1000000000	43.008	cg2r_copy_kernel	cg2r_copy_kernel
624	1	1788730399706813440	1788730399706816512	1000000000	3.072	cc_cb_clear	cc_cb_clear
625	1	1788730399706820608	1788730399711332352	1000000000	4511.74	cc_tinlayout_fused_pre_block_swin_1h_32_1_ds_fp8	cc_tinlayout_fused_pre_block_swin_1h_32_1_ds_fp8
626	1	1788730399711336448	1788730399712076800	1000000000	740.352	cc_tinlayout_fused_swin_1h_32_1_inpview_tilesync_fp8	cc_tinlayout_fused_swin_1h_32_1_inpview_tilesync_fp8
627	1	1788730399712080896	1788730399712933888	1000000000	852.992	cc_tinlayout_fused_swin_1h_32_1_chained_fp8	cc_tinlayout_fused_swin_1h_32_1_chained_fp8
628	1	1788730399712936960	1788730399713768448	1000000000	831.488	cc_tinlayout_fused_swin_1h_32_1_chained_fp8	cc_tinlayout_fused_swin_1h_32_1_chained_fp8
629	1	1788730399713772544	1788730399714628608	1000000000	856.064	cc_tinlayout_fused_swin_1h_32_1_ds_wait_fp8	cc_tinlayout_fused_swin_1h_32_1_ds_wait_fp8
630	1	1788730399714632704	1788730399715122176	1000000000	489.472	cc_tinlayout_fused_swin_2h_64_2_inpview_tilesync_fp8	cc_tinlayout_fused_swin_2h_64_2_inpview_tilesync_fp8
631	1	1788730399715126272	1788730399715651584	1000000000	525.312	cc_tinlayout_fused_swin_2h_64_2_chained_fp8	cc_tinlayout_fused_swin_2h_64_2_chained_fp8
632	1	1788730399715655680	1788730399716148224	1000000000	492.544	cc_tinlayout_fused_swin_2h_64_2_chained_fp8	cc_tinlayout_fused_swin_2h_64_2_chained_fp8
633	1	1788730399716152320	1788730399716678656	1000000000	526.336	cc_tinlayout_fused_swin_2h_64_2_ds_wait_fp8	cc_tinlayout_fused_swin_2h_64_2_ds_wait_fp8
634	1	1788730399716683776	1788730399717017600	1000000000	333.824	cc_tinlayout_fused_swin_4h_128_4_inpview_tilesync_fp8	cc_tinlayout_fused_swin_4h_128_4_inpview_tilesync_fp8
635	1	1788730399717021696	1788730399717350400	1000000000	328.704	cc_tinlayout_fused_swin_4h_128_4_chained_fp8	cc_tinlayout_fused_swin_4h_128_4_chained_fp8
636	1	1788730399717354496	1788730399717672960	1000000000	318.464	cc_tinlayout_fused_swin_4h_128_4_chained_fp8	cc_tinlayout_fused_swin_4h_128_4_chained_fp8
637	1	1788730399717677056	1788730399717998592	1000000000	321.536	cc_tinlayout_fused_swin_4h_128_4_chained_fp8	cc_tinlayout_fused_swin_4h_128_4_chained_fp8
638	1	1788730399718003712	1788730399718326272	1000000000	322.56	cc_tinlayout_fused_swin_4h_128_4_chained_fp8	cc_tinlayout_fused_swin_4h_128_4_chained_fp8
639	1	1788730399718331392	1788730399718691840	1000000000	360.448	cc_tinlayout_fused_swin_4h_128_4_ds_wait_fp8	cc_tinlayout_fused_swin_4h_128_4_ds_wait_fp8
640	1	1788730399718695936	1788730399719008256	1000000000	312.32	cc_tinlayout_fused_swin_8h_256_8_inpview_tilesync_fp8	cc_tinlayout_fused_swin_8h_256_8_inpview_tilesync_fp8
641	1	1788730399719012352	1788730399719409664	1000000000	397.312	cc_tinlayout_fused_swin_8h_256_8_chained_fp8	cc_tinlayout_fused_swin_8h_256_8_chained_fp8
642	1	1788730399719413760	1788730399719809024	1000000000	395.264	cc_tinlayout_fused_swin_8h_256_8_chained_fp8	cc_tinlayout_fused_swin_8h_256_8_chained_fp8
643	1	1788730399719813120	1788730399720122368	1000000000	309.248	cc_tinlayout_fused_swin_8h_256_8_chained_fp8	cc_tinlayout_fused_swin_8h_256_8_chained_fp8
644	1	1788730399720126464	1788730399720440832	1000000000	314.368	cc_tinlayout_fused_swin_8h_256_8_chained_fp8	cc_tinlayout_fused_swin_8h_256_8_chained_fp8
645	1	1788730399720444928	1788730399720830976	1000000000	386.048	cc_tinlayout_fused_swin_8h_256_8_chained_fp8	cc_tinlayout_fused_swin_8h_256_8_chained_fp8
646	1	1788730399720835072	1788730399721222144	1000000000	387.072	cc_tinlayout_fused_swin_8h_256_8_chained_fp8	cc_tinlayout_fused_swin_8h_256_8_chained_fp8
647	1	1788730399721227264	1788730399721578496	1000000000	351.232	cc_tinlayout_fused_swin_8h_256_8_ds_wait_fp8	cc_tinlayout_fused_swin_8h_256_8_ds_wait_fp8
648	1	1788730399721582592	1788730399721676800	1000000000	94.208	cc_split_swin_16h_ffwd_inpview_512_tilesync_fp8	cc_split_swin_16h_ffwd_inpview_512_tilesync_fp8
649	1	1788730399721680896	1788730399721769984	1000000000	89.088	cc_split_swin_16h_ffwd_proj_inpview_512_chained_fp8	cc_split_swin_16h_ffwd_proj_inpview_512_chained_fp8
650	1	1788730399721774080	1788730399721861120	1000000000	87.04	cc_split_swin_16h_qkv_512_chained_fp8	cc_split_swin_16h_qkv_512_chained_fp8
651	1	1788730399721865216	1788730399721913344	1000000000	48.128	cc_split_swin_16h_proj_512_chained_fp8	cc_split_swin_16h_proj_512_chained_fp8
652	1	1788730399721916416	1788730399722008576	1000000000	92.16	cc_split_swin_16h_ffwd_512_chained_fp8	cc_split_swin_16h_ffwd_512_chained_fp8
653	1	1788730399722011648	1788730399722060800	1000000000	49.152	cc_split_swin_16h_ffwd_proj_512_chained_fp8	cc_split_swin_16h_ffwd_proj_512_chained_fp8
654	1	1788730399722064896	1788730399722174464	1000000000	109.568	cc_split_swin_16h_qkv_512_chained_fp8	cc_split_swin_16h_qkv_512_chained_fp8
655	1	1788730399722178560	1788730399722227712	1000000000	49.152	cc_split_swin_16h_proj_512_chained_fp8	cc_split_swin_16h_proj_512_chained_fp8
656	1	1788730399722231808	1788730399722324992	1000000000	93.184	cc_split_swin_16h_ffwd_512_chained_fp8	cc_split_swin_16h_ffwd_512_chained_fp8
657	1	1788730399722328064	1788730399722379264	1000000000	51.2	cc_split_swin_16h_ffwd_proj_512_chained_fp8	cc_split_swin_16h_ffwd_proj_512_chained_fp8
658	1	1788730399722383360	1788730399722489856	1000000000	106.496	cc_split_swin_16h_qkv_512_chained_fp8	cc_split_swin_16h_qkv_512_chained_fp8
659	1	1788730399722493952	1788730399722544128	1000000000	50.176	cc_split_swin_16h_proj_512_chained_fp8	cc_split_swin_16h_proj_512_chained_fp8
660	1	1788730399722548224	1788730399722640384	1000000000	92.16	cc_split_swin_16h_ffwd_512_chained_fp8	cc_split_swin_16h_ffwd_512_chained_fp8
661	1	1788730399722644480	1788730399722693632	1000000000	49.152	cc_split_swin_16h_ffwd_proj_512_chained_fp8	cc_split_swin_16h_ffwd_proj_512_chained_fp8
662	1	1788730399722697728	1788730399722804224	1000000000	106.496	cc_split_swin_16h_qkv_512_chained_fp8	cc_split_swin_16h_qkv_512_chained_fp8
663	1	1788730399722808320	1788730399722855424	1000000000	47.104	cc_split_swin_16h_proj_512_chained_fp8	cc_split_swin_16h_proj_512_chained_fp8
664	1	1788730399722859520	1788730399722951680	1000000000	92.16	cc_split_swin_16h_ffwd_512_chained_fp8	cc_split_swin_16h_ffwd_512_chained_fp8
665	1	1788730399722955776	1788730399723003904	1000000000	48.128	cc_split_swin_16h_ffwd_proj_512_chained_fp8	cc_split_swin_16h_ffwd_proj_512_chained_fp8
666	1	1788730399723009024	1788730399723095040	1000000000	86.016	cc_split_swin_16h_qkv_512_chained_fp8	cc_split_swin_16h_qkv_512_chained_fp8
667	1	1788730399723099136	1788730399723146240	1000000000	47.104	cc_split_swin_16h_proj_512_chained_fp8	cc_split_swin_16h_proj_512_chained_fp8
668	1	1788730399723150336	1788730399723241472	1000000000	91.136	cc_split_swin_16h_ffwd_512_chained_fp8	cc_split_swin_16h_ffwd_512_chained_fp8
669	1	1788730399723245568	1788730399723294720	1000000000	49.152	cc_split_swin_16h_ffwd_proj_512_chained_fp8	cc_split_swin_16h_ffwd_proj_512_chained_fp8
670	1	1788730399723298816	1788730399723406336	1000000000	107.52	cc_split_swin_16h_qkv_512_chained_fp8	cc_split_swin_16h_qkv_512_chained_fp8
671	1	1788730399723410432	1788730399723458560	1000000000	48.128	cc_split_swin_16h_proj_512_chained_fp8	cc_split_swin_16h_proj_512_chained_fp8
672	1	1788730399723462656	1788730399723554816	1000000000	92.16	cc_split_swin_16h_ffwd_512_chained_fp8	cc_split_swin_16h_ffwd_512_chained_fp8
673	1	1788730399723558912	1788730399723608064	1000000000	49.152	cc_split_swin_16h_ffwd_proj_512_chained_fp8	cc_split_swin_16h_ffwd_proj_512_chained_fp8
674	1	1788730399723612160	1788730399723721728	1000000000	109.568	cc_split_swin_16h_qkv_512_chained_fp8	cc_split_swin_16h_qkv_512_chained_fp8
675	1	1788730399723725824	1788730399723774976	1000000000	49.152	cc_split_swin_16h_proj_512_chained_fp8	cc_split_swin_16h_proj_512_chained_fp8
676	1	1788730399723778048	1788730399723870208	1000000000	92.16	cc_split_swin_16h_ffwd_512_chained_fp8	cc_split_swin_16h_ffwd_512_chained_fp8
677	1	1788730399723874304	1788730399723923456	1000000000	49.152	cc_split_swin_16h_ffwd_proj_512_chained_fp8	cc_split_swin_16h_ffwd_proj_512_chained_fp8
678	1	1788730399723927552	1788730399724035072	1000000000	107.52	cc_split_swin_16h_qkv_512_chained_fp8	cc_split_swin_16h_qkv_512_chained_fp8
679	1	1788730399724039168	1788730399724080128	1000000000	40.96	cc_split_swin_16h_proj_pool_512_chained_fp8	cc_split_swin_16h_proj_pool_512_chained_fp8
680	1	1788730399724084224	1788730399724114944	1000000000	30.72	cc_split_swin_16h_final_head_512_wait_fp8	cc_split_swin_16h_final_head_512_wait_fp8
681	1	1788730399724119040	1788730399724126208	1000000000	7.168	cc_vit_1d_repack_2d_to_1d_fp8	cc_vit_1d_repack_2d_to_1d_fp8
682	1	1788730399724130304	1788730399724308480	1000000000	178.176	cc_vit_1d_ffn_expand_publish_fp8	cc_vit_1d_ffn_expand_publish_fp8
683	1	1788730399724312576	1788730399724430336	1000000000	117.76	cc_vit_1d_ffn_contract_chained_fp8	cc_vit_1d_ffn_contract_chained_fp8
684	1	1788730399724434432	1788730399724534784	1000000000	100.352	cc_vit_1d_qkv_chained_fp8	cc_vit_1d_qkv_chained_fp8
685	1	1788730399724538880	1788730399724637184	1000000000	98.304	cc_vit_1d_attention_chained_fp8	cc_vit_1d_attention_chained_fp8
686	1	1788730399724641280	1788730399724688384	1000000000	47.104	cc_vit_1d_projection_chained_fp8	cc_vit_1d_projection_chained_fp8
687	1	1788730399724692480	1788730399724848128	1000000000	155.648	cc_vit_1d_ffn_expand_chained_fp8	cc_vit_1d_ffn_expand_chained_fp8
688	1	1788730399724853248	1788730399724971008	1000000000	117.76	cc_vit_1d_ffn_contract_chained_fp8	cc_vit_1d_ffn_contract_chained_fp8
689	1	1788730399724975104	1788730399725074432	1000000000	99.328	cc_vit_1d_qkv_chained_fp8	cc_vit_1d_qkv_chained_fp8
690	1	1788730399725078528	1788730399725176832	1000000000	98.304	cc_vit_1d_attention_chained_fp8	cc_vit_1d_attention_chained_fp8
691	1	1788730399725179904	1788730399725229056	1000000000	49.152	cc_vit_1d_projection_chained_fp8	cc_vit_1d_projection_chained_fp8
692	1	1788730399725233152	1788730399725390848	1000000000	157.696	cc_vit_1d_ffn_expand_chained_fp8	cc_vit_1d_ffn_expand_chained_fp8
693	1	1788730399725394944	1788730399725512704	1000000000	117.76	cc_vit_1d_ffn_contract_chained_fp8	cc_vit_1d_ffn_contract_chained_fp8
694	1	1788730399725516800	1788730399725617152	1000000000	100.352	cc_vit_1d_qkv_chained_fp8	cc_vit_1d_qkv_chained_fp8
695	1	1788730399725621248	1788730399725718528	1000000000	97.28	cc_vit_1d_attention_chained_fp8	cc_vit_1d_attention_chained_fp8
696	1	1788730399725722624	1788730399725770752	1000000000	48.128	cc_vit_1d_projection_chained_fp8	cc_vit_1d_projection_chained_fp8
697	1	1788730399725775872	1788730399725932544	1000000000	156.672	cc_vit_1d_ffn_expand_chained_fp8	cc_vit_1d_ffn_expand_chained_fp8
698	1	1788730399725936640	1788730399726053376	1000000000	116.736	cc_vit_1d_ffn_contract_chained_fp8	cc_vit_1d_ffn_contract_chained_fp8
699	1	1788730399726057472	1788730399726157824	1000000000	100.352	cc_vit_1d_qkv_chained_fp8	cc_vit_1d_qkv_chained_fp8
700	1	1788730399726161920	1788730399726638080	1000000000	476.16	cc_vit_1d_attention_chained_fp8	cc_vit_1d_attention_chained_fp8
701	1	1788730399726646272	1788730399726695424	1000000000	49.152	cc_vit_1d_projection_chained_fp8	cc_vit_1d_projection_chained_fp8
702	1	1788730399726699520	1788730399726855168	1000000000	155.648	cc_vit_1d_ffn_expand_chained_fp8	cc_vit_1d_ffn_expand_chained_fp8
703	1	1788730399726858240	1788730399726976000	1000000000	117.76	cc_vit_1d_ffn_contract_chained_fp8	cc_vit_1d_ffn_contract_chained_fp8
704	1	1788730399726980096	1788730399727626240	1000000000	646.144	cc_vit_1d_qkv_chained_fp8	cc_vit_1d_qkv_chained_fp8
705	1	1788730399727634432	1788730399727734784	1000000000	100.352	cc_vit_1d_attention_chained_fp8	cc_vit_1d_attention_chained_fp8
706	1	1788730399727737856	1788730399727784960	1000000000	47.104	cc_vit_1d_projection_chained_fp8	cc_vit_1d_projection_chained_fp8
707	1	1788730399727789056	1788730399727941632	1000000000	152.576	cc_vit_1d_ffn_expand_chained_fp8	cc_vit_1d_ffn_expand_chained_fp8
708	1	1788730399727945728	1788730399728063488	1000000000	117.76	cc_vit_1d_ffn_contract_chained_fp8	cc_vit_1d_ffn_contract_chained_fp8
709	1	1788730399728067584	1788730399728167936	1000000000	100.352	cc_vit_1d_qkv_chained_fp8	cc_vit_1d_qkv_chained_fp8
710	1	1788730399728172032	1788730399728270336	1000000000	98.304	cc_vit_1d_attention_chained_fp8	cc_vit_1d_attention_chained_fp8
711	1	1788730399728274432	1788730399728321536	1000000000	47.104	cc_vit_1d_projection_chained_fp8	cc_vit_1d_projection_chained_fp8
712	1	1788730399728325632	1788730399728479232	1000000000	153.6	cc_vit_1d_ffn_expand_chained_fp8	cc_vit_1d_ffn_expand_chained_fp8
713	1	1788730399728483328	1788730399728602112	1000000000	118.784	cc_vit_1d_ffn_contract_chained_fp8	cc_vit_1d_ffn_contract_chained_fp8
714	1	1788730399728606208	1788730399728706560	1000000000	100.352	cc_vit_1d_qkv_chained_fp8	cc_vit_1d_qkv_chained_fp8
715	1	1788730399728710656	1788730399728807936	1000000000	97.28	cc_vit_1d_attention_chained_fp8	cc_vit_1d_attention_chained_fp8
716	1	1788730399728812032	1788730399728860160	1000000000	48.128	cc_vit_1d_projection_chained_fp8	cc_vit_1d_projection_chained_fp8
717	1	1788730399728864256	1788730399729016832	1000000000	152.576	cc_vit_1d_ffn_expand_chained_fp8	cc_vit_1d_ffn_expand_chained_fp8
718	1	1788730399729020928	1788730399729139712	1000000000	118.784	cc_vit_1d_ffn_contract_chained_fp8	cc_vit_1d_ffn_contract_chained_fp8
719	1	1788730399729143808	1788730399729244160	1000000000	100.352	cc_vit_1d_qkv_chained_fp8	cc_vit_1d_qkv_chained_fp8
720	1	1788730399729248256	1788730399729346560	1000000000	98.304	cc_vit_1d_attention_chained_fp8	cc_vit_1d_attention_chained_fp8
721	1	1788730399729349632	1788730399729397760	1000000000	48.128	cc_vit_1d_projection_wait_fp8	cc_vit_1d_projection_wait_fp8
722	1	1788730399729401856	1788730399729409024	1000000000	7.168	cc_vit_1d_repack_1d_to_2d_fp8	cc_vit_1d_repack_1d_to_2d_fp8
723	1	1788730399729413120	1788730399729452032	1000000000	38.912	cc_dec_input_upsample_1024_512_tilesync_fp8	cc_dec_input_upsample_1024_512_tilesync_fp8
724	1	1788730399729456128	1788730399729548288	1000000000	92.16	cc_split_swin_16h_ffwd_512_chained_fp8	cc_split_swin_16h_ffwd_512_chained_fp8
725	1	1788730399729551360	1788730399729601536	1000000000	50.176	cc_split_swin_16h_ffwd_proj_512_chained_fp8	cc_split_swin_16h_ffwd_proj_512_chained_fp8
726	1	1788730399729605632	1788730399729691648	1000000000	86.016	cc_split_swin_16h_qkv_512_chained_fp8	cc_split_swin_16h_qkv_512_chained_fp8
727	1	1788730399729698048	1788730399729745920	1000000000	47.872	cc_split_swin_16h_proj_512_chained_fp8	cc_split_swin_16h_proj_512_chained_fp8
728	1	1788730399729748992	1788730399729841152	1000000000	92.16	cc_split_swin_16h_ffwd_512_chained_fp8	cc_split_swin_16h_ffwd_512_chained_fp8
729	1	1788730399729845248	1788730399729894400	1000000000	49.152	cc_split_swin_16h_ffwd_proj_512_chained_fp8	cc_split_swin_16h_ffwd_proj_512_chained_fp8
730	1	1788730399729898496	1788730399730006016	1000000000	107.52	cc_split_swin_16h_qkv_512_chained_fp8	cc_split_swin_16h_qkv_512_chained_fp8
731	1	1788730399730010112	1788730399730059264	1000000000	49.152	cc_split_swin_16h_proj_512_chained_fp8	cc_split_swin_16h_proj_512_chained_fp8
732	1	1788730399730062336	1788730399730154496	1000000000	92.16	cc_split_swin_16h_ffwd_512_chained_fp8	cc_split_swin_16h_ffwd_512_chained_fp8
733	1	1788730399730158592	1788730399730207744	1000000000	49.152	cc_split_swin_16h_ffwd_proj_512_chained_fp8	cc_split_swin_16h_ffwd_proj_512_chained_fp8
734	1	1788730399730211840	1788730399730318336	1000000000	106.496	cc_split_swin_16h_qkv_512_chained_fp8	cc_split_swin_16h_qkv_512_chained_fp8
735	1	1788730399730322432	1788730399730370560	1000000000	48.128	cc_split_swin_16h_proj_512_chained_fp8	cc_split_swin_16h_proj_512_chained_fp8
736	1	1788730399730374656	1788730399730466816	1000000000	92.16	cc_split_swin_16h_ffwd_512_chained_fp8	cc_split_swin_16h_ffwd_512_chained_fp8
737	1	1788730399730470912	1788730399730520064	1000000000	49.152	cc_split_swin_16h_ffwd_proj_512_chained_fp8	cc_split_swin_16h_ffwd_proj_512_chained_fp8
738	1	1788730399730525440	1788730399730633728	1000000000	108.288	cc_split_swin_16h_qkv_512_chained_fp8	cc_split_swin_16h_qkv_512_chained_fp8
739	1	1788730399730637824	1788730399730684928	1000000000	47.104	cc_split_swin_16h_proj_512_chained_fp8	cc_split_swin_16h_proj_512_chained_fp8
740	1	1788730399730689024	1788730399730780160	1000000000	91.136	cc_split_swin_16h_ffwd_512_chained_fp8	cc_split_swin_16h_ffwd_512_chained_fp8
741	1	1788730399730784256	1788730399730835456	1000000000	51.2	cc_split_swin_16h_ffwd_proj_512_chained_fp8	cc_split_swin_16h_ffwd_proj_512_chained_fp8
742	1	1788730399730839552	1788730399730927616	1000000000	88.064	cc_split_swin_16h_qkv_512_chained_fp8	cc_split_swin_16h_qkv_512_chained_fp8
743	1	1788730399730931712	1788730399730977792	1000000000	46.08	cc_split_swin_16h_proj_512_chained_fp8	cc_split_swin_16h_proj_512_chained_fp8
744	1	1788730399730981888	1788730399731074048	1000000000	92.16	cc_split_swin_16h_ffwd_512_chained_fp8	cc_split_swin_16h_ffwd_512_chained_fp8
745	1	1788730399731078144	1788730399731126272	1000000000	48.128	cc_split_swin_16h_ffwd_proj_512_chained_fp8	cc_split_swin_16h_ffwd_proj_512_chained_fp8
746	1	1788730399731130368	1788730399731239936	1000000000	109.568	cc_split_swin_16h_qkv_512_chained_fp8	cc_split_swin_16h_qkv_512_chained_fp8
747	1	1788730399731244032	1788730399731293184	1000000000	49.152	cc_split_swin_16h_proj_512_chained_fp8	cc_split_swin_16h_proj_512_chained_fp8
748	1	1788730399731297280	1788730399731389440	1000000000	92.16	cc_split_swin_16h_ffwd_512_chained_fp8	cc_split_swin_16h_ffwd_512_chained_fp8
749	1	1788730399731393536	1788730399731441664	1000000000	48.128	cc_split_swin_16h_ffwd_proj_512_chained_fp8	cc_split_swin_16h_ffwd_proj_512_chained_fp8
750	1	1788730399731445760	1788730399731553280	1000000000	107.52	cc_split_swin_16h_qkv_512_chained_fp8	cc_split_swin_16h_qkv_512_chained_fp8
751	1	1788730399731557376	1788730399731606528	1000000000	49.152	cc_split_swin_16h_proj_512_chained_fp8	cc_split_swin_16h_proj_512_chained_fp8
752	1	1788730399731610624	1788730399731703808	1000000000	93.184	cc_split_swin_16h_ffwd_512_chained_fp8	cc_split_swin_16h_ffwd_512_chained_fp8
753	1	1788730399731706880	1788730399731756032	1000000000	49.152	cc_split_swin_16h_ffwd_proj_512_chained_fp8	cc_split_swin_16h_ffwd_proj_512_chained_fp8
754	1	1788730399731760128	1788730399731866624	1000000000	106.496	cc_split_swin_16h_qkv_512_chained_fp8	cc_split_swin_16h_qkv_512_chained_fp8
755	1	1788730399731870720	1788730399731961856	1000000000	91.136	cc_split_swin_16h_proj_512_outview_wait_fp8	cc_split_swin_16h_proj_512_outview_wait_fp8
756	1	1788730399731965952	1788730399732335616	1000000000	369.664	cc_tinlayout_fused_swin_8h_256_8_upsample_tilesync_fp8	cc_tinlayout_fused_swin_8h_256_8_upsample_tilesync_fp8
757	1	1788730399732340736	1788730399733141504	1000000000	800.768	cc_tinlayout_fused_swin_8h_256_8_chained_fp8	cc_tinlayout_fused_swin_8h_256_8_chained_fp8
758	1	1788730399733146624	1788730399733533696	1000000000	387.072	cc_tinlayout_fused_swin_8h_256_8_chained_fp8	cc_tinlayout_fused_swin_8h_256_8_chained_fp8
759	1	1788730399733537792	1788730399733838848	1000000000	301.056	cc_tinlayout_fused_swin_8h_256_8_chained_fp8	cc_tinlayout_fused_swin_8h_256_8_chained_fp8
760	1	1788730399733842944	1788730399734156288	1000000000	313.344	cc_tinlayout_fused_swin_8h_256_8_chained_fp8	cc_tinlayout_fused_swin_8h_256_8_chained_fp8
761	1	1788730399734160384	1788730399734536192	1000000000	375.808	cc_tinlayout_fused_swin_8h_256_8_chained_fp8	cc_tinlayout_fused_swin_8h_256_8_chained_fp8
762	1	1788730399734540288	1788730399734937600	1000000000	397.312	cc_tinlayout_fused_swin_8h_256_8_chained_fp8	cc_tinlayout_fused_swin_8h_256_8_chained_fp8
763	1	1788730399734941696	1788730399735240704	1000000000	299.008	cc_tinlayout_fused_swin_8h_256_8_outview_wait_fp8	cc_tinlayout_fused_swin_8h_256_8_outview_wait_fp8
764	1	1788730399735244800	1788730399735688192	1000000000	443.392	cc_tinlayout_fused_swin_4h_128_4_upsample_tilesync_fp8	cc_tinlayout_fused_swin_4h_128_4_upsample_tilesync_fp8
765	1	1788730399735693312	1788730399736019968	1000000000	326.656	cc_tinlayout_fused_swin_4h_128_4_chained_fp8	cc_tinlayout_fused_swin_4h_128_4_chained_fp8
766	1	1788730399736023040	1788730399736339456	1000000000	316.416	cc_tinlayout_fused_swin_4h_128_4_chained_fp8	cc_tinlayout_fused_swin_4h_128_4_chained_fp8
767	1	1788730399736343552	1788730399736668160	1000000000	324.608	cc_tinlayout_fused_swin_4h_128_4_chained_fp8	cc_tinlayout_fused_swin_4h_128_4_chained_fp8
768	1	1788730399736672256	1788730399736992768	1000000000	320.512	cc_tinlayout_fused_swin_4h_128_4_chained_fp8	cc_tinlayout_fused_swin_4h_128_4_chained_fp8
769	1	1788730399736996864	1788730399737320448	1000000000	323.584	cc_tinlayout_fused_swin_4h_128_4_outview_wait_fp8	cc_tinlayout_fused_swin_4h_128_4_outview_wait_fp8
770	1	1788730399737324544	1788730399737991168	1000000000	666.624	cc_tinlayout_fused_swin_2h_64_2_upsample_tilesync_fp8	cc_tinlayout_fused_swin_2h_64_2_upsample_tilesync_fp8
771	1	1788730399737995264	1788730399738519552	1000000000	524.288	cc_tinlayout_fused_swin_2h_64_2_chained_fp8	cc_tinlayout_fused_swin_2h_64_2_chained_fp8
772	1	1788730399738523648	1788730399739016192	1000000000	492.544	cc_tinlayout_fused_swin_2h_64_2_chained_fp8	cc_tinlayout_fused_swin_2h_64_2_chained_fp8
773	1	1788730399739020288	1788730399739512832	1000000000	492.544	cc_tinlayout_fused_swin_2h_64_2_outview_wait_fp8	cc_tinlayout_fused_swin_2h_64_2_outview_wait_fp8
774	1	1788730399739516928	1788730399740780544	1000000000	1263.62	cc_tinlayout_fused_swin_1h_32_1_upsample_tilesync_fp8	cc_tinlayout_fused_swin_1h_32_1_upsample_tilesync_fp8
775	1	1788730399740784640	1788730399741627392	1000000000	842.752	cc_tinlayout_fused_swin_1h_32_1_chained_fp8	cc_tinlayout_fused_swin_1h_32_1_chained_fp8
776	1	1788730399741631488	1788730399742446592	1000000000	815.104	cc_tinlayout_fused_swin_1h_32_1_chained_fp8	cc_tinlayout_fused_swin_1h_32_1_chained_fp8
777	1	1788730399742450688	1788730399743492096	1000000000	1041.41	cc_tinlayout_fused_swin_1h_32_1_outview_wait_fp8	cc_tinlayout_fused_swin_1h_32_1_outview_wait_fp8
778	1	1788730399743496192	1788730399748726784	1000000000	5230.59	cc_tinlayout_fused_post_block_swin_1h_32_fp8	cc_tinlayout_fused_post_block_swin_1h_32_fp8
779	1	1788730399748730880	1788730399748770816	1000000000	39.936	cg2r_copy_kernel	cg2r_copy_kernel
780	1	1788730399939014656	1788730399939018752	1000000000	4.096	cc_cb_clear	cc_cb_clear
781	1	1788730399939022848	1788730399943532544	1000000000	4509.7	cc_tinlayout_fused_pre_block_swin_1h_32_1_ds_fp8	cc_tinlayout_fused_pre_block_swin_1h_32_1_ds_fp8
782	1	1788730399943536640	1788730399944276992	1000000000	740.352	cc_tinlayout_fused_swin_1h_32_1_inpview_tilesync_fp8	cc_tinlayout_fused_swin_1h_32_1_inpview_tilesync_fp8
783	1	1788730399944281088	1788730399945136128	1000000000	855.04	cc_tinlayout_fused_swin_1h_32_1_chained_fp8	cc_tinlayout_fused_swin_1h_32_1_chained_fp8
784	1	1788730399945140224	1788730399945974784	1000000000	834.56	cc_tinlayout_fused_swin_1h_32_1_chained_fp8	cc_tinlayout_fused_swin_1h_32_1_chained_fp8
785	1	1788730399945978880	1788730399946845184	1000000000	866.304	cc_tinlayout_fused_swin_1h_32_1_ds_wait_fp8	cc_tinlayout_fused_swin_1h_32_1_ds_wait_fp8
786	1	1788730399946849280	1788730399947345920	1000000000	496.64	cc_tinlayout_fused_swin_2h_64_2_inpview_tilesync_fp8	cc_tinlayout_fused_swin_2h_64_2_inpview_tilesync_fp8
787	1	1788730399947350016	1788730399947873280	1000000000	523.264	cc_tinlayout_fused_swin_2h_64_2_chained_fp8	cc_tinlayout_fused_swin_2h_64_2_chained_fp8
788	1	1788730399947877376	1788730399948369920	1000000000	492.544	cc_tinlayout_fused_swin_2h_64_2_chained_fp8	cc_tinlayout_fused_swin_2h_64_2_chained_fp8
789	1	1788730399948375040	1788730399948892160	1000000000	517.12	cc_tinlayout_fused_swin_2h_64_2_ds_wait_fp8	cc_tinlayout_fused_swin_2h_64_2_ds_wait_fp8
790	1	1788730399948896256	1788730399949217792	1000000000	321.536	cc_tinlayout_fused_swin_4h_128_4_inpview_tilesync_fp8	cc_tinlayout_fused_swin_4h_128_4_inpview_tilesync_fp8
791	1	1788730399949221888	1788730399949548544	1000000000	326.656	cc_tinlayout_fused_swin_4h_128_4_chained_fp8	cc_tinlayout_fused_swin_4h_128_4_chained_fp8
792	1	1788730399949552640	1788730399949873152	1000000000	320.512	cc_tinlayout_fused_swin_4h_128_4_chained_fp8	cc_tinlayout_fused_swin_4h_128_4_chained_fp8
793	1	1788730399949877248	1788730399950195712	1000000000	318.464	cc_tinlayout_fused_swin_4h_128_4_chained_fp8	cc_tinlayout_fused_swin_4h_128_4_chained_fp8
794	1	1788730399950200832	1788730399950519296	1000000000	318.464	cc_tinlayout_fused_swin_4h_128_4_chained_fp8	cc_tinlayout_fused_swin_4h_128_4_chained_fp8
795	1	1788730399950523392	1788730399950885888	1000000000	362.496	cc_tinlayout_fused_swin_4h_128_4_ds_wait_fp8	cc_tinlayout_fused_swin_4h_128_4_ds_wait_fp8
796	1	1788730399950889984	1788730399951203328	1000000000	313.344	cc_tinlayout_fused_swin_8h_256_8_inpview_tilesync_fp8	cc_tinlayout_fused_swin_8h_256_8_inpview_tilesync_fp8
797	1	1788730399951207424	1788730399951604736	1000000000	397.312	cc_tinlayout_fused_swin_8h_256_8_chained_fp8	cc_tinlayout_fused_swin_8h_256_8_chained_fp8
798	1	1788730399951608832	1788730399952002048	1000000000	393.216	cc_tinlayout_fused_swin_8h_256_8_chained_fp8	cc_tinlayout_fused_swin_8h_256_8_chained_fp8
799	1	1788730399952007168	1788730399952315392	1000000000	308.224	cc_tinlayout_fused_swin_8h_256_8_chained_fp8	cc_tinlayout_fused_swin_8h_256_8_chained_fp8
800	1	1788730399952319488	1788730399952633856	1000000000	314.368	cc_tinlayout_fused_swin_8h_256_8_chained_fp8	cc_tinlayout_fused_swin_8h_256_8_chained_fp8
801	1	1788730399952637952	1788730399953026048	1000000000	388.096	cc_tinlayout_fused_swin_8h_256_8_chained_fp8	cc_tinlayout_fused_swin_8h_256_8_chained_fp8
802	1	1788730399953030144	1788730399953417216	1000000000	387.072	cc_tinlayout_fused_swin_8h_256_8_chained_fp8	cc_tinlayout_fused_swin_8h_256_8_chained_fp8
803	1	1788730399953421312	1788730399953770496	1000000000	349.184	cc_tinlayout_fused_swin_8h_256_8_ds_wait_fp8	cc_tinlayout_fused_swin_8h_256_8_ds_wait_fp8
804	1	1788730399953774592	1788730399953868800	1000000000	94.208	cc_split_swin_16h_ffwd_inpview_512_tilesync_fp8	cc_split_swin_16h_ffwd_inpview_512_tilesync_fp8
805	1	1788730399953872896	1788730399953961984	1000000000	89.088	cc_split_swin_16h_ffwd_proj_inpview_512_chained_fp8	cc_split_swin_16h_ffwd_proj_inpview_512_chained_fp8
806	1	1788730399953966080	1788730399954053120	1000000000	87.04	cc_split_swin_16h_qkv_512_chained_fp8	cc_split_swin_16h_qkv_512_chained_fp8
807	1	1788730399954057216	1788730399954104320	1000000000	47.104	cc_split_swin_16h_proj_512_chained_fp8	cc_split_swin_16h_proj_512_chained_fp8
808	1	1788730399954108416	1788730399954200576	1000000000	92.16	cc_split_swin_16h_ffwd_512_chained_fp8	cc_split_swin_16h_ffwd_512_chained_fp8
809	1	1788730399954203648	1788730399954252800	1000000000	49.152	cc_split_swin_16h_ffwd_proj_512_chained_fp8	cc_split_swin_16h_ffwd_proj_512_chained_fp8
810	1	1788730399954256896	1788730399954366464	1000000000	109.568	cc_split_swin_16h_qkv_512_chained_fp8	cc_split_swin_16h_qkv_512_chained_fp8
811	1	1788730399954370560	1788730399954419712	1000000000	49.152	cc_split_swin_16h_proj_512_chained_fp8	cc_split_swin_16h_proj_512_chained_fp8
812	1	1788730399954423808	1788730399954515968	1000000000	92.16	cc_split_swin_16h_ffwd_512_chained_fp8	cc_split_swin_16h_ffwd_512_chained_fp8
813	1	1788730399954520064	1788730399954570240	1000000000	50.176	cc_split_swin_16h_ffwd_proj_512_chained_fp8	cc_split_swin_16h_ffwd_proj_512_chained_fp8
814	1	1788730399954574336	1788730399954682880	1000000000	108.544	cc_split_swin_16h_qkv_512_chained_fp8	cc_split_swin_16h_qkv_512_chained_fp8
815	1	1788730399954686976	1788730399954736128	1000000000	49.152	cc_split_swin_16h_proj_512_chained_fp8	cc_split_swin_16h_proj_512_chained_fp8
816	1	1788730399954739200	1788730399954831360	1000000000	92.16	cc_split_swin_16h_ffwd_512_chained_fp8	cc_split_swin_16h_ffwd_512_chained_fp8
817	1	1788730399954835456	1788730399954884608	1000000000	49.152	cc_split_swin_16h_ffwd_proj_512_chained_fp8	cc_split_swin_16h_ffwd_proj_512_chained_fp8
818	1	1788730399954888704	1788730399954994176	1000000000	105.472	cc_split_swin_16h_qkv_512_chained_fp8	cc_split_swin_16h_qkv_512_chained_fp8
819	1	1788730399954999296	1788730399955045376	1000000000	46.08	cc_split_swin_16h_proj_512_chained_fp8	cc_split_swin_16h_proj_512_chained_fp8
820	1	1788730399955049472	1788730399955141632	1000000000	92.16	cc_split_swin_16h_ffwd_512_chained_fp8	cc_split_swin_16h_ffwd_512_chained_fp8
821	1	1788730399955145728	1788730399955195904	1000000000	50.176	cc_split_swin_16h_ffwd_proj_512_chained_fp8	cc_split_swin_16h_ffwd_proj_512_chained_fp8
822	1	1788730399955200000	1788730399955287040	1000000000	87.04	cc_split_swin_16h_qkv_512_chained_fp8	cc_split_swin_16h_qkv_512_chained_fp8
823	1	1788730399955290112	1788730399955337216	1000000000	47.104	cc_split_swin_16h_proj_512_chained_fp8	cc_split_swin_16h_proj_512_chained_fp8
824	1	1788730399955341312	1788730399955433472	1000000000	92.16	cc_split_swin_16h_ffwd_512_chained_fp8	cc_split_swin_16h_ffwd_512_chained_fp8
825	1	1788730399955437568	1788730399955486720	1000000000	49.152	cc_split_swin_16h_ffwd_proj_512_chained_fp8	cc_split_swin_16h_ffwd_proj_512_chained_fp8
826	1	1788730399955490816	1788730399955599360	1000000000	108.544	cc_split_swin_16h_qkv_512_chained_fp8	cc_split_swin_16h_qkv_512_chained_fp8
827	1	1788730399955602432	1788730399955651584	1000000000	49.152	cc_split_swin_16h_proj_512_chained_fp8	cc_split_swin_16h_proj_512_chained_fp8
828	1	1788730399955655680	1788730399955746816	1000000000	91.136	cc_split_swin_16h_ffwd_512_chained_fp8	cc_split_swin_16h_ffwd_512_chained_fp8
829	1	1788730399955750912	1788730399955801088	1000000000	50.176	cc_split_swin_16h_ffwd_proj_512_chained_fp8	cc_split_swin_16h_ffwd_proj_512_chained_fp8
830	1	1788730399955805184	1788730399955913728	1000000000	108.544	cc_split_swin_16h_qkv_512_chained_fp8	cc_split_swin_16h_qkv_512_chained_fp8
831	1	1788730399955917824	1788730399955966976	1000000000	49.152	cc_split_swin_16h_proj_512_chained_fp8	cc_split_swin_16h_proj_512_chained_fp8
832	1	1788730399955973120	1788730399956065280	1000000000	92.16	cc_split_swin_16h_ffwd_512_chained_fp8	cc_split_swin_16h_ffwd_512_chained_fp8
833	1	1788730399956069376	1788730399956117504	1000000000	48.128	cc_split_swin_16h_ffwd_proj_512_chained_fp8	cc_split_swin_16h_ffwd_proj_512_chained_fp8
834	1	1788730399956121600	1788730399956230144	1000000000	108.544	cc_split_swin_16h_qkv_512_chained_fp8	cc_split_swin_16h_qkv_512_chained_fp8
835	1	1788730399956233216	1788730399956275200	1000000000	41.984	cc_split_swin_16h_proj_pool_512_chained_fp8	cc_split_swin_16h_proj_pool_512_chained_fp8
836	1	1788730399956278272	1788730399956307968	1000000000	29.696	cc_split_swin_16h_final_head_512_wait_fp8	cc_split_swin_16h_final_head_512_wait_fp8
837	1	1788730399956312064	1788730399956320256	1000000000	8.192	cc_vit_1d_repack_2d_to_1d_fp8	cc_vit_1d_repack_2d_to_1d_fp8
838	1	1788730399956323328	1788730399956497408	1000000000	174.08	cc_vit_1d_ffn_expand_publish_fp8	cc_vit_1d_ffn_expand_publish_fp8
839	1	1788730399956501504	1788730399956619264	1000000000	117.76	cc_vit_1d_ffn_contract_chained_fp8	cc_vit_1d_ffn_contract_chained_fp8
840	1	1788730399956623360	1788730399956723712	1000000000	100.352	cc_vit_1d_qkv_chained_fp8	cc_vit_1d_qkv_chained_fp8
841	1	1788730399956727808	1788730399956826112	1000000000	98.304	cc_vit_1d_attention_chained_fp8	cc_vit_1d_attention_chained_fp8
842	1	1788730399956830208	1788730399956877312	1000000000	47.104	cc_vit_1d_projection_chained_fp8	cc_vit_1d_projection_chained_fp8
843	1	1788730399956882432	1788730399957033984	1000000000	151.552	cc_vit_1d_ffn_expand_chained_fp8	cc_vit_1d_ffn_expand_chained_fp8
844	1	1788730399957039104	1788730399957156864	1000000000	117.76	cc_vit_1d_ffn_contract_chained_fp8	cc_vit_1d_ffn_contract_chained_fp8
845	1	1788730399957160960	1788730399957260288	1000000000	99.328	cc_vit_1d_qkv_chained_fp8	cc_vit_1d_qkv_chained_fp8
846	1	1788730399957264384	1788730399957361664	1000000000	97.28	cc_vit_1d_attention_chained_fp8	cc_vit_1d_attention_chained_fp8
847	1	1788730399957365760	1788730399957412864	1000000000	47.104	cc_vit_1d_projection_chained_fp8	cc_vit_1d_projection_chained_fp8
848	1	1788730399957416960	1788730399957573632	1000000000	156.672	cc_vit_1d_ffn_expand_chained_fp8	cc_vit_1d_ffn_expand_chained_fp8
849	1	1788730399957576704	1788730399957693440	1000000000	116.736	cc_vit_1d_ffn_contract_chained_fp8	cc_vit_1d_ffn_contract_chained_fp8
850	1	1788730399957697536	1788730399957796864	1000000000	99.328	cc_vit_1d_qkv_chained_fp8	cc_vit_1d_qkv_chained_fp8
851	1	1788730399957800960	1788730399957899264	1000000000	98.304	cc_vit_1d_attention_chained_fp8	cc_vit_1d_attention_chained_fp8
852	1	1788730399957903360	1788730399957950464	1000000000	47.104	cc_vit_1d_projection_chained_fp8	cc_vit_1d_projection_chained_fp8
853	1	1788730399957954560	1788730399958111232	1000000000	156.672	cc_vit_1d_ffn_expand_chained_fp8	cc_vit_1d_ffn_expand_chained_fp8
854	1	1788730399958115328	1788730399958233088	1000000000	117.76	cc_vit_1d_ffn_contract_chained_fp8	cc_vit_1d_ffn_contract_chained_fp8
855	1	1788730399958237184	1788730399958336512	1000000000	99.328	cc_vit_1d_qkv_chained_fp8	cc_vit_1d_qkv_chained_fp8
856	1	1788730399958340608	1788730399958438912	1000000000	98.304	cc_vit_1d_attention_chained_fp8	cc_vit_1d_attention_chained_fp8
857	1	1788730399958443008	1788730399958490112	1000000000	47.104	cc_vit_1d_projection_chained_fp8	cc_vit_1d_projection_chained_fp8
858	1	1788730399958494208	1788730399958650880	1000000000	156.672	cc_vit_1d_ffn_expand_chained_fp8	cc_vit_1d_ffn_expand_chained_fp8
859	1	1788730399958654976	1788730399958772736	1000000000	117.76	cc_vit_1d_ffn_contract_chained_fp8	cc_vit_1d_ffn_contract_chained_fp8
860	1	1788730399958777856	1788730399958877184	1000000000	99.328	cc_vit_1d_qkv_chained_fp8	cc_vit_1d_qkv_chained_fp8
861	1	1788730399958881280	1788730399958979584	1000000000	98.304	cc_vit_1d_attention_chained_fp8	cc_vit_1d_attention_chained_fp8
862	1	1788730399958982656	1788730399959030784	1000000000	48.128	cc_vit_1d_projection_chained_fp8	cc_vit_1d_projection_chained_fp8
863	1	1788730399959034880	1788730399959192576	1000000000	157.696	cc_vit_1d_ffn_expand_chained_fp8	cc_vit_1d_ffn_expand_chained_fp8
864	1	1788730399959196672	1788730399959314432	1000000000	117.76	cc_vit_1d_ffn_contract_chained_fp8	cc_vit_1d_ffn_contract_chained_fp8
865	1	1788730399959318528	1788730399959418880	1000000000	100.352	cc_vit_1d_qkv_chained_fp8	cc_vit_1d_qkv_chained_fp8
866	1	1788730399959424000	1788730399959521280	1000000000	97.28	cc_vit_1d_attention_chained_fp8	cc_vit_1d_attention_chained_fp8
867	1	1788730399959525376	1788730399959572480	1000000000	47.104	cc_vit_1d_projection_chained_fp8	cc_vit_1d_projection_chained_fp8
868	1	1788730399959576576	1788730399959732224	1000000000	155.648	cc_vit_1d_ffn_expand_chained_fp8	cc_vit_1d_ffn_expand_chained_fp8
869	1	1788730399959736320	1788730399959854080	1000000000	117.76	cc_vit_1d_ffn_contract_chained_fp8	cc_vit_1d_ffn_contract_chained_fp8
870	1	1788730399959858176	1788730399959958528	1000000000	100.352	cc_vit_1d_qkv_chained_fp8	cc_vit_1d_qkv_chained_fp8
871	1	1788730399959962624	1788730399960060928	1000000000	98.304	cc_vit_1d_attention_chained_fp8	cc_vit_1d_attention_chained_fp8
872	1	1788730399960065024	1788730399960113152	1000000000	48.128	cc_vit_1d_projection_chained_fp8	cc_vit_1d_projection_chained_fp8
873	1	1788730399960117248	1788730399960271872	1000000000	154.624	cc_vit_1d_ffn_expand_chained_fp8	cc_vit_1d_ffn_expand_chained_fp8
874	1	1788730399960275968	1788730399960393728	1000000000	117.76	cc_vit_1d_ffn_contract_chained_fp8	cc_vit_1d_ffn_contract_chained_fp8
875	1	1788730399960397824	1788730399960497152	1000000000	99.328	cc_vit_1d_qkv_chained_fp8	cc_vit_1d_qkv_chained_fp8
876	1	1788730399960502272	1788730399960599552	1000000000	97.28	cc_vit_1d_attention_chained_fp8	cc_vit_1d_attention_chained_fp8
877	1	1788730399960603648	1788730399960650752	1000000000	47.104	cc_vit_1d_projection_wait_fp8	cc_vit_1d_projection_wait_fp8
878	1	1788730399960654848	1788730399960662016	1000000000	7.168	cc_vit_1d_repack_1d_to_2d_fp8	cc_vit_1d_repack_1d_to_2d_fp8
879	1	1788730399960666112	1788730399960704000	1000000000	37.888	cc_dec_input_upsample_1024_512_tilesync_fp8	cc_dec_input_upsample_1024_512_tilesync_fp8
880	1	1788730399960708096	1788730399960799232	1000000000	91.136	cc_split_swin_16h_ffwd_512_chained_fp8	cc_split_swin_16h_ffwd_512_chained_fp8
881	1	1788730399960803328	1788730399960852480	1000000000	49.152	cc_split_swin_16h_ffwd_proj_512_chained_fp8	cc_split_swin_16h_ffwd_proj_512_chained_fp8
882	1	1788730399960856576	1788730399961318400	1000000000	461.824	cc_split_swin_16h_qkv_512_chained_fp8	cc_split_swin_16h_qkv_512_chained_fp8
883	1	1788730399961327616	1788730399961377792	1000000000	50.176	cc_split_swin_16h_proj_512_chained_fp8	cc_split_swin_16h_proj_512_chained_fp8
884	1	1788730399961381888	1788730399961473024	1000000000	91.136	cc_split_swin_16h_ffwd_512_chained_fp8	cc_split_swin_16h_ffwd_512_chained_fp8
885	1	1788730399961477120	1788730399961526272	1000000000	49.152	cc_split_swin_16h_ffwd_proj_512_chained_fp8	cc_split_swin_16h_ffwd_proj_512_chained_fp8
886	1	1788730399961530368	1788730399961638912	1000000000	108.544	cc_split_swin_16h_qkv_512_chained_fp8	cc_split_swin_16h_qkv_512_chained_fp8
887	1	1788730399961643008	1788730399961692160	1000000000	49.152	cc_split_swin_16h_proj_512_chained_fp8	cc_split_swin_16h_proj_512_chained_fp8
888	1	1788730399961696256	1788730399962348544	1000000000	652.288	cc_split_swin_16h_ffwd_512_chained_fp8	cc_split_swin_16h_ffwd_512_chained_fp8
889	1	1788730399962352640	1788730399962400768	1000000000	48.128	cc_split_swin_16h_ffwd_proj_512_chained_fp8	cc_split_swin_16h_ffwd_proj_512_chained_fp8
890	1	1788730399962404864	1788730399962511360	1000000000	106.496	cc_split_swin_16h_qkv_512_chained_fp8	cc_split_swin_16h_qkv_512_chained_fp8
891	1	1788730399962514432	1788730399962563584	1000000000	49.152	cc_split_swin_16h_proj_512_chained_fp8	cc_split_swin_16h_proj_512_chained_fp8
892	1	1788730399962567680	1788730399962659840	1000000000	92.16	cc_split_swin_16h_ffwd_512_chained_fp8	cc_split_swin_16h_ffwd_512_chained_fp8
893	1	1788730399962662912	1788730399962712064	1000000000	49.152	cc_split_swin_16h_ffwd_proj_512_chained_fp8	cc_split_swin_16h_ffwd_proj_512_chained_fp8
894	1	1788730399962715136	1788730399962822656	1000000000	107.52	cc_split_swin_16h_qkv_512_chained_fp8	cc_split_swin_16h_qkv_512_chained_fp8
895	1	1788730399962826752	1788730399962873856	1000000000	47.104	cc_split_swin_16h_proj_512_chained_fp8	cc_split_swin_16h_proj_512_chained_fp8
896	1	1788730399962877952	1788730399962969088	1000000000	91.136	cc_split_swin_16h_ffwd_512_chained_fp8	cc_split_swin_16h_ffwd_512_chained_fp8
897	1	1788730399962973184	1788730399963022336	1000000000	49.152	cc_split_swin_16h_ffwd_proj_512_chained_fp8	cc_split_swin_16h_ffwd_proj_512_chained_fp8
898	1	1788730399963026432	1788730399963112448	1000000000	86.016	cc_split_swin_16h_qkv_512_chained_fp8	cc_split_swin_16h_qkv_512_chained_fp8
899	1	1788730399963120640	1788730399963167744	1000000000	47.104	cc_split_swin_16h_proj_512_chained_fp8	cc_split_swin_16h_proj_512_chained_fp8
900	1	1788730399963170816	1788730399963262976	1000000000	92.16	cc_split_swin_16h_ffwd_512_chained_fp8	cc_split_swin_16h_ffwd_512_chained_fp8
901	1	1788730399963267072	1788730399963315200	1000000000	48.128	cc_split_swin_16h_ffwd_proj_512_chained_fp8	cc_split_swin_16h_ffwd_proj_512_chained_fp8
902	1	1788730399963319296	1788730399963428864	1000000000	109.568	cc_split_swin_16h_qkv_512_chained_fp8	cc_split_swin_16h_qkv_512_chained_fp8
903	1	1788730399963432960	1788730399963482112	1000000000	49.152	cc_split_swin_16h_proj_512_chained_fp8	cc_split_swin_16h_proj_512_chained_fp8
904	1	1788730399963486208	1788730399963578368	1000000000	92.16	cc_split_swin_16h_ffwd_512_chained_fp8	cc_split_swin_16h_ffwd_512_chained_fp8
905	1	1788730399963582464	1788730399963631616	1000000000	49.152	cc_split_swin_16h_ffwd_proj_512_chained_fp8	cc_split_swin_16h_ffwd_proj_512_chained_fp8
906	1	1788730399963635712	1788730399963746304	1000000000	110.592	cc_split_swin_16h_qkv_512_chained_fp8	cc_split_swin_16h_qkv_512_chained_fp8
907	1	1788730399963749376	1788730399963799552	1000000000	50.176	cc_split_swin_16h_proj_512_chained_fp8	cc_split_swin_16h_proj_512_chained_fp8
908	1	1788730399963803648	1788730399963895808	1000000000	92.16	cc_split_swin_16h_ffwd_512_chained_fp8	cc_split_swin_16h_ffwd_512_chained_fp8
909	1	1788730399963899904	1788730399963948032	1000000000	48.128	cc_split_swin_16h_ffwd_proj_512_chained_fp8	cc_split_swin_16h_ffwd_proj_512_chained_fp8
910	1	1788730399963952128	1788730399964057600	1000000000	105.472	cc_split_swin_16h_qkv_512_chained_fp8	cc_split_swin_16h_qkv_512_chained_fp8
911	1	1788730399964061696	1788730399964153856	1000000000	92.16	cc_split_swin_16h_proj_512_outview_wait_fp8	cc_split_swin_16h_proj_512_outview_wait_fp8
912	1	1788730399964157952	1788730399964527616	1000000000	369.664	cc_tinlayout_fused_swin_8h_256_8_upsample_tilesync_fp8	cc_tinlayout_fused_swin_8h_256_8_upsample_tilesync_fp8
913	1	1788730399964531712	1788730399964924928	1000000000	393.216	cc_tinlayout_fused_swin_8h_256_8_chained_fp8	cc_tinlayout_fused_swin_8h_256_8_chained_fp8
914	1	1788730399964929024	1788730399965313024	1000000000	384	cc_tinlayout_fused_swin_8h_256_8_chained_fp8	cc_tinlayout_fused_swin_8h_256_8_chained_fp8
915	1	1788730399965317120	1788730399966018560	1000000000	701.44	cc_tinlayout_fused_swin_8h_256_8_chained_fp8	cc_tinlayout_fused_swin_8h_256_8_chained_fp8
916	1	1788730399966026752	1788730399966349312	1000000000	322.56	cc_tinlayout_fused_swin_8h_256_8_chained_fp8	cc_tinlayout_fused_swin_8h_256_8_chained_fp8
917	1	1788730399966353408	1788730399966735360	1000000000	381.952	cc_tinlayout_fused_swin_8h_256_8_chained_fp8	cc_tinlayout_fused_swin_8h_256_8_chained_fp8
918	1	1788730399966739456	1788730399967136768	1000000000	397.312	cc_tinlayout_fused_swin_8h_256_8_chained_fp8	cc_tinlayout_fused_swin_8h_256_8_chained_fp8
919	1	1788730399967140864	1788730399967437824	1000000000	296.96	cc_tinlayout_fused_swin_8h_256_8_outview_wait_fp8	cc_tinlayout_fused_swin_8h_256_8_outview_wait_fp8
920	1	1788730399967441920	1788730399967882240	1000000000	440.32	cc_tinlayout_fused_swin_4h_128_4_upsample_tilesync_fp8	cc_tinlayout_fused_swin_4h_128_4_upsample_tilesync_fp8
921	1	1788730399967886336	1788730399968211968	1000000000	325.632	cc_tinlayout_fused_swin_4h_128_4_chained_fp8	cc_tinlayout_fused_swin_4h_128_4_chained_fp8
922	1	1788730399968215040	1788730399968528384	1000000000	313.344	cc_tinlayout_fused_swin_4h_128_4_chained_fp8	cc_tinlayout_fused_swin_4h_128_4_chained_fp8
923	1	1788730399968531456	1788730399968856064	1000000000	324.608	cc_tinlayout_fused_swin_4h_128_4_chained_fp8	cc_tinlayout_fused_swin_4h_128_4_chained_fp8
924	1	1788730399968860160	1788730399969178624	1000000000	318.464	cc_tinlayout_fused_swin_4h_128_4_chained_fp8	cc_tinlayout_fused_swin_4h_128_4_chained_fp8
925	1	1788730399969182720	1788730399969511424	1000000000	328.704	cc_tinlayout_fused_swin_4h_128_4_outview_wait_fp8	cc_tinlayout_fused_swin_4h_128_4_outview_wait_fp8
926	1	1788730399969515520	1788730399970185216	1000000000	669.696	cc_tinlayout_fused_swin_2h_64_2_upsample_tilesync_fp8	cc_tinlayout_fused_swin_2h_64_2_upsample_tilesync_fp8
927	1	1788730399970189312	1788730399970717696	1000000000	528.384	cc_tinlayout_fused_swin_2h_64_2_chained_fp8	cc_tinlayout_fused_swin_2h_64_2_chained_fp8
928	1	1788730399970721792	1788730399971217408	1000000000	495.616	cc_tinlayout_fused_swin_2h_64_2_chained_fp8	cc_tinlayout_fused_swin_2h_64_2_chained_fp8
929	1	1788730399971221504	1788730399971716096	1000000000	494.592	cc_tinlayout_fused_swin_2h_64_2_outview_wait_fp8	cc_tinlayout_fused_swin_2h_64_2_outview_wait_fp8
930	1	1788730399971719168	1788730399972990976	1000000000	1271.81	cc_tinlayout_fused_swin_1h_32_1_upsample_tilesync_fp8	cc_tinlayout_fused_swin_1h_32_1_upsample_tilesync_fp8
931	1	1788730399972994048	1788730399973823488	1000000000	829.44	cc_tinlayout_fused_swin_1h_32_1_chained_fp8	cc_tinlayout_fused_swin_1h_32_1_chained_fp8
932	1	1788730399973827584	1788730399974641664	1000000000	814.08	cc_tinlayout_fused_swin_1h_32_1_chained_fp8	cc_tinlayout_fused_swin_1h_32_1_chained_fp8
933	1	1788730399974645760	1788730399975690240	1000000000	1044.48	cc_tinlayout_fused_swin_1h_32_1_outview_wait_fp8	cc_tinlayout_fused_swin_1h_32_1_outview_wait_fp8
934	1	1788730399975694336	1788730399980964864	1000000000	5270.53	cc_tinlayout_fused_post_block_swin_1h_32_fp8	cc_tinlayout_fused_post_block_swin_1h_32_fp8
935	1	1788730399980968960	1788730399981008896	1000000000	39.936	cg2r_copy_kernel	cg2r_copy_kernel
936	1	1788730400172122112	1788730400172126208	1000000000	4.096	cc_cb_clear	cc_cb_clear
937	1	1788730400172130304	1788730400177340416	1000000000	5210.11	cc_tinlayout_fused_pre_block_swin_1h_32_1_ds_fp8	cc_tinlayout_fused_pre_block_swin_1h_32_1_ds_fp8
938	1	1788730400177344512	1788730400178089984	1000000000	745.472	cc_tinlayout_fused_swin_1h_32_1_inpview_tilesync_fp8	cc_tinlayout_fused_swin_1h_32_1_inpview_tilesync_fp8
939	1	1788730400178094080	1788730400178942976	1000000000	848.896	cc_tinlayout_fused_swin_1h_32_1_chained_fp8	cc_tinlayout_fused_swin_1h_32_1_chained_fp8
940	1	1788730400178946048	1788730400179765248	1000000000	819.2	cc_tinlayout_fused_swin_1h_32_1_chained_fp8	cc_tinlayout_fused_swin_1h_32_1_chained_fp8
941	1	1788730400179769344	1788730400180623360	1000000000	854.016	cc_tinlayout_fused_swin_1h_32_1_ds_wait_fp8	cc_tinlayout_fused_swin_1h_32_1_ds_wait_fp8
942	1	1788730400180627456	1788730400181129216	1000000000	501.76	cc_tinlayout_fused_swin_2h_64_2_inpview_tilesync_fp8	cc_tinlayout_fused_swin_2h_64_2_inpview_tilesync_fp8
943	1	1788730400181133312	1788730400182543360	1000000000	1410.05	cc_tinlayout_fused_swin_2h_64_2_chained_fp8	cc_tinlayout_fused_swin_2h_64_2_chained_fp8
944	1	1788730400182548480	1788730400183036928	1000000000	488.448	cc_tinlayout_fused_swin_2h_64_2_chained_fp8	cc_tinlayout_fused_swin_2h_64_2_chained_fp8
945	1	1788730400183041024	1788730400183569408	1000000000	528.384	cc_tinlayout_fused_swin_2h_64_2_ds_wait_fp8	cc_tinlayout_fused_swin_2h_64_2_ds_wait_fp8
946	1	1788730400183573504	1788730400183895040	1000000000	321.536	cc_tinlayout_fused_swin_4h_128_4_inpview_tilesync_fp8	cc_tinlayout_fused_swin_4h_128_4_inpview_tilesync_fp8
947	1	1788730400183899136	1788730400184229888	1000000000	330.752	cc_tinlayout_fused_swin_4h_128_4_chained_fp8	cc_tinlayout_fused_swin_4h_128_4_chained_fp8
948	1	1788730400184233984	1788730400184551424	1000000000	317.44	cc_tinlayout_fused_swin_4h_128_4_chained_fp8	cc_tinlayout_fused_swin_4h_128_4_chained_fp8
949	1	1788730400184555520	1788730400184878080	1000000000	322.56	cc_tinlayout_fused_swin_4h_128_4_chained_fp8	cc_tinlayout_fused_swin_4h_128_4_chained_fp8
950	1	1788730400184882176	1788730400185197568	1000000000	315.392	cc_tinlayout_fused_swin_4h_128_4_chained_fp8	cc_tinlayout_fused_swin_4h_128_4_chained_fp8
951	1	1788730400185202688	1788730400185564160	1000000000	361.472	cc_tinlayout_fused_swin_4h_128_4_ds_wait_fp8	cc_tinlayout_fused_swin_4h_128_4_ds_wait_fp8
952	1	1788730400185569280	1788730400185880576	1000000000	311.296	cc_tinlayout_fused_swin_8h_256_8_inpview_tilesync_fp8	cc_tinlayout_fused_swin_8h_256_8_inpview_tilesync_fp8
953	1	1788730400185884672	1788730400186281984	1000000000	397.312	cc_tinlayout_fused_swin_8h_256_8_chained_fp8	cc_tinlayout_fused_swin_8h_256_8_chained_fp8
954	1	1788730400186286080	1788730400186679296	1000000000	393.216	cc_tinlayout_fused_swin_8h_256_8_chained_fp8	cc_tinlayout_fused_swin_8h_256_8_chained_fp8
955	1	1788730400186683392	1788730400186991616	1000000000	308.224	cc_tinlayout_fused_swin_8h_256_8_chained_fp8	cc_tinlayout_fused_swin_8h_256_8_chained_fp8
956	1	1788730400186995712	1788730400187314176	1000000000	318.464	cc_tinlayout_fused_swin_8h_256_8_chained_fp8	cc_tinlayout_fused_swin_8h_256_8_chained_fp8
957	1	1788730400187318272	1788730400187706368	1000000000	388.096	cc_tinlayout_fused_swin_8h_256_8_chained_fp8	cc_tinlayout_fused_swin_8h_256_8_chained_fp8
958	1	1788730400187710464	1788730400188100608	1000000000	390.144	cc_tinlayout_fused_swin_8h_256_8_chained_fp8	cc_tinlayout_fused_swin_8h_256_8_chained_fp8
959	1	1788730400188104704	1788730400188459008	1000000000	354.304	cc_tinlayout_fused_swin_8h_256_8_ds_wait_fp8	cc_tinlayout_fused_swin_8h_256_8_ds_wait_fp8
960	1	1788730400188463104	1788730400188557312	1000000000	94.208	cc_split_swin_16h_ffwd_inpview_512_tilesync_fp8	cc_split_swin_16h_ffwd_inpview_512_tilesync_fp8
961	1	1788730400188561408	1788730400188649472	1000000000	88.064	cc_split_swin_16h_ffwd_proj_inpview_512_chained_fp8	cc_split_swin_16h_ffwd_proj_inpview_512_chained_fp8
962	1	1788730400188654976	1788730400188742656	1000000000	87.68	cc_split_swin_16h_qkv_512_chained_fp8	cc_split_swin_16h_qkv_512_chained_fp8
963	1	1788730400188746752	1788730400188793856	1000000000	47.104	cc_split_swin_16h_proj_512_chained_fp8	cc_split_swin_16h_proj_512_chained_fp8
964	1	1788730400188797952	1788730400188890112	1000000000	92.16	cc_split_swin_16h_ffwd_512_chained_fp8	cc_split_swin_16h_ffwd_512_chained_fp8
965	1	1788730400188893184	1788730400188942336	1000000000	49.152	cc_split_swin_16h_ffwd_proj_512_chained_fp8	cc_split_swin_16h_ffwd_proj_512_chained_fp8
966	1	1788730400188946432	1788730400189054976	1000000000	108.544	cc_split_swin_16h_qkv_512_chained_fp8	cc_split_swin_16h_qkv_512_chained_fp8
967	1	1788730400189059072	1788730400189108224	1000000000	49.152	cc_split_swin_16h_proj_512_chained_fp8	cc_split_swin_16h_proj_512_chained_fp8
968	1	1788730400189112320	1788730400189204480	1000000000	92.16	cc_split_swin_16h_ffwd_512_chained_fp8	cc_split_swin_16h_ffwd_512_chained_fp8
969	1	1788730400189208576	1788730400189257728	1000000000	49.152	cc_split_swin_16h_ffwd_proj_512_chained_fp8	cc_split_swin_16h_ffwd_proj_512_chained_fp8
970	1	1788730400189261824	1788730400189371392	1000000000	109.568	cc_split_swin_16h_qkv_512_chained_fp8	cc_split_swin_16h_qkv_512_chained_fp8
971	1	1788730400189375488	1788730400189424640	1000000000	49.152	cc_split_swin_16h_proj_512_chained_fp8	cc_split_swin_16h_proj_512_chained_fp8
972	1	1788730400189427712	1788730400189519872	1000000000	92.16	cc_split_swin_16h_ffwd_512_chained_fp8	cc_split_swin_16h_ffwd_512_chained_fp8
973	1	1788730400189523968	1788730400189573120	1000000000	49.152	cc_split_swin_16h_ffwd_proj_512_chained_fp8	cc_split_swin_16h_ffwd_proj_512_chained_fp8
974	1	1788730400189577216	1788730400189685760	1000000000	108.544	cc_split_swin_16h_qkv_512_chained_fp8	cc_split_swin_16h_qkv_512_chained_fp8
975	1	1788730400189689856	1788730400189737984	1000000000	48.128	cc_split_swin_16h_proj_512_chained_fp8	cc_split_swin_16h_proj_512_chained_fp8
976	1	1788730400189741056	1788730400189833216	1000000000	92.16	cc_split_swin_16h_ffwd_512_chained_fp8	cc_split_swin_16h_ffwd_512_chained_fp8
977	1	1788730400189837312	1788730400189887488	1000000000	50.176	cc_split_swin_16h_ffwd_proj_512_chained_fp8	cc_split_swin_16h_ffwd_proj_512_chained_fp8
978	1	1788730400189891584	1788730400189977600	1000000000	86.016	cc_split_swin_16h_qkv_512_chained_fp8	cc_split_swin_16h_qkv_512_chained_fp8
979	1	1788730400189980672	1788730400190027776	1000000000	47.104	cc_split_swin_16h_proj_512_chained_fp8	cc_split_swin_16h_proj_512_chained_fp8
980	1	1788730400190031872	1788730400190124032	1000000000	92.16	cc_split_swin_16h_ffwd_512_chained_fp8	cc_split_swin_16h_ffwd_512_chained_fp8
981	1	1788730400190128128	1788730400190175232	1000000000	47.104	cc_split_swin_16h_ffwd_proj_512_chained_fp8	cc_split_swin_16h_ffwd_proj_512_chained_fp8
982	1	1788730400190179328	1788730400190287872	1000000000	108.544	cc_split_swin_16h_qkv_512_chained_fp8	cc_split_swin_16h_qkv_512_chained_fp8
983	1	1788730400190291968	1788730400190340096	1000000000	48.128	cc_split_swin_16h_proj_512_chained_fp8	cc_split_swin_16h_proj_512_chained_fp8
984	1	1788730400190344192	1788730400190436352	1000000000	92.16	cc_split_swin_16h_ffwd_512_chained_fp8	cc_split_swin_16h_ffwd_512_chained_fp8
985	1	1788730400190440448	1788730400190489600	1000000000	49.152	cc_split_swin_16h_ffwd_proj_512_chained_fp8	cc_split_swin_16h_ffwd_proj_512_chained_fp8
986	1	1788730400190493696	1788730400190601216	1000000000	107.52	cc_split_swin_16h_qkv_512_chained_fp8	cc_split_swin_16h_qkv_512_chained_fp8
987	1	1788730400190605312	1788730400190654464	1000000000	49.152	cc_split_swin_16h_proj_512_chained_fp8	cc_split_swin_16h_proj_512_chained_fp8
988	1	1788730400190658560	1788730400190750720	1000000000	92.16	cc_split_swin_16h_ffwd_512_chained_fp8	cc_split_swin_16h_ffwd_512_chained_fp8
989	1	1788730400190754816	1788730400190803968	1000000000	49.152	cc_split_swin_16h_ffwd_proj_512_chained_fp8	cc_split_swin_16h_ffwd_proj_512_chained_fp8
990	1	1788730400190808064	1788730400190914560	1000000000	106.496	cc_split_swin_16h_qkv_512_chained_fp8	cc_split_swin_16h_qkv_512_chained_fp8
991	1	1788730400190918656	1788730400190959616	1000000000	40.96	cc_split_swin_16h_proj_pool_512_chained_fp8	cc_split_swin_16h_proj_pool_512_chained_fp8
992	1	1788730400190962688	1788730400190992384	1000000000	29.696	cc_split_swin_16h_final_head_512_wait_fp8	cc_split_swin_16h_final_head_512_wait_fp8
993	1	1788730400190996480	1788730400191004672	1000000000	8.192	cc_vit_1d_repack_2d_to_1d_fp8	cc_vit_1d_repack_2d_to_1d_fp8
994	1	1788730400191007744	1788730400191185920	1000000000	178.176	cc_vit_1d_ffn_expand_publish_fp8	cc_vit_1d_ffn_expand_publish_fp8
995	1	1788730400191190016	1788730400191308800	1000000000	118.784	cc_vit_1d_ffn_contract_chained_fp8	cc_vit_1d_ffn_contract_chained_fp8
996	1	1788730400191312896	1788730400191412224	1000000000	99.328	cc_vit_1d_qkv_chained_fp8	cc_vit_1d_qkv_chained_fp8
997	1	1788730400191417344	1788730400191514624	1000000000	97.28	cc_vit_1d_attention_chained_fp8	cc_vit_1d_attention_chained_fp8
998	1	1788730400191518720	1788730400191565824	1000000000	47.104	cc_vit_1d_projection_chained_fp8	cc_vit_1d_projection_chained_fp8
999	1	1788730400191569920	1788730400191725568	1000000000	155.648	cc_vit_1d_ffn_expand_chained_fp8	cc_vit_1d_ffn_expand_chained_fp8
1000	1	1788730400191729664	1788730400191848448	1000000000	118.784	cc_vit_1d_ffn_contract_chained_fp8	cc_vit_1d_ffn_contract_chained_fp8
1001	1	1788730400191852544	1788730400191952896	1000000000	100.352	cc_vit_1d_qkv_chained_fp8	cc_vit_1d_qkv_chained_fp8
1002	1	1788730400191956992	1788730400192055296	1000000000	98.304	cc_vit_1d_attention_chained_fp8	cc_vit_1d_attention_chained_fp8
1003	1	1788730400192058368	1788730400192105472	1000000000	47.104	cc_vit_1d_projection_chained_fp8	cc_vit_1d_projection_chained_fp8
1004	1	1788730400192109568	1788730400192266240	1000000000	156.672	cc_vit_1d_ffn_expand_chained_fp8	cc_vit_1d_ffn_expand_chained_fp8
1005	1	1788730400192270336	1788730400192389120	1000000000	118.784	cc_vit_1d_ffn_contract_chained_fp8	cc_vit_1d_ffn_contract_chained_fp8
1006	1	1788730400192394240	1788730400192493568	1000000000	99.328	cc_vit_1d_qkv_chained_fp8	cc_vit_1d_qkv_chained_fp8
1007	1	1788730400192497664	1788730400192595968	1000000000	98.304	cc_vit_1d_attention_chained_fp8	cc_vit_1d_attention_chained_fp8
1008	1	1788730400192600064	1788730400192648192	1000000000	48.128	cc_vit_1d_projection_chained_fp8	cc_vit_1d_projection_chained_fp8
1009	1	1788730400192652288	1788730400192811008	1000000000	158.72	cc_vit_1d_ffn_expand_chained_fp8	cc_vit_1d_ffn_expand_chained_fp8
1010	1	1788730400192815104	1788730400192932864	1000000000	117.76	cc_vit_1d_ffn_contract_chained_fp8	cc_vit_1d_ffn_contract_chained_fp8
1011	1	1788730400192936960	1788730400193037312	1000000000	100.352	cc_vit_1d_qkv_chained_fp8	cc_vit_1d_qkv_chained_fp8
1012	1	1788730400193041408	1788730400193139712	1000000000	98.304	cc_vit_1d_attention_chained_fp8	cc_vit_1d_attention_chained_fp8
1013	1	1788730400193143808	1788730400193191936	1000000000	48.128	cc_vit_1d_projection_chained_fp8	cc_vit_1d_projection_chained_fp8
1014	1	1788730400193196032	1788730400193351680	1000000000	155.648	cc_vit_1d_ffn_expand_chained_fp8	cc_vit_1d_ffn_expand_chained_fp8
1015	1	1788730400193355776	1788730400193473536	1000000000	117.76	cc_vit_1d_ffn_contract_chained_fp8	cc_vit_1d_ffn_contract_chained_fp8
1016	1	1788730400193478656	1788730400193579008	1000000000	100.352	cc_vit_1d_qkv_chained_fp8	cc_vit_1d_qkv_chained_fp8
1017	1	1788730400193583104	1788730400193681408	1000000000	98.304	cc_vit_1d_attention_chained_fp8	cc_vit_1d_attention_chained_fp8
1018	1	1788730400193685504	1788730400193731584	1000000000	46.08	cc_vit_1d_projection_chained_fp8	cc_vit_1d_projection_chained_fp8
1019	1	1788730400193735680	1788730400193892352	1000000000	156.672	cc_vit_1d_ffn_expand_chained_fp8	cc_vit_1d_ffn_expand_chained_fp8
1020	1	1788730400193896448	1788730400194014208	1000000000	117.76	cc_vit_1d_ffn_contract_chained_fp8	cc_vit_1d_ffn_contract_chained_fp8
1021	1	1788730400194018304	1788730400194119680	1000000000	101.376	cc_vit_1d_qkv_chained_fp8	cc_vit_1d_qkv_chained_fp8
1022	1	1788730400194123776	1788730400194222080	1000000000	98.304	cc_vit_1d_attention_chained_fp8	cc_vit_1d_attention_chained_fp8
1023	1	1788730400194226176	1788730400194272256	1000000000	46.08	cc_vit_1d_projection_chained_fp8	cc_vit_1d_projection_chained_fp8
1024	1	1788730400194276352	1788730400194433024	1000000000	156.672	cc_vit_1d_ffn_expand_chained_fp8	cc_vit_1d_ffn_expand_chained_fp8
1025	1	1788730400194438144	1788730400194553856	1000000000	115.712	cc_vit_1d_ffn_contract_chained_fp8	cc_vit_1d_ffn_contract_chained_fp8
1026	1	1788730400194558976	1788730400194658304	1000000000	99.328	cc_vit_1d_qkv_chained_fp8	cc_vit_1d_qkv_chained_fp8
1027	1	1788730400194662400	1788730400194760704	1000000000	98.304	cc_vit_1d_attention_chained_fp8	cc_vit_1d_attention_chained_fp8
1028	1	1788730400194764800	1788730400194811904	1000000000	47.104	cc_vit_1d_projection_chained_fp8	cc_vit_1d_projection_chained_fp8
1029	1	1788730400194816000	1788730400194969600	1000000000	153.6	cc_vit_1d_ffn_expand_chained_fp8	cc_vit_1d_ffn_expand_chained_fp8
1030	1	1788730400194973696	1788730400195091456	1000000000	117.76	cc_vit_1d_ffn_contract_chained_fp8	cc_vit_1d_ffn_contract_chained_fp8
1031	1	1788730400195095552	1788730400195194880	1000000000	99.328	cc_vit_1d_qkv_chained_fp8	cc_vit_1d_qkv_chained_fp8
1032	1	1788730400195198976	1788730400195297280	1000000000	98.304	cc_vit_1d_attention_chained_fp8	cc_vit_1d_attention_chained_fp8
1033	1	1788730400195301376	1788730400195349504	1000000000	48.128	cc_vit_1d_projection_wait_fp8	cc_vit_1d_projection_wait_fp8
1034	1	1788730400195353600	1788730400195359744	1000000000	6.144	cc_vit_1d_repack_1d_to_2d_fp8	cc_vit_1d_repack_1d_to_2d_fp8
1035	1	1788730400195363840	1788730400195400704	1000000000	36.864	cc_dec_input_upsample_1024_512_tilesync_fp8	cc_dec_input_upsample_1024_512_tilesync_fp8
1036	1	1788730400195404800	1788730400195496960	1000000000	92.16	cc_split_swin_16h_ffwd_512_chained_fp8	cc_split_swin_16h_ffwd_512_chained_fp8
1037	1	1788730400195501056	1788730400195550208	1000000000	49.152	cc_split_swin_16h_ffwd_proj_512_chained_fp8	cc_split_swin_16h_ffwd_proj_512_chained_fp8
1038	1	1788730400195554304	1788730400195641344	1000000000	87.04	cc_split_swin_16h_qkv_512_chained_fp8	cc_split_swin_16h_qkv_512_chained_fp8
1039	1	1788730400195645440	1788730400195693568	1000000000	48.128	cc_split_swin_16h_proj_512_chained_fp8	cc_split_swin_16h_proj_512_chained_fp8
1040	1	1788730400195697664	1788730400195788800	1000000000	91.136	cc_split_swin_16h_ffwd_512_chained_fp8	cc_split_swin_16h_ffwd_512_chained_fp8
1041	1	1788730400195792896	1788730400195841024	1000000000	48.128	cc_split_swin_16h_ffwd_proj_512_chained_fp8	cc_split_swin_16h_ffwd_proj_512_chained_fp8
1042	1	1788730400195845120	1788730400195953664	1000000000	108.544	cc_split_swin_16h_qkv_512_chained_fp8	cc_split_swin_16h_qkv_512_chained_fp8
1043	1	1788730400195957760	1788730400196005888	1000000000	48.128	cc_split_swin_16h_proj_512_chained_fp8	cc_split_swin_16h_proj_512_chained_fp8
1044	1	1788730400196009984	1788730400196102144	1000000000	92.16	cc_split_swin_16h_ffwd_512_chained_fp8	cc_split_swin_16h_ffwd_512_chained_fp8
1045	1	1788730400196106240	1788730400196154368	1000000000	48.128	cc_split_swin_16h_ffwd_proj_512_chained_fp8	cc_split_swin_16h_ffwd_proj_512_chained_fp8
1046	1	1788730400196158464	1788730400196265984	1000000000	107.52	cc_split_swin_16h_qkv_512_chained_fp8	cc_split_swin_16h_qkv_512_chained_fp8
1047	1	1788730400196269056	1788730400196318208	1000000000	49.152	cc_split_swin_16h_proj_512_chained_fp8	cc_split_swin_16h_proj_512_chained_fp8
1048	1	1788730400196322304	1788730400196414464	1000000000	92.16	cc_split_swin_16h_ffwd_512_chained_fp8	cc_split_swin_16h_ffwd_512_chained_fp8
1049	1	1788730400196418560	1788730400196467712	1000000000	49.152	cc_split_swin_16h_ffwd_proj_512_chained_fp8	cc_split_swin_16h_ffwd_proj_512_chained_fp8
1050	1	1788730400196470784	1788730400196579328	1000000000	108.544	cc_split_swin_16h_qkv_512_chained_fp8	cc_split_swin_16h_qkv_512_chained_fp8
1051	1	1788730400196582400	1788730400196630528	1000000000	48.128	cc_split_swin_16h_proj_512_chained_fp8	cc_split_swin_16h_proj_512_chained_fp8
1052	1	1788730400196633600	1788730400196725760	1000000000	92.16	cc_split_swin_16h_ffwd_512_chained_fp8	cc_split_swin_16h_ffwd_512_chained_fp8
1053	1	1788730400196729856	1788730400196777984	1000000000	48.128	cc_split_swin_16h_ffwd_proj_512_chained_fp8	cc_split_swin_16h_ffwd_proj_512_chained_fp8
1054	1	1788730400196782080	1788730400196868096	1000000000	86.016	cc_split_swin_16h_qkv_512_chained_fp8	cc_split_swin_16h_qkv_512_chained_fp8
1055	1	1788730400196872192	1788730400196920320	1000000000	48.128	cc_split_swin_16h_proj_512_chained_fp8	cc_split_swin_16h_proj_512_chained_fp8
1056	1	1788730400196923392	1788730400197015552	1000000000	92.16	cc_split_swin_16h_ffwd_512_chained_fp8	cc_split_swin_16h_ffwd_512_chained_fp8
1057	1	1788730400197019648	1788730400197069824	1000000000	50.176	cc_split_swin_16h_ffwd_proj_512_chained_fp8	cc_split_swin_16h_ffwd_proj_512_chained_fp8
1058	1	1788730400197073920	1788730400197183488	1000000000	109.568	cc_split_swin_16h_qkv_512_chained_fp8	cc_split_swin_16h_qkv_512_chained_fp8
1059	1	1788730400197186560	1788730400197235712	1000000000	49.152	cc_split_swin_16h_proj_512_chained_fp8	cc_split_swin_16h_proj_512_chained_fp8
1060	1	1788730400197239808	1788730400197331968	1000000000	92.16	cc_split_swin_16h_ffwd_512_chained_fp8	cc_split_swin_16h_ffwd_512_chained_fp8
1061	1	1788730400197336064	1788730400197384192	1000000000	48.128	cc_split_swin_16h_ffwd_proj_512_chained_fp8	cc_split_swin_16h_ffwd_proj_512_chained_fp8
1062	1	1788730400197388288	1788730400197497856	1000000000	109.568	cc_split_swin_16h_qkv_512_chained_fp8	cc_split_swin_16h_qkv_512_chained_fp8
1063	1	1788730400197501952	1788730400197552128	1000000000	50.176	cc_split_swin_16h_proj_512_chained_fp8	cc_split_swin_16h_proj_512_chained_fp8
1064	1	1788730400197556224	1788730400197648384	1000000000	92.16	cc_split_swin_16h_ffwd_512_chained_fp8	cc_split_swin_16h_ffwd_512_chained_fp8
1065	1	1788730400197652480	1788730400197702656	1000000000	50.176	cc_split_swin_16h_ffwd_proj_512_chained_fp8	cc_split_swin_16h_ffwd_proj_512_chained_fp8
1066	1	1788730400197706752	1788730400197813248	1000000000	106.496	cc_split_swin_16h_qkv_512_chained_fp8	cc_split_swin_16h_qkv_512_chained_fp8
1067	1	1788730400197817344	1788730400197910528	1000000000	93.184	cc_split_swin_16h_proj_512_outview_wait_fp8	cc_split_swin_16h_proj_512_outview_wait_fp8
1068	1	1788730400197914624	1788730400198283264	1000000000	368.64	cc_tinlayout_fused_swin_8h_256_8_upsample_tilesync_fp8	cc_tinlayout_fused_swin_8h_256_8_upsample_tilesync_fp8
1069	1	1788730400198287360	1788730400198680576	1000000000	393.216	cc_tinlayout_fused_swin_8h_256_8_chained_fp8	cc_tinlayout_fused_swin_8h_256_8_chained_fp8
1070	1	1788730400198685696	1788730400199071744	1000000000	386.048	cc_tinlayout_fused_swin_8h_256_8_chained_fp8	cc_tinlayout_fused_swin_8h_256_8_chained_fp8
1071	1	1788730400199076864	1788730400199379968	1000000000	303.104	cc_tinlayout_fused_swin_8h_256_8_chained_fp8	cc_tinlayout_fused_swin_8h_256_8_chained_fp8
1072	1	1788730400199384064	1788730400199697408	1000000000	313.344	cc_tinlayout_fused_swin_8h_256_8_chained_fp8	cc_tinlayout_fused_swin_8h_256_8_chained_fp8
1073	1	1788730400199701504	1788730400200084480	1000000000	382.976	cc_tinlayout_fused_swin_8h_256_8_chained_fp8	cc_tinlayout_fused_swin_8h_256_8_chained_fp8
1074	1	1788730400200088576	1788730400200485888	1000000000	397.312	cc_tinlayout_fused_swin_8h_256_8_chained_fp8	cc_tinlayout_fused_swin_8h_256_8_chained_fp8
1075	1	1788730400200489984	1788730400200788992	1000000000	299.008	cc_tinlayout_fused_swin_8h_256_8_outview_wait_fp8	cc_tinlayout_fused_swin_8h_256_8_outview_wait_fp8
1076	1	1788730400200793088	1788730400201234432	1000000000	441.344	cc_tinlayout_fused_swin_4h_128_4_upsample_tilesync_fp8	cc_tinlayout_fused_swin_4h_128_4_upsample_tilesync_fp8
1077	1	1788730400201238528	1788730400201568256	1000000000	329.728	cc_tinlayout_fused_swin_4h_128_4_chained_fp8	cc_tinlayout_fused_swin_4h_128_4_chained_fp8
1078	1	1788730400201572352	1788730400201887744	1000000000	315.392	cc_tinlayout_fused_swin_4h_128_4_chained_fp8	cc_tinlayout_fused_swin_4h_128_4_chained_fp8
1079	1	1788730400201893120	1788730400202216448	1000000000	323.328	cc_tinlayout_fused_swin_4h_128_4_chained_fp8	cc_tinlayout_fused_swin_4h_128_4_chained_fp8
1080	1	1788730400202220544	1788730400202540032	1000000000	319.488	cc_tinlayout_fused_swin_4h_128_4_chained_fp8	cc_tinlayout_fused_swin_4h_128_4_chained_fp8
1081	1	1788730400202543104	1788730400202871808	1000000000	328.704	cc_tinlayout_fused_swin_4h_128_4_outview_wait_fp8	cc_tinlayout_fused_swin_4h_128_4_outview_wait_fp8
1082	1	1788730400202874880	1788730400203546624	1000000000	671.744	cc_tinlayout_fused_swin_2h_64_2_upsample_tilesync_fp8	cc_tinlayout_fused_swin_2h_64_2_upsample_tilesync_fp8
1083	1	1788730400203550720	1788730400204078080	1000000000	527.36	cc_tinlayout_fused_swin_2h_64_2_chained_fp8	cc_tinlayout_fused_swin_2h_64_2_chained_fp8
1084	1	1788730400204082176	1788730400204573696	1000000000	491.52	cc_tinlayout_fused_swin_2h_64_2_chained_fp8	cc_tinlayout_fused_swin_2h_64_2_chained_fp8
1085	1	1788730400204577792	1788730400205070336	1000000000	492.544	cc_tinlayout_fused_swin_2h_64_2_outview_wait_fp8	cc_tinlayout_fused_swin_2h_64_2_outview_wait_fp8
1086	1	1788730400205074432	1788730400206341120	1000000000	1266.69	cc_tinlayout_fused_swin_1h_32_1_upsample_tilesync_fp8	cc_tinlayout_fused_swin_1h_32_1_upsample_tilesync_fp8
1087	1	1788730400206345216	1788730400207181824	1000000000	836.608	cc_tinlayout_fused_swin_1h_32_1_chained_fp8	cc_tinlayout_fused_swin_1h_32_1_chained_fp8
1088	1	1788730400207184896	1788730400207998976	1000000000	814.08	cc_tinlayout_fused_swin_1h_32_1_chained_fp8	cc_tinlayout_fused_swin_1h_32_1_chained_fp8
1089	1	1788730400208003072	1788730400209042432	1000000000	1039.36	cc_tinlayout_fused_swin_1h_32_1_outview_wait_fp8	cc_tinlayout_fused_swin_1h_32_1_outview_wait_fp8
1090	1	1788730400209046528	1788730400214290432	1000000000	5243.9	cc_tinlayout_fused_post_block_swin_1h_32_fp8	cc_tinlayout_fused_post_block_swin_1h_32_fp8
1091	1	1788730400214294528	1788730400214334464	1000000000	39.936	cg2r_copy_kernel	cg2r_copy_kernel
1092	1	1788730400400988160	1788730400400993280	1000000000	5.12	cc_cb_clear	cc_cb_clear
1093	1	1788730400400998400	1788730400408381440	1000000000	7383.04	cc_tinlayout_fused_pre_block_swin_1h_32_1_ds_fp8	cc_tinlayout_fused_pre_block_swin_1h_32_1_ds_fp8
1094	1	1788730400408388608	1788730400409491456	1000000000	1102.85	cc_tinlayout_fused_swin_1h_32_1_inpview_tilesync_fp8	cc_tinlayout_fused_swin_1h_32_1_inpview_tilesync_fp8
1095	1	1788730400409496576	1788730400410731520	1000000000	1234.94	cc_tinlayout_fused_swin_1h_32_1_chained_fp8	cc_tinlayout_fused_swin_1h_32_1_chained_fp8
1096	1	1788730400410737664	1788730400411944960	1000000000	1207.3	cc_tinlayout_fused_swin_1h_32_1_chained_fp8	cc_tinlayout_fused_swin_1h_32_1_chained_fp8
1097	1	1788730400411950080	1788730400413190144	1000000000	1240.06	cc_tinlayout_fused_swin_1h_32_1_ds_wait_fp8	cc_tinlayout_fused_swin_1h_32_1_ds_wait_fp8
1098	1	1788730400413195264	1788730400413882368	1000000000	687.104	cc_tinlayout_fused_swin_2h_64_2_inpview_tilesync_fp8	cc_tinlayout_fused_swin_2h_64_2_inpview_tilesync_fp8
1099	1	1788730400413887488	1788730400414617600	1000000000	730.112	cc_tinlayout_fused_swin_2h_64_2_chained_fp8	cc_tinlayout_fused_swin_2h_64_2_chained_fp8
1100	1	1788730400414622720	1788730400415276032	1000000000	653.312	cc_tinlayout_fused_swin_2h_64_2_chained_fp8	cc_tinlayout_fused_swin_2h_64_2_chained_fp8
1101	1	1788730400415281152	1788730400415992832	1000000000	711.68	cc_tinlayout_fused_swin_2h_64_2_ds_wait_fp8	cc_tinlayout_fused_swin_2h_64_2_ds_wait_fp8
1102	1	1788730400415998976	1788730400416498688	1000000000	499.712	cc_tinlayout_fused_swin_4h_128_4_inpview_tilesync_fp8	cc_tinlayout_fused_swin_4h_128_4_inpview_tilesync_fp8
1103	1	1788730400416503808	1788730400416959488	1000000000	455.68	cc_tinlayout_fused_swin_4h_128_4_chained_fp8	cc_tinlayout_fused_swin_4h_128_4_chained_fp8
1104	1	1788730400416964608	1788730400417401856	1000000000	437.248	cc_tinlayout_fused_swin_4h_128_4_chained_fp8	cc_tinlayout_fused_swin_4h_128_4_chained_fp8
1105	1	1788730400417408000	1788730400417839104	1000000000	431.104	cc_tinlayout_fused_swin_4h_128_4_chained_fp8	cc_tinlayout_fused_swin_4h_128_4_chained_fp8
1106	1	1788730400417845248	1788730400418275328	1000000000	430.08	cc_tinlayout_fused_swin_4h_128_4_chained_fp8	cc_tinlayout_fused_swin_4h_128_4_chained_fp8
1107	1	1788730400418281472	1788730400418793472	1000000000	512	cc_tinlayout_fused_swin_4h_128_4_ds_wait_fp8	cc_tinlayout_fused_swin_4h_128_4_ds_wait_fp8
1108	1	1788730400418798592	1788730400419238912	1000000000	440.32	cc_tinlayout_fused_swin_8h_256_8_inpview_tilesync_fp8	cc_tinlayout_fused_swin_8h_256_8_inpview_tilesync_fp8
1109	1	1788730400419244032	1788730400419789824	1000000000	545.792	cc_tinlayout_fused_swin_8h_256_8_chained_fp8	cc_tinlayout_fused_swin_8h_256_8_chained_fp8
1110	1	1788730400419795968	1788730400420335616	1000000000	539.648	cc_tinlayout_fused_swin_8h_256_8_chained_fp8	cc_tinlayout_fused_swin_8h_256_8_chained_fp8
1111	1	1788730400420341760	1788730400420771840	1000000000	430.08	cc_tinlayout_fused_swin_8h_256_8_chained_fp8	cc_tinlayout_fused_swin_8h_256_8_chained_fp8
1112	1	1788730400420776960	1788730400421207040	1000000000	430.08	cc_tinlayout_fused_swin_8h_256_8_chained_fp8	cc_tinlayout_fused_swin_8h_256_8_chained_fp8
1113	1	1788730400421212160	1788730400421741568	1000000000	529.408	cc_tinlayout_fused_swin_8h_256_8_chained_fp8	cc_tinlayout_fused_swin_8h_256_8_chained_fp8
1114	1	1788730400421747712	1788730400422285312	1000000000	537.6	cc_tinlayout_fused_swin_8h_256_8_chained_fp8	cc_tinlayout_fused_swin_8h_256_8_chained_fp8
1115	1	1788730400422290432	1788730400422777856	1000000000	487.424	cc_tinlayout_fused_swin_8h_256_8_ds_wait_fp8	cc_tinlayout_fused_swin_8h_256_8_ds_wait_fp8
1116	1	1788730400422782976	1788730400422907904	1000000000	124.928	cc_split_swin_16h_ffwd_inpview_512_tilesync_fp8	cc_split_swin_16h_ffwd_inpview_512_tilesync_fp8
1117	1	1788730400422914048	1788730400423064576	1000000000	150.528	cc_split_swin_16h_ffwd_proj_inpview_512_chained_fp8	cc_split_swin_16h_ffwd_proj_inpview_512_chained_fp8
1118	1	1788730400423069696	1788730400423187456	1000000000	117.76	cc_split_swin_16h_qkv_512_chained_fp8	cc_split_swin_16h_qkv_512_chained_fp8
1119	1	1788730400423192576	1788730400423257088	1000000000	64.512	cc_split_swin_16h_proj_512_chained_fp8	cc_split_swin_16h_proj_512_chained_fp8
1120	1	1788730400423262208	1788730400423386112	1000000000	123.904	cc_split_swin_16h_ffwd_512_chained_fp8	cc_split_swin_16h_ffwd_512_chained_fp8
1121	1	1788730400423390208	1788730400423462912	1000000000	72.704	cc_split_swin_16h_ffwd_proj_512_chained_fp8	cc_split_swin_16h_ffwd_proj_512_chained_fp8
1122	1	1788730400423468032	1788730400423615488	1000000000	147.456	cc_split_swin_16h_qkv_512_chained_fp8	cc_split_swin_16h_qkv_512_chained_fp8
1123	1	1788730400423620608	1788730400423688192	1000000000	67.584	cc_split_swin_16h_proj_512_chained_fp8	cc_split_swin_16h_proj_512_chained_fp8
1124	1	1788730400423693312	1788730400423817216	1000000000	123.904	cc_split_swin_16h_ffwd_512_chained_fp8	cc_split_swin_16h_ffwd_512_chained_fp8
1125	1	1788730400423822336	1788730400423895040	1000000000	72.704	cc_split_swin_16h_ffwd_proj_512_chained_fp8	cc_split_swin_16h_ffwd_proj_512_chained_fp8
1126	1	1788730400423901184	1788730400424047616	1000000000	146.432	cc_split_swin_16h_qkv_512_chained_fp8	cc_split_swin_16h_qkv_512_chained_fp8
1127	1	1788730400424052736	1788730400424120320	1000000000	67.584	cc_split_swin_16h_proj_512_chained_fp8	cc_split_swin_16h_proj_512_chained_fp8
1128	1	1788730400424125440	1788730400424249344	1000000000	123.904	cc_split_swin_16h_ffwd_512_chained_fp8	cc_split_swin_16h_ffwd_512_chained_fp8
1129	1	1788730400424254464	1788730400424327168	1000000000	72.704	cc_split_swin_16h_ffwd_proj_512_chained_fp8	cc_split_swin_16h_ffwd_proj_512_chained_fp8
1130	1	1788730400424332288	1788730400424479744	1000000000	147.456	cc_split_swin_16h_qkv_512_chained_fp8	cc_split_swin_16h_qkv_512_chained_fp8
1131	1	1788730400424484864	1788730400424549376	1000000000	64.512	cc_split_swin_16h_proj_512_chained_fp8	cc_split_swin_16h_proj_512_chained_fp8
1132	1	1788730400424557568	1788730400424680448	1000000000	122.88	cc_split_swin_16h_ffwd_512_chained_fp8	cc_split_swin_16h_ffwd_512_chained_fp8
1133	1	1788730400424685568	1788730400424758272	1000000000	72.704	cc_split_swin_16h_ffwd_proj_512_chained_fp8	cc_split_swin_16h_ffwd_proj_512_chained_fp8
1134	1	1788730400424764416	1788730400424882176	1000000000	117.76	cc_split_swin_16h_qkv_512_chained_fp8	cc_split_swin_16h_qkv_512_chained_fp8
1135	1	1788730400424887296	1788730400424950784	1000000000	63.488	cc_split_swin_16h_proj_512_chained_fp8	cc_split_swin_16h_proj_512_chained_fp8
1136	1	1788730400424955904	1788730400425079808	1000000000	123.904	cc_split_swin_16h_ffwd_512_chained_fp8	cc_split_swin_16h_ffwd_512_chained_fp8
1137	1	1788730400425084928	1788730400425157632	1000000000	72.704	cc_split_swin_16h_ffwd_proj_512_chained_fp8	cc_split_swin_16h_ffwd_proj_512_chained_fp8
1138	1	1788730400425162752	1788730400425318400	1000000000	155.648	cc_split_swin_16h_qkv_512_chained_fp8	cc_split_swin_16h_qkv_512_chained_fp8
1139	1	1788730400425323520	1788730400425392128	1000000000	68.608	cc_split_swin_16h_proj_512_chained_fp8	cc_split_swin_16h_proj_512_chained_fp8
1140	1	1788730400425398272	1788730400425527296	1000000000	129.024	cc_split_swin_16h_ffwd_512_chained_fp8	cc_split_swin_16h_ffwd_512_chained_fp8
1141	1	1788730400425532416	1788730400425607168	1000000000	74.752	cc_split_swin_16h_ffwd_proj_512_chained_fp8	cc_split_swin_16h_ffwd_proj_512_chained_fp8
1142	1	1788730400425612288	1788730400425765888	1000000000	153.6	cc_split_swin_16h_qkv_512_chained_fp8	cc_split_swin_16h_qkv_512_chained_fp8
1143	1	1788730400425772032	1788730400425840640	1000000000	68.608	cc_split_swin_16h_proj_512_chained_fp8	cc_split_swin_16h_proj_512_chained_fp8
1144	1	1788730400425845760	1788730400425975808	1000000000	130.048	cc_split_swin_16h_ffwd_512_chained_fp8	cc_split_swin_16h_ffwd_512_chained_fp8
1145	1	1788730400425980928	1788730400426055680	1000000000	74.752	cc_split_swin_16h_ffwd_proj_512_chained_fp8	cc_split_swin_16h_ffwd_proj_512_chained_fp8
1146	1	1788730400426061824	1788730400426214400	1000000000	152.576	cc_split_swin_16h_qkv_512_chained_fp8	cc_split_swin_16h_qkv_512_chained_fp8
1147	1	1788730400426219520	1788730400426277888	1000000000	58.368	cc_split_swin_16h_proj_pool_512_chained_fp8	cc_split_swin_16h_proj_pool_512_chained_fp8
1148	1	1788730400426284032	1788730400426326016	1000000000	41.984	cc_split_swin_16h_final_head_512_wait_fp8	cc_split_swin_16h_final_head_512_wait_fp8
1149	1	1788730400426332160	1788730400426343424	1000000000	11.264	cc_vit_1d_repack_2d_to_1d_fp8	cc_vit_1d_repack_2d_to_1d_fp8
1150	1	1788730400426348544	1788730400426647552	1000000000	299.008	cc_vit_1d_ffn_expand_publish_fp8	cc_vit_1d_ffn_expand_publish_fp8
1151	1	1788730400426653696	1788730400426820608	1000000000	166.912	cc_vit_1d_ffn_contract_chained_fp8	cc_vit_1d_ffn_contract_chained_fp8
1152	1	1788730400426826752	1788730400426971136	1000000000	144.384	cc_vit_1d_qkv_chained_fp8	cc_vit_1d_qkv_chained_fp8
1153	1	1788730400426977280	1788730400427115520	1000000000	138.24	cc_vit_1d_attention_chained_fp8	cc_vit_1d_attention_chained_fp8
1154	1	1788730400427121664	1788730400427191296	1000000000	69.632	cc_vit_1d_projection_chained_fp8	cc_vit_1d_projection_chained_fp8
1155	1	1788730400427196416	1788730400427451392	1000000000	254.976	cc_vit_1d_ffn_expand_chained_fp8	cc_vit_1d_ffn_expand_chained_fp8
1156	1	1788730400427460608	1788730400427626496	1000000000	165.888	cc_vit_1d_ffn_contract_chained_fp8	cc_vit_1d_ffn_contract_chained_fp8
1157	1	1788730400427632640	1788730400427774976	1000000000	142.336	cc_vit_1d_qkv_chained_fp8	cc_vit_1d_qkv_chained_fp8
1158	1	1788730400427781120	1788730400427919360	1000000000	138.24	cc_vit_1d_attention_chained_fp8	cc_vit_1d_attention_chained_fp8
1159	1	1788730400427924480	1788730400427991040	1000000000	66.56	cc_vit_1d_projection_chained_fp8	cc_vit_1d_projection_chained_fp8
1160	1	1788730400427996160	1788730400428240896	1000000000	244.736	cc_vit_1d_ffn_expand_chained_fp8	cc_vit_1d_ffn_expand_chained_fp8
1161	1	1788730400428246016	1788730400428410880	1000000000	164.864	cc_vit_1d_ffn_contract_chained_fp8	cc_vit_1d_ffn_contract_chained_fp8
1162	1	1788730400428417024	1788730400428560384	1000000000	143.36	cc_vit_1d_qkv_chained_fp8	cc_vit_1d_qkv_chained_fp8
1163	1	1788730400428565504	1788730400428704768	1000000000	139.264	cc_vit_1d_attention_chained_fp8	cc_vit_1d_attention_chained_fp8
1164	1	1788730400428709888	1788730400428776448	1000000000	66.56	cc_vit_1d_projection_chained_fp8	cc_vit_1d_projection_chained_fp8
1165	1	1788730400428781568	1788730400429026304	1000000000	244.736	cc_vit_1d_ffn_expand_chained_fp8	cc_vit_1d_ffn_expand_chained_fp8
1166	1	1788730400429032448	1788730400429199360	1000000000	166.912	cc_vit_1d_ffn_contract_chained_fp8	cc_vit_1d_ffn_contract_chained_fp8
1167	1	1788730400429205504	1788730400429348864	1000000000	143.36	cc_vit_1d_qkv_chained_fp8	cc_vit_1d_qkv_chained_fp8
1168	1	1788730400429355008	1788730400429493248	1000000000	138.24	cc_vit_1d_attention_chained_fp8	cc_vit_1d_attention_chained_fp8
1169	1	1788730400429498368	1788730400429564928	1000000000	66.56	cc_vit_1d_projection_chained_fp8	cc_vit_1d_projection_chained_fp8
1170	1	1788730400429571072	1788730400429811712	1000000000	240.64	cc_vit_1d_ffn_expand_chained_fp8	cc_vit_1d_ffn_expand_chained_fp8
1171	1	1788730400429817856	1788730400429997056	1000000000	179.2	cc_vit_1d_ffn_contract_chained_fp8	cc_vit_1d_ffn_contract_chained_fp8
1172	1	1788730400430003200	1788730400430145536	1000000000	142.336	cc_vit_1d_qkv_chained_fp8	cc_vit_1d_qkv_chained_fp8
1173	1	1788730400430151680	1788730400430290944	1000000000	139.264	cc_vit_1d_attention_chained_fp8	cc_vit_1d_attention_chained_fp8
1174	1	1788730400430296064	1788730400430363648	1000000000	67.584	cc_vit_1d_projection_chained_fp8	cc_vit_1d_projection_chained_fp8
1175	1	1788730400430369792	1788730400430612480	1000000000	242.688	cc_vit_1d_ffn_expand_chained_fp8	cc_vit_1d_ffn_expand_chained_fp8
1176	1	1788730400430618624	1788730400431164416	1000000000	545.792	cc_vit_1d_ffn_contract_chained_fp8	cc_vit_1d_ffn_contract_chained_fp8
1177	1	1788730400431176704	1788730400431321088	1000000000	144.384	cc_vit_1d_qkv_chained_fp8	cc_vit_1d_qkv_chained_fp8
1178	1	1788730400431326208	1788730400431464448	1000000000	138.24	cc_vit_1d_attention_chained_fp8	cc_vit_1d_attention_chained_fp8
1179	1	1788730400431469568	1788730400431537152	1000000000	67.584	cc_vit_1d_projection_chained_fp8	cc_vit_1d_projection_chained_fp8
1180	1	1788730400431543296	1788730400431789056	1000000000	245.76	cc_vit_1d_ffn_expand_chained_fp8	cc_vit_1d_ffn_expand_chained_fp8
1181	1	1788730400431794176	1788730400431959040	1000000000	164.864	cc_vit_1d_ffn_contract_chained_fp8	cc_vit_1d_ffn_contract_chained_fp8
1182	1	1788730400431965184	1788730400432108544	1000000000	143.36	cc_vit_1d_qkv_chained_fp8	cc_vit_1d_qkv_chained_fp8
1183	1	1788730400432113664	1788730400432252928	1000000000	139.264	cc_vit_1d_attention_chained_fp8	cc_vit_1d_attention_chained_fp8
1184	1	1788730400432258048	1788730400432324608	1000000000	66.56	cc_vit_1d_projection_chained_fp8	cc_vit_1d_projection_chained_fp8
1185	1	1788730400432330752	1788730400433230848	1000000000	900.096	cc_vit_1d_ffn_expand_chained_fp8	cc_vit_1d_ffn_expand_chained_fp8
1186	1	1788730400433236992	1788730400433402880	1000000000	165.888	cc_vit_1d_ffn_contract_chained_fp8	cc_vit_1d_ffn_contract_chained_fp8
1187	1	1788730400433408000	1788730400433551360	1000000000	143.36	cc_vit_1d_qkv_chained_fp8	cc_vit_1d_qkv_chained_fp8
1188	1	1788730400433557504	1788730400433695744	1000000000	138.24	cc_vit_1d_attention_chained_fp8	cc_vit_1d_attention_chained_fp8
1189	1	1788730400433701888	1788730400433769472	1000000000	67.584	cc_vit_1d_projection_wait_fp8	cc_vit_1d_projection_wait_fp8
1190	1	1788730400433774592	1788730400433784832	1000000000	10.24	cc_vit_1d_repack_1d_to_2d_fp8	cc_vit_1d_repack_1d_to_2d_fp8
1191	1	1788730400433790976	1788730400433844224	1000000000	53.248	cc_dec_input_upsample_1024_512_tilesync_fp8	cc_dec_input_upsample_1024_512_tilesync_fp8
1192	1	1788730400433850368	1788730400433979392	1000000000	129.024	cc_split_swin_16h_ffwd_512_chained_fp8	cc_split_swin_16h_ffwd_512_chained_fp8
1193	1	1788730400433985536	1788730400434060288	1000000000	74.752	cc_split_swin_16h_ffwd_proj_512_chained_fp8	cc_split_swin_16h_ffwd_proj_512_chained_fp8
1194	1	1788730400434066432	1788730400434190336	1000000000	123.904	cc_split_swin_16h_qkv_512_chained_fp8	cc_split_swin_16h_qkv_512_chained_fp8
1195	1	1788730400434196480	1788730400434263040	1000000000	66.56	cc_split_swin_16h_proj_512_chained_fp8	cc_split_swin_16h_proj_512_chained_fp8
1196	1	1788730400434269184	1788730400434399232	1000000000	130.048	cc_split_swin_16h_ffwd_512_chained_fp8	cc_split_swin_16h_ffwd_512_chained_fp8
1197	1	1788730400434404352	1788730400434478080	1000000000	73.728	cc_split_swin_16h_ffwd_proj_512_chained_fp8	cc_split_swin_16h_ffwd_proj_512_chained_fp8
1198	1	1788730400434483200	1788730400434638848	1000000000	155.648	cc_split_swin_16h_qkv_512_chained_fp8	cc_split_swin_16h_qkv_512_chained_fp8
1199	1	1788730400434643968	1788730400434713600	1000000000	69.632	cc_split_swin_16h_proj_512_chained_fp8	cc_split_swin_16h_proj_512_chained_fp8
1200	1	1788730400434718720	1788730400434848768	1000000000	130.048	cc_split_swin_16h_ffwd_512_chained_fp8	cc_split_swin_16h_ffwd_512_chained_fp8
1201	1	1788730400434853888	1788730400434927616	1000000000	73.728	cc_split_swin_16h_ffwd_proj_512_chained_fp8	cc_split_swin_16h_ffwd_proj_512_chained_fp8
1202	1	1788730400434933760	1788730400435087360	1000000000	153.6	cc_split_swin_16h_qkv_512_chained_fp8	cc_split_swin_16h_qkv_512_chained_fp8
1203	1	1788730400435092480	1788730400435161088	1000000000	68.608	cc_split_swin_16h_proj_512_chained_fp8	cc_split_swin_16h_proj_512_chained_fp8
1204	1	1788730400435167232	1788730400435297280	1000000000	130.048	cc_split_swin_16h_ffwd_512_chained_fp8	cc_split_swin_16h_ffwd_512_chained_fp8
1205	1	1788730400435302400	1788730400435378176	1000000000	75.776	cc_split_swin_16h_ffwd_proj_512_chained_fp8	cc_split_swin_16h_ffwd_proj_512_chained_fp8
1206	1	1788730400435383296	1788730400435537920	1000000000	154.624	cc_split_swin_16h_qkv_512_chained_fp8	cc_split_swin_16h_qkv_512_chained_fp8
1207	1	1788730400435543040	1788730400435610624	1000000000	67.584	cc_split_swin_16h_proj_512_chained_fp8	cc_split_swin_16h_proj_512_chained_fp8
1208	1	1788730400435617792	1788730400435746816	1000000000	129.024	cc_split_swin_16h_ffwd_512_chained_fp8	cc_split_swin_16h_ffwd_512_chained_fp8
1209	1	1788730400435751936	1788730400435827712	1000000000	75.776	cc_split_swin_16h_ffwd_proj_512_chained_fp8	cc_split_swin_16h_ffwd_proj_512_chained_fp8
1210	1	1788730400435833856	1788730400435957760	1000000000	123.904	cc_split_swin_16h_qkv_512_chained_fp8	cc_split_swin_16h_qkv_512_chained_fp8
1211	1	1788730400435963904	1788730400436031488	1000000000	67.584	cc_split_swin_16h_proj_512_chained_fp8	cc_split_swin_16h_proj_512_chained_fp8
1212	1	1788730400436036608	1788730400436166656	1000000000	130.048	cc_split_swin_16h_ffwd_512_chained_fp8	cc_split_swin_16h_ffwd_512_chained_fp8
1213	1	1788730400436171776	1788730400436246528	1000000000	74.752	cc_split_swin_16h_ffwd_proj_512_chained_fp8	cc_split_swin_16h_ffwd_proj_512_chained_fp8
1214	1	1788730400436251648	1788730400436407296	1000000000	155.648	cc_split_swin_16h_qkv_512_chained_fp8	cc_split_swin_16h_qkv_512_chained_fp8
1215	1	1788730400436412416	1788730400436483072	1000000000	70.656	cc_split_swin_16h_proj_512_chained_fp8	cc_split_swin_16h_proj_512_chained_fp8
1216	1	1788730400436488192	1788730400436618240	1000000000	130.048	cc_split_swin_16h_ffwd_512_chained_fp8	cc_split_swin_16h_ffwd_512_chained_fp8
1217	1	1788730400436624384	1788730400436699136	1000000000	74.752	cc_split_swin_16h_ffwd_proj_512_chained_fp8	cc_split_swin_16h_ffwd_proj_512_chained_fp8
1218	1	1788730400436704256	1788730400436857856	1000000000	153.6	cc_split_swin_16h_qkv_512_chained_fp8	cc_split_swin_16h_qkv_512_chained_fp8
1219	1	1788730400436866048	1788730400436935680	1000000000	69.632	cc_split_swin_16h_proj_512_chained_fp8	cc_split_swin_16h_proj_512_chained_fp8
1220	1	1788730400436940800	1788730400437071872	1000000000	131.072	cc_split_swin_16h_ffwd_512_chained_fp8	cc_split_swin_16h_ffwd_512_chained_fp8
1221	1	1788730400437076992	1788730400437153792	1000000000	76.8	cc_split_swin_16h_ffwd_proj_512_chained_fp8	cc_split_swin_16h_ffwd_proj_512_chained_fp8
1222	1	1788730400437158912	1788730400437312512	1000000000	153.6	cc_split_swin_16h_qkv_512_chained_fp8	cc_split_swin_16h_qkv_512_chained_fp8
1223	1	1788730400437318656	1788730400437475328	1000000000	156.672	cc_split_swin_16h_proj_512_outview_wait_fp8	cc_split_swin_16h_proj_512_outview_wait_fp8
1224	1	1788730400437481472	1788730400438016000	1000000000	534.528	cc_tinlayout_fused_swin_8h_256_8_upsample_tilesync_fp8	cc_tinlayout_fused_swin_8h_256_8_upsample_tilesync_fp8
1225	1	1788730400438022144	1788730400438593536	1000000000	571.392	cc_tinlayout_fused_swin_8h_256_8_chained_fp8	cc_tinlayout_fused_swin_8h_256_8_chained_fp8
1226	1	1788730400438598656	1788730400439158784	1000000000	560.128	cc_tinlayout_fused_swin_8h_256_8_chained_fp8	cc_tinlayout_fused_swin_8h_256_8_chained_fp8
1227	1	1788730400439163904	1788730400439602176	1000000000	438.272	cc_tinlayout_fused_swin_8h_256_8_chained_fp8	cc_tinlayout_fused_swin_8h_256_8_chained_fp8
1228	1	1788730400439607296	1788730400440058880	1000000000	451.584	cc_tinlayout_fused_swin_8h_256_8_chained_fp8	cc_tinlayout_fused_swin_8h_256_8_chained_fp8
1229	1	1788730400440065024	1788730400440617984	1000000000	552.96	cc_tinlayout_fused_swin_8h_256_8_chained_fp8	cc_tinlayout_fused_swin_8h_256_8_chained_fp8
1230	1	1788730400440624128	1788730400441199616	1000000000	575.488	cc_tinlayout_fused_swin_8h_256_8_chained_fp8	cc_tinlayout_fused_swin_8h_256_8_chained_fp8
1231	1	1788730400441205760	1788730400441638912	1000000000	433.152	cc_tinlayout_fused_swin_8h_256_8_outview_wait_fp8	cc_tinlayout_fused_swin_8h_256_8_outview_wait_fp8
1232	1	1788730400441644032	1788730400442314752	1000000000	670.72	cc_tinlayout_fused_swin_4h_128_4_upsample_tilesync_fp8	cc_tinlayout_fused_swin_4h_128_4_upsample_tilesync_fp8
1233	1	1788730400442320896	1788730400442793984	1000000000	473.088	cc_tinlayout_fused_swin_4h_128_4_chained_fp8	cc_tinlayout_fused_swin_4h_128_4_chained_fp8
1234	1	1788730400442799104	1788730400443248640	1000000000	449.536	cc_tinlayout_fused_swin_4h_128_4_chained_fp8	cc_tinlayout_fused_swin_4h_128_4_chained_fp8
1235	1	1788730400443254784	1788730400443716608	1000000000	461.824	cc_tinlayout_fused_swin_4h_128_4_chained_fp8	cc_tinlayout_fused_swin_4h_128_4_chained_fp8
1236	1	1788730400443721728	1788730400444182528	1000000000	460.8	cc_tinlayout_fused_swin_4h_128_4_chained_fp8	cc_tinlayout_fused_swin_4h_128_4_chained_fp8
1237	1	1788730400444187648	1788730400444677120	1000000000	489.472	cc_tinlayout_fused_swin_4h_128_4_outview_wait_fp8	cc_tinlayout_fused_swin_4h_128_4_outview_wait_fp8
1238	1	1788730400444683264	1788730400445700096	1000000000	1016.83	cc_tinlayout_fused_swin_2h_64_2_upsample_tilesync_fp8	cc_tinlayout_fused_swin_2h_64_2_upsample_tilesync_fp8
1239	1	1788730400445705216	1788730400446475264	1000000000	770.048	cc_tinlayout_fused_swin_2h_64_2_chained_fp8	cc_tinlayout_fused_swin_2h_64_2_chained_fp8
1240	1	1788730400446481408	1788730400448039936	1000000000	1558.53	cc_tinlayout_fused_swin_2h_64_2_chained_fp8	cc_tinlayout_fused_swin_2h_64_2_chained_fp8
1241	1	1788730400448047104	1788730400450014208	1000000000	1967.1	cc_tinlayout_fused_swin_2h_64_2_outview_wait_fp8	cc_tinlayout_fused_swin_2h_64_2_outview_wait_fp8
1242	1	1788730400450021376	1788730400451981312	1000000000	1959.94	cc_tinlayout_fused_swin_1h_32_1_upsample_tilesync_fp8	cc_tinlayout_fused_swin_1h_32_1_upsample_tilesync_fp8
1243	1	1788730400451986432	1788730400453233664	1000000000	1247.23	cc_tinlayout_fused_swin_1h_32_1_chained_fp8	cc_tinlayout_fused_swin_1h_32_1_chained_fp8
1244	1	1788730400453238784	1788730400454434816	1000000000	1196.03	cc_tinlayout_fused_swin_1h_32_1_chained_fp8	cc_tinlayout_fused_swin_1h_32_1_chained_fp8
1245	1	1788730400454439936	1788730400456031232	1000000000	1591.3	cc_tinlayout_fused_swin_1h_32_1_outview_wait_fp8	cc_tinlayout_fused_swin_1h_32_1_outview_wait_fp8
1246	1	1788730400456036352	1788730400464141312	1000000000	8104.96	cc_tinlayout_fused_post_block_swin_1h_32_fp8	cc_tinlayout_fused_post_block_swin_1h_32_fp8
1247	1	1788730400464146432	1788730400464222208	1000000000	75.776	cg2r_copy_kernel	cg2r_copy_kernel
1248	1	1788730400651849728	1788730400651854848	1000000000	5.12	cc_cb_clear	cc_cb_clear
1249	1	1788730400651860992	1788730400659621888	1000000000	7760.9	cc_tinlayout_fused_pre_block_swin_1h_32_1_ds_fp8	cc_tinlayout_fused_pre_block_swin_1h_32_1_ds_fp8
1250	1	1788730400659629056	1788730400660781056	1000000000	1152	cc_tinlayout_fused_swin_1h_32_1_inpview_tilesync_fp8	cc_tinlayout_fused_swin_1h_32_1_inpview_tilesync_fp8
1251	1	1788730400660786176	1788730400662093824	1000000000	1307.65	cc_tinlayout_fused_swin_1h_32_1_chained_fp8	cc_tinlayout_fused_swin_1h_32_1_chained_fp8
1252	1	1788730400662098944	1788730400663386112	1000000000	1287.17	cc_tinlayout_fused_swin_1h_32_1_chained_fp8	cc_tinlayout_fused_swin_1h_32_1_chained_fp8
1253	1	1788730400663392256	1788730400664715264	1000000000	1323.01	cc_tinlayout_fused_swin_1h_32_1_ds_wait_fp8	cc_tinlayout_fused_swin_1h_32_1_ds_wait_fp8
1254	1	1788730400664721408	1788730400665467904	1000000000	746.496	cc_tinlayout_fused_swin_2h_64_2_inpview_tilesync_fp8	cc_tinlayout_fused_swin_2h_64_2_inpview_tilesync_fp8
1255	1	1788730400665474048	1788730400666274816	1000000000	800.768	cc_tinlayout_fused_swin_2h_64_2_chained_fp8	cc_tinlayout_fused_swin_2h_64_2_chained_fp8
1256	1	1788730400666280960	1788730400667005952	1000000000	724.992	cc_tinlayout_fused_swin_2h_64_2_chained_fp8	cc_tinlayout_fused_swin_2h_64_2_chained_fp8
1257	1	1788730400667012096	1788730400667790336	1000000000	778.24	cc_tinlayout_fused_swin_2h_64_2_ds_wait_fp8	cc_tinlayout_fused_swin_2h_64_2_ds_wait_fp8
1258	1	1788730400667796480	1788730400668331008	1000000000	534.528	cc_tinlayout_fused_swin_4h_128_4_inpview_tilesync_fp8	cc_tinlayout_fused_swin_4h_128_4_inpview_tilesync_fp8
1259	1	1788730400668337152	1788730400668828672	1000000000	491.52	cc_tinlayout_fused_swin_4h_128_4_chained_fp8	cc_tinlayout_fused_swin_4h_128_4_chained_fp8
1260	1	1788730400668833792	1788730400669306880	1000000000	473.088	cc_tinlayout_fused_swin_4h_128_4_chained_fp8	cc_tinlayout_fused_swin_4h_128_4_chained_fp8
1261	1	1788730400669313024	1788730400669791232	1000000000	478.208	cc_tinlayout_fused_swin_4h_128_4_chained_fp8	cc_tinlayout_fused_swin_4h_128_4_chained_fp8
1262	1	1788730400669797376	1788730400670263296	1000000000	465.92	cc_tinlayout_fused_swin_4h_128_4_chained_fp8	cc_tinlayout_fused_swin_4h_128_4_chained_fp8
1263	1	1788730400670269440	1788730400672100352	1000000000	1830.91	cc_tinlayout_fused_swin_4h_128_4_ds_wait_fp8	cc_tinlayout_fused_swin_4h_128_4_ds_wait_fp8
1264	1	1788730400672113664	1788730400672580608	1000000000	466.944	cc_tinlayout_fused_swin_8h_256_8_inpview_tilesync_fp8	cc_tinlayout_fused_swin_8h_256_8_inpview_tilesync_fp8
1265	1	1788730400672585728	1788730400673180672	1000000000	594.944	cc_tinlayout_fused_swin_8h_256_8_chained_fp8	cc_tinlayout_fused_swin_8h_256_8_chained_fp8
1266	1	1788730400673186816	1788730400673777664	1000000000	590.848	cc_tinlayout_fused_swin_8h_256_8_chained_fp8	cc_tinlayout_fused_swin_8h_256_8_chained_fp8
1267	1	1788730400673782784	1788730400674243584	1000000000	460.8	cc_tinlayout_fused_swin_8h_256_8_chained_fp8	cc_tinlayout_fused_swin_8h_256_8_chained_fp8
1268	1	1788730400674248704	1788730400674717696	1000000000	468.992	cc_tinlayout_fused_swin_8h_256_8_chained_fp8	cc_tinlayout_fused_swin_8h_256_8_chained_fp8
1269	1	1788730400674722816	1788730400675306496	1000000000	583.68	cc_tinlayout_fused_swin_8h_256_8_chained_fp8	cc_tinlayout_fused_swin_8h_256_8_chained_fp8
1270	1	1788730400675312640	1788730400675895296	1000000000	582.656	cc_tinlayout_fused_swin_8h_256_8_chained_fp8	cc_tinlayout_fused_swin_8h_256_8_chained_fp8
1271	1	1788730400675901440	1788730400676425728	1000000000	524.288	cc_tinlayout_fused_swin_8h_256_8_ds_wait_fp8	cc_tinlayout_fused_swin_8h_256_8_ds_wait_fp8
1272	1	1788730400676431872	1788730400676570112	1000000000	138.24	cc_split_swin_16h_ffwd_inpview_512_tilesync_fp8	cc_split_swin_16h_ffwd_inpview_512_tilesync_fp8
1273	1	1788730400676576256	1788730400676744192	1000000000	167.936	cc_split_swin_16h_ffwd_proj_inpview_512_chained_fp8	cc_split_swin_16h_ffwd_proj_inpview_512_chained_fp8
1274	1	1788730400676750336	1788730400676880384	1000000000	130.048	cc_split_swin_16h_qkv_512_chained_fp8	cc_split_swin_16h_qkv_512_chained_fp8
1275	1	1788730400676886528	1788730400676956160	1000000000	69.632	cc_split_swin_16h_proj_512_chained_fp8	cc_split_swin_16h_proj_512_chained_fp8
1276	1	1788730400676962304	1788730400677097472	1000000000	135.168	cc_split_swin_16h_ffwd_512_chained_fp8	cc_split_swin_16h_ffwd_512_chained_fp8
1277	1	1788730400677102592	1788730400677179392	1000000000	76.8	cc_split_swin_16h_ffwd_proj_512_chained_fp8	cc_split_swin_16h_ffwd_proj_512_chained_fp8
1278	1	1788730400677184512	1788730400677346304	1000000000	161.792	cc_split_swin_16h_qkv_512_chained_fp8	cc_split_swin_16h_qkv_512_chained_fp8
1279	1	1788730400677351424	1788730400677424128	1000000000	72.704	cc_split_swin_16h_proj_512_chained_fp8	cc_split_swin_16h_proj_512_chained_fp8
1280	1	1788730400677430272	1788730400677566464	1000000000	136.192	cc_split_swin_16h_ffwd_512_chained_fp8	cc_split_swin_16h_ffwd_512_chained_fp8
1281	1	1788730400677571584	1788730400677648384	1000000000	76.8	cc_split_swin_16h_ffwd_proj_512_chained_fp8	cc_split_swin_16h_ffwd_proj_512_chained_fp8
1282	1	1788730400677654528	1788730400677817344	1000000000	162.816	cc_split_swin_16h_qkv_512_chained_fp8	cc_split_swin_16h_qkv_512_chained_fp8
1283	1	1788730400677822464	1788730400677895168	1000000000	72.704	cc_split_swin_16h_proj_512_chained_fp8	cc_split_swin_16h_proj_512_chained_fp8
1284	1	1788730400677900288	1788730400678035456	1000000000	135.168	cc_split_swin_16h_ffwd_512_chained_fp8	cc_split_swin_16h_ffwd_512_chained_fp8
1285	1	1788730400678040576	1788730400678117376	1000000000	76.8	cc_split_swin_16h_ffwd_proj_512_chained_fp8	cc_split_swin_16h_ffwd_proj_512_chained_fp8
1286	1	1788730400678123520	1788730400678283264	1000000000	159.744	cc_split_swin_16h_qkv_512_chained_fp8	cc_split_swin_16h_qkv_512_chained_fp8
1287	1	1788730400678289408	1788730400678359040	1000000000	69.632	cc_split_swin_16h_proj_512_chained_fp8	cc_split_swin_16h_proj_512_chained_fp8
1288	1	1788730400678364160	1788730400678499328	1000000000	135.168	cc_split_swin_16h_ffwd_512_chained_fp8	cc_split_swin_16h_ffwd_512_chained_fp8
1289	1	1788730400678504448	1788730400678578176	1000000000	73.728	cc_split_swin_16h_ffwd_proj_512_chained_fp8	cc_split_swin_16h_ffwd_proj_512_chained_fp8
1290	1	1788730400678584320	1788730400678713344	1000000000	129.024	cc_split_swin_16h_qkv_512_chained_fp8	cc_split_swin_16h_qkv_512_chained_fp8
1291	1	1788730400678718464	1788730400678788096	1000000000	69.632	cc_split_swin_16h_proj_512_chained_fp8	cc_split_swin_16h_proj_512_chained_fp8
1292	1	1788730400678794240	1788730400678928384	1000000000	134.144	cc_split_swin_16h_ffwd_512_chained_fp8	cc_split_swin_16h_ffwd_512_chained_fp8
1293	1	1788730400678934528	1788730400679007232	1000000000	72.704	cc_split_swin_16h_ffwd_proj_512_chained_fp8	cc_split_swin_16h_ffwd_proj_512_chained_fp8
1294	1	1788730400679013376	1788730400679173120	1000000000	159.744	cc_split_swin_16h_qkv_512_chained_fp8	cc_split_swin_16h_qkv_512_chained_fp8
1295	1	1788730400679179264	1788730400679250944	1000000000	71.68	cc_split_swin_16h_proj_512_chained_fp8	cc_split_swin_16h_proj_512_chained_fp8
1296	1	1788730400679257088	1788730400679392256	1000000000	135.168	cc_split_swin_16h_ffwd_512_chained_fp8	cc_split_swin_16h_ffwd_512_chained_fp8
1297	1	1788730400679397376	1788730400679474176	1000000000	76.8	cc_split_swin_16h_ffwd_proj_512_chained_fp8	cc_split_swin_16h_ffwd_proj_512_chained_fp8
1298	1	1788730400679479296	1788730400679640064	1000000000	160.768	cc_split_swin_16h_qkv_512_chained_fp8	cc_split_swin_16h_qkv_512_chained_fp8
1299	1	1788730400679646208	1788730400679718912	1000000000	72.704	cc_split_swin_16h_proj_512_chained_fp8	cc_split_swin_16h_proj_512_chained_fp8
1300	1	1788730400679724032	1788730400679859200	1000000000	135.168	cc_split_swin_16h_ffwd_512_chained_fp8	cc_split_swin_16h_ffwd_512_chained_fp8
1301	1	1788730400679864320	1788730400679940096	1000000000	75.776	cc_split_swin_16h_ffwd_proj_512_chained_fp8	cc_split_swin_16h_ffwd_proj_512_chained_fp8
1302	1	1788730400679946240	1788730400680103936	1000000000	157.696	cc_split_swin_16h_qkv_512_chained_fp8	cc_split_swin_16h_qkv_512_chained_fp8
1303	1	1788730400680109056	1788730400680170496	1000000000	61.44	cc_split_swin_16h_proj_pool_512_chained_fp8	cc_split_swin_16h_proj_pool_512_chained_fp8
1304	1	1788730400680175616	1788730400680219648	1000000000	44.032	cc_split_swin_16h_final_head_512_wait_fp8	cc_split_swin_16h_final_head_512_wait_fp8
1305	1	1788730400680224768	1788730400680236032	1000000000	11.264	cc_vit_1d_repack_2d_to_1d_fp8	cc_vit_1d_repack_2d_to_1d_fp8
1306	1	1788730400680241152	1788730400680530944	1000000000	289.792	cc_vit_1d_ffn_expand_publish_fp8	cc_vit_1d_ffn_expand_publish_fp8
1307	1	1788730400680537088	1788730400680710144	1000000000	173.056	cc_vit_1d_ffn_contract_chained_fp8	cc_vit_1d_ffn_contract_chained_fp8
1308	1	1788730400680716288	1788730400680864768	1000000000	148.48	cc_vit_1d_qkv_chained_fp8	cc_vit_1d_qkv_chained_fp8
1309	1	1788730400680869888	1788730400681015296	1000000000	145.408	cc_vit_1d_attention_chained_fp8	cc_vit_1d_attention_chained_fp8
1310	1	1788730400681020416	1788730400681090048	1000000000	69.632	cc_vit_1d_projection_chained_fp8	cc_vit_1d_projection_chained_fp8
1311	1	1788730400681095168	1788730400681344000	1000000000	248.832	cc_vit_1d_ffn_expand_chained_fp8	cc_vit_1d_ffn_expand_chained_fp8
1312	1	1788730400681350144	1788730400681524224	1000000000	174.08	cc_vit_1d_ffn_contract_chained_fp8	cc_vit_1d_ffn_contract_chained_fp8
1313	1	1788730400681530368	1788730400681677824	1000000000	147.456	cc_vit_1d_qkv_chained_fp8	cc_vit_1d_qkv_chained_fp8
1314	1	1788730400681683968	1788730400681827328	1000000000	143.36	cc_vit_1d_attention_chained_fp8	cc_vit_1d_attention_chained_fp8
1315	1	1788730400681832448	1788730400681902080	1000000000	69.632	cc_vit_1d_projection_chained_fp8	cc_vit_1d_projection_chained_fp8
1316	1	1788730400681908224	1788730400682160128	1000000000	251.904	cc_vit_1d_ffn_expand_chained_fp8	cc_vit_1d_ffn_expand_chained_fp8
1317	1	1788730400682165248	1788730400682338304	1000000000	173.056	cc_vit_1d_ffn_contract_chained_fp8	cc_vit_1d_ffn_contract_chained_fp8
1318	1	1788730400682344448	1788730400682492928	1000000000	148.48	cc_vit_1d_qkv_chained_fp8	cc_vit_1d_qkv_chained_fp8
1319	1	1788730400682499072	1788730400682644480	1000000000	145.408	cc_vit_1d_attention_chained_fp8	cc_vit_1d_attention_chained_fp8
1320	1	1788730400682649600	1788730400682718208	1000000000	68.608	cc_vit_1d_projection_chained_fp8	cc_vit_1d_projection_chained_fp8
1321	1	1788730400682724352	1788730400682982400	1000000000	258.048	cc_vit_1d_ffn_expand_chained_fp8	cc_vit_1d_ffn_expand_chained_fp8
1322	1	1788730400682987520	1788730400683159552	1000000000	172.032	cc_vit_1d_ffn_contract_chained_fp8	cc_vit_1d_ffn_contract_chained_fp8
1323	1	1788730400683165696	1788730400683314176	1000000000	148.48	cc_vit_1d_qkv_chained_fp8	cc_vit_1d_qkv_chained_fp8
1324	1	1788730400683320320	1788730400683464704	1000000000	144.384	cc_vit_1d_attention_chained_fp8	cc_vit_1d_attention_chained_fp8
1325	1	1788730400683470848	1788730400683539456	1000000000	68.608	cc_vit_1d_projection_chained_fp8	cc_vit_1d_projection_chained_fp8
1326	1	1788730400683545600	1788730400683813888	1000000000	268.288	cc_vit_1d_ffn_expand_chained_fp8	cc_vit_1d_ffn_expand_chained_fp8
1327	1	1788730400683820032	1788730400683991040	1000000000	171.008	cc_vit_1d_ffn_contract_chained_fp8	cc_vit_1d_ffn_contract_chained_fp8
1328	1	1788730400683997184	1788730400684145664	1000000000	148.48	cc_vit_1d_qkv_chained_fp8	cc_vit_1d_qkv_chained_fp8
1329	1	1788730400684151808	1788730400684295168	1000000000	143.36	cc_vit_1d_attention_chained_fp8	cc_vit_1d_attention_chained_fp8
1330	1	1788730400684301312	1788730400684370944	1000000000	69.632	cc_vit_1d_projection_chained_fp8	cc_vit_1d_projection_chained_fp8
1331	1	1788730400684376064	1788730400684637184	1000000000	261.12	cc_vit_1d_ffn_expand_chained_fp8	cc_vit_1d_ffn_expand_chained_fp8
1332	1	1788730400684643328	1788730400684816384	1000000000	173.056	cc_vit_1d_ffn_contract_chained_fp8	cc_vit_1d_ffn_contract_chained_fp8
1333	1	1788730400684822528	1788730400684971008	1000000000	148.48	cc_vit_1d_qkv_chained_fp8	cc_vit_1d_qkv_chained_fp8
1334	1	1788730400684977152	1788730400685120512	1000000000	143.36	cc_vit_1d_attention_chained_fp8	cc_vit_1d_attention_chained_fp8
1335	1	1788730400685126656	1788730400685197312	1000000000	70.656	cc_vit_1d_projection_chained_fp8	cc_vit_1d_projection_chained_fp8
1336	1	1788730400685203456	1788730400685457408	1000000000	253.952	cc_vit_1d_ffn_expand_chained_fp8	cc_vit_1d_ffn_expand_chained_fp8
1337	1	1788730400685463552	1788730400685638656	1000000000	175.104	cc_vit_1d_ffn_contract_chained_fp8	cc_vit_1d_ffn_contract_chained_fp8
1338	1	1788730400685644800	1788730400685793280	1000000000	148.48	cc_vit_1d_qkv_chained_fp8	cc_vit_1d_qkv_chained_fp8
1339	1	1788730400685801472	1788730400685945856	1000000000	144.384	cc_vit_1d_attention_chained_fp8	cc_vit_1d_attention_chained_fp8
1340	1	1788730400685950976	1788730400686021632	1000000000	70.656	cc_vit_1d_projection_chained_fp8	cc_vit_1d_projection_chained_fp8
1341	1	1788730400686027776	1788730400686276608	1000000000	248.832	cc_vit_1d_ffn_expand_chained_fp8	cc_vit_1d_ffn_expand_chained_fp8
1342	1	1788730400686281728	1788730400686455808	1000000000	174.08	cc_vit_1d_ffn_contract_chained_fp8	cc_vit_1d_ffn_contract_chained_fp8
1343	1	1788730400686461952	1788730400686610432	1000000000	148.48	cc_vit_1d_qkv_chained_fp8	cc_vit_1d_qkv_chained_fp8
1344	1	1788730400686616576	1788730400686759936	1000000000	143.36	cc_vit_1d_attention_chained_fp8	cc_vit_1d_attention_chained_fp8
1345	1	1788730400686766080	1788730400686834688	1000000000	68.608	cc_vit_1d_projection_wait_fp8	cc_vit_1d_projection_wait_fp8
1346	1	1788730400686840832	1788730400686851072	1000000000	10.24	cc_vit_1d_repack_1d_to_2d_fp8	cc_vit_1d_repack_1d_to_2d_fp8
1347	1	1788730400686856192	1788730400686912512	1000000000	56.32	cc_dec_input_upsample_1024_512_tilesync_fp8	cc_dec_input_upsample_1024_512_tilesync_fp8
1348	1	1788730400686917632	1788730400687052800	1000000000	135.168	cc_split_swin_16h_ffwd_512_chained_fp8	cc_split_swin_16h_ffwd_512_chained_fp8
1349	1	1788730400687057920	1788730400687134720	1000000000	76.8	cc_split_swin_16h_ffwd_proj_512_chained_fp8	cc_split_swin_16h_ffwd_proj_512_chained_fp8
1350	1	1788730400687140864	1788730400687267840	1000000000	126.976	cc_split_swin_16h_qkv_512_chained_fp8	cc_split_swin_16h_qkv_512_chained_fp8
1351	1	1788730400687272960	1788730400687343616	1000000000	70.656	cc_split_swin_16h_proj_512_chained_fp8	cc_split_swin_16h_proj_512_chained_fp8
1352	1	1788730400687348736	1788730400687483904	1000000000	135.168	cc_split_swin_16h_ffwd_512_chained_fp8	cc_split_swin_16h_ffwd_512_chained_fp8
1353	1	1788730400687489024	1788730400687564800	1000000000	75.776	cc_split_swin_16h_ffwd_proj_512_chained_fp8	cc_split_swin_16h_ffwd_proj_512_chained_fp8
1354	1	1788730400687569920	1788730400687732736	1000000000	162.816	cc_split_swin_16h_qkv_512_chained_fp8	cc_split_swin_16h_qkv_512_chained_fp8
1355	1	1788730400687738880	1788730400687811584	1000000000	72.704	cc_split_swin_16h_proj_512_chained_fp8	cc_split_swin_16h_proj_512_chained_fp8
1356	1	1788730400687816704	1788730400687951872	1000000000	135.168	cc_split_swin_16h_ffwd_512_chained_fp8	cc_split_swin_16h_ffwd_512_chained_fp8
1357	1	1788730400687958016	1788730400688034816	1000000000	76.8	cc_split_swin_16h_ffwd_proj_512_chained_fp8	cc_split_swin_16h_ffwd_proj_512_chained_fp8
1358	1	1788730400688040960	1788730400688201728	1000000000	160.768	cc_split_swin_16h_qkv_512_chained_fp8	cc_split_swin_16h_qkv_512_chained_fp8
1359	1	1788730400688207872	1788730400688278528	1000000000	70.656	cc_split_swin_16h_proj_512_chained_fp8	cc_split_swin_16h_proj_512_chained_fp8
1360	1	1788730400688289792	1788730400688424960	1000000000	135.168	cc_split_swin_16h_ffwd_512_chained_fp8	cc_split_swin_16h_ffwd_512_chained_fp8
1361	1	1788730400688430080	1788730400688504832	1000000000	74.752	cc_split_swin_16h_ffwd_proj_512_chained_fp8	cc_split_swin_16h_ffwd_proj_512_chained_fp8
1362	1	1788730400688510976	1788730400688670720	1000000000	159.744	cc_split_swin_16h_qkv_512_chained_fp8	cc_split_swin_16h_qkv_512_chained_fp8
1363	1	1788730400688675840	1788730400688745472	1000000000	69.632	cc_split_swin_16h_proj_512_chained_fp8	cc_split_swin_16h_proj_512_chained_fp8
1364	1	1788730400688750592	1788730400688884736	1000000000	134.144	cc_split_swin_16h_ffwd_512_chained_fp8	cc_split_swin_16h_ffwd_512_chained_fp8
1365	1	1788730400688889856	1788730400688967680	1000000000	77.824	cc_split_swin_16h_ffwd_proj_512_chained_fp8	cc_split_swin_16h_ffwd_proj_512_chained_fp8
1366	1	1788730400688972800	1788730400689100800	1000000000	128	cc_split_swin_16h_qkv_512_chained_fp8	cc_split_swin_16h_qkv_512_chained_fp8
1367	1	1788730400689106944	1788730400689176576	1000000000	69.632	cc_split_swin_16h_proj_512_chained_fp8	cc_split_swin_16h_proj_512_chained_fp8
1368	1	1788730400689182720	1788730400689316864	1000000000	134.144	cc_split_swin_16h_ffwd_512_chained_fp8	cc_split_swin_16h_ffwd_512_chained_fp8
1369	1	1788730400689321984	1788730400689395712	1000000000	73.728	cc_split_swin_16h_ffwd_proj_512_chained_fp8	cc_split_swin_16h_ffwd_proj_512_chained_fp8
1370	1	1788730400689401856	1788730400689563648	1000000000	161.792	cc_split_swin_16h_qkv_512_chained_fp8	cc_split_swin_16h_qkv_512_chained_fp8
1371	1	1788730400689568768	1788730400689641472	1000000000	72.704	cc_split_swin_16h_proj_512_chained_fp8	cc_split_swin_16h_proj_512_chained_fp8
1372	1	1788730400689646592	1788730400689781760	1000000000	135.168	cc_split_swin_16h_ffwd_512_chained_fp8	cc_split_swin_16h_ffwd_512_chained_fp8
1373	1	1788730400689787904	1788730400689861632	1000000000	73.728	cc_split_swin_16h_ffwd_proj_512_chained_fp8	cc_split_swin_16h_ffwd_proj_512_chained_fp8
1374	1	1788730400689867776	1788730400690026496	1000000000	158.72	cc_split_swin_16h_qkv_512_chained_fp8	cc_split_swin_16h_qkv_512_chained_fp8
1375	1	1788730400690032640	1788730400690104320	1000000000	71.68	cc_split_swin_16h_proj_512_chained_fp8	cc_split_swin_16h_proj_512_chained_fp8
1376	1	1788730400690110464	1788730400690246656	1000000000	136.192	cc_split_swin_16h_ffwd_512_chained_fp8	cc_split_swin_16h_ffwd_512_chained_fp8
1377	1	1788730400690251776	1788730400690327552	1000000000	75.776	cc_split_swin_16h_ffwd_proj_512_chained_fp8	cc_split_swin_16h_ffwd_proj_512_chained_fp8
1378	1	1788730400690333696	1788730400690493440	1000000000	159.744	cc_split_swin_16h_qkv_512_chained_fp8	cc_split_swin_16h_qkv_512_chained_fp8
1379	1	1788730400690498560	1788730400690668544	1000000000	169.984	cc_split_swin_16h_proj_512_outview_wait_fp8	cc_split_swin_16h_proj_512_outview_wait_fp8
1380	1	1788730400690673664	1788730400691227648	1000000000	553.984	cc_tinlayout_fused_swin_8h_256_8_upsample_tilesync_fp8	cc_tinlayout_fused_swin_8h_256_8_upsample_tilesync_fp8
1381	1	1788730400691233792	1788730400691822592	1000000000	588.8	cc_tinlayout_fused_swin_8h_256_8_chained_fp8	cc_tinlayout_fused_swin_8h_256_8_chained_fp8
1382	1	1788730400691828736	1788730400692410368	1000000000	581.632	cc_tinlayout_fused_swin_8h_256_8_chained_fp8	cc_tinlayout_fused_swin_8h_256_8_chained_fp8
1383	1	1788730400692416512	1788730400692868096	1000000000	451.584	cc_tinlayout_fused_swin_8h_256_8_chained_fp8	cc_tinlayout_fused_swin_8h_256_8_chained_fp8
1384	1	1788730400692874240	1788730400693347328	1000000000	473.088	cc_tinlayout_fused_swin_8h_256_8_chained_fp8	cc_tinlayout_fused_swin_8h_256_8_chained_fp8
1385	1	1788730400693353472	1788730400693922816	1000000000	569.344	cc_tinlayout_fused_swin_8h_256_8_chained_fp8	cc_tinlayout_fused_swin_8h_256_8_chained_fp8
1386	1	1788730400693928960	1788730400694528000	1000000000	599.04	cc_tinlayout_fused_swin_8h_256_8_chained_fp8	cc_tinlayout_fused_swin_8h_256_8_chained_fp8
1387	1	1788730400694534144	1788730400694978560	1000000000	444.416	cc_tinlayout_fused_swin_8h_256_8_outview_wait_fp8	cc_tinlayout_fused_swin_8h_256_8_outview_wait_fp8
1388	1	1788730400694984704	1788730400695664640	1000000000	679.936	cc_tinlayout_fused_swin_4h_128_4_upsample_tilesync_fp8	cc_tinlayout_fused_swin_4h_128_4_upsample_tilesync_fp8
1389	1	1788730400695670784	1788730400696162304	1000000000	491.52	cc_tinlayout_fused_swin_4h_128_4_chained_fp8	cc_tinlayout_fused_swin_4h_128_4_chained_fp8
1390	1	1788730400696170496	1788730400696635392	1000000000	464.896	cc_tinlayout_fused_swin_4h_128_4_chained_fp8	cc_tinlayout_fused_swin_4h_128_4_chained_fp8
1391	1	1788730400696641536	1788730400697117696	1000000000	476.16	cc_tinlayout_fused_swin_4h_128_4_chained_fp8	cc_tinlayout_fused_swin_4h_128_4_chained_fp8
1392	1	1788730400697123840	1788730400697601024	1000000000	477.184	cc_tinlayout_fused_swin_4h_128_4_chained_fp8	cc_tinlayout_fused_swin_4h_128_4_chained_fp8
1393	1	1788730400697607168	1788730400698118144	1000000000	510.976	cc_tinlayout_fused_swin_4h_128_4_outview_wait_fp8	cc_tinlayout_fused_swin_4h_128_4_outview_wait_fp8
1394	1	1788730400698124288	1788730400699164672	1000000000	1040.38	cc_tinlayout_fused_swin_2h_64_2_upsample_tilesync_fp8	cc_tinlayout_fused_swin_2h_64_2_upsample_tilesync_fp8
1395	1	1788730400699170816	1788730400699962368	1000000000	791.552	cc_tinlayout_fused_swin_2h_64_2_chained_fp8	cc_tinlayout_fused_swin_2h_64_2_chained_fp8
1396	1	1788730400699967488	1788730400700702720	1000000000	735.232	cc_tinlayout_fused_swin_2h_64_2_chained_fp8	cc_tinlayout_fused_swin_2h_64_2_chained_fp8
1397	1	1788730400700707840	1788730400701433856	1000000000	726.016	cc_tinlayout_fused_swin_2h_64_2_outview_wait_fp8	cc_tinlayout_fused_swin_2h_64_2_outview_wait_fp8
1398	1	1788730400701440000	1788730400703436800	1000000000	1996.8	cc_tinlayout_fused_swin_1h_32_1_upsample_tilesync_fp8	cc_tinlayout_fused_swin_1h_32_1_upsample_tilesync_fp8
1399	1	1788730400703442944	1788730400704723968	1000000000	1281.02	cc_tinlayout_fused_swin_1h_32_1_chained_fp8	cc_tinlayout_fused_swin_1h_32_1_chained_fp8
1400	1	1788730400704730112	1788730400705977344	1000000000	1247.23	cc_tinlayout_fused_swin_1h_32_1_chained_fp8	cc_tinlayout_fused_swin_1h_32_1_chained_fp8
1401	1	1788730400705983488	1788730400707614720	1000000000	1631.23	cc_tinlayout_fused_swin_1h_32_1_outview_wait_fp8	cc_tinlayout_fused_swin_1h_32_1_outview_wait_fp8
1402	1	1788730400707620864	1788730400717029376	1000000000	9408.51	cc_tinlayout_fused_post_block_swin_1h_32_fp8	cc_tinlayout_fused_post_block_swin_1h_32_fp8
1403	1	1788730400717035520	1788730400717117440	1000000000	81.92	cg2r_copy_kernel	cg2r_copy_kernel
1404	1	1788730400905655296	1788730400905660416	1000000000	5.12	cc_cb_clear	cc_cb_clear
1405	1	1788730400905666560	1788730400912455680	1000000000	6789.12	cc_tinlayout_fused_pre_block_swin_1h_32_1_ds_fp8	cc_tinlayout_fused_pre_block_swin_1h_32_1_ds_fp8
1406	1	1788730400912460800	1788730400913626112	1000000000	1165.31	cc_tinlayout_fused_swin_1h_32_1_inpview_tilesync_fp8	cc_tinlayout_fused_swin_1h_32_1_inpview_tilesync_fp8
1407	1	1788730400913632256	1788730400914960384	1000000000	1328.13	cc_tinlayout_fused_swin_1h_32_1_chained_fp8	cc_tinlayout_fused_swin_1h_32_1_chained_fp8
1408	1	1788730400914966528	1788730400916261888	1000000000	1295.36	cc_tinlayout_fused_swin_1h_32_1_chained_fp8	cc_tinlayout_fused_swin_1h_32_1_chained_fp8
1409	1	1788730400916268032	1788730400917597184	1000000000	1329.15	cc_tinlayout_fused_swin_1h_32_1_ds_wait_fp8	cc_tinlayout_fused_swin_1h_32_1_ds_wait_fp8
1410	1	1788730400917603328	1788730400918361088	1000000000	757.76	cc_tinlayout_fused_swin_2h_64_2_inpview_tilesync_fp8	cc_tinlayout_fused_swin_2h_64_2_inpview_tilesync_fp8
1411	1	1788730400918367232	1788730400919180288	1000000000	813.056	cc_tinlayout_fused_swin_2h_64_2_chained_fp8	cc_tinlayout_fused_swin_2h_64_2_chained_fp8
1412	1	1788730400919186432	1788730400919917568	1000000000	731.136	cc_tinlayout_fused_swin_2h_64_2_chained_fp8	cc_tinlayout_fused_swin_2h_64_2_chained_fp8
1413	1	1788730400919923712	1788730400920710144	1000000000	786.432	cc_tinlayout_fused_swin_2h_64_2_ds_wait_fp8	cc_tinlayout_fused_swin_2h_64_2_ds_wait_fp8
1414	1	1788730400920716288	1788730400921233408	1000000000	517.12	cc_tinlayout_fused_swin_4h_128_4_inpview_tilesync_fp8	cc_tinlayout_fused_swin_4h_128_4_inpview_tilesync_fp8
1415	1	1788730400921240576	1788730400921742336	1000000000	501.76	cc_tinlayout_fused_swin_4h_128_4_chained_fp8	cc_tinlayout_fused_swin_4h_128_4_chained_fp8
1416	1	1788730400921748480	1788730400922228736	1000000000	480.256	cc_tinlayout_fused_swin_4h_128_4_chained_fp8	cc_tinlayout_fused_swin_4h_128_4_chained_fp8
1417	1	1788730400922238976	1788730400922717184	1000000000	478.208	cc_tinlayout_fused_swin_4h_128_4_chained_fp8	cc_tinlayout_fused_swin_4h_128_4_chained_fp8
1418	1	1788730400922723328	1788730400923200512	1000000000	477.184	cc_tinlayout_fused_swin_4h_128_4_chained_fp8	cc_tinlayout_fused_swin_4h_128_4_chained_fp8
1419	1	1788730400923206656	1788730400923749376	1000000000	542.72	cc_tinlayout_fused_swin_4h_128_4_ds_wait_fp8	cc_tinlayout_fused_swin_4h_128_4_ds_wait_fp8
1420	1	1788730400923756544	1788730400924232704	1000000000	476.16	cc_tinlayout_fused_swin_8h_256_8_inpview_tilesync_fp8	cc_tinlayout_fused_swin_8h_256_8_inpview_tilesync_fp8
1421	1	1788730400924238848	1788730400924843008	1000000000	604.16	cc_tinlayout_fused_swin_8h_256_8_chained_fp8	cc_tinlayout_fused_swin_8h_256_8_chained_fp8
1422	1	1788730400924849152	1788730400925438976	1000000000	589.824	cc_tinlayout_fused_swin_8h_256_8_chained_fp8	cc_tinlayout_fused_swin_8h_256_8_chained_fp8
1423	1	1788730400925445120	1788730400925911040	1000000000	465.92	cc_tinlayout_fused_swin_8h_256_8_chained_fp8	cc_tinlayout_fused_swin_8h_256_8_chained_fp8
1424	1	1788730400925916160	1788730400926392320	1000000000	476.16	cc_tinlayout_fused_swin_8h_256_8_chained_fp8	cc_tinlayout_fused_swin_8h_256_8_chained_fp8
1425	1	1788730400926398464	1788730400926983168	1000000000	584.704	cc_tinlayout_fused_swin_8h_256_8_chained_fp8	cc_tinlayout_fused_swin_8h_256_8_chained_fp8
1426	1	1788730400926989312	1788730400927578112	1000000000	588.8	cc_tinlayout_fused_swin_8h_256_8_chained_fp8	cc_tinlayout_fused_swin_8h_256_8_chained_fp8
1427	1	1788730400927584256	1788730400928116736	1000000000	532.48	cc_tinlayout_fused_swin_8h_256_8_ds_wait_fp8	cc_tinlayout_fused_swin_8h_256_8_ds_wait_fp8
1428	1	1788730400928122880	1788730400928263168	1000000000	140.288	cc_split_swin_16h_ffwd_inpview_512_tilesync_fp8	cc_split_swin_16h_ffwd_inpview_512_tilesync_fp8
1429	1	1788730400928269312	1788730400928423936	1000000000	154.624	cc_split_swin_16h_ffwd_proj_inpview_512_chained_fp8	cc_split_swin_16h_ffwd_proj_inpview_512_chained_fp8
1430	1	1788730400928430080	1788730400928559104	1000000000	129.024	cc_split_swin_16h_qkv_512_chained_fp8	cc_split_swin_16h_qkv_512_chained_fp8
1431	1	1788730400928564224	1788730400928635904	1000000000	71.68	cc_split_swin_16h_proj_512_chained_fp8	cc_split_swin_16h_proj_512_chained_fp8
1432	1	1788730400928641024	1788730400928778240	1000000000	137.216	cc_split_swin_16h_ffwd_512_chained_fp8	cc_split_swin_16h_ffwd_512_chained_fp8
1433	1	1788730400928783360	1788730400928862208	1000000000	78.848	cc_split_swin_16h_ffwd_proj_512_chained_fp8	cc_split_swin_16h_ffwd_proj_512_chained_fp8
1434	1	1788730400928868352	1788730400929031168	1000000000	162.816	cc_split_swin_16h_qkv_512_chained_fp8	cc_split_swin_16h_qkv_512_chained_fp8
1435	1	1788730400929037312	1788730400929111040	1000000000	73.728	cc_split_swin_16h_proj_512_chained_fp8	cc_split_swin_16h_proj_512_chained_fp8
1436	1	1788730400929117184	1788730400929254400	1000000000	137.216	cc_split_swin_16h_ffwd_512_chained_fp8	cc_split_swin_16h_ffwd_512_chained_fp8
1437	1	1788730400929260544	1788730400929336320	1000000000	75.776	cc_split_swin_16h_ffwd_proj_512_chained_fp8	cc_split_swin_16h_ffwd_proj_512_chained_fp8
1438	1	1788730400929343488	1788730400929507328	1000000000	163.84	cc_split_swin_16h_qkv_512_chained_fp8	cc_split_swin_16h_qkv_512_chained_fp8
1439	1	1788730400929513472	1788730400929586176	1000000000	72.704	cc_split_swin_16h_proj_512_chained_fp8	cc_split_swin_16h_proj_512_chained_fp8
1440	1	1788730400929592320	1788730400929728512	1000000000	136.192	cc_split_swin_16h_ffwd_512_chained_fp8	cc_split_swin_16h_ffwd_512_chained_fp8
1441	1	1788730400929734656	1788730400929810432	1000000000	75.776	cc_split_swin_16h_ffwd_proj_512_chained_fp8	cc_split_swin_16h_ffwd_proj_512_chained_fp8
1442	1	1788730400929816576	1788730400929978368	1000000000	161.792	cc_split_swin_16h_qkv_512_chained_fp8	cc_split_swin_16h_qkv_512_chained_fp8
1443	1	1788730400929984512	1788730400930055168	1000000000	70.656	cc_split_swin_16h_proj_512_chained_fp8	cc_split_swin_16h_proj_512_chained_fp8
1444	1	1788730400930073600	1788730400930210816	1000000000	137.216	cc_split_swin_16h_ffwd_512_chained_fp8	cc_split_swin_16h_ffwd_512_chained_fp8
1445	1	1788730400930215936	1788730400930292736	1000000000	76.8	cc_split_swin_16h_ffwd_proj_512_chained_fp8	cc_split_swin_16h_ffwd_proj_512_chained_fp8
1446	1	1788730400930298880	1788730400930427904	1000000000	129.024	cc_split_swin_16h_qkv_512_chained_fp8	cc_split_swin_16h_qkv_512_chained_fp8
1447	1	1788730400930433024	1788730400930503680	1000000000	70.656	cc_split_swin_16h_proj_512_chained_fp8	cc_split_swin_16h_proj_512_chained_fp8
1448	1	1788730400930508800	1788730400931229696	1000000000	720.896	cc_split_swin_16h_ffwd_512_chained_fp8	cc_split_swin_16h_ffwd_512_chained_fp8
1449	1	1788730400931236864	1788730400931308544	1000000000	71.68	cc_split_swin_16h_ffwd_proj_512_chained_fp8	cc_split_swin_16h_ffwd_proj_512_chained_fp8
1450	1	1788730400931313664	1788730400931476480	1000000000	162.816	cc_split_swin_16h_qkv_512_chained_fp8	cc_split_swin_16h_qkv_512_chained_fp8
1451	1	1788730400931481600	1788730400931554304	1000000000	72.704	cc_split_swin_16h_proj_512_chained_fp8	cc_split_swin_16h_proj_512_chained_fp8
1452	1	1788730400932161536	1788730400932298752	1000000000	137.216	cc_split_swin_16h_ffwd_512_chained_fp8	cc_split_swin_16h_ffwd_512_chained_fp8
1453	1	1788730400932303872	1788730400932379648	1000000000	75.776	cc_split_swin_16h_ffwd_proj_512_chained_fp8	cc_split_swin_16h_ffwd_proj_512_chained_fp8
1454	1	1788730400932385792	1788730400932547584	1000000000	161.792	cc_split_swin_16h_qkv_512_chained_fp8	cc_split_swin_16h_qkv_512_chained_fp8
1455	1	1788730400932552704	1788730400932625408	1000000000	72.704	cc_split_swin_16h_proj_512_chained_fp8	cc_split_swin_16h_proj_512_chained_fp8
1456	1	1788730400932631552	1788730400932767744	1000000000	136.192	cc_split_swin_16h_ffwd_512_chained_fp8	cc_split_swin_16h_ffwd_512_chained_fp8
1457	1	1788730400932773888	1788730400932848640	1000000000	74.752	cc_split_swin_16h_ffwd_proj_512_chained_fp8	cc_split_swin_16h_ffwd_proj_512_chained_fp8
1458	1	1788730400932854784	1788730400933014528	1000000000	159.744	cc_split_swin_16h_qkv_512_chained_fp8	cc_split_swin_16h_qkv_512_chained_fp8
1459	1	1788730400933019648	1788730400933080064	1000000000	60.416	cc_split_swin_16h_proj_pool_512_chained_fp8	cc_split_swin_16h_proj_pool_512_chained_fp8
1460	1	1788730400933086208	1788730400933131264	1000000000	45.056	cc_split_swin_16h_final_head_512_wait_fp8	cc_split_swin_16h_final_head_512_wait_fp8
1461	1	1788730400933137408	1788730400933148672	1000000000	11.264	cc_vit_1d_repack_2d_to_1d_fp8	cc_vit_1d_repack_2d_to_1d_fp8
1462	1	1788730400933153792	1788730400933452800	1000000000	299.008	cc_vit_1d_ffn_expand_publish_fp8	cc_vit_1d_ffn_expand_publish_fp8
1463	1	1788730400933458944	1788730400933632000	1000000000	173.056	cc_vit_1d_ffn_contract_chained_fp8	cc_vit_1d_ffn_contract_chained_fp8
1464	1	1788730400933638144	1788730400933788672	1000000000	150.528	cc_vit_1d_qkv_chained_fp8	cc_vit_1d_qkv_chained_fp8
1465	1	1788730400933794816	1788730400933941248	1000000000	146.432	cc_vit_1d_attention_chained_fp8	cc_vit_1d_attention_chained_fp8
1466	1	1788730400933946368	1788730400934018048	1000000000	71.68	cc_vit_1d_projection_chained_fp8	cc_vit_1d_projection_chained_fp8
1467	1	1788730400934023168	1788730400934288384	1000000000	265.216	cc_vit_1d_ffn_expand_chained_fp8	cc_vit_1d_ffn_expand_chained_fp8
1468	1	1788730400934294528	1788730400934470656	1000000000	176.128	cc_vit_1d_ffn_contract_chained_fp8	cc_vit_1d_ffn_contract_chained_fp8
1469	1	1788730400934475776	1788730400934628352	1000000000	152.576	cc_vit_1d_qkv_chained_fp8	cc_vit_1d_qkv_chained_fp8
1470	1	1788730400934634496	1788730400934779904	1000000000	145.408	cc_vit_1d_attention_chained_fp8	cc_vit_1d_attention_chained_fp8
1471	1	1788730400934785024	1788730400934856704	1000000000	71.68	cc_vit_1d_projection_chained_fp8	cc_vit_1d_projection_chained_fp8
1472	1	1788730400934861824	1788730400935129088	1000000000	267.264	cc_vit_1d_ffn_expand_chained_fp8	cc_vit_1d_ffn_expand_chained_fp8
1473	1	1788730400935135232	1788730400935309312	1000000000	174.08	cc_vit_1d_ffn_contract_chained_fp8	cc_vit_1d_ffn_contract_chained_fp8
1474	1	1788730400935315456	1788730400935464960	1000000000	149.504	cc_vit_1d_qkv_chained_fp8	cc_vit_1d_qkv_chained_fp8
1475	1	1788730400935475328	1788730400935621632	1000000000	146.304	cc_vit_1d_attention_chained_fp8	cc_vit_1d_attention_chained_fp8
1476	1	1788730400935626752	1788730400935698432	1000000000	71.68	cc_vit_1d_projection_chained_fp8	cc_vit_1d_projection_chained_fp8
1477	1	1788730400935703552	1788730400935967744	1000000000	264.192	cc_vit_1d_ffn_expand_chained_fp8	cc_vit_1d_ffn_expand_chained_fp8
1478	1	1788730400935973888	1788730400936151040	1000000000	177.152	cc_vit_1d_ffn_contract_chained_fp8	cc_vit_1d_ffn_contract_chained_fp8
1479	1	1788730400936157184	1788730400936308736	1000000000	151.552	cc_vit_1d_qkv_chained_fp8	cc_vit_1d_qkv_chained_fp8
1480	1	1788730400936314880	1788730400936461312	1000000000	146.432	cc_vit_1d_attention_chained_fp8	cc_vit_1d_attention_chained_fp8
1481	1	1788730400936466432	1788730400936537088	1000000000	70.656	cc_vit_1d_projection_chained_fp8	cc_vit_1d_projection_chained_fp8
1482	1	1788730400936542208	1788730400936792064	1000000000	249.856	cc_vit_1d_ffn_expand_chained_fp8	cc_vit_1d_ffn_expand_chained_fp8
1483	1	1788730400936798208	1788730400936975360	1000000000	177.152	cc_vit_1d_ffn_contract_chained_fp8	cc_vit_1d_ffn_contract_chained_fp8
1484	1	1788730400936980480	1788730400937131008	1000000000	150.528	cc_vit_1d_qkv_chained_fp8	cc_vit_1d_qkv_chained_fp8
1485	1	1788730400937140224	1788730400937285632	1000000000	145.408	cc_vit_1d_attention_chained_fp8	cc_vit_1d_attention_chained_fp8
1486	1	1788730400937291776	1788730400937360384	1000000000	68.608	cc_vit_1d_projection_chained_fp8	cc_vit_1d_projection_chained_fp8
1487	1	1788730400937365504	1788730400937617408	1000000000	251.904	cc_vit_1d_ffn_expand_chained_fp8	cc_vit_1d_ffn_expand_chained_fp8
1488	1	1788730400937623552	1788730400937799680	1000000000	176.128	cc_vit_1d_ffn_contract_chained_fp8	cc_vit_1d_ffn_contract_chained_fp8
1489	1	1788730400937805824	1788730400937956352	1000000000	150.528	cc_vit_1d_qkv_chained_fp8	cc_vit_1d_qkv_chained_fp8
1490	1	1788730400937964544	1788730400938110976	1000000000	146.432	cc_vit_1d_attention_chained_fp8	cc_vit_1d_attention_chained_fp8
1491	1	1788730400938116096	1788730400938188800	1000000000	72.704	cc_vit_1d_projection_chained_fp8	cc_vit_1d_projection_chained_fp8
1492	1	1788730400938193920	1788730400938444800	1000000000	250.88	cc_vit_1d_ffn_expand_chained_fp8	cc_vit_1d_ffn_expand_chained_fp8
1493	1	1788730400938449920	1788730400938625024	1000000000	175.104	cc_vit_1d_ffn_contract_chained_fp8	cc_vit_1d_ffn_contract_chained_fp8
1494	1	1788730400938631168	1788730400938780672	1000000000	149.504	cc_vit_1d_qkv_chained_fp8	cc_vit_1d_qkv_chained_fp8
1495	1	1788730400938786816	1788730400938934272	1000000000	147.456	cc_vit_1d_attention_chained_fp8	cc_vit_1d_attention_chained_fp8
1496	1	1788730400938939392	1788730400939010048	1000000000	70.656	cc_vit_1d_projection_chained_fp8	cc_vit_1d_projection_chained_fp8
1497	1	1788730400939016192	1788730400939258880	1000000000	242.688	cc_vit_1d_ffn_expand_chained_fp8	cc_vit_1d_ffn_expand_chained_fp8
1498	1	1788730400939265024	1788730400939440128	1000000000	175.104	cc_vit_1d_ffn_contract_chained_fp8	cc_vit_1d_ffn_contract_chained_fp8
1499	1	1788730400939446272	1788730400939595776	1000000000	149.504	cc_vit_1d_qkv_chained_fp8	cc_vit_1d_qkv_chained_fp8
1500	1	1788730400939601920	1788730400939748352	1000000000	146.432	cc_vit_1d_attention_chained_fp8	cc_vit_1d_attention_chained_fp8
1501	1	1788730400939754496	1788730400939825152	1000000000	70.656	cc_vit_1d_projection_wait_fp8	cc_vit_1d_projection_wait_fp8
1502	1	1788730400939831296	1788730400939841536	1000000000	10.24	cc_vit_1d_repack_1d_to_2d_fp8	cc_vit_1d_repack_1d_to_2d_fp8
1503	1	1788730400939846656	1788730400939905024	1000000000	58.368	cc_dec_input_upsample_1024_512_tilesync_fp8	cc_dec_input_upsample_1024_512_tilesync_fp8
1504	1	1788730400939911168	1788730400940047360	1000000000	136.192	cc_split_swin_16h_ffwd_512_chained_fp8	cc_split_swin_16h_ffwd_512_chained_fp8
1505	1	1788730400940052480	1788730400940131328	1000000000	78.848	cc_split_swin_16h_ffwd_proj_512_chained_fp8	cc_split_swin_16h_ffwd_proj_512_chained_fp8
1506	1	1788730400940137472	1788730400940266496	1000000000	129.024	cc_split_swin_16h_qkv_512_chained_fp8	cc_split_swin_16h_qkv_512_chained_fp8
1507	1	1788730400940271616	1788730400940342272	1000000000	70.656	cc_split_swin_16h_proj_512_chained_fp8	cc_split_swin_16h_proj_512_chained_fp8
1508	1	1788730400940348416	1788730400940484608	1000000000	136.192	cc_split_swin_16h_ffwd_512_chained_fp8	cc_split_swin_16h_ffwd_512_chained_fp8
1509	1	1788730400940490752	1788730400940568576	1000000000	77.824	cc_split_swin_16h_ffwd_proj_512_chained_fp8	cc_split_swin_16h_ffwd_proj_512_chained_fp8
1510	1	1788730400940574720	1788730400940736512	1000000000	161.792	cc_split_swin_16h_qkv_512_chained_fp8	cc_split_swin_16h_qkv_512_chained_fp8
1511	1	1788730400940742656	1788730400940815360	1000000000	72.704	cc_split_swin_16h_proj_512_chained_fp8	cc_split_swin_16h_proj_512_chained_fp8
1512	1	1788730400940820480	1788730400940957696	1000000000	137.216	cc_split_swin_16h_ffwd_512_chained_fp8	cc_split_swin_16h_ffwd_512_chained_fp8
1513	1	1788730400940962816	1788730400941037568	1000000000	74.752	cc_split_swin_16h_ffwd_proj_512_chained_fp8	cc_split_swin_16h_ffwd_proj_512_chained_fp8
1514	1	1788730400941042688	1788730400941203456	1000000000	160.768	cc_split_swin_16h_qkv_512_chained_fp8	cc_split_swin_16h_qkv_512_chained_fp8
1515	1	1788730400941209600	1788730400941281280	1000000000	71.68	cc_split_swin_16h_proj_512_chained_fp8	cc_split_swin_16h_proj_512_chained_fp8
1516	1	1788730400941286400	1788730400941423616	1000000000	137.216	cc_split_swin_16h_ffwd_512_chained_fp8	cc_split_swin_16h_ffwd_512_chained_fp8
1517	1	1788730400941428736	1788730400941504512	1000000000	75.776	cc_split_swin_16h_ffwd_proj_512_chained_fp8	cc_split_swin_16h_ffwd_proj_512_chained_fp8
1518	1	1788730400941510656	1788730400941685760	1000000000	175.104	cc_split_swin_16h_qkv_512_chained_fp8	cc_split_swin_16h_qkv_512_chained_fp8
1519	1	1788730400941690880	1788730400941766656	1000000000	75.776	cc_split_swin_16h_proj_512_chained_fp8	cc_split_swin_16h_proj_512_chained_fp8
1520	1	1788730400941771776	1788730400941908992	1000000000	137.216	cc_split_swin_16h_ffwd_512_chained_fp8	cc_split_swin_16h_ffwd_512_chained_fp8
1521	1	1788730400941914112	1788730400941992960	1000000000	78.848	cc_split_swin_16h_ffwd_proj_512_chained_fp8	cc_split_swin_16h_ffwd_proj_512_chained_fp8
1522	1	1788730400941999104	1788730400942687232	1000000000	688.128	cc_split_swin_16h_qkv_512_chained_fp8	cc_split_swin_16h_qkv_512_chained_fp8
1523	1	1788730400942699520	1788730400942775296	1000000000	75.776	cc_split_swin_16h_proj_512_chained_fp8	cc_split_swin_16h_proj_512_chained_fp8
1524	1	1788730400942780416	1788730400942916608	1000000000	136.192	cc_split_swin_16h_ffwd_512_chained_fp8	cc_split_swin_16h_ffwd_512_chained_fp8
1525	1	1788730400942921728	1788730400942998528	1000000000	76.8	cc_split_swin_16h_ffwd_proj_512_chained_fp8	cc_split_swin_16h_ffwd_proj_512_chained_fp8
1526	1	1788730400943003648	1788730400943751168	1000000000	747.52	cc_split_swin_16h_qkv_512_chained_fp8	cc_split_swin_16h_qkv_512_chained_fp8
1527	1	1788730400943764480	1788730400943839232	1000000000	74.752	cc_split_swin_16h_proj_512_chained_fp8	cc_split_swin_16h_proj_512_chained_fp8
1528	1	1788730400943844352	1788730400943981568	1000000000	137.216	cc_split_swin_16h_ffwd_512_chained_fp8	cc_split_swin_16h_ffwd_512_chained_fp8
1529	1	1788730400943987712	1788730400944063488	1000000000	75.776	cc_split_swin_16h_ffwd_proj_512_chained_fp8	cc_split_swin_16h_ffwd_proj_512_chained_fp8
1530	1	1788730400944069632	1788730400944231424	1000000000	161.792	cc_split_swin_16h_qkv_512_chained_fp8	cc_split_swin_16h_qkv_512_chained_fp8
1531	1	1788730400944237568	1788730400944311296	1000000000	73.728	cc_split_swin_16h_proj_512_chained_fp8	cc_split_swin_16h_proj_512_chained_fp8
1532	1	1788730400944316416	1788730400944453632	1000000000	137.216	cc_split_swin_16h_ffwd_512_chained_fp8	cc_split_swin_16h_ffwd_512_chained_fp8
1533	1	1788730400944458752	1788730400944535552	1000000000	76.8	cc_split_swin_16h_ffwd_proj_512_chained_fp8	cc_split_swin_16h_ffwd_proj_512_chained_fp8
1534	1	1788730400944540672	1788730400944702464	1000000000	161.792	cc_split_swin_16h_qkv_512_chained_fp8	cc_split_swin_16h_qkv_512_chained_fp8
1535	1	1788730400944708608	1788730400944868352	1000000000	159.744	cc_split_swin_16h_proj_512_outview_wait_fp8	cc_split_swin_16h_proj_512_outview_wait_fp8
1536	1	1788730400944874496	1788730400945432576	1000000000	558.08	cc_tinlayout_fused_swin_8h_256_8_upsample_tilesync_fp8	cc_tinlayout_fused_swin_8h_256_8_upsample_tilesync_fp8
1537	1	1788730400945438720	1788730400946036736	1000000000	598.016	cc_tinlayout_fused_swin_8h_256_8_chained_fp8	cc_tinlayout_fused_swin_8h_256_8_chained_fp8
1538	1	1788730400946042880	1788730400946629632	1000000000	586.752	cc_tinlayout_fused_swin_8h_256_8_chained_fp8	cc_tinlayout_fused_swin_8h_256_8_chained_fp8
1539	1	1788730400946635776	1788730400947090432	1000000000	454.656	cc_tinlayout_fused_swin_8h_256_8_chained_fp8	cc_tinlayout_fused_swin_8h_256_8_chained_fp8
1540	1	1788730400947096576	1788730400947567616	1000000000	471.04	cc_tinlayout_fused_swin_8h_256_8_chained_fp8	cc_tinlayout_fused_swin_8h_256_8_chained_fp8
1541	1	1788730400947573760	1788730400948145152	1000000000	571.392	cc_tinlayout_fused_swin_8h_256_8_chained_fp8	cc_tinlayout_fused_swin_8h_256_8_chained_fp8
1542	1	1788730400948151296	1788730400948745216	1000000000	593.92	cc_tinlayout_fused_swin_8h_256_8_chained_fp8	cc_tinlayout_fused_swin_8h_256_8_chained_fp8
1543	1	1788730400948751360	1788730400949200896	1000000000	449.536	cc_tinlayout_fused_swin_8h_256_8_outview_wait_fp8	cc_tinlayout_fused_swin_8h_256_8_outview_wait_fp8
1544	1	1788730400949207040	1788730400949898240	1000000000	691.2	cc_tinlayout_fused_swin_4h_128_4_upsample_tilesync_fp8	cc_tinlayout_fused_swin_4h_128_4_upsample_tilesync_fp8
1545	1	1788730400949904384	1788730400950400000	1000000000	495.616	cc_tinlayout_fused_swin_4h_128_4_chained_fp8	cc_tinlayout_fused_swin_4h_128_4_chained_fp8
1546	1	1788730400950406144	1788730400950879232	1000000000	473.088	cc_tinlayout_fused_swin_4h_128_4_chained_fp8	cc_tinlayout_fused_swin_4h_128_4_chained_fp8
1547	1	1788730400950885376	1788730400951365632	1000000000	480.256	cc_tinlayout_fused_swin_4h_128_4_chained_fp8	cc_tinlayout_fused_swin_4h_128_4_chained_fp8
1548	1	1788730400951370752	1788730400951856128	1000000000	485.376	cc_tinlayout_fused_swin_4h_128_4_chained_fp8	cc_tinlayout_fused_swin_4h_128_4_chained_fp8
1549	1	1788730400951862272	1788730400952369152	1000000000	506.88	cc_tinlayout_fused_swin_4h_128_4_outview_wait_fp8	cc_tinlayout_fused_swin_4h_128_4_outview_wait_fp8
1550	1	1788730400952374272	1788730400953426944	1000000000	1052.67	cc_tinlayout_fused_swin_2h_64_2_upsample_tilesync_fp8	cc_tinlayout_fused_swin_2h_64_2_upsample_tilesync_fp8
1551	1	1788730400953433088	1788730400954234880	1000000000	801.792	cc_tinlayout_fused_swin_2h_64_2_chained_fp8	cc_tinlayout_fused_swin_2h_64_2_chained_fp8
1552	1	1788730400954241024	1788730400954981376	1000000000	740.352	cc_tinlayout_fused_swin_2h_64_2_chained_fp8	cc_tinlayout_fused_swin_2h_64_2_chained_fp8
1553	1	1788730400954986496	1788730400955719680	1000000000	733.184	cc_tinlayout_fused_swin_2h_64_2_outview_wait_fp8	cc_tinlayout_fused_swin_2h_64_2_outview_wait_fp8
1554	1	1788730400955725824	1788730400957732864	1000000000	2007.04	cc_tinlayout_fused_swin_1h_32_1_upsample_tilesync_fp8	cc_tinlayout_fused_swin_1h_32_1_upsample_tilesync_fp8
1555	1	1788730400957737984	1788730400959023104	1000000000	1285.12	cc_tinlayout_fused_swin_1h_32_1_chained_fp8	cc_tinlayout_fused_swin_1h_32_1_chained_fp8
1556	1	1788730400959028224	1788730400960727040	1000000000	1698.82	cc_tinlayout_fused_swin_1h_32_1_chained_fp8	cc_tinlayout_fused_swin_1h_32_1_chained_fp8
1557	1	1788730400960734208	1788730400962376704	1000000000	1642.5	cc_tinlayout_fused_swin_1h_32_1_outview_wait_fp8	cc_tinlayout_fused_swin_1h_32_1_outview_wait_fp8
1558	1	1788730400962382848	1788730400971327488	1000000000	8944.64	cc_tinlayout_fused_post_block_swin_1h_32_fp8	cc_tinlayout_fused_post_block_swin_1h_32_fp8
1559	1	1788730400971334656	1788730400971410432	1000000000	75.776	cg2r_copy_kernel	cg2r_copy_kernel
