Application,ProcessID,SwapChainAddress,PresentRuntime,SyncInterval,PresentFlags,AllowsTearing,PresentMode,FrameType,CPUStartTime,FrameTime,CPUBusy,CPUWait,DisplayLatency,DisplayedTime,AnimationError,AnimationTime,MsFlipDelay,InstrumentedLatency
Stalker2-Win64-Shipping.exe,8048,0x37CE4E130,DXGI,0,0,1,Hardware: Independent Flip,Application,85.5426,0.3420,0.1915,0.1505,70.0861,24.8451,NA,0.0000,24.6278,NA
Stalker2-Win64-Shipping.exe,8048,0x37CE4E130,DXGI,0,0,1,Hardware: Independent Flip,Application,85.8846,50.7262,50.3836,0.3426,94.5892,24.2770,0.4967,50.1867,0.8024,59.3873
Stalker2-Win64-Shipping.exe,8048,0x37CE4E130,DXGI,0,0,1,Hardware: Independent Flip,Application,136.6108,0.4558,0.2347,0.2211,68.1400,25.3317,NA,0.0000,24.0261,NA
Stalker2-Win64-Shipping.exe,8048,0x37CE4E130,DXGI,0,0,1,Hardware: Independent Flip,Application,137.0666,49.2164,48.8518,0.3646,93.0159,24.7927,0.8915,100.6869,0.4520,58.4958
Stalker2-Win64-Shipping.exe,8048,0x37CE4E130,DXGI,0,0,1,Hardware: Independent Flip,Application,186.2830,0.4395,0.2686,0.1709,68.5922,26.6553,NA,0.0000,24.5795,NA
Stalker2-Win64-Shipping.exe,8048,0x37CE4E130,DXGI,0,0,1,Hardware: Independent Flip,Application,186.7225,51.3230,50.9332,0.3898,94.8080,25.3589,-0.4807,151.6542,0.1080,58.9765
Stalker2-Win64-Shipping.exe,8048,0x37CE4E130,DXGI,0,0,1,Hardware: Independent Flip,Application,238.0455,0.4896,0.2433,0.2463,68.8439,24.5346,NA,0.0000,25.1234,NA
Stalker2-Win64-Shipping.exe,8048,0x37CE4E130,DXGI,0,0,1,Hardware: Independent Flip,Application,238.5351,49.3322,48.9424,0.3898,92.8889,25.3297,0.7816,202.3293,0.0008,58.1949
Stalker2-Win64-Shipping.exe,8048,0x37CE4E130,DXGI,0,0,1,Hardware: Independent Flip,Application,287.8673,0.4007,0.2368,0.1639,68.8864,24.4502,NA,0.0000,25.0679,NA
Stalker2-Win64-Shipping.exe,8048,0x37CE4E130,DXGI,0,0,1,Hardware: Independent Flip,Application,288.2680,49.6628,49.2440,0.4188,92.9359,24.6778,0.4831,252.5923,0.4442,57.7118
Stalker2-Win64-Shipping.exe,8048,0x37CE4E130,DXGI,0,0,1,Hardware: Independent Flip,Application,337.9308,0.4203,0.2527,0.1676,67.9509,28.3775,NA,0.0000,24.4468,NA
Stalker2-Win64-Shipping.exe,8048,0x37CE4E130,DXGI,0,0,1,Hardware: Independent Flip,Application,338.3511,50.7513,50.4776,0.2737,95.9081,24.3633,-3.0000,302.6476,0.6676,60.7118
Stalker2-Win64-Shipping.exe,8048,0x37CE4E130,DXGI,0,0,1,Hardware: Independent Flip,Application,389.1024,0.7953,0.5059,0.2894,69.5201,25.1323,NA,0.0000,24.0708,NA
Stalker2-Win64-Shipping.exe,8048,0x37CE4E130,DXGI,0,0,1,Hardware: Independent Flip,Application,389.8977,47.9307,47.6674,0.2633,93.8571,24.9283,0.3775,352.5207,0.0007,60.3343
Stalker2-Win64-Shipping.exe,8048,0x37CE4E130,DXGI,0,0,1,Hardware: Independent Flip,Application,437.8284,0.3532,0.1988,0.1544,70.8547,23.7488,NA,0.0000,24.6557,NA
Stalker2-Win64-Shipping.exe,8048,0x37CE4E130,DXGI,0,0,1,Hardware: Independent Flip,Application,438.1816,49.3890,49.1234,0.2656,94.2503,24.8647,1.0740,402.2718,0.0016,59.2603
Stalker2-Win64-Shipping.exe,8048,0x37CE4E130,DXGI,0,0,1,Hardware: Independent Flip,Application,487.5706,0.3384,0.1908,0.1476,69.7260,25.0074,NA,0.0000,24.4955,NA
Stalker2-Win64-Shipping.exe,8048,0x37CE4E130,DXGI,0,0,1,Hardware: Independent Flip,Application,487.9090,50.2013,49.9229,0.2784,94.3950,24.1982,-0.3155,451.8284,0.5730,59.5758
Stalker2-Win64-Shipping.exe,8048,0x37CE4E130,DXGI,0,0,1,Hardware: Independent Flip,Application,538.1103,0.5355,0.3096,0.2259,68.3919,26.4329,NA,0.0000,23.9536,NA
Stalker2-Win64-Shipping.exe,8048,0x37CE4E130,DXGI,0,0,1,Hardware: Independent Flip,Application,538.6458,50.9760,50.6688,0.3072,94.2893,24.7884,-0.5901,501.8694,0.2253,60.1659
Stalker2-Win64-Shipping.exe,8048,0x37CE4E130,DXGI,0,0,1,Hardware: Independent Flip,Application,589.6218,0.6951,0.5217,0.1734,68.1017,23.9825,NA,0.0000,24.5773,NA
Stalker2-Win64-Shipping.exe,8048,0x37CE4E130,DXGI,0,0,1,Hardware: Independent Flip,Application,590.3169,47.1108,46.8396,0.2712,91.3891,25.1229,1.4996,552.1399,0.0017,58.6663
Stalker2-Win64-Shipping.exe,8048,0x37CE4E130,DXGI,0,0,1,Hardware: Independent Flip,Application,637.4277,0.3507,0.1948,0.1559,69.4012,24.7474,NA,0.0000,24.7051,NA
Stalker2-Win64-Shipping.exe,8048,0x37CE4E130,DXGI,0,0,1,Hardware: Independent Flip,Application,637.7784,49.9982,49.7103,0.2879,93.7979,24.6107,0.3518,602.3620,0.5018,58.3145
Stalker2-Win64-Shipping.exe,8048,0x37CE4E130,DXGI,0,0,1,Hardware: Independent Flip,Application,687.7766,0.3584,0.1998,0.1586,68.4104,26.0836,NA,0.0000,24.2774,NA
Stalker2-Win64-Shipping.exe,8048,0x37CE4E130,DXGI,0,0,1,Hardware: Independent Flip,Application,688.1350,49.5840,49.3125,0.2715,94.1356,24.5357,-0.7210,652.3353,0.4439,59.0355
Stalker2-Win64-Shipping.exe,8048,0x37CE4E130,DXGI,0,0,1,Hardware: Independent Flip,Application,737.7190,0.4682,0.1966,0.2716,69.0873,25.5076,NA,0.0000,24.3026,NA
Stalker2-Win64-Shipping.exe,8048,0x37CE4E130,DXGI,0,0,1,Hardware: Independent Flip,Application,738.1872,49.6418,49.2505,0.3913,94.1267,24.9099,-0.2055,702.1731,0.0006,59.2410
Stalker2-Win64-Shipping.exe,8048,0x37CE4E130,DXGI,0,0,1,Hardware: Independent Flip,Application,787.8290,0.3585,0.2007,0.1578,69.3948,24.1494,NA,0.0000,24.5974,NA
Stalker2-Win64-Shipping.exe,8048,0x37CE4E130,DXGI,0,0,1,Hardware: Independent Flip,Application,788.1875,49.6760,49.3395,0.3365,93.1857,25.0536,1.0613,752.2937,0.0006,58.1797
Stalker2-Win64-Shipping.exe,8048,0x37CE4E130,DXGI,0,0,1,Hardware: Independent Flip,Application,837.8635,0.6693,0.4706,0.1987,68.5633,26.2457,NA,0.0000,24.7520,NA
Stalker2-Win64-Shipping.exe,8048,0x37CE4E130,DXGI,0,0,1,Hardware: Independent Flip,Application,838.5328,50.3857,50.0397,0.3460,94.1397,24.5578,-1.4422,802.1508,0.3650,59.6219
Stalker2-Win64-Shipping.exe,8048,0x37CE4E130,DXGI,0,0,1,Hardware: Independent Flip,Application,888.9185,0.4357,0.2673,0.1684,68.3118,24.0123,NA,0.0000,24.3248,NA
Stalker2-Win64-Shipping.exe,8048,0x37CE4E130,DXGI,0,0,1,Hardware: Independent Flip,Application,889.3542,48.5450,48.1493,0.3957,91.8884,25.0279,1.5015,852.2224,0.0009,58.1204
Stalker2-Win64-Shipping.exe,8048,0x37CE4E130,DXGI,0,0,1,Hardware: Independent Flip,Application,937.8992,0.4071,0.2428,0.1643,68.3713,26.2037,NA,0.0000,24.7140,NA
Stalker2-Win64-Shipping.exe,8048,0x37CE4E130,DXGI,0,0,1,Hardware: Independent Flip,Application,938.3063,49.5126,49.1459,0.3667,94.1679,24.7737,-0.8251,902.6289,0.4300,58.9455
Stalker2-Win64-Shipping.exe,8048,0x37CE4E130,DXGI,0,0,1,Hardware: Independent Flip,Application,987.8189,0.4741,0.2626,0.2115,69.4290,25.5527,NA,0.0000,24.4892,NA
Stalker2-Win64-Shipping.exe,8048,0x37CE4E130,DXGI,0,0,1,Hardware: Independent Flip,Application,988.2930,50.6013,50.1932,0.4081,94.5076,25.0753,-0.1522,952.8031,0.0007,59.0977
Stalker2-Win64-Shipping.exe,8048,0x37CE4E130,DXGI,0,0,1,Hardware: Independent Flip,Application,1038.8943,0.4783,0.2657,0.2126,68.9816,24.6430,NA,0.0000,24.7578,NA
Stalker2-Win64-Shipping.exe,8048,0x37CE4E130,DXGI,0,0,1,Hardware: Independent Flip,Application,1039.3726,49.0273,48.6598,0.3675,93.1463,24.9681,0.2298,1002.7512,0.0005,58.8679
Stalker2-Win64-Shipping.exe,8048,0x37CE4E130,DXGI,0,0,1,Hardware: Independent Flip,Application,1088.3999,0.3930,0.2269,0.1661,69.0871,25.6351,NA,0.0000,24.6458,NA
Stalker2-Win64-Shipping.exe,8048,0x37CE4E130,DXGI,0,0,1,Hardware: Independent Flip,Application,1088.7929,49.6110,49.3054,0.3056,94.3292,24.7152,-0.7666,1052.5878,0.1958,59.6345
Stalker2-Win64-Shipping.exe,8048,0x37CE4E130,DXGI,0,0,1,Hardware: Independent Flip,Application,1138.4039,0.4331,0.2722,0.1609,69.4334,24.7491,NA,0.0000,24.4364,NA
Stalker2-Win64-Shipping.exe,8048,0x37CE4E130,DXGI,0,0,1,Hardware: Independent Flip,Application,1138.8370,49.7913,49.4354,0.3559,93.7494,25.0109,0.5807,1102.6328,0.0007,59.0538
Stalker2-Win64-Shipping.exe,8048,0x37CE4E130,DXGI,0,0,1,Hardware: Independent Flip,Application,1188.6283,0.4622,0.3020,0.1602,68.9690,25.1398,NA,0.0000,24.7509,NA
Stalker2-Win64-Shipping.exe,8048,0x37CE4E130,DXGI,0,0,1,Hardware: Independent Flip,Application,1189.0905,48.4837,48.2058,0.2779,93.6466,24.8829,-0.2586,1152.5249,0.0588,59.3124
Stalker2-Win64-Shipping.exe,8048,0x37CE4E130,DXGI,0,0,1,Hardware: Independent Flip,Application,1237.5742,0.3546,0.1954,0.1592,70.0458,23.3763,NA,0.0000,24.6294,NA
Stalker2-Win64-Shipping.exe,8048,0x37CE4E130,DXGI,0,0,1,Hardware: Independent Flip,Application,1237.9288,50.0201,49.6846,0.3355,93.0675,25.0818,1.9120,1202.6961,0.0008,57.4004
Stalker2-Win64-Shipping.exe,8048,0x37CE4E130,DXGI,0,0,1,Hardware: Independent Flip,Application,1287.9489,0.4539,0.2517,0.2022,68.1292,27.9315,NA,0.0000,24.7470,NA
Stalker2-Win64-Shipping.exe,8048,0x37CE4E130,DXGI,0,0,1,Hardware: Independent Flip,Application,1288.4028,51.4168,51.0380,0.3788,95.6068,24.5611,-2.3605,1253.3489,0.7610,59.7609
Stalker2-Win64-Shipping.exe,8048,0x37CE4E130,DXGI,0,0,1,Hardware: Independent Flip,Application,1339.8196,0.4703,0.2982,0.1721,68.7511,24.7493,NA,0.0000,24.3074,NA
Stalker2-Win64-Shipping.exe,8048,0x37CE4E130,DXGI,0,0,1,Hardware: Independent Flip,Application,1340.2899,49.6253,49.2478,0.3775,93.0301,25.2181,1.1422,1303.8015,0.0006,58.6187
Stalker2-Win64-Shipping.exe,8048,0x37CE4E130,DXGI,0,0,1,Hardware: Independent Flip,Application,1389.9152,0.4540,0.2421,0.2119,68.6229,26.4796,NA,0.0000,24.9054,NA
Stalker2-Win64-Shipping.exe,8048,0x37CE4E130,DXGI,0,0,1,Hardware: Independent Flip,Application,1390.3692,50.5254,50.1605,0.3649,94.6485,25.1364,-0.8746,1354.6246,0.2638,59.4933
Stalker2-Win64-Shipping.exe,8048,0x37CE4E130,DXGI,0,0,1,Hardware: Independent Flip,Application,1440.8946,0.4284,0.2653,0.1631,69.2595,24.3697,NA,0.0000,24.9213,NA
Stalker2-Win64-Shipping.exe,8048,0x37CE4E130,DXGI,0,0,1,Hardware: Independent Flip,Application,1441.3230,48.6093,48.3487,0.2606,93.2008,25.1345,0.7929,1404.9236,0.0017,58.7004
Stalker2-Win64-Shipping.exe,8048,0x37CE4E130,DXGI,0,0,1,Hardware: Independent Flip,Application,1489.9323,0.3341,0.1900,0.1441,69.7260,26.3917,NA,0.0000,24.7320,NA
Stalker2-Win64-Shipping.exe,8048,0x37CE4E130,DXGI,0,0,1,Hardware: Independent Flip,Application,1490.2664,50.9063,50.6182,0.2881,95.7836,24.4999,-1.5238,1454.9260,0.4987,60.2242
Stalker2-Win64-Shipping.exe,8048,0x37CE4E130,DXGI,0,0,1,Hardware: Independent Flip,Application,1541.1727,0.4690,0.2749,0.1941,69.3772,23.8173,NA,0.0000,24.2796,NA
Stalker2-Win64-Shipping.exe,8048,0x37CE4E130,DXGI,0,0,1,Hardware: Independent Flip,Application,1541.6417,48.6415,48.2847,0.3568,92.7255,24.9478,1.5876,1504.8308,0.0013,58.6366
Stalker2-Win64-Shipping.exe,8048,0x37CE4E130,DXGI,0,0,1,Hardware: Independent Flip,Application,1590.2832,0.4719,0.2077,0.2642,69.0318,25.3049,NA,0.0000,24.6096,NA
Stalker2-Win64-Shipping.exe,8048,0x37CE4E130,DXGI,0,0,1,Hardware: Independent Flip,Application,1590.7551,49.8186,49.4854,0.3332,93.8648,24.3904,-0.3349,1554.7486,0.5671,58.9715
Stalker2-Win64-Shipping.exe,8048,0x37CE4E130,DXGI,0,0,1,Hardware: Independent Flip,Application,1640.5737,0.4553,0.2872,0.1681,68.4366,25.8392,NA,0.0000,24.0474,NA
Stalker2-Win64-Shipping.exe,8048,0x37CE4E130,DXGI,0,0,1,Hardware: Independent Flip,Application,1641.0290,49.7095,49.3796,0.3299,93.8205,24.9635,-0.0594,1604.9188,0.1114,59.0309
Stalker2-Win64-Shipping.exe,8048,0x37CE4E130,DXGI,0,0,1,Hardware: Independent Flip,Application,1690.7385,0.4594,0.2919,0.1675,69.0745,24.3716,NA,0.0000,24.6492,NA
Stalker2-Win64-Shipping.exe,8048,0x37CE4E130,DXGI,0,0,1,Hardware: Independent Flip,Application,1691.1979,49.9348,49.6384,0.2964,92.9867,25.2120,1.1002,1655.3541,0.0006,57.9307
Stalker2-Win64-Shipping.exe,8048,0x37CE4E130,DXGI,0,0,1,Hardware: Independent Flip,Application,1741.1327,0.3531,0.2036,0.1495,68.2639,24.4737,NA,0.0000,24.8844,NA
Stalker2-Win64-Shipping.exe,8048,0x37CE4E130,DXGI,0,0,1,Hardware: Independent Flip,Application,1741.4858,49.2044,48.8159,0.3885,92.3845,24.7697,0.5601,1705.5999,0.3380,57.3706
Stalker2-Win64-Shipping.exe,8048,0x37CE4E130,DXGI,0,0,1,Hardware: Independent Flip,Application,1790.6902,0.5053,0.3323,0.1730,67.9498,27.6661,NA,0.0000,24.5276,NA
Stalker2-Win64-Shipping.exe,8048,0x37CE4E130,DXGI,0,0,1,Hardware: Independent Flip,Application,1791.1955,50.2795,50.0224,0.2571,95.1106,24.4645,-2.3940,1755.6417,0.5479,59.7646
Stalker2-Win64-Shipping.exe,8048,0x37CE4E130,DXGI,0,0,1,Hardware: Independent Flip,Application,1841.4750,0.3532,0.1992,0.1540,69.2956,27.9557,NA,0.0000,24.2200,NA
Stalker2-Win64-Shipping.exe,8048,0x37CE4E130,DXGI,0,0,1,Hardware: Independent Flip,Application,1841.8282,50.1936,49.8146,0.3790,96.8981,24.9913,-2.4182,1805.6437,0.0007,62.1828
Stalker2-Win64-Shipping.exe,8048,0x37CE4E130,DXGI,0,0,1,Hardware: Independent Flip,Application,1892.0218,0.5879,0.3989,0.1890,71.6958,23.7006,NA,0.0000,24.7296,NA
Stalker2-Win64-Shipping.exe,8048,0x37CE4E130,DXGI,0,0,1,Hardware: Independent Flip,Application,1892.6097,48.7133,48.4297,0.2836,94.8085,24.9529,1.2395,1855.5751,0.0017,60.9433
Stalker2-Win64-Shipping.exe,8048,0x37CE4E130,DXGI,0,0,1,Hardware: Independent Flip,Application,1941.3230,0.3919,0.2028,0.1891,71.0481,24.1967,NA,0.0000,24.5938,NA
Stalker2-Win64-Shipping.exe,8048,0x37CE4E130,DXGI,0,0,1,Hardware: Independent Flip,Application,1941.7149,48.7244,48.4491,0.2753,94.8529,24.1700,0.4869,1905.2116,0.6323,60.4564
Stalker2-Win64-Shipping.exe,8048,0x37CE4E130,DXGI,0,0,1,Hardware: Independent Flip,Application,1990.4393,0.3474,0.1955,0.1519,70.2985,24.7829,NA,0.0000,23.9249,NA
Stalker2-Win64-Shipping.exe,8048,0x37CE4E130,DXGI,0,0,1,Hardware: Independent Flip,Application,1990.7867,49.3089,49.0431,0.2658,94.7340,24.2187,0.8643,1955.0288,0.7035,59.5921
Stalker2-Win64-Shipping.exe,8048,0x37CE4E130,DXGI,0,0,1,Hardware: Independent Flip,Application,2040.0956,0.4326,0.2360,0.1966,69.6438,26.3071,NA,0.0000,23.9539,NA
Stalker2-Win64-Shipping.exe,8048,0x37CE4E130,DXGI,0,0,1,Hardware: Independent Flip,Application,2040.5282,51.3636,51.0309,0.3327,95.5183,25.1309,0.4564,2006.0110,0.3618,59.1357
Stalker2-Win64-Shipping.exe,8048,0x37CE4E130,DXGI,0,0,1,Hardware: Independent Flip,Application,2091.8918,0.4674,0.2618,0.2056,69.2856,24.7442,NA,0.0000,24.9002,NA
Stalker2-Win64-Shipping.exe,8048,0x37CE4E130,DXGI,0,0,1,Hardware: Independent Flip,Application,2092.3592,49.7449,49.4652,0.2797,93.5624,25.4163,0.9744,2056.8605,0.0005,58.1613
Stalker2-Win64-Shipping.exe,8048,0x37CE4E130,DXGI,0,0,1,Hardware: Independent Flip,Application,2142.1041,0.3587,0.1926,0.1661,69.2338,26.4642,NA,0.0000,25.0805,NA
Stalker2-Win64-Shipping.exe,8048,0x37CE4E130,DXGI,0,0,1,Hardware: Independent Flip,Application,2142.4628,51.0539,50.6914,0.3625,95.3393,24.9453,-1.2902,2107.4508,0.3481,59.4515
Stalker2-Win64-Shipping.exe,8048,0x37CE4E130,DXGI,0,0,1,Hardware: Independent Flip,Application,2193.5167,0.4692,0.3030,0.1662,69.2307,25.5201,NA,0.0000,24.6785,NA
Stalker2-Win64-Shipping.exe,8048,0x37CE4E130,DXGI,0,0,1,Hardware: Independent Flip,Application,2193.9859,49.8443,49.4928,0.3515,94.2816,25.2162,0.0009,2157.9171,0.0016,59.4506
Stalker2-Win64-Shipping.exe,8048,0x37CE4E130,DXGI,0,0,1,Hardware: Independent Flip,Application,2243.8302,0.4698,0.3065,0.1633,69.6535,24.0850,NA,0.0000,24.8444,NA
Stalker2-Win64-Shipping.exe,8048,0x37CE4E130,DXGI,0,0,1,Hardware: Independent Flip,Application,2244.3000,49.5871,49.2536,0.3335,93.2687,25.1827,1.0839,2208.3022,0.0009,58.3667
Stalker2-Win64-Shipping.exe,8048,0x37CE4E130,DXGI,0,0,1,Hardware: Independent Flip,Application,2293.8871,0.4334,0.2633,0.1701,68.8643,25.3737,NA,0.0000,24.8507,NA
Stalker2-Win64-Shipping.exe,8048,0x37CE4E130,DXGI,0,0,1,Hardware: Independent Flip,Application,2294.3205,49.5666,49.3065,0.2601,93.8046,24.5233,-0.3832,2258.4754,0.5531,58.7499
Stalker2-Win64-Shipping.exe,8048,0x37CE4E130,DXGI,0,0,1,Hardware: Independent Flip,Application,2343.8871,0.3371,0.1905,0.1466,68.7613,26.1364,NA,0.0000,24.2776,NA
Stalker2-Win64-Shipping.exe,8048,0x37CE4E130,DXGI,0,0,1,Hardware: Independent Flip,Application,2344.2242,50.8940,50.5187,0.3753,94.5606,24.8896,-0.4791,2308.6560,0.1907,59.2290
Stalker2-Win64-Shipping.exe,8048,0x37CE4E130,DXGI,0,0,1,Hardware: Independent Flip,Application,2395.1182,0.4730,0.2588,0.2142,68.5562,25.7366,NA,0.0000,24.6191,NA
Stalker2-Win64-Shipping.exe,8048,0x37CE4E130,DXGI,0,0,1,Hardware: Independent Flip,Application,2395.5912,49.2723,49.0114,0.2609,93.8198,25.2296,-0.1467,2359.1355,0.0010,59.3757
Stalker2-Win64-Shipping.exe,8048,0x37CE4E130,DXGI,0,0,1,Hardware: Independent Flip,Application,2444.8635,0.3497,0.1947,0.1550,69.7771,24.9331,NA,0.0000,24.9444,NA
Stalker2-Win64-Shipping.exe,8048,0x37CE4E130,DXGI,0,0,1,Hardware: Independent Flip,Application,2445.2132,50.0773,49.7742,0.3031,94.3605,25.1869,0.2240,2409.5222,0.0010,59.1517
Stalker2-Win64-Shipping.exe,8048,0x37CE4E130,DXGI,0,0,1,Hardware: Independent Flip,Application,2495.2905,0.3451,0.1933,0.1518,69.4701,24.5998,NA,0.0000,24.9189,NA
Stalker2-Win64-Shipping.exe,8048,0x37CE4E130,DXGI,0,0,1,Hardware: Independent Flip,Application,2495.6356,49.6795,49.4017,0.2778,93.7248,25.0353,0.5346,2459.8435,0.1239,58.6171
Stalker2-Win64-Shipping.exe,8048,0x37CE4E130,DXGI,0,0,1,Hardware: Independent Flip,Application,2545.3151,0.3515,0.1962,0.1553,69.0806,25.4925,NA,0.0000,24.7447,NA
Stalker2-Win64-Shipping.exe,8048,0x37CE4E130,DXGI,0,0,1,Hardware: Independent Flip,Application,2545.6666,50.6665,50.3669,0.2996,94.2216,24.7640,-0.2602,2510.1111,0.3649,58.8773
Stalker2-Win64-Shipping.exe,8048,0x37CE4E130,DXGI,0,0,1,Hardware: Independent Flip,Application,2596.3331,0.3490,0.1999,0.1491,68.3191,25.8933,NA,0.0000,24.4847,NA
Stalker2-Win64-Shipping.exe,8048,0x37CE4E130,DXGI,0,0,1,Hardware: Independent Flip,Application,2596.6821,49.2374,48.9216,0.3158,93.8634,25.2952,-0.0420,2560.7264,0.0148,58.9193
Stalker2-Win64-Shipping.exe,8048,0x37CE4E130,DXGI,0,0,1,Hardware: Independent Flip,Application,2645.9195,0.3456,0.1900,0.1556,69.9212,25.2012,NA,0.0000,24.9665,NA
Stalker2-Win64-Shipping.exe,8048,0x37CE4E130,DXGI,0,0,1,Hardware: Independent Flip,Application,2646.2651,50.4620,50.1855,0.2765,94.7768,25.1624,-0.1516,2611.0712,0.0007,59.0709
Stalker2-Win64-Shipping.exe,8048,0x37CE4E130,DXGI,0,0,1,Hardware: Independent Flip,Application,2696.7271,0.3429,0.1939,0.1490,69.4772,23.8399,NA,0.0000,24.8588,NA
Stalker2-Win64-Shipping.exe,8048,0x37CE4E130,DXGI,0,0,1,Hardware: Independent Flip,Application,2697.0700,49.7912,49.4134,0.3778,92.9742,25.0695,1.2000,2661.2735,0.0229,57.8709
Stalker2-Win64-Shipping.exe,8048,0x37CE4E130,DXGI,0,0,1,Hardware: Independent Flip,Application,2746.8612,0.4191,0.2048,0.2143,68.2525,25.9066,NA,0.0000,24.7804,NA
Stalker2-Win64-Shipping.exe,8048,0x37CE4E130,DXGI,0,0,1,Hardware: Independent Flip,Application,2747.2803,49.0596,48.7852,0.2744,93.7400,24.3064,-1.0115,2711.2381,0.6736,58.8824
Stalker2-Win64-Shipping.exe,8048,0x37CE4E130,DXGI,0,0,1,Hardware: Independent Flip,Application,2796.3399,0.3534,0.1972,0.1562,68.9868,25.6489,NA,0.0000,24.0478,NA
Stalker2-Win64-Shipping.exe,8048,0x37CE4E130,DXGI,0,0,1,Hardware: Independent Flip,Application,2796.6933,50.3707,49.9900,0.3807,94.2823,25.1338,0.3284,2761.5218,0.0005,58.5540
Stalker2-Win64-Shipping.exe,8048,0x37CE4E130,DXGI,0,0,1,Hardware: Independent Flip,Application,2847.0640,0.4622,0.2975,0.1647,69.0454,25.4143,NA,0.0000,24.8039,NA
Stalker2-Win64-Shipping.exe,8048,0x37CE4E130,DXGI,0,0,1,Hardware: Independent Flip,Application,2847.5262,50.3800,49.9512,0.4288,93.9975,25.1587,-0.2111,2811.8588,0.0010,58.7651
Stalker2-Win64-Shipping.exe,8048,0x37CE4E130,DXGI,0,0,1,Hardware: Independent Flip,Application,2897.9062,0.4912,0.2660,0.2252,68.7762,25.0408,NA,0.0000,24.8300,NA
Stalker2-Win64-Shipping.exe,8048,0x37CE4E130,DXGI,0,0,1,Hardware: Independent Flip,Application,2898.3974,49.4683,49.0822,0.3861,93.3258,25.0564,-0.0676,2861.9907,0.0007,58.8327
Stalker2-Win64-Shipping.exe,8048,0x37CE4E130,DXGI,0,0,1,Hardware: Independent Flip,Application,2947.8657,0.4162,0.2044,0.2118,68.9139,26.9968,NA,0.0000,24.7594,NA
Stalker2-Win64-Shipping.exe,8048,0x37CE4E130,DXGI,0,0,1,Hardware: Independent Flip,Application,2948.2819,50.7628,50.3802,0.3826,95.4945,25.0506,-1.8597,2912.1842,0.0393,60.6924
Stalker2-Win64-Shipping.exe,8048,0x37CE4E130,DXGI,0,0,1,Hardware: Independent Flip,Application,2999.0447,0.4915,0.3257,0.1658,69.7823,24.9300,NA,0.0000,24.8177,NA
Stalker2-Win64-Shipping.exe,8048,0x37CE4E130,DXGI,0,0,1,Hardware: Independent Flip,Application,2999.5362,48.3282,47.9818,0.3464,94.2208,25.0820,0.2094,2962.3742,0.0009,60.4830
Stalker2-Win64-Shipping.exe,8048,0x37CE4E130,DXGI,0,0,1,Hardware: Independent Flip,Application,3047.8644,0.4018,0.2369,0.1649,70.9746,23.7837,NA,0.0000,24.7954,NA
Stalker2-Win64-Shipping.exe,8048,0x37CE4E130,DXGI,0,0,1,Hardware: Independent Flip,Application,3048.2662,49.7739,49.5145,0.2594,94.3565,25.0234,1.3060,3012.5459,0.0640,59.1770
Stalker2-Win64-Shipping.exe,8048,0x37CE4E130,DXGI,0,0,1,Hardware: Independent Flip,Application,3098.0401,0.4405,0.2313,0.2092,69.6060,24.8590,NA,0.0000,24.7847,NA
Stalker2-Win64-Shipping.exe,8048,0x37CE4E130,DXGI,0,0,1,Hardware: Independent Flip,Application,3098.4806,50.0890,49.8299,0.2591,94.0245,24.5017,0.5135,3062.9418,0.6901,58.6635
Stalker2-Win64-Shipping.exe,8048,0x37CE4E130,DXGI,0,0,1,Hardware: Independent Flip,Application,3148.5696,0.5105,0.2672,0.2433,68.4372,26.7032,NA,0.0000,24.2778,NA
Stalker2-Win64-Shipping.exe,8048,0x37CE4E130,DXGI,0,0,1,Hardware: Independent Flip,Application,3149.0801,50.9909,50.6052,0.3857,94.6299,24.8755,-0.5211,3113.6256,0.4634,59.1846
Stalker2-Win64-Shipping.exe,8048,0x37CE4E130,DXGI,0,0,1,Hardware: Independent Flip,Application,3200.0710,0.4657,0.2421,0.2236,68.5145,24.8959,NA,0.0000,24.6148,NA
Stalker2-Win64-Shipping.exe,8048,0x37CE4E130,DXGI,0,0,1,Hardware: Independent Flip,Application,3200.5367,49.4083,49.1373,0.2710,92.9447,25.5154,1.2728,3164.6698,0.0010,57.9118
Stalker2-Win64-Shipping.exe,8048,0x37CE4E130,DXGI,0,0,1,Hardware: Independent Flip,Application,3249.9450,0.3691,0.2149,0.1542,69.0518,26.7991,NA,0.0000,25.1870,NA
Stalker2-Win64-Shipping.exe,8048,0x37CE4E130,DXGI,0,0,1,Hardware: Independent Flip,Application,3250.3141,51.9317,51.4711,0.4606,95.4818,25.1469,-1.6206,3215.3637,0.1926,59.5324
Stalker2-Win64-Shipping.exe,8048,0x37CE4E130,DXGI,0,0,1,Hardware: Independent Flip,Application,3302.2458,0.3989,0.2376,0.1613,68.6970,23.5623,NA,0.0000,24.9264,NA
Stalker2-Win64-Shipping.exe,8048,0x37CE4E130,DXGI,0,0,1,Hardware: Independent Flip,Application,3302.6447,47.7128,47.4337,0.2791,91.8604,25.0532,1.4087,3265.4816,0.0008,58.1237
Stalker2-Win64-Shipping.exe,8048,0x37CE4E130,DXGI,0,0,1,Hardware: Independent Flip,Application,3350.3575,0.3774,0.1929,0.1845,69.2008,26.7048,NA,0.0000,24.7311,NA
Stalker2-Win64-Shipping.exe,8048,0x37CE4E130,DXGI,0,0,1,Hardware: Independent Flip,Application,3350.7349,50.4587,50.0778,0.3809,95.5282,24.1418,-1.7275,3315.5121,0.8675,59.8512
Stalker2-Win64-Shipping.exe,8048,0x37CE4E130,DXGI,0,0,1,Hardware: Independent Flip,Application,3401.1936,0.3937,0.2359,0.1578,69.2113,23.5781,NA,0.0000,23.9192,NA
Stalker2-Win64-Shipping.exe,8048,0x37CE4E130,DXGI,0,0,1,Hardware: Independent Flip,Application,3401.5873,49.2969,48.9587,0.3382,92.3957,24.9546,2.2077,3365.4397,0.0007,57.6435
Stalker2-Win64-Shipping.exe,8048,0x37CE4E130,DXGI,0,0,1,Hardware: Independent Flip,Application,3450.8842,0.4480,0.2635,0.1845,68.0534,25.9874,NA,0.0000,24.6452,NA
Stalker2-Win64-Shipping.exe,8048,0x37CE4E130,DXGI,0,0,1,Hardware: Independent Flip,Application,3451.3322,49.2855,49.0019,0.2836,93.5928,24.2268,-1.0840,3415.2977,0.7006,58.7275
Stalker2-Win64-Shipping.exe,8048,0x37CE4E130,DXGI,0,0,1,Hardware: Independent Flip,Application,3500.6177,0.3844,0.1944,0.1900,68.5341,26.2756,NA,0.0000,23.9504,NA
Stalker2-Win64-Shipping.exe,8048,0x37CE4E130,DXGI,0,0,1,Hardware: Independent Flip,Application,3501.0021,50.4500,50.1688,0.2812,94.4253,25.0122,-0.4684,3465.3317,0.0009,59.1959
Stalker2-Win64-Shipping.exe,8048,0x37CE4E130,DXGI,0,0,1,Hardware: Independent Flip,Application,3551.4521,0.3338,0.1899,0.1439,68.9875,25.2824,NA,0.0000,24.6979,NA
Stalker2-Win64-Shipping.exe,8048,0x37CE4E130,DXGI,0,0,1,Hardware: Independent Flip,Application,3551.7859,49.7192,49.4576,0.2616,93.9361,25.1181,-0.0385,3515.5878,0.0010,59.2344
Stalker2-Win64-Shipping.exe,8048,0x37CE4E130,DXGI,0,0,1,Hardware: Independent Flip,Application,3601.5051,0.3584,0.2040,0.1544,69.3350,24.4612,NA,0.0000,24.8488,NA
Stalker2-Win64-Shipping.exe,8048,0x37CE4E130,DXGI,0,0,1,Hardware: Independent Flip,Application,3601.8635,48.8435,48.5578,0.2857,93.4378,24.9296,0.3002,3565.4673,0.0009,58.9342
Stalker2-Win64-Shipping.exe,8048,0x37CE4E130,DXGI,0,0,1,Hardware: Independent Flip,Application,3650.7070,0.3876,0.1934,0.1942,69.5239,24.5108,NA,0.0000,24.6070,NA
Stalker2-Win64-Shipping.exe,8048,0x37CE4E130,DXGI,0,0,1,Hardware: Independent Flip,Application,3651.0946,50.0584,49.7278,0.3306,93.6471,24.6175,0.4249,3615.3326,0.3077,58.5093
Stalker2-Win64-Shipping.exe,8048,0x37CE4E130,DXGI,0,0,1,Hardware: Independent Flip,Application,3701.1530,0.4815,0.2858,0.1957,68.2062,25.7409,NA,0.0000,24.3783,NA
Stalker2-Win64-Shipping.exe,8048,0x37CE4E130,DXGI,0,0,1,Hardware: Independent Flip,Application,3701.6345,49.3346,49.0734,0.2612,93.4656,24.6555,-0.2790,3665.4120,0.3728,58.7883
Stalker2-Win64-Shipping.exe,8048,0x37CE4E130,DXGI,0,0,1,Hardware: Independent Flip,Application,3750.9691,0.3454,0.1992,0.1462,68.7865,25.6058,NA,0.0000,24.0918,NA
Stalker2-Win64-Shipping.exe,8048,0x37CE4E130,DXGI,0,0,1,Hardware: Independent Flip,Application,3751.3145,49.9222,49.5442,0.3780,94.0469,25.0296,-0.1832,3715.4901,0.0007,58.9715
Stalker2-Win64-Shipping.exe,8048,0x37CE4E130,DXGI,0,0,1,Hardware: Independent Flip,Application,3801.2367,0.3635,0.2064,0.1571,69.1543,24.8659,NA,0.0000,24.7195,NA
Stalker2-Win64-Shipping.exe,8048,0x37CE4E130,DXGI,0,0,1,Hardware: Independent Flip,Application,3801.6002,49.9720,49.7004,0.2716,93.6567,25.1420,0.4107,3765.7963,0.0014,58.5608
Stalker2-Win64-Shipping.exe,8048,0x37CE4E130,DXGI,0,0,1,Hardware: Independent Flip,Application,3851.5722,0.5057,0.3048,0.2009,68.8267,24.6356,NA,0.0000,24.7160,NA
Stalker2-Win64-Shipping.exe,8048,0x37CE4E130,DXGI,0,0,1,Hardware: Independent Flip,Application,3852.0779,48.9847,48.6538,0.3309,92.9566,24.9175,0.2054,3815.7793,0.0672,58.3554
Stalker2-Win64-Shipping.exe,8048,0x37CE4E130,DXGI,0,0,1,Hardware: Independent Flip,Application,3901.0626,0.4737,0.2649,0.2088,68.8894,24.7422,NA,0.0000,24.6541,NA
Stalker2-Win64-Shipping.exe,8048,0x37CE4E130,DXGI,0,0,1,Hardware: Independent Flip,Application,3901.5363,49.3065,49.0408,0.2657,93.1579,24.6962,0.3511,3865.7901,0.2916,58.0043
Stalker2-Win64-Shipping.exe,8048,0x37CE4E130,DXGI,0,0,1,Hardware: Independent Flip,Application,3950.8428,0.3863,0.2271,0.1592,68.5476,26.5537,NA,0.0000,24.4699,NA
Stalker2-Win64-Shipping.exe,8048,0x37CE4E130,DXGI,0,0,1,Hardware: Independent Flip,Application,3951.2291,51.0111,50.6265,0.3846,94.7150,24.8428,-1.0124,3916.0276,0.2774,59.0167
Stalker2-Win64-Shipping.exe,8048,0x37CE4E130,DXGI,0,0,1,Hardware: Independent Flip,Application,4002.2402,0.4187,0.2049,0.2138,68.5467,24.2085,NA,0.0000,24.6075,NA
Stalker2-Win64-Shipping.exe,8048,0x37CE4E130,DXGI,0,0,1,Hardware: Independent Flip,Application,4002.6589,48.8454,48.4751,0.3703,92.3365,25.0365,1.0456,3966.1245,0.0008,57.9711
Stalker2-Win64-Shipping.exe,8048,0x37CE4E130,DXGI,0,0,1,Hardware: Independent Flip,Application,4051.5043,0.4635,0.2965,0.1670,68.5276,26.5173,NA,0.0000,24.7092,NA
Stalker2-Win64-Shipping.exe,8048,0x37CE4E130,DXGI,0,0,1,Hardware: Independent Flip,Application,4051.9678,49.6717,49.4047,0.2670,94.5814,24.5900,-1.4911,4016.1872,0.4355,59.4622
Stalker2-Win64-Shipping.exe,8048,0x37CE4E130,DXGI,0,0,1,Hardware: Independent Flip,Application,4101.6395,0.3460,0.1921,0.1539,69.4997,24.0264,NA,0.0000,24.3698,NA
Stalker2-Win64-Shipping.exe,8048,0x37CE4E130,DXGI,0,0,1,Hardware: Independent Flip,Application,4101.9855,48.8680,48.5934,0.2746,93.1801,24.9039,1.2174,4066.0210,0.0005,58.2448
Stalker2-Win64-Shipping.exe,8048,0x37CE4E130,DXGI,0,0,1,Hardware: Independent Flip,Application,4150.8535,0.3790,0.1930,0.1860,69.2160,25.7615,NA,0.0000,24.5822,NA
Stalker2-Win64-Shipping.exe,8048,0x37CE4E130,DXGI,0,0,1,Hardware: Independent Flip,Application,4151.2325,50.5737,50.1551,0.4186,94.5985,24.3842,-0.9258,4115.7606,0.4766,59.1706
Stalker2-Win64-Shipping.exe,8048,0x37CE4E130,DXGI,0,0,1,Hardware: Independent Flip,Application,4201.8062,0.4337,0.2640,0.1697,68.4090,25.4379,NA,0.0000,24.1616,NA
Stalker2-Win64-Shipping.exe,8048,0x37CE4E130,DXGI,0,0,1,Hardware: Independent Flip,Application,4202.2399,48.4086,48.1413,0.2673,93.4132,24.8373,-0.1314,4165.4513,0.0006,59.3020
Stalker2-Win64-Shipping.exe,8048,0x37CE4E130,DXGI,0,0,1,Hardware: Independent Flip,Application,4250.6485,0.3737,0.2239,0.1498,69.8419,24.3181,NA,0.0000,24.5062,NA
Stalker2-Win64-Shipping.exe,8048,0x37CE4E130,DXGI,0,0,1,Hardware: Independent Flip,Application,4251.0222,50.4808,50.0835,0.3973,93.7863,25.0340,0.9355,4215.5422,0.0010,58.3665
Stalker2-Win64-Shipping.exe,8048,0x37CE4E130,DXGI,0,0,1,Hardware: Independent Flip,Application,4301.5030,0.4043,0.2068,0.1975,68.3395,25.2138,NA,0.0000,24.6946,NA
Stalker2-Win64-Shipping.exe,8048,0x37CE4E130,DXGI,0,0,1,Hardware: Independent Flip,Application,4301.9073,49.3545,49.0893,0.2652,93.1490,24.8453,-0.0564,4265.7336,0.2445,58.4229
Stalker2-Win64-Shipping.exe,8048,0x37CE4E130,DXGI,0,0,1,Hardware: Independent Flip,Application,4351.2618,0.3472,0.1963,0.1509,68.6398,25.2463,NA,0.0000,24.6061,NA
Stalker2-Win64-Shipping.exe,8048,0x37CE4E130,DXGI,0,0,1,Hardware: Independent Flip,Application,4351.6090,49.9067,49.5992,0.3075,93.5389,25.0443,0.0968,4315.9220,0.0424,58.3261
Stalker2-Win64-Shipping.exe,8048,0x37CE4E130,DXGI,0,0,1,Hardware: Independent Flip,Application,4401.5157,0.3718,0.2182,0.1536,68.6765,24.7636,NA,0.0000,24.7655,NA
Stalker2-Win64-Shipping.exe,8048,0x37CE4E130,DXGI,0,0,1,Hardware: Independent Flip,Application,4401.8875,50.3696,50.0239,0.3457,93.0683,25.2979,0.7705,4366.5004,0.0014,57.5556
Stalker2-Win64-Shipping.exe,8048,0x37CE4E130,DXGI,0,0,1,Hardware: Independent Flip,Application,4452.2571,0.4045,0.2073,0.1972,67.9966,27.6138,NA,0.0000,24.8621,NA
Stalker2-Win64-Shipping.exe,8048,0x37CE4E130,DXGI,0,0,1,Hardware: Independent Flip,Application,4452.6616,50.3798,50.1036,0.2762,95.2059,24.9869,-2.6285,4416.7836,0.1463,60.1841
Stalker2-Win64-Shipping.exe,8048,0x37CE4E130,DXGI,0,0,1,Hardware: Independent Flip,Application,4503.0414,0.5539,0.3830,0.1709,69.8130,23.9096,NA,0.0000,24.7749,NA
Stalker2-Win64-Shipping.exe,8048,0x37CE4E130,DXGI,0,0,1,Hardware: Independent Flip,Application,4503.5953,48.4241,48.1523,0.2718,93.1687,25.0257,1.1673,4466.8474,0.0008,59.0168
Stalker2-Win64-Shipping.exe,8048,0x37CE4E130,DXGI,0,0,1,Hardware: Independent Flip,Application,4552.0194,0.5011,0.2649,0.2362,69.7703,24.3755,NA,0.0000,24.7085,NA
Stalker2-Win64-Shipping.exe,8048,0x37CE4E130,DXGI,0,0,1,Hardware: Independent Flip,Application,4552.5205,49.8404,49.4270,0.4134,93.6447,24.3928,0.5582,4516.8068,0.5860,58.4586
Stalker2-Win64-Shipping.exe,8048,0x37CE4E130,DXGI,0,0,1,Hardware: Independent Flip,Application,4602.3609,0.4297,0.2326,0.1971,68.1971,25.6805,NA,0.0000,24.0795,NA
Stalker2-Win64-Shipping.exe,8048,0x37CE4E130,DXGI,0,0,1,Hardware: Independent Flip,Application,4602.7906,49.2271,48.9642,0.2629,93.4479,24.1712,-0.4794,4566.4007,0.6244,58.9380
Stalker2-Win64-Shipping.exe,8048,0x37CE4E130,DXGI,0,0,1,Hardware: Independent Flip,Application,4652.0177,0.3636,0.1998,0.1638,68.3920,25.8931,NA,0.0000,23.9011,NA
Stalker2-Win64-Shipping.exe,8048,0x37CE4E130,DXGI,0,0,1,Hardware: Independent Flip,Application,4652.3813,50.3116,49.9637,0.3479,93.9215,25.0664,0.0833,4616.5483,0.0012,58.8547
Stalker2-Win64-Shipping.exe,8048,0x37CE4E130,DXGI,0,0,1,Hardware: Independent Flip,Application,4702.6929,0.4330,0.2310,0.2020,68.6763,25.3421,NA,0.0000,24.7462,NA
Stalker2-Win64-Shipping.exe,8048,0x37CE4E130,DXGI,0,0,1,Hardware: Independent Flip,Application,4703.1259,49.6195,49.3616,0.2579,93.5854,25.1869,-0.0240,4666.9328,0.0015,58.8787
Stalker2-Win64-Shipping.exe,8048,0x37CE4E130,DXGI,0,0,1,Hardware: Independent Flip,Application,4752.7454,0.3326,0.1892,0.1434,69.1528,24.2637,NA,0.0000,24.7493,NA
Stalker2-Win64-Shipping.exe,8048,0x37CE4E130,DXGI,0,0,1,Hardware: Independent Flip,Application,4753.0780,49.3816,48.9533,0.4283,93.0839,25.0399,0.6436,4717.0270,0.0012,58.2351
Stalker2-Win64-Shipping.exe,8048,0x37CE4E130,DXGI,0,0,1,Hardware: Independent Flip,Application,4802.4596,0.4250,0.2603,0.1647,68.7422,27.0851,NA,0.0000,24.7184,NA
Stalker2-Win64-Shipping.exe,8048,0x37CE4E130,DXGI,0,0,1,Hardware: Independent Flip,Application,4802.8846,49.4525,49.1828,0.2697,95.4023,24.5113,-2.2207,4766.9313,0.4304,60.4558
Stalker2-Win64-Shipping.exe,8048,0x37CE4E130,DXGI,0,0,1,Hardware: Independent Flip,Application,4852.3371,0.3659,0.2020,0.1639,70.4611,24.6109,NA,0.0000,24.3030,NA
Stalker2-Win64-Shipping.exe,8048,0x37CE4E130,DXGI,0,0,1,Hardware: Independent Flip,Application,4852.7030,49.2738,48.9692,0.3046,94.7061,24.9773,0.8538,4816.9073,0.0016,59.6020
Stalker2-Win64-Shipping.exe,8048,0x37CE4E130,DXGI,0,0,1,Hardware: Independent Flip,Application,4901.9768,0.3972,0.2412,0.1560,70.4096,24.2173,NA,0.0000,24.6203,NA
Stalker2-Win64-Shipping.exe,8048,0x37CE4E130,DXGI,0,0,1,Hardware: Independent Flip,Application,4902.3740,50.7267,50.4064,0.3203,94.2297,24.8311,0.7845,4866.8864,0.1442,58.8175
Stalker2-Win64-Shipping.exe,8048,0x37CE4E130,DXGI,0,0,1,Hardware: Independent Flip,Application,4953.1007,0.4549,0.2563,0.1986,68.3341,25.3339,NA,0.0000,24.5401,NA
Stalker2-Win64-Shipping.exe,8048,0x37CE4E130,DXGI,0,0,1,Hardware: Independent Flip,Application,4953.5556,49.0809,48.7080,0.3729,93.2131,24.5191,-0.1981,4916.8533,0.4604,59.0156
Stalker2-Win64-Shipping.exe,8048,0x37CE4E130,DXGI,0,0,1,Hardware: Independent Flip,Application,5002.6365,0.3845,0.2334,0.1511,68.6513,25.4275,NA,0.0000,24.2686,NA
Stalker2-Win64-Shipping.exe,8048,0x37CE4E130,DXGI,0,0,1,Hardware: Independent Flip,Application,5003.0210,50.3613,49.9795,0.3818,93.6943,25.2926,0.7658,4967.5657,0.0556,58.2498
Stalker2-Win64-Shipping.exe,8048,0x37CE4E130,DXGI,0,0,1,Hardware: Independent Flip,Application,5053.3823,0.4112,0.2014,0.2098,68.6256,25.0648,NA,0.0000,25.0331,NA
Stalker2-Win64-Shipping.exe,8048,0x37CE4E130,DXGI,0,0,1,Hardware: Independent Flip,Application,5053.7935,49.9047,49.6569,0.2478,93.2792,25.3726,0.4102,5018.3333,0.0011,57.8396
Stalker2-Win64-Shipping.exe,8048,0x37CE4E130,DXGI,0,0,1,Hardware: Independent Flip,Application,5103.6982,0.3453,0.1953,0.1500,68.7471,26.6984,NA,0.0000,25.0495,NA
Stalker2-Win64-Shipping.exe,8048,0x37CE4E130,DXGI,0,0,1,Hardware: Independent Flip,Application,5104.0435,51.3342,50.9606,0.3736,95.1002,25.0346,-1.7416,5068.6627,0.1213,59.5812
Stalker2-Win64-Shipping.exe,8048,0x37CE4E130,DXGI,0,0,1,Hardware: Independent Flip,Application,5155.3777,0.5315,0.2900,0.2415,68.8006,24.0510,NA,0.0000,24.8095,NA
Stalker2-Win64-Shipping.exe,8048,0x37CE4E130,DXGI,0,0,1,Hardware: Independent Flip,Application,5155.9092,48.8082,48.4767,0.3315,92.3201,25.1009,1.1319,5118.8802,0.0009,58.4493
Stalker2-Win64-Shipping.exe,8048,0x37CE4E130,DXGI,0,0,1,Hardware: Independent Flip,Application,5204.7174,0.4509,0.2863,0.1646,68.6128,26.3283,NA,0.0000,24.8000,NA
Stalker2-Win64-Shipping.exe,8048,0x37CE4E130,DXGI,0,0,1,Hardware: Independent Flip,Application,5205.1683,49.7276,49.4138,0.3138,94.4902,24.4514,-1.4541,5168.8553,0.5286,59.9034
Stalker2-Win64-Shipping.exe,8048,0x37CE4E130,DXGI,0,0,1,Hardware: Independent Flip,Application,5254.8959,0.3527,0.1976,0.1551,69.2140,24.5846,NA,0.0000,24.2284,NA
Stalker2-Win64-Shipping.exe,8048,0x37CE4E130,DXGI,0,0,1,Hardware: Independent Flip,Application,5255.2486,48.4896,48.2006,0.2890,93.4459,24.8173,0.6136,5218.5049,0.0009,59.2898
Stalker2-Win64-Shipping.exe,8048,0x37CE4E130,DXGI,0,0,1,Hardware: Independent Flip,Application,5303.7382,0.5587,0.2970,0.2617,69.7736,23.9850,NA,0.0000,24.5523,NA
Stalker2-Win64-Shipping.exe,8048,0x37CE4E130,DXGI,0,0,1,Hardware: Independent Flip,Application,5304.2969,49.0243,48.7557,0.2686,93.1999,24.6212,0.8006,5268.1078,0.1760,58.4892
Stalker2-Win64-Shipping.exe,8048,0x37CE4E130,DXGI,0,0,1,Hardware: Independent Flip,Application,5353.3212,0.3401,0.1864,0.1537,68.7968,25.7620,NA,0.0000,24.3923,NA
Stalker2-Win64-Shipping.exe,8048,0x37CE4E130,DXGI,0,0,1,Hardware: Independent Flip,Application,5353.6613,49.7051,49.4134,0.2917,94.2187,24.2348,-0.8567,5317.6343,0.5149,59.3459
Stalker2-Win64-Shipping.exe,8048,0x37CE4E130,DXGI,0,0,1,Hardware: Independent Flip,Application,5403.3664,0.3523,0.1967,0.1556,68.7484,24.9433,NA,0.0000,24.0290,NA
Stalker2-Win64-Shipping.exe,8048,0x37CE4E130,DXGI,0,0,1,Hardware: Independent Flip,Application,5403.7187,48.6426,48.3729,0.2697,93.3394,24.9577,0.7619,5367.5743,0.0009,58.5840
Stalker2-Win64-Shipping.exe,8048,0x37CE4E130,DXGI,0,0,1,Hardware: Independent Flip,Application,5452.3613,0.3421,0.1916,0.1505,69.6545,25.4751,NA,0.0000,24.6101,NA
Stalker2-Win64-Shipping.exe,8048,0x37CE4E130,DXGI,0,0,1,Hardware: Independent Flip,Application,5452.7034,50.8138,50.5358,0.2780,94.7875,25.1062,-0.2066,5417.8005,0.0006,58.7906
Stalker2-Win64-Shipping.exe,8048,0x37CE4E130,DXGI,0,0,1,Hardware: Independent Flip,Application,5503.5172,0.3399,0.1903,0.1496,69.0799,24.6439,NA,0.0000,24.7732,NA
Stalker2-Win64-Shipping.exe,8048,0x37CE4E130,DXGI,0,0,1,Hardware: Independent Flip,Application,5503.8571,49.5385,49.2628,0.2757,93.3839,25.0644,0.3929,5467.9435,0.0009,58.3977
Stalker2-Win64-Shipping.exe,8048,0x37CE4E130,DXGI,0,0,1,Hardware: Independent Flip,Application,5553.3956,0.3628,0.1905,0.1723,68.9098,25.2847,NA,0.0000,24.7408,NA
Stalker2-Win64-Shipping.exe,8048,0x37CE4E130,DXGI,0,0,1,Hardware: Independent Flip,Application,5553.7584,49.5764,49.2974,0.2790,93.8317,24.8392,-0.2364,5518.0562,0.2089,58.6341
Stalker2-Win64-Shipping.exe,8048,0x37CE4E130,DXGI,0,0,1,Hardware: Independent Flip,Application,5603.3348,0.3473,0.1904,0.1569,69.0945,25.4851,NA,0.0000,24.6215,NA
Stalker2-Win64-Shipping.exe,8048,0x37CE4E130,DXGI,0,0,1,Hardware: Independent Flip,Application,5603.6821,50.1173,49.8571,0.2602,94.2323,25.1596,0.0256,5568.4061,0.0041,58.6085
Stalker2-Win64-Shipping.exe,8048,0x37CE4E130,DXGI,0,0,1,Hardware: Independent Flip,Application,5653.7994,0.3549,0.1930,0.1619,69.2746,24.9077,NA,0.0000,24.7557,NA
Stalker2-Win64-Shipping.exe,8048,0x37CE4E130,DXGI,0,0,1,Hardware: Independent Flip,Application,5654.1543,50.0040,49.7242,0.2798,93.8274,25.0905,0.1393,5618.6127,0.0007,58.4692
Stalker2-Win64-Shipping.exe,8048,0x37CE4E130,DXGI,0,0,1,Hardware: Independent Flip,Application,5704.1583,0.3606,0.1924,0.1682,68.9139,25.0178,NA,0.0000,24.7676,NA
Stalker2-Win64-Shipping.exe,8048,0x37CE4E130,DXGI,0,0,1,Hardware: Independent Flip,Application,5704.5189,50.1585,49.7410,0.4175,93.5711,24.8958,-0.0718,5668.6492,0.1084,58.5410
Stalker2-Win64-Shipping.exe,8048,0x37CE4E130,DXGI,0,0,1,Hardware: Independent Flip,Application,5754.6774,0.4139,0.2015,0.2124,68.3084,24.7444,NA,0.0000,24.5858,NA
Stalker2-Win64-Shipping.exe,8048,0x37CE4E130,DXGI,0,0,1,Hardware: Independent Flip,Application,5755.0913,49.3471,49.0015,0.3456,92.6389,24.9700,0.5143,5718.8037,0.1027,58.0267
Stalker2-Win64-Shipping.exe,8048,0x37CE4E130,DXGI,0,0,1,Hardware: Independent Flip,Application,5804.4384,0.4774,0.3139,0.1635,68.2618,26.0901,NA,0.0000,24.7068,NA
Stalker2-Win64-Shipping.exe,8048,0x37CE4E130,DXGI,0,0,1,Hardware: Independent Flip,Application,5804.9158,49.8560,49.5865,0.2695,93.8745,24.8789,-0.8954,5768.9684,0.1928,58.9221
Stalker2-Win64-Shipping.exe,8048,0x37CE4E130,DXGI,0,0,1,Hardware: Independent Flip,Application,5854.7718,0.3721,0.1965,0.1756,68.8974,24.7195,NA,0.0000,24.6522,NA
Stalker2-Win64-Shipping.exe,8048,0x37CE4E130,DXGI,0,0,1,Hardware: Independent Flip,Application,5855.1439,49.5288,49.1043,0.4245,93.2448,25.0362,0.4852,5819.0520,0.0010,58.4369
Stalker2-Win64-Shipping.exe,8048,0x37CE4E130,DXGI,0,0,1,Hardware: Independent Flip,Application,5904.6727,0.4306,0.2605,0.1701,68.7522,24.4972,NA,0.0000,24.7171,NA
Stalker2-Win64-Shipping.exe,8048,0x37CE4E130,DXGI,0,0,1,Hardware: Independent Flip,Application,5905.1033,49.6433,49.2341,0.4092,92.8188,24.8626,0.5299,5869.1153,0.1593,57.9070
Stalker2-Win64-Shipping.exe,8048,0x37CE4E130,DXGI,0,0,1,Hardware: Independent Flip,Application,5954.7466,0.4041,0.2397,0.1644,68.0381,26.5969,NA,0.0000,24.6476,NA
Stalker2-Win64-Shipping.exe,8048,0x37CE4E130,DXGI,0,0,1,Hardware: Independent Flip,Application,5955.1507,49.2299,48.9524,0.2775,94.2309,24.5092,-1.7088,5918.8660,0.3542,59.6158
Stalker2-Win64-Shipping.exe,8048,0x37CE4E130,DXGI,0,0,1,Hardware: Independent Flip,Application,6004.3806,0.3456,0.1913,0.1543,69.5102,26.5618,NA,0.0000,24.2825,NA
Stalker2-Win64-Shipping.exe,8048,0x37CE4E130,DXGI,0,0,1,Hardware: Independent Flip,Application,6004.7262,50.0154,49.7457,0.2697,95.7264,24.8408,-1.3698,5968.5672,0.0007,60.9856
Stalker2-Win64-Shipping.exe,8048,0x37CE4E130,DXGI,0,0,1,Hardware: Independent Flip,Application,6054.7416,0.3466,0.1949,0.1517,70.5518,23.5727,NA,0.0000,24.5869,NA
Stalker2-Win64-Shipping.exe,8048,0x37CE4E130,DXGI,0,0,1,Hardware: Independent Flip,Application,6055.0882,48.9415,48.6661,0.2754,93.7779,24.8540,1.3099,6018.2906,0.0006,59.6757
Stalker2-Win64-Shipping.exe,8048,0x37CE4E130,DXGI,0,0,1,Hardware: Independent Flip,Application,6104.0297,0.4452,0.2707,0.1745,69.6904,24.6367,NA,0.0000,24.5865,NA
Stalker2-Win64-Shipping.exe,8048,0x37CE4E130,DXGI,0,0,1,Hardware: Independent Flip,Application,6104.4749,49.5362,49.0737,0.4625,93.8819,24.1373,0.0304,6067.8117,0.6160,59.6453
Stalker2-Win64-Shipping.exe,8048,0x37CE4E130,DXGI,0,0,1,Hardware: Independent Flip,Application,6154.0111,0.4126,0.2044,0.2082,68.4830,25.0760,NA,0.0000,23.9102,NA
Stalker2-Win64-Shipping.exe,8048,0x37CE4E130,DXGI,0,0,1,Hardware: Independent Flip,Application,6154.4237,48.6795,48.4036,0.2759,93.1464,24.5687,0.7904,6117.8154,0.4251,58.8549
Stalker2-Win64-Shipping.exe,8048,0x37CE4E130,DXGI,0,0,1,Hardware: Independent Flip,Application,6203.1032,0.3525,0.1922,0.1603,69.0356,25.4248,NA,0.0000,24.2868,NA
Stalker2-Win64-Shipping.exe,8048,0x37CE4E130,DXGI,0,0,1,Hardware: Independent Flip,Application,6203.4557,50.6677,50.3297,0.3380,94.1079,25.2674,0.6653,6168.4742,0.0587,58.1896
Stalker2-Win64-Shipping.exe,8048,0x37CE4E130,DXGI,0,0,1,Hardware: Independent Flip,Application,6254.1234,0.4476,0.2511,0.1965,68.7076,26.4476,NA,0.0000,24.9863,NA
Stalker2-Win64-Shipping.exe,8048,0x37CE4E130,DXGI,0,0,1,Hardware: Independent Flip,Application,6254.5710,51.1856,50.7848,0.4008,94.7076,25.2436,-1.2122,6218.9770,0.0008,59.4018
Stalker2-Win64-Shipping.exe,8048,0x37CE4E130,DXGI,0,0,1,Hardware: Independent Flip,Application,6305.7566,0.4741,0.3018,0.1723,68.7656,24.4261,NA,0.0000,24.9280,NA
Stalker2-Win64-Shipping.exe,8048,0x37CE4E130,DXGI,0,0,1,Hardware: Independent Flip,Application,6306.2307,48.6062,48.1489,0.4573,92.7176,25.2340,0.8137,6269.4604,0.0012,58.5881
Stalker2-Win64-Shipping.exe,8048,0x37CE4E130,DXGI,0,0,1,Hardware: Independent Flip,Application,6354.8369,0.4006,0.2352,0.1654,69.3454,26.5146,NA,0.0000,24.9074,NA
Stalker2-Win64-Shipping.exe,8048,0x37CE4E130,DXGI,0,0,1,Hardware: Independent Flip,Application,6355.2375,50.4101,50.0711,0.3390,95.4594,24.7365,-1.4756,6319.7334,0.3892,60.0637
Stalker2-Win64-Shipping.exe,8048,0x37CE4E130,DXGI,0,0,1,Hardware: Independent Flip,Application,6405.6476,0.3881,0.2328,0.1553,69.7858,23.3841,NA,0.0000,24.5221,NA
Stalker2-Win64-Shipping.exe,8048,0x37CE4E130,DXGI,0,0,1,Hardware: Independent Flip,Application,6406.0357,48.9746,48.6902,0.2844,92.7818,25.0224,1.9399,6369.7939,0.0011,58.1238
Stalker2-Win64-Shipping.exe,8048,0x37CE4E130,DXGI,0,0,1,Hardware: Independent Flip,Application,6455.0103,0.3355,0.1919,0.1436,68.8296,26.8466,NA,0.0000,24.7641,NA
Stalker2-Win64-Shipping.exe,8048,0x37CE4E130,DXGI,0,0,1,Hardware: Independent Flip,Application,6455.3458,51.1590,50.8146,0.3444,95.3407,24.1003,-1.9405,6419.7224,0.8594,60.0643
Stalker2-Win64-Shipping.exe,8048,0x37CE4E130,DXGI,0,0,1,Hardware: Independent Flip,Application,6506.5048,0.4331,0.2271,0.2060,68.2820,24.7026,NA,0.0000,23.8597,NA
Stalker2-Win64-Shipping.exe,8048,0x37CE4E130,DXGI,0,0,1,Hardware: Independent Flip,Application,6506.9379,48.8055,48.5032,0.3023,92.5515,25.0533,1.3225,6469.8478,0.0014,58.7418
Stalker2-Win64-Shipping.exe,8048,0x37CE4E130,DXGI,0,0,1,Hardware: Independent Flip,Application,6555.7434,0.3599,0.2071,0.1528,68.7993,25.4309,NA,0.0000,24.7458,NA
Stalker2-Win64-Shipping.exe,8048,0x37CE4E130,DXGI,0,0,1,Hardware: Independent Flip,Application,6556.1033,49.9930,49.6591,0.3339,93.8703,25.1619,0.0557,6520.3877,0.1024,58.6861
Stalker2-Win64-Shipping.exe,8048,0x37CE4E130,DXGI,0,0,1,Hardware: Independent Flip,Application,6606.0963,0.3934,0.2367,0.1567,69.0392,25.3454,NA,0.0000,24.9376,NA
Stalker2-Win64-Shipping.exe,8048,0x37CE4E130,DXGI,0,0,1,Hardware: Independent Flip,Application,6606.4897,49.5842,49.2954,0.2888,93.9912,25.1520,-0.1883,6570.7067,0.0010,58.8744
Stalker2-Win64-Shipping.exe,8048,0x37CE4E130,DXGI,0,0,1,Hardware: Independent Flip,Application,6656.0739,0.3604,0.2011,0.1593,69.5590,24.6552,NA,0.0000,24.8321,NA
Stalker2-Win64-Shipping.exe,8048,0x37CE4E130,DXGI,0,0,1,Hardware: Independent Flip,Application,6656.4343,50.0819,49.7205,0.3614,93.8538,25.0682,0.3372,6620.8511,0.0012,58.5372
Stalker2-Win64-Shipping.exe,8048,0x37CE4E130,DXGI,0,0,1,Hardware: Independent Flip,Application,6706.5162,0.4417,0.2363,0.2054,68.8401,25.8571,NA,0.0000,24.7528,NA
Stalker2-Win64-Shipping.exe,8048,0x37CE4E130,DXGI,0,0,1,Hardware: Independent Flip,Application,6706.9579,49.8322,49.5118,0.3204,94.2555,24.8303,-0.7798,6670.9966,0.2260,59.3170
Stalker2-Win64-Shipping.exe,8048,0x37CE4E130,DXGI,0,0,1,Hardware: Independent Flip,Application,6756.7901,0.4266,0.2573,0.1693,69.2536,24.6635,NA,0.0000,24.6128,NA
Stalker2-Win64-Shipping.exe,8048,0x37CE4E130,DXGI,0,0,1,Hardware: Independent Flip,Application,6757.2167,49.3344,48.9782,0.3562,93.4905,25.0591,0.6431,6721.1335,0.0017,58.6739
Stalker2-Win64-Shipping.exe,8048,0x37CE4E130,DXGI,0,0,1,Hardware: Independent Flip,Application,6806.5511,0.3651,0.2035,0.1616,69.2152,25.3568,NA,0.0000,24.6626,NA
Stalker2-Win64-Shipping.exe,8048,0x37CE4E130,DXGI,0,0,1,Hardware: Independent Flip,Application,6806.9162,50.3943,50.0335,0.3608,94.2069,25.0059,-0.0310,6771.5184,0.1789,58.7049
Stalker2-Win64-Shipping.exe,8048,0x37CE4E130,DXGI,0,0,1,Hardware: Independent Flip,Application,6857.3105,0.4821,0.2997,0.1824,68.8185,25.9850,NA,0.0000,24.8002,NA
Stalker2-Win64-Shipping.exe,8048,0x37CE4E130,DXGI,0,0,1,Hardware: Independent Flip,Application,6857.7926,50.2799,49.9417,0.3382,94.3214,25.1095,-0.7401,6821.7692,0.0014,59.4450
Stalker2-Win64-Shipping.exe,8048,0x37CE4E130,DXGI,0,0,1,Hardware: Independent Flip,Application,6908.0725,0.4498,0.2542,0.1956,69.1510,24.4782,NA,0.0000,24.7543,NA
Stalker2-Win64-Shipping.exe,8048,0x37CE4E130,DXGI,0,0,1,Hardware: Independent Flip,Application,6908.5223,49.2984,48.9960,0.3024,93.1794,25.2225,0.8776,6872.2345,0.0012,58.5674
Stalker2-Win64-Shipping.exe,8048,0x37CE4E130,DXGI,0,0,1,Hardware: Independent Flip,Application,6957.8207,0.3466,0.1916,0.1550,69.1035,26.0788,NA,0.0000,24.9056,NA
Stalker2-Win64-Shipping.exe,8048,0x37CE4E130,DXGI,0,0,1,Hardware: Independent Flip,Application,6958.1673,49.9076,49.6465,0.2611,94.8357,24.9346,-0.8133,6922.7225,0.3021,59.3807
Stalker2-Win64-Shipping.exe,8048,0x37CE4E130,DXGI,0,0,1,Hardware: Independent Flip,Application,7008.0749,0.3611,0.1943,0.1668,69.8627,24.4468,NA,0.0000,24.7155,NA
Stalker2-Win64-Shipping.exe,8048,0x37CE4E130,DXGI,0,0,1,Hardware: Independent Flip,Application,7008.4360,50.3421,49.9862,0.3559,93.9484,25.1663,0.9698,6973.0737,0.0010,58.4109
Stalker2-Win64-Shipping.exe,8048,0x37CE4E130,DXGI,0,0,1,Hardware: Independent Flip,Application,7058.7781,0.4355,0.2338,0.2017,68.7726,25.8834,NA,0.0000,24.8328,NA
Stalker2-Win64-Shipping.exe,8048,0x37CE4E130,DXGI,0,0,1,Hardware: Independent Flip,Application,7059.2136,49.3108,49.0713,0.2395,94.2205,24.7798,-0.7247,7023.3987,0.3757,59.1356
Stalker2-Win64-Shipping.exe,8048,0x37CE4E130,DXGI,0,0,1,Hardware: Independent Flip,Application,7108.5244,0.3353,0.1925,0.1428,69.6895,25.5184,NA,0.0000,24.5371,NA
Stalker2-Win64-Shipping.exe,8048,0x37CE4E130,DXGI,0,0,1,Hardware: Independent Flip,Application,7108.8597,50.4157,50.1287,0.2870,94.8726,25.0714,-0.1474,7073.5495,0.0012,59.2830
Stalker2-Win64-Shipping.exe,8048,0x37CE4E130,DXGI,0,0,1,Hardware: Independent Flip,Application,7159.2754,0.3463,0.1961,0.1502,69.5283,24.4875,NA,0.0000,24.8030,NA
Stalker2-Win64-Shipping.exe,8048,0x37CE4E130,DXGI,0,0,1,Hardware: Independent Flip,Application,7159.6217,49.6865,49.4018,0.2847,93.6695,25.1221,0.7040,7123.8124,0.0009,58.5790
Stalker2-Win64-Shipping.exe,8048,0x37CE4E130,DXGI,0,0,1,Hardware: Independent Flip,Application,7209.3082,0.3547,0.2084,0.1463,69.1051,26.2184,NA,0.0000,24.8169,NA
Stalker2-Win64-Shipping.exe,8048,0x37CE4E130,DXGI,0,0,1,Hardware: Independent Flip,Application,7209.6629,50.1013,49.8107,0.2906,94.9688,24.6837,-1.4349,7173.7180,0.2691,60.0139
Stalker2-Win64-Shipping.exe,8048,0x37CE4E130,DXGI,0,0,1,Hardware: Independent Flip,Application,7259.7642,0.3503,0.1936,0.1567,69.5512,24.0083,NA,0.0000,24.3951,NA
Stalker2-Win64-Shipping.exe,8048,0x37CE4E130,DXGI,0,0,1,Hardware: Independent Flip,Application,7260.1145,49.7416,49.3793,0.3623,93.2092,25.0979,1.5163,7223.9263,0.0007,58.4976
Stalker2-Win64-Shipping.exe,8048,0x37CE4E130,DXGI,0,0,1,Hardware: Independent Flip,Application,7309.8561,0.3670,0.2133,0.1537,68.5655,25.8825,NA,0.0000,24.7852,NA
Stalker2-Win64-Shipping.exe,8048,0x37CE4E130,DXGI,0,0,1,Hardware: Independent Flip,Application,7310.2231,49.7244,49.4427,0.2817,94.0810,24.7740,-0.5460,7274.3607,0.4414,59.0436
Stalker2-Win64-Shipping.exe,8048,0x37CE4E130,DXGI,0,0,1,Hardware: Independent Flip,Application,7359.9475,0.3550,0.1908,0.1642,69.1306,27.4497,NA,0.0000,24.4660,NA
Stalker2-Win64-Shipping.exe,8048,0x37CE4E130,DXGI,0,0,1,Hardware: Independent Flip,Application,7360.3025,51.2278,50.7499,0.4779,96.2253,25.1923,-1.8286,7324.7558,0.0008,60.8722
Stalker2-Win64-Shipping.exe,8048,0x37CE4E130,DXGI,0,0,1,Hardware: Independent Flip,Application,7411.5303,0.4091,0.2009,0.2082,70.1898,23.3218,NA,0.0000,24.8782,NA
Stalker2-Win64-Shipping.exe,8048,0x37CE4E130,DXGI,0,0,1,Hardware: Independent Flip,Application,7411.9394,49.8681,49.4904,0.3777,93.1025,25.3112,2.1225,7375.3924,0.0011,58.7497
Stalker2-Win64-Shipping.exe,8048,0x37CE4E130,DXGI,0,0,1,Hardware: Independent Flip,Application,7461.8075,0.4990,0.2783,0.2207,68.5456,26.0746,NA,0.0000,24.9858,NA
Stalker2-Win64-Shipping.exe,8048,0x37CE4E130,DXGI,0,0,1,Hardware: Independent Flip,Application,7462.3065,48.9546,48.5610,0.3936,94.1212,24.2253,-1.1024,7425.6758,0.9110,59.8521
Stalker2-Win64-Shipping.exe,8048,0x37CE4E130,DXGI,0,0,1,Hardware: Independent Flip,Application,7511.2611,0.3863,0.2271,0.1592,69.3919,25.3275,NA,0.0000,23.9845,NA
Stalker2-Win64-Shipping.exe,8048,0x37CE4E130,DXGI,0,0,1,Hardware: Independent Flip,Application,7511.6474,49.6208,49.3486,0.2722,94.3331,25.0170,0.6676,7475.8962,0.0833,59.1845
Stalker2-Win64-Shipping.exe,8048,0x37CE4E130,DXGI,0,0,1,Hardware: Independent Flip,Application,7561.2682,0.3644,0.2117,0.1527,69.7293,25.8993,NA,0.0000,24.7855,NA
Stalker2-Win64-Shipping.exe,8048,0x37CE4E130,DXGI,0,0,1,Hardware: Independent Flip,Application,7561.6326,51.5883,51.2558,0.3325,95.2642,25.3787,-0.1505,7526.6620,0.0011,59.3350
Stalker2-Win64-Shipping.exe,8048,0x37CE4E130,DXGI,0,0,1,Hardware: Independent Flip,Application,7613.2209,0.4679,0.2640,0.2039,69.0546,24.1974,NA,0.0000,25.0374,NA
Stalker2-Win64-Shipping.exe,8048,0x37CE4E130,DXGI,0,0,1,Hardware: Independent Flip,Application,7613.6888,48.8996,48.5651,0.3345,92.7841,25.1514,0.7362,7576.9743,0.0010,58.5988
Stalker2-Win64-Shipping.exe,8048,0x37CE4E130,DXGI,0,0,1,Hardware: Independent Flip,Application,7662.5884,0.5360,0.3557,0.1803,69.0359,26.2492,NA,0.0000,24.8389,NA
Stalker2-Win64-Shipping.exe,8048,0x37CE4E130,DXGI,0,0,1,Hardware: Independent Flip,Application,7663.1244,50.1154,49.7940,0.3214,94.7491,24.6903,-0.8861,7627.4888,0.5612,59.4849
Stalker2-Win64-Shipping.exe,8048,0x37CE4E130,DXGI,0,0,1,Hardware: Independent Flip,Application,7713.2398,0.3709,0.1952,0.1757,69.3240,28.4850,NA,0.0000,24.4307,NA
Stalker2-Win64-Shipping.exe,8048,0x37CE4E130,DXGI,0,0,1,Hardware: Independent Flip,Application,7713.6107,51.0852,50.7574,0.3278,97.4381,25.3289,-2.4963,7678.1678,0.0007,61.9812
Stalker2-Win64-Shipping.exe,8048,0x37CE4E130,DXGI,0,0,1,Hardware: Independent Flip,Application,7764.6959,0.3546,0.2042,0.1504,71.6818,23.0176,NA,0.0000,25.0558,NA
Stalker2-Win64-Shipping.exe,8048,0x37CE4E130,DXGI,0,0,1,Hardware: Independent Flip,Application,7765.0505,49.5621,49.2807,0.2814,94.3448,25.1614,1.9917,7728.5060,0.0011,59.9895
Stalker2-Win64-Shipping.exe,8048,0x37CE4E130,DXGI,0,0,1,Hardware: Independent Flip,Application,7814.6126,0.3507,0.1967,0.1540,69.9441,27.3461,NA,0.0000,24.7742,NA
Stalker2-Win64-Shipping.exe,8048,0x37CE4E130,DXGI,0,0,1,Hardware: Independent Flip,Application,7814.9633,50.1563,49.8874,0.2689,96.9395,24.0754,-2.3457,7778.6678,1.0037,62.3352
Stalker2-Win64-Shipping.exe,8048,0x37CE4E130,DXGI,0,0,1,Hardware: Independent Flip,Application,7865.1196,0.5459,0.3718,0.1741,70.8586,25.1498,NA,0.0000,23.7795,NA
Stalker2-Win64-Shipping.exe,8048,0x37CE4E130,DXGI,0,0,1,Hardware: Independent Flip,Application,7865.6655,49.2446,48.9596,0.2850,95.4625,25.0678,0.9221,7828.8151,0.0008,61.4131
Stalker2-Win64-Shipping.exe,8048,0x37CE4E130,DXGI,0,0,1,Hardware: Independent Flip,Application,7914.9101,0.3572,0.1941,0.1631,71.2857,23.0355,NA,0.0000,24.8070,NA
Stalker2-Win64-Shipping.exe,8048,0x37CE4E130,DXGI,0,0,1,Hardware: Independent Flip,Application,7915.2673,50.0519,49.7384,0.3135,93.9640,25.5456,3.0078,7879.9262,0.0005,58.4053
Stalker2-Win64-Shipping.exe,8048,0x37CE4E130,DXGI,0,0,1,Hardware: Independent Flip,Application,7965.3192,0.4710,0.3087,0.1623,69.4577,26.5132,NA,0.0000,25.2218,NA
Stalker2-Win64-Shipping.exe,8048,0x37CE4E130,DXGI,0,0,1,Hardware: Independent Flip,Application,7965.7902,50.0900,49.8156,0.2744,95.4999,24.3825,-1.2943,7930.6907,0.9936,59.6996
Stalker2-Win64-Shipping.exe,8048,0x37CE4E130,DXGI,0,0,1,Hardware: Independent Flip,Application,8015.8802,0.3573,0.2001,0.1572,69.7924,25.7397,NA,0.0000,24.1227,NA
Stalker2-Win64-Shipping.exe,8048,0x37CE4E130,DXGI,0,0,1,Hardware: Independent Flip,Application,8016.2375,51.4784,51.0916,0.3868,95.1748,25.6870,1.2926,7982.1055,0.0157,58.4070
Stalker2-Win64-Shipping.exe,8048,0x37CE4E130,DXGI,0,0,1,Hardware: Independent Flip,Application,8067.7159,0.4774,0.3076,0.1698,69.3834,25.5682,NA,0.0000,25.3746,NA
Stalker2-Win64-Shipping.exe,8048,0x37CE4E130,DXGI,0,0,1,Hardware: Independent Flip,Application,8068.1933,51.0027,50.7466,0.2561,94.4742,25.6466,0.0662,8033.4269,0.0011,58.3408
Stalker2-Win64-Shipping.exe,8048,0x37CE4E130,DXGI,0,0,1,Hardware: Independent Flip,Application,8119.1960,0.3510,0.1857,0.1653,69.1181,24.7458,NA,0.0000,25.3165,NA
Stalker2-Win64-Shipping.exe,8048,0x37CE4E130,DXGI,0,0,1,Hardware: Independent Flip,Application,8119.5470,50.3193,49.9248,0.3945,93.5129,25.4349,0.5808,8084.4001,0.0371,57.7600
Stalker2-Win64-Shipping.exe,8048,0x37CE4E130,DXGI,0,0,1,Hardware: Independent Flip,Application,8169.8663,0.4020,0.2418,0.1602,68.6285,27.0099,NA,0.0000,25.1137,NA
Stalker2-Win64-Shipping.exe,8048,0x37CE4E130,DXGI,0,0,1,Hardware: Independent Flip,Application,8170.2683,50.8877,50.5373,0.3504,95.2364,24.9906,-1.4838,8135.3611,0.4823,59.2438
Stalker2-Win64-Shipping.exe,8048,0x37CE4E130,DXGI,0,0,1,Hardware: Independent Flip,Application,8221.1560,0.5639,0.3706,0.1933,69.3393,25.9117,NA,0.0000,24.7554,NA
Stalker2-Win64-Shipping.exe,8048,0x37CE4E130,DXGI,0,0,1,Hardware: Independent Flip,Application,8221.7199,50.5692,50.3036,0.2656,94.6871,25.3392,-0.2001,8186.0633,0.0007,59.4439
Stalker2-Win64-Shipping.exe,8048,0x37CE4E130,DXGI,0,0,1,Hardware: Independent Flip,Application,8272.2891,0.4670,0.2980,0.1690,69.4571,24.6273,NA,0.0000,25.0179,NA
Stalker2-Win64-Shipping.exe,8048,0x37CE4E130,DXGI,0,0,1,Hardware: Independent Flip,Application,8272.7561,48.9141,48.6425,0.2716,93.6174,25.1363,0.3152,8236.3450,0.0009,59.1287
Stalker2-Win64-Shipping.exe,8048,0x37CE4E130,DXGI,0,0,1,Hardware: Independent Flip,Application,8321.6702,0.3509,0.1873,0.1636,69.8396,24.3174,NA,0.0000,24.8202,NA
Stalker2-Win64-Shipping.exe,8048,0x37CE4E130,DXGI,0,0,1,Hardware: Independent Flip,Application,8322.0211,49.7440,49.4368,0.3072,93.8061,24.6022,0.4847,8286.2834,0.3353,58.6440
Stalker2-Win64-Shipping.exe,8048,0x37CE4E130,DXGI,0,0,1,Hardware: Independent Flip,Application,8371.7651,0.4681,0.2714,0.1967,68.6643,25.4284,NA,0.0000,24.3961,NA
Stalker2-Win64-Shipping.exe,8048,0x37CE4E130,DXGI,0,0,1,Hardware: Independent Flip,Application,8372.2332,49.6005,49.2523,0.3482,93.6246,24.3804,-0.0694,8336.2446,0.5969,58.7134
Stalker2-Win64-Shipping.exe,8048,0x37CE4E130,DXGI,0,0,1,Hardware: Independent Flip,Application,8421.8337,0.4763,0.2529,0.2234,68.4045,25.9361,NA,0.0000,24.1049,NA
Stalker2-Win64-Shipping.exe,8048,0x37CE4E130,DXGI,0,0,1,Hardware: Independent Flip,Application,8422.3100,49.3206,49.0412,0.2794,93.8643,25.0019,-0.1242,8386.4369,0.0757,58.8376
Stalker2-Win64-Shipping.exe,8048,0x37CE4E130,DXGI,0,0,1,Hardware: Independent Flip,Application,8471.6306,0.3599,0.1952,0.1647,69.5456,25.4728,NA,0.0000,24.7007,NA
Stalker2-Win64-Shipping.exe,8048,0x37CE4E130,DXGI,0,0,1,Hardware: Independent Flip,Application,8471.9905,50.7667,50.4649,0.3018,94.6585,25.2400,0.0077,8436.9193,0.0009,58.8299
Stalker2-Win64-Shipping.exe,8048,0x37CE4E130,DXGI,0,0,1,Hardware: Independent Flip,Application,8522.7572,0.3679,0.2084,0.1595,69.1318,24.5346,NA,0.0000,24.9128,NA
Stalker2-Win64-Shipping.exe,8048,0x37CE4E130,DXGI,0,0,1,Hardware: Independent Flip,Application,8523.1251,49.8276,49.4061,0.4215,93.2985,25.0563,0.3580,8487.0519,0.0007,58.4719
Stalker2-Win64-Shipping.exe,8048,0x37CE4E130,DXGI,0,0,1,Hardware: Independent Flip,Application,8572.9527,0.4350,0.2333,0.2017,68.5272,26.3214,NA,0.0000,24.7076,NA
Stalker2-Win64-Shipping.exe,8048,0x37CE4E130,DXGI,0,0,1,Hardware: Independent Flip,Application,8573.3877,49.6314,49.2337,0.3977,94.4136,24.6704,-1.3593,8537.0703,0.3320,59.8312
Stalker2-Win64-Shipping.exe,8048,0x37CE4E130,DXGI,0,0,1,Hardware: Independent Flip,Application,8623.0191,0.3600,0.2056,0.1544,69.4526,26.2049,NA,0.0000,24.4150,NA
Stalker2-Win64-Shipping.exe,8048,0x37CE4E130,DXGI,0,0,1,Hardware: Independent Flip,Application,8623.3791,50.7934,50.5093,0.2841,95.2975,25.1386,-0.5843,8587.3613,0.0007,60.4155
Stalker2-Win64-Shipping.exe,8048,0x37CE4E130,DXGI,0,0,1,Hardware: Independent Flip,Application,8674.1725,0.5013,0.3114,0.1899,69.6427,22.8484,NA,0.0000,24.8263,NA
Stalker2-Win64-Shipping.exe,8048,0x37CE4E130,DXGI,0,0,1,Hardware: Independent Flip,Application,8674.6738,48.3911,48.1126,0.2785,91.9898,25.1979,2.4247,8637.7730,0.0007,57.9908
Stalker2-Win64-Shipping.exe,8048,0x37CE4E130,DXGI,0,0,1,Hardware: Independent Flip,Application,8723.0649,0.3389,0.1905,0.1484,68.7966,27.6288,NA,0.0000,24.9038,NA
Stalker2-Win64-Shipping.exe,8048,0x37CE4E130,DXGI,0,0,1,Hardware: Independent Flip,Application,8723.4038,51.0768,50.6751,0.4017,96.0865,23.9414,-2.6637,8687.9360,1.1324,60.6545
Stalker2-Win64-Shipping.exe,8048,0x37CE4E130,DXGI,0,0,1,Hardware: Independent Flip,Application,8774.4806,0.4733,0.2106,0.2627,68.9511,25.0276,NA,0.0000,23.7078,NA
Stalker2-Win64-Shipping.exe,8048,0x37CE4E130,DXGI,0,0,1,Hardware: Independent Flip,Application,8774.9539,48.8666,48.5914,0.2752,93.5054,25.2257,1.5028,8738.4078,0.0008,59.1517
Stalker2-Win64-Shipping.exe,8048,0x37CE4E130,DXGI,0,0,1,Hardware: Independent Flip,Application,8823.8205,0.3658,0.1908,0.1750,69.8645,24.3085,NA,0.0000,24.8964,NA
Stalker2-Win64-Shipping.exe,8048,0x37CE4E130,DXGI,0,0,1,Hardware: Independent Flip,Application,8824.1863,50.4784,50.2106,0.2678,93.8072,25.3556,1.1860,8789.1280,0.0017,57.9657
Stalker2-Win64-Shipping.exe,8048,0x37CE4E130,DXGI,0,0,1,Hardware: Independent Flip,Application,8874.6647,0.3506,0.1956,0.1550,68.6844,26.1044,NA,0.0000,25.0818,NA
Stalker2-Win64-Shipping.exe,8048,0x37CE4E130,DXGI,0,0,1,Hardware: Independent Flip,Application,8875.0153,50.1687,49.7758,0.3929,94.4382,24.7170,-1.1151,8839.4729,0.4394,59.0808
Stalker2-Win64-Shipping.exe,8048,0x37CE4E130,DXGI,0,0,1,Hardware: Independent Flip,Application,8925.1840,0.4826,0.2128,0.2698,68.9865,25.5218,NA,0.0000,24.4686,NA
Stalker2-Win64-Shipping.exe,8048,0x37CE4E130,DXGI,0,0,1,Hardware: Independent Flip,Application,8925.6666,49.8615,49.4858,0.3757,94.0257,25.1753,0.1205,8889.8322,0.0006,58.9603
Stalker2-Win64-Shipping.exe,8048,0x37CE4E130,DXGI,0,0,1,Hardware: Independent Flip,Application,8975.5281,0.4745,0.1954,0.2791,69.3395,26.3696,NA,0.0000,24.8246,NA
Stalker2-Win64-Shipping.exe,8048,0x37CE4E130,DXGI,0,0,1,Hardware: Independent Flip,Application,8976.0026,50.5451,50.2468,0.2983,95.2346,25.1675,-1.1941,8940.1830,0.0008,60.1544
Stalker2-Win64-Shipping.exe,8048,0x37CE4E130,DXGI,0,0,1,Hardware: Independent Flip,Application,9026.5477,0.3541,0.1922,0.1619,69.8570,24.8407,NA,0.0000,24.9028,NA
Stalker2-Win64-Shipping.exe,8048,0x37CE4E130,DXGI,0,0,1,Hardware: Independent Flip,Application,9026.9018,48.6823,48.3566,0.3257,94.3436,24.9964,0.0026,8990.1938,0.0005,60.1518
Stalker2-Win64-Shipping.exe,8048,0x37CE4E130,DXGI,0,0,1,Hardware: Independent Flip,Application,9075.5841,0.3415,0.1938,0.1477,70.6577,24.5830,NA,0.0000,24.7329,NA
Stalker2-Win64-Shipping.exe,8048,0x37CE4E130,DXGI,0,0,1,Hardware: Independent Flip,Application,9075.9256,49.7070,49.4181,0.2889,94.8992,24.8678,0.4647,9040.2379,0.1460,59.6871
Stalker2-Win64-Shipping.exe,8048,0x37CE4E130,DXGI,0,0,1,Hardware: Independent Flip,Application,9125.6326,0.5799,0.2960,0.2839,70.0600,24.0050,NA,0.0000,24.6431,NA
Stalker2-Win64-Shipping.exe,8048,0x37CE4E130,DXGI,0,0,1,Hardware: Independent Flip,Application,9126.2125,49.8864,49.5670,0.3194,93.4851,24.8946,1.4982,9090.6089,0.2826,58.1889
Stalker2-Win64-Shipping.exe,8048,0x37CE4E130,DXGI,0,0,1,Hardware: Independent Flip,Application,9176.0989,0.3550,0.1988,0.1562,68.4933,26.5618,NA,0.0000,24.6924,NA
Stalker2-Win64-Shipping.exe,8048,0x37CE4E130,DXGI,0,0,1,Hardware: Independent Flip,Application,9176.4539,50.5413,50.1732,0.3681,94.7001,24.6488,-0.8382,9141.2271,0.6516,59.0271
Stalker2-Win64-Shipping.exe,8048,0x37CE4E130,DXGI,0,0,1,Hardware: Independent Flip,Application,9226.9952,0.4537,0.2426,0.2111,68.8076,26.1697,NA,0.0000,24.4358,NA
Stalker2-Win64-Shipping.exe,8048,0x37CE4E130,DXGI,0,0,1,Hardware: Independent Flip,Application,9227.4489,50.5852,50.1591,0.4261,94.5236,25.5382,0.2715,9192.3171,0.0011,58.7556
Stalker2-Win64-Shipping.exe,8048,0x37CE4E130,DXGI,0,0,1,Hardware: Independent Flip,Application,9278.0341,0.4217,0.2041,0.2176,69.4766,25.2269,NA,0.0000,25.2134,NA
Stalker2-Win64-Shipping.exe,8048,0x37CE4E130,DXGI,0,0,1,Hardware: Independent Flip,Application,9278.4558,50.9284,50.5525,0.3759,94.2818,25.5251,0.3006,9243.3828,0.0008,58.4550
Stalker2-Win64-Shipping.exe,8048,0x37CE4E130,DXGI,0,0,1,Hardware: Independent Flip,Application,9329.3842,0.4593,0.2433,0.2160,68.8785,25.9763,NA,0.0000,25.2190,NA
Stalker2-Win64-Shipping.exe,8048,0x37CE4E130,DXGI,0,0,1,Hardware: Independent Flip,Application,9329.8435,49.6697,49.3831,0.2866,94.3955,25.1896,-0.8360,9294.0482,0.1276,59.2910
Stalker2-Win64-Shipping.exe,8048,0x37CE4E130,DXGI,0,0,1,Hardware: Independent Flip,Application,9379.5132,0.3387,0.1915,0.1472,69.9154,24.4415,NA,0.0000,24.8808,NA
Stalker2-Win64-Shipping.exe,8048,0x37CE4E130,DXGI,0,0,1,Hardware: Independent Flip,Application,9379.8519,50.2169,49.8524,0.3645,94.0182,25.2108,0.8048,9344.4841,0.0009,58.4862
Stalker2-Win64-Shipping.exe,8048,0x37CE4E130,DXGI,0,0,1,Hardware: Independent Flip,Application,9430.0688,0.4107,0.2044,0.2063,69.0121,26.7289,NA,0.0000,24.9090,NA
Stalker2-Win64-Shipping.exe,8048,0x37CE4E130,DXGI,0,0,1,Hardware: Independent Flip,Application,9430.4795,50.9496,50.6823,0.2673,95.3303,24.7801,-1.5306,9394.8932,0.4197,60.0168
Stalker2-Win64-Shipping.exe,8048,0x37CE4E130,DXGI,0,0,1,Hardware: Independent Flip,Application,9481.4291,0.3509,0.1906,0.1603,69.1608,23.4135,NA,0.0000,24.5550,NA
Stalker2-Win64-Shipping.exe,8048,0x37CE4E130,DXGI,0,0,1,Hardware: Independent Flip,Application,9481.7800,49.0435,48.6682,0.3753,92.2234,25.0862,1.9811,9445.0679,0.0011,58.0357
Stalker2-Win64-Shipping.exe,8048,0x37CE4E130,DXGI,0,0,1,Hardware: Independent Flip,Application,9530.8235,0.4676,0.2578,0.2098,68.2661,26.8216,NA,0.0000,24.7724,NA
Stalker2-Win64-Shipping.exe,8048,0x37CE4E130,DXGI,0,0,1,Hardware: Independent Flip,Application,9531.2911,50.3056,49.8782,0.4274,94.6201,24.3283,-1.5047,9495.4710,0.8706,59.5404
Stalker2-Win64-Shipping.exe,8048,0x37CE4E130,DXGI,0,0,1,Hardware: Independent Flip,Application,9581.5967,0.3641,0.2012,0.1629,68.6428,27.1192,NA,0.0000,24.0954,NA
Stalker2-Win64-Shipping.exe,8048,0x37CE4E130,DXGI,0,0,1,Hardware: Independent Flip,Application,9581.9608,50.9881,50.6418,0.3463,95.3979,25.1985,-1.0359,9545.8826,0.0008,60.5763
Stalker2-Win64-Shipping.exe,8048,0x37CE4E130,DXGI,0,0,1,Hardware: Independent Flip,Application,9632.9489,0.4200,0.2567,0.1633,69.6083,24.3069,NA,0.0000,24.9348,NA
Stalker2-Win64-Shipping.exe,8048,0x37CE4E130,DXGI,0,0,1,Hardware: Independent Flip,Application,9633.3689,48.4442,48.1788,0.2654,93.4952,25.1896,0.8875,9596.2755,0.0011,59.6888
Stalker2-Win64-Shipping.exe,8048,0x37CE4E130,DXGI,0,0,1,Hardware: Independent Flip,Application,9681.8131,0.3463,0.1960,0.1503,70.2406,24.8495,NA,0.0000,24.8745,NA
Stalker2-Win64-Shipping.exe,8048,0x37CE4E130,DXGI,0,0,1,Hardware: Independent Flip,Application,9682.1594,49.7715,49.4648,0.3067,94.7438,24.6006,0.0189,9646.3335,0.4251,59.6699
Stalker2-Win64-Shipping.exe,8048,0x37CE4E130,DXGI,0,0,1,Hardware: Independent Flip,Application,9731.9309,0.3540,0.1938,0.1602,69.5729,25.4038,NA,0.0000,24.3667,NA
Stalker2-Win64-Shipping.exe,8048,0x37CE4E130,DXGI,0,0,1,Hardware: Independent Flip,Application,9732.2849,50.0492,49.5295,0.5197,94.6227,24.6257,0.0479,9696.3858,0.3892,59.6220
Stalker2-Win64-Shipping.exe,8048,0x37CE4E130,DXGI,0,0,1,Hardware: Independent Flip,Application,9782.3341,0.3754,0.2098,0.1656,69.1992,24.2226,NA,0.0000,24.4104,NA
Stalker2-Win64-Shipping.exe,8048,0x37CE4E130,DXGI,0,0,1,Hardware: Independent Flip,Application,9782.7095,49.5026,49.1539,0.3487,93.0464,25.0009,1.2171,9746.4512,0.0127,58.4049
Stalker2-Win64-Shipping.exe,8048,0x37CE4E130,DXGI,0,0,1,Hardware: Independent Flip,Application,9832.2121,0.4208,0.1997,0.2211,68.5447,26.3565,NA,0.0000,24.1104,NA
Stalker2-Win64-Shipping.exe,8048,0x37CE4E130,DXGI,0,0,1,Hardware: Independent Flip,Application,9832.6329,50.2455,49.9960,0.2495,94.4804,24.8495,-0.8465,9796.9621,0.4034,59.2514
Stalker2-Win64-Shipping.exe,8048,0x37CE4E130,DXGI,0,0,1,Hardware: Independent Flip,Application,9882.8784,0.4667,0.2940,0.1727,69.0844,24.9393,NA,0.0000,24.5474,NA
Stalker2-Win64-Shipping.exe,8048,0x37CE4E130,DXGI,0,0,1,Hardware: Independent Flip,Application,9883.3451,49.9502,49.5618,0.3884,93.5570,25.3246,0.8849,9847.6358,0.0013,58.3665
Stalker2-Win64-Shipping.exe,8048,0x37CE4E130,DXGI,0,0,1,Hardware: Independent Flip,Application,9933.2953,0.4591,0.2495,0.2096,68.9314,26.2247,NA,0.0000,24.9283,NA
Stalker2-Win64-Shipping.exe,8048,0x37CE4E130,DXGI,0,0,1,Hardware: Independent Flip,Application,9933.7544,51.2007,50.5857,0.6150,94.6970,25.2798,-0.7124,9898.4727,0.1325,59.0789
Stalker2-Win64-Shipping.exe,8048,0x37CE4E130,DXGI,0,0,1,Hardware: Independent Flip,Application,9984.9551,0.3948,0.2000,0.1948,68.7761,24.8579,NA,0.0000,25.0110,NA
Stalker2-Win64-Shipping.exe,8048,0x37CE4E130,DXGI,0,0,1,Hardware: Independent Flip,Application,9985.3499,49.7823,49.4544,0.3279,93.2392,25.2993,0.4730,9949.0834,0.0005,58.6059
Stalker2-Win64-Shipping.exe,8048,0x37CE4E130,DXGI,0,0,1,Hardware: Independent Flip,Application,10035.1322,0.5281,0.3595,0.1686,68.7562,26.1542,NA,0.0000,24.9997,NA
Stalker2-Win64-Shipping.exe,8048,0x37CE4E130,DXGI,0,0,1,Hardware: Independent Flip,Application,10035.6603,50.7192,50.3682,0.3510,94.3823,24.9368,-1.0637,9999.4732,0.2529,59.6696
Stalker2-Win64-Shipping.exe,8048,0x37CE4E130,DXGI,0,0,1,Hardware: Independent Flip,Application,10086.3795,0.4307,0.2662,0.1645,68.5999,24.2333,NA,0.0000,24.7164,NA
Stalker2-Win64-Shipping.exe,8048,0x37CE4E130,DXGI,0,0,1,Hardware: Independent Flip,Application,10086.8102,48.7367,48.3421,0.3946,92.4025,25.0858,1.0194,10049.6627,0.0011,58.6502
Stalker2-Win64-Shipping.exe,8048,0x37CE4E130,DXGI,0,0,1,Hardware: Independent Flip,Application,10135.5469,0.4131,0.2002,0.2129,68.7516,26.5327,NA,0.0000,24.7600,NA
Stalker2-Win64-Shipping.exe,8048,0x37CE4E130,DXGI,0,0,1,Hardware: Independent Flip,Application,10135.9600,49.4085,49.1609,0.2476,94.8712,24.6122,-1.4566,10099.8246,0.4633,60.1068
Stalker2-Win64-Shipping.exe,8048,0x37CE4E130,DXGI,0,0,1,Hardware: Independent Flip,Application,10185.3685,0.3735,0.1929,0.1806,70.0749,23.7791,NA,0.0000,24.3945,NA
Stalker2-Win64-Shipping.exe,8048,0x37CE4E130,DXGI,0,0,1,Hardware: Independent Flip,Application,10185.7420,50.0071,49.6993,0.3078,93.4805,25.0717,1.7696,10149.9855,0.0007,58.3372
Stalker2-Win64-Shipping.exe,8048,0x37CE4E130,DXGI,0,0,1,Hardware: Independent Flip,Application,10235.7491,0.3456,0.1889,0.1567,68.5451,27.1819,NA,0.0000,24.7706,NA
Stalker2-Win64-Shipping.exe,8048,0x37CE4E130,DXGI,0,0,1,Hardware: Independent Flip,Application,10236.0947,50.2318,49.9417,0.2901,95.3814,24.3577,-2.2555,10199.9836,0.6276,60.5927
Stalker2-Win64-Shipping.exe,8048,0x37CE4E130,DXGI,0,0,1,Hardware: Independent Flip,Application,10286.3265,0.3473,0.1957,0.1516,69.5073,25.1842,NA,0.0000,24.1352,NA
Stalker2-Win64-Shipping.exe,8048,0x37CE4E130,DXGI,0,0,1,Hardware: Independent Flip,Application,10286.6738,50.1268,49.8453,0.2815,94.3442,25.0726,0.6134,10250.1389,0.0012,59.9793
Stalker2-Win64-Shipping.exe,8048,0x37CE4E130,DXGI,0,0,1,Hardware: Independent Flip,Application,10336.8006,0.3429,0.1959,0.1470,69.2900,24.2480,NA,0.0000,24.7306,NA
Stalker2-Win64-Shipping.exe,8048,0x37CE4E130,DXGI,0,0,1,Hardware: Independent Flip,Application,10337.1435,49.2856,49.0097,0.2759,93.1951,25.2956,1.2872,10300.7467,0.0007,58.6921
Stalker2-Win64-Shipping.exe,8048,0x37CE4E130,DXGI,0,0,1,Hardware: Independent Flip,Application,10386.4291,0.3654,0.2126,0.1528,69.2051,24.5154,NA,0.0000,24.9747,NA
Stalker2-Win64-Shipping.exe,8048,0x37CE4E130,DXGI,0,0,1,Hardware: Independent Flip,Application,10386.7945,49.9465,49.6421,0.3044,93.3551,24.7397,0.4655,10351.0232,0.3922,58.2266
Stalker2-Win64-Shipping.exe,8048,0x37CE4E130,DXGI,0,0,1,Hardware: Independent Flip,Application,10436.7410,0.3649,0.2026,0.1623,68.1483,27.3541,NA,0.0000,24.5225,NA
Stalker2-Win64-Shipping.exe,8048,0x37CE4E130,DXGI,0,0,1,Hardware: Independent Flip,Application,10437.1059,49.8623,49.5824,0.2799,95.1375,24.6626,-1.5642,10401.5528,0.5978,59.7908
Stalker2-Win64-Shipping.exe,8048,0x37CE4E130,DXGI,0,0,1,Hardware: Independent Flip,Application,10486.9682,0.3853,0.1930,0.1923,69.9378,25.4510,NA,0.0000,24.3509,NA
Stalker2-Win64-Shipping.exe,8048,0x37CE4E130,DXGI,0,0,1,Hardware: Independent Flip,Application,10487.3535,50.0525,49.7820,0.2705,95.0035,25.0808,0.0668,10451.7332,0.0012,59.7240
Stalker2-Win64-Shipping.exe,8048,0x37CE4E130,DXGI,0,0,1,Hardware: Independent Flip,Application,10537.4060,0.3432,0.1939,0.1493,70.0318,23.5784,NA,0.0000,24.7548,NA
Stalker2-Win64-Shipping.exe,8048,0x37CE4E130,DXGI,0,0,1,Hardware: Independent Flip,Application,10537.7492,50.0450,49.7253,0.3197,93.2670,25.0507,1.4583,10501.8507,0.0006,58.2657
Stalker2-Win64-Shipping.exe,8048,0x37CE4E130,DXGI,0,0,1,Hardware: Independent Flip,Application,10587.7942,0.5030,0.2619,0.2411,68.2727,26.5233,NA,0.0000,24.7300,NA
Stalker2-Win64-Shipping.exe,8048,0x37CE4E130,DXGI,0,0,1,Hardware: Independent Flip,Application,10588.2972,50.1521,49.8584,0.2937,94.2930,24.2061,-1.6588,10551.7659,0.7345,59.9245
Stalker2-Win64-Shipping.exe,8048,0x37CE4E130,DXGI,0,0,1,Hardware: Independent Flip,Application,10638.4493,0.3770,0.2071,0.1699,68.3470,24.7763,NA,0.0000,23.9924,NA
Stalker2-Win64-Shipping.exe,8048,0x37CE4E130,DXGI,0,0,1,Hardware: Independent Flip,Application,10638.8263,49.2133,48.8449,0.3684,92.7463,25.1086,1.2588,10602.0071,0.0010,58.6657
Stalker2-Win64-Shipping.exe,8048,0x37CE4E130,DXGI,0,0,1,Hardware: Independent Flip,Application,10688.0396,0.4103,0.2420,0.1683,68.6416,25.8098,NA,0.0000,24.7373,NA
Stalker2-Win64-Shipping.exe,8048,0x37CE4E130,DXGI,0,0,1,Hardware: Independent Flip,Application,10688.4499,50.3002,49.8418,0.4584,94.0411,25.2185,-0.3166,10652.6089,0.0703,58.9823
Stalker2-Win64-Shipping.exe,8048,0x37CE4E130,DXGI,0,0,1,Hardware: Independent Flip,Application,10738.7501,0.4355,0.2037,0.2318,68.9594,25.7905,NA,0.0000,24.8915,NA
Stalker2-Win64-Shipping.exe,8048,0x37CE4E130,DXGI,0,0,1,Hardware: Independent Flip,Application,10739.1856,49.8525,49.5861,0.2664,94.3144,25.1521,-0.6946,10702.9233,0.0006,59.6769
Stalker2-Win64-Shipping.exe,8048,0x37CE4E130,DXGI,0,0,1,Hardware: Independent Flip,Application,10789.0381,0.3515,0.1899,0.1616,69.6140,28.0319,NA,0.0000,24.8280,NA
Stalker2-Win64-Shipping.exe,8048,0x37CE4E130,DXGI,0,0,1,Hardware: Independent Flip,Application,10789.3896,50.5199,50.1992,0.3207,97.2944,25.1025,-2.9556,10753.1517,0.0009,62.6325
Stalker2-Win64-Shipping.exe,8048,0x37CE4E130,DXGI,0,0,1,Hardware: Independent Flip,Application,10839.9095,0.6091,0.4078,0.2013,71.8770,25.0763,NA,0.0000,24.7810,NA
Stalker2-Win64-Shipping.exe,8048,0x37CE4E130,DXGI,0,0,1,Hardware: Independent Flip,Application,10840.5186,48.4929,48.2474,0.2455,96.3442,25.0559,-0.0569,10803.2736,0.0008,62.6894
Stalker2-Win64-Shipping.exe,8048,0x37CE4E130,DXGI,0,0,1,Hardware: Independent Flip,Application,10889.0115,0.3444,0.1928,0.1516,72.9072,23.6375,NA,0.0000,24.7414,NA
Stalker2-Win64-Shipping.exe,8048,0x37CE4E130,DXGI,0,0,1,Hardware: Independent Flip,Application,10889.3559,49.6122,49.3459,0.2663,96.2003,25.0497,1.4285,10853.3955,0.0001,61.2609
Stalker2-Win64-Shipping.exe,8048,0x37CE4E130,DXGI,0,0,1,Hardware: Independent Flip,Application,10938.9681,0.3315,0.1879,0.1436,71.6378,24.5257,NA,0.0000,24.7932,NA
Stalker2-Win64-Shipping.exe,8048,0x37CE4E130,DXGI,0,0,1,Hardware: Independent Flip,Application,10939.2996,49.7063,49.4201,0.2862,95.8320,24.4214,0.6700,10903.6409,0.6925,60.5909
Stalker2-Win64-Shipping.exe,8048,0x37CE4E130,DXGI,0,0,1,Hardware: Independent Flip,Application,10989.0059,0.3443,0.1943,0.1500,70.5471,25.0934,NA,0.0000,24.1917,NA
Stalker2-Win64-Shipping.exe,8048,0x37CE4E130,DXGI,0,0,1,Hardware: Independent Flip,Application,10989.3502,50.9119,50.6547,0.2572,95.2962,24.9120,1.5880,10954.7437,0.6219,59.0029
Stalker2-Win64-Shipping.exe,8048,0x37CE4E130,DXGI,0,0,1,Hardware: Independent Flip,Application,11040.2621,0.3867,0.1932,0.1935,69.2963,26.8298,NA,0.0000,24.6825,NA
Stalker2-Win64-Shipping.exe,8048,0x37CE4E130,DXGI,0,0,1,Hardware: Independent Flip,Application,11040.6488,51.5593,51.1659,0.3934,95.7394,25.4027,-0.2486,11006.2369,0.3325,59.2515
Stalker2-Win64-Shipping.exe,8048,0x37CE4E130,DXGI,0,0,1,Hardware: Independent Flip,Application,11092.2081,0.4108,0.2392,0.1716,69.5828,24.9319,NA,0.0000,25.1553,NA
Stalker2-Win64-Shipping.exe,8048,0x37CE4E130,DXGI,0,0,1,Hardware: Independent Flip,Application,11092.6189,50.4605,50.1254,0.3351,94.1039,25.6206,0.9267,11057.4982,0.0008,58.3248
Stalker2-Win64-Shipping.exe,8048,0x37CE4E130,DXGI,0,0,1,Hardware: Independent Flip,Application,11143.0794,0.4750,0.2686,0.2064,69.2640,26.3652,NA,0.0000,25.2944,NA
Stalker2-Win64-Shipping.exe,8048,0x37CE4E130,DXGI,0,0,1,Hardware: Independent Flip,Application,11143.5544,51.2688,50.9944,0.2744,95.1542,25.2303,-0.7559,11108.7281,0.3754,59.0807
Stalker2-Win64-Shipping.exe,8048,0x37CE4E130,DXGI,0,0,1,Hardware: Independent Flip,Application,11194.8232,0.3513,0.1960,0.1553,69.1157,24.9807,NA,0.0000,24.9561,NA
Stalker2-Win64-Shipping.exe,8048,0x37CE4E130,DXGI,0,0,1,Hardware: Independent Flip,Application,11195.1745,49.7845,49.4119,0.3726,93.7451,25.4443,0.6698,11159.6089,0.0007,58.4109
Stalker2-Win64-Shipping.exe,8048,0x37CE4E130,DXGI,0,0,1,Hardware: Independent Flip,Application,11244.9590,0.5166,0.2310,0.2856,69.4049,27.1802,NA,0.0000,24.6664,NA
Stalker2-Win64-Shipping.exe,8048,0x37CE4E130,DXGI,0,0,1,Hardware: Independent Flip,Application,11245.4756,51.2738,51.0112,0.2626,96.0685,25.0105,-1.9772,11210.2562,0.2937,60.3881
Stalker2-Win64-Shipping.exe,8048,0x37CE4E130,DXGI,0,0,1,Hardware: Independent Flip,Application,11296.7494,0.3902,0.1965,0.1937,69.8052,23.2662,NA,0.0000,24.8035,NA
Stalker2-Win64-Shipping.exe,8048,0x37CE4E130,DXGI,0,0,1,Hardware: Independent Flip,Application,11297.1396,49.2765,48.8901,0.3864,92.6812,25.1270,1.9914,11260.5243,0.0008,58.3967
Stalker2-Win64-Shipping.exe,8048,0x37CE4E130,DXGI,0,0,1,Hardware: Independent Flip,Application,11346.4161,0.4923,0.2587,0.2336,68.5317,26.5055,NA,0.0000,24.8002,NA
Stalker2-Win64-Shipping.exe,8048,0x37CE4E130,DXGI,0,0,1,Hardware: Independent Flip,Application,11346.9084,49.5408,49.1562,0.3846,94.5449,23.9798,-1.6318,11310.5250,1.0073,60.0285
Stalker2-Win64-Shipping.exe,8048,0x37CE4E130,DXGI,0,0,1,Hardware: Independent Flip,Application,11396.4492,0.4090,0.1977,0.2113,68.9839,25.1048,NA,0.0000,23.7351,NA
Stalker2-Win64-Shipping.exe,8048,0x37CE4E130,DXGI,0,0,1,Hardware: Independent Flip,Application,11396.8582,50.2583,49.9439,0.3144,93.6797,25.0906,1.1183,11360.7279,0.0010,58.9102
Stalker2-Win64-Shipping.exe,8048,0x37CE4E130,DXGI,0,0,1,Hardware: Independent Flip,Application,11447.1165,0.4646,0.2539,0.2107,68.5120,25.1357,NA,0.0000,24.6673,NA
Stalker2-Win64-Shipping.exe,8048,0x37CE4E130,DXGI,0,0,1,Hardware: Independent Flip,Application,11447.5811,49.0190,48.7370,0.2820,93.1831,25.2056,0.1969,11411.1511,0.0011,58.7133
Stalker2-Win64-Shipping.exe,8048,0x37CE4E130,DXGI,0,0,1,Hardware: Independent Flip,Application,11496.6001,0.3887,0.1957,0.1930,69.3697,24.1992,NA,0.0000,24.8693,NA
Stalker2-Win64-Shipping.exe,8048,0x37CE4E130,DXGI,0,0,1,Hardware: Independent Flip,Application,11496.9888,50.0510,49.6754,0.3756,93.1802,25.1043,0.8298,11461.3857,0.0016,57.8835
Stalker2-Win64-Shipping.exe,8048,0x37CE4E130,DXGI,0,0,1,Hardware: Independent Flip,Application,11547.0398,0.4024,0.2414,0.1610,68.2335,26.4922,NA,0.0000,24.6981,NA
Stalker2-Win64-Shipping.exe,8048,0x37CE4E130,DXGI,0,0,1,Hardware: Independent Flip,Application,11547.4422,50.4632,50.0749,0.3883,94.3233,24.6821,-1.2530,11511.7292,0.4794,59.1365
Stalker2-Win64-Shipping.exe,8048,0x37CE4E130,DXGI,0,0,1,Hardware: Independent Flip,Application,11597.9054,0.4083,0.2424,0.1659,68.5422,25.9579,NA,0.0000,24.4315,NA
Stalker2-Win64-Shipping.exe,8048,0x37CE4E130,DXGI,0,0,1,Hardware: Independent Flip,Application,11598.3137,49.6431,49.3085,0.3346,94.0918,25.1025,-0.4176,11561.9516,0.0009,59.5541
Stalker2-Win64-Shipping.exe,8048,0x37CE4E130,DXGI,0,0,1,Hardware: Independent Flip,Application,11647.9568,0.4252,0.2584,0.1668,69.5512,24.5266,NA,0.0000,24.7893,NA
Stalker2-Win64-Shipping.exe,8048,0x37CE4E130,DXGI,0,0,1,Hardware: Independent Flip,Application,11648.3820,49.4784,49.2067,0.2717,93.6526,25.2328,0.8503,11612.4310,0.0009,58.7038
Stalker2-Win64-Shipping.exe,8048,0x37CE4E130,DXGI,0,0,1,Hardware: Independent Flip,Application,11697.8604,0.4669,0.2716,0.1953,69.4070,24.8858,NA,0.0000,24.9042,NA
Stalker2-Win64-Shipping.exe,8048,0x37CE4E130,DXGI,0,0,1,Hardware: Independent Flip,Application,11698.3273,50.0985,49.7588,0.3397,93.8259,24.7596,-0.0470,11662.5026,0.2715,58.7508
Stalker2-Win64-Shipping.exe,8048,0x37CE4E130,DXGI,0,0,1,Hardware: Independent Flip,Application,11748.4258,0.4302,0.2640,0.1662,68.4870,26.3982,NA,0.0000,24.5319,NA
Stalker2-Win64-Shipping.exe,8048,0x37CE4E130,DXGI,0,0,1,Hardware: Independent Flip,Application,11748.8560,49.1733,48.8646,0.3087,94.4550,24.6395,-1.2383,11712.4221,0.3103,59.9891
Stalker2-Win64-Shipping.exe,8048,0x37CE4E130,DXGI,0,0,1,Hardware: Independent Flip,Application,11798.0293,0.4504,0.1936,0.2568,69.9212,24.4189,NA,0.0000,24.4198,NA
Stalker2-Win64-Shipping.exe,8048,0x37CE4E130,DXGI,0,0,1,Hardware: Independent Flip,Application,11798.4797,49.4629,49.1761,0.2868,93.8897,25.0350,1.0246,11762.5051,0.0010,58.9645
Stalker2-Win64-Shipping.exe,8048,0x37CE4E130,DXGI,0,0,1,Hardware: Independent Flip,Application,11847.9426,0.3592,0.1935,0.1657,69.4618,25.7741,NA,0.0000,24.7066,NA
Stalker2-Win64-Shipping.exe,8048,0x37CE4E130,DXGI,0,0,1,Hardware: Independent Flip,Application,11848.3018,50.3761,49.9686,0.4075,94.8767,24.8981,-0.5138,11812.8004,0.2446,59.4783
Stalker2-Win64-Shipping.exe,8048,0x37CE4E130,DXGI,0,0,1,Hardware: Independent Flip,Application,11898.6779,0.4968,0.2625,0.2343,69.3987,24.3078,NA,0.0000,24.6783,NA
Stalker2-Win64-Shipping.exe,8048,0x37CE4E130,DXGI,0,0,1,Hardware: Independent Flip,Application,11899.1747,49.2533,48.8691,0.3842,93.2097,25.0373,0.8877,11862.8940,0.0008,58.5906
Stalker2-Win64-Shipping.exe,8048,0x37CE4E130,DXGI,0,0,1,Hardware: Independent Flip,Application,11948.4280,0.4142,0.2055,0.2087,68.9937,27.2933,NA,0.0000,24.7188,NA
Stalker2-Win64-Shipping.exe,8048,0x37CE4E130,DXGI,0,0,1,Hardware: Independent Flip,Application,11948.8422,50.4123,50.1636,0.2487,95.8728,24.8225,-1.8766,11913.3480,0.3971,60.4672
Stalker2-Win64-Shipping.exe,8048,0x37CE4E130,DXGI,0,0,1,Hardware: Independent Flip,Application,11999.2545,0.4673,0.2621,0.2052,70.2830,24.4754,NA,0.0000,24.6004,NA
Stalker2-Win64-Shipping.exe,8048,0x37CE4E130,DXGI,0,0,1,Hardware: Independent Flip,Application,11999.7218,50.0308,49.6157,0.4151,94.2911,25.2792,1.2799,11963.9258,0.0007,59.1873
Stalker2-Win64-Shipping.exe,8048,0x37CE4E130,DXGI,0,0,1,Hardware: Independent Flip,Application,12049.7526,0.4340,0.2560,0.1780,69.5395,25.9415,NA,0.0000,24.9304,NA
Stalker2-Win64-Shipping.exe,8048,0x37CE4E130,DXGI,0,0,1,Hardware: Independent Flip,Application,12050.1866,49.9145,49.6349,0.2796,95.0470,24.9909,-0.5144,12014.6321,0.3567,59.7017
Stalker2-Win64-Shipping.exe,8048,0x37CE4E130,DXGI,0,0,1,Hardware: Independent Flip,Application,12100.1011,0.3554,0.2002,0.1552,70.1234,23.8335,NA,0.0000,24.7445,NA
Stalker2-Win64-Shipping.exe,8048,0x37CE4E130,DXGI,0,0,1,Hardware: Independent Flip,Application,12100.4565,50.3698,50.0379,0.3319,93.6015,25.3608,1.9158,12065.3723,0.0025,57.7859
Stalker2-Win64-Shipping.exe,8048,0x37CE4E130,DXGI,0,0,1,Hardware: Independent Flip,Application,12150.8263,0.4601,0.2687,0.1914,68.5925,27.4621,NA,0.0000,24.9774,NA
Stalker2-Win64-Shipping.exe,8048,0x37CE4E130,DXGI,0,0,1,Hardware: Independent Flip,Application,12151.2864,51.5127,51.0578,0.4549,95.5945,24.8230,-1.6939,12116.5013,0.7392,59.4798
Stalker2-Win64-Shipping.exe,8048,0x37CE4E130,DXGI,0,0,1,Hardware: Independent Flip,Application,12202.7991,0.4056,0.2382,0.1674,68.9048,24.8966,NA,0.0000,24.5771,NA
Stalker2-Win64-Shipping.exe,8048,0x37CE4E130,DXGI,0,0,1,Hardware: Independent Flip,Application,12203.2047,50.3043,49.9132,0.3911,93.3958,25.5272,1.3462,12167.5671,0.0010,58.1336
Stalker2-Win64-Shipping.exe,8048,0x37CE4E130,DXGI,0,0,1,Hardware: Independent Flip,Application,12253.5090,0.4328,0.1997,0.2331,68.6187,26.6054,NA,0.0000,25.1920,NA
Stalker2-Win64-Shipping.exe,8048,0x37CE4E130,DXGI,0,0,1,Hardware: Independent Flip,Application,12253.9418,50.3670,50.0334,0.3336,94.7913,25.3070,-0.8820,12218.8177,0.3101,59.0156
Stalker2-Win64-Shipping.exe,8048,0x37CE4E130,DXGI,0,0,1,Hardware: Independent Flip,Application,12304.3088,0.4874,0.3133,0.1741,69.7313,25.0422,NA,0.0000,25.0834,NA
Stalker2-Win64-Shipping.exe,8048,0x37CE4E130,DXGI,0,0,1,Hardware: Independent Flip,Application,12304.7962,50.0317,49.7509,0.2808,94.2861,25.3234,0.3172,12269.4841,0.0006,58.6984
Stalker2-Win64-Shipping.exe,8048,0x37CE4E130,DXGI,0,0,1,Hardware: Independent Flip,Application,12354.8279,0.3509,0.1932,0.1577,69.5778,26.7872,NA,0.0000,25.0280,NA
Stalker2-Win64-Shipping.exe,8048,0x37CE4E130,DXGI,0,0,1,Hardware: Independent Flip,Application,12355.1788,51.1999,50.8869,0.3130,96.0141,24.9377,-1.6791,12319.9156,0.2718,60.3775
Stalker2-Win64-Shipping.exe,8048,0x37CE4E130,DXGI,0,0,1,Hardware: Independent Flip,Application,12406.3787,0.4256,0.2604,0.1652,69.7519,23.8707,NA,0.0000,24.7024,NA
Stalker2-Win64-Shipping.exe,8048,0x37CE4E130,DXGI,0,0,1,Hardware: Independent Flip,Application,12406.8043,48.4759,48.2062,0.2697,93.1970,25.0255,1.2581,12369.9821,0.0008,59.1194
Stalker2-Win64-Shipping.exe,8048,0x37CE4E130,DXGI,0,0,1,Hardware: Independent Flip,Application,12455.2802,0.3515,0.1937,0.1578,69.7466,24.9581,NA,0.0000,24.7605,NA
Stalker2-Win64-Shipping.exe,8048,0x37CE4E130,DXGI,0,0,1,Hardware: Independent Flip,Application,12455.6317,50.3327,49.8650,0.4677,94.3532,24.4364,0.1848,12420.1505,0.6439,58.9346
Stalker2-Win64-Shipping.exe,8048,0x37CE4E130,DXGI,0,0,1,Hardware: Independent Flip,Application,12505.9644,0.3823,0.2138,0.1685,68.4569,26.4260,NA,0.0000,24.1688,NA
Stalker2-Win64-Shipping.exe,8048,0x37CE4E130,DXGI,0,0,1,Hardware: Independent Flip,Application,12506.3467,50.5976,50.1978,0.3998,94.5006,24.8131,-0.5085,12470.5044,0.3568,59.4431
Stalker2-Win64-Shipping.exe,8048,0x37CE4E130,DXGI,0,0,1,Hardware: Independent Flip,Application,12556.9443,0.5476,0.2665,0.2811,68.7161,25.4425,NA,0.0000,24.5692,NA
Stalker2-Win64-Shipping.exe,8048,0x37CE4E130,DXGI,0,0,1,Hardware: Independent Flip,Application,12557.4919,49.3216,49.0382,0.2834,93.6110,25.3053,0.3621,12521.1221,0.0010,59.0810
Stalker2-Win64-Shipping.exe,8048,0x37CE4E130,DXGI,0,0,1,Hardware: Independent Flip,Application,12606.8135,0.3557,0.1938,0.1619,69.5947,24.7856,NA,0.0000,24.9555,NA
Stalker2-Win64-Shipping.exe,8048,0x37CE4E130,DXGI,0,0,1,Hardware: Independent Flip,Application,12607.1692,50.1949,49.7021,0.4928,94.0246,25.1327,0.1921,12571.4051,0.0008,58.8889
Stalker2-Win64-Shipping.exe,8048,0x37CE4E130,DXGI,0,0,1,Hardware: Independent Flip,Application,12657.3641,0.4175,0.2045,0.2130,68.9624,26.3169,NA,0.0000,24.8084,NA
Stalker2-Win64-Shipping.exe,8048,0x37CE4E130,DXGI,0,0,1,Hardware: Independent Flip,Application,12657.7816,48.9536,48.6683,0.2853,94.8618,24.7683,-1.4219,12621.4328,0.2392,60.3108
Stalker2-Win64-Shipping.exe,8048,0x37CE4E130,DXGI,0,0,1,Hardware: Independent Flip,Application,12706.7352,0.3803,0.2179,0.1624,70.6765,24.5357,NA,0.0000,24.5541,NA
Stalker2-Win64-Shipping.exe,8048,0x37CE4E130,DXGI,0,0,1,Hardware: Independent Flip,Application,12707.1155,50.2301,49.7196,0.5105,94.8319,25.0070,0.7435,12671.4803,0.0016,59.5673
Stalker2-Win64-Shipping.exe,8048,0x37CE4E130,DXGI,0,0,1,Hardware: Independent Flip,Application,12757.3456,0.3976,0.2393,0.1583,69.6088,26.2853,NA,0.0000,24.6256,NA
Stalker2-Win64-Shipping.exe,8048,0x37CE4E130,DXGI,0,0,1,Hardware: Independent Flip,Application,12757.7432,50.3560,49.9059,0.4501,95.4965,24.8165,-1.2118,12721.5608,0.2201,60.7791
Stalker2-Win64-Shipping.exe,8048,0x37CE4E130,DXGI,0,0,1,Hardware: Independent Flip,Application,12808.0992,0.4267,0.2653,0.1614,69.9570,23.9938,NA,0.0000,24.5924,NA
Stalker2-Win64-Shipping.exe,8048,0x37CE4E130,DXGI,0,0,1,Hardware: Independent Flip,Application,12808.5259,49.0534,48.7827,0.2707,93.5241,25.0841,1.3758,12771.7469,0.0009,59.4033
Stalker2-Win64-Shipping.exe,8048,0x37CE4E130,DXGI,0,0,1,Hardware: Independent Flip,Application,12857.5793,0.3467,0.1952,0.1515,69.5548,26.3416,NA,0.0000,24.7666,NA
Stalker2-Win64-Shipping.exe,8048,0x37CE4E130,DXGI,0,0,1,Hardware: Independent Flip,Application,12857.9260,51.2353,50.8699,0.3654,95.5497,24.9225,-0.5635,12822.6091,0.4967,59.9668
Stalker2-Win64-Shipping.exe,8048,0x37CE4E130,DXGI,0,0,1,Hardware: Independent Flip,Application,12909.1613,0.4378,0.2547,0.1831,69.2369,24.2335,NA,0.0000,24.6754,NA
Stalker2-Win64-Shipping.exe,8048,0x37CE4E130,DXGI,0,0,1,Hardware: Independent Flip,Application,12909.5991,49.3884,49.0437,0.3447,93.0326,25.4860,1.8535,12873.6186,0.0013,58.1133
Stalker2-Win64-Shipping.exe,8048,0x37CE4E130,DXGI,0,0,1,Hardware: Independent Flip,Application,12958.9875,0.4177,0.2626,0.1551,69.1302,27.0619,NA,0.0000,25.1322,NA
Stalker2-Win64-Shipping.exe,8048,0x37CE4E130,DXGI,0,0,1,Hardware: Independent Flip,Application,12959.4052,51.2457,50.9656,0.2801,95.7744,25.0070,-1.3539,12924.8126,0.5807,59.4672
Stalker2-Win64-Shipping.exe,8048,0x37CE4E130,DXGI,0,0,1,Hardware: Independent Flip,Application,13010.6509,0.4065,0.1985,0.2080,69.5357,24.7599,NA,0.0000,24.7524,NA
Stalker2-Win64-Shipping.exe,8048,0x37CE4E130,DXGI,0,0,1,Hardware: Independent Flip,Application,13011.0574,49.9216,49.6467,0.2749,93.8891,25.5144,1.2663,12975.8458,0.0007,58.2009
Stalker2-Win64-Shipping.exe,8048,0x37CE4E130,DXGI,0,0,1,Hardware: Independent Flip,Application,13060.9790,0.4662,0.1947,0.2715,69.4819,26.0749,NA,0.0000,25.2021,NA
Stalker2-Win64-Shipping.exe,8048,0x37CE4E130,DXGI,0,0,1,Hardware: Independent Flip,Application,13061.4452,50.8933,50.5898,0.3035,95.0906,24.9472,-0.9047,13026.5304,0.3896,59.1056
Stalker2-Win64-Shipping.exe,8048,0x37CE4E130,DXGI,0,0,1,Hardware: Independent Flip,Application,13112.3385,0.3587,0.2045,0.1542,69.1445,26.0788,NA,0.0000,24.7017,NA
Stalker2-Win64-Shipping.exe,8048,0x37CE4E130,DXGI,0,0,1,Hardware: Independent Flip,Application,13112.6972,50.5556,50.2195,0.3361,94.8646,25.1537,-0.6532,13076.9032,0.0017,59.7588
Stalker2-Win64-Shipping.exe,8048,0x37CE4E130,DXGI,0,0,1,Hardware: Independent Flip,Application,13163.2528,0.3983,0.2370,0.1613,69.4627,25.1184,NA,0.0000,24.8848,NA
Stalker2-Win64-Shipping.exe,8048,0x37CE4E130,DXGI,0,0,1,Hardware: Independent Flip,Application,13163.6511,50.1556,49.8953,0.2603,94.1828,25.1920,0.1285,13127.3038,0.0012,59.6303
Stalker2-Win64-Shipping.exe,8048,0x37CE4E130,DXGI,0,0,1,Hardware: Independent Flip,Application,13213.8067,0.3422,0.1907,0.1515,69.2192,24.1562,NA,0.0000,24.8765,NA
Stalker2-Win64-Shipping.exe,8048,0x37CE4E130,DXGI,0,0,1,Hardware: Independent Flip,Application,13214.1489,49.3315,49.0528,0.2787,93.0332,25.0895,0.8622,13177.5142,0.0096,58.7681
Stalker2-Win64-Shipping.exe,8048,0x37CE4E130,DXGI,0,0,1,Hardware: Independent Flip,Application,13263.4804,0.3555,0.2008,0.1547,68.7912,26.3421,NA,0.0000,24.7679,NA
Stalker2-Win64-Shipping.exe,8048,0x37CE4E130,DXGI,0,0,1,Hardware: Independent Flip,Application,13263.8359,49.2634,48.9823,0.2811,94.7778,24.6517,-1.0690,13227.8768,0.5124,59.8371
Stalker2-Win64-Shipping.exe,8048,0x37CE4E130,DXGI,0,0,1,Hardware: Independent Flip,Application,13313.0993,0.3452,0.1935,0.1517,70.1661,24.5170,NA,0.0000,24.4350,NA
Stalker2-Win64-Shipping.exe,8048,0x37CE4E130,DXGI,0,0,1,Hardware: Independent Flip,Application,13313.4445,50.0747,49.8184,0.2563,94.3379,25.2648,1.3749,13278.4204,0.0008,58.4622
Stalker2-Win64-Shipping.exe,8048,0x37CE4E130,DXGI,0,0,1,Hardware: Independent Flip,Application,13363.5192,0.3852,0.1939,0.1913,69.5280,26.2337,NA,0.0000,24.9525,NA
Stalker2-Win64-Shipping.exe,8048,0x37CE4E130,DXGI,0,0,1,Hardware: Independent Flip,Application,13363.9044,51.3080,50.9373,0.3707,95.3765,24.8408,-1.1923,13328.7266,0.3047,59.6545
Stalker2-Win64-Shipping.exe,8048,0x37CE4E130,DXGI,0,0,1,Hardware: Independent Flip,Application,13415.2124,0.4439,0.1996,0.2443,68.9093,23.6597,NA,0.0000,24.6188,NA
Stalker2-Win64-Shipping.exe,8048,0x37CE4E130,DXGI,0,0,1,Hardware: Independent Flip,Application,13415.6563,48.6518,48.3636,0.2882,92.1251,25.1172,1.7055,13378.9326,0.0018,57.9490
Stalker2-Win64-Shipping.exe,8048,0x37CE4E130,DXGI,0,0,1,Hardware: Independent Flip,Application,13464.3081,0.3484,0.1972,0.1512,68.5905,27.3729,NA,0.0000,24.0334,NA
Stalker2-Win64-Shipping.exe,8048,0x37CE4E130,DXGI,0,0,1,Hardware: Independent Flip,Application,13464.6565,50.5500,50.2934,0.2566,95.6150,24.5410,-1.9410,13429.4817,0.7311,59.8900
Stalker2-Win64-Shipping.exe,8048,0x37CE4E130,DXGI,0,0,1,Hardware: Independent Flip,Application,13515.2065,0.3377,0.1920,0.1457,69.6060,24.3880,NA,0.0000,24.3094,NA
Stalker2-Win64-Shipping.exe,8048,0x37CE4E130,DXGI,0,0,1,Hardware: Independent Flip,Application,13515.5442,49.7001,49.4072,0.2929,93.6563,25.2188,1.5300,13479.9407,0.0006,58.3600
Stalker2-Win64-Shipping.exe,8048,0x37CE4E130,DXGI,0,0,1,Hardware: Independent Flip,Application,13565.2443,0.3600,0.1983,0.1617,69.1750,27.1053,NA,0.0000,24.9138,NA
Stalker2-Win64-Shipping.exe,8048,0x37CE4E130,DXGI,0,0,1,Hardware: Independent Flip,Application,13565.6043,51.5081,51.1229,0.3852,95.9203,24.7652,-1.9511,13530.3137,0.4198,60.3111
Stalker2-Win64-Shipping.exe,8048,0x37CE4E130,DXGI,0,0,1,Hardware: Independent Flip,Application,13617.1124,0.5116,0.2020,0.3096,69.1774,23.2164,NA,0.0000,24.4666,NA
Stalker2-Win64-Shipping.exe,8048,0x37CE4E130,DXGI,0,0,1,Hardware: Independent Flip,Application,13617.6240,48.5816,48.2530,0.3286,91.8822,25.0480,2.1221,13580.4174,0.0007,58.1890
Stalker2-Win64-Shipping.exe,8048,0x37CE4E130,DXGI,0,0,1,Hardware: Independent Flip,Application,13666.2056,0.5122,0.3063,0.2059,68.3486,27.3831,NA,0.0000,24.7537,NA
Stalker2-Win64-Shipping.exe,8048,0x37CE4E130,DXGI,0,0,1,Hardware: Independent Flip,Application,13666.7178,50.4980,50.2113,0.2867,95.2195,24.1993,-2.0966,13630.7519,0.9583,60.2856
Stalker2-Win64-Shipping.exe,8048,0x37CE4E130,DXGI,0,0,1,Hardware: Independent Flip,Application,13717.2158,0.3571,0.1968,0.1603,68.9208,24.2930,NA,0.0000,23.9149,NA
Stalker2-Win64-Shipping.exe,8048,0x37CE4E130,DXGI,0,0,1,Hardware: Independent Flip,Application,13717.5729,49.3246,49.0152,0.3094,92.8567,25.1468,1.8532,13681.0974,0.0010,58.4324
Stalker2-Win64-Shipping.exe,8048,0x37CE4E130,DXGI,0,0,1,Hardware: Independent Flip,Application,13766.8975,0.3340,0.1941,0.1399,68.6789,25.7098,NA,0.0000,24.8767,NA
Stalker2-Win64-Shipping.exe,8048,0x37CE4E130,DXGI,0,0,1,Hardware: Independent Flip,Application,13767.2315,49.8019,49.5361,0.2658,94.0547,24.6206,-0.7641,13731.1899,0.4092,59.1965
Stalker2-Win64-Shipping.exe,8048,0x37CE4E130,DXGI,0,0,1,Hardware: Independent Flip,Application,13817.0334,0.3611,0.1950,0.1661,68.8734,25.8524,NA,0.0000,24.4015,NA
Stalker2-Win64-Shipping.exe,8048,0x37CE4E130,DXGI,0,0,1,Hardware: Independent Flip,Application,13817.3945,49.6690,49.2887,0.3803,94.3647,24.9598,-0.5285,13781.1344,0.0007,59.7250
Stalker2-Win64-Shipping.exe,8048,0x37CE4E130,DXGI,0,0,1,Hardware: Independent Flip,Application,13867.0635,0.4212,0.2056,0.2156,69.6555,25.3191,NA,0.0000,24.7013,NA
Stalker2-Win64-Shipping.exe,8048,0x37CE4E130,DXGI,0,0,1,Hardware: Independent Flip,Application,13867.4847,48.7463,48.4612,0.2851,94.5534,24.9362,-0.3890,13831.0243,0.0007,60.1140
Stalker2-Win64-Shipping.exe,8048,0x37CE4E130,DXGI,0,0,1,Hardware: Independent Flip,Application,13916.2310,0.3491,0.1937,0.1554,70.7433,23.4154,NA,0.0000,24.6771,NA
Stalker2-Win64-Shipping.exe,8048,0x37CE4E130,DXGI,0,0,1,Hardware: Independent Flip,Application,13916.5801,49.9147,49.5563,0.3584,93.8096,24.9529,1.5725,13880.9484,0.0010,58.5415
Stalker2-Win64-Shipping.exe,8048,0x37CE4E130,DXGI,0,0,1,Hardware: Independent Flip,Application,13966.4948,0.4634,0.2502,0.2132,68.8478,25.8301,NA,0.0000,24.6081,NA
Stalker2-Win64-Shipping.exe,8048,0x37CE4E130,DXGI,0,0,1,Hardware: Independent Flip,Application,13966.9582,49.3552,49.0807,0.2745,94.2145,24.1883,-0.9188,13930.8126,0.7420,59.4603
Stalker2-Win64-Shipping.exe,8048,0x37CE4E130,DXGI,0,0,1,Hardware: Independent Flip,Application,14016.3134,0.3401,0.1916,0.1485,69.0476,26.2817,NA,0.0000,23.9543,NA
Stalker2-Win64-Shipping.exe,8048,0x37CE4E130,DXGI,0,0,1,Hardware: Independent Flip,Application,14016.6535,51.5153,51.1274,0.3879,94.9892,25.1968,-0.0613,13981.2213,0.0009,59.5216
Stalker2-Win64-Shipping.exe,8048,0x37CE4E130,DXGI,0,0,1,Hardware: Independent Flip,Application,14068.1688,0.3976,0.2384,0.1592,68.6707,25.8478,NA,0.0000,24.9205,NA
Stalker2-Win64-Shipping.exe,8048,0x37CE4E130,DXGI,0,0,1,Hardware: Independent Flip,Application,14068.5664,49.2588,48.9407,0.3181,94.1209,25.5283,0.0280,14032.2939,0.0012,59.4936
Stalker2-Win64-Shipping.exe,8048,0x37CE4E130,DXGI,0,0,1,Hardware: Independent Flip,Application,14117.8252,0.5335,0.3615,0.1720,70.3904,23.3060,NA,0.0000,25.2284,NA
Stalker2-Win64-Shipping.exe,8048,0x37CE4E130,DXGI,0,0,1,Hardware: Independent Flip,Application,14118.3587,49.9120,49.5762,0.3358,93.1629,25.3288,1.8411,14082.9693,0.0009,57.6525
Stalker2-Win64-Shipping.exe,8048,0x37CE4E130,DXGI,0,0,1,Hardware: Independent Flip,Application,14168.2707,0.4389,0.2709,0.1680,68.5797,26.8299,NA,0.0000,25.0221,NA
Stalker2-Win64-Shipping.exe,8048,0x37CE4E130,DXGI,0,0,1,Hardware: Independent Flip,Application,14168.7096,50.2175,49.9240,0.2935,94.9707,24.2242,-1.5105,14133.6175,1.0943,59.1630
Stalker2-Win64-Shipping.exe,8048,0x37CE4E130,DXGI,0,0,1,Hardware: Independent Flip,Application,14218.9271,0.3574,0.1973,0.1601,68.9774,26.4563,NA,0.0000,24.0404,NA
Stalker2-Win64-Shipping.exe,8048,0x37CE4E130,DXGI,0,0,1,Hardware: Independent Flip,Application,14219.2845,51.2066,50.7929,0.4137,95.0763,25.1876,-0.2821,14184.0159,0.0008,59.4451
Stalker2-Win64-Shipping.exe,8048,0x37CE4E130,DXGI,0,0,1,Hardware: Independent Flip,Application,14270.4911,0.4196,0.2087,0.2109,69.0573,24.9567,NA,0.0000,24.8615,NA
Stalker2-Win64-Shipping.exe,8048,0x37CE4E130,DXGI,0,0,1,Hardware: Independent Flip,Application,14270.9107,49.2638,48.9945,0.2693,93.5944,25.3056,0.4850,14234.6452,0.0009,58.9601
Stalker2-Win64-Shipping.exe,8048,0x37CE4E130,DXGI,0,0,1,Hardware: Independent Flip,Application,14320.1745,0.3522,0.1964,0.1558,69.6362,23.7081,NA,0.0000,24.9854,NA
Stalker2-Win64-Shipping.exe,8048,0x37CE4E130,DXGI,0,0,1,Hardware: Independent Flip,Application,14320.5267,49.7262,49.3401,0.3861,92.9921,25.0014,1.1969,14284.8558,0.0918,57.7632
Stalker2-Win64-Shipping.exe,8048,0x37CE4E130,DXGI,0,0,1,Hardware: Independent Flip,Application,14370.2529,0.4154,0.2365,0.1789,68.2673,27.2907,NA,0.0000,24.6853,NA
Stalker2-Win64-Shipping.exe,8048,0x37CE4E130,DXGI,0,0,1,Hardware: Independent Flip,Application,14370.6683,49.8698,49.6033,0.2665,95.1426,24.1567,-2.2578,14334.8901,0.8592,60.0210
Stalker2-Win64-Shipping.exe,8048,0x37CE4E130,DXGI,0,0,1,Hardware: Independent Flip,Application,14420.5381,0.3476,0.1950,0.1526,69.4295,25.0047,NA,0.0000,23.9131,NA
Stalker2-Win64-Shipping.exe,8048,0x37CE4E130,DXGI,0,0,1,Hardware: Independent Flip,Application,14420.8857,50.3562,49.9433,0.4129,94.0866,25.1148,1.0855,14385.1370,0.0008,58.9355
Stalker2-Win64-Shipping.exe,8048,0x37CE4E130,DXGI,0,0,1,Hardware: Independent Flip,Application,14471.2419,0.4139,0.2497,0.1642,68.8452,26.5149,NA,0.0000,24.7856,NA
Stalker2-Win64-Shipping.exe,8048,0x37CE4E130,DXGI,0,0,1,Hardware: Independent Flip,Application,14471.6558,49.4953,49.2094,0.2859,94.9462,25.2239,-1.1664,14435.6003,0.0003,60.1019
Stalker2-Win64-Shipping.exe,8048,0x37CE4E130,DXGI,0,0,1,Hardware: Independent Flip,Application,14521.1511,0.3612,0.2008,0.1604,70.6748,23.9424,NA,0.0000,24.9122,NA
Stalker2-Win64-Shipping.exe,8048,0x37CE4E130,DXGI,0,0,1,Hardware: Independent Flip,Application,14521.5123,50.3533,50.0355,0.3178,94.2560,25.0314,0.9387,14485.7053,0.0014,59.1632
Stalker2-Win64-Shipping.exe,8048,0x37CE4E130,DXGI,0,0,1,Hardware: Independent Flip,Application,14571.8656,0.4519,0.2817,0.1702,68.9341,26.6024,NA,0.0000,24.6021,NA
Stalker2-Win64-Shipping.exe,8048,0x37CE4E130,DXGI,0,0,1,Hardware: Independent Flip,Application,14572.3175,49.1715,48.9012,0.2703,95.0846,24.5491,-1.2790,14536.0601,0.6241,60.4422
Stalker2-Win64-Shipping.exe,8048,0x37CE4E130,DXGI,0,0,1,Hardware: Independent Flip,Application,14621.4890,0.3346,0.1912,0.1434,70.4622,24.6262,NA,0.0000,24.2790,NA
Stalker2-Win64-Shipping.exe,8048,0x37CE4E130,DXGI,0,0,1,Hardware: Independent Flip,Application,14621.8236,50.0019,49.6791,0.3228,94.7538,25.0927,1.0295,14586.2649,0.0010,59.4127
Stalker2-Win64-Shipping.exe,8048,0x37CE4E130,DXGI,0,0,1,Hardware: Independent Flip,Application,14671.8255,0.4580,0.2077,0.2503,69.8446,25.4045,NA,0.0000,24.7685,NA
Stalker2-Win64-Shipping.exe,8048,0x37CE4E130,DXGI,0,0,1,Hardware: Independent Flip,Application,14672.2835,51.2677,50.9415,0.3262,94.7911,25.1386,0.2953,14637.0574,0.2527,59.1174
Stalker2-Win64-Shipping.exe,8048,0x37CE4E130,DXGI,0,0,1,Hardware: Independent Flip,Application,14723.5512,0.4502,0.2519,0.1983,68.6620,25.7569,NA,0.0000,24.9243,NA
Stalker2-Win64-Shipping.exe,8048,0x37CE4E130,DXGI,0,0,1,Hardware: Independent Flip,Application,14724.0014,50.6750,50.2909,0.3841,93.9687,25.2945,-0.2952,14687.6577,0.0009,59.4126
Stalker2-Win64-Shipping.exe,8048,0x37CE4E130,DXGI,0,0,1,Hardware: Independent Flip,Application,14774.6764,0.4156,0.2040,0.2116,68.5882,24.2244,NA,0.0000,24.9675,NA
Stalker2-Win64-Shipping.exe,8048,0x37CE4E130,DXGI,0,0,1,Hardware: Independent Flip,Application,14775.0920,48.9440,48.6111,0.3329,92.3970,25.4544,1.4088,14738.5854,0.0009,58.0038
Stalker2-Win64-Shipping.exe,8048,0x37CE4E130,DXGI,0,0,1,Hardware: Independent Flip,Application,14824.0360,0.4567,0.2940,0.1627,68.9074,26.8450,NA,0.0000,25.1328,NA
Stalker2-Win64-Shipping.exe,8048,0x37CE4E130,DXGI,0,0,1,Hardware: Independent Flip,Application,14824.4927,51.1981,50.7872,0.4109,95.2957,24.9325,-1.4058,14789.4790,0.5149,59.4096
Stalker2-Win64-Shipping.exe,8048,0x37CE4E130,DXGI,0,0,1,Hardware: Independent Flip,Application,14875.6908,0.5590,0.3086,0.2504,69.0301,25.4430,NA,0.0000,24.6634,NA
