chain	kernel_count	start_tick	end_tick	frequency_hz	gpu_us	first	last
0	1	1788730541910703968	1788730541910710272	1000000000	6.304	cc_cb_clear	cc_cb_clear
1	1	1788730541910714368	1788730541913383936	1000000000	2669.57	cc_tinlayout_fused_pre_block_swin_1h_32_1_ds_fp8	cc_tinlayout_fused_pre_block_swin_1h_32_1_ds_fp8
2	1	1788730541913388032	1788730541914124288	1000000000	736.256	cc_tinlayout_fused_swin_1h_32_1_inpview_tilesync_fp8	cc_tinlayout_fused_swin_1h_32_1_inpview_tilesync_fp8
3	1	1788730541914128384	1788730541914975232	1000000000	846.848	cc_tinlayout_fused_swin_1h_32_1_chained_fp8	cc_tinlayout_fused_swin_1h_32_1_chained_fp8
4	1	1788730541914979328	1788730541915790336	1000000000	811.008	cc_tinlayout_fused_swin_1h_32_1_chained_fp8	cc_tinlayout_fused_swin_1h_32_1_chained_fp8
5	1	1788730541915794432	1788730541916646400	1000000000	851.968	cc_tinlayout_fused_swin_1h_32_1_ds_wait_fp8	cc_tinlayout_fused_swin_1h_32_1_ds_wait_fp8
6	1	1788730541916651520	1788730541917144064	1000000000	492.544	cc_tinlayout_fused_swin_2h_64_2_inpview_tilesync_fp8	cc_tinlayout_fused_swin_2h_64_2_inpview_tilesync_fp8
7	1	1788730541917149184	1788730541917678592	1000000000	529.408	cc_tinlayout_fused_swin_2h_64_2_chained_fp8	cc_tinlayout_fused_swin_2h_64_2_chained_fp8
8	1	1788730541917683712	1788730541918174208	1000000000	490.496	cc_tinlayout_fused_swin_2h_64_2_chained_fp8	cc_tinlayout_fused_swin_2h_64_2_chained_fp8
9	1	1788730541918179328	1788730541918703616	1000000000	524.288	cc_tinlayout_fused_swin_2h_64_2_ds_wait_fp8	cc_tinlayout_fused_swin_2h_64_2_ds_wait_fp8
10	1	1788730541918707712	1788730541919037440	1000000000	329.728	cc_tinlayout_fused_swin_4h_128_4_inpview_tilesync_fp8	cc_tinlayout_fused_swin_4h_128_4_inpview_tilesync_fp8
11	1	1788730541919042560	1788730541919366144	1000000000	323.584	cc_tinlayout_fused_swin_4h_128_4_chained_fp8	cc_tinlayout_fused_swin_4h_128_4_chained_fp8
12	1	1788730541919370240	1788730541919688704	1000000000	318.464	cc_tinlayout_fused_swin_4h_128_4_chained_fp8	cc_tinlayout_fused_swin_4h_128_4_chained_fp8
13	1	1788730541919693824	1788730541920016384	1000000000	322.56	cc_tinlayout_fused_swin_4h_128_4_chained_fp8	cc_tinlayout_fused_swin_4h_128_4_chained_fp8
14	1	1788730541920020480	1788730541920336896	1000000000	316.416	cc_tinlayout_fused_swin_4h_128_4_chained_fp8	cc_tinlayout_fused_swin_4h_128_4_chained_fp8
15	1	1788730541920340992	1788730541920700416	1000000000	359.424	cc_tinlayout_fused_swin_4h_128_4_ds_wait_fp8	cc_tinlayout_fused_swin_4h_128_4_ds_wait_fp8
16	1	1788730541920704512	1788730541921034240	1000000000	329.728	cc_tinlayout_fused_swin_8h_256_8_inpview_tilesync_fp8	cc_tinlayout_fused_swin_8h_256_8_inpview_tilesync_fp8
17	1	1788730541921039360	1788730541921487872	1000000000	448.512	cc_tinlayout_fused_swin_8h_256_8_chained_fp8	cc_tinlayout_fused_swin_8h_256_8_chained_fp8
18	1	1788730541921492992	1788730541921896448	1000000000	403.456	cc_tinlayout_fused_swin_8h_256_8_chained_fp8	cc_tinlayout_fused_swin_8h_256_8_chained_fp8
19	1	1788730541921902592	1788730541922216960	1000000000	314.368	cc_tinlayout_fused_swin_8h_256_8_chained_fp8	cc_tinlayout_fused_swin_8h_256_8_chained_fp8
20	1	1788730541922222080	1788730541922556928	1000000000	334.848	cc_tinlayout_fused_swin_8h_256_8_chained_fp8	cc_tinlayout_fused_swin_8h_256_8_chained_fp8
21	1	1788730541922562048	1788730541922962432	1000000000	400.384	cc_tinlayout_fused_swin_8h_256_8_chained_fp8	cc_tinlayout_fused_swin_8h_256_8_chained_fp8
22	1	1788730541922967552	1788730541923367936	1000000000	400.384	cc_tinlayout_fused_swin_8h_256_8_chained_fp8	cc_tinlayout_fused_swin_8h_256_8_chained_fp8
23	1	1788730541923372032	1788730541923728384	1000000000	356.352	cc_tinlayout_fused_swin_8h_256_8_ds_wait_fp8	cc_tinlayout_fused_swin_8h_256_8_ds_wait_fp8
24	1	1788730541923732480	1788730541923826688	1000000000	94.208	cc_split_swin_16h_ffwd_inpview_512_tilesync_fp8	cc_split_swin_16h_ffwd_inpview_512_tilesync_fp8
25	1	1788730541923830784	1788730541923919872	1000000000	89.088	cc_split_swin_16h_ffwd_proj_inpview_512_chained_fp8	cc_split_swin_16h_ffwd_proj_inpview_512_chained_fp8
26	1	1788730541923923968	1788730541924012032	1000000000	88.064	cc_split_swin_16h_qkv_512_chained_fp8	cc_split_swin_16h_qkv_512_chained_fp8
27	1	1788730541924016128	1788730541924063232	1000000000	47.104	cc_split_swin_16h_proj_512_chained_fp8	cc_split_swin_16h_proj_512_chained_fp8
28	1	1788730541924067328	1788730541924158464	1000000000	91.136	cc_split_swin_16h_ffwd_512_chained_fp8	cc_split_swin_16h_ffwd_512_chained_fp8
29	1	1788730541924162560	1788730541924211712	1000000000	49.152	cc_split_swin_16h_ffwd_proj_512_chained_fp8	cc_split_swin_16h_ffwd_proj_512_chained_fp8
30	1	1788730541924216832	1788730541924325376	1000000000	108.544	cc_split_swin_16h_qkv_512_chained_fp8	cc_split_swin_16h_qkv_512_chained_fp8
31	1	1788730541924333568	1788730541924383744	1000000000	50.176	cc_split_swin_16h_proj_512_chained_fp8	cc_split_swin_16h_proj_512_chained_fp8
32	1	1788730541924387840	1788730541924480000	1000000000	92.16	cc_split_swin_16h_ffwd_512_chained_fp8	cc_split_swin_16h_ffwd_512_chained_fp8
33	1	1788730541924484096	1788730541924533248	1000000000	49.152	cc_split_swin_16h_ffwd_proj_512_chained_fp8	cc_split_swin_16h_ffwd_proj_512_chained_fp8
34	1	1788730541924537344	1788730541924645888	1000000000	108.544	cc_split_swin_16h_qkv_512_chained_fp8	cc_split_swin_16h_qkv_512_chained_fp8
35	1	1788730541924649984	1788730541924699136	1000000000	49.152	cc_split_swin_16h_proj_512_chained_fp8	cc_split_swin_16h_proj_512_chained_fp8
36	1	1788730541924703232	1788730541924795392	1000000000	92.16	cc_split_swin_16h_ffwd_512_chained_fp8	cc_split_swin_16h_ffwd_512_chained_fp8
37	1	1788730541924799488	1788730541924849664	1000000000	50.176	cc_split_swin_16h_ffwd_proj_512_chained_fp8	cc_split_swin_16h_ffwd_proj_512_chained_fp8
38	1	1788730541924854784	1788730541924962304	1000000000	107.52	cc_split_swin_16h_qkv_512_chained_fp8	cc_split_swin_16h_qkv_512_chained_fp8
39	1	1788730541924966400	1788730541925013504	1000000000	47.104	cc_split_swin_16h_proj_512_chained_fp8	cc_split_swin_16h_proj_512_chained_fp8
40	1	1788730541925018624	1788730541925109760	1000000000	91.136	cc_split_swin_16h_ffwd_512_chained_fp8	cc_split_swin_16h_ffwd_512_chained_fp8
41	1	1788730541925113856	1788730541925163008	1000000000	49.152	cc_split_swin_16h_ffwd_proj_512_chained_fp8	cc_split_swin_16h_ffwd_proj_512_chained_fp8
42	1	1788730541925167104	1788730541925254144	1000000000	87.04	cc_split_swin_16h_qkv_512_chained_fp8	cc_split_swin_16h_qkv_512_chained_fp8
43	1	1788730541925258240	1788730541925305344	1000000000	47.104	cc_split_swin_16h_proj_512_chained_fp8	cc_split_swin_16h_proj_512_chained_fp8
44	1	1788730541925309440	1788730541925401600	1000000000	92.16	cc_split_swin_16h_ffwd_512_chained_fp8	cc_split_swin_16h_ffwd_512_chained_fp8
45	1	1788730541925405696	1788730541925454848	1000000000	49.152	cc_split_swin_16h_ffwd_proj_512_chained_fp8	cc_split_swin_16h_ffwd_proj_512_chained_fp8
46	1	1788730541925459968	1788730541925568512	1000000000	108.544	cc_split_swin_16h_qkv_512_chained_fp8	cc_split_swin_16h_qkv_512_chained_fp8
47	1	1788730541925572608	1788730541925620736	1000000000	48.128	cc_split_swin_16h_proj_512_chained_fp8	cc_split_swin_16h_proj_512_chained_fp8
48	1	1788730541925624832	1788730541925716992	1000000000	92.16	cc_split_swin_16h_ffwd_512_chained_fp8	cc_split_swin_16h_ffwd_512_chained_fp8
49	1	1788730541925721088	1788730541925769216	1000000000	48.128	cc_split_swin_16h_ffwd_proj_512_chained_fp8	cc_split_swin_16h_ffwd_proj_512_chained_fp8
50	1	1788730541925774336	1788730541925880832	1000000000	106.496	cc_split_swin_16h_qkv_512_chained_fp8	cc_split_swin_16h_qkv_512_chained_fp8
51	1	1788730541925884928	1788730541925935104	1000000000	50.176	cc_split_swin_16h_proj_512_chained_fp8	cc_split_swin_16h_proj_512_chained_fp8
52	1	1788730541925939200	1788730541926030336	1000000000	91.136	cc_split_swin_16h_ffwd_512_chained_fp8	cc_split_swin_16h_ffwd_512_chained_fp8
53	1	1788730541926035840	1788730541926085632	1000000000	49.792	cc_split_swin_16h_ffwd_proj_512_chained_fp8	cc_split_swin_16h_ffwd_proj_512_chained_fp8
54	1	1788730541926089728	1788730541926197248	1000000000	107.52	cc_split_swin_16h_qkv_512_chained_fp8	cc_split_swin_16h_qkv_512_chained_fp8
55	1	1788730541926202368	1788730541926243328	1000000000	40.96	cc_split_swin_16h_proj_pool_512_chained_fp8	cc_split_swin_16h_proj_pool_512_chained_fp8
56	1	1788730541926247424	1788730541926277120	1000000000	29.696	cc_split_swin_16h_final_head_512_wait_fp8	cc_split_swin_16h_final_head_512_wait_fp8
57	1	1788730541926280192	1788730541926288384	1000000000	8.192	cc_vit_1d_repack_2d_to_1d_fp8	cc_vit_1d_repack_2d_to_1d_fp8
58	1	1788730541926292480	1788730541926470656	1000000000	178.176	cc_vit_1d_ffn_expand_publish_fp8	cc_vit_1d_ffn_expand_publish_fp8
59	1	1788730541926474752	1788730541926593536	1000000000	118.784	cc_vit_1d_ffn_contract_chained_fp8	cc_vit_1d_ffn_contract_chained_fp8
60	1	1788730541926597632	1788730541926696960	1000000000	99.328	cc_vit_1d_qkv_chained_fp8	cc_vit_1d_qkv_chained_fp8
61	1	1788730541926702080	1788730541926799360	1000000000	97.28	cc_vit_1d_attention_chained_fp8	cc_vit_1d_attention_chained_fp8
62	1	1788730541926803456	1788730541926852608	1000000000	49.152	cc_vit_1d_projection_chained_fp8	cc_vit_1d_projection_chained_fp8
63	1	1788730541926856704	1788730541927011328	1000000000	154.624	cc_vit_1d_ffn_expand_chained_fp8	cc_vit_1d_ffn_expand_chained_fp8
64	1	1788730541927016448	1788730541927134208	1000000000	117.76	cc_vit_1d_ffn_contract_chained_fp8	cc_vit_1d_ffn_contract_chained_fp8
65	1	1788730541927138304	1788730541927237632	1000000000	99.328	cc_vit_1d_qkv_chained_fp8	cc_vit_1d_qkv_chained_fp8
66	1	1788730541927242752	1788730541927341056	1000000000	98.304	cc_vit_1d_attention_chained_fp8	cc_vit_1d_attention_chained_fp8
67	1	1788730541927345152	1788730541927391232	1000000000	46.08	cc_vit_1d_projection_chained_fp8	cc_vit_1d_projection_chained_fp8
68	1	1788730541927396352	1788730541927552000	1000000000	155.648	cc_vit_1d_ffn_expand_chained_fp8	cc_vit_1d_ffn_expand_chained_fp8
69	1	1788730541927557120	1788730541927672832	1000000000	115.712	cc_vit_1d_ffn_contract_chained_fp8	cc_vit_1d_ffn_contract_chained_fp8
70	1	1788730541927677952	1788730541927777280	1000000000	99.328	cc_vit_1d_qkv_chained_fp8	cc_vit_1d_qkv_chained_fp8
71	1	1788730541927781376	1788730541927879680	1000000000	98.304	cc_vit_1d_attention_chained_fp8	cc_vit_1d_attention_chained_fp8
72	1	1788730541927883776	1788730541927929856	1000000000	46.08	cc_vit_1d_projection_chained_fp8	cc_vit_1d_projection_chained_fp8
73	1	1788730541927933952	1788730541928086528	1000000000	152.576	cc_vit_1d_ffn_expand_chained_fp8	cc_vit_1d_ffn_expand_chained_fp8
74	1	1788730541928090624	1788730541928208384	1000000000	117.76	cc_vit_1d_ffn_contract_chained_fp8	cc_vit_1d_ffn_contract_chained_fp8
75	1	1788730541928212480	1788730541928311808	1000000000	99.328	cc_vit_1d_qkv_chained_fp8	cc_vit_1d_qkv_chained_fp8
76	1	1788730541928315904	1788730541928414208	1000000000	98.304	cc_vit_1d_attention_chained_fp8	cc_vit_1d_attention_chained_fp8
77	1	1788730541928418304	1788730541928466432	1000000000	48.128	cc_vit_1d_projection_chained_fp8	cc_vit_1d_projection_chained_fp8
78	1	1788730541928470528	1788730541928624128	1000000000	153.6	cc_vit_1d_ffn_expand_chained_fp8	cc_vit_1d_ffn_expand_chained_fp8
79	1	1788730541928628224	1788730541928747008	1000000000	118.784	cc_vit_1d_ffn_contract_chained_fp8	cc_vit_1d_ffn_contract_chained_fp8
80	1	1788730541928751104	1788730541928851456	1000000000	100.352	cc_vit_1d_qkv_chained_fp8	cc_vit_1d_qkv_chained_fp8
81	1	1788730541928856576	1788730541928953856	1000000000	97.28	cc_vit_1d_attention_chained_fp8	cc_vit_1d_attention_chained_fp8
82	1	1788730541928958976	1788730541929005056	1000000000	46.08	cc_vit_1d_projection_chained_fp8	cc_vit_1d_projection_chained_fp8
83	1	1788730541929009152	1788730541929160704	1000000000	151.552	cc_vit_1d_ffn_expand_chained_fp8	cc_vit_1d_ffn_expand_chained_fp8
84	1	1788730541929165824	1788730541929283584	1000000000	117.76	cc_vit_1d_ffn_contract_chained_fp8	cc_vit_1d_ffn_contract_chained_fp8
85	1	1788730541929288704	1788730541929389056	1000000000	100.352	cc_vit_1d_qkv_chained_fp8	cc_vit_1d_qkv_chained_fp8
86	1	1788730541929393152	1788730541929491456	1000000000	98.304	cc_vit_1d_attention_chained_fp8	cc_vit_1d_attention_chained_fp8
87	1	1788730541929495552	1788730541929543680	1000000000	48.128	cc_vit_1d_projection_chained_fp8	cc_vit_1d_projection_chained_fp8
88	1	1788730541929547776	1788730541929703424	1000000000	155.648	cc_vit_1d_ffn_expand_chained_fp8	cc_vit_1d_ffn_expand_chained_fp8
89	1	1788730541929707520	1788730541929825280	1000000000	117.76	cc_vit_1d_ffn_contract_chained_fp8	cc_vit_1d_ffn_contract_chained_fp8
90	1	1788730541929830400	1788730541929929728	1000000000	99.328	cc_vit_1d_qkv_chained_fp8	cc_vit_1d_qkv_chained_fp8
91	1	1788730541929933824	1788730541930032128	1000000000	98.304	cc_vit_1d_attention_chained_fp8	cc_vit_1d_attention_chained_fp8
92	1	1788730541930036224	1788730541930084352	1000000000	48.128	cc_vit_1d_projection_chained_fp8	cc_vit_1d_projection_chained_fp8
93	1	1788730541930088448	1788730541930241024	1000000000	152.576	cc_vit_1d_ffn_expand_chained_fp8	cc_vit_1d_ffn_expand_chained_fp8
94	1	1788730541930246144	1788730541930363904	1000000000	117.76	cc_vit_1d_ffn_contract_chained_fp8	cc_vit_1d_ffn_contract_chained_fp8
95	1	1788730541930368000	1788730541930468352	1000000000	100.352	cc_vit_1d_qkv_chained_fp8	cc_vit_1d_qkv_chained_fp8
96	1	1788730541930473472	1788730541930570752	1000000000	97.28	cc_vit_1d_attention_chained_fp8	cc_vit_1d_attention_chained_fp8
97	1	1788730541930574848	1788730541930621952	1000000000	47.104	cc_vit_1d_projection_wait_fp8	cc_vit_1d_projection_wait_fp8
98	1	1788730541930626048	1788730541930633216	1000000000	7.168	cc_vit_1d_repack_1d_to_2d_fp8	cc_vit_1d_repack_1d_to_2d_fp8
99	1	1788730541930637312	1788730541930675200	1000000000	37.888	cc_dec_input_upsample_1024_512_tilesync_fp8	cc_dec_input_upsample_1024_512_tilesync_fp8
100	1	1788730541930679296	1788730541930771456	1000000000	92.16	cc_split_swin_16h_ffwd_512_chained_fp8	cc_split_swin_16h_ffwd_512_chained_fp8
101	1	1788730541930775552	1788730541930823680	1000000000	48.128	cc_split_swin_16h_ffwd_proj_512_chained_fp8	cc_split_swin_16h_ffwd_proj_512_chained_fp8
102	1	1788730541930828800	1788730541930913792	1000000000	84.992	cc_split_swin_16h_qkv_512_chained_fp8	cc_split_swin_16h_qkv_512_chained_fp8
103	1	1788730541930918912	1788730541930966016	1000000000	47.104	cc_split_swin_16h_proj_512_chained_fp8	cc_split_swin_16h_proj_512_chained_fp8
104	1	1788730541930970112	1788730541931062272	1000000000	92.16	cc_split_swin_16h_ffwd_512_chained_fp8	cc_split_swin_16h_ffwd_512_chained_fp8
105	1	1788730541931066368	1788730541931114496	1000000000	48.128	cc_split_swin_16h_ffwd_proj_512_chained_fp8	cc_split_swin_16h_ffwd_proj_512_chained_fp8
106	1	1788730541931119616	1788730541931229184	1000000000	109.568	cc_split_swin_16h_qkv_512_chained_fp8	cc_split_swin_16h_qkv_512_chained_fp8
107	1	1788730541931234304	1788730541931282432	1000000000	48.128	cc_split_swin_16h_proj_512_chained_fp8	cc_split_swin_16h_proj_512_chained_fp8
108	1	1788730541931286528	1788730541931378688	1000000000	92.16	cc_split_swin_16h_ffwd_512_chained_fp8	cc_split_swin_16h_ffwd_512_chained_fp8
109	1	1788730541931382784	1788730541931430912	1000000000	48.128	cc_split_swin_16h_ffwd_proj_512_chained_fp8	cc_split_swin_16h_ffwd_proj_512_chained_fp8
110	1	1788730541931435008	1788730541931542528	1000000000	107.52	cc_split_swin_16h_qkv_512_chained_fp8	cc_split_swin_16h_qkv_512_chained_fp8
111	1	1788730541931545600	1788730541931594752	1000000000	49.152	cc_split_swin_16h_proj_512_chained_fp8	cc_split_swin_16h_proj_512_chained_fp8
112	1	1788730541931598848	1788730541931691008	1000000000	92.16	cc_split_swin_16h_ffwd_512_chained_fp8	cc_split_swin_16h_ffwd_512_chained_fp8
113	1	1788730541931695104	1788730541931743232	1000000000	48.128	cc_split_swin_16h_ffwd_proj_512_chained_fp8	cc_split_swin_16h_ffwd_proj_512_chained_fp8
114	1	1788730541931748352	1788730541931855872	1000000000	107.52	cc_split_swin_16h_qkv_512_chained_fp8	cc_split_swin_16h_qkv_512_chained_fp8
115	1	1788730541931859968	1788730541931907072	1000000000	47.104	cc_split_swin_16h_proj_512_chained_fp8	cc_split_swin_16h_proj_512_chained_fp8
116	1	1788730541931911168	1788730541932003328	1000000000	92.16	cc_split_swin_16h_ffwd_512_chained_fp8	cc_split_swin_16h_ffwd_512_chained_fp8
117	1	1788730541932007424	1788730541932055552	1000000000	48.128	cc_split_swin_16h_ffwd_proj_512_chained_fp8	cc_split_swin_16h_ffwd_proj_512_chained_fp8
118	1	1788730541932059648	1788730541932147712	1000000000	88.064	cc_split_swin_16h_qkv_512_chained_fp8	cc_split_swin_16h_qkv_512_chained_fp8
119	1	1788730541932151808	1788730541932198912	1000000000	47.104	cc_split_swin_16h_proj_512_chained_fp8	cc_split_swin_16h_proj_512_chained_fp8
120	1	1788730541932203008	1788730541932295168	1000000000	92.16	cc_split_swin_16h_ffwd_512_chained_fp8	cc_split_swin_16h_ffwd_512_chained_fp8
121	1	1788730541932299264	1788730541932348416	1000000000	49.152	cc_split_swin_16h_ffwd_proj_512_chained_fp8	cc_split_swin_16h_ffwd_proj_512_chained_fp8
122	1	1788730541932352512	1788730541932461056	1000000000	108.544	cc_split_swin_16h_qkv_512_chained_fp8	cc_split_swin_16h_qkv_512_chained_fp8
123	1	1788730541932465152	1788730541932514304	1000000000	49.152	cc_split_swin_16h_proj_512_chained_fp8	cc_split_swin_16h_proj_512_chained_fp8
124	1	1788730541932518400	1788730541932610560	1000000000	92.16	cc_split_swin_16h_ffwd_512_chained_fp8	cc_split_swin_16h_ffwd_512_chained_fp8
125	1	1788730541932614656	1788730541932663808	1000000000	49.152	cc_split_swin_16h_ffwd_proj_512_chained_fp8	cc_split_swin_16h_ffwd_proj_512_chained_fp8
126	1	1788730541932668928	1788730541932777472	1000000000	108.544	cc_split_swin_16h_qkv_512_chained_fp8	cc_split_swin_16h_qkv_512_chained_fp8
127	1	1788730541932781568	1788730541932830720	1000000000	49.152	cc_split_swin_16h_proj_512_chained_fp8	cc_split_swin_16h_proj_512_chained_fp8
128	1	1788730541932835840	1788730541932926976	1000000000	91.136	cc_split_swin_16h_ffwd_512_chained_fp8	cc_split_swin_16h_ffwd_512_chained_fp8
129	1	1788730541932931072	1788730541932980224	1000000000	49.152	cc_split_swin_16h_ffwd_proj_512_chained_fp8	cc_split_swin_16h_ffwd_proj_512_chained_fp8
130	1	1788730541932985344	1788730541933092864	1000000000	107.52	cc_split_swin_16h_qkv_512_chained_fp8	cc_split_swin_16h_qkv_512_chained_fp8
131	1	1788730541933096960	1788730541933195264	1000000000	98.304	cc_split_swin_16h_proj_512_outview_wait_fp8	cc_split_swin_16h_proj_512_outview_wait_fp8
132	1	1788730541933199360	1788730541933565952	1000000000	366.592	cc_tinlayout_fused_swin_8h_256_8_upsample_tilesync_fp8	cc_tinlayout_fused_swin_8h_256_8_upsample_tilesync_fp8
133	1	1788730541933570048	1788730541934011392	1000000000	441.344	cc_tinlayout_fused_swin_8h_256_8_chained_fp8	cc_tinlayout_fused_swin_8h_256_8_chained_fp8
134	1	1788730541934016512	1788730541934418944	1000000000	402.432	cc_tinlayout_fused_swin_8h_256_8_chained_fp8	cc_tinlayout_fused_swin_8h_256_8_chained_fp8
135	1	1788730541934424064	1788730541934738432	1000000000	314.368	cc_tinlayout_fused_swin_8h_256_8_chained_fp8	cc_tinlayout_fused_swin_8h_256_8_chained_fp8
136	1	1788730541934743552	1788730541935058944	1000000000	315.392	cc_tinlayout_fused_swin_8h_256_8_chained_fp8	cc_tinlayout_fused_swin_8h_256_8_chained_fp8
137	1	1788730541935064064	1788730541935462400	1000000000	398.336	cc_tinlayout_fused_swin_8h_256_8_chained_fp8	cc_tinlayout_fused_swin_8h_256_8_chained_fp8
138	1	1788730541935466496	1788730541935869952	1000000000	403.456	cc_tinlayout_fused_swin_8h_256_8_chained_fp8	cc_tinlayout_fused_swin_8h_256_8_chained_fp8
139	1	1788730541935874048	1788730541936175104	1000000000	301.056	cc_tinlayout_fused_swin_8h_256_8_outview_wait_fp8	cc_tinlayout_fused_swin_8h_256_8_outview_wait_fp8
140	1	1788730541936179200	1788730541936615424	1000000000	436.224	cc_tinlayout_fused_swin_4h_128_4_upsample_tilesync_fp8	cc_tinlayout_fused_swin_4h_128_4_upsample_tilesync_fp8
141	1	1788730541936620544	1788730541936950272	1000000000	329.728	cc_tinlayout_fused_swin_4h_128_4_chained_fp8	cc_tinlayout_fused_swin_4h_128_4_chained_fp8
142	1	1788730541936954368	1788730541937264640	1000000000	310.272	cc_tinlayout_fused_swin_4h_128_4_chained_fp8	cc_tinlayout_fused_swin_4h_128_4_chained_fp8
143	1	1788730541937268736	1788730541937590272	1000000000	321.536	cc_tinlayout_fused_swin_4h_128_4_chained_fp8	cc_tinlayout_fused_swin_4h_128_4_chained_fp8
144	1	1788730541937594368	1788730541937913856	1000000000	319.488	cc_tinlayout_fused_swin_4h_128_4_chained_fp8	cc_tinlayout_fused_swin_4h_128_4_chained_fp8
145	1	1788730541937918976	1788730541938245632	1000000000	326.656	cc_tinlayout_fused_swin_4h_128_4_outview_wait_fp8	cc_tinlayout_fused_swin_4h_128_4_outview_wait_fp8
146	1	1788730541938249728	1788730541938963456	1000000000	713.728	cc_tinlayout_fused_swin_2h_64_2_upsample_tilesync_fp8	cc_tinlayout_fused_swin_2h_64_2_upsample_tilesync_fp8
147	1	1788730541938968576	1788730541939492864	1000000000	524.288	cc_tinlayout_fused_swin_2h_64_2_chained_fp8	cc_tinlayout_fused_swin_2h_64_2_chained_fp8
148	1	1788730541939497984	1788730541939986432	1000000000	488.448	cc_tinlayout_fused_swin_2h_64_2_chained_fp8	cc_tinlayout_fused_swin_2h_64_2_chained_fp8
149	1	1788730541939991552	1788730541940488192	1000000000	496.64	cc_tinlayout_fused_swin_2h_64_2_outview_wait_fp8	cc_tinlayout_fused_swin_2h_64_2_outview_wait_fp8
150	1	1788730541940492288	1788730541941758976	1000000000	1266.69	cc_tinlayout_fused_swin_1h_32_1_upsample_tilesync_fp8	cc_tinlayout_fused_swin_1h_32_1_upsample_tilesync_fp8
151	1	1788730541941763072	1788730541942602752	1000000000	839.68	cc_tinlayout_fused_swin_1h_32_1_chained_fp8	cc_tinlayout_fused_swin_1h_32_1_chained_fp8
152	1	1788730541942606848	1788730541943413760	1000000000	806.912	cc_tinlayout_fused_swin_1h_32_1_chained_fp8	cc_tinlayout_fused_swin_1h_32_1_chained_fp8
153	1	1788730541943417856	1788730541944458240	1000000000	1040.38	cc_tinlayout_fused_swin_1h_32_1_outview_wait_fp8	cc_tinlayout_fused_swin_1h_32_1_outview_wait_fp8
154	1	1788730541944462336	1788730541949224960	1000000000	4762.62	cc_tinlayout_fused_post_block_swin_1h_32_fp8	cc_tinlayout_fused_post_block_swin_1h_32_fp8
155	1	1788730541949229056	1788730541949264896	1000000000	35.84	cg2r_copy_kernel	cg2r_copy_kernel
156	1	1788730542141665280	1788730542141669376	1000000000	4.096	cc_cb_clear	cc_cb_clear
157	1	1788730542141674496	1788730542144624640	1000000000	2950.14	cc_tinlayout_fused_pre_block_swin_1h_32_1_ds_fp8	cc_tinlayout_fused_pre_block_swin_1h_32_1_ds_fp8
158	1	1788730542144628736	1788730542145353728	1000000000	724.992	cc_tinlayout_fused_swin_1h_32_1_inpview_tilesync_fp8	cc_tinlayout_fused_swin_1h_32_1_inpview_tilesync_fp8
159	1	1788730542145357824	1788730542146198528	1000000000	840.704	cc_tinlayout_fused_swin_1h_32_1_chained_fp8	cc_tinlayout_fused_swin_1h_32_1_chained_fp8
160	1	1788730542146202624	1788730542147019776	1000000000	817.152	cc_tinlayout_fused_swin_1h_32_1_chained_fp8	cc_tinlayout_fused_swin_1h_32_1_chained_fp8
161	1	1788730542147023872	1788730542147862528	1000000000	838.656	cc_tinlayout_fused_swin_1h_32_1_ds_wait_fp8	cc_tinlayout_fused_swin_1h_32_1_ds_wait_fp8
162	1	1788730542147867648	1788730542148366336	1000000000	498.688	cc_tinlayout_fused_swin_2h_64_2_inpview_tilesync_fp8	cc_tinlayout_fused_swin_2h_64_2_inpview_tilesync_fp8
163	1	1788730542148371456	1788730542148899840	1000000000	528.384	cc_tinlayout_fused_swin_2h_64_2_chained_fp8	cc_tinlayout_fused_swin_2h_64_2_chained_fp8
164	1	1788730542148903936	1788730542149401600	1000000000	497.664	cc_tinlayout_fused_swin_2h_64_2_chained_fp8	cc_tinlayout_fused_swin_2h_64_2_chained_fp8
165	1	1788730542149405696	1788730542149928960	1000000000	523.264	cc_tinlayout_fused_swin_2h_64_2_ds_wait_fp8	cc_tinlayout_fused_swin_2h_64_2_ds_wait_fp8
166	1	1788730542149937152	1788730542150276096	1000000000	338.944	cc_tinlayout_fused_swin_4h_128_4_inpview_tilesync_fp8	cc_tinlayout_fused_swin_4h_128_4_inpview_tilesync_fp8
167	1	1788730542150280192	1788730542150603776	1000000000	323.584	cc_tinlayout_fused_swin_4h_128_4_chained_fp8	cc_tinlayout_fused_swin_4h_128_4_chained_fp8
168	1	1788730542150607872	1788730542150931456	1000000000	323.584	cc_tinlayout_fused_swin_4h_128_4_chained_fp8	cc_tinlayout_fused_swin_4h_128_4_chained_fp8
169	1	1788730542150935552	1788730542151259136	1000000000	323.584	cc_tinlayout_fused_swin_4h_128_4_chained_fp8	cc_tinlayout_fused_swin_4h_128_4_chained_fp8
170	1	1788730542151263232	1788730542151582720	1000000000	319.488	cc_tinlayout_fused_swin_4h_128_4_chained_fp8	cc_tinlayout_fused_swin_4h_128_4_chained_fp8
171	1	1788730542151588224	1788730542151949312	1000000000	361.088	cc_tinlayout_fused_swin_4h_128_4_ds_wait_fp8	cc_tinlayout_fused_swin_4h_128_4_ds_wait_fp8
172	1	1788730542151953408	1788730542152280064	1000000000	326.656	cc_tinlayout_fused_swin_8h_256_8_inpview_tilesync_fp8	cc_tinlayout_fused_swin_8h_256_8_inpview_tilesync_fp8
173	1	1788730542152284160	1788730542152733696	1000000000	449.536	cc_tinlayout_fused_swin_8h_256_8_chained_fp8	cc_tinlayout_fused_swin_8h_256_8_chained_fp8
174	1	1788730542152737792	1788730542153142272	1000000000	404.48	cc_tinlayout_fused_swin_8h_256_8_chained_fp8	cc_tinlayout_fused_swin_8h_256_8_chained_fp8
175	1	1788730542153146368	1788730542153460736	1000000000	314.368	cc_tinlayout_fused_swin_8h_256_8_chained_fp8	cc_tinlayout_fused_swin_8h_256_8_chained_fp8
176	1	1788730542153463808	1788730542153800704	1000000000	336.896	cc_tinlayout_fused_swin_8h_256_8_chained_fp8	cc_tinlayout_fused_swin_8h_256_8_chained_fp8
177	1	1788730542153804800	1788730542154207232	1000000000	402.432	cc_tinlayout_fused_swin_8h_256_8_chained_fp8	cc_tinlayout_fused_swin_8h_256_8_chained_fp8
178	1	1788730542154211328	1788730542154613760	1000000000	402.432	cc_tinlayout_fused_swin_8h_256_8_chained_fp8	cc_tinlayout_fused_swin_8h_256_8_chained_fp8
179	1	1788730542154617856	1788730542154977280	1000000000	359.424	cc_tinlayout_fused_swin_8h_256_8_ds_wait_fp8	cc_tinlayout_fused_swin_8h_256_8_ds_wait_fp8
180	1	1788730542154981376	1788730542155075584	1000000000	94.208	cc_split_swin_16h_ffwd_inpview_512_tilesync_fp8	cc_split_swin_16h_ffwd_inpview_512_tilesync_fp8
181	1	1788730542155078656	1788730542155167744	1000000000	89.088	cc_split_swin_16h_ffwd_proj_inpview_512_chained_fp8	cc_split_swin_16h_ffwd_proj_inpview_512_chained_fp8
182	1	1788730542155172864	1788730542155259904	1000000000	87.04	cc_split_swin_16h_qkv_512_chained_fp8	cc_split_swin_16h_qkv_512_chained_fp8
183	1	1788730542155264000	1788730542155311104	1000000000	47.104	cc_split_swin_16h_proj_512_chained_fp8	cc_split_swin_16h_proj_512_chained_fp8
184	1	1788730542155315200	1788730542155407360	1000000000	92.16	cc_split_swin_16h_ffwd_512_chained_fp8	cc_split_swin_16h_ffwd_512_chained_fp8
185	1	1788730542155411456	1788730542155460608	1000000000	49.152	cc_split_swin_16h_ffwd_proj_512_chained_fp8	cc_split_swin_16h_ffwd_proj_512_chained_fp8
186	1	1788730542155463680	1788730542155573248	1000000000	109.568	cc_split_swin_16h_qkv_512_chained_fp8	cc_split_swin_16h_qkv_512_chained_fp8
187	1	1788730542155576320	1788730542155626496	1000000000	50.176	cc_split_swin_16h_proj_512_chained_fp8	cc_split_swin_16h_proj_512_chained_fp8
188	1	1788730542155630592	1788730542155722752	1000000000	92.16	cc_split_swin_16h_ffwd_512_chained_fp8	cc_split_swin_16h_ffwd_512_chained_fp8
189	1	1788730542155727872	1788730542155777024	1000000000	49.152	cc_split_swin_16h_ffwd_proj_512_chained_fp8	cc_split_swin_16h_ffwd_proj_512_chained_fp8
190	1	1788730542155781120	1788730542155889664	1000000000	108.544	cc_split_swin_16h_qkv_512_chained_fp8	cc_split_swin_16h_qkv_512_chained_fp8
191	1	1788730542155893760	1788730542155943936	1000000000	50.176	cc_split_swin_16h_proj_512_chained_fp8	cc_split_swin_16h_proj_512_chained_fp8
192	1	1788730542155948032	1788730542156040192	1000000000	92.16	cc_split_swin_16h_ffwd_512_chained_fp8	cc_split_swin_16h_ffwd_512_chained_fp8
193	1	1788730542156044288	1788730542156092416	1000000000	48.128	cc_split_swin_16h_ffwd_proj_512_chained_fp8	cc_split_swin_16h_ffwd_proj_512_chained_fp8
194	1	1788730542156097536	1788730542156204032	1000000000	106.496	cc_split_swin_16h_qkv_512_chained_fp8	cc_split_swin_16h_qkv_512_chained_fp8
195	1	1788730542156208128	1788730542156255232	1000000000	47.104	cc_split_swin_16h_proj_512_chained_fp8	cc_split_swin_16h_proj_512_chained_fp8
196	1	1788730542156259328	1788730542156351488	1000000000	92.16	cc_split_swin_16h_ffwd_512_chained_fp8	cc_split_swin_16h_ffwd_512_chained_fp8
197	1	1788730542156354560	1788730542156403712	1000000000	49.152	cc_split_swin_16h_ffwd_proj_512_chained_fp8	cc_split_swin_16h_ffwd_proj_512_chained_fp8
198	1	1788730542156407808	1788730542156494848	1000000000	87.04	cc_split_swin_16h_qkv_512_chained_fp8	cc_split_swin_16h_qkv_512_chained_fp8
199	1	1788730542156498944	1788730542156546048	1000000000	47.104	cc_split_swin_16h_proj_512_chained_fp8	cc_split_swin_16h_proj_512_chained_fp8
200	1	1788730542156553216	1788730542156645376	1000000000	92.16	cc_split_swin_16h_ffwd_512_chained_fp8	cc_split_swin_16h_ffwd_512_chained_fp8
201	1	1788730542156649472	1788730542156697600	1000000000	48.128	cc_split_swin_16h_ffwd_proj_512_chained_fp8	cc_split_swin_16h_ffwd_proj_512_chained_fp8
202	1	1788730542156701696	1788730542156811264	1000000000	109.568	cc_split_swin_16h_qkv_512_chained_fp8	cc_split_swin_16h_qkv_512_chained_fp8
203	1	1788730542156814336	1788730542156862464	1000000000	48.128	cc_split_swin_16h_proj_512_chained_fp8	cc_split_swin_16h_proj_512_chained_fp8
204	1	1788730542156867584	1788730542156958720	1000000000	91.136	cc_split_swin_16h_ffwd_512_chained_fp8	cc_split_swin_16h_ffwd_512_chained_fp8
205	1	1788730542156966176	1788730542157015040	1000000000	48.864	cc_split_swin_16h_ffwd_proj_512_chained_fp8	cc_split_swin_16h_ffwd_proj_512_chained_fp8
206	1	1788730542157019136	1788730542157127680	1000000000	108.544	cc_split_swin_16h_qkv_512_chained_fp8	cc_split_swin_16h_qkv_512_chained_fp8
207	1	1788730542157131776	1788730542157180928	1000000000	49.152	cc_split_swin_16h_proj_512_chained_fp8	cc_split_swin_16h_proj_512_chained_fp8
208	1	1788730542157185024	1788730542157277184	1000000000	92.16	cc_split_swin_16h_ffwd_512_chained_fp8	cc_split_swin_16h_ffwd_512_chained_fp8
209	1	1788730542157281280	1788730542157331456	1000000000	50.176	cc_split_swin_16h_ffwd_proj_512_chained_fp8	cc_split_swin_16h_ffwd_proj_512_chained_fp8
210	1	1788730542157335552	1788730542157444096	1000000000	108.544	cc_split_swin_16h_qkv_512_chained_fp8	cc_split_swin_16h_qkv_512_chained_fp8
211	1	1788730542157448192	1788730542157490176	1000000000	41.984	cc_split_swin_16h_proj_pool_512_chained_fp8	cc_split_swin_16h_proj_pool_512_chained_fp8
212	1	1788730542157494272	1788730542157523968	1000000000	29.696	cc_split_swin_16h_final_head_512_wait_fp8	cc_split_swin_16h_final_head_512_wait_fp8
213	1	1788730542157528064	1788730542157535232	1000000000	7.168	cc_vit_1d_repack_2d_to_1d_fp8	cc_vit_1d_repack_2d_to_1d_fp8
214	1	1788730542157539328	1788730542157716480	1000000000	177.152	cc_vit_1d_ffn_expand_publish_fp8	cc_vit_1d_ffn_expand_publish_fp8
215	1	1788730542157721600	1788730542157838336	1000000000	116.736	cc_vit_1d_ffn_contract_chained_fp8	cc_vit_1d_ffn_contract_chained_fp8
216	1	1788730542157842432	1788730542157942784	1000000000	100.352	cc_vit_1d_qkv_chained_fp8	cc_vit_1d_qkv_chained_fp8
217	1	1788730542157946880	1788730542158044160	1000000000	97.28	cc_vit_1d_attention_chained_fp8	cc_vit_1d_attention_chained_fp8
218	1	1788730542158048256	1788730542158094336	1000000000	46.08	cc_vit_1d_projection_chained_fp8	cc_vit_1d_projection_chained_fp8
219	1	1788730542158098432	1788730542158255104	1000000000	156.672	cc_vit_1d_ffn_expand_chained_fp8	cc_vit_1d_ffn_expand_chained_fp8
220	1	1788730542158259200	1788730542158375936	1000000000	116.736	cc_vit_1d_ffn_contract_chained_fp8	cc_vit_1d_ffn_contract_chained_fp8
221	1	1788730542158380032	1788730542158479360	1000000000	99.328	cc_vit_1d_qkv_chained_fp8	cc_vit_1d_qkv_chained_fp8
222	1	1788730542158483456	1788730542158581760	1000000000	98.304	cc_vit_1d_attention_chained_fp8	cc_vit_1d_attention_chained_fp8
223	1	1788730542158585856	1788730542158632960	1000000000	47.104	cc_vit_1d_projection_chained_fp8	cc_vit_1d_projection_chained_fp8
224	1	1788730542158637056	1788730542158795776	1000000000	158.72	cc_vit_1d_ffn_expand_chained_fp8	cc_vit_1d_ffn_expand_chained_fp8
225	1	1788730542158799872	1788730542158916608	1000000000	116.736	cc_vit_1d_ffn_contract_chained_fp8	cc_vit_1d_ffn_contract_chained_fp8
226	1	1788730542158921728	1788730542159021056	1000000000	99.328	cc_vit_1d_qkv_chained_fp8	cc_vit_1d_qkv_chained_fp8
227	1	1788730542159025152	1788730542159123456	1000000000	98.304	cc_vit_1d_attention_chained_fp8	cc_vit_1d_attention_chained_fp8
228	1	1788730542159127552	1788730542159174656	1000000000	47.104	cc_vit_1d_projection_chained_fp8	cc_vit_1d_projection_chained_fp8
229	1	1788730542159178752	1788730542159335424	1000000000	156.672	cc_vit_1d_ffn_expand_chained_fp8	cc_vit_1d_ffn_expand_chained_fp8
230	1	1788730542159339520	1788730542159456256	1000000000	116.736	cc_vit_1d_ffn_contract_chained_fp8	cc_vit_1d_ffn_contract_chained_fp8
231	1	1788730542159461376	1788730542159561728	1000000000	100.352	cc_vit_1d_qkv_chained_fp8	cc_vit_1d_qkv_chained_fp8
232	1	1788730542159565824	1788730542159664128	1000000000	98.304	cc_vit_1d_attention_chained_fp8	cc_vit_1d_attention_chained_fp8
233	1	1788730542159668224	1788730542159714304	1000000000	46.08	cc_vit_1d_projection_chained_fp8	cc_vit_1d_projection_chained_fp8
234	1	1788730542159718400	1788730542159876096	1000000000	157.696	cc_vit_1d_ffn_expand_chained_fp8	cc_vit_1d_ffn_expand_chained_fp8
235	1	1788730542159880192	1788730542159997952	1000000000	117.76	cc_vit_1d_ffn_contract_chained_fp8	cc_vit_1d_ffn_contract_chained_fp8
236	1	1788730542160002048	1788730542160102400	1000000000	100.352	cc_vit_1d_qkv_chained_fp8	cc_vit_1d_qkv_chained_fp8
237	1	1788730542160107520	1788730542160205824	1000000000	98.304	cc_vit_1d_attention_chained_fp8	cc_vit_1d_attention_chained_fp8
238	1	1788730542160208896	1788730542160257024	1000000000	48.128	cc_vit_1d_projection_chained_fp8	cc_vit_1d_projection_chained_fp8
239	1	1788730542160260096	1788730542160415744	1000000000	155.648	cc_vit_1d_ffn_expand_chained_fp8	cc_vit_1d_ffn_expand_chained_fp8
240	1	1788730542160419840	1788730542160537600	1000000000	117.76	cc_vit_1d_ffn_contract_chained_fp8	cc_vit_1d_ffn_contract_chained_fp8
241	1	1788730542160541696	1788730542160642048	1000000000	100.352	cc_vit_1d_qkv_chained_fp8	cc_vit_1d_qkv_chained_fp8
242	1	1788730542160646144	1788730542160743424	1000000000	97.28	cc_vit_1d_attention_chained_fp8	cc_vit_1d_attention_chained_fp8
243	1	1788730542160747520	1788730542160794624	1000000000	47.104	cc_vit_1d_projection_chained_fp8	cc_vit_1d_projection_chained_fp8
244	1	1788730542160798720	1788730542160954368	1000000000	155.648	cc_vit_1d_ffn_expand_chained_fp8	cc_vit_1d_ffn_expand_chained_fp8
245	1	1788730542160958464	1788730542161077248	1000000000	118.784	cc_vit_1d_ffn_contract_chained_fp8	cc_vit_1d_ffn_contract_chained_fp8
246	1	1788730542161081344	1788730542161181696	1000000000	100.352	cc_vit_1d_qkv_chained_fp8	cc_vit_1d_qkv_chained_fp8
247	1	1788730542161185792	1788730542161284096	1000000000	98.304	cc_vit_1d_attention_chained_fp8	cc_vit_1d_attention_chained_fp8
248	1	1788730542161288192	1788730542161337344	1000000000	49.152	cc_vit_1d_projection_chained_fp8	cc_vit_1d_projection_chained_fp8
249	1	1788730542161341440	1788730542161492992	1000000000	151.552	cc_vit_1d_ffn_expand_chained_fp8	cc_vit_1d_ffn_expand_chained_fp8
250	1	1788730542161498112	1788730542161615872	1000000000	117.76	cc_vit_1d_ffn_contract_chained_fp8	cc_vit_1d_ffn_contract_chained_fp8
251	1	1788730542161619968	1788730542161720320	1000000000	100.352	cc_vit_1d_qkv_chained_fp8	cc_vit_1d_qkv_chained_fp8
252	1	1788730542161724416	1788730542161822720	1000000000	98.304	cc_vit_1d_attention_chained_fp8	cc_vit_1d_attention_chained_fp8
253	1	1788730542161826816	1788730542161872896	1000000000	46.08	cc_vit_1d_projection_wait_fp8	cc_vit_1d_projection_wait_fp8
254	1	1788730542161876992	1788730542161884160	1000000000	7.168	cc_vit_1d_repack_1d_to_2d_fp8	cc_vit_1d_repack_1d_to_2d_fp8
255	1	1788730542161887232	1788730542161925120	1000000000	37.888	cc_dec_input_upsample_1024_512_tilesync_fp8	cc_dec_input_upsample_1024_512_tilesync_fp8
256	1	1788730542161930496	1788730542162022400	1000000000	91.904	cc_split_swin_16h_ffwd_512_chained_fp8	cc_split_swin_16h_ffwd_512_chained_fp8
257	1	1788730542162026496	1788730542162075648	1000000000	49.152	cc_split_swin_16h_ffwd_proj_512_chained_fp8	cc_split_swin_16h_ffwd_proj_512_chained_fp8
258	1	1788730542162079744	1788730542162165760	1000000000	86.016	cc_split_swin_16h_qkv_512_chained_fp8	cc_split_swin_16h_qkv_512_chained_fp8
259	1	1788730542162169856	1788730542162216960	1000000000	47.104	cc_split_swin_16h_proj_512_chained_fp8	cc_split_swin_16h_proj_512_chained_fp8
260	1	1788730542162221056	1788730542162313216	1000000000	92.16	cc_split_swin_16h_ffwd_512_chained_fp8	cc_split_swin_16h_ffwd_512_chained_fp8
261	1	1788730542162316288	1788730542162366464	1000000000	50.176	cc_split_swin_16h_ffwd_proj_512_chained_fp8	cc_split_swin_16h_ffwd_proj_512_chained_fp8
262	1	1788730542162370560	1788730542162479104	1000000000	108.544	cc_split_swin_16h_qkv_512_chained_fp8	cc_split_swin_16h_qkv_512_chained_fp8
263	1	1788730542162483200	1788730542162532352	1000000000	49.152	cc_split_swin_16h_proj_512_chained_fp8	cc_split_swin_16h_proj_512_chained_fp8
264	1	1788730542162535424	1788730542162627584	1000000000	92.16	cc_split_swin_16h_ffwd_512_chained_fp8	cc_split_swin_16h_ffwd_512_chained_fp8
265	1	1788730542162631680	1788730542162680832	1000000000	49.152	cc_split_swin_16h_ffwd_proj_512_chained_fp8	cc_split_swin_16h_ffwd_proj_512_chained_fp8
266	1	1788730542162684928	1788730542162792448	1000000000	107.52	cc_split_swin_16h_qkv_512_chained_fp8	cc_split_swin_16h_qkv_512_chained_fp8
267	1	1788730542162796544	1788730542162845696	1000000000	49.152	cc_split_swin_16h_proj_512_chained_fp8	cc_split_swin_16h_proj_512_chained_fp8
268	1	1788730542162849792	1788730542162941952	1000000000	92.16	cc_split_swin_16h_ffwd_512_chained_fp8	cc_split_swin_16h_ffwd_512_chained_fp8
269	1	1788730542162946048	1788730542162994176	1000000000	48.128	cc_split_swin_16h_ffwd_proj_512_chained_fp8	cc_split_swin_16h_ffwd_proj_512_chained_fp8
270	1	1788730542162998272	1788730542163105792	1000000000	107.52	cc_split_swin_16h_qkv_512_chained_fp8	cc_split_swin_16h_qkv_512_chained_fp8
271	1	1788730542163108864	1788730542163156992	1000000000	48.128	cc_split_swin_16h_proj_512_chained_fp8	cc_split_swin_16h_proj_512_chained_fp8
272	1	1788730542163161088	1788730542163252224	1000000000	91.136	cc_split_swin_16h_ffwd_512_chained_fp8	cc_split_swin_16h_ffwd_512_chained_fp8
273	1	1788730542163256320	1788730542163305472	1000000000	49.152	cc_split_swin_16h_ffwd_proj_512_chained_fp8	cc_split_swin_16h_ffwd_proj_512_chained_fp8
274	1	1788730542163309568	1788730542163396608	1000000000	87.04	cc_split_swin_16h_qkv_512_chained_fp8	cc_split_swin_16h_qkv_512_chained_fp8
275	1	1788730542163400704	1788730542163447808	1000000000	47.104	cc_split_swin_16h_proj_512_chained_fp8	cc_split_swin_16h_proj_512_chained_fp8
276	1	1788730542163451904	1788730542163544064	1000000000	92.16	cc_split_swin_16h_ffwd_512_chained_fp8	cc_split_swin_16h_ffwd_512_chained_fp8
277	1	1788730542163548160	1788730542163596288	1000000000	48.128	cc_split_swin_16h_ffwd_proj_512_chained_fp8	cc_split_swin_16h_ffwd_proj_512_chained_fp8
278	1	1788730542163600384	1788730542163710976	1000000000	110.592	cc_split_swin_16h_qkv_512_chained_fp8	cc_split_swin_16h_qkv_512_chained_fp8
279	1	1788730542163715072	1788730542163764224	1000000000	49.152	cc_split_swin_16h_proj_512_chained_fp8	cc_split_swin_16h_proj_512_chained_fp8
280	1	1788730542163768320	1788730542163860480	1000000000	92.16	cc_split_swin_16h_ffwd_512_chained_fp8	cc_split_swin_16h_ffwd_512_chained_fp8
281	1	1788730542163864576	1788730542163912704	1000000000	48.128	cc_split_swin_16h_ffwd_proj_512_chained_fp8	cc_split_swin_16h_ffwd_proj_512_chained_fp8
282	1	1788730542163916800	1788730542164025344	1000000000	108.544	cc_split_swin_16h_qkv_512_chained_fp8	cc_split_swin_16h_qkv_512_chained_fp8
283	1	1788730542164029440	1788730542164078592	1000000000	49.152	cc_split_swin_16h_proj_512_chained_fp8	cc_split_swin_16h_proj_512_chained_fp8
284	1	1788730542164082688	1788730542164175872	1000000000	93.184	cc_split_swin_16h_ffwd_512_chained_fp8	cc_split_swin_16h_ffwd_512_chained_fp8
285	1	1788730542164179968	1788730542164229120	1000000000	49.152	cc_split_swin_16h_ffwd_proj_512_chained_fp8	cc_split_swin_16h_ffwd_proj_512_chained_fp8
286	1	1788730542164233216	1788730542164340736	1000000000	107.52	cc_split_swin_16h_qkv_512_chained_fp8	cc_split_swin_16h_qkv_512_chained_fp8
287	1	1788730542164344832	1788730542164440064	1000000000	95.232	cc_split_swin_16h_proj_512_outview_wait_fp8	cc_split_swin_16h_proj_512_outview_wait_fp8
288	1	1788730542164444160	1788730542164808704	1000000000	364.544	cc_tinlayout_fused_swin_8h_256_8_upsample_tilesync_fp8	cc_tinlayout_fused_swin_8h_256_8_upsample_tilesync_fp8
289	1	1788730542164813824	1788730542165257216	1000000000	443.392	cc_tinlayout_fused_swin_8h_256_8_chained_fp8	cc_tinlayout_fused_swin_8h_256_8_chained_fp8
290	1	1788730542165261312	1788730542165666816	1000000000	405.504	cc_tinlayout_fused_swin_8h_256_8_chained_fp8	cc_tinlayout_fused_swin_8h_256_8_chained_fp8
291	1	1788730542165670912	1788730542165989376	1000000000	318.464	cc_tinlayout_fused_swin_8h_256_8_chained_fp8	cc_tinlayout_fused_swin_8h_256_8_chained_fp8
292	1	1788730542165993472	1788730542166308864	1000000000	315.392	cc_tinlayout_fused_swin_8h_256_8_chained_fp8	cc_tinlayout_fused_swin_8h_256_8_chained_fp8
293	1	1788730542166313984	1788730542166714368	1000000000	400.384	cc_tinlayout_fused_swin_8h_256_8_chained_fp8	cc_tinlayout_fused_swin_8h_256_8_chained_fp8
294	1	1788730542166718464	1788730542167119872	1000000000	401.408	cc_tinlayout_fused_swin_8h_256_8_chained_fp8	cc_tinlayout_fused_swin_8h_256_8_chained_fp8
295	1	1788730542167123968	1788730542167425024	1000000000	301.056	cc_tinlayout_fused_swin_8h_256_8_outview_wait_fp8	cc_tinlayout_fused_swin_8h_256_8_outview_wait_fp8
296	1	1788730542167429120	1788730542167845888	1000000000	416.768	cc_tinlayout_fused_swin_4h_128_4_upsample_tilesync_fp8	cc_tinlayout_fused_swin_4h_128_4_upsample_tilesync_fp8
297	1	1788730542167849984	1788730542168180736	1000000000	330.752	cc_tinlayout_fused_swin_4h_128_4_chained_fp8	cc_tinlayout_fused_swin_4h_128_4_chained_fp8
298	1	1788730542168184832	1788730542168503296	1000000000	318.464	cc_tinlayout_fused_swin_4h_128_4_chained_fp8	cc_tinlayout_fused_swin_4h_128_4_chained_fp8
299	1	1788730542168506368	1788730542168828928	1000000000	322.56	cc_tinlayout_fused_swin_4h_128_4_chained_fp8	cc_tinlayout_fused_swin_4h_128_4_chained_fp8
300	1	1788730542168832000	1788730542169152512	1000000000	320.512	cc_tinlayout_fused_swin_4h_128_4_chained_fp8	cc_tinlayout_fused_swin_4h_128_4_chained_fp8
301	1	1788730542169156608	1788730542169485312	1000000000	328.704	cc_tinlayout_fused_swin_4h_128_4_outview_wait_fp8	cc_tinlayout_fused_swin_4h_128_4_outview_wait_fp8
302	1	1788730542169489408	1788730542170468352	1000000000	978.944	cc_tinlayout_fused_swin_2h_64_2_upsample_tilesync_fp8	cc_tinlayout_fused_swin_2h_64_2_upsample_tilesync_fp8
303	1	1788730542170473472	1788730542170997760	1000000000	524.288	cc_tinlayout_fused_swin_2h_64_2_chained_fp8	cc_tinlayout_fused_swin_2h_64_2_chained_fp8
304	1	1788730542171000832	1788730542171494400	1000000000	493.568	cc_tinlayout_fused_swin_2h_64_2_chained_fp8	cc_tinlayout_fused_swin_2h_64_2_chained_fp8
305	1	1788730542171497472	1788730542171991040	1000000000	493.568	cc_tinlayout_fused_swin_2h_64_2_outview_wait_fp8	cc_tinlayout_fused_swin_2h_64_2_outview_wait_fp8
306	1	1788730542171994112	1788730542173259776	1000000000	1265.66	cc_tinlayout_fused_swin_1h_32_1_upsample_tilesync_fp8	cc_tinlayout_fused_swin_1h_32_1_upsample_tilesync_fp8
307	1	1788730542173262848	1788730542174100480	1000000000	837.632	cc_tinlayout_fused_swin_1h_32_1_chained_fp8	cc_tinlayout_fused_swin_1h_32_1_chained_fp8
308	1	1788730542174104576	1788730542174915584	1000000000	811.008	cc_tinlayout_fused_swin_1h_32_1_chained_fp8	cc_tinlayout_fused_swin_1h_32_1_chained_fp8
309	1	1788730542174919680	1788730542175963136	1000000000	1043.46	cc_tinlayout_fused_swin_1h_32_1_outview_wait_fp8	cc_tinlayout_fused_swin_1h_32_1_outview_wait_fp8
310	1	1788730542175967232	1788730542181239808	1000000000	5272.58	cc_tinlayout_fused_post_block_swin_1h_32_fp8	cc_tinlayout_fused_post_block_swin_1h_32_fp8
311	1	1788730542181243904	1788730542181662720	1000000000	418.816	cg2r_copy_kernel	cg2r_copy_kernel
312	1	1788730542370553856	1788730542370557952	1000000000	4.096	cc_cb_clear	cc_cb_clear
313	1	1788730542370562048	1788730542373514240	1000000000	2952.19	cc_tinlayout_fused_pre_block_swin_1h_32_1_ds_fp8	cc_tinlayout_fused_pre_block_swin_1h_32_1_ds_fp8
314	1	1788730542373518336	1788730542374251520	1000000000	733.184	cc_tinlayout_fused_swin_1h_32_1_inpview_tilesync_fp8	cc_tinlayout_fused_swin_1h_32_1_inpview_tilesync_fp8
315	1	1788730542374255616	1788730542375108608	1000000000	852.992	cc_tinlayout_fused_swin_1h_32_1_chained_fp8	cc_tinlayout_fused_swin_1h_32_1_chained_fp8
316	1	1788730542375112704	1788730542375947264	1000000000	834.56	cc_tinlayout_fused_swin_1h_32_1_chained_fp8	cc_tinlayout_fused_swin_1h_32_1_chained_fp8
317	1	1788730542375951360	1788730542376788992	1000000000	837.632	cc_tinlayout_fused_swin_1h_32_1_ds_wait_fp8	cc_tinlayout_fused_swin_1h_32_1_ds_wait_fp8
318	1	1788730542376793088	1788730542377297920	1000000000	504.832	cc_tinlayout_fused_swin_2h_64_2_inpview_tilesync_fp8	cc_tinlayout_fused_swin_2h_64_2_inpview_tilesync_fp8
319	1	1788730542377302016	1788730542377825280	1000000000	523.264	cc_tinlayout_fused_swin_2h_64_2_chained_fp8	cc_tinlayout_fused_swin_2h_64_2_chained_fp8
320	1	1788730542377829376	1788730542378319872	1000000000	490.496	cc_tinlayout_fused_swin_2h_64_2_chained_fp8	cc_tinlayout_fused_swin_2h_64_2_chained_fp8
321	1	1788730542378324992	1788730542378853376	1000000000	528.384	cc_tinlayout_fused_swin_2h_64_2_ds_wait_fp8	cc_tinlayout_fused_swin_2h_64_2_ds_wait_fp8
322	1	1788730542378857472	1788730542379186176	1000000000	328.704	cc_tinlayout_fused_swin_4h_128_4_inpview_tilesync_fp8	cc_tinlayout_fused_swin_4h_128_4_inpview_tilesync_fp8
323	1	1788730542379190272	1788730542379510784	1000000000	320.512	cc_tinlayout_fused_swin_4h_128_4_chained_fp8	cc_tinlayout_fused_swin_4h_128_4_chained_fp8
324	1	1788730542379515904	1788730542379834368	1000000000	318.464	cc_tinlayout_fused_swin_4h_128_4_chained_fp8	cc_tinlayout_fused_swin_4h_128_4_chained_fp8
325	1	1788730542379839488	1788730542380162048	1000000000	322.56	cc_tinlayout_fused_swin_4h_128_4_chained_fp8	cc_tinlayout_fused_swin_4h_128_4_chained_fp8
326	1	1788730542380166144	1788730542380483584	1000000000	317.44	cc_tinlayout_fused_swin_4h_128_4_chained_fp8	cc_tinlayout_fused_swin_4h_128_4_chained_fp8
327	1	1788730542380488704	1788730542380850176	1000000000	361.472	cc_tinlayout_fused_swin_4h_128_4_ds_wait_fp8	cc_tinlayout_fused_swin_4h_128_4_ds_wait_fp8
328	1	1788730542380854272	1788730542381181952	1000000000	327.68	cc_tinlayout_fused_swin_8h_256_8_inpview_tilesync_fp8	cc_tinlayout_fused_swin_8h_256_8_inpview_tilesync_fp8
329	1	1788730542381186048	1788730542381635584	1000000000	449.536	cc_tinlayout_fused_swin_8h_256_8_chained_fp8	cc_tinlayout_fused_swin_8h_256_8_chained_fp8
330	1	1788730542381640704	1788730542382043136	1000000000	402.432	cc_tinlayout_fused_swin_8h_256_8_chained_fp8	cc_tinlayout_fused_swin_8h_256_8_chained_fp8
331	1	1788730542382047232	1788730542382361600	1000000000	314.368	cc_tinlayout_fused_swin_8h_256_8_chained_fp8	cc_tinlayout_fused_swin_8h_256_8_chained_fp8
332	1	1788730542382365696	1788730542382700544	1000000000	334.848	cc_tinlayout_fused_swin_8h_256_8_chained_fp8	cc_tinlayout_fused_swin_8h_256_8_chained_fp8
333	1	1788730542382704640	1788730542383106048	1000000000	401.408	cc_tinlayout_fused_swin_8h_256_8_chained_fp8	cc_tinlayout_fused_swin_8h_256_8_chained_fp8
334	1	1788730542383110144	1788730542383513600	1000000000	403.456	cc_tinlayout_fused_swin_8h_256_8_chained_fp8	cc_tinlayout_fused_swin_8h_256_8_chained_fp8
335	1	1788730542383517696	1788730542383874048	1000000000	356.352	cc_tinlayout_fused_swin_8h_256_8_ds_wait_fp8	cc_tinlayout_fused_swin_8h_256_8_ds_wait_fp8
336	1	1788730542383879168	1788730542383972352	1000000000	93.184	cc_split_swin_16h_ffwd_inpview_512_tilesync_fp8	cc_split_swin_16h_ffwd_inpview_512_tilesync_fp8
337	1	1788730542383976448	1788730542384069632	1000000000	93.184	cc_split_swin_16h_ffwd_proj_inpview_512_chained_fp8	cc_split_swin_16h_ffwd_proj_inpview_512_chained_fp8
338	1	1788730542384074752	1788730542384162816	1000000000	88.064	cc_split_swin_16h_qkv_512_chained_fp8	cc_split_swin_16h_qkv_512_chained_fp8
339	1	1788730542384165888	1788730542384214016	1000000000	48.128	cc_split_swin_16h_proj_512_chained_fp8	cc_split_swin_16h_proj_512_chained_fp8
340	1	1788730542384218112	1788730542384309248	1000000000	91.136	cc_split_swin_16h_ffwd_512_chained_fp8	cc_split_swin_16h_ffwd_512_chained_fp8
341	1	1788730542384313344	1788730542384362496	1000000000	49.152	cc_split_swin_16h_ffwd_proj_512_chained_fp8	cc_split_swin_16h_ffwd_proj_512_chained_fp8
342	1	1788730542384366592	1788730542384478208	1000000000	111.616	cc_split_swin_16h_qkv_512_chained_fp8	cc_split_swin_16h_qkv_512_chained_fp8
343	1	1788730542384482304	1788730542384530432	1000000000	48.128	cc_split_swin_16h_proj_512_chained_fp8	cc_split_swin_16h_proj_512_chained_fp8
344	1	1788730542384534528	1788730542384627712	1000000000	93.184	cc_split_swin_16h_ffwd_512_chained_fp8	cc_split_swin_16h_ffwd_512_chained_fp8
345	1	1788730542384630784	1788730542384680960	1000000000	50.176	cc_split_swin_16h_ffwd_proj_512_chained_fp8	cc_split_swin_16h_ffwd_proj_512_chained_fp8
346	1	1788730542384685056	1788730542384792576	1000000000	107.52	cc_split_swin_16h_qkv_512_chained_fp8	cc_split_swin_16h_qkv_512_chained_fp8
347	1	1788730542384796672	1788730542384846848	1000000000	50.176	cc_split_swin_16h_proj_512_chained_fp8	cc_split_swin_16h_proj_512_chained_fp8
348	1	1788730542384850944	1788730542384942080	1000000000	91.136	cc_split_swin_16h_ffwd_512_chained_fp8	cc_split_swin_16h_ffwd_512_chained_fp8
349	1	1788730542384946176	1788730542384996352	1000000000	50.176	cc_split_swin_16h_ffwd_proj_512_chained_fp8	cc_split_swin_16h_ffwd_proj_512_chained_fp8
350	1	1788730542385000448	1788730542385106944	1000000000	106.496	cc_split_swin_16h_qkv_512_chained_fp8	cc_split_swin_16h_qkv_512_chained_fp8
351	1	1788730542385111040	1788730542385158144	1000000000	47.104	cc_split_swin_16h_proj_512_chained_fp8	cc_split_swin_16h_proj_512_chained_fp8
352	1	1788730542385163264	1788730542385254400	1000000000	91.136	cc_split_swin_16h_ffwd_512_chained_fp8	cc_split_swin_16h_ffwd_512_chained_fp8
353	1	1788730542385258496	1788730542385307648	1000000000	49.152	cc_split_swin_16h_ffwd_proj_512_chained_fp8	cc_split_swin_16h_ffwd_proj_512_chained_fp8
354	1	1788730542385311744	1788730542385397760	1000000000	86.016	cc_split_swin_16h_qkv_512_chained_fp8	cc_split_swin_16h_qkv_512_chained_fp8
355	1	1788730542385401856	1788730542385448960	1000000000	47.104	cc_split_swin_16h_proj_512_chained_fp8	cc_split_swin_16h_proj_512_chained_fp8
356	1	1788730542385453056	1788730542385545216	1000000000	92.16	cc_split_swin_16h_ffwd_512_chained_fp8	cc_split_swin_16h_ffwd_512_chained_fp8
357	1	1788730542385548288	1788730542385597440	1000000000	49.152	cc_split_swin_16h_ffwd_proj_512_chained_fp8	cc_split_swin_16h_ffwd_proj_512_chained_fp8
358	1	1788730542385601536	1788730542385710080	1000000000	108.544	cc_split_swin_16h_qkv_512_chained_fp8	cc_split_swin_16h_qkv_512_chained_fp8
359	1	1788730542385714176	1788730542385762304	1000000000	48.128	cc_split_swin_16h_proj_512_chained_fp8	cc_split_swin_16h_proj_512_chained_fp8
360	1	1788730542385766400	1788730542385858560	1000000000	92.16	cc_split_swin_16h_ffwd_512_chained_fp8	cc_split_swin_16h_ffwd_512_chained_fp8
361	1	1788730542385861632	1788730542385910784	1000000000	49.152	cc_split_swin_16h_ffwd_proj_512_chained_fp8	cc_split_swin_16h_ffwd_proj_512_chained_fp8
362	1	1788730542385914880	1788730542386024448	1000000000	109.568	cc_split_swin_16h_qkv_512_chained_fp8	cc_split_swin_16h_qkv_512_chained_fp8
363	1	1788730542386027520	1788730542386076672	1000000000	49.152	cc_split_swin_16h_proj_512_chained_fp8	cc_split_swin_16h_proj_512_chained_fp8
364	1	1788730542386080768	1788730542386171904	1000000000	91.136	cc_split_swin_16h_ffwd_512_chained_fp8	cc_split_swin_16h_ffwd_512_chained_fp8
365	1	1788730542386176000	1788730542386225152	1000000000	49.152	cc_split_swin_16h_ffwd_proj_512_chained_fp8	cc_split_swin_16h_ffwd_proj_512_chained_fp8
366	1	1788730542386229248	1788730542386335744	1000000000	106.496	cc_split_swin_16h_qkv_512_chained_fp8	cc_split_swin_16h_qkv_512_chained_fp8
367	1	1788730542386339840	1788730542386381824	1000000000	41.984	cc_split_swin_16h_proj_pool_512_chained_fp8	cc_split_swin_16h_proj_pool_512_chained_fp8
368	1	1788730542386385920	1788730542386414592	1000000000	28.672	cc_split_swin_16h_final_head_512_wait_fp8	cc_split_swin_16h_final_head_512_wait_fp8
369	1	1788730542386418688	1788730542386426880	1000000000	8.192	cc_vit_1d_repack_2d_to_1d_fp8	cc_vit_1d_repack_2d_to_1d_fp8
370	1	1788730542386429952	1788730542386603008	1000000000	173.056	cc_vit_1d_ffn_expand_publish_fp8	cc_vit_1d_ffn_expand_publish_fp8
371	1	1788730542386607104	1788730542386725888	1000000000	118.784	cc_vit_1d_ffn_contract_chained_fp8	cc_vit_1d_ffn_contract_chained_fp8
372	1	1788730542386729984	1788730542386830336	1000000000	100.352	cc_vit_1d_qkv_chained_fp8	cc_vit_1d_qkv_chained_fp8
373	1	1788730542386834432	1788730542386932736	1000000000	98.304	cc_vit_1d_attention_chained_fp8	cc_vit_1d_attention_chained_fp8
374	1	1788730542386936832	1788730542386982912	1000000000	46.08	cc_vit_1d_projection_chained_fp8	cc_vit_1d_projection_chained_fp8
375	1	1788730542386987008	1788730542387140608	1000000000	153.6	cc_vit_1d_ffn_expand_chained_fp8	cc_vit_1d_ffn_expand_chained_fp8
376	1	1788730542387144704	1788730542387261440	1000000000	116.736	cc_vit_1d_ffn_contract_chained_fp8	cc_vit_1d_ffn_contract_chained_fp8
377	1	1788730542387266560	1788730542387365888	1000000000	99.328	cc_vit_1d_qkv_chained_fp8	cc_vit_1d_qkv_chained_fp8
378	1	1788730542387369984	1788730542387468288	1000000000	98.304	cc_vit_1d_attention_chained_fp8	cc_vit_1d_attention_chained_fp8
379	1	1788730542387471360	1788730542387518464	1000000000	47.104	cc_vit_1d_projection_chained_fp8	cc_vit_1d_projection_chained_fp8
380	1	1788730542387522560	1788730542387675136	1000000000	152.576	cc_vit_1d_ffn_expand_chained_fp8	cc_vit_1d_ffn_expand_chained_fp8
381	1	1788730542387678208	1788730542387794944	1000000000	116.736	cc_vit_1d_ffn_contract_chained_fp8	cc_vit_1d_ffn_contract_chained_fp8
382	1	1788730542387799040	1788730542387898368	1000000000	99.328	cc_vit_1d_qkv_chained_fp8	cc_vit_1d_qkv_chained_fp8
383	1	1788730542387902464	1788730542388000768	1000000000	98.304	cc_vit_1d_attention_chained_fp8	cc_vit_1d_attention_chained_fp8
384	1	1788730542388004864	1788730542388050944	1000000000	46.08	cc_vit_1d_projection_chained_fp8	cc_vit_1d_projection_chained_fp8
385	1	1788730542388055040	1788730542388209664	1000000000	154.624	cc_vit_1d_ffn_expand_chained_fp8	cc_vit_1d_ffn_expand_chained_fp8
386	1	1788730542388213760	1788730542388331520	1000000000	117.76	cc_vit_1d_ffn_contract_chained_fp8	cc_vit_1d_ffn_contract_chained_fp8
387	1	1788730542388337920	1788730542388438016	1000000000	100.096	cc_vit_1d_qkv_chained_fp8	cc_vit_1d_qkv_chained_fp8
388	1	1788730542388442112	1788730542388539392	1000000000	97.28	cc_vit_1d_attention_chained_fp8	cc_vit_1d_attention_chained_fp8
389	1	1788730542388543488	1788730542388590592	1000000000	47.104	cc_vit_1d_projection_chained_fp8	cc_vit_1d_projection_chained_fp8
390	1	1788730542388594688	1788730542388746240	1000000000	151.552	cc_vit_1d_ffn_expand_chained_fp8	cc_vit_1d_ffn_expand_chained_fp8
391	1	1788730542388752384	1788730542388870144	1000000000	117.76	cc_vit_1d_ffn_contract_chained_fp8	cc_vit_1d_ffn_contract_chained_fp8
392	1	1788730542388874240	1788730542388974592	1000000000	100.352	cc_vit_1d_qkv_chained_fp8	cc_vit_1d_qkv_chained_fp8
393	1	1788730542388980736	1788730542389078016	1000000000	97.28	cc_vit_1d_attention_chained_fp8	cc_vit_1d_attention_chained_fp8
394	1	1788730542389082112	1788730542389129216	1000000000	47.104	cc_vit_1d_projection_chained_fp8	cc_vit_1d_projection_chained_fp8
395	1	1788730542389133312	1788730542389285888	1000000000	152.576	cc_vit_1d_ffn_expand_chained_fp8	cc_vit_1d_ffn_expand_chained_fp8
396	1	1788730542389291008	1788730542389409792	1000000000	118.784	cc_vit_1d_ffn_contract_chained_fp8	cc_vit_1d_ffn_contract_chained_fp8
397	1	1788730542389413888	1788730542389514240	1000000000	100.352	cc_vit_1d_qkv_chained_fp8	cc_vit_1d_qkv_chained_fp8
398	1	1788730542389518336	1788730542389615616	1000000000	97.28	cc_vit_1d_attention_chained_fp8	cc_vit_1d_attention_chained_fp8
399	1	1788730542389619712	1788730542389667840	1000000000	48.128	cc_vit_1d_projection_chained_fp8	cc_vit_1d_projection_chained_fp8
400	1	1788730542389671936	1788730542389823488	1000000000	151.552	cc_vit_1d_ffn_expand_chained_fp8	cc_vit_1d_ffn_expand_chained_fp8
401	1	1788730542389827584	1788730542389946368	1000000000	118.784	cc_vit_1d_ffn_contract_chained_fp8	cc_vit_1d_ffn_contract_chained_fp8
402	1	1788730542389950464	1788730542390049792	1000000000	99.328	cc_vit_1d_qkv_chained_fp8	cc_vit_1d_qkv_chained_fp8
403	1	1788730542390053888	1788730542390152192	1000000000	98.304	cc_vit_1d_attention_chained_fp8	cc_vit_1d_attention_chained_fp8
404	1	1788730542390155264	1788730542390203392	1000000000	48.128	cc_vit_1d_projection_chained_fp8	cc_vit_1d_projection_chained_fp8
405	1	1788730542390207488	1788730542390359040	1000000000	151.552	cc_vit_1d_ffn_expand_chained_fp8	cc_vit_1d_ffn_expand_chained_fp8
406	1	1788730542390363136	1788730542390480896	1000000000	117.76	cc_vit_1d_ffn_contract_chained_fp8	cc_vit_1d_ffn_contract_chained_fp8
407	1	1788730542390484992	1788730542390586368	1000000000	101.376	cc_vit_1d_qkv_chained_fp8	cc_vit_1d_qkv_chained_fp8
408	1	1788730542390590464	1788730542390687744	1000000000	97.28	cc_vit_1d_attention_chained_fp8	cc_vit_1d_attention_chained_fp8
409	1	1788730542390691840	1788730542390738944	1000000000	47.104	cc_vit_1d_projection_wait_fp8	cc_vit_1d_projection_wait_fp8
410	1	1788730542390743040	1788730542390750208	1000000000	7.168	cc_vit_1d_repack_1d_to_2d_fp8	cc_vit_1d_repack_1d_to_2d_fp8
411	1	1788730542390754304	1788730542390792192	1000000000	37.888	cc_dec_input_upsample_1024_512_tilesync_fp8	cc_dec_input_upsample_1024_512_tilesync_fp8
412	1	1788730542390796288	1788730542390888448	1000000000	92.16	cc_split_swin_16h_ffwd_512_chained_fp8	cc_split_swin_16h_ffwd_512_chained_fp8
413	1	1788730542390892544	1788730542390940672	1000000000	48.128	cc_split_swin_16h_ffwd_proj_512_chained_fp8	cc_split_swin_16h_ffwd_proj_512_chained_fp8
414	1	1788730542390945792	1788730542391030784	1000000000	84.992	cc_split_swin_16h_qkv_512_chained_fp8	cc_split_swin_16h_qkv_512_chained_fp8
415	1	1788730542391034880	1788730542391081984	1000000000	47.104	cc_split_swin_16h_proj_512_chained_fp8	cc_split_swin_16h_proj_512_chained_fp8
416	1	1788730542391086080	1788730542391178240	1000000000	92.16	cc_split_swin_16h_ffwd_512_chained_fp8	cc_split_swin_16h_ffwd_512_chained_fp8
417	1	1788730542391182336	1788730542391231488	1000000000	49.152	cc_split_swin_16h_ffwd_proj_512_chained_fp8	cc_split_swin_16h_ffwd_proj_512_chained_fp8
418	1	1788730542391237632	1788730542391346176	1000000000	108.544	cc_split_swin_16h_qkv_512_chained_fp8	cc_split_swin_16h_qkv_512_chained_fp8
419	1	1788730542391350272	1788730542391399424	1000000000	49.152	cc_split_swin_16h_proj_512_chained_fp8	cc_split_swin_16h_proj_512_chained_fp8
420	1	1788730542391402496	1788730542391494656	1000000000	92.16	cc_split_swin_16h_ffwd_512_chained_fp8	cc_split_swin_16h_ffwd_512_chained_fp8
421	1	1788730542391498752	1788730542391547904	1000000000	49.152	cc_split_swin_16h_ffwd_proj_512_chained_fp8	cc_split_swin_16h_ffwd_proj_512_chained_fp8
422	1	1788730542391552000	1788730542391659520	1000000000	107.52	cc_split_swin_16h_qkv_512_chained_fp8	cc_split_swin_16h_qkv_512_chained_fp8
423	1	1788730542391663616	1788730542391711744	1000000000	48.128	cc_split_swin_16h_proj_512_chained_fp8	cc_split_swin_16h_proj_512_chained_fp8
424	1	1788730542391715840	1788730542391809024	1000000000	93.184	cc_split_swin_16h_ffwd_512_chained_fp8	cc_split_swin_16h_ffwd_512_chained_fp8
425	1	1788730542391812096	1788730542391862272	1000000000	50.176	cc_split_swin_16h_ffwd_proj_512_chained_fp8	cc_split_swin_16h_ffwd_proj_512_chained_fp8
426	1	1788730542391866368	1788730542391974912	1000000000	108.544	cc_split_swin_16h_qkv_512_chained_fp8	cc_split_swin_16h_qkv_512_chained_fp8
427	1	1788730542391977984	1788730542392026112	1000000000	48.128	cc_split_swin_16h_proj_512_chained_fp8	cc_split_swin_16h_proj_512_chained_fp8
428	1	1788730542392030208	1788730542392121344	1000000000	91.136	cc_split_swin_16h_ffwd_512_chained_fp8	cc_split_swin_16h_ffwd_512_chained_fp8
429	1	1788730542392125440	1788730542392174592	1000000000	49.152	cc_split_swin_16h_ffwd_proj_512_chained_fp8	cc_split_swin_16h_ffwd_proj_512_chained_fp8
430	1	1788730542392178688	1788730542392266752	1000000000	88.064	cc_split_swin_16h_qkv_512_chained_fp8	cc_split_swin_16h_qkv_512_chained_fp8
431	1	1788730542392271872	1788730542392318976	1000000000	47.104	cc_split_swin_16h_proj_512_chained_fp8	cc_split_swin_16h_proj_512_chained_fp8
432	1	1788730542392322048	1788730542392414208	1000000000	92.16	cc_split_swin_16h_ffwd_512_chained_fp8	cc_split_swin_16h_ffwd_512_chained_fp8
433	1	1788730542392418304	1788730542392467456	1000000000	49.152	cc_split_swin_16h_ffwd_proj_512_chained_fp8	cc_split_swin_16h_ffwd_proj_512_chained_fp8
434	1	1788730542392471552	1788730542392583168	1000000000	111.616	cc_split_swin_16h_qkv_512_chained_fp8	cc_split_swin_16h_qkv_512_chained_fp8
435	1	1788730542392587264	1788730542392636416	1000000000	49.152	cc_split_swin_16h_proj_512_chained_fp8	cc_split_swin_16h_proj_512_chained_fp8
436	1	1788730542392640512	1788730542392732672	1000000000	92.16	cc_split_swin_16h_ffwd_512_chained_fp8	cc_split_swin_16h_ffwd_512_chained_fp8
437	1	1788730542392736768	1788730542392785920	1000000000	49.152	cc_split_swin_16h_ffwd_proj_512_chained_fp8	cc_split_swin_16h_ffwd_proj_512_chained_fp8
438	1	1788730542392790016	1788730542392898560	1000000000	108.544	cc_split_swin_16h_qkv_512_chained_fp8	cc_split_swin_16h_qkv_512_chained_fp8
439	1	1788730542392902656	1788730542392951808	1000000000	49.152	cc_split_swin_16h_proj_512_chained_fp8	cc_split_swin_16h_proj_512_chained_fp8
440	1	1788730542392955904	1788730542393048064	1000000000	92.16	cc_split_swin_16h_ffwd_512_chained_fp8	cc_split_swin_16h_ffwd_512_chained_fp8
441	1	1788730542393052160	1788730542393102336	1000000000	50.176	cc_split_swin_16h_ffwd_proj_512_chained_fp8	cc_split_swin_16h_ffwd_proj_512_chained_fp8
442	1	1788730542393106432	1788730542393213952	1000000000	107.52	cc_split_swin_16h_qkv_512_chained_fp8	cc_split_swin_16h_qkv_512_chained_fp8
443	1	1788730542393218048	1788730542393316352	1000000000	98.304	cc_split_swin_16h_proj_512_outview_wait_fp8	cc_split_swin_16h_proj_512_outview_wait_fp8
444	1	1788730542393320448	1788730542393684992	1000000000	364.544	cc_tinlayout_fused_swin_8h_256_8_upsample_tilesync_fp8	cc_tinlayout_fused_swin_8h_256_8_upsample_tilesync_fp8
445	1	1788730542393689088	1788730542394130432	1000000000	441.344	cc_tinlayout_fused_swin_8h_256_8_chained_fp8	cc_tinlayout_fused_swin_8h_256_8_chained_fp8
446	1	1788730542394134528	1788730542394535936	1000000000	401.408	cc_tinlayout_fused_swin_8h_256_8_chained_fp8	cc_tinlayout_fused_swin_8h_256_8_chained_fp8
447	1	1788730542394540032	1788730542394857472	1000000000	317.44	cc_tinlayout_fused_swin_8h_256_8_chained_fp8	cc_tinlayout_fused_swin_8h_256_8_chained_fp8
448	1	1788730542394861568	1788730542395173888	1000000000	312.32	cc_tinlayout_fused_swin_8h_256_8_chained_fp8	cc_tinlayout_fused_swin_8h_256_8_chained_fp8
449	1	1788730542395177984	1788730542395575296	1000000000	397.312	cc_tinlayout_fused_swin_8h_256_8_chained_fp8	cc_tinlayout_fused_swin_8h_256_8_chained_fp8
450	1	1788730542395579392	1788730542395981824	1000000000	402.432	cc_tinlayout_fused_swin_8h_256_8_chained_fp8	cc_tinlayout_fused_swin_8h_256_8_chained_fp8
451	1	1788730542395985920	1788730542396286976	1000000000	301.056	cc_tinlayout_fused_swin_8h_256_8_outview_wait_fp8	cc_tinlayout_fused_swin_8h_256_8_outview_wait_fp8
452	1	1788730542396291072	1788730542396709888	1000000000	418.816	cc_tinlayout_fused_swin_4h_128_4_upsample_tilesync_fp8	cc_tinlayout_fused_swin_4h_128_4_upsample_tilesync_fp8
453	1	1788730542396713984	1788730542397038592	1000000000	324.608	cc_tinlayout_fused_swin_4h_128_4_chained_fp8	cc_tinlayout_fused_swin_4h_128_4_chained_fp8
454	1	1788730542397042688	1788730542397358080	1000000000	315.392	cc_tinlayout_fused_swin_4h_128_4_chained_fp8	cc_tinlayout_fused_swin_4h_128_4_chained_fp8
455	1	1788730542397362176	1788730542397683712	1000000000	321.536	cc_tinlayout_fused_swin_4h_128_4_chained_fp8	cc_tinlayout_fused_swin_4h_128_4_chained_fp8
456	1	1788730542397687808	1788730542398006272	1000000000	318.464	cc_tinlayout_fused_swin_4h_128_4_chained_fp8	cc_tinlayout_fused_swin_4h_128_4_chained_fp8
457	1	1788730542398010368	1788730542398338048	1000000000	327.68	cc_tinlayout_fused_swin_4h_128_4_outview_wait_fp8	cc_tinlayout_fused_swin_4h_128_4_outview_wait_fp8
458	1	1788730542398342144	1788730542399050752	1000000000	708.608	cc_tinlayout_fused_swin_2h_64_2_upsample_tilesync_fp8	cc_tinlayout_fused_swin_2h_64_2_upsample_tilesync_fp8
459	1	1788730542399054848	1788730542399583232	1000000000	528.384	cc_tinlayout_fused_swin_2h_64_2_chained_fp8	cc_tinlayout_fused_swin_2h_64_2_chained_fp8
460	1	1788730542399587328	1788730542400080896	1000000000	493.568	cc_tinlayout_fused_swin_2h_64_2_chained_fp8	cc_tinlayout_fused_swin_2h_64_2_chained_fp8
461	1	1788730542400084992	1788730542400581632	1000000000	496.64	cc_tinlayout_fused_swin_2h_64_2_outview_wait_fp8	cc_tinlayout_fused_swin_2h_64_2_outview_wait_fp8
462	1	1788730542400585728	1788730542401853440	1000000000	1267.71	cc_tinlayout_fused_swin_1h_32_1_upsample_tilesync_fp8	cc_tinlayout_fused_swin_1h_32_1_upsample_tilesync_fp8
463	1	1788730542401857536	1788730542402702336	1000000000	844.8	cc_tinlayout_fused_swin_1h_32_1_chained_fp8	cc_tinlayout_fused_swin_1h_32_1_chained_fp8
464	1	1788730542402705408	1788730542403519488	1000000000	814.08	cc_tinlayout_fused_swin_1h_32_1_chained_fp8	cc_tinlayout_fused_swin_1h_32_1_chained_fp8
465	1	1788730542403523584	1788730542404559872	1000000000	1036.29	cc_tinlayout_fused_swin_1h_32_1_outview_wait_fp8	cc_tinlayout_fused_swin_1h_32_1_outview_wait_fp8
466	1	1788730542404563968	1788730542409802752	1000000000	5238.78	cc_tinlayout_fused_post_block_swin_1h_32_fp8	cc_tinlayout_fused_post_block_swin_1h_32_fp8
467	1	1788730542409806848	1788730542409857024	1000000000	50.176	cg2r_copy_kernel	cg2r_copy_kernel
468	1	1788730542598524928	1788730542598529024	1000000000	4.096	cc_cb_clear	cc_cb_clear
469	1	1788730542598533120	1788730542601484288	1000000000	2951.17	cc_tinlayout_fused_pre_block_swin_1h_32_1_ds_fp8	cc_tinlayout_fused_pre_block_swin_1h_32_1_ds_fp8
470	1	1788730542601488384	1788730542602223616	1000000000	735.232	cc_tinlayout_fused_swin_1h_32_1_inpview_tilesync_fp8	cc_tinlayout_fused_swin_1h_32_1_inpview_tilesync_fp8
471	1	1788730542602227712	1788730542603070464	1000000000	842.752	cc_tinlayout_fused_swin_1h_32_1_chained_fp8	cc_tinlayout_fused_swin_1h_32_1_chained_fp8
472	1	1788730542603074560	1788730542603879424	1000000000	804.864	cc_tinlayout_fused_swin_1h_32_1_chained_fp8	cc_tinlayout_fused_swin_1h_32_1_chained_fp8
473	1	1788730542603883520	1788730542604718080	1000000000	834.56	cc_tinlayout_fused_swin_1h_32_1_ds_wait_fp8	cc_tinlayout_fused_swin_1h_32_1_ds_wait_fp8
474	1	1788730542604722176	1788730542605215744	1000000000	493.568	cc_tinlayout_fused_swin_2h_64_2_inpview_tilesync_fp8	cc_tinlayout_fused_swin_2h_64_2_inpview_tilesync_fp8
475	1	1788730542605219840	1788730542605742080	1000000000	522.24	cc_tinlayout_fused_swin_2h_64_2_chained_fp8	cc_tinlayout_fused_swin_2h_64_2_chained_fp8
476	1	1788730542605746176	1788730542606242816	1000000000	496.64	cc_tinlayout_fused_swin_2h_64_2_chained_fp8	cc_tinlayout_fused_swin_2h_64_2_chained_fp8
477	1	1788730542606246912	1788730542606778368	1000000000	531.456	cc_tinlayout_fused_swin_2h_64_2_ds_wait_fp8	cc_tinlayout_fused_swin_2h_64_2_ds_wait_fp8
478	1	1788730542606782464	1788730542607114240	1000000000	331.776	cc_tinlayout_fused_swin_4h_128_4_inpview_tilesync_fp8	cc_tinlayout_fused_swin_4h_128_4_inpview_tilesync_fp8
479	1	1788730542607118336	1788730542607444992	1000000000	326.656	cc_tinlayout_fused_swin_4h_128_4_chained_fp8	cc_tinlayout_fused_swin_4h_128_4_chained_fp8
480	1	1788730542607449088	1788730542607769600	1000000000	320.512	cc_tinlayout_fused_swin_4h_128_4_chained_fp8	cc_tinlayout_fused_swin_4h_128_4_chained_fp8
481	1	1788730542607774720	1788730542608096256	1000000000	321.536	cc_tinlayout_fused_swin_4h_128_4_chained_fp8	cc_tinlayout_fused_swin_4h_128_4_chained_fp8
482	1	1788730542608101376	1788730542608422912	1000000000	321.536	cc_tinlayout_fused_swin_4h_128_4_chained_fp8	cc_tinlayout_fused_swin_4h_128_4_chained_fp8
483	1	1788730542608427008	1788730542608792576	1000000000	365.568	cc_tinlayout_fused_swin_4h_128_4_ds_wait_fp8	cc_tinlayout_fused_swin_4h_128_4_ds_wait_fp8
484	1	1788730542608796672	1788730542609123328	1000000000	326.656	cc_tinlayout_fused_swin_8h_256_8_inpview_tilesync_fp8	cc_tinlayout_fused_swin_8h_256_8_inpview_tilesync_fp8
485	1	1788730542609127424	1788730542609576960	1000000000	449.536	cc_tinlayout_fused_swin_8h_256_8_chained_fp8	cc_tinlayout_fused_swin_8h_256_8_chained_fp8
486	1	1788730542609581056	1788730542609984512	1000000000	403.456	cc_tinlayout_fused_swin_8h_256_8_chained_fp8	cc_tinlayout_fused_swin_8h_256_8_chained_fp8
487	1	1788730542609988608	1788730542610302976	1000000000	314.368	cc_tinlayout_fused_swin_8h_256_8_chained_fp8	cc_tinlayout_fused_swin_8h_256_8_chained_fp8
488	1	1788730542610307072	1788730542610637824	1000000000	330.752	cc_tinlayout_fused_swin_8h_256_8_chained_fp8	cc_tinlayout_fused_swin_8h_256_8_chained_fp8
489	1	1788730542610642944	1788730542611042304	1000000000	399.36	cc_tinlayout_fused_swin_8h_256_8_chained_fp8	cc_tinlayout_fused_swin_8h_256_8_chained_fp8
490	1	1788730542611046400	1788730542611450880	1000000000	404.48	cc_tinlayout_fused_swin_8h_256_8_chained_fp8	cc_tinlayout_fused_swin_8h_256_8_chained_fp8
491	1	1788730542611456000	1788730542611808256	1000000000	352.256	cc_tinlayout_fused_swin_8h_256_8_ds_wait_fp8	cc_tinlayout_fused_swin_8h_256_8_ds_wait_fp8
492	1	1788730542611813376	1788730542611906560	1000000000	93.184	cc_split_swin_16h_ffwd_inpview_512_tilesync_fp8	cc_split_swin_16h_ffwd_inpview_512_tilesync_fp8
493	1	1788730542611910656	1788730542611999744	1000000000	89.088	cc_split_swin_16h_ffwd_proj_inpview_512_chained_fp8	cc_split_swin_16h_ffwd_proj_inpview_512_chained_fp8
494	1	1788730542612003840	1788730542612090880	1000000000	87.04	cc_split_swin_16h_qkv_512_chained_fp8	cc_split_swin_16h_qkv_512_chained_fp8
495	1	1788730542612094976	1788730542612142080	1000000000	47.104	cc_split_swin_16h_proj_512_chained_fp8	cc_split_swin_16h_proj_512_chained_fp8
496	1	1788730542612146176	1788730542612240384	1000000000	94.208	cc_split_swin_16h_ffwd_512_chained_fp8	cc_split_swin_16h_ffwd_512_chained_fp8
497	1	1788730542612244480	1788730542612293632	1000000000	49.152	cc_split_swin_16h_ffwd_proj_512_chained_fp8	cc_split_swin_16h_ffwd_proj_512_chained_fp8
498	1	1788730542612297728	1788730542612406272	1000000000	108.544	cc_split_swin_16h_qkv_512_chained_fp8	cc_split_swin_16h_qkv_512_chained_fp8
499	1	1788730542612410368	1788730542612459520	1000000000	49.152	cc_split_swin_16h_proj_512_chained_fp8	cc_split_swin_16h_proj_512_chained_fp8
500	1	1788730542612463616	1788730542612555776	1000000000	92.16	cc_split_swin_16h_ffwd_512_chained_fp8	cc_split_swin_16h_ffwd_512_chained_fp8
501	1	1788730542612559872	1788730542612610048	1000000000	50.176	cc_split_swin_16h_ffwd_proj_512_chained_fp8	cc_split_swin_16h_ffwd_proj_512_chained_fp8
502	1	1788730542612614144	1788730542612734976	1000000000	120.832	cc_split_swin_16h_qkv_512_chained_fp8	cc_split_swin_16h_qkv_512_chained_fp8
503	1	1788730542612739072	1788730542612789248	1000000000	50.176	cc_split_swin_16h_proj_512_chained_fp8	cc_split_swin_16h_proj_512_chained_fp8
504	1	1788730542612793344	1788730542612885504	1000000000	92.16	cc_split_swin_16h_ffwd_512_chained_fp8	cc_split_swin_16h_ffwd_512_chained_fp8
505	1	1788730542612888576	1788730542612937728	1000000000	49.152	cc_split_swin_16h_ffwd_proj_512_chained_fp8	cc_split_swin_16h_ffwd_proj_512_chained_fp8
506	1	1788730542612941824	1788730542613049344	1000000000	107.52	cc_split_swin_16h_qkv_512_chained_fp8	cc_split_swin_16h_qkv_512_chained_fp8
507	1	1788730542613053440	1788730542613100544	1000000000	47.104	cc_split_swin_16h_proj_512_chained_fp8	cc_split_swin_16h_proj_512_chained_fp8
508	1	1788730542613104640	1788730542613195776	1000000000	91.136	cc_split_swin_16h_ffwd_512_chained_fp8	cc_split_swin_16h_ffwd_512_chained_fp8
509	1	1788730542613199872	1788730542613248000	1000000000	48.128	cc_split_swin_16h_ffwd_proj_512_chained_fp8	cc_split_swin_16h_ffwd_proj_512_chained_fp8
510	1	1788730542613252096	1788730542613340160	1000000000	88.064	cc_split_swin_16h_qkv_512_chained_fp8	cc_split_swin_16h_qkv_512_chained_fp8
511	1	1788730542613344256	1788730542613390336	1000000000	46.08	cc_split_swin_16h_proj_512_chained_fp8	cc_split_swin_16h_proj_512_chained_fp8
512	1	1788730542613394432	1788730542613879808	1000000000	485.376	cc_split_swin_16h_ffwd_512_chained_fp8	cc_split_swin_16h_ffwd_512_chained_fp8
513	1	1788730542613884928	1788730542613932032	1000000000	47.104	cc_split_swin_16h_ffwd_proj_512_chained_fp8	cc_split_swin_16h_ffwd_proj_512_chained_fp8
514	1	1788730542613936128	1788730542614044672	1000000000	108.544	cc_split_swin_16h_qkv_512_chained_fp8	cc_split_swin_16h_qkv_512_chained_fp8
515	1	1788730542614047744	1788730542614096896	1000000000	49.152	cc_split_swin_16h_proj_512_chained_fp8	cc_split_swin_16h_proj_512_chained_fp8
516	1	1788730542614100992	1788730542614193152	1000000000	92.16	cc_split_swin_16h_ffwd_512_chained_fp8	cc_split_swin_16h_ffwd_512_chained_fp8
517	1	1788730542614197248	1788730542614634496	1000000000	437.248	cc_split_swin_16h_ffwd_proj_512_chained_fp8	cc_split_swin_16h_ffwd_proj_512_chained_fp8
518	1	1788730542614643712	1788730542614751232	1000000000	107.52	cc_split_swin_16h_qkv_512_chained_fp8	cc_split_swin_16h_qkv_512_chained_fp8
519	1	1788730542614755328	1788730542614803456	1000000000	48.128	cc_split_swin_16h_proj_512_chained_fp8	cc_split_swin_16h_proj_512_chained_fp8
520	1	1788730542614807552	1788730542614899712	1000000000	92.16	cc_split_swin_16h_ffwd_512_chained_fp8	cc_split_swin_16h_ffwd_512_chained_fp8
521	1	1788730542614902784	1788730542614951936	1000000000	49.152	cc_split_swin_16h_ffwd_proj_512_chained_fp8	cc_split_swin_16h_ffwd_proj_512_chained_fp8
522	1	1788730542614956032	1788730542615062528	1000000000	106.496	cc_split_swin_16h_qkv_512_chained_fp8	cc_split_swin_16h_qkv_512_chained_fp8
523	1	1788730542615065600	1788730542615107584	1000000000	41.984	cc_split_swin_16h_proj_pool_512_chained_fp8	cc_split_swin_16h_proj_pool_512_chained_fp8
524	1	1788730542615111680	1788730542615141376	1000000000	29.696	cc_split_swin_16h_final_head_512_wait_fp8	cc_split_swin_16h_final_head_512_wait_fp8
525	1	1788730542615144448	1788730542615152640	1000000000	8.192	cc_vit_1d_repack_2d_to_1d_fp8	cc_vit_1d_repack_2d_to_1d_fp8
526	1	1788730542615155712	1788730542615327744	1000000000	172.032	cc_vit_1d_ffn_expand_publish_fp8	cc_vit_1d_ffn_expand_publish_fp8
527	1	1788730542615331840	1788730542615448576	1000000000	116.736	cc_vit_1d_ffn_contract_chained_fp8	cc_vit_1d_ffn_contract_chained_fp8
528	1	1788730542615452672	1788730542615977984	1000000000	525.312	cc_vit_1d_qkv_chained_fp8	cc_vit_1d_qkv_chained_fp8
529	1	1788730542615983104	1788730542616081408	1000000000	98.304	cc_vit_1d_attention_chained_fp8	cc_vit_1d_attention_chained_fp8
530	1	1788730542616084480	1788730542616130560	1000000000	46.08	cc_vit_1d_projection_chained_fp8	cc_vit_1d_projection_chained_fp8
531	1	1788730542616134656	1788730542616293376	1000000000	158.72	cc_vit_1d_ffn_expand_chained_fp8	cc_vit_1d_ffn_expand_chained_fp8
532	1	1788730542616297472	1788730542616415232	1000000000	117.76	cc_vit_1d_ffn_contract_chained_fp8	cc_vit_1d_ffn_contract_chained_fp8
533	1	1788730542616419328	1788730542616518656	1000000000	99.328	cc_vit_1d_qkv_chained_fp8	cc_vit_1d_qkv_chained_fp8
534	1	1788730542616522752	1788730542616621056	1000000000	98.304	cc_vit_1d_attention_chained_fp8	cc_vit_1d_attention_chained_fp8
535	1	1788730542616625152	1788730542616672256	1000000000	47.104	cc_vit_1d_projection_chained_fp8	cc_vit_1d_projection_chained_fp8
536	1	1788730542616676352	1788730542616834048	1000000000	157.696	cc_vit_1d_ffn_expand_chained_fp8	cc_vit_1d_ffn_expand_chained_fp8
537	1	1788730542616838144	1788730542616955904	1000000000	117.76	cc_vit_1d_ffn_contract_chained_fp8	cc_vit_1d_ffn_contract_chained_fp8
538	1	1788730542616960000	1788730542617059328	1000000000	99.328	cc_vit_1d_qkv_chained_fp8	cc_vit_1d_qkv_chained_fp8
539	1	1788730542617063424	1788730542617160704	1000000000	97.28	cc_vit_1d_attention_chained_fp8	cc_vit_1d_attention_chained_fp8
540	1	1788730542617164800	1788730542617211904	1000000000	47.104	cc_vit_1d_projection_chained_fp8	cc_vit_1d_projection_chained_fp8
541	1	1788730542617216000	1788730542617370624	1000000000	154.624	cc_vit_1d_ffn_expand_chained_fp8	cc_vit_1d_ffn_expand_chained_fp8
542	1	1788730542617374720	1788730542617491456	1000000000	116.736	cc_vit_1d_ffn_contract_chained_fp8	cc_vit_1d_ffn_contract_chained_fp8
543	1	1788730542617495552	1788730542617595904	1000000000	100.352	cc_vit_1d_qkv_chained_fp8	cc_vit_1d_qkv_chained_fp8
544	1	1788730542617600000	1788730542617697280	1000000000	97.28	cc_vit_1d_attention_chained_fp8	cc_vit_1d_attention_chained_fp8
545	1	1788730542617701376	1788730542617748480	1000000000	47.104	cc_vit_1d_projection_chained_fp8	cc_vit_1d_projection_chained_fp8
546	1	1788730542617752576	1788730542617910272	1000000000	157.696	cc_vit_1d_ffn_expand_chained_fp8	cc_vit_1d_ffn_expand_chained_fp8
547	1	1788730542617914368	1788730542618034176	1000000000	119.808	cc_vit_1d_ffn_contract_chained_fp8	cc_vit_1d_ffn_contract_chained_fp8
548	1	1788730542618038272	1788730542618137600	1000000000	99.328	cc_vit_1d_qkv_chained_fp8	cc_vit_1d_qkv_chained_fp8
549	1	1788730542618142720	1788730542618240000	1000000000	97.28	cc_vit_1d_attention_chained_fp8	cc_vit_1d_attention_chained_fp8
550	1	1788730542618244096	1788730542618291200	1000000000	47.104	cc_vit_1d_projection_chained_fp8	cc_vit_1d_projection_chained_fp8
551	1	1788730542618295296	1788730542618452992	1000000000	157.696	cc_vit_1d_ffn_expand_chained_fp8	cc_vit_1d_ffn_expand_chained_fp8
552	1	1788730542618457088	1788730542618574848	1000000000	117.76	cc_vit_1d_ffn_contract_chained_fp8	cc_vit_1d_ffn_contract_chained_fp8
553	1	1788730542618579968	1788730542618679296	1000000000	99.328	cc_vit_1d_qkv_chained_fp8	cc_vit_1d_qkv_chained_fp8
554	1	1788730542618683392	1788730542618781696	1000000000	98.304	cc_vit_1d_attention_chained_fp8	cc_vit_1d_attention_chained_fp8
555	1	1788730542618785792	1788730542618831872	1000000000	46.08	cc_vit_1d_projection_chained_fp8	cc_vit_1d_projection_chained_fp8
556	1	1788730542618835968	1788730542618991616	1000000000	155.648	cc_vit_1d_ffn_expand_chained_fp8	cc_vit_1d_ffn_expand_chained_fp8
557	1	1788730542618995712	1788730542619112448	1000000000	116.736	cc_vit_1d_ffn_contract_chained_fp8	cc_vit_1d_ffn_contract_chained_fp8
558	1	1788730542619116544	1788730542619216896	1000000000	100.352	cc_vit_1d_qkv_chained_fp8	cc_vit_1d_qkv_chained_fp8
559	1	1788730542619220992	1788730542619318272	1000000000	97.28	cc_vit_1d_attention_chained_fp8	cc_vit_1d_attention_chained_fp8
560	1	1788730542619322368	1788730542619370496	1000000000	48.128	cc_vit_1d_projection_chained_fp8	cc_vit_1d_projection_chained_fp8
561	1	1788730542619375616	1788730542619527168	1000000000	151.552	cc_vit_1d_ffn_expand_chained_fp8	cc_vit_1d_ffn_expand_chained_fp8
562	1	1788730542619531264	1788730542619649024	1000000000	117.76	cc_vit_1d_ffn_contract_chained_fp8	cc_vit_1d_ffn_contract_chained_fp8
563	1	1788730542619653120	1788730542619751424	1000000000	98.304	cc_vit_1d_qkv_chained_fp8	cc_vit_1d_qkv_chained_fp8
564	1	1788730542619755520	1788730542619853824	1000000000	98.304	cc_vit_1d_attention_chained_fp8	cc_vit_1d_attention_chained_fp8
565	1	1788730542619857920	1788730542619905024	1000000000	47.104	cc_vit_1d_projection_wait_fp8	cc_vit_1d_projection_wait_fp8
566	1	1788730542619909120	1788730542619916288	1000000000	7.168	cc_vit_1d_repack_1d_to_2d_fp8	cc_vit_1d_repack_1d_to_2d_fp8
567	1	1788730542619919360	1788730542619957248	1000000000	37.888	cc_dec_input_upsample_1024_512_tilesync_fp8	cc_dec_input_upsample_1024_512_tilesync_fp8
568	1	1788730542619961344	1788730542620053504	1000000000	92.16	cc_split_swin_16h_ffwd_512_chained_fp8	cc_split_swin_16h_ffwd_512_chained_fp8
569	1	1788730542620057888	1788730542620106752	1000000000	48.864	cc_split_swin_16h_ffwd_proj_512_chained_fp8	cc_split_swin_16h_ffwd_proj_512_chained_fp8
570	1	1788730542620110848	1788730542620196864	1000000000	86.016	cc_split_swin_16h_qkv_512_chained_fp8	cc_split_swin_16h_qkv_512_chained_fp8
571	1	1788730542620200960	1788730542620248064	1000000000	47.104	cc_split_swin_16h_proj_512_chained_fp8	cc_split_swin_16h_proj_512_chained_fp8
572	1	1788730542620252160	1788730542620344320	1000000000	92.16	cc_split_swin_16h_ffwd_512_chained_fp8	cc_split_swin_16h_ffwd_512_chained_fp8
573	1	1788730542620348416	1788730542620396544	1000000000	48.128	cc_split_swin_16h_ffwd_proj_512_chained_fp8	cc_split_swin_16h_ffwd_proj_512_chained_fp8
574	1	1788730542620400640	1788730542620510208	1000000000	109.568	cc_split_swin_16h_qkv_512_chained_fp8	cc_split_swin_16h_qkv_512_chained_fp8
575	1	1788730542620514304	1788730542620563456	1000000000	49.152	cc_split_swin_16h_proj_512_chained_fp8	cc_split_swin_16h_proj_512_chained_fp8
576	1	1788730542620566528	1788730542620658688	1000000000	92.16	cc_split_swin_16h_ffwd_512_chained_fp8	cc_split_swin_16h_ffwd_512_chained_fp8
577	1	1788730542620662784	1788730542620710912	1000000000	48.128	cc_split_swin_16h_ffwd_proj_512_chained_fp8	cc_split_swin_16h_ffwd_proj_512_chained_fp8
578	1	1788730542620715008	1788730542620823552	1000000000	108.544	cc_split_swin_16h_qkv_512_chained_fp8	cc_split_swin_16h_qkv_512_chained_fp8
579	1	1788730542620827648	1788730542620875776	1000000000	48.128	cc_split_swin_16h_proj_512_chained_fp8	cc_split_swin_16h_proj_512_chained_fp8
580	1	1788730542620879872	1788730542620972032	1000000000	92.16	cc_split_swin_16h_ffwd_512_chained_fp8	cc_split_swin_16h_ffwd_512_chained_fp8
581	1	1788730542620976128	1788730542621024256	1000000000	48.128	cc_split_swin_16h_ffwd_proj_512_chained_fp8	cc_split_swin_16h_ffwd_proj_512_chained_fp8
582	1	1788730542621028352	1788730542621136896	1000000000	108.544	cc_split_swin_16h_qkv_512_chained_fp8	cc_split_swin_16h_qkv_512_chained_fp8
583	1	1788730542621140992	1788730542621190144	1000000000	49.152	cc_split_swin_16h_proj_512_chained_fp8	cc_split_swin_16h_proj_512_chained_fp8
584	1	1788730542621194240	1788730542621285376	1000000000	91.136	cc_split_swin_16h_ffwd_512_chained_fp8	cc_split_swin_16h_ffwd_512_chained_fp8
585	1	1788730542621289472	1788730542621338624	1000000000	49.152	cc_split_swin_16h_ffwd_proj_512_chained_fp8	cc_split_swin_16h_ffwd_proj_512_chained_fp8
586	1	1788730542621342720	1788730542621430784	1000000000	88.064	cc_split_swin_16h_qkv_512_chained_fp8	cc_split_swin_16h_qkv_512_chained_fp8
587	1	1788730542621433856	1788730542621480960	1000000000	47.104	cc_split_swin_16h_proj_512_chained_fp8	cc_split_swin_16h_proj_512_chained_fp8
588	1	1788730542621485056	1788730542621577216	1000000000	92.16	cc_split_swin_16h_ffwd_512_chained_fp8	cc_split_swin_16h_ffwd_512_chained_fp8
589	1	1788730542621581312	1788730542621629440	1000000000	48.128	cc_split_swin_16h_ffwd_proj_512_chained_fp8	cc_split_swin_16h_ffwd_proj_512_chained_fp8
590	1	1788730542621633536	1788730542621743104	1000000000	109.568	cc_split_swin_16h_qkv_512_chained_fp8	cc_split_swin_16h_qkv_512_chained_fp8
591	1	1788730542621747200	1788730542621796352	1000000000	49.152	cc_split_swin_16h_proj_512_chained_fp8	cc_split_swin_16h_proj_512_chained_fp8
592	1	1788730542621800448	1788730542621892608	1000000000	92.16	cc_split_swin_16h_ffwd_512_chained_fp8	cc_split_swin_16h_ffwd_512_chained_fp8
593	1	1788730542621896704	1788730542621945856	1000000000	49.152	cc_split_swin_16h_ffwd_proj_512_chained_fp8	cc_split_swin_16h_ffwd_proj_512_chained_fp8
594	1	1788730542621949952	1788730542622058496	1000000000	108.544	cc_split_swin_16h_qkv_512_chained_fp8	cc_split_swin_16h_qkv_512_chained_fp8
595	1	1788730542622062592	1788730542622111744	1000000000	49.152	cc_split_swin_16h_proj_512_chained_fp8	cc_split_swin_16h_proj_512_chained_fp8
596	1	1788730542622116864	1788730542622209024	1000000000	92.16	cc_split_swin_16h_ffwd_512_chained_fp8	cc_split_swin_16h_ffwd_512_chained_fp8
597	1	1788730542622213120	1788730542622261248	1000000000	48.128	cc_split_swin_16h_ffwd_proj_512_chained_fp8	cc_split_swin_16h_ffwd_proj_512_chained_fp8
598	1	1788730542622266368	1788730542622373888	1000000000	107.52	cc_split_swin_16h_qkv_512_chained_fp8	cc_split_swin_16h_qkv_512_chained_fp8
599	1	1788730542622377984	1788730542622471168	1000000000	93.184	cc_split_swin_16h_proj_512_outview_wait_fp8	cc_split_swin_16h_proj_512_outview_wait_fp8
600	1	1788730542622476288	1788730542622839808	1000000000	363.52	cc_tinlayout_fused_swin_8h_256_8_upsample_tilesync_fp8	cc_tinlayout_fused_swin_8h_256_8_upsample_tilesync_fp8
601	1	1788730542622843904	1788730542623285248	1000000000	441.344	cc_tinlayout_fused_swin_8h_256_8_chained_fp8	cc_tinlayout_fused_swin_8h_256_8_chained_fp8
602	1	1788730542623290368	1788730542623692800	1000000000	402.432	cc_tinlayout_fused_swin_8h_256_8_chained_fp8	cc_tinlayout_fused_swin_8h_256_8_chained_fp8
603	1	1788730542623696896	1788730542624010240	1000000000	313.344	cc_tinlayout_fused_swin_8h_256_8_chained_fp8	cc_tinlayout_fused_swin_8h_256_8_chained_fp8
604	1	1788730542624014336	1788730542624328704	1000000000	314.368	cc_tinlayout_fused_swin_8h_256_8_chained_fp8	cc_tinlayout_fused_swin_8h_256_8_chained_fp8
605	1	1788730542624332800	1788730542624735232	1000000000	402.432	cc_tinlayout_fused_swin_8h_256_8_chained_fp8	cc_tinlayout_fused_swin_8h_256_8_chained_fp8
606	1	1788730542624739328	1788730542625139712	1000000000	400.384	cc_tinlayout_fused_swin_8h_256_8_chained_fp8	cc_tinlayout_fused_swin_8h_256_8_chained_fp8
607	1	1788730542625143808	1788730542625445888	1000000000	302.08	cc_tinlayout_fused_swin_8h_256_8_outview_wait_fp8	cc_tinlayout_fused_swin_8h_256_8_outview_wait_fp8
608	1	1788730542625449984	1788730542625868800	1000000000	418.816	cc_tinlayout_fused_swin_4h_128_4_upsample_tilesync_fp8	cc_tinlayout_fused_swin_4h_128_4_upsample_tilesync_fp8
609	1	1788730542625872896	1788730542626199552	1000000000	326.656	cc_tinlayout_fused_swin_4h_128_4_chained_fp8	cc_tinlayout_fused_swin_4h_128_4_chained_fp8
610	1	1788730542626202624	1788730542626515968	1000000000	313.344	cc_tinlayout_fused_swin_4h_128_4_chained_fp8	cc_tinlayout_fused_swin_4h_128_4_chained_fp8
611	1	1788730542626519040	1788730542626838528	1000000000	319.488	cc_tinlayout_fused_swin_4h_128_4_chained_fp8	cc_tinlayout_fused_swin_4h_128_4_chained_fp8
612	1	1788730542626842624	1788730542627163136	1000000000	320.512	cc_tinlayout_fused_swin_4h_128_4_chained_fp8	cc_tinlayout_fused_swin_4h_128_4_chained_fp8
613	1	1788730542627167232	1788730542627495936	1000000000	328.704	cc_tinlayout_fused_swin_4h_128_4_outview_wait_fp8	cc_tinlayout_fused_swin_4h_128_4_outview_wait_fp8
614	1	1788730542627500032	1788730542628208640	1000000000	708.608	cc_tinlayout_fused_swin_2h_64_2_upsample_tilesync_fp8	cc_tinlayout_fused_swin_2h_64_2_upsample_tilesync_fp8
615	1	1788730542628212736	1788730542628731904	1000000000	519.168	cc_tinlayout_fused_swin_2h_64_2_chained_fp8	cc_tinlayout_fused_swin_2h_64_2_chained_fp8
616	1	1788730542628736000	1788730542629222400	1000000000	486.4	cc_tinlayout_fused_swin_2h_64_2_chained_fp8	cc_tinlayout_fused_swin_2h_64_2_chained_fp8
617	1	1788730542629226496	1788730542629716992	1000000000	490.496	cc_tinlayout_fused_swin_2h_64_2_outview_wait_fp8	cc_tinlayout_fused_swin_2h_64_2_outview_wait_fp8
618	1	1788730542629721088	1788730542630982656	1000000000	1261.57	cc_tinlayout_fused_swin_1h_32_1_upsample_tilesync_fp8	cc_tinlayout_fused_swin_1h_32_1_upsample_tilesync_fp8
619	1	1788730542630986752	1788730542631814144	1000000000	827.392	cc_tinlayout_fused_swin_1h_32_1_chained_fp8	cc_tinlayout_fused_swin_1h_32_1_chained_fp8
620	1	1788730542631818240	1788730542632625152	1000000000	806.912	cc_tinlayout_fused_swin_1h_32_1_chained_fp8	cc_tinlayout_fused_swin_1h_32_1_chained_fp8
621	1	1788730542632629248	1788730542633674752	1000000000	1045.5	cc_tinlayout_fused_swin_1h_32_1_outview_wait_fp8	cc_tinlayout_fused_swin_1h_32_1_outview_wait_fp8
622	1	1788730542633678848	1788730542638948352	1000000000	5269.5	cc_tinlayout_fused_post_block_swin_1h_32_fp8	cc_tinlayout_fused_post_block_swin_1h_32_fp8
623	1	1788730542638952448	1788730542638991360	1000000000	38.912	cg2r_copy_kernel	cg2r_copy_kernel
624	1	1788730542827227136	1788730542827231232	1000000000	4.096	cc_cb_clear	cc_cb_clear
625	1	1788730542827235328	1788730542830190592	1000000000	2955.26	cc_tinlayout_fused_pre_block_swin_1h_32_1_ds_fp8	cc_tinlayout_fused_pre_block_swin_1h_32_1_ds_fp8
626	1	1788730542830194688	1788730542830926848	1000000000	732.16	cc_tinlayout_fused_swin_1h_32_1_inpview_tilesync_fp8	cc_tinlayout_fused_swin_1h_32_1_inpview_tilesync_fp8
627	1	1788730542830930944	1788730542831778816	1000000000	847.872	cc_tinlayout_fused_swin_1h_32_1_chained_fp8	cc_tinlayout_fused_swin_1h_32_1_chained_fp8
628	1	1788730542831782912	1788730542832606208	1000000000	823.296	cc_tinlayout_fused_swin_1h_32_1_chained_fp8	cc_tinlayout_fused_swin_1h_32_1_chained_fp8
629	1	1788730542832610304	1788730542833454080	1000000000	843.776	cc_tinlayout_fused_swin_1h_32_1_ds_wait_fp8	cc_tinlayout_fused_swin_1h_32_1_ds_wait_fp8
630	1	1788730542833458176	1788730542833955840	1000000000	497.664	cc_tinlayout_fused_swin_2h_64_2_inpview_tilesync_fp8	cc_tinlayout_fused_swin_2h_64_2_inpview_tilesync_fp8
631	1	1788730542833959936	1788730542834485248	1000000000	525.312	cc_tinlayout_fused_swin_2h_64_2_chained_fp8	cc_tinlayout_fused_swin_2h_64_2_chained_fp8
632	1	1788730542834489344	1788730542834984960	1000000000	495.616	cc_tinlayout_fused_swin_2h_64_2_chained_fp8	cc_tinlayout_fused_swin_2h_64_2_chained_fp8
633	1	1788730542834989056	1788730542835508224	1000000000	519.168	cc_tinlayout_fused_swin_2h_64_2_ds_wait_fp8	cc_tinlayout_fused_swin_2h_64_2_ds_wait_fp8
634	1	1788730542835512320	1788730542835843072	1000000000	330.752	cc_tinlayout_fused_swin_4h_128_4_inpview_tilesync_fp8	cc_tinlayout_fused_swin_4h_128_4_inpview_tilesync_fp8
635	1	1788730542835847168	1788730542836173824	1000000000	326.656	cc_tinlayout_fused_swin_4h_128_4_chained_fp8	cc_tinlayout_fused_swin_4h_128_4_chained_fp8
636	1	1788730542836177920	1788730542836497408	1000000000	319.488	cc_tinlayout_fused_swin_4h_128_4_chained_fp8	cc_tinlayout_fused_swin_4h_128_4_chained_fp8
637	1	1788730542836501504	1788730542836820992	1000000000	319.488	cc_tinlayout_fused_swin_4h_128_4_chained_fp8	cc_tinlayout_fused_swin_4h_128_4_chained_fp8
638	1	1788730542836825088	1788730542837140480	1000000000	315.392	cc_tinlayout_fused_swin_4h_128_4_chained_fp8	cc_tinlayout_fused_swin_4h_128_4_chained_fp8
639	1	1788730542837144576	1788730542837506048	1000000000	361.472	cc_tinlayout_fused_swin_4h_128_4_ds_wait_fp8	cc_tinlayout_fused_swin_4h_128_4_ds_wait_fp8
640	1	1788730542837511168	1788730542837839872	1000000000	328.704	cc_tinlayout_fused_swin_8h_256_8_inpview_tilesync_fp8	cc_tinlayout_fused_swin_8h_256_8_inpview_tilesync_fp8
641	1	1788730542837843968	1788730542838290432	1000000000	446.464	cc_tinlayout_fused_swin_8h_256_8_chained_fp8	cc_tinlayout_fused_swin_8h_256_8_chained_fp8
642	1	1788730542838294528	1788730542838700032	1000000000	405.504	cc_tinlayout_fused_swin_8h_256_8_chained_fp8	cc_tinlayout_fused_swin_8h_256_8_chained_fp8
643	1	1788730542838704128	1788730542839018496	1000000000	314.368	cc_tinlayout_fused_swin_8h_256_8_chained_fp8	cc_tinlayout_fused_swin_8h_256_8_chained_fp8
644	1	1788730542839022592	1788730542839354368	1000000000	331.776	cc_tinlayout_fused_swin_8h_256_8_chained_fp8	cc_tinlayout_fused_swin_8h_256_8_chained_fp8
645	1	1788730542839359488	1788730542839759872	1000000000	400.384	cc_tinlayout_fused_swin_8h_256_8_chained_fp8	cc_tinlayout_fused_swin_8h_256_8_chained_fp8
646	1	1788730542839763968	1788730542840166400	1000000000	402.432	cc_tinlayout_fused_swin_8h_256_8_chained_fp8	cc_tinlayout_fused_swin_8h_256_8_chained_fp8
647	1	1788730542840170496	1788730542840525824	1000000000	355.328	cc_tinlayout_fused_swin_8h_256_8_ds_wait_fp8	cc_tinlayout_fused_swin_8h_256_8_ds_wait_fp8
648	1	1788730542840529920	1788730542840623104	1000000000	93.184	cc_split_swin_16h_ffwd_inpview_512_tilesync_fp8	cc_split_swin_16h_ffwd_inpview_512_tilesync_fp8
649	1	1788730542840627200	1788730542840717312	1000000000	90.112	cc_split_swin_16h_ffwd_proj_inpview_512_chained_fp8	cc_split_swin_16h_ffwd_proj_inpview_512_chained_fp8
650	1	1788730542840721408	1788730542840808448	1000000000	87.04	cc_split_swin_16h_qkv_512_chained_fp8	cc_split_swin_16h_qkv_512_chained_fp8
651	1	1788730542840812544	1788730542840860672	1000000000	48.128	cc_split_swin_16h_proj_512_chained_fp8	cc_split_swin_16h_proj_512_chained_fp8
652	1	1788730542840863744	1788730542840955904	1000000000	92.16	cc_split_swin_16h_ffwd_512_chained_fp8	cc_split_swin_16h_ffwd_512_chained_fp8
653	1	1788730542840960000	1788730542841009152	1000000000	49.152	cc_split_swin_16h_ffwd_proj_512_chained_fp8	cc_split_swin_16h_ffwd_proj_512_chained_fp8
654	1	1788730542841013248	1788730542841122816	1000000000	109.568	cc_split_swin_16h_qkv_512_chained_fp8	cc_split_swin_16h_qkv_512_chained_fp8
655	1	1788730542841125888	1788730542841176064	1000000000	50.176	cc_split_swin_16h_proj_512_chained_fp8	cc_split_swin_16h_proj_512_chained_fp8
656	1	1788730542841180160	1788730542841272320	1000000000	92.16	cc_split_swin_16h_ffwd_512_chained_fp8	cc_split_swin_16h_ffwd_512_chained_fp8
657	1	1788730542841276416	1788730542841326592	1000000000	50.176	cc_split_swin_16h_ffwd_proj_512_chained_fp8	cc_split_swin_16h_ffwd_proj_512_chained_fp8
658	1	1788730542841330688	1788730542841440256	1000000000	109.568	cc_split_swin_16h_qkv_512_chained_fp8	cc_split_swin_16h_qkv_512_chained_fp8
659	1	1788730542841444352	1788730542841493504	1000000000	49.152	cc_split_swin_16h_proj_512_chained_fp8	cc_split_swin_16h_proj_512_chained_fp8
660	1	1788730542841497600	1788730542841589760	1000000000	92.16	cc_split_swin_16h_ffwd_512_chained_fp8	cc_split_swin_16h_ffwd_512_chained_fp8
661	1	1788730542841592832	1788730542841645056	1000000000	52.224	cc_split_swin_16h_ffwd_proj_512_chained_fp8	cc_split_swin_16h_ffwd_proj_512_chained_fp8
662	1	1788730542841650176	1788730542841757696	1000000000	107.52	cc_split_swin_16h_qkv_512_chained_fp8	cc_split_swin_16h_qkv_512_chained_fp8
663	1	1788730542841761792	1788730542841808896	1000000000	47.104	cc_split_swin_16h_proj_512_chained_fp8	cc_split_swin_16h_proj_512_chained_fp8
664	1	1788730542841812992	1788730542841905152	1000000000	92.16	cc_split_swin_16h_ffwd_512_chained_fp8	cc_split_swin_16h_ffwd_512_chained_fp8
665	1	1788730542841909248	1788730542841958400	1000000000	49.152	cc_split_swin_16h_ffwd_proj_512_chained_fp8	cc_split_swin_16h_ffwd_proj_512_chained_fp8
666	1	1788730542841962496	1788730542842049536	1000000000	87.04	cc_split_swin_16h_qkv_512_chained_fp8	cc_split_swin_16h_qkv_512_chained_fp8
667	1	1788730542842053632	1788730542842100736	1000000000	47.104	cc_split_swin_16h_proj_512_chained_fp8	cc_split_swin_16h_proj_512_chained_fp8
668	1	1788730542842104832	1788730542842196992	1000000000	92.16	cc_split_swin_16h_ffwd_512_chained_fp8	cc_split_swin_16h_ffwd_512_chained_fp8
669	1	1788730542842200064	1788730542842249216	1000000000	49.152	cc_split_swin_16h_ffwd_proj_512_chained_fp8	cc_split_swin_16h_ffwd_proj_512_chained_fp8
670	1	1788730542842253312	1788730542842362880	1000000000	109.568	cc_split_swin_16h_qkv_512_chained_fp8	cc_split_swin_16h_qkv_512_chained_fp8
671	1	1788730542842365952	1788730542842415104	1000000000	49.152	cc_split_swin_16h_proj_512_chained_fp8	cc_split_swin_16h_proj_512_chained_fp8
672	1	1788730542842419200	1788730542842510336	1000000000	91.136	cc_split_swin_16h_ffwd_512_chained_fp8	cc_split_swin_16h_ffwd_512_chained_fp8
673	1	1788730542842514432	1788730542842563584	1000000000	49.152	cc_split_swin_16h_ffwd_proj_512_chained_fp8	cc_split_swin_16h_ffwd_proj_512_chained_fp8
674	1	1788730542842567680	1788730542842674176	1000000000	106.496	cc_split_swin_16h_qkv_512_chained_fp8	cc_split_swin_16h_qkv_512_chained_fp8
675	1	1788730542842678272	1788730542842727424	1000000000	49.152	cc_split_swin_16h_proj_512_chained_fp8	cc_split_swin_16h_proj_512_chained_fp8
676	1	1788730542842731520	1788730542842822656	1000000000	91.136	cc_split_swin_16h_ffwd_512_chained_fp8	cc_split_swin_16h_ffwd_512_chained_fp8
677	1	1788730542842826752	1788730542842876928	1000000000	50.176	cc_split_swin_16h_ffwd_proj_512_chained_fp8	cc_split_swin_16h_ffwd_proj_512_chained_fp8
678	1	1788730542842882048	1788730542842989568	1000000000	107.52	cc_split_swin_16h_qkv_512_chained_fp8	cc_split_swin_16h_qkv_512_chained_fp8
679	1	1788730542842993664	1788730542843034624	1000000000	40.96	cc_split_swin_16h_proj_pool_512_chained_fp8	cc_split_swin_16h_proj_pool_512_chained_fp8
680	1	1788730542843038720	1788730542843068416	1000000000	29.696	cc_split_swin_16h_final_head_512_wait_fp8	cc_split_swin_16h_final_head_512_wait_fp8
681	1	1788730542843072512	1788730542843080704	1000000000	8.192	cc_vit_1d_repack_2d_to_1d_fp8	cc_vit_1d_repack_2d_to_1d_fp8
682	1	1788730542843083776	1788730542843261952	1000000000	178.176	cc_vit_1d_ffn_expand_publish_fp8	cc_vit_1d_ffn_expand_publish_fp8
683	1	1788730542843266048	1788730542843384832	1000000000	118.784	cc_vit_1d_ffn_contract_chained_fp8	cc_vit_1d_ffn_contract_chained_fp8
684	1	1788730542843388928	1788730542843488256	1000000000	99.328	cc_vit_1d_qkv_chained_fp8	cc_vit_1d_qkv_chained_fp8
685	1	1788730542843492352	1788730542843590656	1000000000	98.304	cc_vit_1d_attention_chained_fp8	cc_vit_1d_attention_chained_fp8
686	1	1788730542843594752	1788730542843641856	1000000000	47.104	cc_vit_1d_projection_chained_fp8	cc_vit_1d_projection_chained_fp8
687	1	1788730542843645952	1788730542843800576	1000000000	154.624	cc_vit_1d_ffn_expand_chained_fp8	cc_vit_1d_ffn_expand_chained_fp8
688	1	1788730542843804672	1788730542843922432	1000000000	117.76	cc_vit_1d_ffn_contract_chained_fp8	cc_vit_1d_ffn_contract_chained_fp8
689	1	1788730542843926528	1788730542844026880	1000000000	100.352	cc_vit_1d_qkv_chained_fp8	cc_vit_1d_qkv_chained_fp8
690	1	1788730542844030976	1788730542844129280	1000000000	98.304	cc_vit_1d_attention_chained_fp8	cc_vit_1d_attention_chained_fp8
691	1	1788730542844133376	1788730542844179456	1000000000	46.08	cc_vit_1d_projection_chained_fp8	cc_vit_1d_projection_chained_fp8
692	1	1788730542844185600	1788730542844344320	1000000000	158.72	cc_vit_1d_ffn_expand_chained_fp8	cc_vit_1d_ffn_expand_chained_fp8
693	1	1788730542844348416	1788730542844465152	1000000000	116.736	cc_vit_1d_ffn_contract_chained_fp8	cc_vit_1d_ffn_contract_chained_fp8
694	1	1788730542844469248	1788730542844568576	1000000000	99.328	cc_vit_1d_qkv_chained_fp8	cc_vit_1d_qkv_chained_fp8
695	1	1788730542844572672	1788730542844669952	1000000000	97.28	cc_vit_1d_attention_chained_fp8	cc_vit_1d_attention_chained_fp8
696	1	1788730542844674048	1788730542844722176	1000000000	48.128	cc_vit_1d_projection_chained_fp8	cc_vit_1d_projection_chained_fp8
697	1	1788730542844727296	1788730542844879872	1000000000	152.576	cc_vit_1d_ffn_expand_chained_fp8	cc_vit_1d_ffn_expand_chained_fp8
698	1	1788730542844883968	1788730542844999680	1000000000	115.712	cc_vit_1d_ffn_contract_chained_fp8	cc_vit_1d_ffn_contract_chained_fp8
699	1	1788730542845003776	1788730542845105152	1000000000	101.376	cc_vit_1d_qkv_chained_fp8	cc_vit_1d_qkv_chained_fp8
700	1	1788730542845109248	1788730542845206528	1000000000	97.28	cc_vit_1d_attention_chained_fp8	cc_vit_1d_attention_chained_fp8
701	1	1788730542845210624	1788730542845260800	1000000000	50.176	cc_vit_1d_projection_chained_fp8	cc_vit_1d_projection_chained_fp8
702	1	1788730542845264896	1788730542845417472	1000000000	152.576	cc_vit_1d_ffn_expand_chained_fp8	cc_vit_1d_ffn_expand_chained_fp8
703	1	1788730542845807616	1788730542845923328	1000000000	115.712	cc_vit_1d_ffn_contract_chained_fp8	cc_vit_1d_ffn_contract_chained_fp8
704	1	1788730542845928448	1788730542846028800	1000000000	100.352	cc_vit_1d_qkv_chained_fp8	cc_vit_1d_qkv_chained_fp8
705	1	1788730542846032896	1788730542846130176	1000000000	97.28	cc_vit_1d_attention_chained_fp8	cc_vit_1d_attention_chained_fp8
706	1	1788730542846134272	1788730542846180352	1000000000	46.08	cc_vit_1d_projection_chained_fp8	cc_vit_1d_projection_chained_fp8
707	1	1788730542846184448	1788730542846764032	1000000000	579.584	cc_vit_1d_ffn_expand_chained_fp8	cc_vit_1d_ffn_expand_chained_fp8
708	1	1788730542846768128	1788730542846885888	1000000000	117.76	cc_vit_1d_ffn_contract_chained_fp8	cc_vit_1d_ffn_contract_chained_fp8
709	1	1788730542846889984	1788730542846989312	1000000000	99.328	cc_vit_1d_qkv_chained_fp8	cc_vit_1d_qkv_chained_fp8
710	1	1788730542846993408	1788730542847090688	1000000000	97.28	cc_vit_1d_attention_chained_fp8	cc_vit_1d_attention_chained_fp8
711	1	1788730542847094784	1788730542847141888	1000000000	47.104	cc_vit_1d_projection_chained_fp8	cc_vit_1d_projection_chained_fp8
712	1	1788730542847145984	1788730542847298560	1000000000	152.576	cc_vit_1d_ffn_expand_chained_fp8	cc_vit_1d_ffn_expand_chained_fp8
713	1	1788730542847302656	1788730542847419392	1000000000	116.736	cc_vit_1d_ffn_contract_chained_fp8	cc_vit_1d_ffn_contract_chained_fp8
714	1	1788730542847423488	1788730542847523840	1000000000	100.352	cc_vit_1d_qkv_chained_fp8	cc_vit_1d_qkv_chained_fp8
715	1	1788730542847527936	1788730542847625216	1000000000	97.28	cc_vit_1d_attention_chained_fp8	cc_vit_1d_attention_chained_fp8
716	1	1788730542847629312	1788730542847678464	1000000000	49.152	cc_vit_1d_projection_chained_fp8	cc_vit_1d_projection_chained_fp8
717	1	1788730542847682560	1788730542847834112	1000000000	151.552	cc_vit_1d_ffn_expand_chained_fp8	cc_vit_1d_ffn_expand_chained_fp8
718	1	1788730542847838208	1788730542847955968	1000000000	117.76	cc_vit_1d_ffn_contract_chained_fp8	cc_vit_1d_ffn_contract_chained_fp8
719	1	1788730542847960064	1788730542848060416	1000000000	100.352	cc_vit_1d_qkv_chained_fp8	cc_vit_1d_qkv_chained_fp8
720	1	1788730542848064512	1788730542848162816	1000000000	98.304	cc_vit_1d_attention_chained_fp8	cc_vit_1d_attention_chained_fp8
721	1	1788730542848166912	1788730542848214016	1000000000	47.104	cc_vit_1d_projection_wait_fp8	cc_vit_1d_projection_wait_fp8
722	1	1788730542848218112	1788730542848225280	1000000000	7.168	cc_vit_1d_repack_1d_to_2d_fp8	cc_vit_1d_repack_1d_to_2d_fp8
723	1	1788730542848229376	1788730542848267264	1000000000	37.888	cc_dec_input_upsample_1024_512_tilesync_fp8	cc_dec_input_upsample_1024_512_tilesync_fp8
724	1	1788730542848271360	1788730542848362496	1000000000	91.136	cc_split_swin_16h_ffwd_512_chained_fp8	cc_split_swin_16h_ffwd_512_chained_fp8
725	1	1788730542848366592	1788730542848415744	1000000000	49.152	cc_split_swin_16h_ffwd_proj_512_chained_fp8	cc_split_swin_16h_ffwd_proj_512_chained_fp8
726	1	1788730542848419840	1788730542848506880	1000000000	87.04	cc_split_swin_16h_qkv_512_chained_fp8	cc_split_swin_16h_qkv_512_chained_fp8
727	1	1788730542848509952	1788730542848558080	1000000000	48.128	cc_split_swin_16h_proj_512_chained_fp8	cc_split_swin_16h_proj_512_chained_fp8
728	1	1788730542848562176	1788730542848653312	1000000000	91.136	cc_split_swin_16h_ffwd_512_chained_fp8	cc_split_swin_16h_ffwd_512_chained_fp8
729	1	1788730542848657408	1788730542848706560	1000000000	49.152	cc_split_swin_16h_ffwd_proj_512_chained_fp8	cc_split_swin_16h_ffwd_proj_512_chained_fp8
730	1	1788730542848710656	1788730542848819200	1000000000	108.544	cc_split_swin_16h_qkv_512_chained_fp8	cc_split_swin_16h_qkv_512_chained_fp8
731	1	1788730542848823296	1788730542848872448	1000000000	49.152	cc_split_swin_16h_proj_512_chained_fp8	cc_split_swin_16h_proj_512_chained_fp8
732	1	1788730542848876544	1788730542848967680	1000000000	91.136	cc_split_swin_16h_ffwd_512_chained_fp8	cc_split_swin_16h_ffwd_512_chained_fp8
733	1	1788730542848971776	1788730542849020928	1000000000	49.152	cc_split_swin_16h_ffwd_proj_512_chained_fp8	cc_split_swin_16h_ffwd_proj_512_chained_fp8
734	1	1788730542849025024	1788730542849132544	1000000000	107.52	cc_split_swin_16h_qkv_512_chained_fp8	cc_split_swin_16h_qkv_512_chained_fp8
735	1	1788730542849136640	1788730542849184768	1000000000	48.128	cc_split_swin_16h_proj_512_chained_fp8	cc_split_swin_16h_proj_512_chained_fp8
736	1	1788730542849188864	1788730542849282048	1000000000	93.184	cc_split_swin_16h_ffwd_512_chained_fp8	cc_split_swin_16h_ffwd_512_chained_fp8
737	1	1788730542849285120	1788730542849334272	1000000000	49.152	cc_split_swin_16h_ffwd_proj_512_chained_fp8	cc_split_swin_16h_ffwd_proj_512_chained_fp8
738	1	1788730542849338368	1788730542849446912	1000000000	108.544	cc_split_swin_16h_qkv_512_chained_fp8	cc_split_swin_16h_qkv_512_chained_fp8
739	1	1788730542849451008	1788730542849499136	1000000000	48.128	cc_split_swin_16h_proj_512_chained_fp8	cc_split_swin_16h_proj_512_chained_fp8
740	1	1788730542849502208	1788730542849594368	1000000000	92.16	cc_split_swin_16h_ffwd_512_chained_fp8	cc_split_swin_16h_ffwd_512_chained_fp8
741	1	1788730542849598464	1788730542849648640	1000000000	50.176	cc_split_swin_16h_ffwd_proj_512_chained_fp8	cc_split_swin_16h_ffwd_proj_512_chained_fp8
742	1	1788730542849652736	1788730542849740800	1000000000	88.064	cc_split_swin_16h_qkv_512_chained_fp8	cc_split_swin_16h_qkv_512_chained_fp8
743	1	1788730542849744896	1788730542849793024	1000000000	48.128	cc_split_swin_16h_proj_512_chained_fp8	cc_split_swin_16h_proj_512_chained_fp8
744	1	1788730542849796096	1788730542849888256	1000000000	92.16	cc_split_swin_16h_ffwd_512_chained_fp8	cc_split_swin_16h_ffwd_512_chained_fp8
745	1	1788730542849892352	1788730542849940480	1000000000	48.128	cc_split_swin_16h_ffwd_proj_512_chained_fp8	cc_split_swin_16h_ffwd_proj_512_chained_fp8
746	1	1788730542849944576	1788730542850053120	1000000000	108.544	cc_split_swin_16h_qkv_512_chained_fp8	cc_split_swin_16h_qkv_512_chained_fp8
747	1	1788730542850057216	1788730542850106368	1000000000	49.152	cc_split_swin_16h_proj_512_chained_fp8	cc_split_swin_16h_proj_512_chained_fp8
748	1	1788730542850110464	1788730542850202624	1000000000	92.16	cc_split_swin_16h_ffwd_512_chained_fp8	cc_split_swin_16h_ffwd_512_chained_fp8
749	1	1788730542850206720	1788730542850255872	1000000000	49.152	cc_split_swin_16h_ffwd_proj_512_chained_fp8	cc_split_swin_16h_ffwd_proj_512_chained_fp8
750	1	1788730542850259968	1788730542850368512	1000000000	108.544	cc_split_swin_16h_qkv_512_chained_fp8	cc_split_swin_16h_qkv_512_chained_fp8
751	1	1788730542850372608	1788730542850421760	1000000000	49.152	cc_split_swin_16h_proj_512_chained_fp8	cc_split_swin_16h_proj_512_chained_fp8
752	1	1788730542850425856	1788730542850518016	1000000000	92.16	cc_split_swin_16h_ffwd_512_chained_fp8	cc_split_swin_16h_ffwd_512_chained_fp8
753	1	1788730542850522112	1788730542850573312	1000000000	51.2	cc_split_swin_16h_ffwd_proj_512_chained_fp8	cc_split_swin_16h_ffwd_proj_512_chained_fp8
754	1	1788730542850577408	1788730542850685952	1000000000	108.544	cc_split_swin_16h_qkv_512_chained_fp8	cc_split_swin_16h_qkv_512_chained_fp8
755	1	1788730542850690048	1788730542850788352	1000000000	98.304	cc_split_swin_16h_proj_512_outview_wait_fp8	cc_split_swin_16h_proj_512_outview_wait_fp8
756	1	1788730542850793472	1788730542851158016	1000000000	364.544	cc_tinlayout_fused_swin_8h_256_8_upsample_tilesync_fp8	cc_tinlayout_fused_swin_8h_256_8_upsample_tilesync_fp8
757	1	1788730542851162112	1788730542851604480	1000000000	442.368	cc_tinlayout_fused_swin_8h_256_8_chained_fp8	cc_tinlayout_fused_swin_8h_256_8_chained_fp8
758	1	1788730542851608576	1788730542852008960	1000000000	400.384	cc_tinlayout_fused_swin_8h_256_8_chained_fp8	cc_tinlayout_fused_swin_8h_256_8_chained_fp8
759	1	1788730542852014080	1788730542852329472	1000000000	315.392	cc_tinlayout_fused_swin_8h_256_8_chained_fp8	cc_tinlayout_fused_swin_8h_256_8_chained_fp8
760	1	1788730542852333568	1788730542852646912	1000000000	313.344	cc_tinlayout_fused_swin_8h_256_8_chained_fp8	cc_tinlayout_fused_swin_8h_256_8_chained_fp8
761	1	1788730542852652032	1788730542853050368	1000000000	398.336	cc_tinlayout_fused_swin_8h_256_8_chained_fp8	cc_tinlayout_fused_swin_8h_256_8_chained_fp8
762	1	1788730542853055488	1788730542853457920	1000000000	402.432	cc_tinlayout_fused_swin_8h_256_8_chained_fp8	cc_tinlayout_fused_swin_8h_256_8_chained_fp8
763	1	1788730542853462016	1788730542853760000	1000000000	297.984	cc_tinlayout_fused_swin_8h_256_8_outview_wait_fp8	cc_tinlayout_fused_swin_8h_256_8_outview_wait_fp8
764	1	1788730542853764096	1788730542854182912	1000000000	418.816	cc_tinlayout_fused_swin_4h_128_4_upsample_tilesync_fp8	cc_tinlayout_fused_swin_4h_128_4_upsample_tilesync_fp8
765	1	1788730542854188032	1788730542854508544	1000000000	320.512	cc_tinlayout_fused_swin_4h_128_4_chained_fp8	cc_tinlayout_fused_swin_4h_128_4_chained_fp8
766	1	1788730542854512640	1788730542854825984	1000000000	313.344	cc_tinlayout_fused_swin_4h_128_4_chained_fp8	cc_tinlayout_fused_swin_4h_128_4_chained_fp8
767	1	1788730542854830080	1788730542855148544	1000000000	318.464	cc_tinlayout_fused_swin_4h_128_4_chained_fp8	cc_tinlayout_fused_swin_4h_128_4_chained_fp8
768	1	1788730542855152640	1788730542855471104	1000000000	318.464	cc_tinlayout_fused_swin_4h_128_4_chained_fp8	cc_tinlayout_fused_swin_4h_128_4_chained_fp8
769	1	1788730542855475200	1788730542855799808	1000000000	324.608	cc_tinlayout_fused_swin_4h_128_4_outview_wait_fp8	cc_tinlayout_fused_swin_4h_128_4_outview_wait_fp8
770	1	1788730542855803904	1788730542856510464	1000000000	706.56	cc_tinlayout_fused_swin_2h_64_2_upsample_tilesync_fp8	cc_tinlayout_fused_swin_2h_64_2_upsample_tilesync_fp8
771	1	1788730542856514560	1788730542857041920	1000000000	527.36	cc_tinlayout_fused_swin_2h_64_2_chained_fp8	cc_tinlayout_fused_swin_2h_64_2_chained_fp8
772	1	1788730542857046016	1788730542857535488	1000000000	489.472	cc_tinlayout_fused_swin_2h_64_2_chained_fp8	cc_tinlayout_fused_swin_2h_64_2_chained_fp8
773	1	1788730542857539584	1788730542858040320	1000000000	500.736	cc_tinlayout_fused_swin_2h_64_2_outview_wait_fp8	cc_tinlayout_fused_swin_2h_64_2_outview_wait_fp8
774	1	1788730542858043392	1788730542859316224	1000000000	1272.83	cc_tinlayout_fused_swin_1h_32_1_upsample_tilesync_fp8	cc_tinlayout_fused_swin_1h_32_1_upsample_tilesync_fp8
775	1	1788730542859320320	1788730542860161024	1000000000	840.704	cc_tinlayout_fused_swin_1h_32_1_chained_fp8	cc_tinlayout_fused_swin_1h_32_1_chained_fp8
776	1	1788730542860164096	1788730542860983296	1000000000	819.2	cc_tinlayout_fused_swin_1h_32_1_chained_fp8	cc_tinlayout_fused_swin_1h_32_1_chained_fp8
777	1	1788730542860987392	1788730542862026752	1000000000	1039.36	cc_tinlayout_fused_swin_1h_32_1_outview_wait_fp8	cc_tinlayout_fused_swin_1h_32_1_outview_wait_fp8
778	1	1788730542862030848	1788730542867269632	1000000000	5238.78	cc_tinlayout_fused_post_block_swin_1h_32_fp8	cc_tinlayout_fused_post_block_swin_1h_32_fp8
779	1	1788730542867273728	1788730542867315712	1000000000	41.984	cg2r_copy_kernel	cg2r_copy_kernel
780	1	1788730543061662720	1788730543061666816	1000000000	4.096	cc_cb_clear	cc_cb_clear
781	1	1788730543061671936	1788730543064617984	1000000000	2946.05	cc_tinlayout_fused_pre_block_swin_1h_32_1_ds_fp8	cc_tinlayout_fused_pre_block_swin_1h_32_1_ds_fp8
782	1	1788730543064622080	1788730543065357312	1000000000	735.232	cc_tinlayout_fused_swin_1h_32_1_inpview_tilesync_fp8	cc_tinlayout_fused_swin_1h_32_1_inpview_tilesync_fp8
783	1	1788730543065361408	1788730543066210304	1000000000	848.896	cc_tinlayout_fused_swin_1h_32_1_chained_fp8	cc_tinlayout_fused_swin_1h_32_1_chained_fp8
784	1	1788730543066214400	1788730543067029504	1000000000	815.104	cc_tinlayout_fused_swin_1h_32_1_chained_fp8	cc_tinlayout_fused_swin_1h_32_1_chained_fp8
785	1	1788730543067035968	1788730543067872256	1000000000	836.288	cc_tinlayout_fused_swin_1h_32_1_ds_wait_fp8	cc_tinlayout_fused_swin_1h_32_1_ds_wait_fp8
786	1	1788730543067876352	1788730543068368896	1000000000	492.544	cc_tinlayout_fused_swin_2h_64_2_inpview_tilesync_fp8	cc_tinlayout_fused_swin_2h_64_2_inpview_tilesync_fp8
787	1	1788730543068372992	1788730543068895232	1000000000	522.24	cc_tinlayout_fused_swin_2h_64_2_chained_fp8	cc_tinlayout_fused_swin_2h_64_2_chained_fp8
788	1	1788730543068899328	1788730543069388800	1000000000	489.472	cc_tinlayout_fused_swin_2h_64_2_chained_fp8	cc_tinlayout_fused_swin_2h_64_2_chained_fp8
789	1	1788730543069392896	1788730543069918208	1000000000	525.312	cc_tinlayout_fused_swin_2h_64_2_ds_wait_fp8	cc_tinlayout_fused_swin_2h_64_2_ds_wait_fp8
790	1	1788730543069922304	1788730543070259200	1000000000	336.896	cc_tinlayout_fused_swin_4h_128_4_inpview_tilesync_fp8	cc_tinlayout_fused_swin_4h_128_4_inpview_tilesync_fp8
791	1	1788730543070264320	1788730543070588928	1000000000	324.608	cc_tinlayout_fused_swin_4h_128_4_chained_fp8	cc_tinlayout_fused_swin_4h_128_4_chained_fp8
792	1	1788730543070593024	1788730543070912512	1000000000	319.488	cc_tinlayout_fused_swin_4h_128_4_chained_fp8	cc_tinlayout_fused_swin_4h_128_4_chained_fp8
793	1	1788730543070916608	1788730543071238144	1000000000	321.536	cc_tinlayout_fused_swin_4h_128_4_chained_fp8	cc_tinlayout_fused_swin_4h_128_4_chained_fp8
794	1	1788730543071242240	1788730543071558656	1000000000	316.416	cc_tinlayout_fused_swin_4h_128_4_chained_fp8	cc_tinlayout_fused_swin_4h_128_4_chained_fp8
795	1	1788730543071562752	1788730543071923200	1000000000	360.448	cc_tinlayout_fused_swin_4h_128_4_ds_wait_fp8	cc_tinlayout_fused_swin_4h_128_4_ds_wait_fp8
796	1	1788730543071927296	1788730543072251904	1000000000	324.608	cc_tinlayout_fused_swin_8h_256_8_inpview_tilesync_fp8	cc_tinlayout_fused_swin_8h_256_8_inpview_tilesync_fp8
797	1	1788730543072256000	1788730543072704512	1000000000	448.512	cc_tinlayout_fused_swin_8h_256_8_chained_fp8	cc_tinlayout_fused_swin_8h_256_8_chained_fp8
798	1	1788730543072708608	1788730543073108992	1000000000	400.384	cc_tinlayout_fused_swin_8h_256_8_chained_fp8	cc_tinlayout_fused_swin_8h_256_8_chained_fp8
799	1	1788730543073113088	1788730543073428480	1000000000	315.392	cc_tinlayout_fused_swin_8h_256_8_chained_fp8	cc_tinlayout_fused_swin_8h_256_8_chained_fp8
800	1	1788730543073432576	1788730543073770496	1000000000	337.92	cc_tinlayout_fused_swin_8h_256_8_chained_fp8	cc_tinlayout_fused_swin_8h_256_8_chained_fp8
801	1	1788730543073774592	1788730543074173952	1000000000	399.36	cc_tinlayout_fused_swin_8h_256_8_chained_fp8	cc_tinlayout_fused_swin_8h_256_8_chained_fp8
802	1	1788730543074178048	1788730543074581504	1000000000	403.456	cc_tinlayout_fused_swin_8h_256_8_chained_fp8	cc_tinlayout_fused_swin_8h_256_8_chained_fp8
803	1	1788730543074585600	1788730543074940928	1000000000	355.328	cc_tinlayout_fused_swin_8h_256_8_ds_wait_fp8	cc_tinlayout_fused_swin_8h_256_8_ds_wait_fp8
804	1	1788730543074945024	1788730543075039232	1000000000	94.208	cc_split_swin_16h_ffwd_inpview_512_tilesync_fp8	cc_split_swin_16h_ffwd_inpview_512_tilesync_fp8
805	1	1788730543075043328	1788730543075136512	1000000000	93.184	cc_split_swin_16h_ffwd_proj_inpview_512_chained_fp8	cc_split_swin_16h_ffwd_proj_inpview_512_chained_fp8
806	1	1788730543075140608	1788730543075227648	1000000000	87.04	cc_split_swin_16h_qkv_512_chained_fp8	cc_split_swin_16h_qkv_512_chained_fp8
807	1	1788730543075231744	1788730543075278848	1000000000	47.104	cc_split_swin_16h_proj_512_chained_fp8	cc_split_swin_16h_proj_512_chained_fp8
808	1	1788730543075282944	1788730543075374080	1000000000	91.136	cc_split_swin_16h_ffwd_512_chained_fp8	cc_split_swin_16h_ffwd_512_chained_fp8
809	1	1788730543075378176	1788730543075427328	1000000000	49.152	cc_split_swin_16h_ffwd_proj_512_chained_fp8	cc_split_swin_16h_ffwd_proj_512_chained_fp8
810	1	1788730543075430400	1788730543075539968	1000000000	109.568	cc_split_swin_16h_qkv_512_chained_fp8	cc_split_swin_16h_qkv_512_chained_fp8
811	1	1788730543075544064	1788730543075593216	1000000000	49.152	cc_split_swin_16h_proj_512_chained_fp8	cc_split_swin_16h_proj_512_chained_fp8
812	1	1788730543075597312	1788730543075689472	1000000000	92.16	cc_split_swin_16h_ffwd_512_chained_fp8	cc_split_swin_16h_ffwd_512_chained_fp8
813	1	1788730543075693568	1788730543075744768	1000000000	51.2	cc_split_swin_16h_ffwd_proj_512_chained_fp8	cc_split_swin_16h_ffwd_proj_512_chained_fp8
814	1	1788730543075748864	1788730543075857408	1000000000	108.544	cc_split_swin_16h_qkv_512_chained_fp8	cc_split_swin_16h_qkv_512_chained_fp8
815	1	1788730543075861504	1788730543075910656	1000000000	49.152	cc_split_swin_16h_proj_512_chained_fp8	cc_split_swin_16h_proj_512_chained_fp8
816	1	1788730543075914752	1788730543076006912	1000000000	92.16	cc_split_swin_16h_ffwd_512_chained_fp8	cc_split_swin_16h_ffwd_512_chained_fp8
817	1	1788730543076011008	1788730543076061184	1000000000	50.176	cc_split_swin_16h_ffwd_proj_512_chained_fp8	cc_split_swin_16h_ffwd_proj_512_chained_fp8
818	1	1788730543076066304	1788730543076172800	1000000000	106.496	cc_split_swin_16h_qkv_512_chained_fp8	cc_split_swin_16h_qkv_512_chained_fp8
819	1	1788730543076176896	1788730543076224000	1000000000	47.104	cc_split_swin_16h_proj_512_chained_fp8	cc_split_swin_16h_proj_512_chained_fp8
820	1	1788730543076228096	1788730543076320256	1000000000	92.16	cc_split_swin_16h_ffwd_512_chained_fp8	cc_split_swin_16h_ffwd_512_chained_fp8
821	1	1788730543076324352	1788730543076374528	1000000000	50.176	cc_split_swin_16h_ffwd_proj_512_chained_fp8	cc_split_swin_16h_ffwd_proj_512_chained_fp8
822	1	1788730543076378624	1788730543076465664	1000000000	87.04	cc_split_swin_16h_qkv_512_chained_fp8	cc_split_swin_16h_qkv_512_chained_fp8
823	1	1788730543076469760	1788730543076515840	1000000000	46.08	cc_split_swin_16h_proj_512_chained_fp8	cc_split_swin_16h_proj_512_chained_fp8
824	1	1788730543076519936	1788730543076612096	1000000000	92.16	cc_split_swin_16h_ffwd_512_chained_fp8	cc_split_swin_16h_ffwd_512_chained_fp8
825	1	1788730543076616192	1788730543076664320	1000000000	48.128	cc_split_swin_16h_ffwd_proj_512_chained_fp8	cc_split_swin_16h_ffwd_proj_512_chained_fp8
826	1	1788730543076668416	1788730543076777984	1000000000	109.568	cc_split_swin_16h_qkv_512_chained_fp8	cc_split_swin_16h_qkv_512_chained_fp8
827	1	1788730543076782080	1788730543076830208	1000000000	48.128	cc_split_swin_16h_proj_512_chained_fp8	cc_split_swin_16h_proj_512_chained_fp8
828	1	1788730543076834304	1788730543076926464	1000000000	92.16	cc_split_swin_16h_ffwd_512_chained_fp8	cc_split_swin_16h_ffwd_512_chained_fp8
829	1	1788730543076930560	1788730543076980736	1000000000	50.176	cc_split_swin_16h_ffwd_proj_512_chained_fp8	cc_split_swin_16h_ffwd_proj_512_chained_fp8
830	1	1788730543076984832	1788730543077093376	1000000000	108.544	cc_split_swin_16h_qkv_512_chained_fp8	cc_split_swin_16h_qkv_512_chained_fp8
831	1	1788730543077097472	1788730543077146624	1000000000	49.152	cc_split_swin_16h_proj_512_chained_fp8	cc_split_swin_16h_proj_512_chained_fp8
832	1	1788730543077149696	1788730543077241856	1000000000	92.16	cc_split_swin_16h_ffwd_512_chained_fp8	cc_split_swin_16h_ffwd_512_chained_fp8
833	1	1788730543077245952	1788730543077294080	1000000000	48.128	cc_split_swin_16h_ffwd_proj_512_chained_fp8	cc_split_swin_16h_ffwd_proj_512_chained_fp8
834	1	1788730543077298176	1788730543077405696	1000000000	107.52	cc_split_swin_16h_qkv_512_chained_fp8	cc_split_swin_16h_qkv_512_chained_fp8
835	1	1788730543077409792	1788730543077450752	1000000000	40.96	cc_split_swin_16h_proj_pool_512_chained_fp8	cc_split_swin_16h_proj_pool_512_chained_fp8
836	1	1788730543077454848	1788730543077484544	1000000000	29.696	cc_split_swin_16h_final_head_512_wait_fp8	cc_split_swin_16h_final_head_512_wait_fp8
837	1	1788730543077488640	1788730543077496832	1000000000	8.192	cc_vit_1d_repack_2d_to_1d_fp8	cc_vit_1d_repack_2d_to_1d_fp8
838	1	1788730543077499904	1788730543077678080	1000000000	178.176	cc_vit_1d_ffn_expand_publish_fp8	cc_vit_1d_ffn_expand_publish_fp8
839	1	1788730543077682176	1788730543077799936	1000000000	117.76	cc_vit_1d_ffn_contract_chained_fp8	cc_vit_1d_ffn_contract_chained_fp8
840	1	1788730543077804032	1788730543077904384	1000000000	100.352	cc_vit_1d_qkv_chained_fp8	cc_vit_1d_qkv_chained_fp8
841	1	1788730543077908480	1788730543078006784	1000000000	98.304	cc_vit_1d_attention_chained_fp8	cc_vit_1d_attention_chained_fp8
842	1	1788730543078010880	1788730543078057984	1000000000	47.104	cc_vit_1d_projection_chained_fp8	cc_vit_1d_projection_chained_fp8
843	1	1788730543078062080	1788730543078215680	1000000000	153.6	cc_vit_1d_ffn_expand_chained_fp8	cc_vit_1d_ffn_expand_chained_fp8
844	1	1788730543078219776	1788730543078337536	1000000000	117.76	cc_vit_1d_ffn_contract_chained_fp8	cc_vit_1d_ffn_contract_chained_fp8
845	1	1788730543078342656	1788730543078440960	1000000000	98.304	cc_vit_1d_qkv_chained_fp8	cc_vit_1d_qkv_chained_fp8
846	1	1788730543078445056	1788730543078543360	1000000000	98.304	cc_vit_1d_attention_chained_fp8	cc_vit_1d_attention_chained_fp8
847	1	1788730543078546432	1788730543078595584	1000000000	49.152	cc_vit_1d_projection_chained_fp8	cc_vit_1d_projection_chained_fp8
848	1	1788730543078598656	1788730543078753280	1000000000	154.624	cc_vit_1d_ffn_expand_chained_fp8	cc_vit_1d_ffn_expand_chained_fp8
849	1	1788730543078756352	1788730543078874112	1000000000	117.76	cc_vit_1d_ffn_contract_chained_fp8	cc_vit_1d_ffn_contract_chained_fp8
850	1	1788730543078878208	1788730543078977536	1000000000	99.328	cc_vit_1d_qkv_chained_fp8	cc_vit_1d_qkv_chained_fp8
851	1	1788730543078981632	1788730543079078912	1000000000	97.28	cc_vit_1d_attention_chained_fp8	cc_vit_1d_attention_chained_fp8
852	1	1788730543079083008	1788730543079132160	1000000000	49.152	cc_vit_1d_projection_chained_fp8	cc_vit_1d_projection_chained_fp8
853	1	1788730543079136256	1788730543079288832	1000000000	152.576	cc_vit_1d_ffn_expand_chained_fp8	cc_vit_1d_ffn_expand_chained_fp8
854	1	1788730543079293952	1788730543079409664	1000000000	115.712	cc_vit_1d_ffn_contract_chained_fp8	cc_vit_1d_ffn_contract_chained_fp8
855	1	1788730543079413760	1788730543079513088	1000000000	99.328	cc_vit_1d_qkv_chained_fp8	cc_vit_1d_qkv_chained_fp8
856	1	1788730543079517184	1788730543079615488	1000000000	98.304	cc_vit_1d_attention_chained_fp8	cc_vit_1d_attention_chained_fp8
857	1	1788730543079618560	1788730543079665664	1000000000	47.104	cc_vit_1d_projection_chained_fp8	cc_vit_1d_projection_chained_fp8
858	1	1788730543079669760	1788730543079823360	1000000000	153.6	cc_vit_1d_ffn_expand_chained_fp8	cc_vit_1d_ffn_expand_chained_fp8
859	1	1788730543079827456	1788730543079945216	1000000000	117.76	cc_vit_1d_ffn_contract_chained_fp8	cc_vit_1d_ffn_contract_chained_fp8
860	1	1788730543079949312	1788730543080049664	1000000000	100.352	cc_vit_1d_qkv_chained_fp8	cc_vit_1d_qkv_chained_fp8
861	1	1788730543080053760	1788730543080152064	1000000000	98.304	cc_vit_1d_attention_chained_fp8	cc_vit_1d_attention_chained_fp8
862	1	1788730543080155136	1788730543080203264	1000000000	48.128	cc_vit_1d_projection_chained_fp8	cc_vit_1d_projection_chained_fp8
863	1	1788730543080206336	1788730543080360960	1000000000	154.624	cc_vit_1d_ffn_expand_chained_fp8	cc_vit_1d_ffn_expand_chained_fp8
864	1	1788730543080366080	1788730543080482816	1000000000	116.736	cc_vit_1d_ffn_contract_chained_fp8	cc_vit_1d_ffn_contract_chained_fp8
865	1	1788730543080486912	1788730543080587264	1000000000	100.352	cc_vit_1d_qkv_chained_fp8	cc_vit_1d_qkv_chained_fp8
866	1	1788730543080591360	1788730543080689664	1000000000	98.304	cc_vit_1d_attention_chained_fp8	cc_vit_1d_attention_chained_fp8
867	1	1788730543080692736	1788730543080739840	1000000000	47.104	cc_vit_1d_projection_chained_fp8	cc_vit_1d_projection_chained_fp8
868	1	1788730543080743936	1788730543080897536	1000000000	153.6	cc_vit_1d_ffn_expand_chained_fp8	cc_vit_1d_ffn_expand_chained_fp8
869	1	1788730543080901632	1788730543081018368	1000000000	116.736	cc_vit_1d_ffn_contract_chained_fp8	cc_vit_1d_ffn_contract_chained_fp8
870	1	1788730543081023488	1788730543081122816	1000000000	99.328	cc_vit_1d_qkv_chained_fp8	cc_vit_1d_qkv_chained_fp8
871	1	1788730543081126912	1788730543081225216	1000000000	98.304	cc_vit_1d_attention_chained_fp8	cc_vit_1d_attention_chained_fp8
872	1	1788730543081229312	1788730543081276416	1000000000	47.104	cc_vit_1d_projection_chained_fp8	cc_vit_1d_projection_chained_fp8
873	1	1788730543081281536	1788730543081433088	1000000000	151.552	cc_vit_1d_ffn_expand_chained_fp8	cc_vit_1d_ffn_expand_chained_fp8
874	1	1788730543081437184	1788730543081554944	1000000000	117.76	cc_vit_1d_ffn_contract_chained_fp8	cc_vit_1d_ffn_contract_chained_fp8
875	1	1788730543081559040	1788730543081658368	1000000000	99.328	cc_vit_1d_qkv_chained_fp8	cc_vit_1d_qkv_chained_fp8
876	1	1788730543081662464	1788730543081760768	1000000000	98.304	cc_vit_1d_attention_chained_fp8	cc_vit_1d_attention_chained_fp8
877	1	1788730543081763840	1788730543081811968	1000000000	48.128	cc_vit_1d_projection_wait_fp8	cc_vit_1d_projection_wait_fp8
878	1	1788730543081816064	1788730543081823232	1000000000	7.168	cc_vit_1d_repack_1d_to_2d_fp8	cc_vit_1d_repack_1d_to_2d_fp8
879	1	1788730543081827328	1788730543081864192	1000000000	36.864	cc_dec_input_upsample_1024_512_tilesync_fp8	cc_dec_input_upsample_1024_512_tilesync_fp8
880	1	1788730543081868288	1788730543081960448	1000000000	92.16	cc_split_swin_16h_ffwd_512_chained_fp8	cc_split_swin_16h_ffwd_512_chained_fp8
881	1	1788730543081964544	1788730543082013696	1000000000	49.152	cc_split_swin_16h_ffwd_proj_512_chained_fp8	cc_split_swin_16h_ffwd_proj_512_chained_fp8
882	1	1788730543082017792	1788730543082104832	1000000000	87.04	cc_split_swin_16h_qkv_512_chained_fp8	cc_split_swin_16h_qkv_512_chained_fp8
883	1	1788730543082108928	1788730543082156032	1000000000	47.104	cc_split_swin_16h_proj_512_chained_fp8	cc_split_swin_16h_proj_512_chained_fp8
884	1	1788730543082160128	1788730543082252288	1000000000	92.16	cc_split_swin_16h_ffwd_512_chained_fp8	cc_split_swin_16h_ffwd_512_chained_fp8
885	1	1788730543082256384	1788730543082305536	1000000000	49.152	cc_split_swin_16h_ffwd_proj_512_chained_fp8	cc_split_swin_16h_ffwd_proj_512_chained_fp8
886	1	1788730543082310656	1788730543082418176	1000000000	107.52	cc_split_swin_16h_qkv_512_chained_fp8	cc_split_swin_16h_qkv_512_chained_fp8
887	1	1788730543082422272	1788730543082471424	1000000000	49.152	cc_split_swin_16h_proj_512_chained_fp8	cc_split_swin_16h_proj_512_chained_fp8
888	1	1788730543082474496	1788730543082566656	1000000000	92.16	cc_split_swin_16h_ffwd_512_chained_fp8	cc_split_swin_16h_ffwd_512_chained_fp8
889	1	1788730543082569728	1788730543082619904	1000000000	50.176	cc_split_swin_16h_ffwd_proj_512_chained_fp8	cc_split_swin_16h_ffwd_proj_512_chained_fp8
890	1	1788730543082624000	1788730543082730496	1000000000	106.496	cc_split_swin_16h_qkv_512_chained_fp8	cc_split_swin_16h_qkv_512_chained_fp8
891	1	1788730543082734592	1788730543082782720	1000000000	48.128	cc_split_swin_16h_proj_512_chained_fp8	cc_split_swin_16h_proj_512_chained_fp8
892	1	1788730543082786816	1788730543082878976	1000000000	92.16	cc_split_swin_16h_ffwd_512_chained_fp8	cc_split_swin_16h_ffwd_512_chained_fp8
893	1	1788730543082883072	1788730543082931200	1000000000	48.128	cc_split_swin_16h_ffwd_proj_512_chained_fp8	cc_split_swin_16h_ffwd_proj_512_chained_fp8
894	1	1788730543082935296	1788730543083042816	1000000000	107.52	cc_split_swin_16h_qkv_512_chained_fp8	cc_split_swin_16h_qkv_512_chained_fp8
895	1	1788730543083045888	1788730543083092992	1000000000	47.104	cc_split_swin_16h_proj_512_chained_fp8	cc_split_swin_16h_proj_512_chained_fp8
896	1	1788730543083097088	1788730543083189248	1000000000	92.16	cc_split_swin_16h_ffwd_512_chained_fp8	cc_split_swin_16h_ffwd_512_chained_fp8
897	1	1788730543083192320	1788730543083241472	1000000000	49.152	cc_split_swin_16h_ffwd_proj_512_chained_fp8	cc_split_swin_16h_ffwd_proj_512_chained_fp8
898	1	1788730543083245568	1788730543083332608	1000000000	87.04	cc_split_swin_16h_qkv_512_chained_fp8	cc_split_swin_16h_qkv_512_chained_fp8
899	1	1788730543083336704	1788730543083383808	1000000000	47.104	cc_split_swin_16h_proj_512_chained_fp8	cc_split_swin_16h_proj_512_chained_fp8
900	1	1788730543083387904	1788730543083480064	1000000000	92.16	cc_split_swin_16h_ffwd_512_chained_fp8	cc_split_swin_16h_ffwd_512_chained_fp8
901	1	1788730543083484160	1788730543083533312	1000000000	49.152	cc_split_swin_16h_ffwd_proj_512_chained_fp8	cc_split_swin_16h_ffwd_proj_512_chained_fp8
902	1	1788730543083537408	1788730543083646976	1000000000	109.568	cc_split_swin_16h_qkv_512_chained_fp8	cc_split_swin_16h_qkv_512_chained_fp8
903	1	1788730543083651072	1788730543083700224	1000000000	49.152	cc_split_swin_16h_proj_512_chained_fp8	cc_split_swin_16h_proj_512_chained_fp8
904	1	1788730543083704320	1788730543083796480	1000000000	92.16	cc_split_swin_16h_ffwd_512_chained_fp8	cc_split_swin_16h_ffwd_512_chained_fp8
905	1	1788730543083800576	1788730543083849728	1000000000	49.152	cc_split_swin_16h_ffwd_proj_512_chained_fp8	cc_split_swin_16h_ffwd_proj_512_chained_fp8
906	1	1788730543083853824	1788730543083963392	1000000000	109.568	cc_split_swin_16h_qkv_512_chained_fp8	cc_split_swin_16h_qkv_512_chained_fp8
907	1	1788730543083966464	1788730543084016640	1000000000	50.176	cc_split_swin_16h_proj_512_chained_fp8	cc_split_swin_16h_proj_512_chained_fp8
908	1	1788730543084020736	1788730543084112896	1000000000	92.16	cc_split_swin_16h_ffwd_512_chained_fp8	cc_split_swin_16h_ffwd_512_chained_fp8
909	1	1788730543084116992	1788730543084166144	1000000000	49.152	cc_split_swin_16h_ffwd_proj_512_chained_fp8	cc_split_swin_16h_ffwd_proj_512_chained_fp8
910	1	1788730543084170240	1788730543084277760	1000000000	107.52	cc_split_swin_16h_qkv_512_chained_fp8	cc_split_swin_16h_qkv_512_chained_fp8
911	1	1788730543084281856	1788730543084379136	1000000000	97.28	cc_split_swin_16h_proj_512_outview_wait_fp8	cc_split_swin_16h_proj_512_outview_wait_fp8
912	1	1788730543084383232	1788730543084748800	1000000000	365.568	cc_tinlayout_fused_swin_8h_256_8_upsample_tilesync_fp8	cc_tinlayout_fused_swin_8h_256_8_upsample_tilesync_fp8
913	1	1788730543084753920	1788730543085198336	1000000000	444.416	cc_tinlayout_fused_swin_8h_256_8_chained_fp8	cc_tinlayout_fused_swin_8h_256_8_chained_fp8
914	1	1788730543085202432	1788730543085603840	1000000000	401.408	cc_tinlayout_fused_swin_8h_256_8_chained_fp8	cc_tinlayout_fused_swin_8h_256_8_chained_fp8
915	1	1788730543085607936	1788730543085923328	1000000000	315.392	cc_tinlayout_fused_swin_8h_256_8_chained_fp8	cc_tinlayout_fused_swin_8h_256_8_chained_fp8
916	1	1788730543085927424	1788730543086241792	1000000000	314.368	cc_tinlayout_fused_swin_8h_256_8_chained_fp8	cc_tinlayout_fused_swin_8h_256_8_chained_fp8
917	1	1788730543086245888	1788730543086646272	1000000000	400.384	cc_tinlayout_fused_swin_8h_256_8_chained_fp8	cc_tinlayout_fused_swin_8h_256_8_chained_fp8
918	1	1788730543086650368	1788730543087050752	1000000000	400.384	cc_tinlayout_fused_swin_8h_256_8_chained_fp8	cc_tinlayout_fused_swin_8h_256_8_chained_fp8
919	1	1788730543087054848	1788730543087354880	1000000000	300.032	cc_tinlayout_fused_swin_8h_256_8_outview_wait_fp8	cc_tinlayout_fused_swin_8h_256_8_outview_wait_fp8
920	1	1788730543087360000	1788730543087777792	1000000000	417.792	cc_tinlayout_fused_swin_4h_128_4_upsample_tilesync_fp8	cc_tinlayout_fused_swin_4h_128_4_upsample_tilesync_fp8
921	1	1788730543087781888	1788730543088106496	1000000000	324.608	cc_tinlayout_fused_swin_4h_128_4_chained_fp8	cc_tinlayout_fused_swin_4h_128_4_chained_fp8
922	1	1788730543088110592	1788730543088422912	1000000000	312.32	cc_tinlayout_fused_swin_4h_128_4_chained_fp8	cc_tinlayout_fused_swin_4h_128_4_chained_fp8
923	1	1788730543088427008	1788730543088747520	1000000000	320.512	cc_tinlayout_fused_swin_4h_128_4_chained_fp8	cc_tinlayout_fused_swin_4h_128_4_chained_fp8
924	1	1788730543088751616	1788730543089071104	1000000000	319.488	cc_tinlayout_fused_swin_4h_128_4_chained_fp8	cc_tinlayout_fused_swin_4h_128_4_chained_fp8
925	1	1788730543089075200	1788730543089401856	1000000000	326.656	cc_tinlayout_fused_swin_4h_128_4_outview_wait_fp8	cc_tinlayout_fused_swin_4h_128_4_outview_wait_fp8
926	1	1788730543089405952	1788730543090113536	1000000000	707.584	cc_tinlayout_fused_swin_2h_64_2_upsample_tilesync_fp8	cc_tinlayout_fused_swin_2h_64_2_upsample_tilesync_fp8
927	1	1788730543090117632	1788730543090642944	1000000000	525.312	cc_tinlayout_fused_swin_2h_64_2_chained_fp8	cc_tinlayout_fused_swin_2h_64_2_chained_fp8
928	1	1788730543090647040	1788730543091134464	1000000000	487.424	cc_tinlayout_fused_swin_2h_64_2_chained_fp8	cc_tinlayout_fused_swin_2h_64_2_chained_fp8
929	1	1788730543091137536	1788730543091631104	1000000000	493.568	cc_tinlayout_fused_swin_2h_64_2_outview_wait_fp8	cc_tinlayout_fused_swin_2h_64_2_outview_wait_fp8
930	1	1788730543091634176	1788730543093669888	1000000000	2035.71	cc_tinlayout_fused_swin_1h_32_1_upsample_tilesync_fp8	cc_tinlayout_fused_swin_1h_32_1_upsample_tilesync_fp8
931	1	1788730543093673984	1788730543094508544	1000000000	834.56	cc_tinlayout_fused_swin_1h_32_1_chained_fp8	cc_tinlayout_fused_swin_1h_32_1_chained_fp8
932	1	1788730543094511616	1788730543095318528	1000000000	806.912	cc_tinlayout_fused_swin_1h_32_1_chained_fp8	cc_tinlayout_fused_swin_1h_32_1_chained_fp8
933	1	1788730543095322624	1788730543096357888	1000000000	1035.26	cc_tinlayout_fused_swin_1h_32_1_outview_wait_fp8	cc_tinlayout_fused_swin_1h_32_1_outview_wait_fp8
934	1	1788730543096360960	1788730543101642752	1000000000	5281.79	cc_tinlayout_fused_post_block_swin_1h_32_fp8	cc_tinlayout_fused_post_block_swin_1h_32_fp8
935	1	1788730543101645824	1788730543101686784	1000000000	40.96	cg2r_copy_kernel	cg2r_copy_kernel
936	1	1788730543290549248	1788730543290552320	1000000000	3.072	cc_cb_clear	cc_cb_clear
937	1	1788730543290556416	1788730543293495296	1000000000	2938.88	cc_tinlayout_fused_pre_block_swin_1h_32_1_ds_fp8	cc_tinlayout_fused_pre_block_swin_1h_32_1_ds_fp8
938	1	1788730543293499392	1788730543294249984	1000000000	750.592	cc_tinlayout_fused_swin_1h_32_1_inpview_tilesync_fp8	cc_tinlayout_fused_swin_1h_32_1_inpview_tilesync_fp8
939	1	1788730543294254080	1788730543295096832	1000000000	842.752	cc_tinlayout_fused_swin_1h_32_1_chained_fp8	cc_tinlayout_fused_swin_1h_32_1_chained_fp8
940	1	1788730543295100928	1788730543295923200	1000000000	822.272	cc_tinlayout_fused_swin_1h_32_1_chained_fp8	cc_tinlayout_fused_swin_1h_32_1_chained_fp8
941	1	1788730543295927296	1788730543296770048	1000000000	842.752	cc_tinlayout_fused_swin_1h_32_1_ds_wait_fp8	cc_tinlayout_fused_swin_1h_32_1_ds_wait_fp8
942	1	1788730543296774144	1788730543297272832	1000000000	498.688	cc_tinlayout_fused_swin_2h_64_2_inpview_tilesync_fp8	cc_tinlayout_fused_swin_2h_64_2_inpview_tilesync_fp8
943	1	1788730543297276928	1788730543297803264	1000000000	526.336	cc_tinlayout_fused_swin_2h_64_2_chained_fp8	cc_tinlayout_fused_swin_2h_64_2_chained_fp8
944	1	1788730543297808384	1788730543298300928	1000000000	492.544	cc_tinlayout_fused_swin_2h_64_2_chained_fp8	cc_tinlayout_fused_swin_2h_64_2_chained_fp8
945	1	1788730543298305024	1788730543298822144	1000000000	517.12	cc_tinlayout_fused_swin_2h_64_2_ds_wait_fp8	cc_tinlayout_fused_swin_2h_64_2_ds_wait_fp8
946	1	1788730543298826240	1788730543299164160	1000000000	337.92	cc_tinlayout_fused_swin_4h_128_4_inpview_tilesync_fp8	cc_tinlayout_fused_swin_4h_128_4_inpview_tilesync_fp8
947	1	1788730543299168256	1788730543299493888	1000000000	325.632	cc_tinlayout_fused_swin_4h_128_4_chained_fp8	cc_tinlayout_fused_swin_4h_128_4_chained_fp8
948	1	1788730543299497984	1788730543299819520	1000000000	321.536	cc_tinlayout_fused_swin_4h_128_4_chained_fp8	cc_tinlayout_fused_swin_4h_128_4_chained_fp8
949	1	1788730543299823616	1788730543300145152	1000000000	321.536	cc_tinlayout_fused_swin_4h_128_4_chained_fp8	cc_tinlayout_fused_swin_4h_128_4_chained_fp8
950	1	1788730543300149248	1788730543300469760	1000000000	320.512	cc_tinlayout_fused_swin_4h_128_4_chained_fp8	cc_tinlayout_fused_swin_4h_128_4_chained_fp8
951	1	1788730543300476928	1788730543300840448	1000000000	363.52	cc_tinlayout_fused_swin_4h_128_4_ds_wait_fp8	cc_tinlayout_fused_swin_4h_128_4_ds_wait_fp8
952	1	1788730543300844544	1788730543301174272	1000000000	329.728	cc_tinlayout_fused_swin_8h_256_8_inpview_tilesync_fp8	cc_tinlayout_fused_swin_8h_256_8_inpview_tilesync_fp8
953	1	1788730543301178368	1788730543301626880	1000000000	448.512	cc_tinlayout_fused_swin_8h_256_8_chained_fp8	cc_tinlayout_fused_swin_8h_256_8_chained_fp8
954	1	1788730543301630976	1788730543302033408	1000000000	402.432	cc_tinlayout_fused_swin_8h_256_8_chained_fp8	cc_tinlayout_fused_swin_8h_256_8_chained_fp8
955	1	1788730543302037504	1788730543302352896	1000000000	315.392	cc_tinlayout_fused_swin_8h_256_8_chained_fp8	cc_tinlayout_fused_swin_8h_256_8_chained_fp8
956	1	1788730543302356992	1788730543302693888	1000000000	336.896	cc_tinlayout_fused_swin_8h_256_8_chained_fp8	cc_tinlayout_fused_swin_8h_256_8_chained_fp8
957	1	1788730543302697984	1788730543303100416	1000000000	402.432	cc_tinlayout_fused_swin_8h_256_8_chained_fp8	cc_tinlayout_fused_swin_8h_256_8_chained_fp8
958	1	1788730543303104512	1788730543303508992	1000000000	404.48	cc_tinlayout_fused_swin_8h_256_8_chained_fp8	cc_tinlayout_fused_swin_8h_256_8_chained_fp8
959	1	1788730543303513088	1788730543303870464	1000000000	357.376	cc_tinlayout_fused_swin_8h_256_8_ds_wait_fp8	cc_tinlayout_fused_swin_8h_256_8_ds_wait_fp8
960	1	1788730543303874560	1788730543303967744	1000000000	93.184	cc_split_swin_16h_ffwd_inpview_512_tilesync_fp8	cc_split_swin_16h_ffwd_inpview_512_tilesync_fp8
961	1	1788730543303971840	1788730543304059904	1000000000	88.064	cc_split_swin_16h_ffwd_proj_inpview_512_chained_fp8	cc_split_swin_16h_ffwd_proj_inpview_512_chained_fp8
962	1	1788730543304064000	1788730543304154112	1000000000	90.112	cc_split_swin_16h_qkv_512_chained_fp8	cc_split_swin_16h_qkv_512_chained_fp8
963	1	1788730543304158208	1788730543304206336	1000000000	48.128	cc_split_swin_16h_proj_512_chained_fp8	cc_split_swin_16h_proj_512_chained_fp8
964	1	1788730543304210432	1788730543304302592	1000000000	92.16	cc_split_swin_16h_ffwd_512_chained_fp8	cc_split_swin_16h_ffwd_512_chained_fp8
965	1	1788730543304306688	1788730543304355840	1000000000	49.152	cc_split_swin_16h_ffwd_proj_512_chained_fp8	cc_split_swin_16h_ffwd_proj_512_chained_fp8
966	1	1788730543304359936	1788730543304468480	1000000000	108.544	cc_split_swin_16h_qkv_512_chained_fp8	cc_split_swin_16h_qkv_512_chained_fp8
967	1	1788730543304472576	1788730543304522752	1000000000	50.176	cc_split_swin_16h_proj_512_chained_fp8	cc_split_swin_16h_proj_512_chained_fp8
968	1	1788730543304525824	1788730543304619008	1000000000	93.184	cc_split_swin_16h_ffwd_512_chained_fp8	cc_split_swin_16h_ffwd_512_chained_fp8
969	1	1788730543304623104	1788730543304671232	1000000000	48.128	cc_split_swin_16h_ffwd_proj_512_chained_fp8	cc_split_swin_16h_ffwd_proj_512_chained_fp8
970	1	1788730543304676352	1788730543304784896	1000000000	108.544	cc_split_swin_16h_qkv_512_chained_fp8	cc_split_swin_16h_qkv_512_chained_fp8
971	1	1788730543304788992	1788730543304838144	1000000000	49.152	cc_split_swin_16h_proj_512_chained_fp8	cc_split_swin_16h_proj_512_chained_fp8
972	1	1788730543304842240	1788730543304934400	1000000000	92.16	cc_split_swin_16h_ffwd_512_chained_fp8	cc_split_swin_16h_ffwd_512_chained_fp8
973	1	1788730543304938496	1788730543304987648	1000000000	49.152	cc_split_swin_16h_ffwd_proj_512_chained_fp8	cc_split_swin_16h_ffwd_proj_512_chained_fp8
974	1	1788730543304991744	1788730543305100288	1000000000	108.544	cc_split_swin_16h_qkv_512_chained_fp8	cc_split_swin_16h_qkv_512_chained_fp8
975	1	1788730543305104384	1788730543305151488	1000000000	47.104	cc_split_swin_16h_proj_512_chained_fp8	cc_split_swin_16h_proj_512_chained_fp8
976	1	1788730543305155584	1788730543305247744	1000000000	92.16	cc_split_swin_16h_ffwd_512_chained_fp8	cc_split_swin_16h_ffwd_512_chained_fp8
977	1	1788730543305251840	1788730543305299968	1000000000	48.128	cc_split_swin_16h_ffwd_proj_512_chained_fp8	cc_split_swin_16h_ffwd_proj_512_chained_fp8
978	1	1788730543305305088	1788730543305392128	1000000000	87.04	cc_split_swin_16h_qkv_512_chained_fp8	cc_split_swin_16h_qkv_512_chained_fp8
979	1	1788730543305396224	1788730543305442304	1000000000	46.08	cc_split_swin_16h_proj_512_chained_fp8	cc_split_swin_16h_proj_512_chained_fp8
980	1	1788730543305446400	1788730543305538560	1000000000	92.16	cc_split_swin_16h_ffwd_512_chained_fp8	cc_split_swin_16h_ffwd_512_chained_fp8
981	1	1788730543305542656	1788730543305590784	1000000000	48.128	cc_split_swin_16h_ffwd_proj_512_chained_fp8	cc_split_swin_16h_ffwd_proj_512_chained_fp8
982	1	1788730543305594880	1788730543305705472	1000000000	110.592	cc_split_swin_16h_qkv_512_chained_fp8	cc_split_swin_16h_qkv_512_chained_fp8
983	1	1788730543305708544	1788730543305757696	1000000000	49.152	cc_split_swin_16h_proj_512_chained_fp8	cc_split_swin_16h_proj_512_chained_fp8
984	1	1788730543305761792	1788730543305853952	1000000000	92.16	cc_split_swin_16h_ffwd_512_chained_fp8	cc_split_swin_16h_ffwd_512_chained_fp8
985	1	1788730543305858048	1788730543305907200	1000000000	49.152	cc_split_swin_16h_ffwd_proj_512_chained_fp8	cc_split_swin_16h_ffwd_proj_512_chained_fp8
986	1	1788730543305911296	1788730543306018816	1000000000	107.52	cc_split_swin_16h_qkv_512_chained_fp8	cc_split_swin_16h_qkv_512_chained_fp8
987	1	1788730543306022912	1788730543306072064	1000000000	49.152	cc_split_swin_16h_proj_512_chained_fp8	cc_split_swin_16h_proj_512_chained_fp8
988	1	1788730543306076160	1788730543306168320	1000000000	92.16	cc_split_swin_16h_ffwd_512_chained_fp8	cc_split_swin_16h_ffwd_512_chained_fp8
989	1	1788730543306172416	1788730543306221568	1000000000	49.152	cc_split_swin_16h_ffwd_proj_512_chained_fp8	cc_split_swin_16h_ffwd_proj_512_chained_fp8
990	1	1788730543306225664	1788730543306334208	1000000000	108.544	cc_split_swin_16h_qkv_512_chained_fp8	cc_split_swin_16h_qkv_512_chained_fp8
991	1	1788730543306338304	1788730543306380288	1000000000	41.984	cc_split_swin_16h_proj_pool_512_chained_fp8	cc_split_swin_16h_proj_pool_512_chained_fp8
992	1	1788730543306383360	1788730543306414080	1000000000	30.72	cc_split_swin_16h_final_head_512_wait_fp8	cc_split_swin_16h_final_head_512_wait_fp8
993	1	1788730543306417152	1788730543306425344	1000000000	8.192	cc_vit_1d_repack_2d_to_1d_fp8	cc_vit_1d_repack_2d_to_1d_fp8
994	1	1788730543306428416	1788730543306603520	1000000000	175.104	cc_vit_1d_ffn_expand_publish_fp8	cc_vit_1d_ffn_expand_publish_fp8
995	1	1788730543306607616	1788730543306725376	1000000000	117.76	cc_vit_1d_ffn_contract_chained_fp8	cc_vit_1d_ffn_contract_chained_fp8
996	1	1788730543306729472	1788730543306829824	1000000000	100.352	cc_vit_1d_qkv_chained_fp8	cc_vit_1d_qkv_chained_fp8
997	1	1788730543306833920	1788730543306932224	1000000000	98.304	cc_vit_1d_attention_chained_fp8	cc_vit_1d_attention_chained_fp8
998	1	1788730543306936320	1788730543306983424	1000000000	47.104	cc_vit_1d_projection_chained_fp8	cc_vit_1d_projection_chained_fp8
999	1	1788730543306987520	1788730543307141120	1000000000	153.6	cc_vit_1d_ffn_expand_chained_fp8	cc_vit_1d_ffn_expand_chained_fp8
1000	1	1788730543307146240	1788730543307262976	1000000000	116.736	cc_vit_1d_ffn_contract_chained_fp8	cc_vit_1d_ffn_contract_chained_fp8
1001	1	1788730543307268096	1788730543307368448	1000000000	100.352	cc_vit_1d_qkv_chained_fp8	cc_vit_1d_qkv_chained_fp8
1002	1	1788730543307372544	1788730543307470848	1000000000	98.304	cc_vit_1d_attention_chained_fp8	cc_vit_1d_attention_chained_fp8
1003	1	1788730543307473920	1788730543307520000	1000000000	46.08	cc_vit_1d_projection_chained_fp8	cc_vit_1d_projection_chained_fp8
1004	1	1788730543307524096	1788730543307682816	1000000000	158.72	cc_vit_1d_ffn_expand_chained_fp8	cc_vit_1d_ffn_expand_chained_fp8
1005	1	1788730543307686912	1788730543307804672	1000000000	117.76	cc_vit_1d_ffn_contract_chained_fp8	cc_vit_1d_ffn_contract_chained_fp8
1006	1	1788730543307808768	1788730543307908096	1000000000	99.328	cc_vit_1d_qkv_chained_fp8	cc_vit_1d_qkv_chained_fp8
1007	1	1788730543307913216	1788730543308011520	1000000000	98.304	cc_vit_1d_attention_chained_fp8	cc_vit_1d_attention_chained_fp8
1008	1	1788730543308015616	1788730543308062720	1000000000	47.104	cc_vit_1d_projection_chained_fp8	cc_vit_1d_projection_chained_fp8
1009	1	1788730543308066816	1788730543308223488	1000000000	156.672	cc_vit_1d_ffn_expand_chained_fp8	cc_vit_1d_ffn_expand_chained_fp8
1010	1	1788730543308228608	1788730543308344320	1000000000	115.712	cc_vit_1d_ffn_contract_chained_fp8	cc_vit_1d_ffn_contract_chained_fp8
1011	1	1788730543308348416	1788730543308447744	1000000000	99.328	cc_vit_1d_qkv_chained_fp8	cc_vit_1d_qkv_chained_fp8
1012	1	1788730543308451840	1788730543308549120	1000000000	97.28	cc_vit_1d_attention_chained_fp8	cc_vit_1d_attention_chained_fp8
1013	1	1788730543308553216	1788730543308601344	1000000000	48.128	cc_vit_1d_projection_chained_fp8	cc_vit_1d_projection_chained_fp8
1014	1	1788730543308605440	1788730543308761088	1000000000	155.648	cc_vit_1d_ffn_expand_chained_fp8	cc_vit_1d_ffn_expand_chained_fp8
1015	1	1788730543308765184	1788730543308883968	1000000000	118.784	cc_vit_1d_ffn_contract_chained_fp8	cc_vit_1d_ffn_contract_chained_fp8
1016	1	1788730543308888064	1788730543308987392	1000000000	99.328	cc_vit_1d_qkv_chained_fp8	cc_vit_1d_qkv_chained_fp8
1017	1	1788730543308991488	1788730543309089792	1000000000	98.304	cc_vit_1d_attention_chained_fp8	cc_vit_1d_attention_chained_fp8
1018	1	1788730543309092864	1788730543309139968	1000000000	47.104	cc_vit_1d_projection_chained_fp8	cc_vit_1d_projection_chained_fp8
1019	1	1788730543309144064	1788730543309300736	1000000000	156.672	cc_vit_1d_ffn_expand_chained_fp8	cc_vit_1d_ffn_expand_chained_fp8
1020	1	1788730543309304832	1788730543309422592	1000000000	117.76	cc_vit_1d_ffn_contract_chained_fp8	cc_vit_1d_ffn_contract_chained_fp8
1021	1	1788730543309426688	1788730543309526016	1000000000	99.328	cc_vit_1d_qkv_chained_fp8	cc_vit_1d_qkv_chained_fp8
1022	1	1788730543309530112	1788730543309628416	1000000000	98.304	cc_vit_1d_attention_chained_fp8	cc_vit_1d_attention_chained_fp8
1023	1	1788730543309632512	1788730543309680640	1000000000	48.128	cc_vit_1d_projection_chained_fp8	cc_vit_1d_projection_chained_fp8
1024	1	1788730543309683712	1788730543309840384	1000000000	156.672	cc_vit_1d_ffn_expand_chained_fp8	cc_vit_1d_ffn_expand_chained_fp8
1025	1	1788730543309844480	1788730543309961216	1000000000	116.736	cc_vit_1d_ffn_contract_chained_fp8	cc_vit_1d_ffn_contract_chained_fp8
1026	1	1788730543309965312	1788730543310065664	1000000000	100.352	cc_vit_1d_qkv_chained_fp8	cc_vit_1d_qkv_chained_fp8
1027	1	1788730543310069760	1788730543310167040	1000000000	97.28	cc_vit_1d_attention_chained_fp8	cc_vit_1d_attention_chained_fp8
1028	1	1788730543310171136	1788730543310219264	1000000000	48.128	cc_vit_1d_projection_chained_fp8	cc_vit_1d_projection_chained_fp8
1029	1	1788730543310223360	1788730543310381056	1000000000	157.696	cc_vit_1d_ffn_expand_chained_fp8	cc_vit_1d_ffn_expand_chained_fp8
1030	1	1788730543310385152	1788730543310502912	1000000000	117.76	cc_vit_1d_ffn_contract_chained_fp8	cc_vit_1d_ffn_contract_chained_fp8
1031	1	1788730543310507008	1788730543310607360	1000000000	100.352	cc_vit_1d_qkv_chained_fp8	cc_vit_1d_qkv_chained_fp8
1032	1	1788730543310611456	1788730543310709760	1000000000	98.304	cc_vit_1d_attention_chained_fp8	cc_vit_1d_attention_chained_fp8
1033	1	1788730543310713856	1788730543310760960	1000000000	47.104	cc_vit_1d_projection_wait_fp8	cc_vit_1d_projection_wait_fp8
1034	1	1788730543310765056	1788730543310772224	1000000000	7.168	cc_vit_1d_repack_1d_to_2d_fp8	cc_vit_1d_repack_1d_to_2d_fp8
1035	1	1788730543310776320	1788730543310813184	1000000000	36.864	cc_dec_input_upsample_1024_512_tilesync_fp8	cc_dec_input_upsample_1024_512_tilesync_fp8
1036	1	1788730543310820352	1788730543310911488	1000000000	91.136	cc_split_swin_16h_ffwd_512_chained_fp8	cc_split_swin_16h_ffwd_512_chained_fp8
1037	1	1788730543310915584	1788730543310965760	1000000000	50.176	cc_split_swin_16h_ffwd_proj_512_chained_fp8	cc_split_swin_16h_ffwd_proj_512_chained_fp8
1038	1	1788730543310969856	1788730543311056896	1000000000	87.04	cc_split_swin_16h_qkv_512_chained_fp8	cc_split_swin_16h_qkv_512_chained_fp8
1039	1	1788730543311059968	1788730543311108096	1000000000	48.128	cc_split_swin_16h_proj_512_chained_fp8	cc_split_swin_16h_proj_512_chained_fp8
1040	1	1788730543311111168	1788730543311203328	1000000000	92.16	cc_split_swin_16h_ffwd_512_chained_fp8	cc_split_swin_16h_ffwd_512_chained_fp8
1041	1	1788730543311207424	1788730543311255552	1000000000	48.128	cc_split_swin_16h_ffwd_proj_512_chained_fp8	cc_split_swin_16h_ffwd_proj_512_chained_fp8
1042	1	1788730543311259648	1788730543311368192	1000000000	108.544	cc_split_swin_16h_qkv_512_chained_fp8	cc_split_swin_16h_qkv_512_chained_fp8
1043	1	1788730543311372288	1788730543311421440	1000000000	49.152	cc_split_swin_16h_proj_512_chained_fp8	cc_split_swin_16h_proj_512_chained_fp8
1044	1	1788730543311425536	1788730543311516672	1000000000	91.136	cc_split_swin_16h_ffwd_512_chained_fp8	cc_split_swin_16h_ffwd_512_chained_fp8
1045	1	1788730543311520768	1788730543311569920	1000000000	49.152	cc_split_swin_16h_ffwd_proj_512_chained_fp8	cc_split_swin_16h_ffwd_proj_512_chained_fp8
1046	1	1788730543311575040	1788730543311682560	1000000000	107.52	cc_split_swin_16h_qkv_512_chained_fp8	cc_split_swin_16h_qkv_512_chained_fp8
1047	1	1788730543311686656	1788730543311734784	1000000000	48.128	cc_split_swin_16h_proj_512_chained_fp8	cc_split_swin_16h_proj_512_chained_fp8
1048	1	1788730543311738880	1788730543311832064	1000000000	93.184	cc_split_swin_16h_ffwd_512_chained_fp8	cc_split_swin_16h_ffwd_512_chained_fp8
1049	1	1788730543311836160	1788730543311885312	1000000000	49.152	cc_split_swin_16h_ffwd_proj_512_chained_fp8	cc_split_swin_16h_ffwd_proj_512_chained_fp8
1050	1	1788730543311888384	1788730543311995904	1000000000	107.52	cc_split_swin_16h_qkv_512_chained_fp8	cc_split_swin_16h_qkv_512_chained_fp8
1051	1	1788730543311998976	1788730543312047104	1000000000	48.128	cc_split_swin_16h_proj_512_chained_fp8	cc_split_swin_16h_proj_512_chained_fp8
1052	1	1788730543312051200	1788730543312142336	1000000000	91.136	cc_split_swin_16h_ffwd_512_chained_fp8	cc_split_swin_16h_ffwd_512_chained_fp8
1053	1	1788730543312146432	1788730543312196608	1000000000	50.176	cc_split_swin_16h_ffwd_proj_512_chained_fp8	cc_split_swin_16h_ffwd_proj_512_chained_fp8
1054	1	1788730543312200704	1788730543312288768	1000000000	88.064	cc_split_swin_16h_qkv_512_chained_fp8	cc_split_swin_16h_qkv_512_chained_fp8
1055	1	1788730543312291840	1788730543312338944	1000000000	47.104	cc_split_swin_16h_proj_512_chained_fp8	cc_split_swin_16h_proj_512_chained_fp8
1056	1	1788730543312343040	1788730543312435200	1000000000	92.16	cc_split_swin_16h_ffwd_512_chained_fp8	cc_split_swin_16h_ffwd_512_chained_fp8
1057	1	1788730543312439296	1788730543312487424	1000000000	48.128	cc_split_swin_16h_ffwd_proj_512_chained_fp8	cc_split_swin_16h_ffwd_proj_512_chained_fp8
1058	1	1788730543312491520	1788730543312601088	1000000000	109.568	cc_split_swin_16h_qkv_512_chained_fp8	cc_split_swin_16h_qkv_512_chained_fp8
1059	1	1788730543312605184	1788730543312654336	1000000000	49.152	cc_split_swin_16h_proj_512_chained_fp8	cc_split_swin_16h_proj_512_chained_fp8
1060	1	1788730543312658432	1788730543312750592	1000000000	92.16	cc_split_swin_16h_ffwd_512_chained_fp8	cc_split_swin_16h_ffwd_512_chained_fp8
1061	1	1788730543312754688	1788730543312802816	1000000000	48.128	cc_split_swin_16h_ffwd_proj_512_chained_fp8	cc_split_swin_16h_ffwd_proj_512_chained_fp8
1062	1	1788730543312806912	1788730543312914432	1000000000	107.52	cc_split_swin_16h_qkv_512_chained_fp8	cc_split_swin_16h_qkv_512_chained_fp8
1063	1	1788730543312918528	1788730543312967680	1000000000	49.152	cc_split_swin_16h_proj_512_chained_fp8	cc_split_swin_16h_proj_512_chained_fp8
1064	1	1788730543312971776	1788730543313063936	1000000000	92.16	cc_split_swin_16h_ffwd_512_chained_fp8	cc_split_swin_16h_ffwd_512_chained_fp8
1065	1	1788730543313068032	1788730543313116160	1000000000	48.128	cc_split_swin_16h_ffwd_proj_512_chained_fp8	cc_split_swin_16h_ffwd_proj_512_chained_fp8
1066	1	1788730543313120256	1788730543313227776	1000000000	107.52	cc_split_swin_16h_qkv_512_chained_fp8	cc_split_swin_16h_qkv_512_chained_fp8
1067	1	1788730543313231872	1788730543313324032	1000000000	92.16	cc_split_swin_16h_proj_512_outview_wait_fp8	cc_split_swin_16h_proj_512_outview_wait_fp8
1068	1	1788730543313328128	1788730543313693696	1000000000	365.568	cc_tinlayout_fused_swin_8h_256_8_upsample_tilesync_fp8	cc_tinlayout_fused_swin_8h_256_8_upsample_tilesync_fp8
1069	1	1788730543313697792	1788730543314139136	1000000000	441.344	cc_tinlayout_fused_swin_8h_256_8_chained_fp8	cc_tinlayout_fused_swin_8h_256_8_chained_fp8
1070	1	1788730543314143232	1788730543314545664	1000000000	402.432	cc_tinlayout_fused_swin_8h_256_8_chained_fp8	cc_tinlayout_fused_swin_8h_256_8_chained_fp8
1071	1	1788730543314549760	1788730543314865152	1000000000	315.392	cc_tinlayout_fused_swin_8h_256_8_chained_fp8	cc_tinlayout_fused_swin_8h_256_8_chained_fp8
1072	1	1788730543314870272	1788730543315183616	1000000000	313.344	cc_tinlayout_fused_swin_8h_256_8_chained_fp8	cc_tinlayout_fused_swin_8h_256_8_chained_fp8
1073	1	1788730543315187712	1788730543315587072	1000000000	399.36	cc_tinlayout_fused_swin_8h_256_8_chained_fp8	cc_tinlayout_fused_swin_8h_256_8_chained_fp8
1074	1	1788730543315591168	1788730543315991552	1000000000	400.384	cc_tinlayout_fused_swin_8h_256_8_chained_fp8	cc_tinlayout_fused_swin_8h_256_8_chained_fp8
1075	1	1788730543315995648	1788730543316296704	1000000000	301.056	cc_tinlayout_fused_swin_8h_256_8_outview_wait_fp8	cc_tinlayout_fused_swin_8h_256_8_outview_wait_fp8
1076	1	1788730543316300800	1788730543317124096	1000000000	823.296	cc_tinlayout_fused_swin_4h_128_4_upsample_tilesync_fp8	cc_tinlayout_fused_swin_4h_128_4_upsample_tilesync_fp8
1077	1	1788730543317129216	1788730543317846016	1000000000	716.8	cc_tinlayout_fused_swin_4h_128_4_chained_fp8	cc_tinlayout_fused_swin_4h_128_4_chained_fp8
1078	1	1788730543317855232	1788730543318178816	1000000000	323.584	cc_tinlayout_fused_swin_4h_128_4_chained_fp8	cc_tinlayout_fused_swin_4h_128_4_chained_fp8
1079	1	1788730543318182912	1788730543318501376	1000000000	318.464	cc_tinlayout_fused_swin_4h_128_4_chained_fp8	cc_tinlayout_fused_swin_4h_128_4_chained_fp8
1080	1	1788730543318505472	1788730543318829056	1000000000	323.584	cc_tinlayout_fused_swin_4h_128_4_chained_fp8	cc_tinlayout_fused_swin_4h_128_4_chained_fp8
1081	1	1788730543318833152	1788730543319159808	1000000000	326.656	cc_tinlayout_fused_swin_4h_128_4_outview_wait_fp8	cc_tinlayout_fused_swin_4h_128_4_outview_wait_fp8
1082	1	1788730543319162880	1788730543319875584	1000000000	712.704	cc_tinlayout_fused_swin_2h_64_2_upsample_tilesync_fp8	cc_tinlayout_fused_swin_2h_64_2_upsample_tilesync_fp8
1083	1	1788730543319879680	1788730543320398848	1000000000	519.168	cc_tinlayout_fused_swin_2h_64_2_chained_fp8	cc_tinlayout_fused_swin_2h_64_2_chained_fp8
1084	1	1788730543320401920	1788730543320901632	1000000000	499.712	cc_tinlayout_fused_swin_2h_64_2_chained_fp8	cc_tinlayout_fused_swin_2h_64_2_chained_fp8
1085	1	1788730543320905728	1788730543321398272	1000000000	492.544	cc_tinlayout_fused_swin_2h_64_2_outview_wait_fp8	cc_tinlayout_fused_swin_2h_64_2_outview_wait_fp8
1086	1	1788730543321402368	1788730543322667008	1000000000	1264.64	cc_tinlayout_fused_swin_1h_32_1_upsample_tilesync_fp8	cc_tinlayout_fused_swin_1h_32_1_upsample_tilesync_fp8
1087	1	1788730543322671104	1788730543323502592	1000000000	831.488	cc_tinlayout_fused_swin_1h_32_1_chained_fp8	cc_tinlayout_fused_swin_1h_32_1_chained_fp8
1088	1	1788730543323506688	1788730543324316672	1000000000	809.984	cc_tinlayout_fused_swin_1h_32_1_chained_fp8	cc_tinlayout_fused_swin_1h_32_1_chained_fp8
1089	1	1788730543324320768	1788730543325363200	1000000000	1042.43	cc_tinlayout_fused_swin_1h_32_1_outview_wait_fp8	cc_tinlayout_fused_swin_1h_32_1_outview_wait_fp8
1090	1	1788730543325367296	1788730543330615296	1000000000	5248	cc_tinlayout_fused_post_block_swin_1h_32_fp8	cc_tinlayout_fused_post_block_swin_1h_32_fp8
1091	1	1788730543330619392	1788730543330659328	1000000000	39.936	cg2r_copy_kernel	cg2r_copy_kernel
1092	1	1788730543517711360	1788730543517716480	1000000000	5.12	cc_cb_clear	cc_cb_clear
1093	1	1788730543517722624	1788730543522110464	1000000000	4387.84	cc_tinlayout_fused_pre_block_swin_1h_32_1_ds_fp8	cc_tinlayout_fused_pre_block_swin_1h_32_1_ds_fp8
1094	1	1788730543522116608	1788730543523213312	1000000000	1096.7	cc_tinlayout_fused_swin_1h_32_1_inpview_tilesync_fp8	cc_tinlayout_fused_swin_1h_32_1_inpview_tilesync_fp8
1095	1	1788730543523218432	1788730543524462592	1000000000	1244.16	cc_tinlayout_fused_swin_1h_32_1_chained_fp8	cc_tinlayout_fused_swin_1h_32_1_chained_fp8
1096	1	1788730543524468736	1788730543525714944	1000000000	1246.21	cc_tinlayout_fused_swin_1h_32_1_chained_fp8	cc_tinlayout_fused_swin_1h_32_1_chained_fp8
1097	1	1788730543525720064	1788730543526977536	1000000000	1257.47	cc_tinlayout_fused_swin_1h_32_1_ds_wait_fp8	cc_tinlayout_fused_swin_1h_32_1_ds_wait_fp8
1098	1	1788730543526982656	1788730543527710720	1000000000	728.064	cc_tinlayout_fused_swin_2h_64_2_inpview_tilesync_fp8	cc_tinlayout_fused_swin_2h_64_2_inpview_tilesync_fp8
1099	1	1788730543527715840	1788730543528473600	1000000000	757.76	cc_tinlayout_fused_swin_2h_64_2_chained_fp8	cc_tinlayout_fused_swin_2h_64_2_chained_fp8
1100	1	1788730543528479744	1788730543529180160	1000000000	700.416	cc_tinlayout_fused_swin_2h_64_2_chained_fp8	cc_tinlayout_fused_swin_2h_64_2_chained_fp8
1101	1	1788730543529185280	1788730543529938944	1000000000	753.664	cc_tinlayout_fused_swin_2h_64_2_ds_wait_fp8	cc_tinlayout_fused_swin_2h_64_2_ds_wait_fp8
1102	1	1788730543529944064	1788730543530441728	1000000000	497.664	cc_tinlayout_fused_swin_4h_128_4_inpview_tilesync_fp8	cc_tinlayout_fused_swin_4h_128_4_inpview_tilesync_fp8
1103	1	1788730543530447872	1788730543530928128	1000000000	480.256	cc_tinlayout_fused_swin_4h_128_4_chained_fp8	cc_tinlayout_fused_swin_4h_128_4_chained_fp8
1104	1	1788730543530933248	1788730543531395072	1000000000	461.824	cc_tinlayout_fused_swin_4h_128_4_chained_fp8	cc_tinlayout_fused_swin_4h_128_4_chained_fp8
1105	1	1788730543531402240	1788730543531865088	1000000000	462.848	cc_tinlayout_fused_swin_4h_128_4_chained_fp8	cc_tinlayout_fused_swin_4h_128_4_chained_fp8
1106	1	1788730543531871232	1788730543532323840	1000000000	452.608	cc_tinlayout_fused_swin_4h_128_4_chained_fp8	cc_tinlayout_fused_swin_4h_128_4_chained_fp8
1107	1	1788730543532329984	1788730543532859392	1000000000	529.408	cc_tinlayout_fused_swin_4h_128_4_ds_wait_fp8	cc_tinlayout_fused_swin_4h_128_4_ds_wait_fp8
1108	1	1788730543532865536	1788730543533340672	1000000000	475.136	cc_tinlayout_fused_swin_8h_256_8_inpview_tilesync_fp8	cc_tinlayout_fused_swin_8h_256_8_inpview_tilesync_fp8
1109	1	1788730543533346816	1788730543534000128	1000000000	653.312	cc_tinlayout_fused_swin_8h_256_8_chained_fp8	cc_tinlayout_fused_swin_8h_256_8_chained_fp8
1110	1	1788730543534006272	1788730543534580736	1000000000	574.464	cc_tinlayout_fused_swin_8h_256_8_chained_fp8	cc_tinlayout_fused_swin_8h_256_8_chained_fp8
1111	1	1788730543534586880	1788730543535037440	1000000000	450.56	cc_tinlayout_fused_swin_8h_256_8_chained_fp8	cc_tinlayout_fused_swin_8h_256_8_chained_fp8
1112	1	1788730543535043584	1788730543535529984	1000000000	486.4	cc_tinlayout_fused_swin_8h_256_8_chained_fp8	cc_tinlayout_fused_swin_8h_256_8_chained_fp8
1113	1	1788730543535536128	1788730543536109568	1000000000	573.44	cc_tinlayout_fused_swin_8h_256_8_chained_fp8	cc_tinlayout_fused_swin_8h_256_8_chained_fp8
1114	1	1788730543536114688	1788730543536693248	1000000000	578.56	cc_tinlayout_fused_swin_8h_256_8_chained_fp8	cc_tinlayout_fused_swin_8h_256_8_chained_fp8
1115	1	1788730543536698368	1788730543537216512	1000000000	518.144	cc_tinlayout_fused_swin_8h_256_8_ds_wait_fp8	cc_tinlayout_fused_swin_8h_256_8_ds_wait_fp8
1116	1	1788730543537222656	1788730543537355776	1000000000	133.12	cc_split_swin_16h_ffwd_inpview_512_tilesync_fp8	cc_split_swin_16h_ffwd_inpview_512_tilesync_fp8
1117	1	1788730543537361920	1788730543537514496	1000000000	152.576	cc_split_swin_16h_ffwd_proj_inpview_512_chained_fp8	cc_split_swin_16h_ffwd_proj_inpview_512_chained_fp8
1118	1	1788730543537519616	1788730543538180096	1000000000	660.48	cc_split_swin_16h_qkv_512_chained_fp8	cc_split_swin_16h_qkv_512_chained_fp8
1119	1	1788730543538192384	1788730543538265088	1000000000	72.704	cc_split_swin_16h_proj_512_chained_fp8	cc_split_swin_16h_proj_512_chained_fp8
1120	1	1788730543538273280	1788730543538404352	1000000000	131.072	cc_split_swin_16h_ffwd_512_chained_fp8	cc_split_swin_16h_ffwd_512_chained_fp8
1121	1	1788730543538409472	1788730543538484224	1000000000	74.752	cc_split_swin_16h_ffwd_proj_512_chained_fp8	cc_split_swin_16h_ffwd_proj_512_chained_fp8
1122	1	1788730543538489344	1788730543539205120	1000000000	715.776	cc_split_swin_16h_qkv_512_chained_fp8	cc_split_swin_16h_qkv_512_chained_fp8
1123	1	1788730543539217408	1788730543539292160	1000000000	74.752	cc_split_swin_16h_proj_512_chained_fp8	cc_split_swin_16h_proj_512_chained_fp8
1124	1	1788730543539297280	1788730543539427328	1000000000	130.048	cc_split_swin_16h_ffwd_512_chained_fp8	cc_split_swin_16h_ffwd_512_chained_fp8
1125	1	1788730543539433472	1788730543539508224	1000000000	74.752	cc_split_swin_16h_ffwd_proj_512_chained_fp8	cc_split_swin_16h_ffwd_proj_512_chained_fp8
1126	1	1788730543539513344	1788730543539668992	1000000000	155.648	cc_split_swin_16h_qkv_512_chained_fp8	cc_split_swin_16h_qkv_512_chained_fp8
1127	1	1788730543539674112	1788730543539744768	1000000000	70.656	cc_split_swin_16h_proj_512_chained_fp8	cc_split_swin_16h_proj_512_chained_fp8
1128	1	1788730543539749888	1788730543539879936	1000000000	130.048	cc_split_swin_16h_ffwd_512_chained_fp8	cc_split_swin_16h_ffwd_512_chained_fp8
1129	1	1788730543539885056	1788730543539959808	1000000000	74.752	cc_split_swin_16h_ffwd_proj_512_chained_fp8	cc_split_swin_16h_ffwd_proj_512_chained_fp8
1130	1	1788730543539965952	1788730543540119552	1000000000	153.6	cc_split_swin_16h_qkv_512_chained_fp8	cc_split_swin_16h_qkv_512_chained_fp8
1131	1	1788730543540124672	1788730543540191232	1000000000	66.56	cc_split_swin_16h_proj_512_chained_fp8	cc_split_swin_16h_proj_512_chained_fp8
1132	1	1788730543540197376	1788730543540327424	1000000000	130.048	cc_split_swin_16h_ffwd_512_chained_fp8	cc_split_swin_16h_ffwd_512_chained_fp8
1133	1	1788730543540332544	1788730543540405248	1000000000	72.704	cc_split_swin_16h_ffwd_proj_512_chained_fp8	cc_split_swin_16h_ffwd_proj_512_chained_fp8
1134	1	1788730543540411392	1788730543540535296	1000000000	123.904	cc_split_swin_16h_qkv_512_chained_fp8	cc_split_swin_16h_qkv_512_chained_fp8
1135	1	1788730543540540416	1788730543540608000	1000000000	67.584	cc_split_swin_16h_proj_512_chained_fp8	cc_split_swin_16h_proj_512_chained_fp8
1136	1	1788730543540613120	1788730543540743168	1000000000	130.048	cc_split_swin_16h_ffwd_512_chained_fp8	cc_split_swin_16h_ffwd_512_chained_fp8
1137	1	1788730543540748288	1788730543540820992	1000000000	72.704	cc_split_swin_16h_ffwd_proj_512_chained_fp8	cc_split_swin_16h_ffwd_proj_512_chained_fp8
1138	1	1788730543540827136	1788730543540984832	1000000000	157.696	cc_split_swin_16h_qkv_512_chained_fp8	cc_split_swin_16h_qkv_512_chained_fp8
1139	1	1788730543540989952	1788730543541059584	1000000000	69.632	cc_split_swin_16h_proj_512_chained_fp8	cc_split_swin_16h_proj_512_chained_fp8
1140	1	1788730543541064704	1788730543541195776	1000000000	131.072	cc_split_swin_16h_ffwd_512_chained_fp8	cc_split_swin_16h_ffwd_512_chained_fp8
1141	1	1788730543541200896	1788730543541276672	1000000000	75.776	cc_split_swin_16h_ffwd_proj_512_chained_fp8	cc_split_swin_16h_ffwd_proj_512_chained_fp8
1142	1	1788730543541284864	1788730543541439488	1000000000	154.624	cc_split_swin_16h_qkv_512_chained_fp8	cc_split_swin_16h_qkv_512_chained_fp8
1143	1	1788730543541445632	1788730543541514240	1000000000	68.608	cc_split_swin_16h_proj_512_chained_fp8	cc_split_swin_16h_proj_512_chained_fp8
1144	1	1788730543541519360	1788730543541650432	1000000000	131.072	cc_split_swin_16h_ffwd_512_chained_fp8	cc_split_swin_16h_ffwd_512_chained_fp8
1145	1	1788730543541655552	1788730543541728256	1000000000	72.704	cc_split_swin_16h_ffwd_proj_512_chained_fp8	cc_split_swin_16h_ffwd_proj_512_chained_fp8
1146	1	1788730543541734400	1788730543541886976	1000000000	152.576	cc_split_swin_16h_qkv_512_chained_fp8	cc_split_swin_16h_qkv_512_chained_fp8
1147	1	1788730543541893120	1788730543541952512	1000000000	59.392	cc_split_swin_16h_proj_pool_512_chained_fp8	cc_split_swin_16h_proj_pool_512_chained_fp8
1148	1	1788730543541958656	1788730543542000640	1000000000	41.984	cc_split_swin_16h_final_head_512_wait_fp8	cc_split_swin_16h_final_head_512_wait_fp8
1149	1	1788730543542005760	1788730543542017024	1000000000	11.264	cc_vit_1d_repack_2d_to_1d_fp8	cc_vit_1d_repack_2d_to_1d_fp8
1150	1	1788730543542022144	1788730543542327296	1000000000	305.152	cc_vit_1d_ffn_expand_publish_fp8	cc_vit_1d_ffn_expand_publish_fp8
1151	1	1788730543542334464	1788730543542499328	1000000000	164.864	cc_vit_1d_ffn_contract_chained_fp8	cc_vit_1d_ffn_contract_chained_fp8
1152	1	1788730543542505472	1788730543542650880	1000000000	145.408	cc_vit_1d_qkv_chained_fp8	cc_vit_1d_qkv_chained_fp8
1153	1	1788730543542657024	1788730543542796288	1000000000	139.264	cc_vit_1d_attention_chained_fp8	cc_vit_1d_attention_chained_fp8
1154	1	1788730543542801408	1788730543542870016	1000000000	68.608	cc_vit_1d_projection_chained_fp8	cc_vit_1d_projection_chained_fp8
1155	1	1788730543542876160	1788730543543131136	1000000000	254.976	cc_vit_1d_ffn_expand_chained_fp8	cc_vit_1d_ffn_expand_chained_fp8
1156	1	1788730543543137280	1788730543543303168	1000000000	165.888	cc_vit_1d_ffn_contract_chained_fp8	cc_vit_1d_ffn_contract_chained_fp8
1157	1	1788730543543309312	1788730543543451648	1000000000	142.336	cc_vit_1d_qkv_chained_fp8	cc_vit_1d_qkv_chained_fp8
1158	1	1788730543543457792	1788730543543597056	1000000000	139.264	cc_vit_1d_attention_chained_fp8	cc_vit_1d_attention_chained_fp8
1159	1	1788730543543602176	1788730543543669760	1000000000	67.584	cc_vit_1d_projection_chained_fp8	cc_vit_1d_projection_chained_fp8
1160	1	1788730543543675904	1788730543543933952	1000000000	258.048	cc_vit_1d_ffn_expand_chained_fp8	cc_vit_1d_ffn_expand_chained_fp8
1161	1	1788730543543939072	1788730543544107008	1000000000	167.936	cc_vit_1d_ffn_contract_chained_fp8	cc_vit_1d_ffn_contract_chained_fp8
1162	1	1788730543544112128	1788730543544257536	1000000000	145.408	cc_vit_1d_qkv_chained_fp8	cc_vit_1d_qkv_chained_fp8
1163	1	1788730543544262656	1788730543544401920	1000000000	139.264	cc_vit_1d_attention_chained_fp8	cc_vit_1d_attention_chained_fp8
1164	1	1788730543544407040	1788730543544473600	1000000000	66.56	cc_vit_1d_projection_chained_fp8	cc_vit_1d_projection_chained_fp8
1165	1	1788730543544479744	1788730543544716288	1000000000	236.544	cc_vit_1d_ffn_expand_chained_fp8	cc_vit_1d_ffn_expand_chained_fp8
1166	1	1788730543544722432	1788730543544889344	1000000000	166.912	cc_vit_1d_ffn_contract_chained_fp8	cc_vit_1d_ffn_contract_chained_fp8
1167	1	1788730543544895488	1788730543545039872	1000000000	144.384	cc_vit_1d_qkv_chained_fp8	cc_vit_1d_qkv_chained_fp8
1168	1	1788730543545044992	1788730543545184256	1000000000	139.264	cc_vit_1d_attention_chained_fp8	cc_vit_1d_attention_chained_fp8
1169	1	1788730543545189376	1788730543545255936	1000000000	66.56	cc_vit_1d_projection_chained_fp8	cc_vit_1d_projection_chained_fp8
1170	1	1788730543545262080	1788730543545503744	1000000000	241.664	cc_vit_1d_ffn_expand_chained_fp8	cc_vit_1d_ffn_expand_chained_fp8
1171	1	1788730543545509888	1788730543545674752	1000000000	164.864	cc_vit_1d_ffn_contract_chained_fp8	cc_vit_1d_ffn_contract_chained_fp8
1172	1	1788730543545680896	1788730543545826304	1000000000	145.408	cc_vit_1d_qkv_chained_fp8	cc_vit_1d_qkv_chained_fp8
1173	1	1788730543545831424	1788730543545970688	1000000000	139.264	cc_vit_1d_attention_chained_fp8	cc_vit_1d_attention_chained_fp8
1174	1	1788730543545975808	1788730543546043392	1000000000	67.584	cc_vit_1d_projection_chained_fp8	cc_vit_1d_projection_chained_fp8
1175	1	1788730543546048512	1788730543546290176	1000000000	241.664	cc_vit_1d_ffn_expand_chained_fp8	cc_vit_1d_ffn_expand_chained_fp8
1176	1	1788730543546296320	1788730543546461184	1000000000	164.864	cc_vit_1d_ffn_contract_chained_fp8	cc_vit_1d_ffn_contract_chained_fp8
1177	1	1788730543546467328	1788730543546610688	1000000000	143.36	cc_vit_1d_qkv_chained_fp8	cc_vit_1d_qkv_chained_fp8
1178	1	1788730543546616832	1788730543546756096	1000000000	139.264	cc_vit_1d_attention_chained_fp8	cc_vit_1d_attention_chained_fp8
1179	1	1788730543546762240	1788730543546828800	1000000000	66.56	cc_vit_1d_projection_chained_fp8	cc_vit_1d_projection_chained_fp8
1180	1	1788730543546834944	1788730543547074560	1000000000	239.616	cc_vit_1d_ffn_expand_chained_fp8	cc_vit_1d_ffn_expand_chained_fp8
1181	1	1788730543547079680	1788730543547246592	1000000000	166.912	cc_vit_1d_ffn_contract_chained_fp8	cc_vit_1d_ffn_contract_chained_fp8
1182	1	1788730543547252736	1788730543547398144	1000000000	145.408	cc_vit_1d_qkv_chained_fp8	cc_vit_1d_qkv_chained_fp8
1183	1	1788730543547404288	1788730543547542528	1000000000	138.24	cc_vit_1d_attention_chained_fp8	cc_vit_1d_attention_chained_fp8
1184	1	1788730543547547648	1788730543547616256	1000000000	68.608	cc_vit_1d_projection_chained_fp8	cc_vit_1d_projection_chained_fp8
1185	1	1788730543547621376	1788730543547868160	1000000000	246.784	cc_vit_1d_ffn_expand_chained_fp8	cc_vit_1d_ffn_expand_chained_fp8
1186	1	1788730543547873280	1788730543548040192	1000000000	166.912	cc_vit_1d_ffn_contract_chained_fp8	cc_vit_1d_ffn_contract_chained_fp8
1187	1	1788730543548046336	1788730543548188672	1000000000	142.336	cc_vit_1d_qkv_chained_fp8	cc_vit_1d_qkv_chained_fp8
1188	1	1788730543548194816	1788730543548334080	1000000000	139.264	cc_vit_1d_attention_chained_fp8	cc_vit_1d_attention_chained_fp8
1189	1	1788730543548341248	1788730543548409856	1000000000	68.608	cc_vit_1d_projection_wait_fp8	cc_vit_1d_projection_wait_fp8
1190	1	1788730543548414976	1788730543548425216	1000000000	10.24	cc_vit_1d_repack_1d_to_2d_fp8	cc_vit_1d_repack_1d_to_2d_fp8
1191	1	1788730543548430336	1788730543548488704	1000000000	58.368	cc_dec_input_upsample_1024_512_tilesync_fp8	cc_dec_input_upsample_1024_512_tilesync_fp8
1192	1	1788730543548494848	1788730543548623872	1000000000	129.024	cc_split_swin_16h_ffwd_512_chained_fp8	cc_split_swin_16h_ffwd_512_chained_fp8
1193	1	1788730543548630016	1788730543548702720	1000000000	72.704	cc_split_swin_16h_ffwd_proj_512_chained_fp8	cc_split_swin_16h_ffwd_proj_512_chained_fp8
1194	1	1788730543548708864	1788730543548831744	1000000000	122.88	cc_split_swin_16h_qkv_512_chained_fp8	cc_split_swin_16h_qkv_512_chained_fp8
1195	1	1788730543548836864	1788730543548904448	1000000000	67.584	cc_split_swin_16h_proj_512_chained_fp8	cc_split_swin_16h_proj_512_chained_fp8
1196	1	1788730543548910592	1788730543549040640	1000000000	130.048	cc_split_swin_16h_ffwd_512_chained_fp8	cc_split_swin_16h_ffwd_512_chained_fp8
1197	1	1788730543549045760	1788730543549120512	1000000000	74.752	cc_split_swin_16h_ffwd_proj_512_chained_fp8	cc_split_swin_16h_ffwd_proj_512_chained_fp8
1198	1	1788730543549126656	1788730543549280256	1000000000	153.6	cc_split_swin_16h_qkv_512_chained_fp8	cc_split_swin_16h_qkv_512_chained_fp8
1199	1	1788730543549286400	1788730543549356032	1000000000	69.632	cc_split_swin_16h_proj_512_chained_fp8	cc_split_swin_16h_proj_512_chained_fp8
1200	1	1788730543549361152	1788730543549491200	1000000000	130.048	cc_split_swin_16h_ffwd_512_chained_fp8	cc_split_swin_16h_ffwd_512_chained_fp8
1201	1	1788730543549496320	1788730543549570048	1000000000	73.728	cc_split_swin_16h_ffwd_proj_512_chained_fp8	cc_split_swin_16h_ffwd_proj_512_chained_fp8
1202	1	1788730543549575168	1788730543549731840	1000000000	156.672	cc_split_swin_16h_qkv_512_chained_fp8	cc_split_swin_16h_qkv_512_chained_fp8
1203	1	1788730543549736960	1788730543549805568	1000000000	68.608	cc_split_swin_16h_proj_512_chained_fp8	cc_split_swin_16h_proj_512_chained_fp8
1204	1	1788730543549811712	1788730543549941760	1000000000	130.048	cc_split_swin_16h_ffwd_512_chained_fp8	cc_split_swin_16h_ffwd_512_chained_fp8
1205	1	1788730543549947904	1788730543550022656	1000000000	74.752	cc_split_swin_16h_ffwd_proj_512_chained_fp8	cc_split_swin_16h_ffwd_proj_512_chained_fp8
1206	1	1788730543550028800	1788730543550182400	1000000000	153.6	cc_split_swin_16h_qkv_512_chained_fp8	cc_split_swin_16h_qkv_512_chained_fp8
1207	1	1788730543550186496	1788730543550255104	1000000000	68.608	cc_split_swin_16h_proj_512_chained_fp8	cc_split_swin_16h_proj_512_chained_fp8
1208	1	1788730543550260224	1788730543550389248	1000000000	129.024	cc_split_swin_16h_ffwd_512_chained_fp8	cc_split_swin_16h_ffwd_512_chained_fp8
1209	1	1788730543550395392	1788730543550468096	1000000000	72.704	cc_split_swin_16h_ffwd_proj_512_chained_fp8	cc_split_swin_16h_ffwd_proj_512_chained_fp8
1210	1	1788730543550474240	1788730543550598144	1000000000	123.904	cc_split_swin_16h_qkv_512_chained_fp8	cc_split_swin_16h_qkv_512_chained_fp8
1211	1	1788730543550604288	1788730543550671872	1000000000	67.584	cc_split_swin_16h_proj_512_chained_fp8	cc_split_swin_16h_proj_512_chained_fp8
1212	1	1788730543550676992	1788730543550807040	1000000000	130.048	cc_split_swin_16h_ffwd_512_chained_fp8	cc_split_swin_16h_ffwd_512_chained_fp8
1213	1	1788730543550812160	1788730543550885888	1000000000	73.728	cc_split_swin_16h_ffwd_proj_512_chained_fp8	cc_split_swin_16h_ffwd_proj_512_chained_fp8
1214	1	1788730543550891008	1788730543551045632	1000000000	154.624	cc_split_swin_16h_qkv_512_chained_fp8	cc_split_swin_16h_qkv_512_chained_fp8
1215	1	1788730543551051776	1788730543551121408	1000000000	69.632	cc_split_swin_16h_proj_512_chained_fp8	cc_split_swin_16h_proj_512_chained_fp8
1216	1	1788730543551127552	1788730543551257600	1000000000	130.048	cc_split_swin_16h_ffwd_512_chained_fp8	cc_split_swin_16h_ffwd_512_chained_fp8
1217	1	1788730543551263744	1788730543551337472	1000000000	73.728	cc_split_swin_16h_ffwd_proj_512_chained_fp8	cc_split_swin_16h_ffwd_proj_512_chained_fp8
1218	1	1788730543551343616	1788730543551496192	1000000000	152.576	cc_split_swin_16h_qkv_512_chained_fp8	cc_split_swin_16h_qkv_512_chained_fp8
1219	1	1788730543551502336	1788730543551571968	1000000000	69.632	cc_split_swin_16h_proj_512_chained_fp8	cc_split_swin_16h_proj_512_chained_fp8
1220	1	1788730543551578112	1788730543551708160	1000000000	130.048	cc_split_swin_16h_ffwd_512_chained_fp8	cc_split_swin_16h_ffwd_512_chained_fp8
1221	1	1788730543551713280	1788730543551788032	1000000000	74.752	cc_split_swin_16h_ffwd_proj_512_chained_fp8	cc_split_swin_16h_ffwd_proj_512_chained_fp8
1222	1	1788730543551793152	1788730543551947776	1000000000	154.624	cc_split_swin_16h_qkv_512_chained_fp8	cc_split_swin_16h_qkv_512_chained_fp8
1223	1	1788730543551952896	1788730543552128000	1000000000	175.104	cc_split_swin_16h_proj_512_outview_wait_fp8	cc_split_swin_16h_proj_512_outview_wait_fp8
1224	1	1788730543552134144	1788730543552664576	1000000000	530.432	cc_tinlayout_fused_swin_8h_256_8_upsample_tilesync_fp8	cc_tinlayout_fused_swin_8h_256_8_upsample_tilesync_fp8
1225	1	1788730543552670720	1788730543553306624	1000000000	635.904	cc_tinlayout_fused_swin_8h_256_8_chained_fp8	cc_tinlayout_fused_swin_8h_256_8_chained_fp8
1226	1	1788730543553313792	1788730543553890304	1000000000	576.512	cc_tinlayout_fused_swin_8h_256_8_chained_fp8	cc_tinlayout_fused_swin_8h_256_8_chained_fp8
1227	1	1788730543553896448	1788730543554347008	1000000000	450.56	cc_tinlayout_fused_swin_8h_256_8_chained_fp8	cc_tinlayout_fused_swin_8h_256_8_chained_fp8
1228	1	1788730543554353152	1788730543554806784	1000000000	453.632	cc_tinlayout_fused_swin_8h_256_8_chained_fp8	cc_tinlayout_fused_swin_8h_256_8_chained_fp8
1229	1	1788730543554812928	1788730543555389440	1000000000	576.512	cc_tinlayout_fused_swin_8h_256_8_chained_fp8	cc_tinlayout_fused_swin_8h_256_8_chained_fp8
1230	1	1788730543555395584	1788730543555971072	1000000000	575.488	cc_tinlayout_fused_swin_8h_256_8_chained_fp8	cc_tinlayout_fused_swin_8h_256_8_chained_fp8
1231	1	1788730543555977216	1788730543556411392	1000000000	434.176	cc_tinlayout_fused_swin_8h_256_8_outview_wait_fp8	cc_tinlayout_fused_swin_8h_256_8_outview_wait_fp8
1232	1	1788730543556417536	1788730543557055488	1000000000	637.952	cc_tinlayout_fused_swin_4h_128_4_upsample_tilesync_fp8	cc_tinlayout_fused_swin_4h_128_4_upsample_tilesync_fp8
1233	1	1788730543557061632	1788730543557538816	1000000000	477.184	cc_tinlayout_fused_swin_4h_128_4_chained_fp8	cc_tinlayout_fused_swin_4h_128_4_chained_fp8
1234	1	1788730543557544960	1788730543557991424	1000000000	446.464	cc_tinlayout_fused_swin_4h_128_4_chained_fp8	cc_tinlayout_fused_swin_4h_128_4_chained_fp8
1235	1	1788730543557996544	1788730543558452224	1000000000	455.68	cc_tinlayout_fused_swin_4h_128_4_chained_fp8	cc_tinlayout_fused_swin_4h_128_4_chained_fp8
1236	1	1788730543558457344	1788730543558924288	1000000000	466.944	cc_tinlayout_fused_swin_4h_128_4_chained_fp8	cc_tinlayout_fused_swin_4h_128_4_chained_fp8
1237	1	1788730543558930432	1788730543559401472	1000000000	471.04	cc_tinlayout_fused_swin_4h_128_4_outview_wait_fp8	cc_tinlayout_fused_swin_4h_128_4_outview_wait_fp8
1238	1	1788730543559407616	1788730543560489984	1000000000	1082.37	cc_tinlayout_fused_swin_2h_64_2_upsample_tilesync_fp8	cc_tinlayout_fused_swin_2h_64_2_upsample_tilesync_fp8
1239	1	1788730543560496128	1788730543561263104	1000000000	766.976	cc_tinlayout_fused_swin_2h_64_2_chained_fp8	cc_tinlayout_fused_swin_2h_64_2_chained_fp8
1240	1	1788730543561268224	1788730543561973760	1000000000	705.536	cc_tinlayout_fused_swin_2h_64_2_chained_fp8	cc_tinlayout_fused_swin_2h_64_2_chained_fp8
1241	1	1788730543561978880	1788730543562682368	1000000000	703.488	cc_tinlayout_fused_swin_2h_64_2_outview_wait_fp8	cc_tinlayout_fused_swin_2h_64_2_outview_wait_fp8
1242	1	1788730543562687488	1788730543564650496	1000000000	1963.01	cc_tinlayout_fused_swin_1h_32_1_upsample_tilesync_fp8	cc_tinlayout_fused_swin_1h_32_1_upsample_tilesync_fp8
1243	1	1788730543564655616	1788730543565893632	1000000000	1238.02	cc_tinlayout_fused_swin_1h_32_1_chained_fp8	cc_tinlayout_fused_swin_1h_32_1_chained_fp8
1244	1	1788730543565898752	1788730543567125504	1000000000	1226.75	cc_tinlayout_fused_swin_1h_32_1_chained_fp8	cc_tinlayout_fused_swin_1h_32_1_chained_fp8
1245	1	1788730543567131648	1788730543568719872	1000000000	1588.22	cc_tinlayout_fused_swin_1h_32_1_outview_wait_fp8	cc_tinlayout_fused_swin_1h_32_1_outview_wait_fp8
1246	1	1788730543568724992	1788730543579123712	1000000000	10398.7	cc_tinlayout_fused_post_block_swin_1h_32_fp8	cc_tinlayout_fused_post_block_swin_1h_32_fp8
1247	1	1788730543579130880	1788730543579205632	1000000000	74.752	cg2r_copy_kernel	cg2r_copy_kernel
1248	1	1788730543769025536	1788730543769031680	1000000000	6.144	cc_cb_clear	cc_cb_clear
1249	1	1788730543769036800	1788730543773522944	1000000000	4486.14	cc_tinlayout_fused_pre_block_swin_1h_32_1_ds_fp8	cc_tinlayout_fused_pre_block_swin_1h_32_1_ds_fp8
1250	1	1788730543773528064	1788730543774656512	1000000000	1128.45	cc_tinlayout_fused_swin_1h_32_1_inpview_tilesync_fp8	cc_tinlayout_fused_swin_1h_32_1_inpview_tilesync_fp8
1251	1	1788730543774662656	1788730543775955968	1000000000	1293.31	cc_tinlayout_fused_swin_1h_32_1_chained_fp8	cc_tinlayout_fused_swin_1h_32_1_chained_fp8
1252	1	1788730543775962112	1788730543777243136	1000000000	1281.02	cc_tinlayout_fused_swin_1h_32_1_chained_fp8	cc_tinlayout_fused_swin_1h_32_1_chained_fp8
1253	1	1788730543777249280	1788730543778515968	1000000000	1266.69	cc_tinlayout_fused_swin_1h_32_1_ds_wait_fp8	cc_tinlayout_fused_swin_1h_32_1_ds_wait_fp8
1254	1	1788730543778522112	1788730543779255296	1000000000	733.184	cc_tinlayout_fused_swin_2h_64_2_inpview_tilesync_fp8	cc_tinlayout_fused_swin_2h_64_2_inpview_tilesync_fp8
1255	1	1788730543779261440	1788730543780065280	1000000000	803.84	cc_tinlayout_fused_swin_2h_64_2_chained_fp8	cc_tinlayout_fused_swin_2h_64_2_chained_fp8
1256	1	1788730543780072448	1788730543780845568	1000000000	773.12	cc_tinlayout_fused_swin_2h_64_2_chained_fp8	cc_tinlayout_fused_swin_2h_64_2_chained_fp8
1257	1	1788730543780851712	1788730543781671936	1000000000	820.224	cc_tinlayout_fused_swin_2h_64_2_ds_wait_fp8	cc_tinlayout_fused_swin_2h_64_2_ds_wait_fp8
1258	1	1788730543781678080	1788730543782209536	1000000000	531.456	cc_tinlayout_fused_swin_4h_128_4_inpview_tilesync_fp8	cc_tinlayout_fused_swin_4h_128_4_inpview_tilesync_fp8
1259	1	1788730543782215680	1788730543782731776	1000000000	516.096	cc_tinlayout_fused_swin_4h_128_4_chained_fp8	cc_tinlayout_fused_swin_4h_128_4_chained_fp8
1260	1	1788730543782737920	1788730543783242752	1000000000	504.832	cc_tinlayout_fused_swin_4h_128_4_chained_fp8	cc_tinlayout_fused_swin_4h_128_4_chained_fp8
1261	1	1788730543783248896	1788730543783751680	1000000000	502.784	cc_tinlayout_fused_swin_4h_128_4_chained_fp8	cc_tinlayout_fused_swin_4h_128_4_chained_fp8
1262	1	1788730543783757824	1788730543784253440	1000000000	495.616	cc_tinlayout_fused_swin_4h_128_4_chained_fp8	cc_tinlayout_fused_swin_4h_128_4_chained_fp8
1263	1	1788730543784259584	1788730543784829952	1000000000	570.368	cc_tinlayout_fused_swin_4h_128_4_ds_wait_fp8	cc_tinlayout_fused_swin_4h_128_4_ds_wait_fp8
1264	1	1788730543784836096	1788730543785350144	1000000000	514.048	cc_tinlayout_fused_swin_8h_256_8_inpview_tilesync_fp8	cc_tinlayout_fused_swin_8h_256_8_inpview_tilesync_fp8
1265	1	1788730543785356288	1788730543786057728	1000000000	701.44	cc_tinlayout_fused_swin_8h_256_8_chained_fp8	cc_tinlayout_fused_swin_8h_256_8_chained_fp8
1266	1	1788730543786063872	1788730543786691584	1000000000	627.712	cc_tinlayout_fused_swin_8h_256_8_chained_fp8	cc_tinlayout_fused_swin_8h_256_8_chained_fp8
1267	1	1788730543786697728	1788730543787190272	1000000000	492.544	cc_tinlayout_fused_swin_8h_256_8_chained_fp8	cc_tinlayout_fused_swin_8h_256_8_chained_fp8
1268	1	1788730543787196416	1788730543787717632	1000000000	521.216	cc_tinlayout_fused_swin_8h_256_8_chained_fp8	cc_tinlayout_fused_swin_8h_256_8_chained_fp8
1269	1	1788730543787724800	1788730543788353536	1000000000	628.736	cc_tinlayout_fused_swin_8h_256_8_chained_fp8	cc_tinlayout_fused_swin_8h_256_8_chained_fp8
1270	1	1788730543788359680	1788730543788993536	1000000000	633.856	cc_tinlayout_fused_swin_8h_256_8_chained_fp8	cc_tinlayout_fused_swin_8h_256_8_chained_fp8
1271	1	1788730543788999680	1788730543789560832	1000000000	561.152	cc_tinlayout_fused_swin_8h_256_8_ds_wait_fp8	cc_tinlayout_fused_swin_8h_256_8_ds_wait_fp8
1272	1	1788730543789566976	1788730543789712384	1000000000	145.408	cc_split_swin_16h_ffwd_inpview_512_tilesync_fp8	cc_split_swin_16h_ffwd_inpview_512_tilesync_fp8
1273	1	1788730543789718528	1788730543789876224	1000000000	157.696	cc_split_swin_16h_ffwd_proj_inpview_512_chained_fp8	cc_split_swin_16h_ffwd_proj_inpview_512_chained_fp8
1274	1	1788730543789883392	1788730543790018560	1000000000	135.168	cc_split_swin_16h_qkv_512_chained_fp8	cc_split_swin_16h_qkv_512_chained_fp8
1275	1	1788730543790024704	1788730543790099456	1000000000	74.752	cc_split_swin_16h_proj_512_chained_fp8	cc_split_swin_16h_proj_512_chained_fp8
1276	1	1788730543790105600	1788730543790247936	1000000000	142.336	cc_split_swin_16h_ffwd_512_chained_fp8	cc_split_swin_16h_ffwd_512_chained_fp8
1277	1	1788730543790253056	1788730543790330880	1000000000	77.824	cc_split_swin_16h_ffwd_proj_512_chained_fp8	cc_split_swin_16h_ffwd_proj_512_chained_fp8
1278	1	1788730543790337024	1788730543790510080	1000000000	173.056	cc_split_swin_16h_qkv_512_chained_fp8	cc_split_swin_16h_qkv_512_chained_fp8
1279	1	1788730543790515200	1788730543790593024	1000000000	77.824	cc_split_swin_16h_proj_512_chained_fp8	cc_split_swin_16h_proj_512_chained_fp8
1280	1	1788730543790598144	1788730543790741504	1000000000	143.36	cc_split_swin_16h_ffwd_512_chained_fp8	cc_split_swin_16h_ffwd_512_chained_fp8
1281	1	1788730543790747648	1788730543790830592	1000000000	82.944	cc_split_swin_16h_ffwd_proj_512_chained_fp8	cc_split_swin_16h_ffwd_proj_512_chained_fp8
1282	1	1788730543790836736	1788730543791006720	1000000000	169.984	cc_split_swin_16h_qkv_512_chained_fp8	cc_split_swin_16h_qkv_512_chained_fp8
1283	1	1788730543791011840	1788730543791088640	1000000000	76.8	cc_split_swin_16h_proj_512_chained_fp8	cc_split_swin_16h_proj_512_chained_fp8
1284	1	1788730543791094784	1788730543791237120	1000000000	142.336	cc_split_swin_16h_ffwd_512_chained_fp8	cc_split_swin_16h_ffwd_512_chained_fp8
1285	1	1788730543791242240	1788730543791322112	1000000000	79.872	cc_split_swin_16h_ffwd_proj_512_chained_fp8	cc_split_swin_16h_ffwd_proj_512_chained_fp8
1286	1	1788730543791328256	1788730543791496192	1000000000	167.936	cc_split_swin_16h_qkv_512_chained_fp8	cc_split_swin_16h_qkv_512_chained_fp8
1287	1	1788730543791501312	1788730543791574016	1000000000	72.704	cc_split_swin_16h_proj_512_chained_fp8	cc_split_swin_16h_proj_512_chained_fp8
1288	1	1788730543791580160	1788730543791722496	1000000000	142.336	cc_split_swin_16h_ffwd_512_chained_fp8	cc_split_swin_16h_ffwd_512_chained_fp8
1289	1	1788730543791728640	1788730543791809536	1000000000	80.896	cc_split_swin_16h_ffwd_proj_512_chained_fp8	cc_split_swin_16h_ffwd_proj_512_chained_fp8
1290	1	1788730543791815680	1788730543791949824	1000000000	134.144	cc_split_swin_16h_qkv_512_chained_fp8	cc_split_swin_16h_qkv_512_chained_fp8
1291	1	1788730543791955968	1788730543792029696	1000000000	73.728	cc_split_swin_16h_proj_512_chained_fp8	cc_split_swin_16h_proj_512_chained_fp8
1292	1	1788730543792034816	1788730543792177152	1000000000	142.336	cc_split_swin_16h_ffwd_512_chained_fp8	cc_split_swin_16h_ffwd_512_chained_fp8
1293	1	1788730543792183296	1788730543792262144	1000000000	78.848	cc_split_swin_16h_ffwd_proj_512_chained_fp8	cc_split_swin_16h_ffwd_proj_512_chained_fp8
1294	1	1788730543792273408	1788730543792444416	1000000000	171.008	cc_split_swin_16h_qkv_512_chained_fp8	cc_split_swin_16h_qkv_512_chained_fp8
1295	1	1788730543792449536	1788730543792525312	1000000000	75.776	cc_split_swin_16h_proj_512_chained_fp8	cc_split_swin_16h_proj_512_chained_fp8
1296	1	1788730543792531456	1788730543792673792	1000000000	142.336	cc_split_swin_16h_ffwd_512_chained_fp8	cc_split_swin_16h_ffwd_512_chained_fp8
1297	1	1788730543792679936	1788730543792758784	1000000000	78.848	cc_split_swin_16h_ffwd_proj_512_chained_fp8	cc_split_swin_16h_ffwd_proj_512_chained_fp8
1298	1	1788730543792764928	1788730543792935936	1000000000	171.008	cc_split_swin_16h_qkv_512_chained_fp8	cc_split_swin_16h_qkv_512_chained_fp8
1299	1	1788730543792942080	1788730543793016832	1000000000	74.752	cc_split_swin_16h_proj_512_chained_fp8	cc_split_swin_16h_proj_512_chained_fp8
1300	1	1788730543793022976	1788730543793165312	1000000000	142.336	cc_split_swin_16h_ffwd_512_chained_fp8	cc_split_swin_16h_ffwd_512_chained_fp8
1301	1	1788730543793170432	1788730543793251328	1000000000	80.896	cc_split_swin_16h_ffwd_proj_512_chained_fp8	cc_split_swin_16h_ffwd_proj_512_chained_fp8
1302	1	1788730543793257472	1788730543793423360	1000000000	165.888	cc_split_swin_16h_qkv_512_chained_fp8	cc_split_swin_16h_qkv_512_chained_fp8
1303	1	1788730543793430528	1788730543793495040	1000000000	64.512	cc_split_swin_16h_proj_pool_512_chained_fp8	cc_split_swin_16h_proj_pool_512_chained_fp8
1304	1	1788730543793500160	1788730543793546240	1000000000	46.08	cc_split_swin_16h_final_head_512_wait_fp8	cc_split_swin_16h_final_head_512_wait_fp8
1305	1	1788730543793552384	1788730543793563648	1000000000	11.264	cc_vit_1d_repack_2d_to_1d_fp8	cc_vit_1d_repack_2d_to_1d_fp8
1306	1	1788730543793568768	1788730543793875968	1000000000	307.2	cc_vit_1d_ffn_expand_publish_fp8	cc_vit_1d_ffn_expand_publish_fp8
1307	1	1788730543793882112	1788730543794063360	1000000000	181.248	cc_vit_1d_ffn_contract_chained_fp8	cc_vit_1d_ffn_contract_chained_fp8
1308	1	1788730543794069504	1788730543794224128	1000000000	154.624	cc_vit_1d_qkv_chained_fp8	cc_vit_1d_qkv_chained_fp8
1309	1	1788730543794230272	1788730543794381824	1000000000	151.552	cc_vit_1d_attention_chained_fp8	cc_vit_1d_attention_chained_fp8
1310	1	1788730543794387968	1788730543794464768	1000000000	76.8	cc_vit_1d_projection_chained_fp8	cc_vit_1d_projection_chained_fp8
1311	1	1788730543794470912	1788730543794722816	1000000000	251.904	cc_vit_1d_ffn_expand_chained_fp8	cc_vit_1d_ffn_expand_chained_fp8
1312	1	1788730543794728960	1788730543794910208	1000000000	181.248	cc_vit_1d_ffn_contract_chained_fp8	cc_vit_1d_ffn_contract_chained_fp8
1313	1	1788730543794916352	1788730543795073024	1000000000	156.672	cc_vit_1d_qkv_chained_fp8	cc_vit_1d_qkv_chained_fp8
1314	1	1788730543795079168	1788730543795230720	1000000000	151.552	cc_vit_1d_attention_chained_fp8	cc_vit_1d_attention_chained_fp8
1315	1	1788730543795236864	1788730543795309568	1000000000	72.704	cc_vit_1d_projection_chained_fp8	cc_vit_1d_projection_chained_fp8
1316	1	1788730543795315712	1788730543795576832	1000000000	261.12	cc_vit_1d_ffn_expand_chained_fp8	cc_vit_1d_ffn_expand_chained_fp8
1317	1	1788730543795582976	1788730543795764224	1000000000	181.248	cc_vit_1d_ffn_contract_chained_fp8	cc_vit_1d_ffn_contract_chained_fp8
1318	1	1788730543795770368	1788730543795927040	1000000000	156.672	cc_vit_1d_qkv_chained_fp8	cc_vit_1d_qkv_chained_fp8
1319	1	1788730543795933184	1788730543796084736	1000000000	151.552	cc_vit_1d_attention_chained_fp8	cc_vit_1d_attention_chained_fp8
1320	1	1788730543796090880	1788730543796162560	1000000000	71.68	cc_vit_1d_projection_chained_fp8	cc_vit_1d_projection_chained_fp8
1321	1	1788730543796167680	1788730543796418560	1000000000	250.88	cc_vit_1d_ffn_expand_chained_fp8	cc_vit_1d_ffn_expand_chained_fp8
1322	1	1788730543796430848	1788730543796611072	1000000000	180.224	cc_vit_1d_ffn_contract_chained_fp8	cc_vit_1d_ffn_contract_chained_fp8
1323	1	1788730543796617216	1788730543796771840	1000000000	154.624	cc_vit_1d_qkv_chained_fp8	cc_vit_1d_qkv_chained_fp8
1324	1	1788730543796777984	1788730543796930560	1000000000	152.576	cc_vit_1d_attention_chained_fp8	cc_vit_1d_attention_chained_fp8
1325	1	1788730543796935680	1788730543797010432	1000000000	74.752	cc_vit_1d_projection_chained_fp8	cc_vit_1d_projection_chained_fp8
1326	1	1788730543797016576	1788730543797271552	1000000000	254.976	cc_vit_1d_ffn_expand_chained_fp8	cc_vit_1d_ffn_expand_chained_fp8
1327	1	1788730543797278720	1788730543797458944	1000000000	180.224	cc_vit_1d_ffn_contract_chained_fp8	cc_vit_1d_ffn_contract_chained_fp8
1328	1	1788730543797465088	1788730543797620736	1000000000	155.648	cc_vit_1d_qkv_chained_fp8	cc_vit_1d_qkv_chained_fp8
1329	1	1788730543797626880	1788730543797779456	1000000000	152.576	cc_vit_1d_attention_chained_fp8	cc_vit_1d_attention_chained_fp8
1330	1	1788730543797784576	1788730543797857280	1000000000	72.704	cc_vit_1d_projection_chained_fp8	cc_vit_1d_projection_chained_fp8
1331	1	1788730543797863424	1788730543798118400	1000000000	254.976	cc_vit_1d_ffn_expand_chained_fp8	cc_vit_1d_ffn_expand_chained_fp8
1332	1	1788730543798124544	1788730543798306816	1000000000	182.272	cc_vit_1d_ffn_contract_chained_fp8	cc_vit_1d_ffn_contract_chained_fp8
1333	1	1788730543798312960	1788730543798468608	1000000000	155.648	cc_vit_1d_qkv_chained_fp8	cc_vit_1d_qkv_chained_fp8
1334	1	1788730543798474752	1788730543798627328	1000000000	152.576	cc_vit_1d_attention_chained_fp8	cc_vit_1d_attention_chained_fp8
1335	1	1788730543798632448	1788730543798705152	1000000000	72.704	cc_vit_1d_projection_chained_fp8	cc_vit_1d_projection_chained_fp8
1336	1	1788730543798711296	1788730543798977536	1000000000	266.24	cc_vit_1d_ffn_expand_chained_fp8	cc_vit_1d_ffn_expand_chained_fp8
1337	1	1788730543798983680	1788730543799165952	1000000000	182.272	cc_vit_1d_ffn_contract_chained_fp8	cc_vit_1d_ffn_contract_chained_fp8
1338	1	1788730543799172096	1788730543799328768	1000000000	156.672	cc_vit_1d_qkv_chained_fp8	cc_vit_1d_qkv_chained_fp8
1339	1	1788730543799334912	1788730543799490560	1000000000	155.648	cc_vit_1d_attention_chained_fp8	cc_vit_1d_attention_chained_fp8
1340	1	1788730543799496704	1788730543799569408	1000000000	72.704	cc_vit_1d_projection_chained_fp8	cc_vit_1d_projection_chained_fp8
1341	1	1788730543799576576	1788730543800427520	1000000000	850.944	cc_vit_1d_ffn_expand_chained_fp8	cc_vit_1d_ffn_expand_chained_fp8
1342	1	1788730543800440832	1788730543800624128	1000000000	183.296	cc_vit_1d_ffn_contract_chained_fp8	cc_vit_1d_ffn_contract_chained_fp8
1343	1	1788730543800630272	1788730543800786944	1000000000	156.672	cc_vit_1d_qkv_chained_fp8	cc_vit_1d_qkv_chained_fp8
1344	1	1788730543800793088	1788730543801555968	1000000000	762.88	cc_vit_1d_attention_chained_fp8	cc_vit_1d_attention_chained_fp8
1345	1	1788730543801569280	1788730543801644032	1000000000	74.752	cc_vit_1d_projection_wait_fp8	cc_vit_1d_projection_wait_fp8
1346	1	1788730543801650176	1788730543801660416	1000000000	10.24	cc_vit_1d_repack_1d_to_2d_fp8	cc_vit_1d_repack_1d_to_2d_fp8
1347	1	1788730543801665536	1788730543801730048	1000000000	64.512	cc_dec_input_upsample_1024_512_tilesync_fp8	cc_dec_input_upsample_1024_512_tilesync_fp8
1348	1	1788730543801736192	1788730543801877504	1000000000	141.312	cc_split_swin_16h_ffwd_512_chained_fp8	cc_split_swin_16h_ffwd_512_chained_fp8
1349	1	1788730543801883648	1788730543801964544	1000000000	80.896	cc_split_swin_16h_ffwd_proj_512_chained_fp8	cc_split_swin_16h_ffwd_proj_512_chained_fp8
1350	1	1788730543801969664	1788730543802104832	1000000000	135.168	cc_split_swin_16h_qkv_512_chained_fp8	cc_split_swin_16h_qkv_512_chained_fp8
1351	1	1788730543802109952	1788730543802183680	1000000000	73.728	cc_split_swin_16h_proj_512_chained_fp8	cc_split_swin_16h_proj_512_chained_fp8
1352	1	1788730543802189824	1788730543802332160	1000000000	142.336	cc_split_swin_16h_ffwd_512_chained_fp8	cc_split_swin_16h_ffwd_512_chained_fp8
1353	1	1788730543802338304	1788730543802417152	1000000000	78.848	cc_split_swin_16h_ffwd_proj_512_chained_fp8	cc_split_swin_16h_ffwd_proj_512_chained_fp8
1354	1	1788730543802423296	1788730543802592256	1000000000	168.96	cc_split_swin_16h_qkv_512_chained_fp8	cc_split_swin_16h_qkv_512_chained_fp8
1355	1	1788730543802598400	1788730543802675200	1000000000	76.8	cc_split_swin_16h_proj_512_chained_fp8	cc_split_swin_16h_proj_512_chained_fp8
1356	1	1788730543802680320	1788730543802822656	1000000000	142.336	cc_split_swin_16h_ffwd_512_chained_fp8	cc_split_swin_16h_ffwd_512_chained_fp8
1357	1	1788730543802828800	1788730543802907648	1000000000	78.848	cc_split_swin_16h_ffwd_proj_512_chained_fp8	cc_split_swin_16h_ffwd_proj_512_chained_fp8
1358	1	1788730543802913792	1788730543803081728	1000000000	167.936	cc_split_swin_16h_qkv_512_chained_fp8	cc_split_swin_16h_qkv_512_chained_fp8
1359	1	1788730543803087872	1788730543803161600	1000000000	73.728	cc_split_swin_16h_proj_512_chained_fp8	cc_split_swin_16h_proj_512_chained_fp8
1360	1	1788730543803168768	1788730543803311104	1000000000	142.336	cc_split_swin_16h_ffwd_512_chained_fp8	cc_split_swin_16h_ffwd_512_chained_fp8
1361	1	1788730543803317248	1788730543803395072	1000000000	77.824	cc_split_swin_16h_ffwd_proj_512_chained_fp8	cc_split_swin_16h_ffwd_proj_512_chained_fp8
1362	1	1788730543803401216	1788730543803571200	1000000000	169.984	cc_split_swin_16h_qkv_512_chained_fp8	cc_split_swin_16h_qkv_512_chained_fp8
1363	1	1788730543803576320	1788730543803650048	1000000000	73.728	cc_split_swin_16h_proj_512_chained_fp8	cc_split_swin_16h_proj_512_chained_fp8
1364	1	1788730543803656192	1788730543803798528	1000000000	142.336	cc_split_swin_16h_ffwd_512_chained_fp8	cc_split_swin_16h_ffwd_512_chained_fp8
1365	1	1788730543803803648	1788730543803884544	1000000000	80.896	cc_split_swin_16h_ffwd_proj_512_chained_fp8	cc_split_swin_16h_ffwd_proj_512_chained_fp8
1366	1	1788730543803891712	1788730543804027904	1000000000	136.192	cc_split_swin_16h_qkv_512_chained_fp8	cc_split_swin_16h_qkv_512_chained_fp8
1367	1	1788730543804034048	1788730543804107776	1000000000	73.728	cc_split_swin_16h_proj_512_chained_fp8	cc_split_swin_16h_proj_512_chained_fp8
1368	1	1788730543804112896	1788730543804255232	1000000000	142.336	cc_split_swin_16h_ffwd_512_chained_fp8	cc_split_swin_16h_ffwd_512_chained_fp8
1369	1	1788730543804261376	1788730543804338176	1000000000	76.8	cc_split_swin_16h_ffwd_proj_512_chained_fp8	cc_split_swin_16h_ffwd_proj_512_chained_fp8
1370	1	1788730543804344320	1788730543804514304	1000000000	169.984	cc_split_swin_16h_qkv_512_chained_fp8	cc_split_swin_16h_qkv_512_chained_fp8
1371	1	1788730543804520448	1788730543804596224	1000000000	75.776	cc_split_swin_16h_proj_512_chained_fp8	cc_split_swin_16h_proj_512_chained_fp8
1372	1	1788730543804602368	1788730543804744704	1000000000	142.336	cc_split_swin_16h_ffwd_512_chained_fp8	cc_split_swin_16h_ffwd_512_chained_fp8
1373	1	1788730543804750848	1788730543804829696	1000000000	78.848	cc_split_swin_16h_ffwd_proj_512_chained_fp8	cc_split_swin_16h_ffwd_proj_512_chained_fp8
1374	1	1788730543804836864	1788730543805003776	1000000000	166.912	cc_split_swin_16h_qkv_512_chained_fp8	cc_split_swin_16h_qkv_512_chained_fp8
1375	1	1788730543805009920	1788730543805085696	1000000000	75.776	cc_split_swin_16h_proj_512_chained_fp8	cc_split_swin_16h_proj_512_chained_fp8
1376	1	1788730543805092864	1788730543805235200	1000000000	142.336	cc_split_swin_16h_ffwd_512_chained_fp8	cc_split_swin_16h_ffwd_512_chained_fp8
1377	1	1788730543805241344	1788730543805320192	1000000000	78.848	cc_split_swin_16h_ffwd_proj_512_chained_fp8	cc_split_swin_16h_ffwd_proj_512_chained_fp8
1378	1	1788730543805327360	1788730543805495296	1000000000	167.936	cc_split_swin_16h_qkv_512_chained_fp8	cc_split_swin_16h_qkv_512_chained_fp8
1379	1	1788730543805501440	1788730543805665280	1000000000	163.84	cc_split_swin_16h_proj_512_outview_wait_fp8	cc_split_swin_16h_proj_512_outview_wait_fp8
1380	1	1788730543805671424	1788730543806244864	1000000000	573.44	cc_tinlayout_fused_swin_8h_256_8_upsample_tilesync_fp8	cc_tinlayout_fused_swin_8h_256_8_upsample_tilesync_fp8
1381	1	1788730543806251008	1788730543806945280	1000000000	694.272	cc_tinlayout_fused_swin_8h_256_8_chained_fp8	cc_tinlayout_fused_swin_8h_256_8_chained_fp8
1382	1	1788730543806952448	1788730543807582208	1000000000	629.76	cc_tinlayout_fused_swin_8h_256_8_chained_fp8	cc_tinlayout_fused_swin_8h_256_8_chained_fp8
1383	1	1788730543807588352	1788730543808080896	1000000000	492.544	cc_tinlayout_fused_swin_8h_256_8_chained_fp8	cc_tinlayout_fused_swin_8h_256_8_chained_fp8
1384	1	1788730543808087040	1788730543808581632	1000000000	494.592	cc_tinlayout_fused_swin_8h_256_8_chained_fp8	cc_tinlayout_fused_swin_8h_256_8_chained_fp8
1385	1	1788730543808588800	1788730543809213440	1000000000	624.64	cc_tinlayout_fused_swin_8h_256_8_chained_fp8	cc_tinlayout_fused_swin_8h_256_8_chained_fp8
1386	1	1788730543809219584	1788730543809848320	1000000000	628.736	cc_tinlayout_fused_swin_8h_256_8_chained_fp8	cc_tinlayout_fused_swin_8h_256_8_chained_fp8
1387	1	1788730543809854464	1788730543810329600	1000000000	475.136	cc_tinlayout_fused_swin_8h_256_8_outview_wait_fp8	cc_tinlayout_fused_swin_8h_256_8_outview_wait_fp8
1388	1	1788730543810335744	1788730543811014656	1000000000	678.912	cc_tinlayout_fused_swin_4h_128_4_upsample_tilesync_fp8	cc_tinlayout_fused_swin_4h_128_4_upsample_tilesync_fp8
1389	1	1788730543811020800	1788730543811529728	1000000000	508.928	cc_tinlayout_fused_swin_4h_128_4_chained_fp8	cc_tinlayout_fused_swin_4h_128_4_chained_fp8
1390	1	1788730543811540992	1788730543812034560	1000000000	493.568	cc_tinlayout_fused_swin_4h_128_4_chained_fp8	cc_tinlayout_fused_swin_4h_128_4_chained_fp8
1391	1	1788730543812040704	1788730543812538368	1000000000	497.664	cc_tinlayout_fused_swin_4h_128_4_chained_fp8	cc_tinlayout_fused_swin_4h_128_4_chained_fp8
1392	1	1788730543812544512	1788730543813046272	1000000000	501.76	cc_tinlayout_fused_swin_4h_128_4_chained_fp8	cc_tinlayout_fused_swin_4h_128_4_chained_fp8
1393	1	1788730543813052416	1788730543813563392	1000000000	510.976	cc_tinlayout_fused_swin_4h_128_4_outview_wait_fp8	cc_tinlayout_fused_swin_4h_128_4_outview_wait_fp8
1394	1	1788730543813569536	1788730543814709248	1000000000	1139.71	cc_tinlayout_fused_swin_2h_64_2_upsample_tilesync_fp8	cc_tinlayout_fused_swin_2h_64_2_upsample_tilesync_fp8
1395	1	1788730543814715392	1788730543815539712	1000000000	824.32	cc_tinlayout_fused_swin_2h_64_2_chained_fp8	cc_tinlayout_fused_swin_2h_64_2_chained_fp8
1396	1	1788730543815545856	1788730543816317952	1000000000	772.096	cc_tinlayout_fused_swin_2h_64_2_chained_fp8	cc_tinlayout_fused_swin_2h_64_2_chained_fp8
1397	1	1788730543816324096	1788730543817096192	1000000000	772.096	cc_tinlayout_fused_swin_2h_64_2_outview_wait_fp8	cc_tinlayout_fused_swin_2h_64_2_outview_wait_fp8
1398	1	1788730543817102336	1788730543819160576	1000000000	2058.24	cc_tinlayout_fused_swin_1h_32_1_upsample_tilesync_fp8	cc_tinlayout_fused_swin_1h_32_1_upsample_tilesync_fp8
1399	1	1788730543819166720	1788730543820513280	1000000000	1346.56	cc_tinlayout_fused_swin_1h_32_1_chained_fp8	cc_tinlayout_fused_swin_1h_32_1_chained_fp8
1400	1	1788730543820519424	1788730543821803520	1000000000	1284.1	cc_tinlayout_fused_swin_1h_32_1_chained_fp8	cc_tinlayout_fused_swin_1h_32_1_chained_fp8
1401	1	1788730543821808640	1788730543823489024	1000000000	1680.38	cc_tinlayout_fused_swin_1h_32_1_outview_wait_fp8	cc_tinlayout_fused_swin_1h_32_1_outview_wait_fp8
1402	1	1788730543823495168	1788730543831968768	1000000000	8473.6	cc_tinlayout_fused_post_block_swin_1h_32_fp8	cc_tinlayout_fused_post_block_swin_1h_32_fp8
1403	1	1788730543831974912	1788730543832053760	1000000000	78.848	cg2r_copy_kernel	cg2r_copy_kernel
1404	1	1788730544022106112	1788730544022112256	1000000000	6.144	cc_cb_clear	cc_cb_clear
1405	1	1788730544022119424	1788730544026848256	1000000000	4728.83	cc_tinlayout_fused_pre_block_swin_1h_32_1_ds_fp8	cc_tinlayout_fused_pre_block_swin_1h_32_1_ds_fp8
1406	1	1788730544026854400	1788730544028042240	1000000000	1187.84	cc_tinlayout_fused_swin_1h_32_1_inpview_tilesync_fp8	cc_tinlayout_fused_swin_1h_32_1_inpview_tilesync_fp8
1407	1	1788730544028048384	1788730544029414400	1000000000	1366.02	cc_tinlayout_fused_swin_1h_32_1_chained_fp8	cc_tinlayout_fused_swin_1h_32_1_chained_fp8
1408	1	1788730544029420544	1788730544030730240	1000000000	1309.7	cc_tinlayout_fused_swin_1h_32_1_chained_fp8	cc_tinlayout_fused_swin_1h_32_1_chained_fp8
1409	1	1788730544030736384	1788730544032096256	1000000000	1359.87	cc_tinlayout_fused_swin_1h_32_1_ds_wait_fp8	cc_tinlayout_fused_swin_1h_32_1_ds_wait_fp8
1410	1	1788730544032102400	1788730544032902144	1000000000	799.744	cc_tinlayout_fused_swin_2h_64_2_inpview_tilesync_fp8	cc_tinlayout_fused_swin_2h_64_2_inpview_tilesync_fp8
1411	1	1788730544032912384	1788730544033758208	1000000000	845.824	cc_tinlayout_fused_swin_2h_64_2_chained_fp8	cc_tinlayout_fused_swin_2h_64_2_chained_fp8
1412	1	1788730544033765376	1788730544034545664	1000000000	780.288	cc_tinlayout_fused_swin_2h_64_2_chained_fp8	cc_tinlayout_fused_swin_2h_64_2_chained_fp8
1413	1	1788730544034552832	1788730544035385344	1000000000	832.512	cc_tinlayout_fused_swin_2h_64_2_ds_wait_fp8	cc_tinlayout_fused_swin_2h_64_2_ds_wait_fp8
1414	1	1788730544035391488	1788730544035936256	1000000000	544.768	cc_tinlayout_fused_swin_4h_128_4_inpview_tilesync_fp8	cc_tinlayout_fused_swin_4h_128_4_inpview_tilesync_fp8
1415	1	1788730544035943424	1788730544036464640	1000000000	521.216	cc_tinlayout_fused_swin_4h_128_4_chained_fp8	cc_tinlayout_fused_swin_4h_128_4_chained_fp8
1416	1	1788730544036470784	1788730544036986880	1000000000	516.096	cc_tinlayout_fused_swin_4h_128_4_chained_fp8	cc_tinlayout_fused_swin_4h_128_4_chained_fp8
1417	1	1788730544036994048	1788730544037508096	1000000000	514.048	cc_tinlayout_fused_swin_4h_128_4_chained_fp8	cc_tinlayout_fused_swin_4h_128_4_chained_fp8
1418	1	1788730544037515264	1788730544038030336	1000000000	515.072	cc_tinlayout_fused_swin_4h_128_4_chained_fp8	cc_tinlayout_fused_swin_4h_128_4_chained_fp8
1419	1	1788730544038037504	1788730544038619136	1000000000	581.632	cc_tinlayout_fused_swin_4h_128_4_ds_wait_fp8	cc_tinlayout_fused_swin_4h_128_4_ds_wait_fp8
1420	1	1788730544038626304	1788730544039142400	1000000000	516.096	cc_tinlayout_fused_swin_8h_256_8_inpview_tilesync_fp8	cc_tinlayout_fused_swin_8h_256_8_inpview_tilesync_fp8
1421	1	1788730544039153664	1788730544039871488	1000000000	717.824	cc_tinlayout_fused_swin_8h_256_8_chained_fp8	cc_tinlayout_fused_swin_8h_256_8_chained_fp8
1422	1	1788730544039877632	1788730544040524800	1000000000	647.168	cc_tinlayout_fused_swin_8h_256_8_chained_fp8	cc_tinlayout_fused_swin_8h_256_8_chained_fp8
1423	1	1788730544040531968	1788730544041034752	1000000000	502.784	cc_tinlayout_fused_swin_8h_256_8_chained_fp8	cc_tinlayout_fused_swin_8h_256_8_chained_fp8
1424	1	1788730544041040896	1788730544041573376	1000000000	532.48	cc_tinlayout_fused_swin_8h_256_8_chained_fp8	cc_tinlayout_fused_swin_8h_256_8_chained_fp8
1425	1	1788730544041579520	1788730544042220544	1000000000	641.024	cc_tinlayout_fused_swin_8h_256_8_chained_fp8	cc_tinlayout_fused_swin_8h_256_8_chained_fp8
1426	1	1788730544042226688	1788730544042866688	1000000000	640	cc_tinlayout_fused_swin_8h_256_8_chained_fp8	cc_tinlayout_fused_swin_8h_256_8_chained_fp8
1427	1	1788730544042873856	1788730544043442176	1000000000	568.32	cc_tinlayout_fused_swin_8h_256_8_ds_wait_fp8	cc_tinlayout_fused_swin_8h_256_8_ds_wait_fp8
1428	1	1788730544043448320	1788730544043598848	1000000000	150.528	cc_split_swin_16h_ffwd_inpview_512_tilesync_fp8	cc_split_swin_16h_ffwd_inpview_512_tilesync_fp8
1429	1	1788730544043604992	1788730544043776000	1000000000	171.008	cc_split_swin_16h_ffwd_proj_inpview_512_chained_fp8	cc_split_swin_16h_ffwd_proj_inpview_512_chained_fp8
1430	1	1788730544043782144	1788730544043920384	1000000000	138.24	cc_split_swin_16h_qkv_512_chained_fp8	cc_split_swin_16h_qkv_512_chained_fp8
1431	1	1788730544043926528	1788730544044001280	1000000000	74.752	cc_split_swin_16h_proj_512_chained_fp8	cc_split_swin_16h_proj_512_chained_fp8
1432	1	1788730544044007424	1788730544044153856	1000000000	146.432	cc_split_swin_16h_ffwd_512_chained_fp8	cc_split_swin_16h_ffwd_512_chained_fp8
1433	1	1788730544044158976	1788730544044241920	1000000000	82.944	cc_split_swin_16h_ffwd_proj_512_chained_fp8	cc_split_swin_16h_ffwd_proj_512_chained_fp8
1434	1	1788730544044248064	1788730544044421120	1000000000	173.056	cc_split_swin_16h_qkv_512_chained_fp8	cc_split_swin_16h_qkv_512_chained_fp8
1435	1	1788730544044427264	1788730544044506112	1000000000	78.848	cc_split_swin_16h_proj_512_chained_fp8	cc_split_swin_16h_proj_512_chained_fp8
1436	1	1788730544044512256	1788730544044661760	1000000000	149.504	cc_split_swin_16h_ffwd_512_chained_fp8	cc_split_swin_16h_ffwd_512_chained_fp8
1437	1	1788730544044667904	1788730544044748800	1000000000	80.896	cc_split_swin_16h_ffwd_proj_512_chained_fp8	cc_split_swin_16h_ffwd_proj_512_chained_fp8
1438	1	1788730544044754944	1788730544044929024	1000000000	174.08	cc_split_swin_16h_qkv_512_chained_fp8	cc_split_swin_16h_qkv_512_chained_fp8
1439	1	1788730544044935168	1788730544045012992	1000000000	77.824	cc_split_swin_16h_proj_512_chained_fp8	cc_split_swin_16h_proj_512_chained_fp8
1440	1	1788730544045019136	1788730544045165568	1000000000	146.432	cc_split_swin_16h_ffwd_512_chained_fp8	cc_split_swin_16h_ffwd_512_chained_fp8
1441	1	1788730544045171712	1788730544045252608	1000000000	80.896	cc_split_swin_16h_ffwd_proj_512_chained_fp8	cc_split_swin_16h_ffwd_proj_512_chained_fp8
1442	1	1788730544045258752	1788730544045430784	1000000000	172.032	cc_split_swin_16h_qkv_512_chained_fp8	cc_split_swin_16h_qkv_512_chained_fp8
1443	1	1788730544045436928	1788730544045511680	1000000000	74.752	cc_split_swin_16h_proj_512_chained_fp8	cc_split_swin_16h_proj_512_chained_fp8
1444	1	1788730544045517824	1788730544045663232	1000000000	145.408	cc_split_swin_16h_ffwd_512_chained_fp8	cc_split_swin_16h_ffwd_512_chained_fp8
1445	1	1788730544045669376	1788730544045750272	1000000000	80.896	cc_split_swin_16h_ffwd_proj_512_chained_fp8	cc_split_swin_16h_ffwd_proj_512_chained_fp8
1446	1	1788730544045756416	1788730544045894656	1000000000	138.24	cc_split_swin_16h_qkv_512_chained_fp8	cc_split_swin_16h_qkv_512_chained_fp8
1447	1	1788730544045900800	1788730544045975552	1000000000	74.752	cc_split_swin_16h_proj_512_chained_fp8	cc_split_swin_16h_proj_512_chained_fp8
1448	1	1788730544045981696	1788730544046128128	1000000000	146.432	cc_split_swin_16h_ffwd_512_chained_fp8	cc_split_swin_16h_ffwd_512_chained_fp8
1449	1	1788730544046133248	1788730544046211072	1000000000	77.824	cc_split_swin_16h_ffwd_proj_512_chained_fp8	cc_split_swin_16h_ffwd_proj_512_chained_fp8
1450	1	1788730544046220288	1788730544046394368	1000000000	174.08	cc_split_swin_16h_qkv_512_chained_fp8	cc_split_swin_16h_qkv_512_chained_fp8
1451	1	1788730544046399488	1788730544046477312	1000000000	77.824	cc_split_swin_16h_proj_512_chained_fp8	cc_split_swin_16h_proj_512_chained_fp8
1452	1	1788730544046483456	1788730544046628864	1000000000	145.408	cc_split_swin_16h_ffwd_512_chained_fp8	cc_split_swin_16h_ffwd_512_chained_fp8
1453	1	1788730544046635008	1788730544046714880	1000000000	79.872	cc_split_swin_16h_ffwd_proj_512_chained_fp8	cc_split_swin_16h_ffwd_proj_512_chained_fp8
1454	1	1788730544046721024	1788730544046894080	1000000000	173.056	cc_split_swin_16h_qkv_512_chained_fp8	cc_split_swin_16h_qkv_512_chained_fp8
1455	1	1788730544046900224	1788730544046978048	1000000000	77.824	cc_split_swin_16h_proj_512_chained_fp8	cc_split_swin_16h_proj_512_chained_fp8
1456	1	1788730544046985216	1788730544047130624	1000000000	145.408	cc_split_swin_16h_ffwd_512_chained_fp8	cc_split_swin_16h_ffwd_512_chained_fp8
1457	1	1788730544047136768	1788730544047215616	1000000000	78.848	cc_split_swin_16h_ffwd_proj_512_chained_fp8	cc_split_swin_16h_ffwd_proj_512_chained_fp8
1458	1	1788730544047221760	1788730544047393792	1000000000	172.032	cc_split_swin_16h_qkv_512_chained_fp8	cc_split_swin_16h_qkv_512_chained_fp8
1459	1	1788730544047399936	1788730544047466496	1000000000	66.56	cc_split_swin_16h_proj_pool_512_chained_fp8	cc_split_swin_16h_proj_pool_512_chained_fp8
1460	1	1788730544047472640	1788730544047519744	1000000000	47.104	cc_split_swin_16h_final_head_512_wait_fp8	cc_split_swin_16h_final_head_512_wait_fp8
1461	1	1788730544047525888	1788730544047538176	1000000000	12.288	cc_vit_1d_repack_2d_to_1d_fp8	cc_vit_1d_repack_2d_to_1d_fp8
1462	1	1788730544047543296	1788730544047840256	1000000000	296.96	cc_vit_1d_ffn_expand_publish_fp8	cc_vit_1d_ffn_expand_publish_fp8
1463	1	1788730544047847424	1788730544048032768	1000000000	185.344	cc_vit_1d_ffn_contract_chained_fp8	cc_vit_1d_ffn_contract_chained_fp8
1464	1	1788730544048039936	1788730544048197632	1000000000	157.696	cc_vit_1d_qkv_chained_fp8	cc_vit_1d_qkv_chained_fp8
1465	1	1788730544048203776	1788730544048360448	1000000000	156.672	cc_vit_1d_attention_chained_fp8	cc_vit_1d_attention_chained_fp8
1466	1	1788730544048366592	1788730544048439296	1000000000	72.704	cc_vit_1d_projection_chained_fp8	cc_vit_1d_projection_chained_fp8
1467	1	1788730544048445440	1788730544048698368	1000000000	252.928	cc_vit_1d_ffn_expand_chained_fp8	cc_vit_1d_ffn_expand_chained_fp8
1468	1	1788730544048704512	1788730544048894976	1000000000	190.464	cc_vit_1d_ffn_contract_chained_fp8	cc_vit_1d_ffn_contract_chained_fp8
1469	1	1788730544048901120	1788730544049059840	1000000000	158.72	cc_vit_1d_qkv_chained_fp8	cc_vit_1d_qkv_chained_fp8
1470	1	1788730544049067008	1788730544049222656	1000000000	155.648	cc_vit_1d_attention_chained_fp8	cc_vit_1d_attention_chained_fp8
1471	1	1788730544049227776	1788730544049303552	1000000000	75.776	cc_vit_1d_projection_chained_fp8	cc_vit_1d_projection_chained_fp8
1472	1	1788730544049308672	1788730544049579008	1000000000	270.336	cc_vit_1d_ffn_expand_chained_fp8	cc_vit_1d_ffn_expand_chained_fp8
1473	1	1788730544049585152	1788730544049771520	1000000000	186.368	cc_vit_1d_ffn_contract_chained_fp8	cc_vit_1d_ffn_contract_chained_fp8
1474	1	1788730544049777664	1788730544049937408	1000000000	159.744	cc_vit_1d_qkv_chained_fp8	cc_vit_1d_qkv_chained_fp8
1475	1	1788730544049944576	1788730544050100224	1000000000	155.648	cc_vit_1d_attention_chained_fp8	cc_vit_1d_attention_chained_fp8
1476	1	1788730544050106368	1788730544050180096	1000000000	73.728	cc_vit_1d_projection_chained_fp8	cc_vit_1d_projection_chained_fp8
1477	1	1788730544050186240	1788730544050453504	1000000000	267.264	cc_vit_1d_ffn_expand_chained_fp8	cc_vit_1d_ffn_expand_chained_fp8
1478	1	1788730544050459648	1788730544050646016	1000000000	186.368	cc_vit_1d_ffn_contract_chained_fp8	cc_vit_1d_ffn_contract_chained_fp8
1479	1	1788730544050652160	1788730544050811904	1000000000	159.744	cc_vit_1d_qkv_chained_fp8	cc_vit_1d_qkv_chained_fp8
1480	1	1788730544050819072	1788730544050974720	1000000000	155.648	cc_vit_1d_attention_chained_fp8	cc_vit_1d_attention_chained_fp8
1481	1	1788730544050980864	1788730544051052544	1000000000	71.68	cc_vit_1d_projection_chained_fp8	cc_vit_1d_projection_chained_fp8
1482	1	1788730544051058688	1788730544051326976	1000000000	268.288	cc_vit_1d_ffn_expand_chained_fp8	cc_vit_1d_ffn_expand_chained_fp8
1483	1	1788730544051333120	1788730544051521536	1000000000	188.416	cc_vit_1d_ffn_contract_chained_fp8	cc_vit_1d_ffn_contract_chained_fp8
1484	1	1788730544051527680	1788730544051687424	1000000000	159.744	cc_vit_1d_qkv_chained_fp8	cc_vit_1d_qkv_chained_fp8
1485	1	1788730544051693568	1788730544051850240	1000000000	156.672	cc_vit_1d_attention_chained_fp8	cc_vit_1d_attention_chained_fp8
1486	1	1788730544051856384	1788730544051931136	1000000000	74.752	cc_vit_1d_projection_chained_fp8	cc_vit_1d_projection_chained_fp8
1487	1	1788730544051937280	1788730544052211712	1000000000	274.432	cc_vit_1d_ffn_expand_chained_fp8	cc_vit_1d_ffn_expand_chained_fp8
1488	1	1788730544052217856	1788730544052406272	1000000000	188.416	cc_vit_1d_ffn_contract_chained_fp8	cc_vit_1d_ffn_contract_chained_fp8
1489	1	1788730544052412416	1788730544052573184	1000000000	160.768	cc_vit_1d_qkv_chained_fp8	cc_vit_1d_qkv_chained_fp8
1490	1	1788730544052579328	1788730544052736000	1000000000	156.672	cc_vit_1d_attention_chained_fp8	cc_vit_1d_attention_chained_fp8
1491	1	1788730544052741120	1788730544052814848	1000000000	73.728	cc_vit_1d_projection_chained_fp8	cc_vit_1d_projection_chained_fp8
1492	1	1788730544052820992	1788730544053078016	1000000000	257.024	cc_vit_1d_ffn_expand_chained_fp8	cc_vit_1d_ffn_expand_chained_fp8
1493	1	1788730544053084160	1788730544053271552	1000000000	187.392	cc_vit_1d_ffn_contract_chained_fp8	cc_vit_1d_ffn_contract_chained_fp8
1494	1	1788730544053277696	1788730544053441536	1000000000	163.84	cc_vit_1d_qkv_chained_fp8	cc_vit_1d_qkv_chained_fp8
1495	1	1788730544053447680	1788730544053605376	1000000000	157.696	cc_vit_1d_attention_chained_fp8	cc_vit_1d_attention_chained_fp8
1496	1	1788730544053610496	1788730544053686272	1000000000	75.776	cc_vit_1d_projection_chained_fp8	cc_vit_1d_projection_chained_fp8
1497	1	1788730544053693440	1788730544053959680	1000000000	266.24	cc_vit_1d_ffn_expand_chained_fp8	cc_vit_1d_ffn_expand_chained_fp8
1498	1	1788730544053965824	1788730544054153216	1000000000	187.392	cc_vit_1d_ffn_contract_chained_fp8	cc_vit_1d_ffn_contract_chained_fp8
1499	1	1788730544054159360	1788730544054319104	1000000000	159.744	cc_vit_1d_qkv_chained_fp8	cc_vit_1d_qkv_chained_fp8
1500	1	1788730544054325248	1788730544054481920	1000000000	156.672	cc_vit_1d_attention_chained_fp8	cc_vit_1d_attention_chained_fp8
1501	1	1788730544054488064	1788730544054562816	1000000000	74.752	cc_vit_1d_projection_wait_fp8	cc_vit_1d_projection_wait_fp8
1502	1	1788730544054568960	1788730544054579200	1000000000	10.24	cc_vit_1d_repack_1d_to_2d_fp8	cc_vit_1d_repack_1d_to_2d_fp8
1503	1	1788730544054585344	1788730544054645760	1000000000	60.416	cc_dec_input_upsample_1024_512_tilesync_fp8	cc_dec_input_upsample_1024_512_tilesync_fp8
1504	1	1788730544054651904	1788730544054798336	1000000000	146.432	cc_split_swin_16h_ffwd_512_chained_fp8	cc_split_swin_16h_ffwd_512_chained_fp8
1505	1	1788730544054803456	1788730544054882304	1000000000	78.848	cc_split_swin_16h_ffwd_proj_512_chained_fp8	cc_split_swin_16h_ffwd_proj_512_chained_fp8
1506	1	1788730544054888448	1788730544055025664	1000000000	137.216	cc_split_swin_16h_qkv_512_chained_fp8	cc_split_swin_16h_qkv_512_chained_fp8
1507	1	1788730544055031808	1788730544055107584	1000000000	75.776	cc_split_swin_16h_proj_512_chained_fp8	cc_split_swin_16h_proj_512_chained_fp8
1508	1	1788730544055113728	1788730544055259136	1000000000	145.408	cc_split_swin_16h_ffwd_512_chained_fp8	cc_split_swin_16h_ffwd_512_chained_fp8
1509	1	1788730544055265280	1788730544055345152	1000000000	79.872	cc_split_swin_16h_ffwd_proj_512_chained_fp8	cc_split_swin_16h_ffwd_proj_512_chained_fp8
1510	1	1788730544055351296	1788730544055525376	1000000000	174.08	cc_split_swin_16h_qkv_512_chained_fp8	cc_split_swin_16h_qkv_512_chained_fp8
1511	1	1788730544055531520	1788730544055609344	1000000000	77.824	cc_split_swin_16h_proj_512_chained_fp8	cc_split_swin_16h_proj_512_chained_fp8
1512	1	1788730544055614464	1788730544055759872	1000000000	145.408	cc_split_swin_16h_ffwd_512_chained_fp8	cc_split_swin_16h_ffwd_512_chained_fp8
1513	1	1788730544055766016	1788730544055844864	1000000000	78.848	cc_split_swin_16h_ffwd_proj_512_chained_fp8	cc_split_swin_16h_ffwd_proj_512_chained_fp8
1514	1	1788730544055851008	1788730544056024064	1000000000	173.056	cc_split_swin_16h_qkv_512_chained_fp8	cc_split_swin_16h_qkv_512_chained_fp8
1515	1	1788730544056029184	1788730544056105984	1000000000	76.8	cc_split_swin_16h_proj_512_chained_fp8	cc_split_swin_16h_proj_512_chained_fp8
1516	1	1788730544056113152	1788730544056259584	1000000000	146.432	cc_split_swin_16h_ffwd_512_chained_fp8	cc_split_swin_16h_ffwd_512_chained_fp8
1517	1	1788730544056265728	1788730544056344576	1000000000	78.848	cc_split_swin_16h_ffwd_proj_512_chained_fp8	cc_split_swin_16h_ffwd_proj_512_chained_fp8
1518	1	1788730544056350720	1788730544056523776	1000000000	173.056	cc_split_swin_16h_qkv_512_chained_fp8	cc_split_swin_16h_qkv_512_chained_fp8
1519	1	1788730544056528896	1788730544056604672	1000000000	75.776	cc_split_swin_16h_proj_512_chained_fp8	cc_split_swin_16h_proj_512_chained_fp8
1520	1	1788730544056613888	1788730544056759296	1000000000	145.408	cc_split_swin_16h_ffwd_512_chained_fp8	cc_split_swin_16h_ffwd_512_chained_fp8
1521	1	1788730544056765440	1788730544056846336	1000000000	80.896	cc_split_swin_16h_ffwd_proj_512_chained_fp8	cc_split_swin_16h_ffwd_proj_512_chained_fp8
1522	1	1788730544056852480	1788730544056991744	1000000000	139.264	cc_split_swin_16h_qkv_512_chained_fp8	cc_split_swin_16h_qkv_512_chained_fp8
1523	1	1788730544056996864	1788730544057072640	1000000000	75.776	cc_split_swin_16h_proj_512_chained_fp8	cc_split_swin_16h_proj_512_chained_fp8
1524	1	1788730544057078784	1788730544057224192	1000000000	145.408	cc_split_swin_16h_ffwd_512_chained_fp8	cc_split_swin_16h_ffwd_512_chained_fp8
1525	1	1788730544057230336	1788730544057310208	1000000000	79.872	cc_split_swin_16h_ffwd_proj_512_chained_fp8	cc_split_swin_16h_ffwd_proj_512_chained_fp8
1526	1	1788730544057316352	1788730544057491456	1000000000	175.104	cc_split_swin_16h_qkv_512_chained_fp8	cc_split_swin_16h_qkv_512_chained_fp8
1527	1	1788730544057496576	1788730544057574400	1000000000	77.824	cc_split_swin_16h_proj_512_chained_fp8	cc_split_swin_16h_proj_512_chained_fp8
1528	1	1788730544057580544	1788730544057728000	1000000000	147.456	cc_split_swin_16h_ffwd_512_chained_fp8	cc_split_swin_16h_ffwd_512_chained_fp8
1529	1	1788730544057734144	1788730544057814016	1000000000	79.872	cc_split_swin_16h_ffwd_proj_512_chained_fp8	cc_split_swin_16h_ffwd_proj_512_chained_fp8
1530	1	1788730544057821184	1788730544057995264	1000000000	174.08	cc_split_swin_16h_qkv_512_chained_fp8	cc_split_swin_16h_qkv_512_chained_fp8
1531	1	1788730544058000384	1788730544058079232	1000000000	78.848	cc_split_swin_16h_proj_512_chained_fp8	cc_split_swin_16h_proj_512_chained_fp8
1532	1	1788730544058085376	1788730544058231808	1000000000	146.432	cc_split_swin_16h_ffwd_512_chained_fp8	cc_split_swin_16h_ffwd_512_chained_fp8
1533	1	1788730544058237952	1788730544058317824	1000000000	79.872	cc_split_swin_16h_ffwd_proj_512_chained_fp8	cc_split_swin_16h_ffwd_proj_512_chained_fp8
1534	1	1788730544058323968	1788730544058498048	1000000000	174.08	cc_split_swin_16h_qkv_512_chained_fp8	cc_split_swin_16h_qkv_512_chained_fp8
1535	1	1788730544058503168	1788730544058680320	1000000000	177.152	cc_split_swin_16h_proj_512_outview_wait_fp8	cc_split_swin_16h_proj_512_outview_wait_fp8
1536	1	1788730544058691584	1788730544059279360	1000000000	587.776	cc_tinlayout_fused_swin_8h_256_8_upsample_tilesync_fp8	cc_tinlayout_fused_swin_8h_256_8_upsample_tilesync_fp8
1537	1	1788730544059285504	1788730544059996160	1000000000	710.656	cc_tinlayout_fused_swin_8h_256_8_chained_fp8	cc_tinlayout_fused_swin_8h_256_8_chained_fp8
1538	1	1788730544060002304	1788730544060645376	1000000000	643.072	cc_tinlayout_fused_swin_8h_256_8_chained_fp8	cc_tinlayout_fused_swin_8h_256_8_chained_fp8
1539	1	1788730544060651520	1788730544061157376	1000000000	505.856	cc_tinlayout_fused_swin_8h_256_8_chained_fp8	cc_tinlayout_fused_swin_8h_256_8_chained_fp8
1540	1	1788730544061163520	1788730544061671424	1000000000	507.904	cc_tinlayout_fused_swin_8h_256_8_chained_fp8	cc_tinlayout_fused_swin_8h_256_8_chained_fp8
1541	1	1788730544061678592	1788730544062319616	1000000000	641.024	cc_tinlayout_fused_swin_8h_256_8_chained_fp8	cc_tinlayout_fused_swin_8h_256_8_chained_fp8
1542	1	1788730544062326784	1788730544062967808	1000000000	641.024	cc_tinlayout_fused_swin_8h_256_8_chained_fp8	cc_tinlayout_fused_swin_8h_256_8_chained_fp8
1543	1	1788730544062973952	1788730544063456256	1000000000	482.304	cc_tinlayout_fused_swin_8h_256_8_outview_wait_fp8	cc_tinlayout_fused_swin_8h_256_8_outview_wait_fp8
1544	1	1788730544063462400	1788730544064143360	1000000000	680.96	cc_tinlayout_fused_swin_4h_128_4_upsample_tilesync_fp8	cc_tinlayout_fused_swin_4h_128_4_upsample_tilesync_fp8
1545	1	1788730544064149504	1788730544064680960	1000000000	531.456	cc_tinlayout_fused_swin_4h_128_4_chained_fp8	cc_tinlayout_fused_swin_4h_128_4_chained_fp8
1546	1	1788730544064687104	1788730544065184768	1000000000	497.664	cc_tinlayout_fused_swin_4h_128_4_chained_fp8	cc_tinlayout_fused_swin_4h_128_4_chained_fp8
1547	1	1788730544065190912	1788730544065702912	1000000000	512	cc_tinlayout_fused_swin_4h_128_4_chained_fp8	cc_tinlayout_fused_swin_4h_128_4_chained_fp8
1548	1	1788730544065709056	1788730544066227200	1000000000	518.144	cc_tinlayout_fused_swin_4h_128_4_chained_fp8	cc_tinlayout_fused_swin_4h_128_4_chained_fp8
1549	1	1788730544066233344	1788730544066759680	1000000000	526.336	cc_tinlayout_fused_swin_4h_128_4_outview_wait_fp8	cc_tinlayout_fused_swin_4h_128_4_outview_wait_fp8
1550	1	1788730544066765824	1788730544068513792	1000000000	1747.97	cc_tinlayout_fused_swin_2h_64_2_upsample_tilesync_fp8	cc_tinlayout_fused_swin_2h_64_2_upsample_tilesync_fp8
1551	1	1788730544068527104	1788730544070080512	1000000000	1553.41	cc_tinlayout_fused_swin_2h_64_2_chained_fp8	cc_tinlayout_fused_swin_2h_64_2_chained_fp8
1552	1	1788730544070087680	1788730544070870016	1000000000	782.336	cc_tinlayout_fused_swin_2h_64_2_chained_fp8	cc_tinlayout_fused_swin_2h_64_2_chained_fp8
1553	1	1788730544070876160	1788730544071664640	1000000000	788.48	cc_tinlayout_fused_swin_2h_64_2_outview_wait_fp8	cc_tinlayout_fused_swin_2h_64_2_outview_wait_fp8
1554	1	1788730544071670784	1788730544073745408	1000000000	2074.62	cc_tinlayout_fused_swin_1h_32_1_upsample_tilesync_fp8	cc_tinlayout_fused_swin_1h_32_1_upsample_tilesync_fp8
1555	1	1788730544073751552	1788730544075102208	1000000000	1350.66	cc_tinlayout_fused_swin_1h_32_1_chained_fp8	cc_tinlayout_fused_swin_1h_32_1_chained_fp8
1556	1	1788730544075108352	1788730544076424192	1000000000	1315.84	cc_tinlayout_fused_swin_1h_32_1_chained_fp8	cc_tinlayout_fused_swin_1h_32_1_chained_fp8
1557	1	1788730544076430336	1788730544078127104	1000000000	1696.77	cc_tinlayout_fused_swin_1h_32_1_outview_wait_fp8	cc_tinlayout_fused_swin_1h_32_1_outview_wait_fp8
1558	1	1788730544078133248	1788730544086716416	1000000000	8583.17	cc_tinlayout_fused_post_block_swin_1h_32_fp8	cc_tinlayout_fused_post_block_swin_1h_32_fp8
1559	1	1788730544086722560	1788730544086798336	1000000000	75.776	cg2r_copy_kernel	cg2r_copy_kernel
