chain	kernel_count	start_tick	end_tick	frequency_hz	gpu_us	first	last
0	1	1788730538595931680	1788730538595938304	1000000000	6.624	cc_cb_clear	cc_cb_clear
1	1	1788730538595942400	1788730538598610944	1000000000	2668.54	cc_tinlayout_fused_pre_block_swin_1h_32_1_ds_fp8	cc_tinlayout_fused_pre_block_swin_1h_32_1_ds_fp8
2	1	1788730538598615040	1788730538599346176	1000000000	731.136	cc_tinlayout_fused_swin_1h_32_1_inpview_tilesync_fp8	cc_tinlayout_fused_swin_1h_32_1_inpview_tilesync_fp8
3	1	1788730538599350272	1788730538600204288	1000000000	854.016	cc_tinlayout_fused_swin_1h_32_1_chained_fp8	cc_tinlayout_fused_swin_1h_32_1_chained_fp8
4	1	1788730538600208384	1788730538601022464	1000000000	814.08	cc_tinlayout_fused_swin_1h_32_1_chained_fp8	cc_tinlayout_fused_swin_1h_32_1_chained_fp8
5	1	1788730538601027584	1788730538601872384	1000000000	844.8	cc_tinlayout_fused_swin_1h_32_1_ds_wait_fp8	cc_tinlayout_fused_swin_1h_32_1_ds_wait_fp8
6	1	1788730538601876480	1788730538602376192	1000000000	499.712	cc_tinlayout_fused_swin_2h_64_2_inpview_tilesync_fp8	cc_tinlayout_fused_swin_2h_64_2_inpview_tilesync_fp8
7	1	1788730538602381312	1788730538602902528	1000000000	521.216	cc_tinlayout_fused_swin_2h_64_2_chained_fp8	cc_tinlayout_fused_swin_2h_64_2_chained_fp8
8	1	1788730538602907648	1788730538603403264	1000000000	495.616	cc_tinlayout_fused_swin_2h_64_2_chained_fp8	cc_tinlayout_fused_swin_2h_64_2_chained_fp8
9	1	1788730538603407360	1788730538603924480	1000000000	517.12	cc_tinlayout_fused_swin_2h_64_2_ds_wait_fp8	cc_tinlayout_fused_swin_2h_64_2_ds_wait_fp8
10	1	1788730538603928576	1788730538604257280	1000000000	328.704	cc_tinlayout_fused_swin_4h_128_4_inpview_tilesync_fp8	cc_tinlayout_fused_swin_4h_128_4_inpview_tilesync_fp8
11	1	1788730538604261376	1788730538604583936	1000000000	322.56	cc_tinlayout_fused_swin_4h_128_4_chained_fp8	cc_tinlayout_fused_swin_4h_128_4_chained_fp8
12	1	1788730538604588032	1788730538604907520	1000000000	319.488	cc_tinlayout_fused_swin_4h_128_4_chained_fp8	cc_tinlayout_fused_swin_4h_128_4_chained_fp8
13	1	1788730538604911616	1788730538605232128	1000000000	320.512	cc_tinlayout_fused_swin_4h_128_4_chained_fp8	cc_tinlayout_fused_swin_4h_128_4_chained_fp8
14	1	1788730538605236224	1788730538605555712	1000000000	319.488	cc_tinlayout_fused_swin_4h_128_4_chained_fp8	cc_tinlayout_fused_swin_4h_128_4_chained_fp8
15	1	1788730538605559808	1788730538605920256	1000000000	360.448	cc_tinlayout_fused_swin_4h_128_4_ds_wait_fp8	cc_tinlayout_fused_swin_4h_128_4_ds_wait_fp8
16	1	1788730538605925376	1788730538606254080	1000000000	328.704	cc_tinlayout_fused_swin_8h_256_8_inpview_tilesync_fp8	cc_tinlayout_fused_swin_8h_256_8_inpview_tilesync_fp8
17	1	1788730538606258176	1788730538606668800	1000000000	410.624	cc_tinlayout_fused_swin_8h_256_8_chained_fp8	cc_tinlayout_fused_swin_8h_256_8_chained_fp8
18	1	1788730538606672896	1788730538607065088	1000000000	392.192	cc_tinlayout_fused_swin_8h_256_8_chained_fp8	cc_tinlayout_fused_swin_8h_256_8_chained_fp8
19	1	1788730538607069184	1788730538607375360	1000000000	306.176	cc_tinlayout_fused_swin_8h_256_8_chained_fp8	cc_tinlayout_fused_swin_8h_256_8_chained_fp8
20	1	1788730538607380480	1788730538607693824	1000000000	313.344	cc_tinlayout_fused_swin_8h_256_8_chained_fp8	cc_tinlayout_fused_swin_8h_256_8_chained_fp8
21	1	1788730538607697920	1788730538608081920	1000000000	384	cc_tinlayout_fused_swin_8h_256_8_chained_fp8	cc_tinlayout_fused_swin_8h_256_8_chained_fp8
22	1	1788730538608086016	1788730538608483328	1000000000	397.312	cc_tinlayout_fused_swin_8h_256_8_chained_fp8	cc_tinlayout_fused_swin_8h_256_8_chained_fp8
23	1	1788730538608487424	1788730538608844800	1000000000	357.376	cc_tinlayout_fused_swin_8h_256_8_ds_wait_fp8	cc_tinlayout_fused_swin_8h_256_8_ds_wait_fp8
24	1	1788730538608849920	1788730538608943104	1000000000	93.184	cc_split_swin_16h_ffwd_inpview_512_tilesync_fp8	cc_split_swin_16h_ffwd_inpview_512_tilesync_fp8
25	1	1788730538608948224	1788730538609040384	1000000000	92.16	cc_split_swin_16h_ffwd_proj_inpview_512_chained_fp8	cc_split_swin_16h_ffwd_proj_inpview_512_chained_fp8
26	1	1788730538609045504	1788730538609132544	1000000000	87.04	cc_split_swin_16h_qkv_512_chained_fp8	cc_split_swin_16h_qkv_512_chained_fp8
27	1	1788730538609137664	1788730538609184768	1000000000	47.104	cc_split_swin_16h_proj_512_chained_fp8	cc_split_swin_16h_proj_512_chained_fp8
28	1	1788730538609188864	1788730538609280000	1000000000	91.136	cc_split_swin_16h_ffwd_512_chained_fp8	cc_split_swin_16h_ffwd_512_chained_fp8
29	1	1788730538609284096	1788730538609333248	1000000000	49.152	cc_split_swin_16h_ffwd_proj_512_chained_fp8	cc_split_swin_16h_ffwd_proj_512_chained_fp8
30	1	1788730538609337344	1788730538609445888	1000000000	108.544	cc_split_swin_16h_qkv_512_chained_fp8	cc_split_swin_16h_qkv_512_chained_fp8
31	1	1788730538609449984	1788730538609500160	1000000000	50.176	cc_split_swin_16h_proj_512_chained_fp8	cc_split_swin_16h_proj_512_chained_fp8
32	1	1788730538609504256	1788730538609596416	1000000000	92.16	cc_split_swin_16h_ffwd_512_chained_fp8	cc_split_swin_16h_ffwd_512_chained_fp8
33	1	1788730538609600512	1788730538609650688	1000000000	50.176	cc_split_swin_16h_ffwd_proj_512_chained_fp8	cc_split_swin_16h_ffwd_proj_512_chained_fp8
34	1	1788730538609655808	1788730538609764352	1000000000	108.544	cc_split_swin_16h_qkv_512_chained_fp8	cc_split_swin_16h_qkv_512_chained_fp8
35	1	1788730538609768448	1788730538609820672	1000000000	52.224	cc_split_swin_16h_proj_512_chained_fp8	cc_split_swin_16h_proj_512_chained_fp8
36	1	1788730538609824768	1788730538609916928	1000000000	92.16	cc_split_swin_16h_ffwd_512_chained_fp8	cc_split_swin_16h_ffwd_512_chained_fp8
37	1	1788730538609921024	1788730538609971200	1000000000	50.176	cc_split_swin_16h_ffwd_proj_512_chained_fp8	cc_split_swin_16h_ffwd_proj_512_chained_fp8
38	1	1788730538609975296	1788730538610083840	1000000000	108.544	cc_split_swin_16h_qkv_512_chained_fp8	cc_split_swin_16h_qkv_512_chained_fp8
39	1	1788730538610087936	1788730538610135040	1000000000	47.104	cc_split_swin_16h_proj_512_chained_fp8	cc_split_swin_16h_proj_512_chained_fp8
40	1	1788730538610139136	1788730538610231296	1000000000	92.16	cc_split_swin_16h_ffwd_512_chained_fp8	cc_split_swin_16h_ffwd_512_chained_fp8
41	1	1788730538610235392	1788730538610284544	1000000000	49.152	cc_split_swin_16h_ffwd_proj_512_chained_fp8	cc_split_swin_16h_ffwd_proj_512_chained_fp8
42	1	1788730538610289664	1788730538610376704	1000000000	87.04	cc_split_swin_16h_qkv_512_chained_fp8	cc_split_swin_16h_qkv_512_chained_fp8
43	1	1788730538610380800	1788730538610427904	1000000000	47.104	cc_split_swin_16h_proj_512_chained_fp8	cc_split_swin_16h_proj_512_chained_fp8
44	1	1788730538610432000	1788730538610524160	1000000000	92.16	cc_split_swin_16h_ffwd_512_chained_fp8	cc_split_swin_16h_ffwd_512_chained_fp8
45	1	1788730538610528256	1788730538610576384	1000000000	48.128	cc_split_swin_16h_ffwd_proj_512_chained_fp8	cc_split_swin_16h_ffwd_proj_512_chained_fp8
46	1	1788730538610581504	1788730538610690048	1000000000	108.544	cc_split_swin_16h_qkv_512_chained_fp8	cc_split_swin_16h_qkv_512_chained_fp8
47	1	1788730538610694144	1788730538610742272	1000000000	48.128	cc_split_swin_16h_proj_512_chained_fp8	cc_split_swin_16h_proj_512_chained_fp8
48	1	1788730538610746368	1788730538610838528	1000000000	92.16	cc_split_swin_16h_ffwd_512_chained_fp8	cc_split_swin_16h_ffwd_512_chained_fp8
49	1	1788730538610842624	1788730538610892800	1000000000	50.176	cc_split_swin_16h_ffwd_proj_512_chained_fp8	cc_split_swin_16h_ffwd_proj_512_chained_fp8
50	1	1788730538610896896	1788730538611005440	1000000000	108.544	cc_split_swin_16h_qkv_512_chained_fp8	cc_split_swin_16h_qkv_512_chained_fp8
51	1	1788730538611009536	1788730538611058688	1000000000	49.152	cc_split_swin_16h_proj_512_chained_fp8	cc_split_swin_16h_proj_512_chained_fp8
52	1	1788730538611062784	1788730538611153920	1000000000	91.136	cc_split_swin_16h_ffwd_512_chained_fp8	cc_split_swin_16h_ffwd_512_chained_fp8
53	1	1788730538611158016	1788730538611207168	1000000000	49.152	cc_split_swin_16h_ffwd_proj_512_chained_fp8	cc_split_swin_16h_ffwd_proj_512_chained_fp8
54	1	1788730538611211264	1788730538611317760	1000000000	106.496	cc_split_swin_16h_qkv_512_chained_fp8	cc_split_swin_16h_qkv_512_chained_fp8
55	1	1788730538611321856	1788730538611363840	1000000000	41.984	cc_split_swin_16h_proj_pool_512_chained_fp8	cc_split_swin_16h_proj_pool_512_chained_fp8
56	1	1788730538611367936	1788730538611397632	1000000000	29.696	cc_split_swin_16h_final_head_512_wait_fp8	cc_split_swin_16h_final_head_512_wait_fp8
57	1	1788730538611401728	1788730538611409920	1000000000	8.192	cc_vit_1d_repack_2d_to_1d_fp8	cc_vit_1d_repack_2d_to_1d_fp8
58	1	1788730538611414016	1788730538611590144	1000000000	176.128	cc_vit_1d_ffn_expand_publish_fp8	cc_vit_1d_ffn_expand_publish_fp8
59	1	1788730538611594240	1788730538611713024	1000000000	118.784	cc_vit_1d_ffn_contract_chained_fp8	cc_vit_1d_ffn_contract_chained_fp8
60	1	1788730538611717120	1788730538611817472	1000000000	100.352	cc_vit_1d_qkv_chained_fp8	cc_vit_1d_qkv_chained_fp8
61	1	1788730538611821568	1788730538611919872	1000000000	98.304	cc_vit_1d_attention_chained_fp8	cc_vit_1d_attention_chained_fp8
62	1	1788730538611923968	1788730538611971072	1000000000	47.104	cc_vit_1d_projection_chained_fp8	cc_vit_1d_projection_chained_fp8
63	1	1788730538611976192	1788730538612127744	1000000000	151.552	cc_vit_1d_ffn_expand_chained_fp8	cc_vit_1d_ffn_expand_chained_fp8
64	1	1788730538612132864	1788730538612249600	1000000000	116.736	cc_vit_1d_ffn_contract_chained_fp8	cc_vit_1d_ffn_contract_chained_fp8
65	1	1788730538612254720	1788730538612353024	1000000000	98.304	cc_vit_1d_qkv_chained_fp8	cc_vit_1d_qkv_chained_fp8
66	1	1788730538612358144	1788730538612455424	1000000000	97.28	cc_vit_1d_attention_chained_fp8	cc_vit_1d_attention_chained_fp8
67	1	1788730538612459520	1788730538612506624	1000000000	47.104	cc_vit_1d_projection_chained_fp8	cc_vit_1d_projection_chained_fp8
68	1	1788730538612510720	1788730538612668416	1000000000	157.696	cc_vit_1d_ffn_expand_chained_fp8	cc_vit_1d_ffn_expand_chained_fp8
69	1	1788730538612672512	1788730538612791296	1000000000	118.784	cc_vit_1d_ffn_contract_chained_fp8	cc_vit_1d_ffn_contract_chained_fp8
70	1	1788730538612795392	1788730538612894720	1000000000	99.328	cc_vit_1d_qkv_chained_fp8	cc_vit_1d_qkv_chained_fp8
71	1	1788730538612898816	1788730538612997120	1000000000	98.304	cc_vit_1d_attention_chained_fp8	cc_vit_1d_attention_chained_fp8
72	1	1788730538613001216	1788730538613049344	1000000000	48.128	cc_vit_1d_projection_chained_fp8	cc_vit_1d_projection_chained_fp8
73	1	1788730538613053440	1788730538613208064	1000000000	154.624	cc_vit_1d_ffn_expand_chained_fp8	cc_vit_1d_ffn_expand_chained_fp8
74	1	1788730538613212160	1788730538613328896	1000000000	116.736	cc_vit_1d_ffn_contract_chained_fp8	cc_vit_1d_ffn_contract_chained_fp8
75	1	1788730538613334016	1788730538613433344	1000000000	99.328	cc_vit_1d_qkv_chained_fp8	cc_vit_1d_qkv_chained_fp8
76	1	1788730538613438464	1788730538613536768	1000000000	98.304	cc_vit_1d_attention_chained_fp8	cc_vit_1d_attention_chained_fp8
77	1	1788730538613540864	1788730538613587968	1000000000	47.104	cc_vit_1d_projection_chained_fp8	cc_vit_1d_projection_chained_fp8
78	1	1788730538613593088	1788730538613747712	1000000000	154.624	cc_vit_1d_ffn_expand_chained_fp8	cc_vit_1d_ffn_expand_chained_fp8
79	1	1788730538613751808	1788730538613872640	1000000000	120.832	cc_vit_1d_ffn_contract_chained_fp8	cc_vit_1d_ffn_contract_chained_fp8
80	1	1788730538613876736	1788730538613976064	1000000000	99.328	cc_vit_1d_qkv_chained_fp8	cc_vit_1d_qkv_chained_fp8
81	1	1788730538613981184	1788730538614078464	1000000000	97.28	cc_vit_1d_attention_chained_fp8	cc_vit_1d_attention_chained_fp8
82	1	1788730538614083584	1788730538614130688	1000000000	47.104	cc_vit_1d_projection_chained_fp8	cc_vit_1d_projection_chained_fp8
83	1	1788730538614134784	1788730538614289408	1000000000	154.624	cc_vit_1d_ffn_expand_chained_fp8	cc_vit_1d_ffn_expand_chained_fp8
84	1	1788730538614293504	1788730538614412288	1000000000	118.784	cc_vit_1d_ffn_contract_chained_fp8	cc_vit_1d_ffn_contract_chained_fp8
85	1	1788730538614417408	1788730538614516736	1000000000	99.328	cc_vit_1d_qkv_chained_fp8	cc_vit_1d_qkv_chained_fp8
86	1	1788730538614520832	1788730538614619136	1000000000	98.304	cc_vit_1d_attention_chained_fp8	cc_vit_1d_attention_chained_fp8
87	1	1788730538614623232	1788730538614671360	1000000000	48.128	cc_vit_1d_projection_chained_fp8	cc_vit_1d_projection_chained_fp8
88	1	1788730538614675456	1788730538614827008	1000000000	151.552	cc_vit_1d_ffn_expand_chained_fp8	cc_vit_1d_ffn_expand_chained_fp8
89	1	1788730538614831104	1788730538614948864	1000000000	117.76	cc_vit_1d_ffn_contract_chained_fp8	cc_vit_1d_ffn_contract_chained_fp8
90	1	1788730538614953984	1788730538615053312	1000000000	99.328	cc_vit_1d_qkv_chained_fp8	cc_vit_1d_qkv_chained_fp8
91	1	1788730538615057408	1788730538615155712	1000000000	98.304	cc_vit_1d_attention_chained_fp8	cc_vit_1d_attention_chained_fp8
92	1	1788730538615159808	1788730538615207936	1000000000	48.128	cc_vit_1d_projection_chained_fp8	cc_vit_1d_projection_chained_fp8
93	1	1788730538615212032	1788730538615364608	1000000000	152.576	cc_vit_1d_ffn_expand_chained_fp8	cc_vit_1d_ffn_expand_chained_fp8
94	1	1788730538615368704	1788730538615485440	1000000000	116.736	cc_vit_1d_ffn_contract_chained_fp8	cc_vit_1d_ffn_contract_chained_fp8
95	1	1788730538615490560	1788730538615589888	1000000000	99.328	cc_vit_1d_qkv_chained_fp8	cc_vit_1d_qkv_chained_fp8
96	1	1788730538615595008	1788730538615692288	1000000000	97.28	cc_vit_1d_attention_chained_fp8	cc_vit_1d_attention_chained_fp8
97	1	1788730538615696384	1788730538615744512	1000000000	48.128	cc_vit_1d_projection_wait_fp8	cc_vit_1d_projection_wait_fp8
98	1	1788730538615748608	1788730538615755776	1000000000	7.168	cc_vit_1d_repack_1d_to_2d_fp8	cc_vit_1d_repack_1d_to_2d_fp8
99	1	1788730538615759872	1788730538615797760	1000000000	37.888	cc_dec_input_upsample_1024_512_tilesync_fp8	cc_dec_input_upsample_1024_512_tilesync_fp8
100	1	1788730538615801856	1788730538615892992	1000000000	91.136	cc_split_swin_16h_ffwd_512_chained_fp8	cc_split_swin_16h_ffwd_512_chained_fp8
101	1	1788730538615897088	1788730538615946240	1000000000	49.152	cc_split_swin_16h_ffwd_proj_512_chained_fp8	cc_split_swin_16h_ffwd_proj_512_chained_fp8
102	1	1788730538615951360	1788730538616037376	1000000000	86.016	cc_split_swin_16h_qkv_512_chained_fp8	cc_split_swin_16h_qkv_512_chained_fp8
103	1	1788730538616041472	1788730538616088576	1000000000	47.104	cc_split_swin_16h_proj_512_chained_fp8	cc_split_swin_16h_proj_512_chained_fp8
104	1	1788730538616092672	1788730538616184832	1000000000	92.16	cc_split_swin_16h_ffwd_512_chained_fp8	cc_split_swin_16h_ffwd_512_chained_fp8
105	1	1788730538616188928	1788730538616237056	1000000000	48.128	cc_split_swin_16h_ffwd_proj_512_chained_fp8	cc_split_swin_16h_ffwd_proj_512_chained_fp8
106	1	1788730538616242176	1788730538616349696	1000000000	107.52	cc_split_swin_16h_qkv_512_chained_fp8	cc_split_swin_16h_qkv_512_chained_fp8
107	1	1788730538616353792	1788730538616402944	1000000000	49.152	cc_split_swin_16h_proj_512_chained_fp8	cc_split_swin_16h_proj_512_chained_fp8
108	1	1788730538616407040	1788730538616500224	1000000000	93.184	cc_split_swin_16h_ffwd_512_chained_fp8	cc_split_swin_16h_ffwd_512_chained_fp8
109	1	1788730538616504320	1788730538616553472	1000000000	49.152	cc_split_swin_16h_ffwd_proj_512_chained_fp8	cc_split_swin_16h_ffwd_proj_512_chained_fp8
110	1	1788730538616557568	1788730538616666112	1000000000	108.544	cc_split_swin_16h_qkv_512_chained_fp8	cc_split_swin_16h_qkv_512_chained_fp8
111	1	1788730538616671232	1788730538616719360	1000000000	48.128	cc_split_swin_16h_proj_512_chained_fp8	cc_split_swin_16h_proj_512_chained_fp8
112	1	1788730538616723456	1788730538616815616	1000000000	92.16	cc_split_swin_16h_ffwd_512_chained_fp8	cc_split_swin_16h_ffwd_512_chained_fp8
113	1	1788730538616819712	1788730538616868864	1000000000	49.152	cc_split_swin_16h_ffwd_proj_512_chained_fp8	cc_split_swin_16h_ffwd_proj_512_chained_fp8
114	1	1788730538616873984	1788730538616981504	1000000000	107.52	cc_split_swin_16h_qkv_512_chained_fp8	cc_split_swin_16h_qkv_512_chained_fp8
115	1	1788730538616985600	1788730538617032704	1000000000	47.104	cc_split_swin_16h_proj_512_chained_fp8	cc_split_swin_16h_proj_512_chained_fp8
116	1	1788730538617036800	1788730538617127936	1000000000	91.136	cc_split_swin_16h_ffwd_512_chained_fp8	cc_split_swin_16h_ffwd_512_chained_fp8
117	1	1788730538617132032	1788730538617182208	1000000000	50.176	cc_split_swin_16h_ffwd_proj_512_chained_fp8	cc_split_swin_16h_ffwd_proj_512_chained_fp8
118	1	1788730538617187328	1788730538617273344	1000000000	86.016	cc_split_swin_16h_qkv_512_chained_fp8	cc_split_swin_16h_qkv_512_chained_fp8
119	1	1788730538617277440	1788730538617324544	1000000000	47.104	cc_split_swin_16h_proj_512_chained_fp8	cc_split_swin_16h_proj_512_chained_fp8
120	1	1788730538617328640	1788730538617420800	1000000000	92.16	cc_split_swin_16h_ffwd_512_chained_fp8	cc_split_swin_16h_ffwd_512_chained_fp8
121	1	1788730538617424896	1788730538617474048	1000000000	49.152	cc_split_swin_16h_ffwd_proj_512_chained_fp8	cc_split_swin_16h_ffwd_proj_512_chained_fp8
122	1	1788730538617479424	1788730538617588736	1000000000	109.312	cc_split_swin_16h_qkv_512_chained_fp8	cc_split_swin_16h_qkv_512_chained_fp8
123	1	1788730538617592832	1788730538617640960	1000000000	48.128	cc_split_swin_16h_proj_512_chained_fp8	cc_split_swin_16h_proj_512_chained_fp8
124	1	1788730538617645056	1788730538617737216	1000000000	92.16	cc_split_swin_16h_ffwd_512_chained_fp8	cc_split_swin_16h_ffwd_512_chained_fp8
125	1	1788730538617741312	1788730538617790464	1000000000	49.152	cc_split_swin_16h_ffwd_proj_512_chained_fp8	cc_split_swin_16h_ffwd_proj_512_chained_fp8
126	1	1788730538617795584	1788730538617903104	1000000000	107.52	cc_split_swin_16h_qkv_512_chained_fp8	cc_split_swin_16h_qkv_512_chained_fp8
127	1	1788730538617907200	1788730538617957376	1000000000	50.176	cc_split_swin_16h_proj_512_chained_fp8	cc_split_swin_16h_proj_512_chained_fp8
128	1	1788730538617961472	1788730538618052608	1000000000	91.136	cc_split_swin_16h_ffwd_512_chained_fp8	cc_split_swin_16h_ffwd_512_chained_fp8
129	1	1788730538618056704	1788730538618106880	1000000000	50.176	cc_split_swin_16h_ffwd_proj_512_chained_fp8	cc_split_swin_16h_ffwd_proj_512_chained_fp8
130	1	1788730538618110976	1788730538618219520	1000000000	108.544	cc_split_swin_16h_qkv_512_chained_fp8	cc_split_swin_16h_qkv_512_chained_fp8
131	1	1788730538618223616	1788730538618319872	1000000000	96.256	cc_split_swin_16h_proj_512_outview_wait_fp8	cc_split_swin_16h_proj_512_outview_wait_fp8
132	1	1788730538618323968	1788730538618690560	1000000000	366.592	cc_tinlayout_fused_swin_8h_256_8_upsample_tilesync_fp8	cc_tinlayout_fused_swin_8h_256_8_upsample_tilesync_fp8
133	1	1788730538618694656	1788730538619105280	1000000000	410.624	cc_tinlayout_fused_swin_8h_256_8_chained_fp8	cc_tinlayout_fused_swin_8h_256_8_chained_fp8
134	1	1788730538619109376	1788730538619506688	1000000000	397.312	cc_tinlayout_fused_swin_8h_256_8_chained_fp8	cc_tinlayout_fused_swin_8h_256_8_chained_fp8
135	1	1788730538619511808	1788730538619805696	1000000000	293.888	cc_tinlayout_fused_swin_8h_256_8_chained_fp8	cc_tinlayout_fused_swin_8h_256_8_chained_fp8
136	1	1788730538619810816	1788730538620122112	1000000000	311.296	cc_tinlayout_fused_swin_8h_256_8_chained_fp8	cc_tinlayout_fused_swin_8h_256_8_chained_fp8
137	1	1788730538620126208	1788730538620507136	1000000000	380.928	cc_tinlayout_fused_swin_8h_256_8_chained_fp8	cc_tinlayout_fused_swin_8h_256_8_chained_fp8
138	1	1788730538620511232	1788730538620904448	1000000000	393.216	cc_tinlayout_fused_swin_8h_256_8_chained_fp8	cc_tinlayout_fused_swin_8h_256_8_chained_fp8
139	1	1788730538620908544	1788730538621215744	1000000000	307.2	cc_tinlayout_fused_swin_8h_256_8_outview_wait_fp8	cc_tinlayout_fused_swin_8h_256_8_outview_wait_fp8
140	1	1788730538621219840	1788730538621640704	1000000000	420.864	cc_tinlayout_fused_swin_4h_128_4_upsample_tilesync_fp8	cc_tinlayout_fused_swin_4h_128_4_upsample_tilesync_fp8
141	1	1788730538621644800	1788730538621971456	1000000000	326.656	cc_tinlayout_fused_swin_4h_128_4_chained_fp8	cc_tinlayout_fused_swin_4h_128_4_chained_fp8
142	1	1788730538621975552	1788730538622287872	1000000000	312.32	cc_tinlayout_fused_swin_4h_128_4_chained_fp8	cc_tinlayout_fused_swin_4h_128_4_chained_fp8
143	1	1788730538622291968	1788730538622610432	1000000000	318.464	cc_tinlayout_fused_swin_4h_128_4_chained_fp8	cc_tinlayout_fused_swin_4h_128_4_chained_fp8
144	1	1788730538622614528	1788730538622936064	1000000000	321.536	cc_tinlayout_fused_swin_4h_128_4_chained_fp8	cc_tinlayout_fused_swin_4h_128_4_chained_fp8
145	1	1788730538622940160	1788730538623264768	1000000000	324.608	cc_tinlayout_fused_swin_4h_128_4_outview_wait_fp8	cc_tinlayout_fused_swin_4h_128_4_outview_wait_fp8
146	1	1788730538623271168	1788730538623981568	1000000000	710.4	cc_tinlayout_fused_swin_2h_64_2_upsample_tilesync_fp8	cc_tinlayout_fused_swin_2h_64_2_upsample_tilesync_fp8
147	1	1788730538623986688	1788730538624510976	1000000000	524.288	cc_tinlayout_fused_swin_2h_64_2_chained_fp8	cc_tinlayout_fused_swin_2h_64_2_chained_fp8
148	1	1788730538624515072	1788730538625001472	1000000000	486.4	cc_tinlayout_fused_swin_2h_64_2_chained_fp8	cc_tinlayout_fused_swin_2h_64_2_chained_fp8
149	1	1788730538625005568	1788730538625507328	1000000000	501.76	cc_tinlayout_fused_swin_2h_64_2_outview_wait_fp8	cc_tinlayout_fused_swin_2h_64_2_outview_wait_fp8
150	1	1788730538625511424	1788730538626785280	1000000000	1273.86	cc_tinlayout_fused_swin_1h_32_1_upsample_tilesync_fp8	cc_tinlayout_fused_swin_1h_32_1_upsample_tilesync_fp8
151	1	1788730538626789376	1788730538627625984	1000000000	836.608	cc_tinlayout_fused_swin_1h_32_1_chained_fp8	cc_tinlayout_fused_swin_1h_32_1_chained_fp8
152	1	1788730538627630080	1788730538628428800	1000000000	798.72	cc_tinlayout_fused_swin_1h_32_1_chained_fp8	cc_tinlayout_fused_swin_1h_32_1_chained_fp8
153	1	1788730538628433920	1788730538629471232	1000000000	1037.31	cc_tinlayout_fused_swin_1h_32_1_outview_wait_fp8	cc_tinlayout_fused_swin_1h_32_1_outview_wait_fp8
154	1	1788730538629476640	1788730538635058176	1000000000	5581.54	cc_tinlayout_fused_post_block_swin_1h_32_fp8	cc_tinlayout_fused_post_block_swin_1h_32_fp8
155	1	1788730538635062272	1788730538635099136	1000000000	36.864	cg2r_copy_kernel	cg2r_copy_kernel
156	1	1788730538825392128	1788730538825396224	1000000000	4.096	cc_cb_clear	cc_cb_clear
157	1	1788730538825400320	1788730538828353536	1000000000	2953.22	cc_tinlayout_fused_pre_block_swin_1h_32_1_ds_fp8	cc_tinlayout_fused_pre_block_swin_1h_32_1_ds_fp8
158	1	1788730538828357632	1788730538829086720	1000000000	729.088	cc_tinlayout_fused_swin_1h_32_1_inpview_tilesync_fp8	cc_tinlayout_fused_swin_1h_32_1_inpview_tilesync_fp8
159	1	1788730538829090816	1788730538829927424	1000000000	836.608	cc_tinlayout_fused_swin_1h_32_1_chained_fp8	cc_tinlayout_fused_swin_1h_32_1_chained_fp8
160	1	1788730538829931520	1788730538830761984	1000000000	830.464	cc_tinlayout_fused_swin_1h_32_1_chained_fp8	cc_tinlayout_fused_swin_1h_32_1_chained_fp8
161	1	1788730538830766080	1788730538831613952	1000000000	847.872	cc_tinlayout_fused_swin_1h_32_1_ds_wait_fp8	cc_tinlayout_fused_swin_1h_32_1_ds_wait_fp8
162	1	1788730538831618048	1788730538832115712	1000000000	497.664	cc_tinlayout_fused_swin_2h_64_2_inpview_tilesync_fp8	cc_tinlayout_fused_swin_2h_64_2_inpview_tilesync_fp8
163	1	1788730538832119808	1788730538832646144	1000000000	526.336	cc_tinlayout_fused_swin_2h_64_2_chained_fp8	cc_tinlayout_fused_swin_2h_64_2_chained_fp8
164	1	1788730538832650240	1788730538833146880	1000000000	496.64	cc_tinlayout_fused_swin_2h_64_2_chained_fp8	cc_tinlayout_fused_swin_2h_64_2_chained_fp8
165	1	1788730538833150976	1788730538833670144	1000000000	519.168	cc_tinlayout_fused_swin_2h_64_2_ds_wait_fp8	cc_tinlayout_fused_swin_2h_64_2_ds_wait_fp8
166	1	1788730538833674240	1788730538834013184	1000000000	338.944	cc_tinlayout_fused_swin_4h_128_4_inpview_tilesync_fp8	cc_tinlayout_fused_swin_4h_128_4_inpview_tilesync_fp8
167	1	1788730538834017280	1788730538834342912	1000000000	325.632	cc_tinlayout_fused_swin_4h_128_4_chained_fp8	cc_tinlayout_fused_swin_4h_128_4_chained_fp8
168	1	1788730538834347008	1788730538834667520	1000000000	320.512	cc_tinlayout_fused_swin_4h_128_4_chained_fp8	cc_tinlayout_fused_swin_4h_128_4_chained_fp8
169	1	1788730538834671616	1788730538834996224	1000000000	324.608	cc_tinlayout_fused_swin_4h_128_4_chained_fp8	cc_tinlayout_fused_swin_4h_128_4_chained_fp8
170	1	1788730538835000320	1788730538835316736	1000000000	316.416	cc_tinlayout_fused_swin_4h_128_4_chained_fp8	cc_tinlayout_fused_swin_4h_128_4_chained_fp8
171	1	1788730538835320832	1788730538835686400	1000000000	365.568	cc_tinlayout_fused_swin_4h_128_4_ds_wait_fp8	cc_tinlayout_fused_swin_4h_128_4_ds_wait_fp8
172	1	1788730538835690496	1788730538836016128	1000000000	325.632	cc_tinlayout_fused_swin_8h_256_8_inpview_tilesync_fp8	cc_tinlayout_fused_swin_8h_256_8_inpview_tilesync_fp8
173	1	1788730538836020224	1788730538836864000	1000000000	843.776	cc_tinlayout_fused_swin_8h_256_8_chained_fp8	cc_tinlayout_fused_swin_8h_256_8_chained_fp8
174	1	1788730538836868096	1788730538837262336	1000000000	394.24	cc_tinlayout_fused_swin_8h_256_8_chained_fp8	cc_tinlayout_fused_swin_8h_256_8_chained_fp8
175	1	1788730538837266432	1788730538837566464	1000000000	300.032	cc_tinlayout_fused_swin_8h_256_8_chained_fp8	cc_tinlayout_fused_swin_8h_256_8_chained_fp8
176	1	1788730538837570560	1788730538837882880	1000000000	312.32	cc_tinlayout_fused_swin_8h_256_8_chained_fp8	cc_tinlayout_fused_swin_8h_256_8_chained_fp8
177	1	1788730538837886976	1788730538838269952	1000000000	382.976	cc_tinlayout_fused_swin_8h_256_8_chained_fp8	cc_tinlayout_fused_swin_8h_256_8_chained_fp8
178	1	1788730538838274048	1788730538838664192	1000000000	390.144	cc_tinlayout_fused_swin_8h_256_8_chained_fp8	cc_tinlayout_fused_swin_8h_256_8_chained_fp8
179	1	1788730538838668288	1788730538839025664	1000000000	357.376	cc_tinlayout_fused_swin_8h_256_8_ds_wait_fp8	cc_tinlayout_fused_swin_8h_256_8_ds_wait_fp8
180	1	1788730538839029760	1788730538839122944	1000000000	93.184	cc_split_swin_16h_ffwd_inpview_512_tilesync_fp8	cc_split_swin_16h_ffwd_inpview_512_tilesync_fp8
181	1	1788730538839127040	1788730538839216128	1000000000	89.088	cc_split_swin_16h_ffwd_proj_inpview_512_chained_fp8	cc_split_swin_16h_ffwd_proj_inpview_512_chained_fp8
182	1	1788730538839220224	1788730538839309312	1000000000	89.088	cc_split_swin_16h_qkv_512_chained_fp8	cc_split_swin_16h_qkv_512_chained_fp8
183	1	1788730538839313408	1788730538839361536	1000000000	48.128	cc_split_swin_16h_proj_512_chained_fp8	cc_split_swin_16h_proj_512_chained_fp8
184	1	1788730538839365632	1788730538839456768	1000000000	91.136	cc_split_swin_16h_ffwd_512_chained_fp8	cc_split_swin_16h_ffwd_512_chained_fp8
185	1	1788730538839460864	1788730538839510016	1000000000	49.152	cc_split_swin_16h_ffwd_proj_512_chained_fp8	cc_split_swin_16h_ffwd_proj_512_chained_fp8
186	1	1788730538839514112	1788730538839623680	1000000000	109.568	cc_split_swin_16h_qkv_512_chained_fp8	cc_split_swin_16h_qkv_512_chained_fp8
187	1	1788730538839626752	1788730538839675904	1000000000	49.152	cc_split_swin_16h_proj_512_chained_fp8	cc_split_swin_16h_proj_512_chained_fp8
188	1	1788730538839680000	1788730538839772160	1000000000	92.16	cc_split_swin_16h_ffwd_512_chained_fp8	cc_split_swin_16h_ffwd_512_chained_fp8
189	1	1788730538839776256	1788730538839825408	1000000000	49.152	cc_split_swin_16h_ffwd_proj_512_chained_fp8	cc_split_swin_16h_ffwd_proj_512_chained_fp8
190	1	1788730538839829504	1788730538839937024	1000000000	107.52	cc_split_swin_16h_qkv_512_chained_fp8	cc_split_swin_16h_qkv_512_chained_fp8
191	1	1788730538839941120	1788730538839991296	1000000000	50.176	cc_split_swin_16h_proj_512_chained_fp8	cc_split_swin_16h_proj_512_chained_fp8
192	1	1788730538839995392	1788730538840086528	1000000000	91.136	cc_split_swin_16h_ffwd_512_chained_fp8	cc_split_swin_16h_ffwd_512_chained_fp8
193	1	1788730538840090624	1788730538840139776	1000000000	49.152	cc_split_swin_16h_ffwd_proj_512_chained_fp8	cc_split_swin_16h_ffwd_proj_512_chained_fp8
194	1	1788730538840143872	1788730538840252416	1000000000	108.544	cc_split_swin_16h_qkv_512_chained_fp8	cc_split_swin_16h_qkv_512_chained_fp8
195	1	1788730538840256512	1788730538840304640	1000000000	48.128	cc_split_swin_16h_proj_512_chained_fp8	cc_split_swin_16h_proj_512_chained_fp8
196	1	1788730538840308736	1788730538840399872	1000000000	91.136	cc_split_swin_16h_ffwd_512_chained_fp8	cc_split_swin_16h_ffwd_512_chained_fp8
197	1	1788730538840403968	1788730538840453120	1000000000	49.152	cc_split_swin_16h_ffwd_proj_512_chained_fp8	cc_split_swin_16h_ffwd_proj_512_chained_fp8
198	1	1788730538840457216	1788730538840543232	1000000000	86.016	cc_split_swin_16h_qkv_512_chained_fp8	cc_split_swin_16h_qkv_512_chained_fp8
199	1	1788730538840547328	1788730538840594432	1000000000	47.104	cc_split_swin_16h_proj_512_chained_fp8	cc_split_swin_16h_proj_512_chained_fp8
200	1	1788730538840598528	1788730538840689664	1000000000	91.136	cc_split_swin_16h_ffwd_512_chained_fp8	cc_split_swin_16h_ffwd_512_chained_fp8
201	1	1788730538840693760	1788730538840742912	1000000000	49.152	cc_split_swin_16h_ffwd_proj_512_chained_fp8	cc_split_swin_16h_ffwd_proj_512_chained_fp8
202	1	1788730538840747008	1788730538840854528	1000000000	107.52	cc_split_swin_16h_qkv_512_chained_fp8	cc_split_swin_16h_qkv_512_chained_fp8
203	1	1788730538840858624	1788730538840906752	1000000000	48.128	cc_split_swin_16h_proj_512_chained_fp8	cc_split_swin_16h_proj_512_chained_fp8
204	1	1788730538840911872	1788730538841003008	1000000000	91.136	cc_split_swin_16h_ffwd_512_chained_fp8	cc_split_swin_16h_ffwd_512_chained_fp8
205	1	1788730538841007104	1788730538841058304	1000000000	51.2	cc_split_swin_16h_ffwd_proj_512_chained_fp8	cc_split_swin_16h_ffwd_proj_512_chained_fp8
206	1	1788730538841062400	1788730538841168896	1000000000	106.496	cc_split_swin_16h_qkv_512_chained_fp8	cc_split_swin_16h_qkv_512_chained_fp8
207	1	1788730538841172992	1788730538841222144	1000000000	49.152	cc_split_swin_16h_proj_512_chained_fp8	cc_split_swin_16h_proj_512_chained_fp8
208	1	1788730538841226240	1788730538841318400	1000000000	92.16	cc_split_swin_16h_ffwd_512_chained_fp8	cc_split_swin_16h_ffwd_512_chained_fp8
209	1	1788730538841321472	1788730538841370624	1000000000	49.152	cc_split_swin_16h_ffwd_proj_512_chained_fp8	cc_split_swin_16h_ffwd_proj_512_chained_fp8
210	1	1788730538841375744	1788730538841482240	1000000000	106.496	cc_split_swin_16h_qkv_512_chained_fp8	cc_split_swin_16h_qkv_512_chained_fp8
211	1	1788730538841486336	1788730538841527296	1000000000	40.96	cc_split_swin_16h_proj_pool_512_chained_fp8	cc_split_swin_16h_proj_pool_512_chained_fp8
212	1	1788730538841532416	1788730538841562112	1000000000	29.696	cc_split_swin_16h_final_head_512_wait_fp8	cc_split_swin_16h_final_head_512_wait_fp8
213	1	1788730538841565184	1788730538841573376	1000000000	8.192	cc_vit_1d_repack_2d_to_1d_fp8	cc_vit_1d_repack_2d_to_1d_fp8
214	1	1788730538841576448	1788730538841755648	1000000000	179.2	cc_vit_1d_ffn_expand_publish_fp8	cc_vit_1d_ffn_expand_publish_fp8
215	1	1788730538841759744	1788730538841878528	1000000000	118.784	cc_vit_1d_ffn_contract_chained_fp8	cc_vit_1d_ffn_contract_chained_fp8
216	1	1788730538841882624	1788730538841982976	1000000000	100.352	cc_vit_1d_qkv_chained_fp8	cc_vit_1d_qkv_chained_fp8
217	1	1788730538841987072	1788730538842085376	1000000000	98.304	cc_vit_1d_attention_chained_fp8	cc_vit_1d_attention_chained_fp8
218	1	1788730538842089472	1788730538842138624	1000000000	49.152	cc_vit_1d_projection_chained_fp8	cc_vit_1d_projection_chained_fp8
219	1	1788730538842142720	1788730538842297344	1000000000	154.624	cc_vit_1d_ffn_expand_chained_fp8	cc_vit_1d_ffn_expand_chained_fp8
220	1	1788730538842301440	1788730538842418176	1000000000	116.736	cc_vit_1d_ffn_contract_chained_fp8	cc_vit_1d_ffn_contract_chained_fp8
221	1	1788730538842422272	1788730538842522624	1000000000	100.352	cc_vit_1d_qkv_chained_fp8	cc_vit_1d_qkv_chained_fp8
222	1	1788730538842526720	1788730538842624000	1000000000	97.28	cc_vit_1d_attention_chained_fp8	cc_vit_1d_attention_chained_fp8
223	1	1788730538842628096	1788730538842676224	1000000000	48.128	cc_vit_1d_projection_chained_fp8	cc_vit_1d_projection_chained_fp8
224	1	1788730538842680320	1788730538842841088	1000000000	160.768	cc_vit_1d_ffn_expand_chained_fp8	cc_vit_1d_ffn_expand_chained_fp8
225	1	1788730538842846560	1788730538842966016	1000000000	119.456	cc_vit_1d_ffn_contract_chained_fp8	cc_vit_1d_ffn_contract_chained_fp8
226	1	1788730538842970112	1788730538843070464	1000000000	100.352	cc_vit_1d_qkv_chained_fp8	cc_vit_1d_qkv_chained_fp8
227	1	1788730538843074560	1788730538843172864	1000000000	98.304	cc_vit_1d_attention_chained_fp8	cc_vit_1d_attention_chained_fp8
228	1	1788730538843176960	1788730538843225088	1000000000	48.128	cc_vit_1d_projection_chained_fp8	cc_vit_1d_projection_chained_fp8
229	1	1788730538843230208	1788730538843385856	1000000000	155.648	cc_vit_1d_ffn_expand_chained_fp8	cc_vit_1d_ffn_expand_chained_fp8
230	1	1788730538843389952	1788730538843508736	1000000000	118.784	cc_vit_1d_ffn_contract_chained_fp8	cc_vit_1d_ffn_contract_chained_fp8
231	1	1788730538843512832	1788730538843613184	1000000000	100.352	cc_vit_1d_qkv_chained_fp8	cc_vit_1d_qkv_chained_fp8
232	1	1788730538843617280	1788730538843715584	1000000000	98.304	cc_vit_1d_attention_chained_fp8	cc_vit_1d_attention_chained_fp8
233	1	1788730538843719680	1788730538843766784	1000000000	47.104	cc_vit_1d_projection_chained_fp8	cc_vit_1d_projection_chained_fp8
234	1	1788730538843770880	1788730538843929600	1000000000	158.72	cc_vit_1d_ffn_expand_chained_fp8	cc_vit_1d_ffn_expand_chained_fp8
235	1	1788730538843933696	1788730538844052480	1000000000	118.784	cc_vit_1d_ffn_contract_chained_fp8	cc_vit_1d_ffn_contract_chained_fp8
236	1	1788730538844056576	1788730538844156928	1000000000	100.352	cc_vit_1d_qkv_chained_fp8	cc_vit_1d_qkv_chained_fp8
237	1	1788730538844161024	1788730538844259328	1000000000	98.304	cc_vit_1d_attention_chained_fp8	cc_vit_1d_attention_chained_fp8
238	1	1788730538844263424	1788730538844312576	1000000000	49.152	cc_vit_1d_projection_chained_fp8	cc_vit_1d_projection_chained_fp8
239	1	1788730538844315648	1788730538844470272	1000000000	154.624	cc_vit_1d_ffn_expand_chained_fp8	cc_vit_1d_ffn_expand_chained_fp8
240	1	1788730538844474368	1788730538844591104	1000000000	116.736	cc_vit_1d_ffn_contract_chained_fp8	cc_vit_1d_ffn_contract_chained_fp8
241	1	1788730538844595200	1788730538844695552	1000000000	100.352	cc_vit_1d_qkv_chained_fp8	cc_vit_1d_qkv_chained_fp8
242	1	1788730538844699648	1788730538844797952	1000000000	98.304	cc_vit_1d_attention_chained_fp8	cc_vit_1d_attention_chained_fp8
243	1	1788730538844802048	1788730538844850176	1000000000	48.128	cc_vit_1d_projection_chained_fp8	cc_vit_1d_projection_chained_fp8
244	1	1788730538844854272	1788730538845008896	1000000000	154.624	cc_vit_1d_ffn_expand_chained_fp8	cc_vit_1d_ffn_expand_chained_fp8
245	1	1788730538845012992	1788730538845130752	1000000000	117.76	cc_vit_1d_ffn_contract_chained_fp8	cc_vit_1d_ffn_contract_chained_fp8
246	1	1788730538845134848	1788730538845235200	1000000000	100.352	cc_vit_1d_qkv_chained_fp8	cc_vit_1d_qkv_chained_fp8
247	1	1788730538845239296	1788730538845337600	1000000000	98.304	cc_vit_1d_attention_chained_fp8	cc_vit_1d_attention_chained_fp8
248	1	1788730538845341696	1788730538845389824	1000000000	48.128	cc_vit_1d_projection_chained_fp8	cc_vit_1d_projection_chained_fp8
249	1	1788730538845393920	1788730538845546496	1000000000	152.576	cc_vit_1d_ffn_expand_chained_fp8	cc_vit_1d_ffn_expand_chained_fp8
250	1	1788730538845550592	1788730538845669376	1000000000	118.784	cc_vit_1d_ffn_contract_chained_fp8	cc_vit_1d_ffn_contract_chained_fp8
251	1	1788730538845674496	1788730538845773824	1000000000	99.328	cc_vit_1d_qkv_chained_fp8	cc_vit_1d_qkv_chained_fp8
252	1	1788730538845778944	1788730538845877248	1000000000	98.304	cc_vit_1d_attention_chained_fp8	cc_vit_1d_attention_chained_fp8
253	1	1788730538845880320	1788730538845927424	1000000000	47.104	cc_vit_1d_projection_wait_fp8	cc_vit_1d_projection_wait_fp8
254	1	1788730538845931520	1788730538845938688	1000000000	7.168	cc_vit_1d_repack_1d_to_2d_fp8	cc_vit_1d_repack_1d_to_2d_fp8
255	1	1788730538845942784	1788730538845980672	1000000000	37.888	cc_dec_input_upsample_1024_512_tilesync_fp8	cc_dec_input_upsample_1024_512_tilesync_fp8
256	1	1788730538845984768	1788730538846076928	1000000000	92.16	cc_split_swin_16h_ffwd_512_chained_fp8	cc_split_swin_16h_ffwd_512_chained_fp8
257	1	1788730538846080000	1788730538846129152	1000000000	49.152	cc_split_swin_16h_ffwd_proj_512_chained_fp8	cc_split_swin_16h_ffwd_proj_512_chained_fp8
258	1	1788730538846133248	1788730538846218240	1000000000	84.992	cc_split_swin_16h_qkv_512_chained_fp8	cc_split_swin_16h_qkv_512_chained_fp8
259	1	1788730538846222336	1788730538846269440	1000000000	47.104	cc_split_swin_16h_proj_512_chained_fp8	cc_split_swin_16h_proj_512_chained_fp8
260	1	1788730538846273536	1788730538846364672	1000000000	91.136	cc_split_swin_16h_ffwd_512_chained_fp8	cc_split_swin_16h_ffwd_512_chained_fp8
261	1	1788730538846368768	1788730538846417920	1000000000	49.152	cc_split_swin_16h_ffwd_proj_512_chained_fp8	cc_split_swin_16h_ffwd_proj_512_chained_fp8
262	1	1788730538846422016	1788730538846530560	1000000000	108.544	cc_split_swin_16h_qkv_512_chained_fp8	cc_split_swin_16h_qkv_512_chained_fp8
263	1	1788730538846534656	1788730538846582784	1000000000	48.128	cc_split_swin_16h_proj_512_chained_fp8	cc_split_swin_16h_proj_512_chained_fp8
264	1	1788730538846586880	1788730538846679040	1000000000	92.16	cc_split_swin_16h_ffwd_512_chained_fp8	cc_split_swin_16h_ffwd_512_chained_fp8
265	1	1788730538846682112	1788730538846731264	1000000000	49.152	cc_split_swin_16h_ffwd_proj_512_chained_fp8	cc_split_swin_16h_ffwd_proj_512_chained_fp8
266	1	1788730538846735360	1788730538846842880	1000000000	107.52	cc_split_swin_16h_qkv_512_chained_fp8	cc_split_swin_16h_qkv_512_chained_fp8
267	1	1788730538846846976	1788730538846896128	1000000000	49.152	cc_split_swin_16h_proj_512_chained_fp8	cc_split_swin_16h_proj_512_chained_fp8
268	1	1788730538846900224	1788730538846992384	1000000000	92.16	cc_split_swin_16h_ffwd_512_chained_fp8	cc_split_swin_16h_ffwd_512_chained_fp8
269	1	1788730538846996480	1788730538847044608	1000000000	48.128	cc_split_swin_16h_ffwd_proj_512_chained_fp8	cc_split_swin_16h_ffwd_proj_512_chained_fp8
270	1	1788730538847047680	1788730538847156224	1000000000	108.544	cc_split_swin_16h_qkv_512_chained_fp8	cc_split_swin_16h_qkv_512_chained_fp8
271	1	1788730538847160320	1788730538847207424	1000000000	47.104	cc_split_swin_16h_proj_512_chained_fp8	cc_split_swin_16h_proj_512_chained_fp8
272	1	1788730538847211520	1788730538847303680	1000000000	92.16	cc_split_swin_16h_ffwd_512_chained_fp8	cc_split_swin_16h_ffwd_512_chained_fp8
273	1	1788730538847307776	1788730538847357952	1000000000	50.176	cc_split_swin_16h_ffwd_proj_512_chained_fp8	cc_split_swin_16h_ffwd_proj_512_chained_fp8
274	1	1788730538847362048	1788730538847448064	1000000000	86.016	cc_split_swin_16h_qkv_512_chained_fp8	cc_split_swin_16h_qkv_512_chained_fp8
275	1	1788730538847452160	1788730538847499264	1000000000	47.104	cc_split_swin_16h_proj_512_chained_fp8	cc_split_swin_16h_proj_512_chained_fp8
276	1	1788730538847503360	1788730538847594496	1000000000	91.136	cc_split_swin_16h_ffwd_512_chained_fp8	cc_split_swin_16h_ffwd_512_chained_fp8
277	1	1788730538847598592	1788730538847647744	1000000000	49.152	cc_split_swin_16h_ffwd_proj_512_chained_fp8	cc_split_swin_16h_ffwd_proj_512_chained_fp8
278	1	1788730538847651840	1788730538847761408	1000000000	109.568	cc_split_swin_16h_qkv_512_chained_fp8	cc_split_swin_16h_qkv_512_chained_fp8
279	1	1788730538847765504	1788730538847813632	1000000000	48.128	cc_split_swin_16h_proj_512_chained_fp8	cc_split_swin_16h_proj_512_chained_fp8
280	1	1788730538847817728	1788730538847909888	1000000000	92.16	cc_split_swin_16h_ffwd_512_chained_fp8	cc_split_swin_16h_ffwd_512_chained_fp8
281	1	1788730538847913984	1788730538847977472	1000000000	63.488	cc_split_swin_16h_ffwd_proj_512_chained_fp8	cc_split_swin_16h_ffwd_proj_512_chained_fp8
282	1	1788730538847981568	1788730538848090112	1000000000	108.544	cc_split_swin_16h_qkv_512_chained_fp8	cc_split_swin_16h_qkv_512_chained_fp8
283	1	1788730538848093184	1788730538848143360	1000000000	50.176	cc_split_swin_16h_proj_512_chained_fp8	cc_split_swin_16h_proj_512_chained_fp8
284	1	1788730538848147456	1788730538848239616	1000000000	92.16	cc_split_swin_16h_ffwd_512_chained_fp8	cc_split_swin_16h_ffwd_512_chained_fp8
285	1	1788730538848243712	1788730538848292864	1000000000	49.152	cc_split_swin_16h_ffwd_proj_512_chained_fp8	cc_split_swin_16h_ffwd_proj_512_chained_fp8
286	1	1788730538848296960	1788730538848405504	1000000000	108.544	cc_split_swin_16h_qkv_512_chained_fp8	cc_split_swin_16h_qkv_512_chained_fp8
287	1	1788730538848409600	1788730538848502784	1000000000	93.184	cc_split_swin_16h_proj_512_outview_wait_fp8	cc_split_swin_16h_proj_512_outview_wait_fp8
288	1	1788730538848506880	1788730538848871424	1000000000	364.544	cc_tinlayout_fused_swin_8h_256_8_upsample_tilesync_fp8	cc_tinlayout_fused_swin_8h_256_8_upsample_tilesync_fp8
289	1	1788730538848876544	1788730538849285120	1000000000	408.576	cc_tinlayout_fused_swin_8h_256_8_chained_fp8	cc_tinlayout_fused_swin_8h_256_8_chained_fp8
290	1	1788730538849289216	1788730538849686528	1000000000	397.312	cc_tinlayout_fused_swin_8h_256_8_chained_fp8	cc_tinlayout_fused_swin_8h_256_8_chained_fp8
291	1	1788730538849690624	1788730538849992704	1000000000	302.08	cc_tinlayout_fused_swin_8h_256_8_chained_fp8	cc_tinlayout_fused_swin_8h_256_8_chained_fp8
292	1	1788730538849997824	1788730538850310144	1000000000	312.32	cc_tinlayout_fused_swin_8h_256_8_chained_fp8	cc_tinlayout_fused_swin_8h_256_8_chained_fp8
293	1	1788730538850314240	1788730538850700288	1000000000	386.048	cc_tinlayout_fused_swin_8h_256_8_chained_fp8	cc_tinlayout_fused_swin_8h_256_8_chained_fp8
294	1	1788730538850706816	1788730538851099648	1000000000	392.832	cc_tinlayout_fused_swin_8h_256_8_chained_fp8	cc_tinlayout_fused_swin_8h_256_8_chained_fp8
295	1	1788730538851103744	1788730538851412992	1000000000	309.248	cc_tinlayout_fused_swin_8h_256_8_outview_wait_fp8	cc_tinlayout_fused_swin_8h_256_8_outview_wait_fp8
296	1	1788730538851417088	1788730538851835904	1000000000	418.816	cc_tinlayout_fused_swin_4h_128_4_upsample_tilesync_fp8	cc_tinlayout_fused_swin_4h_128_4_upsample_tilesync_fp8
297	1	1788730538851840000	1788730538852167680	1000000000	327.68	cc_tinlayout_fused_swin_4h_128_4_chained_fp8	cc_tinlayout_fused_swin_4h_128_4_chained_fp8
298	1	1788730538852170752	1788730538852486144	1000000000	315.392	cc_tinlayout_fused_swin_4h_128_4_chained_fp8	cc_tinlayout_fused_swin_4h_128_4_chained_fp8
299	1	1788730538852490240	1788730538852811776	1000000000	321.536	cc_tinlayout_fused_swin_4h_128_4_chained_fp8	cc_tinlayout_fused_swin_4h_128_4_chained_fp8
300	1	1788730538852815872	1788730538853135360	1000000000	319.488	cc_tinlayout_fused_swin_4h_128_4_chained_fp8	cc_tinlayout_fused_swin_4h_128_4_chained_fp8
301	1	1788730538853139456	1788730538853469184	1000000000	329.728	cc_tinlayout_fused_swin_4h_128_4_outview_wait_fp8	cc_tinlayout_fused_swin_4h_128_4_outview_wait_fp8
302	1	1788730538853472256	1788730538854182912	1000000000	710.656	cc_tinlayout_fused_swin_2h_64_2_upsample_tilesync_fp8	cc_tinlayout_fused_swin_2h_64_2_upsample_tilesync_fp8
303	1	1788730538854187008	1788730538854712320	1000000000	525.312	cc_tinlayout_fused_swin_2h_64_2_chained_fp8	cc_tinlayout_fused_swin_2h_64_2_chained_fp8
304	1	1788730538854716416	1788730538855208960	1000000000	492.544	cc_tinlayout_fused_swin_2h_64_2_chained_fp8	cc_tinlayout_fused_swin_2h_64_2_chained_fp8
305	1	1788730538855212032	1788730538855701504	1000000000	489.472	cc_tinlayout_fused_swin_2h_64_2_outview_wait_fp8	cc_tinlayout_fused_swin_2h_64_2_outview_wait_fp8
306	1	1788730538855705600	1788730538856971264	1000000000	1265.66	cc_tinlayout_fused_swin_1h_32_1_upsample_tilesync_fp8	cc_tinlayout_fused_swin_1h_32_1_upsample_tilesync_fp8
307	1	1788730538856975360	1788730538857808896	1000000000	833.536	cc_tinlayout_fused_swin_1h_32_1_chained_fp8	cc_tinlayout_fused_swin_1h_32_1_chained_fp8
308	1	1788730538857812992	1788730538858630144	1000000000	817.152	cc_tinlayout_fused_swin_1h_32_1_chained_fp8	cc_tinlayout_fused_swin_1h_32_1_chained_fp8
309	1	1788730538858634240	1788730538859678720	1000000000	1044.48	cc_tinlayout_fused_swin_1h_32_1_outview_wait_fp8	cc_tinlayout_fused_swin_1h_32_1_outview_wait_fp8
310	1	1788730538859682816	1788730538864955392	1000000000	5272.58	cc_tinlayout_fused_post_block_swin_1h_32_fp8	cc_tinlayout_fused_post_block_swin_1h_32_fp8
311	1	1788730538864959488	1788730538864998400	1000000000	38.912	cg2r_copy_kernel	cg2r_copy_kernel
312	1	1788730539057640448	1788730539057644544	1000000000	4.096	cc_cb_clear	cc_cb_clear
313	1	1788730539057648640	1788730539060597760	1000000000	2949.12	cc_tinlayout_fused_pre_block_swin_1h_32_1_ds_fp8	cc_tinlayout_fused_pre_block_swin_1h_32_1_ds_fp8
314	1	1788730539060602880	1788730539061349376	1000000000	746.496	cc_tinlayout_fused_swin_1h_32_1_inpview_tilesync_fp8	cc_tinlayout_fused_swin_1h_32_1_inpview_tilesync_fp8
315	1	1788730539061353472	1788730539062212608	1000000000	859.136	cc_tinlayout_fused_swin_1h_32_1_chained_fp8	cc_tinlayout_fused_swin_1h_32_1_chained_fp8
316	1	1788730539062216704	1788730539063043072	1000000000	826.368	cc_tinlayout_fused_swin_1h_32_1_chained_fp8	cc_tinlayout_fused_swin_1h_32_1_chained_fp8
317	1	1788730539063047168	1788730539063891968	1000000000	844.8	cc_tinlayout_fused_swin_1h_32_1_ds_wait_fp8	cc_tinlayout_fused_swin_1h_32_1_ds_wait_fp8
318	1	1788730539063896064	1788730539064393728	1000000000	497.664	cc_tinlayout_fused_swin_2h_64_2_inpview_tilesync_fp8	cc_tinlayout_fused_swin_2h_64_2_inpview_tilesync_fp8
319	1	1788730539064397824	1788730539064918016	1000000000	520.192	cc_tinlayout_fused_swin_2h_64_2_chained_fp8	cc_tinlayout_fused_swin_2h_64_2_chained_fp8
320	1	1788730539064923136	1788730539065412608	1000000000	489.472	cc_tinlayout_fused_swin_2h_64_2_chained_fp8	cc_tinlayout_fused_swin_2h_64_2_chained_fp8
321	1	1788730539065416704	1788730539065939968	1000000000	523.264	cc_tinlayout_fused_swin_2h_64_2_ds_wait_fp8	cc_tinlayout_fused_swin_2h_64_2_ds_wait_fp8
322	1	1788730539065944064	1788730539066284032	1000000000	339.968	cc_tinlayout_fused_swin_4h_128_4_inpview_tilesync_fp8	cc_tinlayout_fused_swin_4h_128_4_inpview_tilesync_fp8
323	1	1788730539066288128	1788730539066612736	1000000000	324.608	cc_tinlayout_fused_swin_4h_128_4_chained_fp8	cc_tinlayout_fused_swin_4h_128_4_chained_fp8
324	1	1788730539066616832	1788730539066938368	1000000000	321.536	cc_tinlayout_fused_swin_4h_128_4_chained_fp8	cc_tinlayout_fused_swin_4h_128_4_chained_fp8
325	1	1788730539066942464	1788730539067268096	1000000000	325.632	cc_tinlayout_fused_swin_4h_128_4_chained_fp8	cc_tinlayout_fused_swin_4h_128_4_chained_fp8
326	1	1788730539067272192	1788730539067590656	1000000000	318.464	cc_tinlayout_fused_swin_4h_128_4_chained_fp8	cc_tinlayout_fused_swin_4h_128_4_chained_fp8
327	1	1788730539067594752	1788730539067953152	1000000000	358.4	cc_tinlayout_fused_swin_4h_128_4_ds_wait_fp8	cc_tinlayout_fused_swin_4h_128_4_ds_wait_fp8
328	1	1788730539067957248	1788730539068285952	1000000000	328.704	cc_tinlayout_fused_swin_8h_256_8_inpview_tilesync_fp8	cc_tinlayout_fused_swin_8h_256_8_inpview_tilesync_fp8
329	1	1788730539068290048	1788730539068702720	1000000000	412.672	cc_tinlayout_fused_swin_8h_256_8_chained_fp8	cc_tinlayout_fused_swin_8h_256_8_chained_fp8
330	1	1788730539068706816	1788730539069102080	1000000000	395.264	cc_tinlayout_fused_swin_8h_256_8_chained_fp8	cc_tinlayout_fused_swin_8h_256_8_chained_fp8
331	1	1788730539069106176	1788730539069412352	1000000000	306.176	cc_tinlayout_fused_swin_8h_256_8_chained_fp8	cc_tinlayout_fused_swin_8h_256_8_chained_fp8
332	1	1788730539069416448	1788730539069729792	1000000000	313.344	cc_tinlayout_fused_swin_8h_256_8_chained_fp8	cc_tinlayout_fused_swin_8h_256_8_chained_fp8
333	1	1788730539069733888	1788730539070116864	1000000000	382.976	cc_tinlayout_fused_swin_8h_256_8_chained_fp8	cc_tinlayout_fused_swin_8h_256_8_chained_fp8
334	1	1788730539070120960	1788730539070515200	1000000000	394.24	cc_tinlayout_fused_swin_8h_256_8_chained_fp8	cc_tinlayout_fused_swin_8h_256_8_chained_fp8
335	1	1788730539070519296	1788730539070876672	1000000000	357.376	cc_tinlayout_fused_swin_8h_256_8_ds_wait_fp8	cc_tinlayout_fused_swin_8h_256_8_ds_wait_fp8
336	1	1788730539070880768	1788730539070973952	1000000000	93.184	cc_split_swin_16h_ffwd_inpview_512_tilesync_fp8	cc_split_swin_16h_ffwd_inpview_512_tilesync_fp8
337	1	1788730539070978048	1788730539071068160	1000000000	90.112	cc_split_swin_16h_ffwd_proj_inpview_512_chained_fp8	cc_split_swin_16h_ffwd_proj_inpview_512_chained_fp8
338	1	1788730539071073280	1788730539071161344	1000000000	88.064	cc_split_swin_16h_qkv_512_chained_fp8	cc_split_swin_16h_qkv_512_chained_fp8
339	1	1788730539071165440	1788730539071212544	1000000000	47.104	cc_split_swin_16h_proj_512_chained_fp8	cc_split_swin_16h_proj_512_chained_fp8
340	1	1788730539071216640	1788730539071310848	1000000000	94.208	cc_split_swin_16h_ffwd_512_chained_fp8	cc_split_swin_16h_ffwd_512_chained_fp8
341	1	1788730539071314944	1788730539071364096	1000000000	49.152	cc_split_swin_16h_ffwd_proj_512_chained_fp8	cc_split_swin_16h_ffwd_proj_512_chained_fp8
342	1	1788730539071368192	1788730539071475712	1000000000	107.52	cc_split_swin_16h_qkv_512_chained_fp8	cc_split_swin_16h_qkv_512_chained_fp8
343	1	1788730539071479808	1788730539071528960	1000000000	49.152	cc_split_swin_16h_proj_512_chained_fp8	cc_split_swin_16h_proj_512_chained_fp8
344	1	1788730539071533056	1788730539071625216	1000000000	92.16	cc_split_swin_16h_ffwd_512_chained_fp8	cc_split_swin_16h_ffwd_512_chained_fp8
345	1	1788730539071629312	1788730539071678464	1000000000	49.152	cc_split_swin_16h_ffwd_proj_512_chained_fp8	cc_split_swin_16h_ffwd_proj_512_chained_fp8
346	1	1788730539071682560	1788730539071791104	1000000000	108.544	cc_split_swin_16h_qkv_512_chained_fp8	cc_split_swin_16h_qkv_512_chained_fp8
347	1	1788730539071795200	1788730539071844352	1000000000	49.152	cc_split_swin_16h_proj_512_chained_fp8	cc_split_swin_16h_proj_512_chained_fp8
348	1	1788730539071848448	1788730539071940608	1000000000	92.16	cc_split_swin_16h_ffwd_512_chained_fp8	cc_split_swin_16h_ffwd_512_chained_fp8
349	1	1788730539071944704	1788730539071994880	1000000000	50.176	cc_split_swin_16h_ffwd_proj_512_chained_fp8	cc_split_swin_16h_ffwd_proj_512_chained_fp8
350	1	1788730539071998976	1788730539072107520	1000000000	108.544	cc_split_swin_16h_qkv_512_chained_fp8	cc_split_swin_16h_qkv_512_chained_fp8
351	1	1788730539072114016	1788730539072161792	1000000000	47.776	cc_split_swin_16h_proj_512_chained_fp8	cc_split_swin_16h_proj_512_chained_fp8
352	1	1788730539072165888	1788730539072257024	1000000000	91.136	cc_split_swin_16h_ffwd_512_chained_fp8	cc_split_swin_16h_ffwd_512_chained_fp8
353	1	1788730539072261120	1788730539072309248	1000000000	48.128	cc_split_swin_16h_ffwd_proj_512_chained_fp8	cc_split_swin_16h_ffwd_proj_512_chained_fp8
354	1	1788730539072313344	1788730539072400384	1000000000	87.04	cc_split_swin_16h_qkv_512_chained_fp8	cc_split_swin_16h_qkv_512_chained_fp8
355	1	1788730539072404480	1788730539072451584	1000000000	47.104	cc_split_swin_16h_proj_512_chained_fp8	cc_split_swin_16h_proj_512_chained_fp8
356	1	1788730539072455680	1788730539072547840	1000000000	92.16	cc_split_swin_16h_ffwd_512_chained_fp8	cc_split_swin_16h_ffwd_512_chained_fp8
357	1	1788730539072550912	1788730539072600064	1000000000	49.152	cc_split_swin_16h_ffwd_proj_512_chained_fp8	cc_split_swin_16h_ffwd_proj_512_chained_fp8
358	1	1788730539072605184	1788730539072713728	1000000000	108.544	cc_split_swin_16h_qkv_512_chained_fp8	cc_split_swin_16h_qkv_512_chained_fp8
359	1	1788730539072716800	1788730539072765952	1000000000	49.152	cc_split_swin_16h_proj_512_chained_fp8	cc_split_swin_16h_proj_512_chained_fp8
360	1	1788730539072770048	1788730539072861184	1000000000	91.136	cc_split_swin_16h_ffwd_512_chained_fp8	cc_split_swin_16h_ffwd_512_chained_fp8
361	1	1788730539072865280	1788730539072915456	1000000000	50.176	cc_split_swin_16h_ffwd_proj_512_chained_fp8	cc_split_swin_16h_ffwd_proj_512_chained_fp8
362	1	1788730539072919552	1788730539073028096	1000000000	108.544	cc_split_swin_16h_qkv_512_chained_fp8	cc_split_swin_16h_qkv_512_chained_fp8
363	1	1788730539073032192	1788730539073080320	1000000000	48.128	cc_split_swin_16h_proj_512_chained_fp8	cc_split_swin_16h_proj_512_chained_fp8
364	1	1788730539073084416	1788730539073176576	1000000000	92.16	cc_split_swin_16h_ffwd_512_chained_fp8	cc_split_swin_16h_ffwd_512_chained_fp8
365	1	1788730539073180672	1788730539073230848	1000000000	50.176	cc_split_swin_16h_ffwd_proj_512_chained_fp8	cc_split_swin_16h_ffwd_proj_512_chained_fp8
366	1	1788730539073234944	1788730539073340416	1000000000	105.472	cc_split_swin_16h_qkv_512_chained_fp8	cc_split_swin_16h_qkv_512_chained_fp8
367	1	1788730539073344512	1788730539073385472	1000000000	40.96	cc_split_swin_16h_proj_pool_512_chained_fp8	cc_split_swin_16h_proj_pool_512_chained_fp8
368	1	1788730539073389568	1788730539073419264	1000000000	29.696	cc_split_swin_16h_final_head_512_wait_fp8	cc_split_swin_16h_final_head_512_wait_fp8
369	1	1788730539073423360	1788730539073431552	1000000000	8.192	cc_vit_1d_repack_2d_to_1d_fp8	cc_vit_1d_repack_2d_to_1d_fp8
370	1	1788730539073434624	1788730539073608704	1000000000	174.08	cc_vit_1d_ffn_expand_publish_fp8	cc_vit_1d_ffn_expand_publish_fp8
371	1	1788730539073612800	1788730539073730560	1000000000	117.76	cc_vit_1d_ffn_contract_chained_fp8	cc_vit_1d_ffn_contract_chained_fp8
372	1	1788730539073734656	1788730539073833984	1000000000	99.328	cc_vit_1d_qkv_chained_fp8	cc_vit_1d_qkv_chained_fp8
373	1	1788730539073839104	1788730539073936384	1000000000	97.28	cc_vit_1d_attention_chained_fp8	cc_vit_1d_attention_chained_fp8
374	1	1788730539073940480	1788730539073988608	1000000000	48.128	cc_vit_1d_projection_chained_fp8	cc_vit_1d_projection_chained_fp8
375	1	1788730539073992704	1788730539074145280	1000000000	152.576	cc_vit_1d_ffn_expand_chained_fp8	cc_vit_1d_ffn_expand_chained_fp8
376	1	1788730539074150400	1788730539074267136	1000000000	116.736	cc_vit_1d_ffn_contract_chained_fp8	cc_vit_1d_ffn_contract_chained_fp8
377	1	1788730539074272256	1788730539074371584	1000000000	99.328	cc_vit_1d_qkv_chained_fp8	cc_vit_1d_qkv_chained_fp8
378	1	1788730539074375680	1788730539074473984	1000000000	98.304	cc_vit_1d_attention_chained_fp8	cc_vit_1d_attention_chained_fp8
379	1	1788730539074478080	1788730539074526208	1000000000	48.128	cc_vit_1d_projection_chained_fp8	cc_vit_1d_projection_chained_fp8
380	1	1788730539074530304	1788730539074689024	1000000000	158.72	cc_vit_1d_ffn_expand_chained_fp8	cc_vit_1d_ffn_expand_chained_fp8
381	1	1788730539074693120	1788730539074811904	1000000000	118.784	cc_vit_1d_ffn_contract_chained_fp8	cc_vit_1d_ffn_contract_chained_fp8
382	1	1788730539074816000	1788730539074915328	1000000000	99.328	cc_vit_1d_qkv_chained_fp8	cc_vit_1d_qkv_chained_fp8
383	1	1788730539074919424	1788730539075017728	1000000000	98.304	cc_vit_1d_attention_chained_fp8	cc_vit_1d_attention_chained_fp8
384	1	1788730539075021824	1788730539075069952	1000000000	48.128	cc_vit_1d_projection_chained_fp8	cc_vit_1d_projection_chained_fp8
385	1	1788730539075075072	1788730539075231744	1000000000	156.672	cc_vit_1d_ffn_expand_chained_fp8	cc_vit_1d_ffn_expand_chained_fp8
386	1	1788730539075235840	1788730539075354624	1000000000	118.784	cc_vit_1d_ffn_contract_chained_fp8	cc_vit_1d_ffn_contract_chained_fp8
387	1	1788730539075359744	1788730539075459072	1000000000	99.328	cc_vit_1d_qkv_chained_fp8	cc_vit_1d_qkv_chained_fp8
388	1	1788730539075463168	1788730539075561472	1000000000	98.304	cc_vit_1d_attention_chained_fp8	cc_vit_1d_attention_chained_fp8
389	1	1788730539075565568	1788730539075613696	1000000000	48.128	cc_vit_1d_projection_chained_fp8	cc_vit_1d_projection_chained_fp8
390	1	1788730539075618816	1788730539075773440	1000000000	154.624	cc_vit_1d_ffn_expand_chained_fp8	cc_vit_1d_ffn_expand_chained_fp8
391	1	1788730539075777536	1788730539075895296	1000000000	117.76	cc_vit_1d_ffn_contract_chained_fp8	cc_vit_1d_ffn_contract_chained_fp8
392	1	1788730539075899392	1788730539075999744	1000000000	100.352	cc_vit_1d_qkv_chained_fp8	cc_vit_1d_qkv_chained_fp8
393	1	1788730539076003840	1788730539076102144	1000000000	98.304	cc_vit_1d_attention_chained_fp8	cc_vit_1d_attention_chained_fp8
394	1	1788730539076106240	1788730539076154368	1000000000	48.128	cc_vit_1d_projection_chained_fp8	cc_vit_1d_projection_chained_fp8
395	1	1788730539076157440	1788730539076315136	1000000000	157.696	cc_vit_1d_ffn_expand_chained_fp8	cc_vit_1d_ffn_expand_chained_fp8
396	1	1788730539076319232	1788730539076438016	1000000000	118.784	cc_vit_1d_ffn_contract_chained_fp8	cc_vit_1d_ffn_contract_chained_fp8
397	1	1788730539076442112	1788730539076542464	1000000000	100.352	cc_vit_1d_qkv_chained_fp8	cc_vit_1d_qkv_chained_fp8
398	1	1788730539076546560	1788730539076643840	1000000000	97.28	cc_vit_1d_attention_chained_fp8	cc_vit_1d_attention_chained_fp8
399	1	1788730539076647936	1788730539076695040	1000000000	47.104	cc_vit_1d_projection_chained_fp8	cc_vit_1d_projection_chained_fp8
400	1	1788730539076699136	1788730539076855808	1000000000	156.672	cc_vit_1d_ffn_expand_chained_fp8	cc_vit_1d_ffn_expand_chained_fp8
401	1	1788730539076859904	1788730539076978688	1000000000	118.784	cc_vit_1d_ffn_contract_chained_fp8	cc_vit_1d_ffn_contract_chained_fp8
402	1	1788730539076982784	1788730539077083136	1000000000	100.352	cc_vit_1d_qkv_chained_fp8	cc_vit_1d_qkv_chained_fp8
403	1	1788730539077087232	1788730539077185536	1000000000	98.304	cc_vit_1d_attention_chained_fp8	cc_vit_1d_attention_chained_fp8
404	1	1788730539077189632	1788730539077237760	1000000000	48.128	cc_vit_1d_projection_chained_fp8	cc_vit_1d_projection_chained_fp8
405	1	1788730539077241856	1788730539077399552	1000000000	157.696	cc_vit_1d_ffn_expand_chained_fp8	cc_vit_1d_ffn_expand_chained_fp8
406	1	1788730539077403648	1788730539077897216	1000000000	493.568	cc_vit_1d_ffn_contract_chained_fp8	cc_vit_1d_ffn_contract_chained_fp8
407	1	1788730539077905408	1788730539078004736	1000000000	99.328	cc_vit_1d_qkv_chained_fp8	cc_vit_1d_qkv_chained_fp8
408	1	1788730539078008832	1788730539078108160	1000000000	99.328	cc_vit_1d_attention_chained_fp8	cc_vit_1d_attention_chained_fp8
409	1	1788730539078112256	1788730539078159360	1000000000	47.104	cc_vit_1d_projection_wait_fp8	cc_vit_1d_projection_wait_fp8
410	1	1788730539078163456	1788730539078170624	1000000000	7.168	cc_vit_1d_repack_1d_to_2d_fp8	cc_vit_1d_repack_1d_to_2d_fp8
411	1	1788730539078174720	1788730539078213632	1000000000	38.912	cc_dec_input_upsample_1024_512_tilesync_fp8	cc_dec_input_upsample_1024_512_tilesync_fp8
412	1	1788730539078217728	1788730539078308864	1000000000	91.136	cc_split_swin_16h_ffwd_512_chained_fp8	cc_split_swin_16h_ffwd_512_chained_fp8
413	1	1788730539078868992	1788730539078919168	1000000000	50.176	cc_split_swin_16h_ffwd_proj_512_chained_fp8	cc_split_swin_16h_ffwd_proj_512_chained_fp8
414	1	1788730539078923264	1788730539079013376	1000000000	90.112	cc_split_swin_16h_qkv_512_chained_fp8	cc_split_swin_16h_qkv_512_chained_fp8
415	1	1788730539079016448	1788730539079064576	1000000000	48.128	cc_split_swin_16h_proj_512_chained_fp8	cc_split_swin_16h_proj_512_chained_fp8
416	1	1788730539079068672	1788730539079159808	1000000000	91.136	cc_split_swin_16h_ffwd_512_chained_fp8	cc_split_swin_16h_ffwd_512_chained_fp8
417	1	1788730539079163904	1788730539079213056	1000000000	49.152	cc_split_swin_16h_ffwd_proj_512_chained_fp8	cc_split_swin_16h_ffwd_proj_512_chained_fp8
418	1	1788730539079217152	1788730539079325696	1000000000	108.544	cc_split_swin_16h_qkv_512_chained_fp8	cc_split_swin_16h_qkv_512_chained_fp8
419	1	1788730539079329792	1788730539079378944	1000000000	49.152	cc_split_swin_16h_proj_512_chained_fp8	cc_split_swin_16h_proj_512_chained_fp8
420	1	1788730539079383040	1788730539079474176	1000000000	91.136	cc_split_swin_16h_ffwd_512_chained_fp8	cc_split_swin_16h_ffwd_512_chained_fp8
421	1	1788730539079478272	1788730539079527424	1000000000	49.152	cc_split_swin_16h_ffwd_proj_512_chained_fp8	cc_split_swin_16h_ffwd_proj_512_chained_fp8
422	1	1788730539079531520	1788730539079638016	1000000000	106.496	cc_split_swin_16h_qkv_512_chained_fp8	cc_split_swin_16h_qkv_512_chained_fp8
423	1	1788730539079642112	1788730539079691264	1000000000	49.152	cc_split_swin_16h_proj_512_chained_fp8	cc_split_swin_16h_proj_512_chained_fp8
424	1	1788730539079698432	1788730539079790592	1000000000	92.16	cc_split_swin_16h_ffwd_512_chained_fp8	cc_split_swin_16h_ffwd_512_chained_fp8
425	1	1788730539079794688	1788730539079842816	1000000000	48.128	cc_split_swin_16h_ffwd_proj_512_chained_fp8	cc_split_swin_16h_ffwd_proj_512_chained_fp8
426	1	1788730539079846912	1788730539079955456	1000000000	108.544	cc_split_swin_16h_qkv_512_chained_fp8	cc_split_swin_16h_qkv_512_chained_fp8
427	1	1788730539079959552	1788730539080006656	1000000000	47.104	cc_split_swin_16h_proj_512_chained_fp8	cc_split_swin_16h_proj_512_chained_fp8
428	1	1788730539080010752	1788730539080101888	1000000000	91.136	cc_split_swin_16h_ffwd_512_chained_fp8	cc_split_swin_16h_ffwd_512_chained_fp8
429	1	1788730539080108288	1788730539080158208	1000000000	49.92	cc_split_swin_16h_ffwd_proj_512_chained_fp8	cc_split_swin_16h_ffwd_proj_512_chained_fp8
430	1	1788730539080162304	1788730539080249344	1000000000	87.04	cc_split_swin_16h_qkv_512_chained_fp8	cc_split_swin_16h_qkv_512_chained_fp8
431	1	1788730539080253440	1788730539080300544	1000000000	47.104	cc_split_swin_16h_proj_512_chained_fp8	cc_split_swin_16h_proj_512_chained_fp8
432	1	1788730539080304640	1788730539080395776	1000000000	91.136	cc_split_swin_16h_ffwd_512_chained_fp8	cc_split_swin_16h_ffwd_512_chained_fp8
433	1	1788730539080399872	1788730539080448000	1000000000	48.128	cc_split_swin_16h_ffwd_proj_512_chained_fp8	cc_split_swin_16h_ffwd_proj_512_chained_fp8
434	1	1788730539080452096	1788730539080562688	1000000000	110.592	cc_split_swin_16h_qkv_512_chained_fp8	cc_split_swin_16h_qkv_512_chained_fp8
435	1	1788730539080566784	1788730539080615936	1000000000	49.152	cc_split_swin_16h_proj_512_chained_fp8	cc_split_swin_16h_proj_512_chained_fp8
436	1	1788730539080620032	1788730539080712192	1000000000	92.16	cc_split_swin_16h_ffwd_512_chained_fp8	cc_split_swin_16h_ffwd_512_chained_fp8
437	1	1788730539080715264	1788730539080765440	1000000000	50.176	cc_split_swin_16h_ffwd_proj_512_chained_fp8	cc_split_swin_16h_ffwd_proj_512_chained_fp8
438	1	1788730539080769536	1788730539080878080	1000000000	108.544	cc_split_swin_16h_qkv_512_chained_fp8	cc_split_swin_16h_qkv_512_chained_fp8
439	1	1788730539080882176	1788730539080931328	1000000000	49.152	cc_split_swin_16h_proj_512_chained_fp8	cc_split_swin_16h_proj_512_chained_fp8
440	1	1788730539080938496	1788730539081030656	1000000000	92.16	cc_split_swin_16h_ffwd_512_chained_fp8	cc_split_swin_16h_ffwd_512_chained_fp8
441	1	1788730539081034752	1788730539081084928	1000000000	50.176	cc_split_swin_16h_ffwd_proj_512_chained_fp8	cc_split_swin_16h_ffwd_proj_512_chained_fp8
442	1	1788730539081089024	1788730539081198592	1000000000	109.568	cc_split_swin_16h_qkv_512_chained_fp8	cc_split_swin_16h_qkv_512_chained_fp8
443	1	1788730539081202688	1788730539081295872	1000000000	93.184	cc_split_swin_16h_proj_512_outview_wait_fp8	cc_split_swin_16h_proj_512_outview_wait_fp8
444	1	1788730539081299968	1788730539081664512	1000000000	364.544	cc_tinlayout_fused_swin_8h_256_8_upsample_tilesync_fp8	cc_tinlayout_fused_swin_8h_256_8_upsample_tilesync_fp8
445	1	1788730539081669632	1788730539082076160	1000000000	406.528	cc_tinlayout_fused_swin_8h_256_8_chained_fp8	cc_tinlayout_fused_swin_8h_256_8_chained_fp8
446	1	1788730539082080256	1788730539082477568	1000000000	397.312	cc_tinlayout_fused_swin_8h_256_8_chained_fp8	cc_tinlayout_fused_swin_8h_256_8_chained_fp8
447	1	1788730539082481664	1788730539083199488	1000000000	717.824	cc_tinlayout_fused_swin_8h_256_8_chained_fp8	cc_tinlayout_fused_swin_8h_256_8_chained_fp8
448	1	1788730539083204608	1788730539083769856	1000000000	565.248	cc_tinlayout_fused_swin_8h_256_8_chained_fp8	cc_tinlayout_fused_swin_8h_256_8_chained_fp8
449	1	1788730539083779072	1788730539084181504	1000000000	402.432	cc_tinlayout_fused_swin_8h_256_8_chained_fp8	cc_tinlayout_fused_swin_8h_256_8_chained_fp8
450	1	1788730539084188000	1788730539084582912	1000000000	394.912	cc_tinlayout_fused_swin_8h_256_8_chained_fp8	cc_tinlayout_fused_swin_8h_256_8_chained_fp8
451	1	1788730539084587008	1788730539084895232	1000000000	308.224	cc_tinlayout_fused_swin_8h_256_8_outview_wait_fp8	cc_tinlayout_fused_swin_8h_256_8_outview_wait_fp8
452	1	1788730539084899328	1788730539085316096	1000000000	416.768	cc_tinlayout_fused_swin_4h_128_4_upsample_tilesync_fp8	cc_tinlayout_fused_swin_4h_128_4_upsample_tilesync_fp8
453	1	1788730539085320192	1788730539085646848	1000000000	326.656	cc_tinlayout_fused_swin_4h_128_4_chained_fp8	cc_tinlayout_fused_swin_4h_128_4_chained_fp8
454	1	1788730539085650944	1788730539085965312	1000000000	314.368	cc_tinlayout_fused_swin_4h_128_4_chained_fp8	cc_tinlayout_fused_swin_4h_128_4_chained_fp8
455	1	1788730539085969408	1788730539086289920	1000000000	320.512	cc_tinlayout_fused_swin_4h_128_4_chained_fp8	cc_tinlayout_fused_swin_4h_128_4_chained_fp8
456	1	1788730539086294016	1788730539086615552	1000000000	321.536	cc_tinlayout_fused_swin_4h_128_4_chained_fp8	cc_tinlayout_fused_swin_4h_128_4_chained_fp8
457	1	1788730539086619648	1788730539086950400	1000000000	330.752	cc_tinlayout_fused_swin_4h_128_4_outview_wait_fp8	cc_tinlayout_fused_swin_4h_128_4_outview_wait_fp8
458	1	1788730539086954496	1788730539087664128	1000000000	709.632	cc_tinlayout_fused_swin_2h_64_2_upsample_tilesync_fp8	cc_tinlayout_fused_swin_2h_64_2_upsample_tilesync_fp8
459	1	1788730539087667200	1788730539088194560	1000000000	527.36	cc_tinlayout_fused_swin_2h_64_2_chained_fp8	cc_tinlayout_fused_swin_2h_64_2_chained_fp8
460	1	1788730539088198656	1788730539088694272	1000000000	495.616	cc_tinlayout_fused_swin_2h_64_2_chained_fp8	cc_tinlayout_fused_swin_2h_64_2_chained_fp8
461	1	1788730539088698368	1788730539089199104	1000000000	500.736	cc_tinlayout_fused_swin_2h_64_2_outview_wait_fp8	cc_tinlayout_fused_swin_2h_64_2_outview_wait_fp8
462	1	1788730539089203200	1788730539090468864	1000000000	1265.66	cc_tinlayout_fused_swin_1h_32_1_upsample_tilesync_fp8	cc_tinlayout_fused_swin_1h_32_1_upsample_tilesync_fp8
463	1	1788730539090472960	1788730539091312640	1000000000	839.68	cc_tinlayout_fused_swin_1h_32_1_chained_fp8	cc_tinlayout_fused_swin_1h_32_1_chained_fp8
464	1	1788730539091316736	1788730539092131840	1000000000	815.104	cc_tinlayout_fused_swin_1h_32_1_chained_fp8	cc_tinlayout_fused_swin_1h_32_1_chained_fp8
465	1	1788730539092135936	1788730539093180416	1000000000	1044.48	cc_tinlayout_fused_swin_1h_32_1_outview_wait_fp8	cc_tinlayout_fused_swin_1h_32_1_outview_wait_fp8
466	1	1788730539093184512	1788730539098423296	1000000000	5238.78	cc_tinlayout_fused_post_block_swin_1h_32_fp8	cc_tinlayout_fused_post_block_swin_1h_32_fp8
467	1	1788730539098427392	1788730539098467328	1000000000	39.936	cg2r_copy_kernel	cg2r_copy_kernel
468	1	1788730539288899584	1788730539288903680	1000000000	4.096	cc_cb_clear	cc_cb_clear
469	1	1788730539288907776	1788730539291856896	1000000000	2949.12	cc_tinlayout_fused_pre_block_swin_1h_32_1_ds_fp8	cc_tinlayout_fused_pre_block_swin_1h_32_1_ds_fp8
470	1	1788730539291860992	1788730539292603392	1000000000	742.4	cc_tinlayout_fused_swin_1h_32_1_inpview_tilesync_fp8	cc_tinlayout_fused_swin_1h_32_1_inpview_tilesync_fp8
471	1	1788730539292607488	1788730539293452288	1000000000	844.8	cc_tinlayout_fused_swin_1h_32_1_chained_fp8	cc_tinlayout_fused_swin_1h_32_1_chained_fp8
472	1	1788730539293456384	1788730539294272512	1000000000	816.128	cc_tinlayout_fused_swin_1h_32_1_chained_fp8	cc_tinlayout_fused_swin_1h_32_1_chained_fp8
473	1	1788730539294276608	1788730539295118336	1000000000	841.728	cc_tinlayout_fused_swin_1h_32_1_ds_wait_fp8	cc_tinlayout_fused_swin_1h_32_1_ds_wait_fp8
474	1	1788730539295122432	1788730539295623168	1000000000	500.736	cc_tinlayout_fused_swin_2h_64_2_inpview_tilesync_fp8	cc_tinlayout_fused_swin_2h_64_2_inpview_tilesync_fp8
475	1	1788730539295627264	1788730539296157696	1000000000	530.432	cc_tinlayout_fused_swin_2h_64_2_chained_fp8	cc_tinlayout_fused_swin_2h_64_2_chained_fp8
476	1	1788730539296161792	1788730539296656384	1000000000	494.592	cc_tinlayout_fused_swin_2h_64_2_chained_fp8	cc_tinlayout_fused_swin_2h_64_2_chained_fp8
477	1	1788730539296660480	1788730539297182720	1000000000	522.24	cc_tinlayout_fused_swin_2h_64_2_ds_wait_fp8	cc_tinlayout_fused_swin_2h_64_2_ds_wait_fp8
478	1	1788730539297186816	1788730539297517568	1000000000	330.752	cc_tinlayout_fused_swin_4h_128_4_inpview_tilesync_fp8	cc_tinlayout_fused_swin_4h_128_4_inpview_tilesync_fp8
479	1	1788730539297521664	1788730539297844224	1000000000	322.56	cc_tinlayout_fused_swin_4h_128_4_chained_fp8	cc_tinlayout_fused_swin_4h_128_4_chained_fp8
480	1	1788730539297848320	1788730539298167808	1000000000	319.488	cc_tinlayout_fused_swin_4h_128_4_chained_fp8	cc_tinlayout_fused_swin_4h_128_4_chained_fp8
481	1	1788730539298171904	1788730539298496512	1000000000	324.608	cc_tinlayout_fused_swin_4h_128_4_chained_fp8	cc_tinlayout_fused_swin_4h_128_4_chained_fp8
482	1	1788730539298500608	1788730539298819072	1000000000	318.464	cc_tinlayout_fused_swin_4h_128_4_chained_fp8	cc_tinlayout_fused_swin_4h_128_4_chained_fp8
483	1	1788730539298824192	1788730539299187712	1000000000	363.52	cc_tinlayout_fused_swin_4h_128_4_ds_wait_fp8	cc_tinlayout_fused_swin_4h_128_4_ds_wait_fp8
484	1	1788730539299191808	1788730539299517440	1000000000	325.632	cc_tinlayout_fused_swin_8h_256_8_inpview_tilesync_fp8	cc_tinlayout_fused_swin_8h_256_8_inpview_tilesync_fp8
485	1	1788730539299521536	1788730539299934208	1000000000	412.672	cc_tinlayout_fused_swin_8h_256_8_chained_fp8	cc_tinlayout_fused_swin_8h_256_8_chained_fp8
486	1	1788730539299938304	1788730539300332544	1000000000	394.24	cc_tinlayout_fused_swin_8h_256_8_chained_fp8	cc_tinlayout_fused_swin_8h_256_8_chained_fp8
487	1	1788730539300336640	1788730539300641792	1000000000	305.152	cc_tinlayout_fused_swin_8h_256_8_chained_fp8	cc_tinlayout_fused_swin_8h_256_8_chained_fp8
488	1	1788730539300645888	1788730539300961280	1000000000	315.392	cc_tinlayout_fused_swin_8h_256_8_chained_fp8	cc_tinlayout_fused_swin_8h_256_8_chained_fp8
489	1	1788730539300966400	1788730539301353472	1000000000	387.072	cc_tinlayout_fused_swin_8h_256_8_chained_fp8	cc_tinlayout_fused_swin_8h_256_8_chained_fp8
490	1	1788730539301357568	1788730539301748736	1000000000	391.168	cc_tinlayout_fused_swin_8h_256_8_chained_fp8	cc_tinlayout_fused_swin_8h_256_8_chained_fp8
491	1	1788730539301752832	1788730539302110208	1000000000	357.376	cc_tinlayout_fused_swin_8h_256_8_ds_wait_fp8	cc_tinlayout_fused_swin_8h_256_8_ds_wait_fp8
492	1	1788730539302114304	1788730539302207488	1000000000	93.184	cc_split_swin_16h_ffwd_inpview_512_tilesync_fp8	cc_split_swin_16h_ffwd_inpview_512_tilesync_fp8
493	1	1788730539302211584	1788730539302303744	1000000000	92.16	cc_split_swin_16h_ffwd_proj_inpview_512_chained_fp8	cc_split_swin_16h_ffwd_proj_inpview_512_chained_fp8
494	1	1788730539302307840	1788730539302396928	1000000000	89.088	cc_split_swin_16h_qkv_512_chained_fp8	cc_split_swin_16h_qkv_512_chained_fp8
495	1	1788730539302401024	1788730539302449152	1000000000	48.128	cc_split_swin_16h_proj_512_chained_fp8	cc_split_swin_16h_proj_512_chained_fp8
496	1	1788730539302453248	1788730539302544384	1000000000	91.136	cc_split_swin_16h_ffwd_512_chained_fp8	cc_split_swin_16h_ffwd_512_chained_fp8
497	1	1788730539302548480	1788730539302598656	1000000000	50.176	cc_split_swin_16h_ffwd_proj_512_chained_fp8	cc_split_swin_16h_ffwd_proj_512_chained_fp8
498	1	1788730539302602752	1788730539302711296	1000000000	108.544	cc_split_swin_16h_qkv_512_chained_fp8	cc_split_swin_16h_qkv_512_chained_fp8
499	1	1788730539302714368	1788730539302764544	1000000000	50.176	cc_split_swin_16h_proj_512_chained_fp8	cc_split_swin_16h_proj_512_chained_fp8
500	1	1788730539302768640	1788730539302860800	1000000000	92.16	cc_split_swin_16h_ffwd_512_chained_fp8	cc_split_swin_16h_ffwd_512_chained_fp8
501	1	1788730539302864896	1788730539302914048	1000000000	49.152	cc_split_swin_16h_ffwd_proj_512_chained_fp8	cc_split_swin_16h_ffwd_proj_512_chained_fp8
502	1	1788730539302918144	1788730539303026688	1000000000	108.544	cc_split_swin_16h_qkv_512_chained_fp8	cc_split_swin_16h_qkv_512_chained_fp8
503	1	1788730539303030784	1788730539303080960	1000000000	50.176	cc_split_swin_16h_proj_512_chained_fp8	cc_split_swin_16h_proj_512_chained_fp8
504	1	1788730539303085056	1788730539303176192	1000000000	91.136	cc_split_swin_16h_ffwd_512_chained_fp8	cc_split_swin_16h_ffwd_512_chained_fp8
505	1	1788730539303180288	1788730539303229440	1000000000	49.152	cc_split_swin_16h_ffwd_proj_512_chained_fp8	cc_split_swin_16h_ffwd_proj_512_chained_fp8
506	1	1788730539303233536	1788730539303342080	1000000000	108.544	cc_split_swin_16h_qkv_512_chained_fp8	cc_split_swin_16h_qkv_512_chained_fp8
507	1	1788730539303346176	1788730539303393280	1000000000	47.104	cc_split_swin_16h_proj_512_chained_fp8	cc_split_swin_16h_proj_512_chained_fp8
508	1	1788730539303397376	1788730539303488512	1000000000	91.136	cc_split_swin_16h_ffwd_512_chained_fp8	cc_split_swin_16h_ffwd_512_chained_fp8
509	1	1788730539303492608	1788730539303541760	1000000000	49.152	cc_split_swin_16h_ffwd_proj_512_chained_fp8	cc_split_swin_16h_ffwd_proj_512_chained_fp8
510	1	1788730539303545856	1788730539303632896	1000000000	87.04	cc_split_swin_16h_qkv_512_chained_fp8	cc_split_swin_16h_qkv_512_chained_fp8
511	1	1788730539303635968	1788730539303683072	1000000000	47.104	cc_split_swin_16h_proj_512_chained_fp8	cc_split_swin_16h_proj_512_chained_fp8
512	1	1788730539303687168	1788730539303779328	1000000000	92.16	cc_split_swin_16h_ffwd_512_chained_fp8	cc_split_swin_16h_ffwd_512_chained_fp8
513	1	1788730539303784768	1788730539303832576	1000000000	47.808	cc_split_swin_16h_ffwd_proj_512_chained_fp8	cc_split_swin_16h_ffwd_proj_512_chained_fp8
514	1	1788730539303836672	1788730539303946240	1000000000	109.568	cc_split_swin_16h_qkv_512_chained_fp8	cc_split_swin_16h_qkv_512_chained_fp8
515	1	1788730539303949312	1788730539303998464	1000000000	49.152	cc_split_swin_16h_proj_512_chained_fp8	cc_split_swin_16h_proj_512_chained_fp8
516	1	1788730539304002560	1788730539304093696	1000000000	91.136	cc_split_swin_16h_ffwd_512_chained_fp8	cc_split_swin_16h_ffwd_512_chained_fp8
517	1	1788730539304097792	1788730539304146944	1000000000	49.152	cc_split_swin_16h_ffwd_proj_512_chained_fp8	cc_split_swin_16h_ffwd_proj_512_chained_fp8
518	1	1788730539304151040	1788730539304258560	1000000000	107.52	cc_split_swin_16h_qkv_512_chained_fp8	cc_split_swin_16h_qkv_512_chained_fp8
519	1	1788730539304262656	1788730539304310784	1000000000	48.128	cc_split_swin_16h_proj_512_chained_fp8	cc_split_swin_16h_proj_512_chained_fp8
520	1	1788730539304314880	1788730539304407040	1000000000	92.16	cc_split_swin_16h_ffwd_512_chained_fp8	cc_split_swin_16h_ffwd_512_chained_fp8
521	1	1788730539304411136	1788730539304460288	1000000000	49.152	cc_split_swin_16h_ffwd_proj_512_chained_fp8	cc_split_swin_16h_ffwd_proj_512_chained_fp8
522	1	1788730539304464384	1788730539304570880	1000000000	106.496	cc_split_swin_16h_qkv_512_chained_fp8	cc_split_swin_16h_qkv_512_chained_fp8
523	1	1788730539304574976	1788730539304616960	1000000000	41.984	cc_split_swin_16h_proj_pool_512_chained_fp8	cc_split_swin_16h_proj_pool_512_chained_fp8
524	1	1788730539304621056	1788730539304649728	1000000000	28.672	cc_split_swin_16h_final_head_512_wait_fp8	cc_split_swin_16h_final_head_512_wait_fp8
525	1	1788730539304653824	1788730539304660992	1000000000	7.168	cc_vit_1d_repack_2d_to_1d_fp8	cc_vit_1d_repack_2d_to_1d_fp8
526	1	1788730539304665088	1788730539304838144	1000000000	173.056	cc_vit_1d_ffn_expand_publish_fp8	cc_vit_1d_ffn_expand_publish_fp8
527	1	1788730539304842240	1788730539304962048	1000000000	119.808	cc_vit_1d_ffn_contract_chained_fp8	cc_vit_1d_ffn_contract_chained_fp8
528	1	1788730539304966144	1788730539305065472	1000000000	99.328	cc_vit_1d_qkv_chained_fp8	cc_vit_1d_qkv_chained_fp8
529	1	1788730539305069568	1788730539305167872	1000000000	98.304	cc_vit_1d_attention_chained_fp8	cc_vit_1d_attention_chained_fp8
530	1	1788730539305171968	1788730539305219072	1000000000	47.104	cc_vit_1d_projection_chained_fp8	cc_vit_1d_projection_chained_fp8
531	1	1788730539305223168	1788730539305374720	1000000000	151.552	cc_vit_1d_ffn_expand_chained_fp8	cc_vit_1d_ffn_expand_chained_fp8
532	1	1788730539305379840	1788730539305497600	1000000000	117.76	cc_vit_1d_ffn_contract_chained_fp8	cc_vit_1d_ffn_contract_chained_fp8
533	1	1788730539305501696	1788730539305602048	1000000000	100.352	cc_vit_1d_qkv_chained_fp8	cc_vit_1d_qkv_chained_fp8
534	1	1788730539305606144	1788730539305704448	1000000000	98.304	cc_vit_1d_attention_chained_fp8	cc_vit_1d_attention_chained_fp8
535	1	1788730539305707520	1788730539305754624	1000000000	47.104	cc_vit_1d_projection_chained_fp8	cc_vit_1d_projection_chained_fp8
536	1	1788730539305758720	1788730539306287104	1000000000	528.384	cc_vit_1d_ffn_expand_chained_fp8	cc_vit_1d_ffn_expand_chained_fp8
537	1	1788730539306295296	1788730539306414080	1000000000	118.784	cc_vit_1d_ffn_contract_chained_fp8	cc_vit_1d_ffn_contract_chained_fp8
538	1	1788730539306418176	1788730539306516480	1000000000	98.304	cc_vit_1d_qkv_chained_fp8	cc_vit_1d_qkv_chained_fp8
539	1	1788730539306520576	1788730539306618880	1000000000	98.304	cc_vit_1d_attention_chained_fp8	cc_vit_1d_attention_chained_fp8
540	1	1788730539306622976	1788730539306670080	1000000000	47.104	cc_vit_1d_projection_chained_fp8	cc_vit_1d_projection_chained_fp8
541	1	1788730539306674176	1788730539307253760	1000000000	579.584	cc_vit_1d_ffn_expand_chained_fp8	cc_vit_1d_ffn_expand_chained_fp8
542	1	1788730539307259904	1788730539307376640	1000000000	116.736	cc_vit_1d_ffn_contract_chained_fp8	cc_vit_1d_ffn_contract_chained_fp8
543	1	1788730539307380736	1788730539307480064	1000000000	99.328	cc_vit_1d_qkv_chained_fp8	cc_vit_1d_qkv_chained_fp8
544	1	1788730539307484160	1788730539307582464	1000000000	98.304	cc_vit_1d_attention_chained_fp8	cc_vit_1d_attention_chained_fp8
545	1	1788730539307586560	1788730539307633664	1000000000	47.104	cc_vit_1d_projection_chained_fp8	cc_vit_1d_projection_chained_fp8
546	1	1788730539307637760	1788730539307793408	1000000000	155.648	cc_vit_1d_ffn_expand_chained_fp8	cc_vit_1d_ffn_expand_chained_fp8
547	1	1788730539307797504	1788730539307915264	1000000000	117.76	cc_vit_1d_ffn_contract_chained_fp8	cc_vit_1d_ffn_contract_chained_fp8
548	1	1788730539307919360	1788730539308018688	1000000000	99.328	cc_vit_1d_qkv_chained_fp8	cc_vit_1d_qkv_chained_fp8
549	1	1788730539308023808	1788730539308121088	1000000000	97.28	cc_vit_1d_attention_chained_fp8	cc_vit_1d_attention_chained_fp8
550	1	1788730539308125184	1788730539308172288	1000000000	47.104	cc_vit_1d_projection_chained_fp8	cc_vit_1d_projection_chained_fp8
551	1	1788730539308176384	1788730539308336128	1000000000	159.744	cc_vit_1d_ffn_expand_chained_fp8	cc_vit_1d_ffn_expand_chained_fp8
552	1	1788730539308340224	1788730539308457984	1000000000	117.76	cc_vit_1d_ffn_contract_chained_fp8	cc_vit_1d_ffn_contract_chained_fp8
553	1	1788730539308462080	1788730539308563456	1000000000	101.376	cc_vit_1d_qkv_chained_fp8	cc_vit_1d_qkv_chained_fp8
554	1	1788730539308567552	1788730539308664832	1000000000	97.28	cc_vit_1d_attention_chained_fp8	cc_vit_1d_attention_chained_fp8
555	1	1788730539308668928	1788730539308716032	1000000000	47.104	cc_vit_1d_projection_chained_fp8	cc_vit_1d_projection_chained_fp8
556	1	1788730539308720128	1788730539308875776	1000000000	155.648	cc_vit_1d_ffn_expand_chained_fp8	cc_vit_1d_ffn_expand_chained_fp8
557	1	1788730539308880896	1788730539308997632	1000000000	116.736	cc_vit_1d_ffn_contract_chained_fp8	cc_vit_1d_ffn_contract_chained_fp8
558	1	1788730539309002752	1788730539309102080	1000000000	99.328	cc_vit_1d_qkv_chained_fp8	cc_vit_1d_qkv_chained_fp8
559	1	1788730539309106176	1788730539309204480	1000000000	98.304	cc_vit_1d_attention_chained_fp8	cc_vit_1d_attention_chained_fp8
560	1	1788730539309208576	1788730539309255680	1000000000	47.104	cc_vit_1d_projection_chained_fp8	cc_vit_1d_projection_chained_fp8
561	1	1788730539309260800	1788730539309418496	1000000000	157.696	cc_vit_1d_ffn_expand_chained_fp8	cc_vit_1d_ffn_expand_chained_fp8
562	1	1788730539309422592	1788730539309541376	1000000000	118.784	cc_vit_1d_ffn_contract_chained_fp8	cc_vit_1d_ffn_contract_chained_fp8
563	1	1788730539309545472	1788730539309644800	1000000000	99.328	cc_vit_1d_qkv_chained_fp8	cc_vit_1d_qkv_chained_fp8
564	1	1788730539309648896	1788730539309747200	1000000000	98.304	cc_vit_1d_attention_chained_fp8	cc_vit_1d_attention_chained_fp8
565	1	1788730539309751296	1788730539309798400	1000000000	47.104	cc_vit_1d_projection_wait_fp8	cc_vit_1d_projection_wait_fp8
566	1	1788730539309802496	1788730539309809664	1000000000	7.168	cc_vit_1d_repack_1d_to_2d_fp8	cc_vit_1d_repack_1d_to_2d_fp8
567	1	1788730539309813760	1788730539309850624	1000000000	36.864	cc_dec_input_upsample_1024_512_tilesync_fp8	cc_dec_input_upsample_1024_512_tilesync_fp8
568	1	1788730539309854720	1788730539309945856	1000000000	91.136	cc_split_swin_16h_ffwd_512_chained_fp8	cc_split_swin_16h_ffwd_512_chained_fp8
569	1	1788730539309949952	1788730539309998080	1000000000	48.128	cc_split_swin_16h_ffwd_proj_512_chained_fp8	cc_split_swin_16h_ffwd_proj_512_chained_fp8
570	1	1788730539310002176	1788730539310088192	1000000000	86.016	cc_split_swin_16h_qkv_512_chained_fp8	cc_split_swin_16h_qkv_512_chained_fp8
571	1	1788730539310092288	1788730539310139392	1000000000	47.104	cc_split_swin_16h_proj_512_chained_fp8	cc_split_swin_16h_proj_512_chained_fp8
572	1	1788730539310143488	1788730539310233600	1000000000	90.112	cc_split_swin_16h_ffwd_512_chained_fp8	cc_split_swin_16h_ffwd_512_chained_fp8
573	1	1788730539310237696	1788730539310287872	1000000000	50.176	cc_split_swin_16h_ffwd_proj_512_chained_fp8	cc_split_swin_16h_ffwd_proj_512_chained_fp8
574	1	1788730539310292992	1788730539310401536	1000000000	108.544	cc_split_swin_16h_qkv_512_chained_fp8	cc_split_swin_16h_qkv_512_chained_fp8
575	1	1788730539310404608	1788730539310453760	1000000000	49.152	cc_split_swin_16h_proj_512_chained_fp8	cc_split_swin_16h_proj_512_chained_fp8
576	1	1788730539310457856	1788730539310548992	1000000000	91.136	cc_split_swin_16h_ffwd_512_chained_fp8	cc_split_swin_16h_ffwd_512_chained_fp8
577	1	1788730539310553088	1788730539310601216	1000000000	48.128	cc_split_swin_16h_ffwd_proj_512_chained_fp8	cc_split_swin_16h_ffwd_proj_512_chained_fp8
578	1	1788730539310606336	1788730539310712832	1000000000	106.496	cc_split_swin_16h_qkv_512_chained_fp8	cc_split_swin_16h_qkv_512_chained_fp8
579	1	1788730539310716928	1788730539310766080	1000000000	49.152	cc_split_swin_16h_proj_512_chained_fp8	cc_split_swin_16h_proj_512_chained_fp8
580	1	1788730539310770176	1788730539310861312	1000000000	91.136	cc_split_swin_16h_ffwd_512_chained_fp8	cc_split_swin_16h_ffwd_512_chained_fp8
581	1	1788730539310865408	1788730539310914560	1000000000	49.152	cc_split_swin_16h_ffwd_proj_512_chained_fp8	cc_split_swin_16h_ffwd_proj_512_chained_fp8
582	1	1788730539310918656	1788730539311026176	1000000000	107.52	cc_split_swin_16h_qkv_512_chained_fp8	cc_split_swin_16h_qkv_512_chained_fp8
583	1	1788730539311029248	1788730539311076352	1000000000	47.104	cc_split_swin_16h_proj_512_chained_fp8	cc_split_swin_16h_proj_512_chained_fp8
584	1	1788730539311080448	1788730539311171584	1000000000	91.136	cc_split_swin_16h_ffwd_512_chained_fp8	cc_split_swin_16h_ffwd_512_chained_fp8
585	1	1788730539311175680	1788730539311225856	1000000000	50.176	cc_split_swin_16h_ffwd_proj_512_chained_fp8	cc_split_swin_16h_ffwd_proj_512_chained_fp8
586	1	1788730539311229952	1788730539311316992	1000000000	87.04	cc_split_swin_16h_qkv_512_chained_fp8	cc_split_swin_16h_qkv_512_chained_fp8
587	1	1788730539311323136	1788730539311370240	1000000000	47.104	cc_split_swin_16h_proj_512_chained_fp8	cc_split_swin_16h_proj_512_chained_fp8
588	1	1788730539311374336	1788730539311466496	1000000000	92.16	cc_split_swin_16h_ffwd_512_chained_fp8	cc_split_swin_16h_ffwd_512_chained_fp8
589	1	1788730539311469568	1788730539311518720	1000000000	49.152	cc_split_swin_16h_ffwd_proj_512_chained_fp8	cc_split_swin_16h_ffwd_proj_512_chained_fp8
590	1	1788730539311522816	1788730539311631360	1000000000	108.544	cc_split_swin_16h_qkv_512_chained_fp8	cc_split_swin_16h_qkv_512_chained_fp8
591	1	1788730539311635456	1788730539311684608	1000000000	49.152	cc_split_swin_16h_proj_512_chained_fp8	cc_split_swin_16h_proj_512_chained_fp8
592	1	1788730539311688704	1788730539311780864	1000000000	92.16	cc_split_swin_16h_ffwd_512_chained_fp8	cc_split_swin_16h_ffwd_512_chained_fp8
593	1	1788730539311784960	1788730539311833088	1000000000	48.128	cc_split_swin_16h_ffwd_proj_512_chained_fp8	cc_split_swin_16h_ffwd_proj_512_chained_fp8
594	1	1788730539311837184	1788730539311945728	1000000000	108.544	cc_split_swin_16h_qkv_512_chained_fp8	cc_split_swin_16h_qkv_512_chained_fp8
595	1	1788730539311949824	1788730539311997952	1000000000	48.128	cc_split_swin_16h_proj_512_chained_fp8	cc_split_swin_16h_proj_512_chained_fp8
596	1	1788730539312002048	1788730539312094208	1000000000	92.16	cc_split_swin_16h_ffwd_512_chained_fp8	cc_split_swin_16h_ffwd_512_chained_fp8
597	1	1788730539312098304	1788730539312147456	1000000000	49.152	cc_split_swin_16h_ffwd_proj_512_chained_fp8	cc_split_swin_16h_ffwd_proj_512_chained_fp8
598	1	1788730539312152576	1788730539312259072	1000000000	106.496	cc_split_swin_16h_qkv_512_chained_fp8	cc_split_swin_16h_qkv_512_chained_fp8
599	1	1788730539312263168	1788730539312356352	1000000000	93.184	cc_split_swin_16h_proj_512_outview_wait_fp8	cc_split_swin_16h_proj_512_outview_wait_fp8
600	1	1788730539312361472	1788730539312724992	1000000000	363.52	cc_tinlayout_fused_swin_8h_256_8_upsample_tilesync_fp8	cc_tinlayout_fused_swin_8h_256_8_upsample_tilesync_fp8
601	1	1788730539312729088	1788730539313136640	1000000000	407.552	cc_tinlayout_fused_swin_8h_256_8_chained_fp8	cc_tinlayout_fused_swin_8h_256_8_chained_fp8
602	1	1788730539313140736	1788730539313538048	1000000000	397.312	cc_tinlayout_fused_swin_8h_256_8_chained_fp8	cc_tinlayout_fused_swin_8h_256_8_chained_fp8
603	1	1788730539313542144	1788730539313838080	1000000000	295.936	cc_tinlayout_fused_swin_8h_256_8_chained_fp8	cc_tinlayout_fused_swin_8h_256_8_chained_fp8
604	1	1788730539313842176	1788730539314154496	1000000000	312.32	cc_tinlayout_fused_swin_8h_256_8_chained_fp8	cc_tinlayout_fused_swin_8h_256_8_chained_fp8
605	1	1788730539314158592	1788730539314544640	1000000000	386.048	cc_tinlayout_fused_swin_8h_256_8_chained_fp8	cc_tinlayout_fused_swin_8h_256_8_chained_fp8
606	1	1788730539314548736	1788730539314936832	1000000000	388.096	cc_tinlayout_fused_swin_8h_256_8_chained_fp8	cc_tinlayout_fused_swin_8h_256_8_chained_fp8
607	1	1788730539314940928	1788730539315247104	1000000000	306.176	cc_tinlayout_fused_swin_8h_256_8_outview_wait_fp8	cc_tinlayout_fused_swin_8h_256_8_outview_wait_fp8
608	1	1788730539315251200	1788730539315671040	1000000000	419.84	cc_tinlayout_fused_swin_4h_128_4_upsample_tilesync_fp8	cc_tinlayout_fused_swin_4h_128_4_upsample_tilesync_fp8
609	1	1788730539315676160	1788730539316001792	1000000000	325.632	cc_tinlayout_fused_swin_4h_128_4_chained_fp8	cc_tinlayout_fused_swin_4h_128_4_chained_fp8
610	1	1788730539316005888	1788730539316318208	1000000000	312.32	cc_tinlayout_fused_swin_4h_128_4_chained_fp8	cc_tinlayout_fused_swin_4h_128_4_chained_fp8
611	1	1788730539316321280	1788730539316643840	1000000000	322.56	cc_tinlayout_fused_swin_4h_128_4_chained_fp8	cc_tinlayout_fused_swin_4h_128_4_chained_fp8
612	1	1788730539316647936	1788730539316968448	1000000000	320.512	cc_tinlayout_fused_swin_4h_128_4_chained_fp8	cc_tinlayout_fused_swin_4h_128_4_chained_fp8
613	1	1788730539316971520	1788730539317299200	1000000000	327.68	cc_tinlayout_fused_swin_4h_128_4_outview_wait_fp8	cc_tinlayout_fused_swin_4h_128_4_outview_wait_fp8
614	1	1788730539317303296	1788730539318016000	1000000000	712.704	cc_tinlayout_fused_swin_2h_64_2_upsample_tilesync_fp8	cc_tinlayout_fused_swin_2h_64_2_upsample_tilesync_fp8
615	1	1788730539318020096	1788730539318541312	1000000000	521.216	cc_tinlayout_fused_swin_2h_64_2_chained_fp8	cc_tinlayout_fused_swin_2h_64_2_chained_fp8
616	1	1788730539318545408	1788730539319037952	1000000000	492.544	cc_tinlayout_fused_swin_2h_64_2_chained_fp8	cc_tinlayout_fused_swin_2h_64_2_chained_fp8
617	1	1788730539319042048	1788730539319534592	1000000000	492.544	cc_tinlayout_fused_swin_2h_64_2_outview_wait_fp8	cc_tinlayout_fused_swin_2h_64_2_outview_wait_fp8
618	1	1788730539319537664	1788730539320805376	1000000000	1267.71	cc_tinlayout_fused_swin_1h_32_1_upsample_tilesync_fp8	cc_tinlayout_fused_swin_1h_32_1_upsample_tilesync_fp8
619	1	1788730539320809472	1788730539321643008	1000000000	833.536	cc_tinlayout_fused_swin_1h_32_1_chained_fp8	cc_tinlayout_fused_swin_1h_32_1_chained_fp8
620	1	1788730539321647104	1788730539322451968	1000000000	804.864	cc_tinlayout_fused_swin_1h_32_1_chained_fp8	cc_tinlayout_fused_swin_1h_32_1_chained_fp8
621	1	1788730539322456064	1788730539323493376	1000000000	1037.31	cc_tinlayout_fused_swin_1h_32_1_outview_wait_fp8	cc_tinlayout_fused_swin_1h_32_1_outview_wait_fp8
622	1	1788730539323497472	1788730539328780288	1000000000	5282.82	cc_tinlayout_fused_post_block_swin_1h_32_fp8	cc_tinlayout_fused_post_block_swin_1h_32_fp8
623	1	1788730539328784384	1788730539328824320	1000000000	39.936	cg2r_copy_kernel	cg2r_copy_kernel
624	1	1788730539518916608	1788730539518920704	1000000000	4.096	cc_cb_clear	cc_cb_clear
625	1	1788730539518924800	1788730539521865728	1000000000	2940.93	cc_tinlayout_fused_pre_block_swin_1h_32_1_ds_fp8	cc_tinlayout_fused_pre_block_swin_1h_32_1_ds_fp8
626	1	1788730539521869824	1788730539522597888	1000000000	728.064	cc_tinlayout_fused_swin_1h_32_1_inpview_tilesync_fp8	cc_tinlayout_fused_swin_1h_32_1_inpview_tilesync_fp8
627	1	1788730539522601984	1788730539523443712	1000000000	841.728	cc_tinlayout_fused_swin_1h_32_1_chained_fp8	cc_tinlayout_fused_swin_1h_32_1_chained_fp8
628	1	1788730539523447808	1788730539524272128	1000000000	824.32	cc_tinlayout_fused_swin_1h_32_1_chained_fp8	cc_tinlayout_fused_swin_1h_32_1_chained_fp8
629	1	1788730539524276224	1788730539525117952	1000000000	841.728	cc_tinlayout_fused_swin_1h_32_1_ds_wait_fp8	cc_tinlayout_fused_swin_1h_32_1_ds_wait_fp8
630	1	1788730539525122048	1788730539525617664	1000000000	495.616	cc_tinlayout_fused_swin_2h_64_2_inpview_tilesync_fp8	cc_tinlayout_fused_swin_2h_64_2_inpview_tilesync_fp8
631	1	1788730539525621760	1788730539526579200	1000000000	957.44	cc_tinlayout_fused_swin_2h_64_2_chained_fp8	cc_tinlayout_fused_swin_2h_64_2_chained_fp8
632	1	1788730539526584320	1788730539527523328	1000000000	939.008	cc_tinlayout_fused_swin_2h_64_2_chained_fp8	cc_tinlayout_fused_swin_2h_64_2_chained_fp8
633	1	1788730539527528448	1788730539528044544	1000000000	516.096	cc_tinlayout_fused_swin_2h_64_2_ds_wait_fp8	cc_tinlayout_fused_swin_2h_64_2_ds_wait_fp8
634	1	1788730539528049664	1788730539528382464	1000000000	332.8	cc_tinlayout_fused_swin_4h_128_4_inpview_tilesync_fp8	cc_tinlayout_fused_swin_4h_128_4_inpview_tilesync_fp8
635	1	1788730539528386560	1788730539528710144	1000000000	323.584	cc_tinlayout_fused_swin_4h_128_4_chained_fp8	cc_tinlayout_fused_swin_4h_128_4_chained_fp8
636	1	1788730539528714240	1788730539529033728	1000000000	319.488	cc_tinlayout_fused_swin_4h_128_4_chained_fp8	cc_tinlayout_fused_swin_4h_128_4_chained_fp8
637	1	1788730539529037824	1788730539529358336	1000000000	320.512	cc_tinlayout_fused_swin_4h_128_4_chained_fp8	cc_tinlayout_fused_swin_4h_128_4_chained_fp8
638	1	1788730539529362432	1788730539529679872	1000000000	317.44	cc_tinlayout_fused_swin_4h_128_4_chained_fp8	cc_tinlayout_fused_swin_4h_128_4_chained_fp8
639	1	1788730539529683968	1788730539530045440	1000000000	361.472	cc_tinlayout_fused_swin_4h_128_4_ds_wait_fp8	cc_tinlayout_fused_swin_4h_128_4_ds_wait_fp8
640	1	1788730539530049536	1788730539530379264	1000000000	329.728	cc_tinlayout_fused_swin_8h_256_8_inpview_tilesync_fp8	cc_tinlayout_fused_swin_8h_256_8_inpview_tilesync_fp8
641	1	1788730539530384384	1788730539530797056	1000000000	412.672	cc_tinlayout_fused_swin_8h_256_8_chained_fp8	cc_tinlayout_fused_swin_8h_256_8_chained_fp8
642	1	1788730539530801152	1788730539531195392	1000000000	394.24	cc_tinlayout_fused_swin_8h_256_8_chained_fp8	cc_tinlayout_fused_swin_8h_256_8_chained_fp8
643	1	1788730539531200512	1788730539531503616	1000000000	303.104	cc_tinlayout_fused_swin_8h_256_8_chained_fp8	cc_tinlayout_fused_swin_8h_256_8_chained_fp8
644	1	1788730539531506688	1788730539531822080	1000000000	315.392	cc_tinlayout_fused_swin_8h_256_8_chained_fp8	cc_tinlayout_fused_swin_8h_256_8_chained_fp8
645	1	1788730539531826176	1788730539532211200	1000000000	385.024	cc_tinlayout_fused_swin_8h_256_8_chained_fp8	cc_tinlayout_fused_swin_8h_256_8_chained_fp8
646	1	1788730539532215296	1788730539532605440	1000000000	390.144	cc_tinlayout_fused_swin_8h_256_8_chained_fp8	cc_tinlayout_fused_swin_8h_256_8_chained_fp8
647	1	1788730539532609536	1788730539532967936	1000000000	358.4	cc_tinlayout_fused_swin_8h_256_8_ds_wait_fp8	cc_tinlayout_fused_swin_8h_256_8_ds_wait_fp8
648	1	1788730539532972032	1788730539533065216	1000000000	93.184	cc_split_swin_16h_ffwd_inpview_512_tilesync_fp8	cc_split_swin_16h_ffwd_inpview_512_tilesync_fp8
649	1	1788730539533069312	1788730539533163520	1000000000	94.208	cc_split_swin_16h_ffwd_proj_inpview_512_chained_fp8	cc_split_swin_16h_ffwd_proj_inpview_512_chained_fp8
650	1	1788730539533167616	1788730539533256704	1000000000	89.088	cc_split_swin_16h_qkv_512_chained_fp8	cc_split_swin_16h_qkv_512_chained_fp8
651	1	1788730539533260800	1788730539533307904	1000000000	47.104	cc_split_swin_16h_proj_512_chained_fp8	cc_split_swin_16h_proj_512_chained_fp8
652	1	1788730539533312000	1788730539533403136	1000000000	91.136	cc_split_swin_16h_ffwd_512_chained_fp8	cc_split_swin_16h_ffwd_512_chained_fp8
653	1	1788730539533407232	1788730539533456384	1000000000	49.152	cc_split_swin_16h_ffwd_proj_512_chained_fp8	cc_split_swin_16h_ffwd_proj_512_chained_fp8
654	1	1788730539533460480	1788730539533568000	1000000000	107.52	cc_split_swin_16h_qkv_512_chained_fp8	cc_split_swin_16h_qkv_512_chained_fp8
655	1	1788730539533572096	1788730539533621248	1000000000	49.152	cc_split_swin_16h_proj_512_chained_fp8	cc_split_swin_16h_proj_512_chained_fp8
656	1	1788730539533625344	1788730539533718528	1000000000	93.184	cc_split_swin_16h_ffwd_512_chained_fp8	cc_split_swin_16h_ffwd_512_chained_fp8
657	1	1788730539533722624	1788730539533772800	1000000000	50.176	cc_split_swin_16h_ffwd_proj_512_chained_fp8	cc_split_swin_16h_ffwd_proj_512_chained_fp8
658	1	1788730539533777920	1788730539533885440	1000000000	107.52	cc_split_swin_16h_qkv_512_chained_fp8	cc_split_swin_16h_qkv_512_chained_fp8
659	1	1788730539533889536	1788730539533939712	1000000000	50.176	cc_split_swin_16h_proj_512_chained_fp8	cc_split_swin_16h_proj_512_chained_fp8
660	1	1788730539533943808	1788730539534035968	1000000000	92.16	cc_split_swin_16h_ffwd_512_chained_fp8	cc_split_swin_16h_ffwd_512_chained_fp8
661	1	1788730539534039040	1788730539534089216	1000000000	50.176	cc_split_swin_16h_ffwd_proj_512_chained_fp8	cc_split_swin_16h_ffwd_proj_512_chained_fp8
662	1	1788730539534093312	1788730539534201856	1000000000	108.544	cc_split_swin_16h_qkv_512_chained_fp8	cc_split_swin_16h_qkv_512_chained_fp8
663	1	1788730539534204928	1788730539534252032	1000000000	47.104	cc_split_swin_16h_proj_512_chained_fp8	cc_split_swin_16h_proj_512_chained_fp8
664	1	1788730539534256128	1788730539534348288	1000000000	92.16	cc_split_swin_16h_ffwd_512_chained_fp8	cc_split_swin_16h_ffwd_512_chained_fp8
665	1	1788730539534352384	1788730539534401536	1000000000	49.152	cc_split_swin_16h_ffwd_proj_512_chained_fp8	cc_split_swin_16h_ffwd_proj_512_chained_fp8
666	1	1788730539534405632	1788730539534492672	1000000000	87.04	cc_split_swin_16h_qkv_512_chained_fp8	cc_split_swin_16h_qkv_512_chained_fp8
667	1	1788730539534496768	1788730539534542848	1000000000	46.08	cc_split_swin_16h_proj_512_chained_fp8	cc_split_swin_16h_proj_512_chained_fp8
668	1	1788730539534546944	1788730539534639104	1000000000	92.16	cc_split_swin_16h_ffwd_512_chained_fp8	cc_split_swin_16h_ffwd_512_chained_fp8
669	1	1788730539534643200	1788730539534692352	1000000000	49.152	cc_split_swin_16h_ffwd_proj_512_chained_fp8	cc_split_swin_16h_ffwd_proj_512_chained_fp8
670	1	1788730539534696448	1788730539534807040	1000000000	110.592	cc_split_swin_16h_qkv_512_chained_fp8	cc_split_swin_16h_qkv_512_chained_fp8
671	1	1788730539534810112	1788730539534859264	1000000000	49.152	cc_split_swin_16h_proj_512_chained_fp8	cc_split_swin_16h_proj_512_chained_fp8
672	1	1788730539534863360	1788730539534955520	1000000000	92.16	cc_split_swin_16h_ffwd_512_chained_fp8	cc_split_swin_16h_ffwd_512_chained_fp8
673	1	1788730539534958592	1788730539535008768	1000000000	50.176	cc_split_swin_16h_ffwd_proj_512_chained_fp8	cc_split_swin_16h_ffwd_proj_512_chained_fp8
674	1	1788730539535012864	1788730539535121408	1000000000	108.544	cc_split_swin_16h_qkv_512_chained_fp8	cc_split_swin_16h_qkv_512_chained_fp8
675	1	1788730539535125504	1788730539535174656	1000000000	49.152	cc_split_swin_16h_proj_512_chained_fp8	cc_split_swin_16h_proj_512_chained_fp8
676	1	1788730539535178752	1788730539535270912	1000000000	92.16	cc_split_swin_16h_ffwd_512_chained_fp8	cc_split_swin_16h_ffwd_512_chained_fp8
677	1	1788730539535275008	1788730539535323136	1000000000	48.128	cc_split_swin_16h_ffwd_proj_512_chained_fp8	cc_split_swin_16h_ffwd_proj_512_chained_fp8
678	1	1788730539535327232	1788730539535435776	1000000000	108.544	cc_split_swin_16h_qkv_512_chained_fp8	cc_split_swin_16h_qkv_512_chained_fp8
679	1	1788730539535438848	1788730539535480832	1000000000	41.984	cc_split_swin_16h_proj_pool_512_chained_fp8	cc_split_swin_16h_proj_pool_512_chained_fp8
680	1	1788730539535484928	1788730539535514624	1000000000	29.696	cc_split_swin_16h_final_head_512_wait_fp8	cc_split_swin_16h_final_head_512_wait_fp8
681	1	1788730539535518720	1788730539535526912	1000000000	8.192	cc_vit_1d_repack_2d_to_1d_fp8	cc_vit_1d_repack_2d_to_1d_fp8
682	1	1788730539535529984	1788730539535723520	1000000000	193.536	cc_vit_1d_ffn_expand_publish_fp8	cc_vit_1d_ffn_expand_publish_fp8
683	1	1788730539535727616	1788730539535845376	1000000000	117.76	cc_vit_1d_ffn_contract_chained_fp8	cc_vit_1d_ffn_contract_chained_fp8
684	1	1788730539535850496	1788730539535950848	1000000000	100.352	cc_vit_1d_qkv_chained_fp8	cc_vit_1d_qkv_chained_fp8
685	1	1788730539535954944	1788730539536052224	1000000000	97.28	cc_vit_1d_attention_chained_fp8	cc_vit_1d_attention_chained_fp8
686	1	1788730539536056320	1788730539536103424	1000000000	47.104	cc_vit_1d_projection_chained_fp8	cc_vit_1d_projection_chained_fp8
687	1	1788730539536107520	1788730539536261120	1000000000	153.6	cc_vit_1d_ffn_expand_chained_fp8	cc_vit_1d_ffn_expand_chained_fp8
688	1	1788730539536265216	1788730539536382976	1000000000	117.76	cc_vit_1d_ffn_contract_chained_fp8	cc_vit_1d_ffn_contract_chained_fp8
689	1	1788730539536387072	1788730539536487424	1000000000	100.352	cc_vit_1d_qkv_chained_fp8	cc_vit_1d_qkv_chained_fp8
690	1	1788730539536492544	1788730539536589824	1000000000	97.28	cc_vit_1d_attention_chained_fp8	cc_vit_1d_attention_chained_fp8
691	1	1788730539536593920	1788730539536642048	1000000000	48.128	cc_vit_1d_projection_chained_fp8	cc_vit_1d_projection_chained_fp8
692	1	1788730539536645120	1788730539536796672	1000000000	151.552	cc_vit_1d_ffn_expand_chained_fp8	cc_vit_1d_ffn_expand_chained_fp8
693	1	1788730539536800768	1788730539536918528	1000000000	117.76	cc_vit_1d_ffn_contract_chained_fp8	cc_vit_1d_ffn_contract_chained_fp8
694	1	1788730539536923648	1788730539537022976	1000000000	99.328	cc_vit_1d_qkv_chained_fp8	cc_vit_1d_qkv_chained_fp8
695	1	1788730539537027072	1788730539537125376	1000000000	98.304	cc_vit_1d_attention_chained_fp8	cc_vit_1d_attention_chained_fp8
696	1	1788730539537129472	1788730539537176576	1000000000	47.104	cc_vit_1d_projection_chained_fp8	cc_vit_1d_projection_chained_fp8
697	1	1788730539537180672	1788730539537335296	1000000000	154.624	cc_vit_1d_ffn_expand_chained_fp8	cc_vit_1d_ffn_expand_chained_fp8
698	1	1788730539537339392	1788730539537457152	1000000000	117.76	cc_vit_1d_ffn_contract_chained_fp8	cc_vit_1d_ffn_contract_chained_fp8
699	1	1788730539537461248	1788730539537561600	1000000000	100.352	cc_vit_1d_qkv_chained_fp8	cc_vit_1d_qkv_chained_fp8
700	1	1788730539537565696	1788730539537664000	1000000000	98.304	cc_vit_1d_attention_chained_fp8	cc_vit_1d_attention_chained_fp8
701	1	1788730539537668096	1788730539537715200	1000000000	47.104	cc_vit_1d_projection_chained_fp8	cc_vit_1d_projection_chained_fp8
702	1	1788730539537719296	1788730539537872896	1000000000	153.6	cc_vit_1d_ffn_expand_chained_fp8	cc_vit_1d_ffn_expand_chained_fp8
703	1	1788730539537876992	1788730539537996800	1000000000	119.808	cc_vit_1d_ffn_contract_chained_fp8	cc_vit_1d_ffn_contract_chained_fp8
704	1	1788730539538000896	1788730539538101248	1000000000	100.352	cc_vit_1d_qkv_chained_fp8	cc_vit_1d_qkv_chained_fp8
705	1	1788730539538105344	1788730539538202624	1000000000	97.28	cc_vit_1d_attention_chained_fp8	cc_vit_1d_attention_chained_fp8
706	1	1788730539538206720	1788730539538253824	1000000000	47.104	cc_vit_1d_projection_chained_fp8	cc_vit_1d_projection_chained_fp8
707	1	1788730539538257920	1788730539538413568	1000000000	155.648	cc_vit_1d_ffn_expand_chained_fp8	cc_vit_1d_ffn_expand_chained_fp8
708	1	1788730539538417664	1788730539538538496	1000000000	120.832	cc_vit_1d_ffn_contract_chained_fp8	cc_vit_1d_ffn_contract_chained_fp8
709	1	1788730539538542592	1788730539538643968	1000000000	101.376	cc_vit_1d_qkv_chained_fp8	cc_vit_1d_qkv_chained_fp8
710	1	1788730539538648064	1788730539538746368	1000000000	98.304	cc_vit_1d_attention_chained_fp8	cc_vit_1d_attention_chained_fp8
711	1	1788730539538749440	1788730539538799616	1000000000	50.176	cc_vit_1d_projection_chained_fp8	cc_vit_1d_projection_chained_fp8
712	1	1788730539538805760	1788730539538959360	1000000000	153.6	cc_vit_1d_ffn_expand_chained_fp8	cc_vit_1d_ffn_expand_chained_fp8
713	1	1788730539538963456	1788730539539083264	1000000000	119.808	cc_vit_1d_ffn_contract_chained_fp8	cc_vit_1d_ffn_contract_chained_fp8
714	1	1788730539539087360	1788730539539185664	1000000000	98.304	cc_vit_1d_qkv_chained_fp8	cc_vit_1d_qkv_chained_fp8
715	1	1788730539539189760	1788730539539288064	1000000000	98.304	cc_vit_1d_attention_chained_fp8	cc_vit_1d_attention_chained_fp8
716	1	1788730539539292160	1788730539539340288	1000000000	48.128	cc_vit_1d_projection_chained_fp8	cc_vit_1d_projection_chained_fp8
717	1	1788730539539344384	1788730539539495936	1000000000	151.552	cc_vit_1d_ffn_expand_chained_fp8	cc_vit_1d_ffn_expand_chained_fp8
718	1	1788730539539500032	1788730539539617792	1000000000	117.76	cc_vit_1d_ffn_contract_chained_fp8	cc_vit_1d_ffn_contract_chained_fp8
719	1	1788730539539621888	1788730539539721216	1000000000	99.328	cc_vit_1d_qkv_chained_fp8	cc_vit_1d_qkv_chained_fp8
720	1	1788730539539725312	1788730539539822592	1000000000	97.28	cc_vit_1d_attention_chained_fp8	cc_vit_1d_attention_chained_fp8
721	1	1788730539539826688	1788730539539873792	1000000000	47.104	cc_vit_1d_projection_wait_fp8	cc_vit_1d_projection_wait_fp8
722	1	1788730539539877888	1788730539539885056	1000000000	7.168	cc_vit_1d_repack_1d_to_2d_fp8	cc_vit_1d_repack_1d_to_2d_fp8
723	1	1788730539539889152	1788730539539927040	1000000000	37.888	cc_dec_input_upsample_1024_512_tilesync_fp8	cc_dec_input_upsample_1024_512_tilesync_fp8
724	1	1788730539539931136	1788730539540022272	1000000000	91.136	cc_split_swin_16h_ffwd_512_chained_fp8	cc_split_swin_16h_ffwd_512_chained_fp8
725	1	1788730539540026368	1788730539540075520	1000000000	49.152	cc_split_swin_16h_ffwd_proj_512_chained_fp8	cc_split_swin_16h_ffwd_proj_512_chained_fp8
726	1	1788730539540079616	1788730539540165632	1000000000	86.016	cc_split_swin_16h_qkv_512_chained_fp8	cc_split_swin_16h_qkv_512_chained_fp8
727	1	1788730539540169728	1788730539540216832	1000000000	47.104	cc_split_swin_16h_proj_512_chained_fp8	cc_split_swin_16h_proj_512_chained_fp8
728	1	1788730539540220928	1788730539540313088	1000000000	92.16	cc_split_swin_16h_ffwd_512_chained_fp8	cc_split_swin_16h_ffwd_512_chained_fp8
729	1	1788730539540316160	1788730539540365312	1000000000	49.152	cc_split_swin_16h_ffwd_proj_512_chained_fp8	cc_split_swin_16h_ffwd_proj_512_chained_fp8
730	1	1788730539540369408	1788730539540478976	1000000000	109.568	cc_split_swin_16h_qkv_512_chained_fp8	cc_split_swin_16h_qkv_512_chained_fp8
731	1	1788730539540482048	1788730539540531200	1000000000	49.152	cc_split_swin_16h_proj_512_chained_fp8	cc_split_swin_16h_proj_512_chained_fp8
732	1	1788730539540535296	1788730539540626432	1000000000	91.136	cc_split_swin_16h_ffwd_512_chained_fp8	cc_split_swin_16h_ffwd_512_chained_fp8
733	1	1788730539540630528	1788730539540679680	1000000000	49.152	cc_split_swin_16h_ffwd_proj_512_chained_fp8	cc_split_swin_16h_ffwd_proj_512_chained_fp8
734	1	1788730539540683776	1788730539540791296	1000000000	107.52	cc_split_swin_16h_qkv_512_chained_fp8	cc_split_swin_16h_qkv_512_chained_fp8
735	1	1788730539540795392	1788730539540843520	1000000000	48.128	cc_split_swin_16h_proj_512_chained_fp8	cc_split_swin_16h_proj_512_chained_fp8
736	1	1788730539540847616	1788730539540939776	1000000000	92.16	cc_split_swin_16h_ffwd_512_chained_fp8	cc_split_swin_16h_ffwd_512_chained_fp8
737	1	1788730539540943872	1788730539540993024	1000000000	49.152	cc_split_swin_16h_ffwd_proj_512_chained_fp8	cc_split_swin_16h_ffwd_proj_512_chained_fp8
738	1	1788730539540997120	1788730539541106688	1000000000	109.568	cc_split_swin_16h_qkv_512_chained_fp8	cc_split_swin_16h_qkv_512_chained_fp8
739	1	1788730539541109760	1788730539541157888	1000000000	48.128	cc_split_swin_16h_proj_512_chained_fp8	cc_split_swin_16h_proj_512_chained_fp8
740	1	1788730539541160960	1788730539541253120	1000000000	92.16	cc_split_swin_16h_ffwd_512_chained_fp8	cc_split_swin_16h_ffwd_512_chained_fp8
741	1	1788730539541257216	1788730539541307392	1000000000	50.176	cc_split_swin_16h_ffwd_proj_512_chained_fp8	cc_split_swin_16h_ffwd_proj_512_chained_fp8
742	1	1788730539541311488	1788730539541398528	1000000000	87.04	cc_split_swin_16h_qkv_512_chained_fp8	cc_split_swin_16h_qkv_512_chained_fp8
743	1	1788730539541402624	1788730539541449728	1000000000	47.104	cc_split_swin_16h_proj_512_chained_fp8	cc_split_swin_16h_proj_512_chained_fp8
744	1	1788730539541453824	1788730539541544960	1000000000	91.136	cc_split_swin_16h_ffwd_512_chained_fp8	cc_split_swin_16h_ffwd_512_chained_fp8
745	1	1788730539541549056	1788730539541598208	1000000000	49.152	cc_split_swin_16h_ffwd_proj_512_chained_fp8	cc_split_swin_16h_ffwd_proj_512_chained_fp8
746	1	1788730539541603328	1788730539541712896	1000000000	109.568	cc_split_swin_16h_qkv_512_chained_fp8	cc_split_swin_16h_qkv_512_chained_fp8
747	1	1788730539541715968	1788730539541765120	1000000000	49.152	cc_split_swin_16h_proj_512_chained_fp8	cc_split_swin_16h_proj_512_chained_fp8
748	1	1788730539541769216	1788730539541861376	1000000000	92.16	cc_split_swin_16h_ffwd_512_chained_fp8	cc_split_swin_16h_ffwd_512_chained_fp8
749	1	1788730539541865472	1788730539541915648	1000000000	50.176	cc_split_swin_16h_ffwd_proj_512_chained_fp8	cc_split_swin_16h_ffwd_proj_512_chained_fp8
750	1	1788730539541919744	1788730539542028288	1000000000	108.544	cc_split_swin_16h_qkv_512_chained_fp8	cc_split_swin_16h_qkv_512_chained_fp8
751	1	1788730539542032384	1788730539542106112	1000000000	73.728	cc_split_swin_16h_proj_512_chained_fp8	cc_split_swin_16h_proj_512_chained_fp8
752	1	1788730539542113280	1788730539542205440	1000000000	92.16	cc_split_swin_16h_ffwd_512_chained_fp8	cc_split_swin_16h_ffwd_512_chained_fp8
753	1	1788730539542209536	1788730539542258688	1000000000	49.152	cc_split_swin_16h_ffwd_proj_512_chained_fp8	cc_split_swin_16h_ffwd_proj_512_chained_fp8
754	1	1788730539542262784	1788730539542370304	1000000000	107.52	cc_split_swin_16h_qkv_512_chained_fp8	cc_split_swin_16h_qkv_512_chained_fp8
755	1	1788730539542374400	1788730539542470656	1000000000	96.256	cc_split_swin_16h_proj_512_outview_wait_fp8	cc_split_swin_16h_proj_512_outview_wait_fp8
756	1	1788730539542475776	1788730539542840320	1000000000	364.544	cc_tinlayout_fused_swin_8h_256_8_upsample_tilesync_fp8	cc_tinlayout_fused_swin_8h_256_8_upsample_tilesync_fp8
757	1	1788730539542844416	1788730539543252992	1000000000	408.576	cc_tinlayout_fused_swin_8h_256_8_chained_fp8	cc_tinlayout_fused_swin_8h_256_8_chained_fp8
758	1	1788730539543257088	1788730539543659520	1000000000	402.432	cc_tinlayout_fused_swin_8h_256_8_chained_fp8	cc_tinlayout_fused_swin_8h_256_8_chained_fp8
759	1	1788730539543663616	1788730539543963648	1000000000	300.032	cc_tinlayout_fused_swin_8h_256_8_chained_fp8	cc_tinlayout_fused_swin_8h_256_8_chained_fp8
760	1	1788730539543968768	1788730539544284160	1000000000	315.392	cc_tinlayout_fused_swin_8h_256_8_chained_fp8	cc_tinlayout_fused_swin_8h_256_8_chained_fp8
761	1	1788730539544288256	1788730539544672256	1000000000	384	cc_tinlayout_fused_swin_8h_256_8_chained_fp8	cc_tinlayout_fused_swin_8h_256_8_chained_fp8
762	1	1788730539544676352	1788730539545073664	1000000000	397.312	cc_tinlayout_fused_swin_8h_256_8_chained_fp8	cc_tinlayout_fused_swin_8h_256_8_chained_fp8
763	1	1788730539545077760	1788730539545385984	1000000000	308.224	cc_tinlayout_fused_swin_8h_256_8_outview_wait_fp8	cc_tinlayout_fused_swin_8h_256_8_outview_wait_fp8
764	1	1788730539545390080	1788730539545808896	1000000000	418.816	cc_tinlayout_fused_swin_4h_128_4_upsample_tilesync_fp8	cc_tinlayout_fused_swin_4h_128_4_upsample_tilesync_fp8
765	1	1788730539545812992	1788730539546141696	1000000000	328.704	cc_tinlayout_fused_swin_4h_128_4_chained_fp8	cc_tinlayout_fused_swin_4h_128_4_chained_fp8
766	1	1788730539546145792	1788730539546460160	1000000000	314.368	cc_tinlayout_fused_swin_4h_128_4_chained_fp8	cc_tinlayout_fused_swin_4h_128_4_chained_fp8
767	1	1788730539546464256	1788730539546784768	1000000000	320.512	cc_tinlayout_fused_swin_4h_128_4_chained_fp8	cc_tinlayout_fused_swin_4h_128_4_chained_fp8
768	1	1788730539546788864	1788730539547109376	1000000000	320.512	cc_tinlayout_fused_swin_4h_128_4_chained_fp8	cc_tinlayout_fused_swin_4h_128_4_chained_fp8
769	1	1788730539547113472	1788730539547442176	1000000000	328.704	cc_tinlayout_fused_swin_4h_128_4_outview_wait_fp8	cc_tinlayout_fused_swin_4h_128_4_outview_wait_fp8
770	1	1788730539547446272	1788730539548154880	1000000000	708.608	cc_tinlayout_fused_swin_2h_64_2_upsample_tilesync_fp8	cc_tinlayout_fused_swin_2h_64_2_upsample_tilesync_fp8
771	1	1788730539548158976	1788730539548682240	1000000000	523.264	cc_tinlayout_fused_swin_2h_64_2_chained_fp8	cc_tinlayout_fused_swin_2h_64_2_chained_fp8
772	1	1788730539548685312	1788730539549176832	1000000000	491.52	cc_tinlayout_fused_swin_2h_64_2_chained_fp8	cc_tinlayout_fused_swin_2h_64_2_chained_fp8
773	1	1788730539549179904	1788730539549682688	1000000000	502.784	cc_tinlayout_fused_swin_2h_64_2_outview_wait_fp8	cc_tinlayout_fused_swin_2h_64_2_outview_wait_fp8
774	1	1788730539549685760	1788730539550953472	1000000000	1267.71	cc_tinlayout_fused_swin_1h_32_1_upsample_tilesync_fp8	cc_tinlayout_fused_swin_1h_32_1_upsample_tilesync_fp8
775	1	1788730539550957568	1788730539551790080	1000000000	832.512	cc_tinlayout_fused_swin_1h_32_1_chained_fp8	cc_tinlayout_fused_swin_1h_32_1_chained_fp8
776	1	1788730539551794176	1788730539552606208	1000000000	812.032	cc_tinlayout_fused_swin_1h_32_1_chained_fp8	cc_tinlayout_fused_swin_1h_32_1_chained_fp8
777	1	1788730539552609280	1788730539553650688	1000000000	1041.41	cc_tinlayout_fused_swin_1h_32_1_outview_wait_fp8	cc_tinlayout_fused_swin_1h_32_1_outview_wait_fp8
778	1	1788730539553654784	1788730539559585792	1000000000	5931.01	cc_tinlayout_fused_post_block_swin_1h_32_fp8	cc_tinlayout_fused_post_block_swin_1h_32_fp8
779	1	1788730539559590912	1788730539559631872	1000000000	40.96	cg2r_copy_kernel	cg2r_copy_kernel
780	1	1788730539747814400	1788730539747818496	1000000000	4.096	cc_cb_clear	cc_cb_clear
781	1	1788730539747822592	1788730539750759424	1000000000	2936.83	cc_tinlayout_fused_pre_block_swin_1h_32_1_ds_fp8	cc_tinlayout_fused_pre_block_swin_1h_32_1_ds_fp8
782	1	1788730539750763520	1788730539751498752	1000000000	735.232	cc_tinlayout_fused_swin_1h_32_1_inpview_tilesync_fp8	cc_tinlayout_fused_swin_1h_32_1_inpview_tilesync_fp8
783	1	1788730539751502848	1788730539752355840	1000000000	852.992	cc_tinlayout_fused_swin_1h_32_1_chained_fp8	cc_tinlayout_fused_swin_1h_32_1_chained_fp8
784	1	1788730539752361984	1788730539753193472	1000000000	831.488	cc_tinlayout_fused_swin_1h_32_1_chained_fp8	cc_tinlayout_fused_swin_1h_32_1_chained_fp8
785	1	1788730539753197568	1788730539754042368	1000000000	844.8	cc_tinlayout_fused_swin_1h_32_1_ds_wait_fp8	cc_tinlayout_fused_swin_1h_32_1_ds_wait_fp8
786	1	1788730539754046464	1788730539754543104	1000000000	496.64	cc_tinlayout_fused_swin_2h_64_2_inpview_tilesync_fp8	cc_tinlayout_fused_swin_2h_64_2_inpview_tilesync_fp8
787	1	1788730539754547200	1788730539755069440	1000000000	522.24	cc_tinlayout_fused_swin_2h_64_2_chained_fp8	cc_tinlayout_fused_swin_2h_64_2_chained_fp8
788	1	1788730539755073536	1788730539755566080	1000000000	492.544	cc_tinlayout_fused_swin_2h_64_2_chained_fp8	cc_tinlayout_fused_swin_2h_64_2_chained_fp8
789	1	1788730539755570176	1788730539756093440	1000000000	523.264	cc_tinlayout_fused_swin_2h_64_2_ds_wait_fp8	cc_tinlayout_fused_swin_2h_64_2_ds_wait_fp8
790	1	1788730539756097536	1788730539756435456	1000000000	337.92	cc_tinlayout_fused_swin_4h_128_4_inpview_tilesync_fp8	cc_tinlayout_fused_swin_4h_128_4_inpview_tilesync_fp8
791	1	1788730539756439552	1788730539756766208	1000000000	326.656	cc_tinlayout_fused_swin_4h_128_4_chained_fp8	cc_tinlayout_fused_swin_4h_128_4_chained_fp8
792	1	1788730539756770304	1788730539757090816	1000000000	320.512	cc_tinlayout_fused_swin_4h_128_4_chained_fp8	cc_tinlayout_fused_swin_4h_128_4_chained_fp8
793	1	1788730539757094912	1788730539757419520	1000000000	324.608	cc_tinlayout_fused_swin_4h_128_4_chained_fp8	cc_tinlayout_fused_swin_4h_128_4_chained_fp8
794	1	1788730539757423616	1788730539758120960	1000000000	697.344	cc_tinlayout_fused_swin_4h_128_4_chained_fp8	cc_tinlayout_fused_swin_4h_128_4_chained_fp8
795	1	1788730539758129152	1788730539758495744	1000000000	366.592	cc_tinlayout_fused_swin_4h_128_4_ds_wait_fp8	cc_tinlayout_fused_swin_4h_128_4_ds_wait_fp8
796	1	1788730539758499840	1788730539759234048	1000000000	734.208	cc_tinlayout_fused_swin_8h_256_8_inpview_tilesync_fp8	cc_tinlayout_fused_swin_8h_256_8_inpview_tilesync_fp8
797	1	1788730539759239168	1788730539759650816	1000000000	411.648	cc_tinlayout_fused_swin_8h_256_8_chained_fp8	cc_tinlayout_fused_swin_8h_256_8_chained_fp8
798	1	1788730539759654912	1788730539760047104	1000000000	392.192	cc_tinlayout_fused_swin_8h_256_8_chained_fp8	cc_tinlayout_fused_swin_8h_256_8_chained_fp8
799	1	1788730539760051200	1788730539760357376	1000000000	306.176	cc_tinlayout_fused_swin_8h_256_8_chained_fp8	cc_tinlayout_fused_swin_8h_256_8_chained_fp8
800	1	1788730539760360448	1788730539760675840	1000000000	315.392	cc_tinlayout_fused_swin_8h_256_8_chained_fp8	cc_tinlayout_fused_swin_8h_256_8_chained_fp8
801	1	1788730539760679936	1788730539761063936	1000000000	384	cc_tinlayout_fused_swin_8h_256_8_chained_fp8	cc_tinlayout_fused_swin_8h_256_8_chained_fp8
802	1	1788730539761068032	1788730539761457152	1000000000	389.12	cc_tinlayout_fused_swin_8h_256_8_chained_fp8	cc_tinlayout_fused_swin_8h_256_8_chained_fp8
803	1	1788730539761461248	1788730539761817600	1000000000	356.352	cc_tinlayout_fused_swin_8h_256_8_ds_wait_fp8	cc_tinlayout_fused_swin_8h_256_8_ds_wait_fp8
804	1	1788730539761821696	1788730539761915904	1000000000	94.208	cc_split_swin_16h_ffwd_inpview_512_tilesync_fp8	cc_split_swin_16h_ffwd_inpview_512_tilesync_fp8
805	1	1788730539761920000	1788730539762009088	1000000000	89.088	cc_split_swin_16h_ffwd_proj_inpview_512_chained_fp8	cc_split_swin_16h_ffwd_proj_inpview_512_chained_fp8
806	1	1788730539762013184	1788730539762101248	1000000000	88.064	cc_split_swin_16h_qkv_512_chained_fp8	cc_split_swin_16h_qkv_512_chained_fp8
807	1	1788730539762105344	1788730539762152448	1000000000	47.104	cc_split_swin_16h_proj_512_chained_fp8	cc_split_swin_16h_proj_512_chained_fp8
808	1	1788730539762156544	1788730539762247680	1000000000	91.136	cc_split_swin_16h_ffwd_512_chained_fp8	cc_split_swin_16h_ffwd_512_chained_fp8
809	1	1788730539762250752	1788730539762299904	1000000000	49.152	cc_split_swin_16h_ffwd_proj_512_chained_fp8	cc_split_swin_16h_ffwd_proj_512_chained_fp8
810	1	1788730539762304000	1788730539762412544	1000000000	108.544	cc_split_swin_16h_qkv_512_chained_fp8	cc_split_swin_16h_qkv_512_chained_fp8
811	1	1788730539762415616	1788730539762464768	1000000000	49.152	cc_split_swin_16h_proj_512_chained_fp8	cc_split_swin_16h_proj_512_chained_fp8
812	1	1788730539762468864	1788730539762561024	1000000000	92.16	cc_split_swin_16h_ffwd_512_chained_fp8	cc_split_swin_16h_ffwd_512_chained_fp8
813	1	1788730539762565120	1788730539762614272	1000000000	49.152	cc_split_swin_16h_ffwd_proj_512_chained_fp8	cc_split_swin_16h_ffwd_proj_512_chained_fp8
814	1	1788730539762618368	1788730539762725888	1000000000	107.52	cc_split_swin_16h_qkv_512_chained_fp8	cc_split_swin_16h_qkv_512_chained_fp8
815	1	1788730539762731008	1788730539762781184	1000000000	50.176	cc_split_swin_16h_proj_512_chained_fp8	cc_split_swin_16h_proj_512_chained_fp8
816	1	1788730539762785280	1788730539762876416	1000000000	91.136	cc_split_swin_16h_ffwd_512_chained_fp8	cc_split_swin_16h_ffwd_512_chained_fp8
817	1	1788730539762880512	1788730539762929664	1000000000	49.152	cc_split_swin_16h_ffwd_proj_512_chained_fp8	cc_split_swin_16h_ffwd_proj_512_chained_fp8
818	1	1788730539762934784	1788730539763042304	1000000000	107.52	cc_split_swin_16h_qkv_512_chained_fp8	cc_split_swin_16h_qkv_512_chained_fp8
819	1	1788730539763046400	1788730539763093504	1000000000	47.104	cc_split_swin_16h_proj_512_chained_fp8	cc_split_swin_16h_proj_512_chained_fp8
820	1	1788730539763097600	1788730539763188736	1000000000	91.136	cc_split_swin_16h_ffwd_512_chained_fp8	cc_split_swin_16h_ffwd_512_chained_fp8
821	1	1788730539763192832	1788730539763241984	1000000000	49.152	cc_split_swin_16h_ffwd_proj_512_chained_fp8	cc_split_swin_16h_ffwd_proj_512_chained_fp8
822	1	1788730539763246080	1788730539763333120	1000000000	87.04	cc_split_swin_16h_qkv_512_chained_fp8	cc_split_swin_16h_qkv_512_chained_fp8
823	1	1788730539763337216	1788730539763384320	1000000000	47.104	cc_split_swin_16h_proj_512_chained_fp8	cc_split_swin_16h_proj_512_chained_fp8
824	1	1788730539763388416	1788730539763480576	1000000000	92.16	cc_split_swin_16h_ffwd_512_chained_fp8	cc_split_swin_16h_ffwd_512_chained_fp8
825	1	1788730539763483648	1788730539763532800	1000000000	49.152	cc_split_swin_16h_ffwd_proj_512_chained_fp8	cc_split_swin_16h_ffwd_proj_512_chained_fp8
826	1	1788730539763537920	1788730539763645440	1000000000	107.52	cc_split_swin_16h_qkv_512_chained_fp8	cc_split_swin_16h_qkv_512_chained_fp8
827	1	1788730539763649536	1788730539763697664	1000000000	48.128	cc_split_swin_16h_proj_512_chained_fp8	cc_split_swin_16h_proj_512_chained_fp8
828	1	1788730539763701760	1788730539763792896	1000000000	91.136	cc_split_swin_16h_ffwd_512_chained_fp8	cc_split_swin_16h_ffwd_512_chained_fp8
829	1	1788730539763796992	1788730539763846144	1000000000	49.152	cc_split_swin_16h_ffwd_proj_512_chained_fp8	cc_split_swin_16h_ffwd_proj_512_chained_fp8
830	1	1788730539763850240	1788730539763957760	1000000000	107.52	cc_split_swin_16h_qkv_512_chained_fp8	cc_split_swin_16h_qkv_512_chained_fp8
831	1	1788730539763961856	1788730539764009984	1000000000	48.128	cc_split_swin_16h_proj_512_chained_fp8	cc_split_swin_16h_proj_512_chained_fp8
832	1	1788730539764014080	1788730539764105216	1000000000	91.136	cc_split_swin_16h_ffwd_512_chained_fp8	cc_split_swin_16h_ffwd_512_chained_fp8
833	1	1788730539764109312	1788730539764159488	1000000000	50.176	cc_split_swin_16h_ffwd_proj_512_chained_fp8	cc_split_swin_16h_ffwd_proj_512_chained_fp8
834	1	1788730539764163584	1788730539764270080	1000000000	106.496	cc_split_swin_16h_qkv_512_chained_fp8	cc_split_swin_16h_qkv_512_chained_fp8
835	1	1788730539764274176	1788730539764316160	1000000000	41.984	cc_split_swin_16h_proj_pool_512_chained_fp8	cc_split_swin_16h_proj_pool_512_chained_fp8
836	1	1788730539764319232	1788730539764349952	1000000000	30.72	cc_split_swin_16h_final_head_512_wait_fp8	cc_split_swin_16h_final_head_512_wait_fp8
837	1	1788730539764354048	1788730539764361216	1000000000	7.168	cc_vit_1d_repack_2d_to_1d_fp8	cc_vit_1d_repack_2d_to_1d_fp8
838	1	1788730539764365312	1788730539764538368	1000000000	173.056	cc_vit_1d_ffn_expand_publish_fp8	cc_vit_1d_ffn_expand_publish_fp8
839	1	1788730539764542464	1788730539764660224	1000000000	117.76	cc_vit_1d_ffn_contract_chained_fp8	cc_vit_1d_ffn_contract_chained_fp8
840	1	1788730539764664320	1788730539764764672	1000000000	100.352	cc_vit_1d_qkv_chained_fp8	cc_vit_1d_qkv_chained_fp8
841	1	1788730539764768768	1788730539764867072	1000000000	98.304	cc_vit_1d_attention_chained_fp8	cc_vit_1d_attention_chained_fp8
842	1	1788730539764871168	1788730539764918272	1000000000	47.104	cc_vit_1d_projection_chained_fp8	cc_vit_1d_projection_chained_fp8
843	1	1788730539764922368	1788730539765076992	1000000000	154.624	cc_vit_1d_ffn_expand_chained_fp8	cc_vit_1d_ffn_expand_chained_fp8
844	1	1788730539765081088	1788730539765198848	1000000000	117.76	cc_vit_1d_ffn_contract_chained_fp8	cc_vit_1d_ffn_contract_chained_fp8
845	1	1788730539765202944	1788730539765303296	1000000000	100.352	cc_vit_1d_qkv_chained_fp8	cc_vit_1d_qkv_chained_fp8
846	1	1788730539765307392	1788730539765405696	1000000000	98.304	cc_vit_1d_attention_chained_fp8	cc_vit_1d_attention_chained_fp8
847	1	1788730539765408768	1788730539765455872	1000000000	47.104	cc_vit_1d_projection_chained_fp8	cc_vit_1d_projection_chained_fp8
848	1	1788730539765459968	1788730539765614592	1000000000	154.624	cc_vit_1d_ffn_expand_chained_fp8	cc_vit_1d_ffn_expand_chained_fp8
849	1	1788730539765618688	1788730539765736448	1000000000	117.76	cc_vit_1d_ffn_contract_chained_fp8	cc_vit_1d_ffn_contract_chained_fp8
850	1	1788730539765740544	1788730539765839872	1000000000	99.328	cc_vit_1d_qkv_chained_fp8	cc_vit_1d_qkv_chained_fp8
851	1	1788730539765843968	1788730539765942272	1000000000	98.304	cc_vit_1d_attention_chained_fp8	cc_vit_1d_attention_chained_fp8
852	1	1788730539765946368	1788730539765993472	1000000000	47.104	cc_vit_1d_projection_chained_fp8	cc_vit_1d_projection_chained_fp8
853	1	1788730539765997568	1788730539766156288	1000000000	158.72	cc_vit_1d_ffn_expand_chained_fp8	cc_vit_1d_ffn_expand_chained_fp8
854	1	1788730539766160384	1788730539766276096	1000000000	115.712	cc_vit_1d_ffn_contract_chained_fp8	cc_vit_1d_ffn_contract_chained_fp8
855	1	1788730539766280192	1788730539766380544	1000000000	100.352	cc_vit_1d_qkv_chained_fp8	cc_vit_1d_qkv_chained_fp8
856	1	1788730539766384640	1788730539766481920	1000000000	97.28	cc_vit_1d_attention_chained_fp8	cc_vit_1d_attention_chained_fp8
857	1	1788730539766486016	1788730539766534144	1000000000	48.128	cc_vit_1d_projection_chained_fp8	cc_vit_1d_projection_chained_fp8
858	1	1788730539766538240	1788730539766695936	1000000000	157.696	cc_vit_1d_ffn_expand_chained_fp8	cc_vit_1d_ffn_expand_chained_fp8
859	1	1788730539766700032	1788730539766818816	1000000000	118.784	cc_vit_1d_ffn_contract_chained_fp8	cc_vit_1d_ffn_contract_chained_fp8
860	1	1788730539766822912	1788730539766924288	1000000000	101.376	cc_vit_1d_qkv_chained_fp8	cc_vit_1d_qkv_chained_fp8
861	1	1788730539766928384	1788730539767026688	1000000000	98.304	cc_vit_1d_attention_chained_fp8	cc_vit_1d_attention_chained_fp8
862	1	1788730539767030784	1788730539767078912	1000000000	48.128	cc_vit_1d_projection_chained_fp8	cc_vit_1d_projection_chained_fp8
863	1	1788730539767083008	1788730539767239680	1000000000	156.672	cc_vit_1d_ffn_expand_chained_fp8	cc_vit_1d_ffn_expand_chained_fp8
864	1	1788730539767243776	1788730539767362560	1000000000	118.784	cc_vit_1d_ffn_contract_chained_fp8	cc_vit_1d_ffn_contract_chained_fp8
865	1	1788730539767366656	1788730539767467008	1000000000	100.352	cc_vit_1d_qkv_chained_fp8	cc_vit_1d_qkv_chained_fp8
866	1	1788730539767471104	1788730539767568384	1000000000	97.28	cc_vit_1d_attention_chained_fp8	cc_vit_1d_attention_chained_fp8
867	1	1788730539767572480	1788730539767620608	1000000000	48.128	cc_vit_1d_projection_chained_fp8	cc_vit_1d_projection_chained_fp8
868	1	1788730539767624704	1788730539767784448	1000000000	159.744	cc_vit_1d_ffn_expand_chained_fp8	cc_vit_1d_ffn_expand_chained_fp8
869	1	1788730539767788544	1788730539767904256	1000000000	115.712	cc_vit_1d_ffn_contract_chained_fp8	cc_vit_1d_ffn_contract_chained_fp8
870	1	1788730539767908352	1788730539768008704	1000000000	100.352	cc_vit_1d_qkv_chained_fp8	cc_vit_1d_qkv_chained_fp8
871	1	1788730539768012800	1788730539768111104	1000000000	98.304	cc_vit_1d_attention_chained_fp8	cc_vit_1d_attention_chained_fp8
872	1	1788730539768115200	1788730539768161280	1000000000	46.08	cc_vit_1d_projection_chained_fp8	cc_vit_1d_projection_chained_fp8
873	1	1788730539768166400	1788730539768325120	1000000000	158.72	cc_vit_1d_ffn_expand_chained_fp8	cc_vit_1d_ffn_expand_chained_fp8
874	1	1788730539768329216	1788730539768444928	1000000000	115.712	cc_vit_1d_ffn_contract_chained_fp8	cc_vit_1d_ffn_contract_chained_fp8
875	1	1788730539768449024	1788730539768549376	1000000000	100.352	cc_vit_1d_qkv_chained_fp8	cc_vit_1d_qkv_chained_fp8
876	1	1788730539768553472	1788730539768650752	1000000000	97.28	cc_vit_1d_attention_chained_fp8	cc_vit_1d_attention_chained_fp8
877	1	1788730539768654848	1788730539768701952	1000000000	47.104	cc_vit_1d_projection_wait_fp8	cc_vit_1d_projection_wait_fp8
878	1	1788730539768706048	1788730539768713216	1000000000	7.168	cc_vit_1d_repack_1d_to_2d_fp8	cc_vit_1d_repack_1d_to_2d_fp8
879	1	1788730539768716288	1788730539768754176	1000000000	37.888	cc_dec_input_upsample_1024_512_tilesync_fp8	cc_dec_input_upsample_1024_512_tilesync_fp8
880	1	1788730539768758272	1788730539768850432	1000000000	92.16	cc_split_swin_16h_ffwd_512_chained_fp8	cc_split_swin_16h_ffwd_512_chained_fp8
881	1	1788730539768853504	1788730539768903680	1000000000	50.176	cc_split_swin_16h_ffwd_proj_512_chained_fp8	cc_split_swin_16h_ffwd_proj_512_chained_fp8
882	1	1788730539768907776	1788730539768993792	1000000000	86.016	cc_split_swin_16h_qkv_512_chained_fp8	cc_split_swin_16h_qkv_512_chained_fp8
883	1	1788730539768997888	1788730539769044992	1000000000	47.104	cc_split_swin_16h_proj_512_chained_fp8	cc_split_swin_16h_proj_512_chained_fp8
884	1	1788730539769049088	1788730539769140224	1000000000	91.136	cc_split_swin_16h_ffwd_512_chained_fp8	cc_split_swin_16h_ffwd_512_chained_fp8
885	1	1788730539769144320	1788730539769194496	1000000000	50.176	cc_split_swin_16h_ffwd_proj_512_chained_fp8	cc_split_swin_16h_ffwd_proj_512_chained_fp8
886	1	1788730539769198592	1788730539769308160	1000000000	109.568	cc_split_swin_16h_qkv_512_chained_fp8	cc_split_swin_16h_qkv_512_chained_fp8
887	1	1788730539769311232	1788730539769360384	1000000000	49.152	cc_split_swin_16h_proj_512_chained_fp8	cc_split_swin_16h_proj_512_chained_fp8
888	1	1788730539769364480	1788730539769455616	1000000000	91.136	cc_split_swin_16h_ffwd_512_chained_fp8	cc_split_swin_16h_ffwd_512_chained_fp8
889	1	1788730539769459712	1788730539769507840	1000000000	48.128	cc_split_swin_16h_ffwd_proj_512_chained_fp8	cc_split_swin_16h_ffwd_proj_512_chained_fp8
890	1	1788730539769511936	1788730539769620480	1000000000	108.544	cc_split_swin_16h_qkv_512_chained_fp8	cc_split_swin_16h_qkv_512_chained_fp8
891	1	1788730539769624576	1788730539769672704	1000000000	48.128	cc_split_swin_16h_proj_512_chained_fp8	cc_split_swin_16h_proj_512_chained_fp8
892	1	1788730539769676800	1788730539769768960	1000000000	92.16	cc_split_swin_16h_ffwd_512_chained_fp8	cc_split_swin_16h_ffwd_512_chained_fp8
893	1	1788730539769773056	1788730539769821184	1000000000	48.128	cc_split_swin_16h_ffwd_proj_512_chained_fp8	cc_split_swin_16h_ffwd_proj_512_chained_fp8
894	1	1788730539769825280	1788730539769933824	1000000000	108.544	cc_split_swin_16h_qkv_512_chained_fp8	cc_split_swin_16h_qkv_512_chained_fp8
895	1	1788730539769936896	1788730539769984000	1000000000	47.104	cc_split_swin_16h_proj_512_chained_fp8	cc_split_swin_16h_proj_512_chained_fp8
896	1	1788730539769988096	1788730539770079232	1000000000	91.136	cc_split_swin_16h_ffwd_512_chained_fp8	cc_split_swin_16h_ffwd_512_chained_fp8
897	1	1788730539770082304	1788730539770133504	1000000000	51.2	cc_split_swin_16h_ffwd_proj_512_chained_fp8	cc_split_swin_16h_ffwd_proj_512_chained_fp8
898	1	1788730539770137600	1788730539770224640	1000000000	87.04	cc_split_swin_16h_qkv_512_chained_fp8	cc_split_swin_16h_qkv_512_chained_fp8
899	1	1788730539770228736	1788730539770275840	1000000000	47.104	cc_split_swin_16h_proj_512_chained_fp8	cc_split_swin_16h_proj_512_chained_fp8
900	1	1788730539770278912	1788730539770371072	1000000000	92.16	cc_split_swin_16h_ffwd_512_chained_fp8	cc_split_swin_16h_ffwd_512_chained_fp8
901	1	1788730539770375168	1788730539770423296	1000000000	48.128	cc_split_swin_16h_ffwd_proj_512_chained_fp8	cc_split_swin_16h_ffwd_proj_512_chained_fp8
902	1	1788730539770427392	1788730539770535936	1000000000	108.544	cc_split_swin_16h_qkv_512_chained_fp8	cc_split_swin_16h_qkv_512_chained_fp8
903	1	1788730539770540032	1788730539770589184	1000000000	49.152	cc_split_swin_16h_proj_512_chained_fp8	cc_split_swin_16h_proj_512_chained_fp8
904	1	1788730539770593280	1788730539770685440	1000000000	92.16	cc_split_swin_16h_ffwd_512_chained_fp8	cc_split_swin_16h_ffwd_512_chained_fp8
905	1	1788730539770689536	1788730539770736640	1000000000	47.104	cc_split_swin_16h_ffwd_proj_512_chained_fp8	cc_split_swin_16h_ffwd_proj_512_chained_fp8
906	1	1788730539770741760	1788730539770850304	1000000000	108.544	cc_split_swin_16h_qkv_512_chained_fp8	cc_split_swin_16h_qkv_512_chained_fp8
907	1	1788730539770854400	1788730539770903552	1000000000	49.152	cc_split_swin_16h_proj_512_chained_fp8	cc_split_swin_16h_proj_512_chained_fp8
908	1	1788730539770907648	1788730539770999808	1000000000	92.16	cc_split_swin_16h_ffwd_512_chained_fp8	cc_split_swin_16h_ffwd_512_chained_fp8
909	1	1788730539771004928	1788730539771055104	1000000000	50.176	cc_split_swin_16h_ffwd_proj_512_chained_fp8	cc_split_swin_16h_ffwd_proj_512_chained_fp8
910	1	1788730539771059200	1788730539771166720	1000000000	107.52	cc_split_swin_16h_qkv_512_chained_fp8	cc_split_swin_16h_qkv_512_chained_fp8
911	1	1788730539771170816	1788730539771265024	1000000000	94.208	cc_split_swin_16h_proj_512_outview_wait_fp8	cc_split_swin_16h_proj_512_outview_wait_fp8
912	1	1788730539771269120	1788730539771632640	1000000000	363.52	cc_tinlayout_fused_swin_8h_256_8_upsample_tilesync_fp8	cc_tinlayout_fused_swin_8h_256_8_upsample_tilesync_fp8
913	1	1788730539771637760	1788730539772046336	1000000000	408.576	cc_tinlayout_fused_swin_8h_256_8_chained_fp8	cc_tinlayout_fused_swin_8h_256_8_chained_fp8
914	1	1788730539772050432	1788730539772449792	1000000000	399.36	cc_tinlayout_fused_swin_8h_256_8_chained_fp8	cc_tinlayout_fused_swin_8h_256_8_chained_fp8
915	1	1788730539772453888	1788730539772743680	1000000000	289.792	cc_tinlayout_fused_swin_8h_256_8_chained_fp8	cc_tinlayout_fused_swin_8h_256_8_chained_fp8
916	1	1788730539772747776	1788730539773058048	1000000000	310.272	cc_tinlayout_fused_swin_8h_256_8_chained_fp8	cc_tinlayout_fused_swin_8h_256_8_chained_fp8
917	1	1788730539773062144	1788730539773446144	1000000000	384	cc_tinlayout_fused_swin_8h_256_8_chained_fp8	cc_tinlayout_fused_swin_8h_256_8_chained_fp8
918	1	1788730539773450240	1788730539773841408	1000000000	391.168	cc_tinlayout_fused_swin_8h_256_8_chained_fp8	cc_tinlayout_fused_swin_8h_256_8_chained_fp8
919	1	1788730539773845504	1788730539774152704	1000000000	307.2	cc_tinlayout_fused_swin_8h_256_8_outview_wait_fp8	cc_tinlayout_fused_swin_8h_256_8_outview_wait_fp8
920	1	1788730539774156800	1788730539774576640	1000000000	419.84	cc_tinlayout_fused_swin_4h_128_4_upsample_tilesync_fp8	cc_tinlayout_fused_swin_4h_128_4_upsample_tilesync_fp8
921	1	1788730539774580736	1788730539774906368	1000000000	325.632	cc_tinlayout_fused_swin_4h_128_4_chained_fp8	cc_tinlayout_fused_swin_4h_128_4_chained_fp8
922	1	1788730539774910464	1788730539775222784	1000000000	312.32	cc_tinlayout_fused_swin_4h_128_4_chained_fp8	cc_tinlayout_fused_swin_4h_128_4_chained_fp8
923	1	1788730539775226880	1788730539775549440	1000000000	322.56	cc_tinlayout_fused_swin_4h_128_4_chained_fp8	cc_tinlayout_fused_swin_4h_128_4_chained_fp8
924	1	1788730539775555584	1788730539775879168	1000000000	323.584	cc_tinlayout_fused_swin_4h_128_4_chained_fp8	cc_tinlayout_fused_swin_4h_128_4_chained_fp8
925	1	1788730539775883264	1788730539776211968	1000000000	328.704	cc_tinlayout_fused_swin_4h_128_4_outview_wait_fp8	cc_tinlayout_fused_swin_4h_128_4_outview_wait_fp8
926	1	1788730539776216064	1788730539776927744	1000000000	711.68	cc_tinlayout_fused_swin_2h_64_2_upsample_tilesync_fp8	cc_tinlayout_fused_swin_2h_64_2_upsample_tilesync_fp8
927	1	1788730539776931840	1788730539777453056	1000000000	521.216	cc_tinlayout_fused_swin_2h_64_2_chained_fp8	cc_tinlayout_fused_swin_2h_64_2_chained_fp8
928	1	1788730539777457152	1788730539777948672	1000000000	491.52	cc_tinlayout_fused_swin_2h_64_2_chained_fp8	cc_tinlayout_fused_swin_2h_64_2_chained_fp8
929	1	1788730539777952768	1788730539778443264	1000000000	490.496	cc_tinlayout_fused_swin_2h_64_2_outview_wait_fp8	cc_tinlayout_fused_swin_2h_64_2_outview_wait_fp8
930	1	1788730539778448768	1788730539779714048	1000000000	1265.28	cc_tinlayout_fused_swin_1h_32_1_upsample_tilesync_fp8	cc_tinlayout_fused_swin_1h_32_1_upsample_tilesync_fp8
931	1	1788730539779718144	1788730539780548608	1000000000	830.464	cc_tinlayout_fused_swin_1h_32_1_chained_fp8	cc_tinlayout_fused_swin_1h_32_1_chained_fp8
932	1	1788730539780552704	1788730539781366784	1000000000	814.08	cc_tinlayout_fused_swin_1h_32_1_chained_fp8	cc_tinlayout_fused_swin_1h_32_1_chained_fp8
933	1	1788730539781370880	1788730539782411264	1000000000	1040.38	cc_tinlayout_fused_swin_1h_32_1_outview_wait_fp8	cc_tinlayout_fused_swin_1h_32_1_outview_wait_fp8
934	1	1788730539782415360	1788730539787692032	1000000000	5276.67	cc_tinlayout_fused_post_block_swin_1h_32_fp8	cc_tinlayout_fused_post_block_swin_1h_32_fp8
935	1	1788730539787696128	1788730539787736064	1000000000	39.936	cg2r_copy_kernel	cg2r_copy_kernel
936	1	1788730539979836416	1788730539979840512	1000000000	4.096	cc_cb_clear	cc_cb_clear
937	1	1788730539979844608	1788730539983666176	1000000000	3821.57	cc_tinlayout_fused_pre_block_swin_1h_32_1_ds_fp8	cc_tinlayout_fused_pre_block_swin_1h_32_1_ds_fp8
938	1	1788730539983670272	1788730539984413696	1000000000	743.424	cc_tinlayout_fused_swin_1h_32_1_inpview_tilesync_fp8	cc_tinlayout_fused_swin_1h_32_1_inpview_tilesync_fp8
939	1	1788730539984417792	1788730539985268736	1000000000	850.944	cc_tinlayout_fused_swin_1h_32_1_chained_fp8	cc_tinlayout_fused_swin_1h_32_1_chained_fp8
940	1	1788730539985272832	1788730539986095104	1000000000	822.272	cc_tinlayout_fused_swin_1h_32_1_chained_fp8	cc_tinlayout_fused_swin_1h_32_1_chained_fp8
941	1	1788730539986099200	1788730539986945024	1000000000	845.824	cc_tinlayout_fused_swin_1h_32_1_ds_wait_fp8	cc_tinlayout_fused_swin_1h_32_1_ds_wait_fp8
942	1	1788730539986949120	1788730539987454976	1000000000	505.856	cc_tinlayout_fused_swin_2h_64_2_inpview_tilesync_fp8	cc_tinlayout_fused_swin_2h_64_2_inpview_tilesync_fp8
943	1	1788730539987459072	1788730539987988480	1000000000	529.408	cc_tinlayout_fused_swin_2h_64_2_chained_fp8	cc_tinlayout_fused_swin_2h_64_2_chained_fp8
944	1	1788730539987992576	1788730539988483072	1000000000	490.496	cc_tinlayout_fused_swin_2h_64_2_chained_fp8	cc_tinlayout_fused_swin_2h_64_2_chained_fp8
945	1	1788730539988487168	1788730539989011456	1000000000	524.288	cc_tinlayout_fused_swin_2h_64_2_ds_wait_fp8	cc_tinlayout_fused_swin_2h_64_2_ds_wait_fp8
946	1	1788730539989015552	1788730539989342208	1000000000	326.656	cc_tinlayout_fused_swin_4h_128_4_inpview_tilesync_fp8	cc_tinlayout_fused_swin_4h_128_4_inpview_tilesync_fp8
947	1	1788730539989346304	1788730539989671936	1000000000	325.632	cc_tinlayout_fused_swin_4h_128_4_chained_fp8	cc_tinlayout_fused_swin_4h_128_4_chained_fp8
948	1	1788730539989676032	1788730539989996544	1000000000	320.512	cc_tinlayout_fused_swin_4h_128_4_chained_fp8	cc_tinlayout_fused_swin_4h_128_4_chained_fp8
949	1	1788730539990000640	1788730539990321152	1000000000	320.512	cc_tinlayout_fused_swin_4h_128_4_chained_fp8	cc_tinlayout_fused_swin_4h_128_4_chained_fp8
950	1	1788730539990326272	1788730539990640640	1000000000	314.368	cc_tinlayout_fused_swin_4h_128_4_chained_fp8	cc_tinlayout_fused_swin_4h_128_4_chained_fp8
951	1	1788730539990644736	1788730539991003136	1000000000	358.4	cc_tinlayout_fused_swin_4h_128_4_ds_wait_fp8	cc_tinlayout_fused_swin_4h_128_4_ds_wait_fp8
952	1	1788730539991007232	1788730539991331840	1000000000	324.608	cc_tinlayout_fused_swin_8h_256_8_inpview_tilesync_fp8	cc_tinlayout_fused_swin_8h_256_8_inpview_tilesync_fp8
953	1	1788730539991335936	1788730539991747584	1000000000	411.648	cc_tinlayout_fused_swin_8h_256_8_chained_fp8	cc_tinlayout_fused_swin_8h_256_8_chained_fp8
954	1	1788730539991751680	1788730539992145920	1000000000	394.24	cc_tinlayout_fused_swin_8h_256_8_chained_fp8	cc_tinlayout_fused_swin_8h_256_8_chained_fp8
955	1	1788730539992150016	1788730539992454144	1000000000	304.128	cc_tinlayout_fused_swin_8h_256_8_chained_fp8	cc_tinlayout_fused_swin_8h_256_8_chained_fp8
956	1	1788730539992458240	1788730539992775680	1000000000	317.44	cc_tinlayout_fused_swin_8h_256_8_chained_fp8	cc_tinlayout_fused_swin_8h_256_8_chained_fp8
957	1	1788730539992779776	1788730539993164800	1000000000	385.024	cc_tinlayout_fused_swin_8h_256_8_chained_fp8	cc_tinlayout_fused_swin_8h_256_8_chained_fp8
958	1	1788730539993168896	1788730539993566208	1000000000	397.312	cc_tinlayout_fused_swin_8h_256_8_chained_fp8	cc_tinlayout_fused_swin_8h_256_8_chained_fp8
959	1	1788730539993570304	1788730539993929728	1000000000	359.424	cc_tinlayout_fused_swin_8h_256_8_ds_wait_fp8	cc_tinlayout_fused_swin_8h_256_8_ds_wait_fp8
960	1	1788730539993933824	1788730539994028032	1000000000	94.208	cc_split_swin_16h_ffwd_inpview_512_tilesync_fp8	cc_split_swin_16h_ffwd_inpview_512_tilesync_fp8
961	1	1788730539994032128	1788730539994124288	1000000000	92.16	cc_split_swin_16h_ffwd_proj_inpview_512_chained_fp8	cc_split_swin_16h_ffwd_proj_inpview_512_chained_fp8
962	1	1788730539994128384	1788730539994218496	1000000000	90.112	cc_split_swin_16h_qkv_512_chained_fp8	cc_split_swin_16h_qkv_512_chained_fp8
963	1	1788730539994222592	1788730539994269696	1000000000	47.104	cc_split_swin_16h_proj_512_chained_fp8	cc_split_swin_16h_proj_512_chained_fp8
964	1	1788730539994273792	1788730539994653696	1000000000	379.904	cc_split_swin_16h_ffwd_512_chained_fp8	cc_split_swin_16h_ffwd_512_chained_fp8
965	1	1788730539994658816	1788730539994707968	1000000000	49.152	cc_split_swin_16h_ffwd_proj_512_chained_fp8	cc_split_swin_16h_ffwd_proj_512_chained_fp8
966	1	1788730539994711040	1788730539994819584	1000000000	108.544	cc_split_swin_16h_qkv_512_chained_fp8	cc_split_swin_16h_qkv_512_chained_fp8
967	1	1788730539994822656	1788730539994872832	1000000000	50.176	cc_split_swin_16h_proj_512_chained_fp8	cc_split_swin_16h_proj_512_chained_fp8
968	1	1788730539994876928	1788730539994969088	1000000000	92.16	cc_split_swin_16h_ffwd_512_chained_fp8	cc_split_swin_16h_ffwd_512_chained_fp8
969	1	1788730539994973184	1788730539995022336	1000000000	49.152	cc_split_swin_16h_ffwd_proj_512_chained_fp8	cc_split_swin_16h_ffwd_proj_512_chained_fp8
970	1	1788730539995026432	1788730539995133952	1000000000	107.52	cc_split_swin_16h_qkv_512_chained_fp8	cc_split_swin_16h_qkv_512_chained_fp8
971	1	1788730539995138048	1788730539995188224	1000000000	50.176	cc_split_swin_16h_proj_512_chained_fp8	cc_split_swin_16h_proj_512_chained_fp8
972	1	1788730539995192320	1788730539995284480	1000000000	92.16	cc_split_swin_16h_ffwd_512_chained_fp8	cc_split_swin_16h_ffwd_512_chained_fp8
973	1	1788730539995288576	1788730539995337728	1000000000	49.152	cc_split_swin_16h_ffwd_proj_512_chained_fp8	cc_split_swin_16h_ffwd_proj_512_chained_fp8
974	1	1788730539995341824	1788730539995450368	1000000000	108.544	cc_split_swin_16h_qkv_512_chained_fp8	cc_split_swin_16h_qkv_512_chained_fp8
975	1	1788730539995454464	1788730539995501568	1000000000	47.104	cc_split_swin_16h_proj_512_chained_fp8	cc_split_swin_16h_proj_512_chained_fp8
976	1	1788730539995504640	1788730539995596800	1000000000	92.16	cc_split_swin_16h_ffwd_512_chained_fp8	cc_split_swin_16h_ffwd_512_chained_fp8
977	1	1788730539995600896	1788730539995650048	1000000000	49.152	cc_split_swin_16h_ffwd_proj_512_chained_fp8	cc_split_swin_16h_ffwd_proj_512_chained_fp8
978	1	1788730539995654144	1788730539995741184	1000000000	87.04	cc_split_swin_16h_qkv_512_chained_fp8	cc_split_swin_16h_qkv_512_chained_fp8
979	1	1788730539995745280	1788730539995791360	1000000000	46.08	cc_split_swin_16h_proj_512_chained_fp8	cc_split_swin_16h_proj_512_chained_fp8
980	1	1788730539995795456	1788730539995887616	1000000000	92.16	cc_split_swin_16h_ffwd_512_chained_fp8	cc_split_swin_16h_ffwd_512_chained_fp8
981	1	1788730539995891712	1788730539995939840	1000000000	48.128	cc_split_swin_16h_ffwd_proj_512_chained_fp8	cc_split_swin_16h_ffwd_proj_512_chained_fp8
982	1	1788730539995943936	1788730539996052480	1000000000	108.544	cc_split_swin_16h_qkv_512_chained_fp8	cc_split_swin_16h_qkv_512_chained_fp8
983	1	1788730539996056576	1788730539996104704	1000000000	48.128	cc_split_swin_16h_proj_512_chained_fp8	cc_split_swin_16h_proj_512_chained_fp8
984	1	1788730539996108800	1788730539996200960	1000000000	92.16	cc_split_swin_16h_ffwd_512_chained_fp8	cc_split_swin_16h_ffwd_512_chained_fp8
985	1	1788730539996205056	1788730539996254208	1000000000	49.152	cc_split_swin_16h_ffwd_proj_512_chained_fp8	cc_split_swin_16h_ffwd_proj_512_chained_fp8
986	1	1788730539996258304	1788730539996365824	1000000000	107.52	cc_split_swin_16h_qkv_512_chained_fp8	cc_split_swin_16h_qkv_512_chained_fp8
987	1	1788730539996369920	1788730539996419072	1000000000	49.152	cc_split_swin_16h_proj_512_chained_fp8	cc_split_swin_16h_proj_512_chained_fp8
988	1	1788730539996423168	1788730539996514304	1000000000	91.136	cc_split_swin_16h_ffwd_512_chained_fp8	cc_split_swin_16h_ffwd_512_chained_fp8
989	1	1788730539996518400	1788730539996566528	1000000000	48.128	cc_split_swin_16h_ffwd_proj_512_chained_fp8	cc_split_swin_16h_ffwd_proj_512_chained_fp8
990	1	1788730539996571648	1788730539996679168	1000000000	107.52	cc_split_swin_16h_qkv_512_chained_fp8	cc_split_swin_16h_qkv_512_chained_fp8
991	1	1788730539996683264	1788730539996725248	1000000000	41.984	cc_split_swin_16h_proj_pool_512_chained_fp8	cc_split_swin_16h_proj_pool_512_chained_fp8
992	1	1788730539996729344	1788730539996759040	1000000000	29.696	cc_split_swin_16h_final_head_512_wait_fp8	cc_split_swin_16h_final_head_512_wait_fp8
993	1	1788730539996762112	1788730539996770304	1000000000	8.192	cc_vit_1d_repack_2d_to_1d_fp8	cc_vit_1d_repack_2d_to_1d_fp8
994	1	1788730539996773376	1788730539996946432	1000000000	173.056	cc_vit_1d_ffn_expand_publish_fp8	cc_vit_1d_ffn_expand_publish_fp8
995	1	1788730539996951552	1788730539997069312	1000000000	117.76	cc_vit_1d_ffn_contract_chained_fp8	cc_vit_1d_ffn_contract_chained_fp8
996	1	1788730539997073408	1788730539997173760	1000000000	100.352	cc_vit_1d_qkv_chained_fp8	cc_vit_1d_qkv_chained_fp8
997	1	1788730539997177856	1788730539997276160	1000000000	98.304	cc_vit_1d_attention_chained_fp8	cc_vit_1d_attention_chained_fp8
998	1	1788730539997280256	1788730539997327360	1000000000	47.104	cc_vit_1d_projection_chained_fp8	cc_vit_1d_projection_chained_fp8
999	1	1788730539997331456	1788730539997485056	1000000000	153.6	cc_vit_1d_ffn_expand_chained_fp8	cc_vit_1d_ffn_expand_chained_fp8
1000	1	1788730539997489152	1788730539997606912	1000000000	117.76	cc_vit_1d_ffn_contract_chained_fp8	cc_vit_1d_ffn_contract_chained_fp8
1001	1	1788730539997612032	1788730539997711360	1000000000	99.328	cc_vit_1d_qkv_chained_fp8	cc_vit_1d_qkv_chained_fp8
1002	1	1788730539997715456	1788730539997813760	1000000000	98.304	cc_vit_1d_attention_chained_fp8	cc_vit_1d_attention_chained_fp8
1003	1	1788730539997816832	1788730539997863936	1000000000	47.104	cc_vit_1d_projection_chained_fp8	cc_vit_1d_projection_chained_fp8
1004	1	1788730539997868032	1788730539998024704	1000000000	156.672	cc_vit_1d_ffn_expand_chained_fp8	cc_vit_1d_ffn_expand_chained_fp8
1005	1	1788730539998028800	1788730539998146560	1000000000	117.76	cc_vit_1d_ffn_contract_chained_fp8	cc_vit_1d_ffn_contract_chained_fp8
1006	1	1788730539998150656	1788730539998249984	1000000000	99.328	cc_vit_1d_qkv_chained_fp8	cc_vit_1d_qkv_chained_fp8
1007	1	1788730539998254080	1788730539998352384	1000000000	98.304	cc_vit_1d_attention_chained_fp8	cc_vit_1d_attention_chained_fp8
1008	1	1788730539998356480	1788730539998404608	1000000000	48.128	cc_vit_1d_projection_chained_fp8	cc_vit_1d_projection_chained_fp8
1009	1	1788730539998408704	1788730539998563328	1000000000	154.624	cc_vit_1d_ffn_expand_chained_fp8	cc_vit_1d_ffn_expand_chained_fp8
1010	1	1788730539998567424	1788730539998685184	1000000000	117.76	cc_vit_1d_ffn_contract_chained_fp8	cc_vit_1d_ffn_contract_chained_fp8
1011	1	1788730539998689280	1788730539998788608	1000000000	99.328	cc_vit_1d_qkv_chained_fp8	cc_vit_1d_qkv_chained_fp8
1012	1	1788730539998793728	1788730539998892032	1000000000	98.304	cc_vit_1d_attention_chained_fp8	cc_vit_1d_attention_chained_fp8
1013	1	1788730539998895104	1788730539998943232	1000000000	48.128	cc_vit_1d_projection_chained_fp8	cc_vit_1d_projection_chained_fp8
1014	1	1788730539998947328	1788730539999102976	1000000000	155.648	cc_vit_1d_ffn_expand_chained_fp8	cc_vit_1d_ffn_expand_chained_fp8
1015	1	1788730539999107072	1788730539999224832	1000000000	117.76	cc_vit_1d_ffn_contract_chained_fp8	cc_vit_1d_ffn_contract_chained_fp8
1016	1	1788730539999228928	1788730539999329280	1000000000	100.352	cc_vit_1d_qkv_chained_fp8	cc_vit_1d_qkv_chained_fp8
1017	1	1788730539999333376	1788730539999431680	1000000000	98.304	cc_vit_1d_attention_chained_fp8	cc_vit_1d_attention_chained_fp8
1018	1	1788730539999435776	1788730539999482880	1000000000	47.104	cc_vit_1d_projection_chained_fp8	cc_vit_1d_projection_chained_fp8
1019	1	1788730539999486976	1788730539999643648	1000000000	156.672	cc_vit_1d_ffn_expand_chained_fp8	cc_vit_1d_ffn_expand_chained_fp8
1020	1	1788730539999647744	1788730539999765504	1000000000	117.76	cc_vit_1d_ffn_contract_chained_fp8	cc_vit_1d_ffn_contract_chained_fp8
1021	1	1788730539999769600	1788730539999869952	1000000000	100.352	cc_vit_1d_qkv_chained_fp8	cc_vit_1d_qkv_chained_fp8
1022	1	1788730539999874048	1788730539999972352	1000000000	98.304	cc_vit_1d_attention_chained_fp8	cc_vit_1d_attention_chained_fp8
1023	1	1788730539999976704	1788730540000023552	1000000000	46.848	cc_vit_1d_projection_chained_fp8	cc_vit_1d_projection_chained_fp8
1024	1	1788730540000028672	1788730540000187392	1000000000	158.72	cc_vit_1d_ffn_expand_chained_fp8	cc_vit_1d_ffn_expand_chained_fp8
1025	1	1788730540000191488	1788730540000309248	1000000000	117.76	cc_vit_1d_ffn_contract_chained_fp8	cc_vit_1d_ffn_contract_chained_fp8
1026	1	1788730540000313344	1788730540000413696	1000000000	100.352	cc_vit_1d_qkv_chained_fp8	cc_vit_1d_qkv_chained_fp8
1027	1	1788730540000417792	1788730540000516096	1000000000	98.304	cc_vit_1d_attention_chained_fp8	cc_vit_1d_attention_chained_fp8
1028	1	1788730540000520192	1788730540000568320	1000000000	48.128	cc_vit_1d_projection_chained_fp8	cc_vit_1d_projection_chained_fp8
1029	1	1788730540000572416	1788730540000728064	1000000000	155.648	cc_vit_1d_ffn_expand_chained_fp8	cc_vit_1d_ffn_expand_chained_fp8
1030	1	1788730540000732160	1788730540000849920	1000000000	117.76	cc_vit_1d_ffn_contract_chained_fp8	cc_vit_1d_ffn_contract_chained_fp8
1031	1	1788730540000854016	1788730540000955392	1000000000	101.376	cc_vit_1d_qkv_chained_fp8	cc_vit_1d_qkv_chained_fp8
1032	1	1788730540000959488	1788730540001057792	1000000000	98.304	cc_vit_1d_attention_chained_fp8	cc_vit_1d_attention_chained_fp8
1033	1	1788730540001061888	1788730540001110016	1000000000	48.128	cc_vit_1d_projection_wait_fp8	cc_vit_1d_projection_wait_fp8
1034	1	1788730540001114112	1788730540001121280	1000000000	7.168	cc_vit_1d_repack_1d_to_2d_fp8	cc_vit_1d_repack_1d_to_2d_fp8
1035	1	1788730540001124352	1788730540001163264	1000000000	38.912	cc_dec_input_upsample_1024_512_tilesync_fp8	cc_dec_input_upsample_1024_512_tilesync_fp8
1036	1	1788730540001167360	1788730540001259520	1000000000	92.16	cc_split_swin_16h_ffwd_512_chained_fp8	cc_split_swin_16h_ffwd_512_chained_fp8
1037	1	1788730540001262592	1788730540001313792	1000000000	51.2	cc_split_swin_16h_ffwd_proj_512_chained_fp8	cc_split_swin_16h_ffwd_proj_512_chained_fp8
1038	1	1788730540001317888	1788730540001403904	1000000000	86.016	cc_split_swin_16h_qkv_512_chained_fp8	cc_split_swin_16h_qkv_512_chained_fp8
1039	1	1788730540001408000	1788730540001455104	1000000000	47.104	cc_split_swin_16h_proj_512_chained_fp8	cc_split_swin_16h_proj_512_chained_fp8
1040	1	1788730540001459200	1788730540001550336	1000000000	91.136	cc_split_swin_16h_ffwd_512_chained_fp8	cc_split_swin_16h_ffwd_512_chained_fp8
1041	1	1788730540001554432	1788730540001604608	1000000000	50.176	cc_split_swin_16h_ffwd_proj_512_chained_fp8	cc_split_swin_16h_ffwd_proj_512_chained_fp8
1042	1	1788730540001608704	1788730540001716224	1000000000	107.52	cc_split_swin_16h_qkv_512_chained_fp8	cc_split_swin_16h_qkv_512_chained_fp8
1043	1	1788730540001720320	1788730540001769472	1000000000	49.152	cc_split_swin_16h_proj_512_chained_fp8	cc_split_swin_16h_proj_512_chained_fp8
1044	1	1788730540001773568	1788730540001864704	1000000000	91.136	cc_split_swin_16h_ffwd_512_chained_fp8	cc_split_swin_16h_ffwd_512_chained_fp8
1045	1	1788730540001868800	1788730540001917952	1000000000	49.152	cc_split_swin_16h_ffwd_proj_512_chained_fp8	cc_split_swin_16h_ffwd_proj_512_chained_fp8
1046	1	1788730540001923072	1788730540002030592	1000000000	107.52	cc_split_swin_16h_qkv_512_chained_fp8	cc_split_swin_16h_qkv_512_chained_fp8
1047	1	1788730540002033664	1788730540002082816	1000000000	49.152	cc_split_swin_16h_proj_512_chained_fp8	cc_split_swin_16h_proj_512_chained_fp8
1048	1	1788730540002086912	1788730540002179072	1000000000	92.16	cc_split_swin_16h_ffwd_512_chained_fp8	cc_split_swin_16h_ffwd_512_chained_fp8
1049	1	1788730540002183168	1788730540002233344	1000000000	50.176	cc_split_swin_16h_ffwd_proj_512_chained_fp8	cc_split_swin_16h_ffwd_proj_512_chained_fp8
1050	1	1788730540002237440	1788730540002344960	1000000000	107.52	cc_split_swin_16h_qkv_512_chained_fp8	cc_split_swin_16h_qkv_512_chained_fp8
1051	1	1788730540002349056	1788730540002396160	1000000000	47.104	cc_split_swin_16h_proj_512_chained_fp8	cc_split_swin_16h_proj_512_chained_fp8
1052	1	1788730540002400256	1788730540002491392	1000000000	91.136	cc_split_swin_16h_ffwd_512_chained_fp8	cc_split_swin_16h_ffwd_512_chained_fp8
1053	1	1788730540002495488	1788730540002546688	1000000000	51.2	cc_split_swin_16h_ffwd_proj_512_chained_fp8	cc_split_swin_16h_ffwd_proj_512_chained_fp8
1054	1	1788730540002550784	1788730540002636800	1000000000	86.016	cc_split_swin_16h_qkv_512_chained_fp8	cc_split_swin_16h_qkv_512_chained_fp8
1055	1	1788730540002640896	1788730540002688000	1000000000	47.104	cc_split_swin_16h_proj_512_chained_fp8	cc_split_swin_16h_proj_512_chained_fp8
1056	1	1788730540002692096	1788730540002784256	1000000000	92.16	cc_split_swin_16h_ffwd_512_chained_fp8	cc_split_swin_16h_ffwd_512_chained_fp8
1057	1	1788730540002788352	1788730540002837504	1000000000	49.152	cc_split_swin_16h_ffwd_proj_512_chained_fp8	cc_split_swin_16h_ffwd_proj_512_chained_fp8
1058	1	1788730540002841600	1788730540002951168	1000000000	109.568	cc_split_swin_16h_qkv_512_chained_fp8	cc_split_swin_16h_qkv_512_chained_fp8
1059	1	1788730540002955264	1788730540003003392	1000000000	48.128	cc_split_swin_16h_proj_512_chained_fp8	cc_split_swin_16h_proj_512_chained_fp8
1060	1	1788730540003007488	1788730540003099648	1000000000	92.16	cc_split_swin_16h_ffwd_512_chained_fp8	cc_split_swin_16h_ffwd_512_chained_fp8
1061	1	1788730540003103744	1788730540003151872	1000000000	48.128	cc_split_swin_16h_ffwd_proj_512_chained_fp8	cc_split_swin_16h_ffwd_proj_512_chained_fp8
1062	1	1788730540003155968	1788730540003264512	1000000000	108.544	cc_split_swin_16h_qkv_512_chained_fp8	cc_split_swin_16h_qkv_512_chained_fp8
1063	1	1788730540003268608	1788730540003317760	1000000000	49.152	cc_split_swin_16h_proj_512_chained_fp8	cc_split_swin_16h_proj_512_chained_fp8
1064	1	1788730540003321856	1788730540003414016	1000000000	92.16	cc_split_swin_16h_ffwd_512_chained_fp8	cc_split_swin_16h_ffwd_512_chained_fp8
1065	1	1788730540003418112	1788730540003468288	1000000000	50.176	cc_split_swin_16h_ffwd_proj_512_chained_fp8	cc_split_swin_16h_ffwd_proj_512_chained_fp8
1066	1	1788730540003472384	1788730540003580928	1000000000	108.544	cc_split_swin_16h_qkv_512_chained_fp8	cc_split_swin_16h_qkv_512_chained_fp8
1067	1	1788730540003584000	1788730540003679232	1000000000	95.232	cc_split_swin_16h_proj_512_outview_wait_fp8	cc_split_swin_16h_proj_512_outview_wait_fp8
1068	1	1788730540003683328	1788730540004047872	1000000000	364.544	cc_tinlayout_fused_swin_8h_256_8_upsample_tilesync_fp8	cc_tinlayout_fused_swin_8h_256_8_upsample_tilesync_fp8
1069	1	1788730540004051968	1788730540004458496	1000000000	406.528	cc_tinlayout_fused_swin_8h_256_8_chained_fp8	cc_tinlayout_fused_swin_8h_256_8_chained_fp8
1070	1	1788730540004462592	1788730540004861952	1000000000	399.36	cc_tinlayout_fused_swin_8h_256_8_chained_fp8	cc_tinlayout_fused_swin_8h_256_8_chained_fp8
1071	1	1788730540004866048	1788730540005161984	1000000000	295.936	cc_tinlayout_fused_swin_8h_256_8_chained_fp8	cc_tinlayout_fused_swin_8h_256_8_chained_fp8
1072	1	1788730540005167104	1788730540005478400	1000000000	311.296	cc_tinlayout_fused_swin_8h_256_8_chained_fp8	cc_tinlayout_fused_swin_8h_256_8_chained_fp8
1073	1	1788730540005482496	1788730540005866496	1000000000	384	cc_tinlayout_fused_swin_8h_256_8_chained_fp8	cc_tinlayout_fused_swin_8h_256_8_chained_fp8
1074	1	1788730540005870592	1788730540006263808	1000000000	393.216	cc_tinlayout_fused_swin_8h_256_8_chained_fp8	cc_tinlayout_fused_swin_8h_256_8_chained_fp8
1075	1	1788730540006267904	1788730540006575104	1000000000	307.2	cc_tinlayout_fused_swin_8h_256_8_outview_wait_fp8	cc_tinlayout_fused_swin_8h_256_8_outview_wait_fp8
1076	1	1788730540006579200	1788730540006999040	1000000000	419.84	cc_tinlayout_fused_swin_4h_128_4_upsample_tilesync_fp8	cc_tinlayout_fused_swin_4h_128_4_upsample_tilesync_fp8
1077	1	1788730540007004160	1788730540007331840	1000000000	327.68	cc_tinlayout_fused_swin_4h_128_4_chained_fp8	cc_tinlayout_fused_swin_4h_128_4_chained_fp8
1078	1	1788730540007335936	1788730540007652352	1000000000	316.416	cc_tinlayout_fused_swin_4h_128_4_chained_fp8	cc_tinlayout_fused_swin_4h_128_4_chained_fp8
1079	1	1788730540007656448	1788730540007980032	1000000000	323.584	cc_tinlayout_fused_swin_4h_128_4_chained_fp8	cc_tinlayout_fused_swin_4h_128_4_chained_fp8
1080	1	1788730540007984128	1788730540008307712	1000000000	323.584	cc_tinlayout_fused_swin_4h_128_4_chained_fp8	cc_tinlayout_fused_swin_4h_128_4_chained_fp8
1081	1	1788730540008311808	1788730540008639488	1000000000	327.68	cc_tinlayout_fused_swin_4h_128_4_outview_wait_fp8	cc_tinlayout_fused_swin_4h_128_4_outview_wait_fp8
1082	1	1788730540008642560	1788730540009356288	1000000000	713.728	cc_tinlayout_fused_swin_2h_64_2_upsample_tilesync_fp8	cc_tinlayout_fused_swin_2h_64_2_upsample_tilesync_fp8
1083	1	1788730540009360384	1788730540009885696	1000000000	525.312	cc_tinlayout_fused_swin_2h_64_2_chained_fp8	cc_tinlayout_fused_swin_2h_64_2_chained_fp8
1084	1	1788730540009889792	1788730540010379264	1000000000	489.472	cc_tinlayout_fused_swin_2h_64_2_chained_fp8	cc_tinlayout_fused_swin_2h_64_2_chained_fp8
1085	1	1788730540010383360	1788730540010876928	1000000000	493.568	cc_tinlayout_fused_swin_2h_64_2_outview_wait_fp8	cc_tinlayout_fused_swin_2h_64_2_outview_wait_fp8
1086	1	1788730540010881024	1788730540012145664	1000000000	1264.64	cc_tinlayout_fused_swin_1h_32_1_upsample_tilesync_fp8	cc_tinlayout_fused_swin_1h_32_1_upsample_tilesync_fp8
1087	1	1788730540012149760	1788730540012984320	1000000000	834.56	cc_tinlayout_fused_swin_1h_32_1_chained_fp8	cc_tinlayout_fused_swin_1h_32_1_chained_fp8
1088	1	1788730540012988416	1788730540013802496	1000000000	814.08	cc_tinlayout_fused_swin_1h_32_1_chained_fp8	cc_tinlayout_fused_swin_1h_32_1_chained_fp8
1089	1	1788730540013806592	1788730540014840832	1000000000	1034.24	cc_tinlayout_fused_swin_1h_32_1_outview_wait_fp8	cc_tinlayout_fused_swin_1h_32_1_outview_wait_fp8
1090	1	1788730540014844928	1788730540020099072	1000000000	5254.14	cc_tinlayout_fused_post_block_swin_1h_32_fp8	cc_tinlayout_fused_post_block_swin_1h_32_fp8
1091	1	1788730540020103168	1788730540020144128	1000000000	40.96	cg2r_copy_kernel	cg2r_copy_kernel
1092	1	1788730540213097472	1788730540213101568	1000000000	4.096	cc_cb_clear	cc_cb_clear
1093	1	1788730540213106688	1788730540216058880	1000000000	2952.19	cc_tinlayout_fused_pre_block_swin_1h_32_1_ds_fp8	cc_tinlayout_fused_pre_block_swin_1h_32_1_ds_fp8
1094	1	1788730540216061952	1788730540216806400	1000000000	744.448	cc_tinlayout_fused_swin_1h_32_1_inpview_tilesync_fp8	cc_tinlayout_fused_swin_1h_32_1_inpview_tilesync_fp8
1095	1	1788730540216809472	1788730540217663488	1000000000	854.016	cc_tinlayout_fused_swin_1h_32_1_chained_fp8	cc_tinlayout_fused_swin_1h_32_1_chained_fp8
1096	1	1788730540217667584	1788730540218487808	1000000000	820.224	cc_tinlayout_fused_swin_1h_32_1_chained_fp8	cc_tinlayout_fused_swin_1h_32_1_chained_fp8
1097	1	1788730540218491904	1788730540219329536	1000000000	837.632	cc_tinlayout_fused_swin_1h_32_1_ds_wait_fp8	cc_tinlayout_fused_swin_1h_32_1_ds_wait_fp8
1098	1	1788730540219333632	1788730540219827200	1000000000	493.568	cc_tinlayout_fused_swin_2h_64_2_inpview_tilesync_fp8	cc_tinlayout_fused_swin_2h_64_2_inpview_tilesync_fp8
1099	1	1788730540219831296	1788730540220356608	1000000000	525.312	cc_tinlayout_fused_swin_2h_64_2_chained_fp8	cc_tinlayout_fused_swin_2h_64_2_chained_fp8
1100	1	1788730540220360704	1788730540220849152	1000000000	488.448	cc_tinlayout_fused_swin_2h_64_2_chained_fp8	cc_tinlayout_fused_swin_2h_64_2_chained_fp8
1101	1	1788730540220853248	1788730540221381632	1000000000	528.384	cc_tinlayout_fused_swin_2h_64_2_ds_wait_fp8	cc_tinlayout_fused_swin_2h_64_2_ds_wait_fp8
1102	1	1788730540221385728	1788730540221716480	1000000000	330.752	cc_tinlayout_fused_swin_4h_128_4_inpview_tilesync_fp8	cc_tinlayout_fused_swin_4h_128_4_inpview_tilesync_fp8
1103	1	1788730540221720576	1788730540222048256	1000000000	327.68	cc_tinlayout_fused_swin_4h_128_4_chained_fp8	cc_tinlayout_fused_swin_4h_128_4_chained_fp8
1104	1	1788730540222052352	1788730540222370816	1000000000	318.464	cc_tinlayout_fused_swin_4h_128_4_chained_fp8	cc_tinlayout_fused_swin_4h_128_4_chained_fp8
1105	1	1788730540222374912	1788730540222696448	1000000000	321.536	cc_tinlayout_fused_swin_4h_128_4_chained_fp8	cc_tinlayout_fused_swin_4h_128_4_chained_fp8
1106	1	1788730540222700544	1788730540223020032	1000000000	319.488	cc_tinlayout_fused_swin_4h_128_4_chained_fp8	cc_tinlayout_fused_swin_4h_128_4_chained_fp8
1107	1	1788730540223024128	1788730540223388672	1000000000	364.544	cc_tinlayout_fused_swin_4h_128_4_ds_wait_fp8	cc_tinlayout_fused_swin_4h_128_4_ds_wait_fp8
1108	1	1788730540223392768	1788730540223716352	1000000000	323.584	cc_tinlayout_fused_swin_8h_256_8_inpview_tilesync_fp8	cc_tinlayout_fused_swin_8h_256_8_inpview_tilesync_fp8
1109	1	1788730540223720448	1788730540224132096	1000000000	411.648	cc_tinlayout_fused_swin_8h_256_8_chained_fp8	cc_tinlayout_fused_swin_8h_256_8_chained_fp8
1110	1	1788730540224136192	1788730540224530432	1000000000	394.24	cc_tinlayout_fused_swin_8h_256_8_chained_fp8	cc_tinlayout_fused_swin_8h_256_8_chained_fp8
1111	1	1788730540224534528	1788730540224838656	1000000000	304.128	cc_tinlayout_fused_swin_8h_256_8_chained_fp8	cc_tinlayout_fused_swin_8h_256_8_chained_fp8
1112	1	1788730540224842752	1788730540225157120	1000000000	314.368	cc_tinlayout_fused_swin_8h_256_8_chained_fp8	cc_tinlayout_fused_swin_8h_256_8_chained_fp8
1113	1	1788730540225161216	1788730540225545216	1000000000	384	cc_tinlayout_fused_swin_8h_256_8_chained_fp8	cc_tinlayout_fused_swin_8h_256_8_chained_fp8
1114	1	1788730540225549312	1788730540225941504	1000000000	392.192	cc_tinlayout_fused_swin_8h_256_8_chained_fp8	cc_tinlayout_fused_swin_8h_256_8_chained_fp8
1115	1	1788730540225945600	1788730540226304000	1000000000	358.4	cc_tinlayout_fused_swin_8h_256_8_ds_wait_fp8	cc_tinlayout_fused_swin_8h_256_8_ds_wait_fp8
1116	1	1788730540226308096	1788730540226401280	1000000000	93.184	cc_split_swin_16h_ffwd_inpview_512_tilesync_fp8	cc_split_swin_16h_ffwd_inpview_512_tilesync_fp8
1117	1	1788730540226405376	1788730540226498560	1000000000	93.184	cc_split_swin_16h_ffwd_proj_inpview_512_chained_fp8	cc_split_swin_16h_ffwd_proj_inpview_512_chained_fp8
1118	1	1788730540226502656	1788730540226591744	1000000000	89.088	cc_split_swin_16h_qkv_512_chained_fp8	cc_split_swin_16h_qkv_512_chained_fp8
1119	1	1788730540226595840	1788730540226642944	1000000000	47.104	cc_split_swin_16h_proj_512_chained_fp8	cc_split_swin_16h_proj_512_chained_fp8
1120	1	1788730540226647040	1788730540226739200	1000000000	92.16	cc_split_swin_16h_ffwd_512_chained_fp8	cc_split_swin_16h_ffwd_512_chained_fp8
1121	1	1788730540226743648	1788730540226793472	1000000000	49.824	cc_split_swin_16h_ffwd_proj_512_chained_fp8	cc_split_swin_16h_ffwd_proj_512_chained_fp8
1122	1	1788730540226797568	1788730540226906112	1000000000	108.544	cc_split_swin_16h_qkv_512_chained_fp8	cc_split_swin_16h_qkv_512_chained_fp8
1123	1	1788730540226910208	1788730540226960384	1000000000	50.176	cc_split_swin_16h_proj_512_chained_fp8	cc_split_swin_16h_proj_512_chained_fp8
1124	1	1788730540226964480	1788730540227056640	1000000000	92.16	cc_split_swin_16h_ffwd_512_chained_fp8	cc_split_swin_16h_ffwd_512_chained_fp8
1125	1	1788730540227060736	1788730540227109888	1000000000	49.152	cc_split_swin_16h_ffwd_proj_512_chained_fp8	cc_split_swin_16h_ffwd_proj_512_chained_fp8
1126	1	1788730540227113984	1788730540227223552	1000000000	109.568	cc_split_swin_16h_qkv_512_chained_fp8	cc_split_swin_16h_qkv_512_chained_fp8
1127	1	1788730540227227648	1788730540227277824	1000000000	50.176	cc_split_swin_16h_proj_512_chained_fp8	cc_split_swin_16h_proj_512_chained_fp8
1128	1	1788730540227281920	1788730540227374080	1000000000	92.16	cc_split_swin_16h_ffwd_512_chained_fp8	cc_split_swin_16h_ffwd_512_chained_fp8
1129	1	1788730540227378176	1788730540227428352	1000000000	50.176	cc_split_swin_16h_ffwd_proj_512_chained_fp8	cc_split_swin_16h_ffwd_proj_512_chained_fp8
1130	1	1788730540227432448	1788730540227540992	1000000000	108.544	cc_split_swin_16h_qkv_512_chained_fp8	cc_split_swin_16h_qkv_512_chained_fp8
1131	1	1788730540227545088	1788730540227591168	1000000000	46.08	cc_split_swin_16h_proj_512_chained_fp8	cc_split_swin_16h_proj_512_chained_fp8
1132	1	1788730540227595264	1788730540227687424	1000000000	92.16	cc_split_swin_16h_ffwd_512_chained_fp8	cc_split_swin_16h_ffwd_512_chained_fp8
1133	1	1788730540227691520	1788730540227739648	1000000000	48.128	cc_split_swin_16h_ffwd_proj_512_chained_fp8	cc_split_swin_16h_ffwd_proj_512_chained_fp8
1134	1	1788730540227743744	1788730540227830784	1000000000	87.04	cc_split_swin_16h_qkv_512_chained_fp8	cc_split_swin_16h_qkv_512_chained_fp8
1135	1	1788730540227834880	1788730540227880960	1000000000	46.08	cc_split_swin_16h_proj_512_chained_fp8	cc_split_swin_16h_proj_512_chained_fp8
1136	1	1788730540227885056	1788730540227977216	1000000000	92.16	cc_split_swin_16h_ffwd_512_chained_fp8	cc_split_swin_16h_ffwd_512_chained_fp8
1137	1	1788730540227985408	1788730540228032512	1000000000	47.104	cc_split_swin_16h_ffwd_proj_512_chained_fp8	cc_split_swin_16h_ffwd_proj_512_chained_fp8
1138	1	1788730540228036608	1788730540228146176	1000000000	109.568	cc_split_swin_16h_qkv_512_chained_fp8	cc_split_swin_16h_qkv_512_chained_fp8
1139	1	1788730540228150272	1788730540228199424	1000000000	49.152	cc_split_swin_16h_proj_512_chained_fp8	cc_split_swin_16h_proj_512_chained_fp8
1140	1	1788730540228202496	1788730540228294656	1000000000	92.16	cc_split_swin_16h_ffwd_512_chained_fp8	cc_split_swin_16h_ffwd_512_chained_fp8
1141	1	1788730540228297728	1788730540228346880	1000000000	49.152	cc_split_swin_16h_ffwd_proj_512_chained_fp8	cc_split_swin_16h_ffwd_proj_512_chained_fp8
1142	1	1788730540228352000	1788730540228458496	1000000000	106.496	cc_split_swin_16h_qkv_512_chained_fp8	cc_split_swin_16h_qkv_512_chained_fp8
1143	1	1788730540228462592	1788730540228511744	1000000000	49.152	cc_split_swin_16h_proj_512_chained_fp8	cc_split_swin_16h_proj_512_chained_fp8
1144	1	1788730540228515840	1788730540228608000	1000000000	92.16	cc_split_swin_16h_ffwd_512_chained_fp8	cc_split_swin_16h_ffwd_512_chained_fp8
1145	1	1788730540228612096	1788730540228660224	1000000000	48.128	cc_split_swin_16h_ffwd_proj_512_chained_fp8	cc_split_swin_16h_ffwd_proj_512_chained_fp8
1146	1	1788730540228664320	1788730540228771840	1000000000	107.52	cc_split_swin_16h_qkv_512_chained_fp8	cc_split_swin_16h_qkv_512_chained_fp8
1147	1	1788730540228775936	1788730540228817920	1000000000	41.984	cc_split_swin_16h_proj_pool_512_chained_fp8	cc_split_swin_16h_proj_pool_512_chained_fp8
1148	1	1788730540228822016	1788730540228851712	1000000000	29.696	cc_split_swin_16h_final_head_512_wait_fp8	cc_split_swin_16h_final_head_512_wait_fp8
1149	1	1788730540228855808	1788730540228862976	1000000000	7.168	cc_vit_1d_repack_2d_to_1d_fp8	cc_vit_1d_repack_2d_to_1d_fp8
1150	1	1788730540228867072	1788730540229040128	1000000000	173.056	cc_vit_1d_ffn_expand_publish_fp8	cc_vit_1d_ffn_expand_publish_fp8
1151	1	1788730540229044224	1788730540229161984	1000000000	117.76	cc_vit_1d_ffn_contract_chained_fp8	cc_vit_1d_ffn_contract_chained_fp8
1152	1	1788730540229167104	1788730540229267456	1000000000	100.352	cc_vit_1d_qkv_chained_fp8	cc_vit_1d_qkv_chained_fp8
1153	1	1788730540229271552	1788730540229369856	1000000000	98.304	cc_vit_1d_attention_chained_fp8	cc_vit_1d_attention_chained_fp8
1154	1	1788730540229373952	1788730540229421056	1000000000	47.104	cc_vit_1d_projection_chained_fp8	cc_vit_1d_projection_chained_fp8
1155	1	1788730540229425152	1788730540229576704	1000000000	151.552	cc_vit_1d_ffn_expand_chained_fp8	cc_vit_1d_ffn_expand_chained_fp8
1156	1	1788730540229580800	1788730540229699584	1000000000	118.784	cc_vit_1d_ffn_contract_chained_fp8	cc_vit_1d_ffn_contract_chained_fp8
1157	1	1788730540229703680	1788730540229803008	1000000000	99.328	cc_vit_1d_qkv_chained_fp8	cc_vit_1d_qkv_chained_fp8
1158	1	1788730540229807104	1788730540229905408	1000000000	98.304	cc_vit_1d_attention_chained_fp8	cc_vit_1d_attention_chained_fp8
1159	1	1788730540229909504	1788730540229955584	1000000000	46.08	cc_vit_1d_projection_chained_fp8	cc_vit_1d_projection_chained_fp8
1160	1	1788730540229959680	1788730540230112256	1000000000	152.576	cc_vit_1d_ffn_expand_chained_fp8	cc_vit_1d_ffn_expand_chained_fp8
1161	1	1788730540230116352	1788730540230235136	1000000000	118.784	cc_vit_1d_ffn_contract_chained_fp8	cc_vit_1d_ffn_contract_chained_fp8
1162	1	1788730540230239232	1788730540230338560	1000000000	99.328	cc_vit_1d_qkv_chained_fp8	cc_vit_1d_qkv_chained_fp8
1163	1	1788730540230342656	1788730540230440960	1000000000	98.304	cc_vit_1d_attention_chained_fp8	cc_vit_1d_attention_chained_fp8
1164	1	1788730540230445056	1788730540230492160	1000000000	47.104	cc_vit_1d_projection_chained_fp8	cc_vit_1d_projection_chained_fp8
1165	1	1788730540230496256	1788730540230648832	1000000000	152.576	cc_vit_1d_ffn_expand_chained_fp8	cc_vit_1d_ffn_expand_chained_fp8
1166	1	1788730540230652928	1788730540230770688	1000000000	117.76	cc_vit_1d_ffn_contract_chained_fp8	cc_vit_1d_ffn_contract_chained_fp8
1167	1	1788730540230775808	1788730540230874112	1000000000	98.304	cc_vit_1d_qkv_chained_fp8	cc_vit_1d_qkv_chained_fp8
1168	1	1788730540230880608	1788730540230979584	1000000000	98.976	cc_vit_1d_attention_chained_fp8	cc_vit_1d_attention_chained_fp8
1169	1	1788730540230983680	1788730540231030784	1000000000	47.104	cc_vit_1d_projection_chained_fp8	cc_vit_1d_projection_chained_fp8
1170	1	1788730540231034880	1788730540231189504	1000000000	154.624	cc_vit_1d_ffn_expand_chained_fp8	cc_vit_1d_ffn_expand_chained_fp8
1171	1	1788730540231193600	1788730540231310336	1000000000	116.736	cc_vit_1d_ffn_contract_chained_fp8	cc_vit_1d_ffn_contract_chained_fp8
1172	1	1788730540231315456	1788730540231414784	1000000000	99.328	cc_vit_1d_qkv_chained_fp8	cc_vit_1d_qkv_chained_fp8
1173	1	1788730540231418880	1788730540231517184	1000000000	98.304	cc_vit_1d_attention_chained_fp8	cc_vit_1d_attention_chained_fp8
1174	1	1788730540231521280	1788730540231568384	1000000000	47.104	cc_vit_1d_projection_chained_fp8	cc_vit_1d_projection_chained_fp8
1175	1	1788730540231572480	1788730540231725056	1000000000	152.576	cc_vit_1d_ffn_expand_chained_fp8	cc_vit_1d_ffn_expand_chained_fp8
1176	1	1788730540231729152	1788730540231847936	1000000000	118.784	cc_vit_1d_ffn_contract_chained_fp8	cc_vit_1d_ffn_contract_chained_fp8
1177	1	1788730540231852032	1788730540231952384	1000000000	100.352	cc_vit_1d_qkv_chained_fp8	cc_vit_1d_qkv_chained_fp8
1178	1	1788730540231956480	1788730540232054784	1000000000	98.304	cc_vit_1d_attention_chained_fp8	cc_vit_1d_attention_chained_fp8
1179	1	1788730540232058880	1788730540232107008	1000000000	48.128	cc_vit_1d_projection_chained_fp8	cc_vit_1d_projection_chained_fp8
1180	1	1788730540232111104	1788730540232262656	1000000000	151.552	cc_vit_1d_ffn_expand_chained_fp8	cc_vit_1d_ffn_expand_chained_fp8
1181	1	1788730540232266752	1788730540232384512	1000000000	117.76	cc_vit_1d_ffn_contract_chained_fp8	cc_vit_1d_ffn_contract_chained_fp8
1182	1	1788730540232388608	1788730540232488960	1000000000	100.352	cc_vit_1d_qkv_chained_fp8	cc_vit_1d_qkv_chained_fp8
1183	1	1788730540232493056	1788730540232591360	1000000000	98.304	cc_vit_1d_attention_chained_fp8	cc_vit_1d_attention_chained_fp8
1184	1	1788730540232595456	1788730540232645632	1000000000	50.176	cc_vit_1d_projection_chained_fp8	cc_vit_1d_projection_chained_fp8
1185	1	1788730540232648704	1788730540232804352	1000000000	155.648	cc_vit_1d_ffn_expand_chained_fp8	cc_vit_1d_ffn_expand_chained_fp8
1186	1	1788730540232808448	1788730540232926208	1000000000	117.76	cc_vit_1d_ffn_contract_chained_fp8	cc_vit_1d_ffn_contract_chained_fp8
1187	1	1788730540232930304	1788730540233030656	1000000000	100.352	cc_vit_1d_qkv_chained_fp8	cc_vit_1d_qkv_chained_fp8
1188	1	1788730540233034752	1788730540233133056	1000000000	98.304	cc_vit_1d_attention_chained_fp8	cc_vit_1d_attention_chained_fp8
1189	1	1788730540233137152	1788730540233184256	1000000000	47.104	cc_vit_1d_projection_wait_fp8	cc_vit_1d_projection_wait_fp8
1190	1	1788730540233188352	1788730540233195520	1000000000	7.168	cc_vit_1d_repack_1d_to_2d_fp8	cc_vit_1d_repack_1d_to_2d_fp8
1191	1	1788730540233199616	1788730540233237504	1000000000	37.888	cc_dec_input_upsample_1024_512_tilesync_fp8	cc_dec_input_upsample_1024_512_tilesync_fp8
1192	1	1788730540233241600	1788730540233333760	1000000000	92.16	cc_split_swin_16h_ffwd_512_chained_fp8	cc_split_swin_16h_ffwd_512_chained_fp8
1193	1	1788730540233337856	1788730540233387008	1000000000	49.152	cc_split_swin_16h_ffwd_proj_512_chained_fp8	cc_split_swin_16h_ffwd_proj_512_chained_fp8
1194	1	1788730540233392128	1788730540233478144	1000000000	86.016	cc_split_swin_16h_qkv_512_chained_fp8	cc_split_swin_16h_qkv_512_chained_fp8
1195	1	1788730540233482240	1788730540233529344	1000000000	47.104	cc_split_swin_16h_proj_512_chained_fp8	cc_split_swin_16h_proj_512_chained_fp8
1196	1	1788730540233533440	1788730540233624576	1000000000	91.136	cc_split_swin_16h_ffwd_512_chained_fp8	cc_split_swin_16h_ffwd_512_chained_fp8
1197	1	1788730540233628672	1788730540233677824	1000000000	49.152	cc_split_swin_16h_ffwd_proj_512_chained_fp8	cc_split_swin_16h_ffwd_proj_512_chained_fp8
1198	1	1788730540233681920	1788730540233791488	1000000000	109.568	cc_split_swin_16h_qkv_512_chained_fp8	cc_split_swin_16h_qkv_512_chained_fp8
1199	1	1788730540233794560	1788730540233843712	1000000000	49.152	cc_split_swin_16h_proj_512_chained_fp8	cc_split_swin_16h_proj_512_chained_fp8
1200	1	1788730540233847808	1788730540233938944	1000000000	91.136	cc_split_swin_16h_ffwd_512_chained_fp8	cc_split_swin_16h_ffwd_512_chained_fp8
1201	1	1788730540233943040	1788730540233993216	1000000000	50.176	cc_split_swin_16h_ffwd_proj_512_chained_fp8	cc_split_swin_16h_ffwd_proj_512_chained_fp8
1202	1	1788730540233997312	1788730540234105856	1000000000	108.544	cc_split_swin_16h_qkv_512_chained_fp8	cc_split_swin_16h_qkv_512_chained_fp8
1203	1	1788730540234109952	1788730540234159104	1000000000	49.152	cc_split_swin_16h_proj_512_chained_fp8	cc_split_swin_16h_proj_512_chained_fp8
1204	1	1788730540234163200	1788730540234255360	1000000000	92.16	cc_split_swin_16h_ffwd_512_chained_fp8	cc_split_swin_16h_ffwd_512_chained_fp8
1205	1	1788730540234259456	1788730540234308608	1000000000	49.152	cc_split_swin_16h_ffwd_proj_512_chained_fp8	cc_split_swin_16h_ffwd_proj_512_chained_fp8
1206	1	1788730540234311680	1788730540234420224	1000000000	108.544	cc_split_swin_16h_qkv_512_chained_fp8	cc_split_swin_16h_qkv_512_chained_fp8
1207	1	1788730540234423296	1788730540234471424	1000000000	48.128	cc_split_swin_16h_proj_512_chained_fp8	cc_split_swin_16h_proj_512_chained_fp8
1208	1	1788730540234475520	1788730540234566656	1000000000	91.136	cc_split_swin_16h_ffwd_512_chained_fp8	cc_split_swin_16h_ffwd_512_chained_fp8
1209	1	1788730540234570752	1788730540234619904	1000000000	49.152	cc_split_swin_16h_ffwd_proj_512_chained_fp8	cc_split_swin_16h_ffwd_proj_512_chained_fp8
1210	1	1788730540234625024	1788730540234712064	1000000000	87.04	cc_split_swin_16h_qkv_512_chained_fp8	cc_split_swin_16h_qkv_512_chained_fp8
1211	1	1788730540234716160	1788730540234763264	1000000000	47.104	cc_split_swin_16h_proj_512_chained_fp8	cc_split_swin_16h_proj_512_chained_fp8
1212	1	1788730540234767360	1788730540234859520	1000000000	92.16	cc_split_swin_16h_ffwd_512_chained_fp8	cc_split_swin_16h_ffwd_512_chained_fp8
1213	1	1788730540234863616	1788730540234912768	1000000000	49.152	cc_split_swin_16h_ffwd_proj_512_chained_fp8	cc_split_swin_16h_ffwd_proj_512_chained_fp8
1214	1	1788730540234916864	1788730540235026432	1000000000	109.568	cc_split_swin_16h_qkv_512_chained_fp8	cc_split_swin_16h_qkv_512_chained_fp8
1215	1	1788730540235030528	1788730540235079680	1000000000	49.152	cc_split_swin_16h_proj_512_chained_fp8	cc_split_swin_16h_proj_512_chained_fp8
1216	1	1788730540235083776	1788730540235175936	1000000000	92.16	cc_split_swin_16h_ffwd_512_chained_fp8	cc_split_swin_16h_ffwd_512_chained_fp8
1217	1	1788730540235180032	1788730540235228160	1000000000	48.128	cc_split_swin_16h_ffwd_proj_512_chained_fp8	cc_split_swin_16h_ffwd_proj_512_chained_fp8
1218	1	1788730540235232256	1788730540235341824	1000000000	109.568	cc_split_swin_16h_qkv_512_chained_fp8	cc_split_swin_16h_qkv_512_chained_fp8
1219	1	1788730540235344896	1788730540235395072	1000000000	50.176	cc_split_swin_16h_proj_512_chained_fp8	cc_split_swin_16h_proj_512_chained_fp8
1220	1	1788730540235399168	1788730540235491328	1000000000	92.16	cc_split_swin_16h_ffwd_512_chained_fp8	cc_split_swin_16h_ffwd_512_chained_fp8
1221	1	1788730540235495424	1788730540235543552	1000000000	48.128	cc_split_swin_16h_ffwd_proj_512_chained_fp8	cc_split_swin_16h_ffwd_proj_512_chained_fp8
1222	1	1788730540235547648	1788730540235656192	1000000000	108.544	cc_split_swin_16h_qkv_512_chained_fp8	cc_split_swin_16h_qkv_512_chained_fp8
1223	1	1788730540235660288	1788730540235756544	1000000000	96.256	cc_split_swin_16h_proj_512_outview_wait_fp8	cc_split_swin_16h_proj_512_outview_wait_fp8
1224	1	1788730540235760640	1788730540236127232	1000000000	366.592	cc_tinlayout_fused_swin_8h_256_8_upsample_tilesync_fp8	cc_tinlayout_fused_swin_8h_256_8_upsample_tilesync_fp8
1225	1	1788730540236131328	1788730540236539904	1000000000	408.576	cc_tinlayout_fused_swin_8h_256_8_chained_fp8	cc_tinlayout_fused_swin_8h_256_8_chained_fp8
1226	1	1788730540236544000	1788730540236944384	1000000000	400.384	cc_tinlayout_fused_swin_8h_256_8_chained_fp8	cc_tinlayout_fused_swin_8h_256_8_chained_fp8
1227	1	1788730540236948480	1788730540237246464	1000000000	297.984	cc_tinlayout_fused_swin_8h_256_8_chained_fp8	cc_tinlayout_fused_swin_8h_256_8_chained_fp8
1228	1	1788730540237250560	1788730540237562880	1000000000	312.32	cc_tinlayout_fused_swin_8h_256_8_chained_fp8	cc_tinlayout_fused_swin_8h_256_8_chained_fp8
1229	1	1788730540237566976	1788730540237941760	1000000000	374.784	cc_tinlayout_fused_swin_8h_256_8_chained_fp8	cc_tinlayout_fused_swin_8h_256_8_chained_fp8
1230	1	1788730540237945856	1788730540238340096	1000000000	394.24	cc_tinlayout_fused_swin_8h_256_8_chained_fp8	cc_tinlayout_fused_swin_8h_256_8_chained_fp8
1231	1	1788730540238344192	1788730540238652416	1000000000	308.224	cc_tinlayout_fused_swin_8h_256_8_outview_wait_fp8	cc_tinlayout_fused_swin_8h_256_8_outview_wait_fp8
1232	1	1788730540238656512	1788730540239076352	1000000000	419.84	cc_tinlayout_fused_swin_4h_128_4_upsample_tilesync_fp8	cc_tinlayout_fused_swin_4h_128_4_upsample_tilesync_fp8
1233	1	1788730540239080448	1788730540239407104	1000000000	326.656	cc_tinlayout_fused_swin_4h_128_4_chained_fp8	cc_tinlayout_fused_swin_4h_128_4_chained_fp8
1234	1	1788730540239411200	1788730540239727616	1000000000	316.416	cc_tinlayout_fused_swin_4h_128_4_chained_fp8	cc_tinlayout_fused_swin_4h_128_4_chained_fp8
1235	1	1788730540239730688	1788730540240052224	1000000000	321.536	cc_tinlayout_fused_swin_4h_128_4_chained_fp8	cc_tinlayout_fused_swin_4h_128_4_chained_fp8
1236	1	1788730540240056320	1788730540240378880	1000000000	322.56	cc_tinlayout_fused_swin_4h_128_4_chained_fp8	cc_tinlayout_fused_swin_4h_128_4_chained_fp8
1237	1	1788730540240382976	1788730540240713728	1000000000	330.752	cc_tinlayout_fused_swin_4h_128_4_outview_wait_fp8	cc_tinlayout_fused_swin_4h_128_4_outview_wait_fp8
1238	1	1788730540240716800	1788730540241429504	1000000000	712.704	cc_tinlayout_fused_swin_2h_64_2_upsample_tilesync_fp8	cc_tinlayout_fused_swin_2h_64_2_upsample_tilesync_fp8
1239	1	1788730540241433600	1788730540241966080	1000000000	532.48	cc_tinlayout_fused_swin_2h_64_2_chained_fp8	cc_tinlayout_fused_swin_2h_64_2_chained_fp8
1240	1	1788730540241970176	1788730540242459648	1000000000	489.472	cc_tinlayout_fused_swin_2h_64_2_chained_fp8	cc_tinlayout_fused_swin_2h_64_2_chained_fp8
1241	1	1788730540242467840	1788730540242962432	1000000000	494.592	cc_tinlayout_fused_swin_2h_64_2_outview_wait_fp8	cc_tinlayout_fused_swin_2h_64_2_outview_wait_fp8
1242	1	1788730540242966528	1788730540245026816	1000000000	2060.29	cc_tinlayout_fused_swin_1h_32_1_upsample_tilesync_fp8	cc_tinlayout_fused_swin_1h_32_1_upsample_tilesync_fp8
1243	1	1788730540245031936	1788730540246171648	1000000000	1139.71	cc_tinlayout_fused_swin_1h_32_1_chained_fp8	cc_tinlayout_fused_swin_1h_32_1_chained_fp8
1244	1	1788730540246176768	1788730540246986752	1000000000	809.984	cc_tinlayout_fused_swin_1h_32_1_chained_fp8	cc_tinlayout_fused_swin_1h_32_1_chained_fp8
1245	1	1788730540246990848	1788730540248031232	1000000000	1040.38	cc_tinlayout_fused_swin_1h_32_1_outview_wait_fp8	cc_tinlayout_fused_swin_1h_32_1_outview_wait_fp8
1246	1	1788730540248035328	1788730540253317120	1000000000	5281.79	cc_tinlayout_fused_post_block_swin_1h_32_fp8	cc_tinlayout_fused_post_block_swin_1h_32_fp8
1247	1	1788730540253321216	1788730540253361152	1000000000	39.936	cg2r_copy_kernel	cg2r_copy_kernel
1248	1	1788730540443005952	1788730540443011072	1000000000	5.12	cc_cb_clear	cc_cb_clear
1249	1	1788730540443017216	1788730540447721472	1000000000	4704.26	cc_tinlayout_fused_pre_block_swin_1h_32_1_ds_fp8	cc_tinlayout_fused_pre_block_swin_1h_32_1_ds_fp8
1250	1	1788730540447727616	1788730540448913408	1000000000	1185.79	cc_tinlayout_fused_swin_1h_32_1_inpview_tilesync_fp8	cc_tinlayout_fused_swin_1h_32_1_inpview_tilesync_fp8
1251	1	1788730540448919552	1788730540450927616	1000000000	2008.06	cc_tinlayout_fused_swin_1h_32_1_chained_fp8	cc_tinlayout_fused_swin_1h_32_1_chained_fp8
1252	1	1788730540450934784	1788730540452250624	1000000000	1315.84	cc_tinlayout_fused_swin_1h_32_1_chained_fp8	cc_tinlayout_fused_swin_1h_32_1_chained_fp8
1253	1	1788730540452256768	1788730540453608448	1000000000	1351.68	cc_tinlayout_fused_swin_1h_32_1_ds_wait_fp8	cc_tinlayout_fused_swin_1h_32_1_ds_wait_fp8
1254	1	1788730540453614592	1788730540454405120	1000000000	790.528	cc_tinlayout_fused_swin_2h_64_2_inpview_tilesync_fp8	cc_tinlayout_fused_swin_2h_64_2_inpview_tilesync_fp8
1255	1	1788730540454411264	1788730540455240704	1000000000	829.44	cc_tinlayout_fused_swin_2h_64_2_chained_fp8	cc_tinlayout_fused_swin_2h_64_2_chained_fp8
1256	1	1788730540455246848	1788730540456003584	1000000000	756.736	cc_tinlayout_fused_swin_2h_64_2_chained_fp8	cc_tinlayout_fused_swin_2h_64_2_chained_fp8
1257	1	1788730540456009728	1788730540456828928	1000000000	819.2	cc_tinlayout_fused_swin_2h_64_2_ds_wait_fp8	cc_tinlayout_fused_swin_2h_64_2_ds_wait_fp8
1258	1	1788730540456835072	1788730540457366528	1000000000	531.456	cc_tinlayout_fused_swin_4h_128_4_inpview_tilesync_fp8	cc_tinlayout_fused_swin_4h_128_4_inpview_tilesync_fp8
1259	1	1788730540457376768	1788730540457891840	1000000000	515.072	cc_tinlayout_fused_swin_4h_128_4_chained_fp8	cc_tinlayout_fused_swin_4h_128_4_chained_fp8
1260	1	1788730540457897984	1788730540458400768	1000000000	502.784	cc_tinlayout_fused_swin_4h_128_4_chained_fp8	cc_tinlayout_fused_swin_4h_128_4_chained_fp8
1261	1	1788730540458406912	1788730540458909696	1000000000	502.784	cc_tinlayout_fused_swin_4h_128_4_chained_fp8	cc_tinlayout_fused_swin_4h_128_4_chained_fp8
1262	1	1788730540458916864	1788730540459414528	1000000000	497.664	cc_tinlayout_fused_swin_4h_128_4_chained_fp8	cc_tinlayout_fused_swin_4h_128_4_chained_fp8
1263	1	1788730540459420672	1788730540459996160	1000000000	575.488	cc_tinlayout_fused_swin_4h_128_4_ds_wait_fp8	cc_tinlayout_fused_swin_4h_128_4_ds_wait_fp8
1264	1	1788730540460002304	1788730540460517376	1000000000	515.072	cc_tinlayout_fused_swin_8h_256_8_inpview_tilesync_fp8	cc_tinlayout_fused_swin_8h_256_8_inpview_tilesync_fp8
1265	1	1788730540460523520	1788730540461172736	1000000000	649.216	cc_tinlayout_fused_swin_8h_256_8_chained_fp8	cc_tinlayout_fused_swin_8h_256_8_chained_fp8
1266	1	1788730540461178880	1788730540461794304	1000000000	615.424	cc_tinlayout_fused_swin_8h_256_8_chained_fp8	cc_tinlayout_fused_swin_8h_256_8_chained_fp8
1267	1	1788730540461800448	1788730540462276608	1000000000	476.16	cc_tinlayout_fused_swin_8h_256_8_chained_fp8	cc_tinlayout_fused_swin_8h_256_8_chained_fp8
1268	1	1788730540462281728	1788730540462775296	1000000000	493.568	cc_tinlayout_fused_swin_8h_256_8_chained_fp8	cc_tinlayout_fused_swin_8h_256_8_chained_fp8
1269	1	1788730540462786560	1788730540463382528	1000000000	595.968	cc_tinlayout_fused_swin_8h_256_8_chained_fp8	cc_tinlayout_fused_swin_8h_256_8_chained_fp8
1270	1	1788730540463388672	1788730540464006144	1000000000	617.472	cc_tinlayout_fused_swin_8h_256_8_chained_fp8	cc_tinlayout_fused_swin_8h_256_8_chained_fp8
1271	1	1788730540464013312	1788730540465157120	1000000000	1143.81	cc_tinlayout_fused_swin_8h_256_8_ds_wait_fp8	cc_tinlayout_fused_swin_8h_256_8_ds_wait_fp8
1272	1	1788730540465170432	1788730540465316864	1000000000	146.432	cc_split_swin_16h_ffwd_inpview_512_tilesync_fp8	cc_split_swin_16h_ffwd_inpview_512_tilesync_fp8
1273	1	1788730540465323008	1788730540465489920	1000000000	166.912	cc_split_swin_16h_ffwd_proj_inpview_512_chained_fp8	cc_split_swin_16h_ffwd_proj_inpview_512_chained_fp8
1274	1	1788730540465496064	1788730540466719744	1000000000	1223.68	cc_split_swin_16h_qkv_512_chained_fp8	cc_split_swin_16h_qkv_512_chained_fp8
1275	1	1788730540466734080	1788730540466811904	1000000000	77.824	cc_split_swin_16h_proj_512_chained_fp8	cc_split_swin_16h_proj_512_chained_fp8
1276	1	1788730540466818048	1788730540466960384	1000000000	142.336	cc_split_swin_16h_ffwd_512_chained_fp8	cc_split_swin_16h_ffwd_512_chained_fp8
1277	1	1788730540466965504	1788730540467045376	1000000000	79.872	cc_split_swin_16h_ffwd_proj_512_chained_fp8	cc_split_swin_16h_ffwd_proj_512_chained_fp8
1278	1	1788730540467051520	1788730540467640320	1000000000	588.8	cc_split_swin_16h_qkv_512_chained_fp8	cc_split_swin_16h_qkv_512_chained_fp8
1279	1	1788730540467653632	1788730540467732480	1000000000	78.848	cc_split_swin_16h_proj_512_chained_fp8	cc_split_swin_16h_proj_512_chained_fp8
1280	1	1788730540467738624	1788730540467881984	1000000000	143.36	cc_split_swin_16h_ffwd_512_chained_fp8	cc_split_swin_16h_ffwd_512_chained_fp8
1281	1	1788730540467887104	1788730540467966976	1000000000	79.872	cc_split_swin_16h_ffwd_proj_512_chained_fp8	cc_split_swin_16h_ffwd_proj_512_chained_fp8
1282	1	1788730540467973120	1788730540468142080	1000000000	168.96	cc_split_swin_16h_qkv_512_chained_fp8	cc_split_swin_16h_qkv_512_chained_fp8
1283	1	1788730540468148224	1788730540468225024	1000000000	76.8	cc_split_swin_16h_proj_512_chained_fp8	cc_split_swin_16h_proj_512_chained_fp8
1284	1	1788730540468231168	1788730540468373504	1000000000	142.336	cc_split_swin_16h_ffwd_512_chained_fp8	cc_split_swin_16h_ffwd_512_chained_fp8
1285	1	1788730540468378624	1788730540468457472	1000000000	78.848	cc_split_swin_16h_ffwd_proj_512_chained_fp8	cc_split_swin_16h_ffwd_proj_512_chained_fp8
1286	1	1788730540468463616	1788730540468631552	1000000000	167.936	cc_split_swin_16h_qkv_512_chained_fp8	cc_split_swin_16h_qkv_512_chained_fp8
1287	1	1788730540468637696	1788730540468710400	1000000000	72.704	cc_split_swin_16h_proj_512_chained_fp8	cc_split_swin_16h_proj_512_chained_fp8
1288	1	1788730540468716544	1788730540468857856	1000000000	141.312	cc_split_swin_16h_ffwd_512_chained_fp8	cc_split_swin_16h_ffwd_512_chained_fp8
1289	1	1788730540468862976	1788730540468943872	1000000000	80.896	cc_split_swin_16h_ffwd_proj_512_chained_fp8	cc_split_swin_16h_ffwd_proj_512_chained_fp8
1290	1	1788730540468950016	1788730540469084160	1000000000	134.144	cc_split_swin_16h_qkv_512_chained_fp8	cc_split_swin_16h_qkv_512_chained_fp8
1291	1	1788730540469090304	1788730540469163008	1000000000	72.704	cc_split_swin_16h_proj_512_chained_fp8	cc_split_swin_16h_proj_512_chained_fp8
1292	1	1788730540469169152	1788730540469311488	1000000000	142.336	cc_split_swin_16h_ffwd_512_chained_fp8	cc_split_swin_16h_ffwd_512_chained_fp8
1293	1	1788730540469317632	1788730540469397504	1000000000	79.872	cc_split_swin_16h_ffwd_proj_512_chained_fp8	cc_split_swin_16h_ffwd_proj_512_chained_fp8
1294	1	1788730540469403648	1788730540469574656	1000000000	171.008	cc_split_swin_16h_qkv_512_chained_fp8	cc_split_swin_16h_qkv_512_chained_fp8
1295	1	1788730540469580800	1788730540469656576	1000000000	75.776	cc_split_swin_16h_proj_512_chained_fp8	cc_split_swin_16h_proj_512_chained_fp8
1296	1	1788730540469662720	1788730540469804032	1000000000	141.312	cc_split_swin_16h_ffwd_512_chained_fp8	cc_split_swin_16h_ffwd_512_chained_fp8
1297	1	1788730540469810176	1788730540469888000	1000000000	77.824	cc_split_swin_16h_ffwd_proj_512_chained_fp8	cc_split_swin_16h_ffwd_proj_512_chained_fp8
1298	1	1788730540469894144	1788730540470063104	1000000000	168.96	cc_split_swin_16h_qkv_512_chained_fp8	cc_split_swin_16h_qkv_512_chained_fp8
1299	1	1788730540470068224	1788730540470145024	1000000000	76.8	cc_split_swin_16h_proj_512_chained_fp8	cc_split_swin_16h_proj_512_chained_fp8
1300	1	1788730540470151168	1788730540470292480	1000000000	141.312	cc_split_swin_16h_ffwd_512_chained_fp8	cc_split_swin_16h_ffwd_512_chained_fp8
1301	1	1788730540470298624	1788730540470378496	1000000000	79.872	cc_split_swin_16h_ffwd_proj_512_chained_fp8	cc_split_swin_16h_ffwd_proj_512_chained_fp8
1302	1	1788730540470384640	1788730540470552576	1000000000	167.936	cc_split_swin_16h_qkv_512_chained_fp8	cc_split_swin_16h_qkv_512_chained_fp8
1303	1	1788730540470561792	1788730540470625280	1000000000	63.488	cc_split_swin_16h_proj_pool_512_chained_fp8	cc_split_swin_16h_proj_pool_512_chained_fp8
1304	1	1788730540470631424	1788730540470678528	1000000000	47.104	cc_split_swin_16h_final_head_512_wait_fp8	cc_split_swin_16h_final_head_512_wait_fp8
1305	1	1788730540470683648	1788730540470695936	1000000000	12.288	cc_vit_1d_repack_2d_to_1d_fp8	cc_vit_1d_repack_2d_to_1d_fp8
1306	1	1788730540470701056	1788730540470989824	1000000000	288.768	cc_vit_1d_ffn_expand_publish_fp8	cc_vit_1d_ffn_expand_publish_fp8
1307	1	1788730540470995968	1788730540471178240	1000000000	182.272	cc_vit_1d_ffn_contract_chained_fp8	cc_vit_1d_ffn_contract_chained_fp8
1308	1	1788730540471184384	1788730540471340032	1000000000	155.648	cc_vit_1d_qkv_chained_fp8	cc_vit_1d_qkv_chained_fp8
1309	1	1788730540471346176	1788730540471498752	1000000000	152.576	cc_vit_1d_attention_chained_fp8	cc_vit_1d_attention_chained_fp8
1310	1	1788730540471504896	1788730540471579648	1000000000	74.752	cc_vit_1d_projection_chained_fp8	cc_vit_1d_projection_chained_fp8
1311	1	1788730540471585792	1788730540471836672	1000000000	250.88	cc_vit_1d_ffn_expand_chained_fp8	cc_vit_1d_ffn_expand_chained_fp8
1312	1	1788730540471842816	1788730540472027136	1000000000	184.32	cc_vit_1d_ffn_contract_chained_fp8	cc_vit_1d_ffn_contract_chained_fp8
1313	1	1788730540472033280	1788730540472186880	1000000000	153.6	cc_vit_1d_qkv_chained_fp8	cc_vit_1d_qkv_chained_fp8
1314	1	1788730540472194048	1788730540472345600	1000000000	151.552	cc_vit_1d_attention_chained_fp8	cc_vit_1d_attention_chained_fp8
1315	1	1788730540472350720	1788730540472424448	1000000000	73.728	cc_vit_1d_projection_chained_fp8	cc_vit_1d_projection_chained_fp8
1316	1	1788730540472430592	1788730540472685568	1000000000	254.976	cc_vit_1d_ffn_expand_chained_fp8	cc_vit_1d_ffn_expand_chained_fp8
1317	1	1788730540472691712	1788730540472872960	1000000000	181.248	cc_vit_1d_ffn_contract_chained_fp8	cc_vit_1d_ffn_contract_chained_fp8
1318	1	1788730540472879104	1788730540473034752	1000000000	155.648	cc_vit_1d_qkv_chained_fp8	cc_vit_1d_qkv_chained_fp8
1319	1	1788730540473040896	1788730540473193472	1000000000	152.576	cc_vit_1d_attention_chained_fp8	cc_vit_1d_attention_chained_fp8
1320	1	1788730540473199616	1788730540473271296	1000000000	71.68	cc_vit_1d_projection_chained_fp8	cc_vit_1d_projection_chained_fp8
1321	1	1788730540473277440	1788730540473528320	1000000000	250.88	cc_vit_1d_ffn_expand_chained_fp8	cc_vit_1d_ffn_expand_chained_fp8
1322	1	1788730540473534464	1788730540473713664	1000000000	179.2	cc_vit_1d_ffn_contract_chained_fp8	cc_vit_1d_ffn_contract_chained_fp8
1323	1	1788730540473720832	1788730540473875456	1000000000	154.624	cc_vit_1d_qkv_chained_fp8	cc_vit_1d_qkv_chained_fp8
1324	1	1788730540473887744	1788730540474039296	1000000000	151.552	cc_vit_1d_attention_chained_fp8	cc_vit_1d_attention_chained_fp8
1325	1	1788730540474045440	1788730540474118144	1000000000	72.704	cc_vit_1d_projection_chained_fp8	cc_vit_1d_projection_chained_fp8
1326	1	1788730540474124288	1788730540475016192	1000000000	891.904	cc_vit_1d_ffn_expand_chained_fp8	cc_vit_1d_ffn_expand_chained_fp8
1327	1	1788730540475029504	1788730540475213824	1000000000	184.32	cc_vit_1d_ffn_contract_chained_fp8	cc_vit_1d_ffn_contract_chained_fp8
1328	1	1788730540475219968	1788730540475376640	1000000000	156.672	cc_vit_1d_qkv_chained_fp8	cc_vit_1d_qkv_chained_fp8
1329	1	1788730540475382784	1788730540475535360	1000000000	152.576	cc_vit_1d_attention_chained_fp8	cc_vit_1d_attention_chained_fp8
1330	1	1788730540475541504	1788730540475614208	1000000000	72.704	cc_vit_1d_projection_chained_fp8	cc_vit_1d_projection_chained_fp8
1331	1	1788730540475619328	1788730540475883520	1000000000	264.192	cc_vit_1d_ffn_expand_chained_fp8	cc_vit_1d_ffn_expand_chained_fp8
1332	1	1788730540475889664	1788730540476071936	1000000000	182.272	cc_vit_1d_ffn_contract_chained_fp8	cc_vit_1d_ffn_contract_chained_fp8
1333	1	1788730540476077056	1788730540476233728	1000000000	156.672	cc_vit_1d_qkv_chained_fp8	cc_vit_1d_qkv_chained_fp8
1334	1	1788730540476239872	1788730540476391424	1000000000	151.552	cc_vit_1d_attention_chained_fp8	cc_vit_1d_attention_chained_fp8
1335	1	1788730540476397568	1788730540476471296	1000000000	73.728	cc_vit_1d_projection_chained_fp8	cc_vit_1d_projection_chained_fp8
1336	1	1788730540476477440	1788730540476754944	1000000000	277.504	cc_vit_1d_ffn_expand_chained_fp8	cc_vit_1d_ffn_expand_chained_fp8
1337	1	1788730540476761088	1788730540476942336	1000000000	181.248	cc_vit_1d_ffn_contract_chained_fp8	cc_vit_1d_ffn_contract_chained_fp8
1338	1	1788730540476948480	1788730540477104128	1000000000	155.648	cc_vit_1d_qkv_chained_fp8	cc_vit_1d_qkv_chained_fp8
1339	1	1788730540477111296	1788730540477262848	1000000000	151.552	cc_vit_1d_attention_chained_fp8	cc_vit_1d_attention_chained_fp8
1340	1	1788730540477268992	1788730540477344768	1000000000	75.776	cc_vit_1d_projection_chained_fp8	cc_vit_1d_projection_chained_fp8
1341	1	1788730540477350912	1788730540477615104	1000000000	264.192	cc_vit_1d_ffn_expand_chained_fp8	cc_vit_1d_ffn_expand_chained_fp8
1342	1	1788730540477621248	1788730540477803520	1000000000	182.272	cc_vit_1d_ffn_contract_chained_fp8	cc_vit_1d_ffn_contract_chained_fp8
1343	1	1788730540477809664	1788730540477965312	1000000000	155.648	cc_vit_1d_qkv_chained_fp8	cc_vit_1d_qkv_chained_fp8
1344	1	1788730540477971456	1788730540478124032	1000000000	152.576	cc_vit_1d_attention_chained_fp8	cc_vit_1d_attention_chained_fp8
1345	1	1788730540478130176	1788730540478203904	1000000000	73.728	cc_vit_1d_projection_wait_fp8	cc_vit_1d_projection_wait_fp8
1346	1	1788730540478210048	1788730540478220288	1000000000	10.24	cc_vit_1d_repack_1d_to_2d_fp8	cc_vit_1d_repack_1d_to_2d_fp8
1347	1	1788730540478226432	1788730540478286848	1000000000	60.416	cc_dec_input_upsample_1024_512_tilesync_fp8	cc_dec_input_upsample_1024_512_tilesync_fp8
1348	1	1788730540478292992	1788730540478434304	1000000000	141.312	cc_split_swin_16h_ffwd_512_chained_fp8	cc_split_swin_16h_ffwd_512_chained_fp8
1349	1	1788730540478440448	1788730540478521344	1000000000	80.896	cc_split_swin_16h_ffwd_proj_512_chained_fp8	cc_split_swin_16h_ffwd_proj_512_chained_fp8
1350	1	1788730540478527488	1788730540478660608	1000000000	133.12	cc_split_swin_16h_qkv_512_chained_fp8	cc_split_swin_16h_qkv_512_chained_fp8
1351	1	1788730540478666752	1788730540478740480	1000000000	73.728	cc_split_swin_16h_proj_512_chained_fp8	cc_split_swin_16h_proj_512_chained_fp8
1352	1	1788730540478746624	1788730540478887936	1000000000	141.312	cc_split_swin_16h_ffwd_512_chained_fp8	cc_split_swin_16h_ffwd_512_chained_fp8
1353	1	1788730540478894080	1788730540478971904	1000000000	77.824	cc_split_swin_16h_ffwd_proj_512_chained_fp8	cc_split_swin_16h_ffwd_proj_512_chained_fp8
1354	1	1788730540478978048	1788730540479147008	1000000000	168.96	cc_split_swin_16h_qkv_512_chained_fp8	cc_split_swin_16h_qkv_512_chained_fp8
1355	1	1788730540479153152	1788730540479229952	1000000000	76.8	cc_split_swin_16h_proj_512_chained_fp8	cc_split_swin_16h_proj_512_chained_fp8
1356	1	1788730540479236096	1788730540479376384	1000000000	140.288	cc_split_swin_16h_ffwd_512_chained_fp8	cc_split_swin_16h_ffwd_512_chained_fp8
1357	1	1788730540479382528	1788730540479463424	1000000000	80.896	cc_split_swin_16h_ffwd_proj_512_chained_fp8	cc_split_swin_16h_ffwd_proj_512_chained_fp8
1358	1	1788730540479469568	1788730540479635456	1000000000	165.888	cc_split_swin_16h_qkv_512_chained_fp8	cc_split_swin_16h_qkv_512_chained_fp8
1359	1	1788730540479641600	1788730540479717376	1000000000	75.776	cc_split_swin_16h_proj_512_chained_fp8	cc_split_swin_16h_proj_512_chained_fp8
1360	1	1788730540479723520	1788730540479865856	1000000000	142.336	cc_split_swin_16h_ffwd_512_chained_fp8	cc_split_swin_16h_ffwd_512_chained_fp8
1361	1	1788730540479872000	1788730540479949824	1000000000	77.824	cc_split_swin_16h_ffwd_proj_512_chained_fp8	cc_split_swin_16h_ffwd_proj_512_chained_fp8
1362	1	1788730540479955968	1788730540480122880	1000000000	166.912	cc_split_swin_16h_qkv_512_chained_fp8	cc_split_swin_16h_qkv_512_chained_fp8
1363	1	1788730540480128000	1788730540480202752	1000000000	74.752	cc_split_swin_16h_proj_512_chained_fp8	cc_split_swin_16h_proj_512_chained_fp8
1364	1	1788730540480207872	1788730540480349184	1000000000	141.312	cc_split_swin_16h_ffwd_512_chained_fp8	cc_split_swin_16h_ffwd_512_chained_fp8
1365	1	1788730540480355328	1788730540480435200	1000000000	79.872	cc_split_swin_16h_ffwd_proj_512_chained_fp8	cc_split_swin_16h_ffwd_proj_512_chained_fp8
1366	1	1788730540480441344	1788730540480577536	1000000000	136.192	cc_split_swin_16h_qkv_512_chained_fp8	cc_split_swin_16h_qkv_512_chained_fp8
1367	1	1788730540480583680	1788730540480656384	1000000000	72.704	cc_split_swin_16h_proj_512_chained_fp8	cc_split_swin_16h_proj_512_chained_fp8
1368	1	1788730540480662528	1788730540480803840	1000000000	141.312	cc_split_swin_16h_ffwd_512_chained_fp8	cc_split_swin_16h_ffwd_512_chained_fp8
1369	1	1788730540480809984	1788730540480887808	1000000000	77.824	cc_split_swin_16h_ffwd_proj_512_chained_fp8	cc_split_swin_16h_ffwd_proj_512_chained_fp8
1370	1	1788730540480893952	1788730540481062912	1000000000	168.96	cc_split_swin_16h_qkv_512_chained_fp8	cc_split_swin_16h_qkv_512_chained_fp8
1371	1	1788730540481069056	1788730540481144832	1000000000	75.776	cc_split_swin_16h_proj_512_chained_fp8	cc_split_swin_16h_proj_512_chained_fp8
1372	1	1788730540481150976	1788730540481293312	1000000000	142.336	cc_split_swin_16h_ffwd_512_chained_fp8	cc_split_swin_16h_ffwd_512_chained_fp8
1373	1	1788730540481299456	1788730540481380352	1000000000	80.896	cc_split_swin_16h_ffwd_proj_512_chained_fp8	cc_split_swin_16h_ffwd_proj_512_chained_fp8
1374	1	1788730540481386496	1788730540481554432	1000000000	167.936	cc_split_swin_16h_qkv_512_chained_fp8	cc_split_swin_16h_qkv_512_chained_fp8
1375	1	1788730540481560576	1788730540481636352	1000000000	75.776	cc_split_swin_16h_proj_512_chained_fp8	cc_split_swin_16h_proj_512_chained_fp8
1376	1	1788730540481642496	1788730540481784832	1000000000	142.336	cc_split_swin_16h_ffwd_512_chained_fp8	cc_split_swin_16h_ffwd_512_chained_fp8
1377	1	1788730540481790976	1788730540481868800	1000000000	77.824	cc_split_swin_16h_ffwd_proj_512_chained_fp8	cc_split_swin_16h_ffwd_proj_512_chained_fp8
1378	1	1788730540481875968	1788730540482043904	1000000000	167.936	cc_split_swin_16h_qkv_512_chained_fp8	cc_split_swin_16h_qkv_512_chained_fp8
1379	1	1788730540482050048	1788730540482223104	1000000000	173.056	cc_split_swin_16h_proj_512_outview_wait_fp8	cc_split_swin_16h_proj_512_outview_wait_fp8
1380	1	1788730540482229248	1788730540482802688	1000000000	573.44	cc_tinlayout_fused_swin_8h_256_8_upsample_tilesync_fp8	cc_tinlayout_fused_swin_8h_256_8_upsample_tilesync_fp8
1381	1	1788730540482808832	1788730540483448832	1000000000	640	cc_tinlayout_fused_swin_8h_256_8_chained_fp8	cc_tinlayout_fused_swin_8h_256_8_chained_fp8
1382	1	1788730540483454976	1788730540484079616	1000000000	624.64	cc_tinlayout_fused_swin_8h_256_8_chained_fp8	cc_tinlayout_fused_swin_8h_256_8_chained_fp8
1383	1	1788730540484085760	1788730540484558848	1000000000	473.088	cc_tinlayout_fused_swin_8h_256_8_chained_fp8	cc_tinlayout_fused_swin_8h_256_8_chained_fp8
1384	1	1788730540484564992	1788730540485054464	1000000000	489.472	cc_tinlayout_fused_swin_8h_256_8_chained_fp8	cc_tinlayout_fused_swin_8h_256_8_chained_fp8
1385	1	1788730540485060608	1788730540485661696	1000000000	601.088	cc_tinlayout_fused_swin_8h_256_8_chained_fp8	cc_tinlayout_fused_swin_8h_256_8_chained_fp8
1386	1	1788730540485667840	1788730540486295552	1000000000	627.712	cc_tinlayout_fused_swin_8h_256_8_chained_fp8	cc_tinlayout_fused_swin_8h_256_8_chained_fp8
1387	1	1788730540486301696	1788730540486781952	1000000000	480.256	cc_tinlayout_fused_swin_8h_256_8_outview_wait_fp8	cc_tinlayout_fused_swin_8h_256_8_outview_wait_fp8
1388	1	1788730540486788096	1788730540487465984	1000000000	677.888	cc_tinlayout_fused_swin_4h_128_4_upsample_tilesync_fp8	cc_tinlayout_fused_swin_4h_128_4_upsample_tilesync_fp8
1389	1	1788730540487472128	1788730540487984128	1000000000	512	cc_tinlayout_fused_swin_4h_128_4_chained_fp8	cc_tinlayout_fused_swin_4h_128_4_chained_fp8
1390	1	1788730540487989248	1788730540488477696	1000000000	488.448	cc_tinlayout_fused_swin_4h_128_4_chained_fp8	cc_tinlayout_fused_swin_4h_128_4_chained_fp8
1391	1	1788730540488483840	1788730540488981504	1000000000	497.664	cc_tinlayout_fused_swin_4h_128_4_chained_fp8	cc_tinlayout_fused_swin_4h_128_4_chained_fp8
1392	1	1788730540488987648	1788730540489486336	1000000000	498.688	cc_tinlayout_fused_swin_4h_128_4_chained_fp8	cc_tinlayout_fused_swin_4h_128_4_chained_fp8
1393	1	1788730540489492480	1788730540489995264	1000000000	502.784	cc_tinlayout_fused_swin_4h_128_4_outview_wait_fp8	cc_tinlayout_fused_swin_4h_128_4_outview_wait_fp8
1394	1	1788730540490001408	1788730540491137024	1000000000	1135.62	cc_tinlayout_fused_swin_2h_64_2_upsample_tilesync_fp8	cc_tinlayout_fused_swin_2h_64_2_upsample_tilesync_fp8
1395	1	1788730540491143168	1788730540491974656	1000000000	831.488	cc_tinlayout_fused_swin_2h_64_2_chained_fp8	cc_tinlayout_fused_swin_2h_64_2_chained_fp8
1396	1	1788730540491980800	1788730540492744704	1000000000	763.904	cc_tinlayout_fused_swin_2h_64_2_chained_fp8	cc_tinlayout_fused_swin_2h_64_2_chained_fp8
1397	1	1788730540492750848	1788730540493524992	1000000000	774.144	cc_tinlayout_fused_swin_2h_64_2_outview_wait_fp8	cc_tinlayout_fused_swin_2h_64_2_outview_wait_fp8
1398	1	1788730540493531136	1788730540495582208	1000000000	2051.07	cc_tinlayout_fused_swin_1h_32_1_upsample_tilesync_fp8	cc_tinlayout_fused_swin_1h_32_1_upsample_tilesync_fp8
1399	1	1788730540495588352	1788730540496918528	1000000000	1330.18	cc_tinlayout_fused_swin_1h_32_1_chained_fp8	cc_tinlayout_fused_swin_1h_32_1_chained_fp8
1400	1	1788730540496924672	1788730540498212864	1000000000	1288.19	cc_tinlayout_fused_swin_1h_32_1_chained_fp8	cc_tinlayout_fused_swin_1h_32_1_chained_fp8
1401	1	1788730540498219008	1788730540499897344	1000000000	1678.34	cc_tinlayout_fused_swin_1h_32_1_outview_wait_fp8	cc_tinlayout_fused_swin_1h_32_1_outview_wait_fp8
1402	1	1788730540499903488	1788730540508383232	1000000000	8479.74	cc_tinlayout_fused_post_block_swin_1h_32_fp8	cc_tinlayout_fused_post_block_swin_1h_32_fp8
1403	1	1788730540508389376	1788730540508469248	1000000000	79.872	cg2r_copy_kernel	cg2r_copy_kernel
1404	1	1788730540696428544	1788730540696433664	1000000000	5.12	cc_cb_clear	cc_cb_clear
1405	1	1788730540696439808	1788730540701152256	1000000000	4712.45	cc_tinlayout_fused_pre_block_swin_1h_32_1_ds_fp8	cc_tinlayout_fused_pre_block_swin_1h_32_1_ds_fp8
1406	1	1788730540701158400	1788730540702352384	1000000000	1193.98	cc_tinlayout_fused_swin_1h_32_1_inpview_tilesync_fp8	cc_tinlayout_fused_swin_1h_32_1_inpview_tilesync_fp8
1407	1	1788730540702358528	1788730540703677440	1000000000	1318.91	cc_tinlayout_fused_swin_1h_32_1_chained_fp8	cc_tinlayout_fused_swin_1h_32_1_chained_fp8
1408	1	1788730540703683584	1788730540704991232	1000000000	1307.65	cc_tinlayout_fused_swin_1h_32_1_chained_fp8	cc_tinlayout_fused_swin_1h_32_1_chained_fp8
1409	1	1788730540704997376	1788730540706366464	1000000000	1369.09	cc_tinlayout_fused_swin_1h_32_1_ds_wait_fp8	cc_tinlayout_fused_swin_1h_32_1_ds_wait_fp8
1410	1	1788730540706371584	1788730540707166208	1000000000	794.624	cc_tinlayout_fused_swin_2h_64_2_inpview_tilesync_fp8	cc_tinlayout_fused_swin_2h_64_2_inpview_tilesync_fp8
1411	1	1788730540707172352	1788730540707995648	1000000000	823.296	cc_tinlayout_fused_swin_2h_64_2_chained_fp8	cc_tinlayout_fused_swin_2h_64_2_chained_fp8
1412	1	1788730540708002816	1788730540708767744	1000000000	764.928	cc_tinlayout_fused_swin_2h_64_2_chained_fp8	cc_tinlayout_fused_swin_2h_64_2_chained_fp8
1413	1	1788730540708773888	1788730540709586944	1000000000	813.056	cc_tinlayout_fused_swin_2h_64_2_ds_wait_fp8	cc_tinlayout_fused_swin_2h_64_2_ds_wait_fp8
1414	1	1788730540709593088	1788730540710131712	1000000000	538.624	cc_tinlayout_fused_swin_4h_128_4_inpview_tilesync_fp8	cc_tinlayout_fused_swin_4h_128_4_inpview_tilesync_fp8
1415	1	1788730540710142976	1788730540710656000	1000000000	513.024	cc_tinlayout_fused_swin_4h_128_4_chained_fp8	cc_tinlayout_fused_swin_4h_128_4_chained_fp8
1416	1	1788730540710662144	1788730540711164928	1000000000	502.784	cc_tinlayout_fused_swin_4h_128_4_chained_fp8	cc_tinlayout_fused_swin_4h_128_4_chained_fp8
1417	1	1788730540711171072	1788730540711675904	1000000000	504.832	cc_tinlayout_fused_swin_4h_128_4_chained_fp8	cc_tinlayout_fused_swin_4h_128_4_chained_fp8
1418	1	1788730540711683072	1788730540712181760	1000000000	498.688	cc_tinlayout_fused_swin_4h_128_4_chained_fp8	cc_tinlayout_fused_swin_4h_128_4_chained_fp8
1419	1	1788730540712188928	1788730540712764416	1000000000	575.488	cc_tinlayout_fused_swin_4h_128_4_ds_wait_fp8	cc_tinlayout_fused_swin_4h_128_4_ds_wait_fp8
1420	1	1788730540712771584	1788730540713283584	1000000000	512	cc_tinlayout_fused_swin_8h_256_8_inpview_tilesync_fp8	cc_tinlayout_fused_swin_8h_256_8_inpview_tilesync_fp8
1421	1	1788730540713289728	1788730540713938944	1000000000	649.216	cc_tinlayout_fused_swin_8h_256_8_chained_fp8	cc_tinlayout_fused_swin_8h_256_8_chained_fp8
1422	1	1788730540713945088	1788730540714559488	1000000000	614.4	cc_tinlayout_fused_swin_8h_256_8_chained_fp8	cc_tinlayout_fused_swin_8h_256_8_chained_fp8
1423	1	1788730540714566656	1788730540715040768	1000000000	474.112	cc_tinlayout_fused_swin_8h_256_8_chained_fp8	cc_tinlayout_fused_swin_8h_256_8_chained_fp8
1424	1	1788730540715046912	1788730540715541504	1000000000	494.592	cc_tinlayout_fused_swin_8h_256_8_chained_fp8	cc_tinlayout_fused_swin_8h_256_8_chained_fp8
1425	1	1788730540715547648	1788730540716151808	1000000000	604.16	cc_tinlayout_fused_swin_8h_256_8_chained_fp8	cc_tinlayout_fused_swin_8h_256_8_chained_fp8
1426	1	1788730540716157952	1788730540716779520	1000000000	621.568	cc_tinlayout_fused_swin_8h_256_8_chained_fp8	cc_tinlayout_fused_swin_8h_256_8_chained_fp8
1427	1	1788730540716790784	1788730540717348864	1000000000	558.08	cc_tinlayout_fused_swin_8h_256_8_ds_wait_fp8	cc_tinlayout_fused_swin_8h_256_8_ds_wait_fp8
1428	1	1788730540717355008	1788730540717501440	1000000000	146.432	cc_split_swin_16h_ffwd_inpview_512_tilesync_fp8	cc_split_swin_16h_ffwd_inpview_512_tilesync_fp8
1429	1	1788730540717508608	1788730540717681664	1000000000	173.056	cc_split_swin_16h_ffwd_proj_inpview_512_chained_fp8	cc_split_swin_16h_ffwd_proj_inpview_512_chained_fp8
1430	1	1788730540717687808	1788730540717824000	1000000000	136.192	cc_split_swin_16h_qkv_512_chained_fp8	cc_split_swin_16h_qkv_512_chained_fp8
1431	1	1788730540717830144	1788730540717903872	1000000000	73.728	cc_split_swin_16h_proj_512_chained_fp8	cc_split_swin_16h_proj_512_chained_fp8
1432	1	1788730540717910016	1788730540718052352	1000000000	142.336	cc_split_swin_16h_ffwd_512_chained_fp8	cc_split_swin_16h_ffwd_512_chained_fp8
1433	1	1788730540718058496	1788730540718137344	1000000000	78.848	cc_split_swin_16h_ffwd_proj_512_chained_fp8	cc_split_swin_16h_ffwd_proj_512_chained_fp8
1434	1	1788730540718143488	1788730540718312448	1000000000	168.96	cc_split_swin_16h_qkv_512_chained_fp8	cc_split_swin_16h_qkv_512_chained_fp8
1435	1	1788730540718318592	1788730540718395392	1000000000	76.8	cc_split_swin_16h_proj_512_chained_fp8	cc_split_swin_16h_proj_512_chained_fp8
1436	1	1788730540718401536	1788730540718544896	1000000000	143.36	cc_split_swin_16h_ffwd_512_chained_fp8	cc_split_swin_16h_ffwd_512_chained_fp8
1437	1	1788730540718550016	1788730540718630912	1000000000	80.896	cc_split_swin_16h_ffwd_proj_512_chained_fp8	cc_split_swin_16h_ffwd_proj_512_chained_fp8
1438	1	1788730540718637056	1788730540718807040	1000000000	169.984	cc_split_swin_16h_qkv_512_chained_fp8	cc_split_swin_16h_qkv_512_chained_fp8
1439	1	1788730540718813184	1788730540718889984	1000000000	76.8	cc_split_swin_16h_proj_512_chained_fp8	cc_split_swin_16h_proj_512_chained_fp8
1440	1	1788730540718896128	1788730540719041536	1000000000	145.408	cc_split_swin_16h_ffwd_512_chained_fp8	cc_split_swin_16h_ffwd_512_chained_fp8
1441	1	1788730540719047680	1788730540719127552	1000000000	79.872	cc_split_swin_16h_ffwd_proj_512_chained_fp8	cc_split_swin_16h_ffwd_proj_512_chained_fp8
1442	1	1788730540719133696	1788730540719302656	1000000000	168.96	cc_split_swin_16h_qkv_512_chained_fp8	cc_split_swin_16h_qkv_512_chained_fp8
1443	1	1788730540719308800	1788730540719381504	1000000000	72.704	cc_split_swin_16h_proj_512_chained_fp8	cc_split_swin_16h_proj_512_chained_fp8
1444	1	1788730540719387648	1788730540719528960	1000000000	141.312	cc_split_swin_16h_ffwd_512_chained_fp8	cc_split_swin_16h_ffwd_512_chained_fp8
1445	1	1788730540719535104	1788730540719633408	1000000000	98.304	cc_split_swin_16h_ffwd_proj_512_chained_fp8	cc_split_swin_16h_ffwd_proj_512_chained_fp8
1446	1	1788730540719639552	1788730540719773696	1000000000	134.144	cc_split_swin_16h_qkv_512_chained_fp8	cc_split_swin_16h_qkv_512_chained_fp8
1447	1	1788730540719779840	1788730540719852544	1000000000	72.704	cc_split_swin_16h_proj_512_chained_fp8	cc_split_swin_16h_proj_512_chained_fp8
1448	1	1788730540719858688	1788730540720001024	1000000000	142.336	cc_split_swin_16h_ffwd_512_chained_fp8	cc_split_swin_16h_ffwd_512_chained_fp8
1449	1	1788730540720007168	1788730540720082944	1000000000	75.776	cc_split_swin_16h_ffwd_proj_512_chained_fp8	cc_split_swin_16h_ffwd_proj_512_chained_fp8
1450	1	1788730540720089088	1788730540720259072	1000000000	169.984	cc_split_swin_16h_qkv_512_chained_fp8	cc_split_swin_16h_qkv_512_chained_fp8
1451	1	1788730540720265216	1788730540720340992	1000000000	75.776	cc_split_swin_16h_proj_512_chained_fp8	cc_split_swin_16h_proj_512_chained_fp8
1452	1	1788730540720347136	1788730540720488448	1000000000	141.312	cc_split_swin_16h_ffwd_512_chained_fp8	cc_split_swin_16h_ffwd_512_chained_fp8
1453	1	1788730540720494592	1788730540720572416	1000000000	77.824	cc_split_swin_16h_ffwd_proj_512_chained_fp8	cc_split_swin_16h_ffwd_proj_512_chained_fp8
1454	1	1788730540720578560	1788730540720745472	1000000000	166.912	cc_split_swin_16h_qkv_512_chained_fp8	cc_split_swin_16h_qkv_512_chained_fp8
1455	1	1788730540720751616	1788730540720828416	1000000000	76.8	cc_split_swin_16h_proj_512_chained_fp8	cc_split_swin_16h_proj_512_chained_fp8
1456	1	1788730540720834560	1788730540720976896	1000000000	142.336	cc_split_swin_16h_ffwd_512_chained_fp8	cc_split_swin_16h_ffwd_512_chained_fp8
1457	1	1788730540720982016	1788730540721060864	1000000000	78.848	cc_split_swin_16h_ffwd_proj_512_chained_fp8	cc_split_swin_16h_ffwd_proj_512_chained_fp8
1458	1	1788730540721067008	1788730540721234944	1000000000	167.936	cc_split_swin_16h_qkv_512_chained_fp8	cc_split_swin_16h_qkv_512_chained_fp8
1459	1	1788730540721241088	1788730540721305600	1000000000	64.512	cc_split_swin_16h_proj_pool_512_chained_fp8	cc_split_swin_16h_proj_pool_512_chained_fp8
1460	1	1788730540721311744	1788730540721357824	1000000000	46.08	cc_split_swin_16h_final_head_512_wait_fp8	cc_split_swin_16h_final_head_512_wait_fp8
1461	1	1788730540721368064	1788730540721379328	1000000000	11.264	cc_vit_1d_repack_2d_to_1d_fp8	cc_vit_1d_repack_2d_to_1d_fp8
1462	1	1788730540721385472	1788730540721681408	1000000000	295.936	cc_vit_1d_ffn_expand_publish_fp8	cc_vit_1d_ffn_expand_publish_fp8
1463	1	1788730540721687552	1788730540721869824	1000000000	182.272	cc_vit_1d_ffn_contract_chained_fp8	cc_vit_1d_ffn_contract_chained_fp8
1464	1	1788730540721875968	1788730540722030592	1000000000	154.624	cc_vit_1d_qkv_chained_fp8	cc_vit_1d_qkv_chained_fp8
1465	1	1788730540722036736	1788730540722188288	1000000000	151.552	cc_vit_1d_attention_chained_fp8	cc_vit_1d_attention_chained_fp8
1466	1	1788730540722199552	1788730540722274304	1000000000	74.752	cc_vit_1d_projection_chained_fp8	cc_vit_1d_projection_chained_fp8
1467	1	1788730540722280448	1788730540722531328	1000000000	250.88	cc_vit_1d_ffn_expand_chained_fp8	cc_vit_1d_ffn_expand_chained_fp8
1468	1	1788730540722537472	1788730540722718720	1000000000	181.248	cc_vit_1d_ffn_contract_chained_fp8	cc_vit_1d_ffn_contract_chained_fp8
1469	1	1788730540722724864	1788730540722880512	1000000000	155.648	cc_vit_1d_qkv_chained_fp8	cc_vit_1d_qkv_chained_fp8
1470	1	1788730540722886656	1788730540723039232	1000000000	152.576	cc_vit_1d_attention_chained_fp8	cc_vit_1d_attention_chained_fp8
1471	1	1788730540723044352	1788730540723117056	1000000000	72.704	cc_vit_1d_projection_chained_fp8	cc_vit_1d_projection_chained_fp8
1472	1	1788730540723122176	1788730540723383296	1000000000	261.12	cc_vit_1d_ffn_expand_chained_fp8	cc_vit_1d_ffn_expand_chained_fp8
1473	1	1788730540723388416	1788730540723570688	1000000000	182.272	cc_vit_1d_ffn_contract_chained_fp8	cc_vit_1d_ffn_contract_chained_fp8
1474	1	1788730540723576832	1788730540723730432	1000000000	153.6	cc_vit_1d_qkv_chained_fp8	cc_vit_1d_qkv_chained_fp8
1475	1	1788730540723737600	1788730540723889152	1000000000	151.552	cc_vit_1d_attention_chained_fp8	cc_vit_1d_attention_chained_fp8
1476	1	1788730540723895296	1788730540723968000	1000000000	72.704	cc_vit_1d_projection_chained_fp8	cc_vit_1d_projection_chained_fp8
1477	1	1788730540723974144	1788730540724236288	1000000000	262.144	cc_vit_1d_ffn_expand_chained_fp8	cc_vit_1d_ffn_expand_chained_fp8
1478	1	1788730540724243456	1788730540724425728	1000000000	182.272	cc_vit_1d_ffn_contract_chained_fp8	cc_vit_1d_ffn_contract_chained_fp8
1479	1	1788730540724431872	1788730540724587520	1000000000	155.648	cc_vit_1d_qkv_chained_fp8	cc_vit_1d_qkv_chained_fp8
1480	1	1788730540724593664	1788730540724746240	1000000000	152.576	cc_vit_1d_attention_chained_fp8	cc_vit_1d_attention_chained_fp8
1481	1	1788730540724751360	1788730540724826112	1000000000	74.752	cc_vit_1d_projection_chained_fp8	cc_vit_1d_projection_chained_fp8
1482	1	1788730540724832256	1788730540725096448	1000000000	264.192	cc_vit_1d_ffn_expand_chained_fp8	cc_vit_1d_ffn_expand_chained_fp8
1483	1	1788730540725105664	1788730540725288960	1000000000	183.296	cc_vit_1d_ffn_contract_chained_fp8	cc_vit_1d_ffn_contract_chained_fp8
1484	1	1788730540725296128	1788730540725449728	1000000000	153.6	cc_vit_1d_qkv_chained_fp8	cc_vit_1d_qkv_chained_fp8
1485	1	1788730540725456896	1788730540725609472	1000000000	152.576	cc_vit_1d_attention_chained_fp8	cc_vit_1d_attention_chained_fp8
1486	1	1788730540725615616	1788730540725691392	1000000000	75.776	cc_vit_1d_projection_chained_fp8	cc_vit_1d_projection_chained_fp8
1487	1	1788730540725697536	1788730540725964800	1000000000	267.264	cc_vit_1d_ffn_expand_chained_fp8	cc_vit_1d_ffn_expand_chained_fp8
1488	1	1788730540725971968	1788730540726153216	1000000000	181.248	cc_vit_1d_ffn_contract_chained_fp8	cc_vit_1d_ffn_contract_chained_fp8
1489	1	1788730540726160384	1788730540726316032	1000000000	155.648	cc_vit_1d_qkv_chained_fp8	cc_vit_1d_qkv_chained_fp8
1490	1	1788730540726322176	1788730540726474752	1000000000	152.576	cc_vit_1d_attention_chained_fp8	cc_vit_1d_attention_chained_fp8
1491	1	1788730540726479872	1788730540726552576	1000000000	72.704	cc_vit_1d_projection_chained_fp8	cc_vit_1d_projection_chained_fp8
1492	1	1788730540726558720	1788730540726823936	1000000000	265.216	cc_vit_1d_ffn_expand_chained_fp8	cc_vit_1d_ffn_expand_chained_fp8
1493	1	1788730540726830080	1788730540727012352	1000000000	182.272	cc_vit_1d_ffn_contract_chained_fp8	cc_vit_1d_ffn_contract_chained_fp8
1494	1	1788730540727018496	1788730540727175168	1000000000	156.672	cc_vit_1d_qkv_chained_fp8	cc_vit_1d_qkv_chained_fp8
1495	1	1788730540727184384	1788730540727335936	1000000000	151.552	cc_vit_1d_attention_chained_fp8	cc_vit_1d_attention_chained_fp8
1496	1	1788730540727342080	1788730540727415808	1000000000	73.728	cc_vit_1d_projection_chained_fp8	cc_vit_1d_projection_chained_fp8
1497	1	1788730540727421952	1788730540727687168	1000000000	265.216	cc_vit_1d_ffn_expand_chained_fp8	cc_vit_1d_ffn_expand_chained_fp8
1498	1	1788730540727693312	1788730540727874560	1000000000	181.248	cc_vit_1d_ffn_contract_chained_fp8	cc_vit_1d_ffn_contract_chained_fp8
1499	1	1788730540727880704	1788730540728036352	1000000000	155.648	cc_vit_1d_qkv_chained_fp8	cc_vit_1d_qkv_chained_fp8
1500	1	1788730540728043520	1788730540728196096	1000000000	152.576	cc_vit_1d_attention_chained_fp8	cc_vit_1d_attention_chained_fp8
1501	1	1788730540728202240	1788730540728275968	1000000000	73.728	cc_vit_1d_projection_wait_fp8	cc_vit_1d_projection_wait_fp8
1502	1	1788730540728281088	1788730540728292352	1000000000	11.264	cc_vit_1d_repack_1d_to_2d_fp8	cc_vit_1d_repack_1d_to_2d_fp8
1503	1	1788730540728298496	1788730540728356864	1000000000	58.368	cc_dec_input_upsample_1024_512_tilesync_fp8	cc_dec_input_upsample_1024_512_tilesync_fp8
1504	1	1788730540728363008	1788730540728505344	1000000000	142.336	cc_split_swin_16h_ffwd_512_chained_fp8	cc_split_swin_16h_ffwd_512_chained_fp8
1505	1	1788730540728510464	1788730540728589312	1000000000	78.848	cc_split_swin_16h_ffwd_proj_512_chained_fp8	cc_split_swin_16h_ffwd_proj_512_chained_fp8
1506	1	1788730540728595456	1788730540728729600	1000000000	134.144	cc_split_swin_16h_qkv_512_chained_fp8	cc_split_swin_16h_qkv_512_chained_fp8
1507	1	1788730540728734720	1788730540728808448	1000000000	73.728	cc_split_swin_16h_proj_512_chained_fp8	cc_split_swin_16h_proj_512_chained_fp8
1508	1	1788730540728814592	1788730540728955904	1000000000	141.312	cc_split_swin_16h_ffwd_512_chained_fp8	cc_split_swin_16h_ffwd_512_chained_fp8
1509	1	1788730540728962048	1788730540729037824	1000000000	75.776	cc_split_swin_16h_ffwd_proj_512_chained_fp8	cc_split_swin_16h_ffwd_proj_512_chained_fp8
1510	1	1788730540729043968	1788730540729213952	1000000000	169.984	cc_split_swin_16h_qkv_512_chained_fp8	cc_split_swin_16h_qkv_512_chained_fp8
1511	1	1788730540729220096	1788730540729295872	1000000000	75.776	cc_split_swin_16h_proj_512_chained_fp8	cc_split_swin_16h_proj_512_chained_fp8
1512	1	1788730540729302016	1788730540729442304	1000000000	140.288	cc_split_swin_16h_ffwd_512_chained_fp8	cc_split_swin_16h_ffwd_512_chained_fp8
1513	1	1788730540729448448	1788730540729527296	1000000000	78.848	cc_split_swin_16h_ffwd_proj_512_chained_fp8	cc_split_swin_16h_ffwd_proj_512_chained_fp8
1514	1	1788730540729533440	1788730540729701376	1000000000	167.936	cc_split_swin_16h_qkv_512_chained_fp8	cc_split_swin_16h_qkv_512_chained_fp8
1515	1	1788730540729707520	1788730540729782272	1000000000	74.752	cc_split_swin_16h_proj_512_chained_fp8	cc_split_swin_16h_proj_512_chained_fp8
1516	1	1788730540729788416	1788730540729930752	1000000000	142.336	cc_split_swin_16h_ffwd_512_chained_fp8	cc_split_swin_16h_ffwd_512_chained_fp8
1517	1	1788730540729936896	1788730540730013696	1000000000	76.8	cc_split_swin_16h_ffwd_proj_512_chained_fp8	cc_split_swin_16h_ffwd_proj_512_chained_fp8
1518	1	1788730540730019840	1788730540730188800	1000000000	168.96	cc_split_swin_16h_qkv_512_chained_fp8	cc_split_swin_16h_qkv_512_chained_fp8
1519	1	1788730540730193920	1788730540730267648	1000000000	73.728	cc_split_swin_16h_proj_512_chained_fp8	cc_split_swin_16h_proj_512_chained_fp8
1520	1	1788730540730273792	1788730540730415104	1000000000	141.312	cc_split_swin_16h_ffwd_512_chained_fp8	cc_split_swin_16h_ffwd_512_chained_fp8
1521	1	1788730540730420224	1788730540730501120	1000000000	80.896	cc_split_swin_16h_ffwd_proj_512_chained_fp8	cc_split_swin_16h_ffwd_proj_512_chained_fp8
1522	1	1788730540730510336	1788730540730646528	1000000000	136.192	cc_split_swin_16h_qkv_512_chained_fp8	cc_split_swin_16h_qkv_512_chained_fp8
1523	1	1788730540730652672	1788730540730725376	1000000000	72.704	cc_split_swin_16h_proj_512_chained_fp8	cc_split_swin_16h_proj_512_chained_fp8
1524	1	1788730540730731520	1788730540730873856	1000000000	142.336	cc_split_swin_16h_ffwd_512_chained_fp8	cc_split_swin_16h_ffwd_512_chained_fp8
1525	1	1788730540730878976	1788730540730956800	1000000000	77.824	cc_split_swin_16h_ffwd_proj_512_chained_fp8	cc_split_swin_16h_ffwd_proj_512_chained_fp8
1526	1	1788730540730962944	1788730540731131904	1000000000	168.96	cc_split_swin_16h_qkv_512_chained_fp8	cc_split_swin_16h_qkv_512_chained_fp8
1527	1	1788730540731138048	1788730540731213824	1000000000	75.776	cc_split_swin_16h_proj_512_chained_fp8	cc_split_swin_16h_proj_512_chained_fp8
1528	1	1788730540731219968	1788730540731362304	1000000000	142.336	cc_split_swin_16h_ffwd_512_chained_fp8	cc_split_swin_16h_ffwd_512_chained_fp8
1529	1	1788730540731367424	1788730540731445248	1000000000	77.824	cc_split_swin_16h_ffwd_proj_512_chained_fp8	cc_split_swin_16h_ffwd_proj_512_chained_fp8
1530	1	1788730540731451392	1788730540731618304	1000000000	166.912	cc_split_swin_16h_qkv_512_chained_fp8	cc_split_swin_16h_qkv_512_chained_fp8
1531	1	1788730540731624448	1788730540731700224	1000000000	75.776	cc_split_swin_16h_proj_512_chained_fp8	cc_split_swin_16h_proj_512_chained_fp8
1532	1	1788730540731706368	1788730540731848704	1000000000	142.336	cc_split_swin_16h_ffwd_512_chained_fp8	cc_split_swin_16h_ffwd_512_chained_fp8
1533	1	1788730540731854848	1788730540731934720	1000000000	79.872	cc_split_swin_16h_ffwd_proj_512_chained_fp8	cc_split_swin_16h_ffwd_proj_512_chained_fp8
1534	1	1788730540731940864	1788730540732108800	1000000000	167.936	cc_split_swin_16h_qkv_512_chained_fp8	cc_split_swin_16h_qkv_512_chained_fp8
1535	1	1788730540732114944	1788730540732285952	1000000000	171.008	cc_split_swin_16h_proj_512_outview_wait_fp8	cc_split_swin_16h_proj_512_outview_wait_fp8
1536	1	1788730540732292096	1788730540732866560	1000000000	574.464	cc_tinlayout_fused_swin_8h_256_8_upsample_tilesync_fp8	cc_tinlayout_fused_swin_8h_256_8_upsample_tilesync_fp8
1537	1	1788730540732872704	1788730540733507584	1000000000	634.88	cc_tinlayout_fused_swin_8h_256_8_chained_fp8	cc_tinlayout_fused_swin_8h_256_8_chained_fp8
1538	1	1788730540733513728	1788730540734143488	1000000000	629.76	cc_tinlayout_fused_swin_8h_256_8_chained_fp8	cc_tinlayout_fused_swin_8h_256_8_chained_fp8
1539	1	1788730540734150656	1788730540734619648	1000000000	468.992	cc_tinlayout_fused_swin_8h_256_8_chained_fp8	cc_tinlayout_fused_swin_8h_256_8_chained_fp8
1540	1	1788730540734625792	1788730540735118336	1000000000	492.544	cc_tinlayout_fused_swin_8h_256_8_chained_fp8	cc_tinlayout_fused_swin_8h_256_8_chained_fp8
1541	1	1788730540735124480	1788730540735721472	1000000000	596.992	cc_tinlayout_fused_swin_8h_256_8_chained_fp8	cc_tinlayout_fused_swin_8h_256_8_chained_fp8
1542	1	1788730540735727616	1788730540736345088	1000000000	617.472	cc_tinlayout_fused_swin_8h_256_8_chained_fp8	cc_tinlayout_fused_swin_8h_256_8_chained_fp8
1543	1	1788730540736351232	1788730540737654784	1000000000	1303.55	cc_tinlayout_fused_swin_8h_256_8_outview_wait_fp8	cc_tinlayout_fused_swin_8h_256_8_outview_wait_fp8
1544	1	1788730540737669120	1788730540738989056	1000000000	1319.94	cc_tinlayout_fused_swin_4h_128_4_upsample_tilesync_fp8	cc_tinlayout_fused_swin_4h_128_4_upsample_tilesync_fp8
1545	1	1788730540738996224	1788730540739512320	1000000000	516.096	cc_tinlayout_fused_swin_4h_128_4_chained_fp8	cc_tinlayout_fused_swin_4h_128_4_chained_fp8
1546	1	1788730540739517440	1788730540740007936	1000000000	490.496	cc_tinlayout_fused_swin_4h_128_4_chained_fp8	cc_tinlayout_fused_swin_4h_128_4_chained_fp8
1547	1	1788730540740014080	1788730540740518912	1000000000	504.832	cc_tinlayout_fused_swin_4h_128_4_chained_fp8	cc_tinlayout_fused_swin_4h_128_4_chained_fp8
1548	1	1788730540740525056	1788730540741688320	1000000000	1163.26	cc_tinlayout_fused_swin_4h_128_4_chained_fp8	cc_tinlayout_fused_swin_4h_128_4_chained_fp8
1549	1	1788730540741695488	1788730540742220800	1000000000	525.312	cc_tinlayout_fused_swin_4h_128_4_outview_wait_fp8	cc_tinlayout_fused_swin_4h_128_4_outview_wait_fp8
1550	1	1788730540742226944	1788730540743369728	1000000000	1142.78	cc_tinlayout_fused_swin_2h_64_2_upsample_tilesync_fp8	cc_tinlayout_fused_swin_2h_64_2_upsample_tilesync_fp8
1551	1	1788730540743374848	1788730540744212480	1000000000	837.632	cc_tinlayout_fused_swin_2h_64_2_chained_fp8	cc_tinlayout_fused_swin_2h_64_2_chained_fp8
1552	1	1788730540744218624	1788730540744988672	1000000000	770.048	cc_tinlayout_fused_swin_2h_64_2_chained_fp8	cc_tinlayout_fused_swin_2h_64_2_chained_fp8
1553	1	1788730540744994816	1788730540745777152	1000000000	782.336	cc_tinlayout_fused_swin_2h_64_2_outview_wait_fp8	cc_tinlayout_fused_swin_2h_64_2_outview_wait_fp8
1554	1	1788730540745782272	1788730540747839488	1000000000	2057.22	cc_tinlayout_fused_swin_1h_32_1_upsample_tilesync_fp8	cc_tinlayout_fused_swin_1h_32_1_upsample_tilesync_fp8
1555	1	1788730540747845632	1788730540749173760	1000000000	1328.13	cc_tinlayout_fused_swin_1h_32_1_chained_fp8	cc_tinlayout_fused_swin_1h_32_1_chained_fp8
1556	1	1788730540749179904	1788730540750484480	1000000000	1304.58	cc_tinlayout_fused_swin_1h_32_1_chained_fp8	cc_tinlayout_fused_swin_1h_32_1_chained_fp8
1557	1	1788730540750490624	1788730540752174080	1000000000	1683.46	cc_tinlayout_fused_swin_1h_32_1_outview_wait_fp8	cc_tinlayout_fused_swin_1h_32_1_outview_wait_fp8
1558	1	1788730540752180224	1788730540760690688	1000000000	8510.46	cc_tinlayout_fused_post_block_swin_1h_32_fp8	cc_tinlayout_fused_post_block_swin_1h_32_fp8
1559	1	1788730540760696832	1788730540760778752	1000000000	81.92	cg2r_copy_kernel	cg2r_copy_kernel
