chain	kernel_count	start_tick	end_tick	frequency_hz	gpu_us	first	last
0	1	1788728183507205632	1788728183507212288	1000000000	6.656	cc_cb_clear	cc_cb_clear
1	1	1788728183507217408	1788728183509889024	1000000000	2671.62	cc_tinlayout_fused_pre_block_swin_1h_32_1_ds_fp8	cc_tinlayout_fused_pre_block_swin_1h_32_1_ds_fp8
2	1	1788728183509893120	1788728183510644736	1000000000	751.616	cc_tinlayout_fused_swin_1h_32_1_inpview_tilesync_fp8	cc_tinlayout_fused_swin_1h_32_1_inpview_tilesync_fp8
3	1	1788728183510648832	1788728183511372800	1000000000	723.968	cc_tinlayout_fused_swin_1h_32_1_chained_fp8	cc_tinlayout_fused_swin_1h_32_1_chained_fp8
4	1	1788728183511376896	1788728183512104960	1000000000	728.064	cc_tinlayout_fused_swin_1h_32_1_chained_fp8	cc_tinlayout_fused_swin_1h_32_1_chained_fp8
5	1	1788728183512110080	1788728183512996864	1000000000	886.784	cc_tinlayout_fused_swin_1h_32_1_ds_wait_fp8	cc_tinlayout_fused_swin_1h_32_1_ds_wait_fp8
6	1	1788728183513001984	1788728183513504768	1000000000	502.784	cc_tinlayout_fused_swin_2h_64_2_inpview_tilesync_fp8	cc_tinlayout_fused_swin_2h_64_2_inpview_tilesync_fp8
7	1	1788728183513508864	1788728183514033152	1000000000	524.288	cc_tinlayout_fused_swin_2h_64_2_chained_fp8	cc_tinlayout_fused_swin_2h_64_2_chained_fp8
8	1	1788728183514037248	1788728183514530816	1000000000	493.568	cc_tinlayout_fused_swin_2h_64_2_chained_fp8	cc_tinlayout_fused_swin_2h_64_2_chained_fp8
9	1	1788728183514534912	1788728183515061248	1000000000	526.336	cc_tinlayout_fused_swin_2h_64_2_ds_wait_fp8	cc_tinlayout_fused_swin_2h_64_2_ds_wait_fp8
10	1	1788728183515066368	1788728183515390976	1000000000	324.608	cc_tinlayout_fused_swin_4h_128_4_inpview_tilesync_fp8	cc_tinlayout_fused_swin_4h_128_4_inpview_tilesync_fp8
11	1	1788728183515395072	1788728183515718656	1000000000	323.584	cc_tinlayout_fused_swin_4h_128_4_chained_fp8	cc_tinlayout_fused_swin_4h_128_4_chained_fp8
12	1	1788728183515723776	1788728183516043264	1000000000	319.488	cc_tinlayout_fused_swin_4h_128_4_chained_fp8	cc_tinlayout_fused_swin_4h_128_4_chained_fp8
13	1	1788728183516047360	1788728183516368896	1000000000	321.536	cc_tinlayout_fused_swin_4h_128_4_chained_fp8	cc_tinlayout_fused_swin_4h_128_4_chained_fp8
14	1	1788728183516374016	1788728183516687360	1000000000	313.344	cc_tinlayout_fused_swin_4h_128_4_chained_fp8	cc_tinlayout_fused_swin_4h_128_4_chained_fp8
15	1	1788728183516692480	1788728183517048832	1000000000	356.352	cc_tinlayout_fused_swin_4h_128_4_ds_wait_fp8	cc_tinlayout_fused_swin_4h_128_4_ds_wait_fp8
16	1	1788728183517052928	1788728183517380608	1000000000	327.68	cc_tinlayout_fused_swin_8h_256_8_inpview_tilesync_fp8	cc_tinlayout_fused_swin_8h_256_8_inpview_tilesync_fp8
17	1	1788728183517384704	1788728183517797376	1000000000	412.672	cc_tinlayout_fused_swin_8h_256_8_chained_fp8	cc_tinlayout_fused_swin_8h_256_8_chained_fp8
18	1	1788728183517801472	1788728183518198784	1000000000	397.312	cc_tinlayout_fused_swin_8h_256_8_chained_fp8	cc_tinlayout_fused_swin_8h_256_8_chained_fp8
19	1	1788728183518202880	1788728183518523392	1000000000	320.512	cc_tinlayout_fused_swin_8h_256_8_chained_fp8	cc_tinlayout_fused_swin_8h_256_8_chained_fp8
20	1	1788728183518527488	1788728183518854144	1000000000	326.656	cc_tinlayout_fused_swin_8h_256_8_chained_fp8	cc_tinlayout_fused_swin_8h_256_8_chained_fp8
21	1	1788728183518858240	1788728183519242240	1000000000	384	cc_tinlayout_fused_swin_8h_256_8_chained_fp8	cc_tinlayout_fused_swin_8h_256_8_chained_fp8
22	1	1788728183519644672	1788728183520045056	1000000000	400.384	cc_tinlayout_fused_swin_8h_256_8_chained_fp8	cc_tinlayout_fused_swin_8h_256_8_chained_fp8
23	1	1788728183520050176	1788728183520875520	1000000000	825.344	cc_tinlayout_fused_swin_8h_256_8_ds_wait_fp8	cc_tinlayout_fused_swin_8h_256_8_ds_wait_fp8
24	1	1788728183520879616	1788728183520973824	1000000000	94.208	cc_split_swin_16h_ffwd_inpview_512_tilesync_fp8	cc_split_swin_16h_ffwd_inpview_512_tilesync_fp8
25	1	1788728183520977920	1788728183521070080	1000000000	92.16	cc_split_swin_16h_ffwd_proj_inpview_512_chained_fp8	cc_split_swin_16h_ffwd_proj_inpview_512_chained_fp8
26	1	1788728183521075200	1788728183521162240	1000000000	87.04	cc_split_swin_16h_qkv_512_chained_fp8	cc_split_swin_16h_qkv_512_chained_fp8
27	1	1788728183521166336	1788728183521213440	1000000000	47.104	cc_split_swin_16h_proj_512_chained_fp8	cc_split_swin_16h_proj_512_chained_fp8
28	1	1788728183521218560	1788728183521309696	1000000000	91.136	cc_split_swin_16h_ffwd_512_chained_fp8	cc_split_swin_16h_ffwd_512_chained_fp8
29	1	1788728183521313792	1788728183521362944	1000000000	49.152	cc_split_swin_16h_ffwd_proj_512_chained_fp8	cc_split_swin_16h_ffwd_proj_512_chained_fp8
30	1	1788728183521367040	1788728183521474560	1000000000	107.52	cc_split_swin_16h_qkv_512_chained_fp8	cc_split_swin_16h_qkv_512_chained_fp8
31	1	1788728183521478656	1788728183521527808	1000000000	49.152	cc_split_swin_16h_proj_512_chained_fp8	cc_split_swin_16h_proj_512_chained_fp8
32	1	1788728183521531904	1788728183521624064	1000000000	92.16	cc_split_swin_16h_ffwd_512_chained_fp8	cc_split_swin_16h_ffwd_512_chained_fp8
33	1	1788728183521628160	1788728183521676288	1000000000	48.128	cc_split_swin_16h_ffwd_proj_512_chained_fp8	cc_split_swin_16h_ffwd_proj_512_chained_fp8
34	1	1788728183521680384	1788728183521788928	1000000000	108.544	cc_split_swin_16h_qkv_512_chained_fp8	cc_split_swin_16h_qkv_512_chained_fp8
35	1	1788728183521793024	1788728183521842176	1000000000	49.152	cc_split_swin_16h_proj_512_chained_fp8	cc_split_swin_16h_proj_512_chained_fp8
36	1	1788728183521846272	1788728183521938432	1000000000	92.16	cc_split_swin_16h_ffwd_512_chained_fp8	cc_split_swin_16h_ffwd_512_chained_fp8
37	1	1788728183521942528	1788728183521989632	1000000000	47.104	cc_split_swin_16h_ffwd_proj_512_chained_fp8	cc_split_swin_16h_ffwd_proj_512_chained_fp8
38	1	1788728183521993728	1788728183522101248	1000000000	107.52	cc_split_swin_16h_qkv_512_chained_fp8	cc_split_swin_16h_qkv_512_chained_fp8
39	1	1788728183522105344	1788728183522152448	1000000000	47.104	cc_split_swin_16h_proj_512_chained_fp8	cc_split_swin_16h_proj_512_chained_fp8
40	1	1788728183522156544	1788728183522247680	1000000000	91.136	cc_split_swin_16h_ffwd_512_chained_fp8	cc_split_swin_16h_ffwd_512_chained_fp8
41	1	1788728183522251776	1788728183522299904	1000000000	48.128	cc_split_swin_16h_ffwd_proj_512_chained_fp8	cc_split_swin_16h_ffwd_proj_512_chained_fp8
42	1	1788728183522305024	1788728183522391040	1000000000	86.016	cc_split_swin_16h_qkv_512_chained_fp8	cc_split_swin_16h_qkv_512_chained_fp8
43	1	1788728183522395136	1788728183522441216	1000000000	46.08	cc_split_swin_16h_proj_512_chained_fp8	cc_split_swin_16h_proj_512_chained_fp8
44	1	1788728183522445312	1788728183522537472	1000000000	92.16	cc_split_swin_16h_ffwd_512_chained_fp8	cc_split_swin_16h_ffwd_512_chained_fp8
45	1	1788728183522541568	1788728183522590720	1000000000	49.152	cc_split_swin_16h_ffwd_proj_512_chained_fp8	cc_split_swin_16h_ffwd_proj_512_chained_fp8
46	1	1788728183522594816	1788728183522704384	1000000000	109.568	cc_split_swin_16h_qkv_512_chained_fp8	cc_split_swin_16h_qkv_512_chained_fp8
47	1	1788728183522708480	1788728183522757632	1000000000	49.152	cc_split_swin_16h_proj_512_chained_fp8	cc_split_swin_16h_proj_512_chained_fp8
48	1	1788728183522761728	1788728183522852864	1000000000	91.136	cc_split_swin_16h_ffwd_512_chained_fp8	cc_split_swin_16h_ffwd_512_chained_fp8
49	1	1788728183522856960	1788728183522905088	1000000000	48.128	cc_split_swin_16h_ffwd_proj_512_chained_fp8	cc_split_swin_16h_ffwd_proj_512_chained_fp8
50	1	1788728183522909184	1788728183523016704	1000000000	107.52	cc_split_swin_16h_qkv_512_chained_fp8	cc_split_swin_16h_qkv_512_chained_fp8
51	1	1788728183523020800	1788728183523068928	1000000000	48.128	cc_split_swin_16h_proj_512_chained_fp8	cc_split_swin_16h_proj_512_chained_fp8
52	1	1788728183523073024	1788728183523165184	1000000000	92.16	cc_split_swin_16h_ffwd_512_chained_fp8	cc_split_swin_16h_ffwd_512_chained_fp8
53	1	1788728183523169280	1788728183523216384	1000000000	47.104	cc_split_swin_16h_ffwd_proj_512_chained_fp8	cc_split_swin_16h_ffwd_proj_512_chained_fp8
54	1	1788728183523221504	1788728183523329024	1000000000	107.52	cc_split_swin_16h_qkv_512_chained_fp8	cc_split_swin_16h_qkv_512_chained_fp8
55	1	1788728183523333120	1788728183523373056	1000000000	39.936	cc_split_swin_16h_proj_pool_512_chained_fp8	cc_split_swin_16h_proj_pool_512_chained_fp8
56	1	1788728183523378176	1788728183523406848	1000000000	28.672	cc_split_swin_16h_final_head_512_wait_fp8	cc_split_swin_16h_final_head_512_wait_fp8
57	1	1788728183523410944	1788728183523419136	1000000000	8.192	cc_vit_1d_repack_2d_to_1d_fp8	cc_vit_1d_repack_2d_to_1d_fp8
58	1	1788728183523423232	1788728183523594240	1000000000	171.008	cc_vit_1d_ffn_expand_publish_fp8	cc_vit_1d_ffn_expand_publish_fp8
59	1	1788728183523598336	1788728183523716096	1000000000	117.76	cc_vit_1d_ffn_contract_chained_fp8	cc_vit_1d_ffn_contract_chained_fp8
60	1	1788728183523721216	1788728183523820544	1000000000	99.328	cc_vit_1d_qkv_chained_fp8	cc_vit_1d_qkv_chained_fp8
61	1	1788728183523825664	1788728183523922944	1000000000	97.28	cc_vit_1d_attention_chained_fp8	cc_vit_1d_attention_chained_fp8
62	1	1788728183523927040	1788728183523975168	1000000000	48.128	cc_vit_1d_projection_chained_fp8	cc_vit_1d_projection_chained_fp8
63	1	1788728183523980288	1788728183524133888	1000000000	153.6	cc_vit_1d_ffn_expand_chained_fp8	cc_vit_1d_ffn_expand_chained_fp8
64	1	1788728183524139008	1788728183524256768	1000000000	117.76	cc_vit_1d_ffn_contract_chained_fp8	cc_vit_1d_ffn_contract_chained_fp8
65	1	1788728183524261888	1788728183524360192	1000000000	98.304	cc_vit_1d_qkv_chained_fp8	cc_vit_1d_qkv_chained_fp8
66	1	1788728183524365312	1788728183524462592	1000000000	97.28	cc_vit_1d_attention_chained_fp8	cc_vit_1d_attention_chained_fp8
67	1	1788728183524466688	1788728183524515840	1000000000	49.152	cc_vit_1d_projection_chained_fp8	cc_vit_1d_projection_chained_fp8
68	1	1788728183524519936	1788728183524677632	1000000000	157.696	cc_vit_1d_ffn_expand_chained_fp8	cc_vit_1d_ffn_expand_chained_fp8
69	1	1788728183524682752	1788728183524799488	1000000000	116.736	cc_vit_1d_ffn_contract_chained_fp8	cc_vit_1d_ffn_contract_chained_fp8
70	1	1788728183524804608	1788728183524902912	1000000000	98.304	cc_vit_1d_qkv_chained_fp8	cc_vit_1d_qkv_chained_fp8
71	1	1788728183524908032	1788728183525005312	1000000000	97.28	cc_vit_1d_attention_chained_fp8	cc_vit_1d_attention_chained_fp8
72	1	1788728183525009408	1788728183525057536	1000000000	48.128	cc_vit_1d_projection_chained_fp8	cc_vit_1d_projection_chained_fp8
73	1	1788728183525061632	1788728183525216256	1000000000	154.624	cc_vit_1d_ffn_expand_chained_fp8	cc_vit_1d_ffn_expand_chained_fp8
74	1	1788728183525220352	1788728183525337088	1000000000	116.736	cc_vit_1d_ffn_contract_chained_fp8	cc_vit_1d_ffn_contract_chained_fp8
75	1	1788728183525341184	1788728183525441536	1000000000	100.352	cc_vit_1d_qkv_chained_fp8	cc_vit_1d_qkv_chained_fp8
76	1	1788728183525445632	1788728183525543936	1000000000	98.304	cc_vit_1d_attention_chained_fp8	cc_vit_1d_attention_chained_fp8
77	1	1788728183525548032	1788728183525596160	1000000000	48.128	cc_vit_1d_projection_chained_fp8	cc_vit_1d_projection_chained_fp8
78	1	1788728183525599232	1788728183525753856	1000000000	154.624	cc_vit_1d_ffn_expand_chained_fp8	cc_vit_1d_ffn_expand_chained_fp8
79	1	1788728183525767168	1788728183525884928	1000000000	117.76	cc_vit_1d_ffn_contract_chained_fp8	cc_vit_1d_ffn_contract_chained_fp8
80	1	1788728183525890048	1788728183525989376	1000000000	99.328	cc_vit_1d_qkv_chained_fp8	cc_vit_1d_qkv_chained_fp8
81	1	1788728183525993472	1788728183526091776	1000000000	98.304	cc_vit_1d_attention_chained_fp8	cc_vit_1d_attention_chained_fp8
82	1	1788728183526095872	1788728183526144000	1000000000	48.128	cc_vit_1d_projection_chained_fp8	cc_vit_1d_projection_chained_fp8
83	1	1788728183526148096	1788728183526300672	1000000000	152.576	cc_vit_1d_ffn_expand_chained_fp8	cc_vit_1d_ffn_expand_chained_fp8
84	1	1788728183526305792	1788728183526423552	1000000000	117.76	cc_vit_1d_ffn_contract_chained_fp8	cc_vit_1d_ffn_contract_chained_fp8
85	1	1788728183526427648	1788728183526528000	1000000000	100.352	cc_vit_1d_qkv_chained_fp8	cc_vit_1d_qkv_chained_fp8
86	1	1788728183526532096	1788728183526630400	1000000000	98.304	cc_vit_1d_attention_chained_fp8	cc_vit_1d_attention_chained_fp8
87	1	1788728183526634496	1788728183526682624	1000000000	48.128	cc_vit_1d_projection_chained_fp8	cc_vit_1d_projection_chained_fp8
88	1	1788728183526686720	1788728183526842368	1000000000	155.648	cc_vit_1d_ffn_expand_chained_fp8	cc_vit_1d_ffn_expand_chained_fp8
89	1	1788728183526847488	1788728183526965248	1000000000	117.76	cc_vit_1d_ffn_contract_chained_fp8	cc_vit_1d_ffn_contract_chained_fp8
90	1	1788728183526969344	1788728183527069696	1000000000	100.352	cc_vit_1d_qkv_chained_fp8	cc_vit_1d_qkv_chained_fp8
91	1	1788728183527073792	1788728183527171072	1000000000	97.28	cc_vit_1d_attention_chained_fp8	cc_vit_1d_attention_chained_fp8
92	1	1788728183527175168	1788728183527224320	1000000000	49.152	cc_vit_1d_projection_chained_fp8	cc_vit_1d_projection_chained_fp8
93	1	1788728183527229440	1788728183527385088	1000000000	155.648	cc_vit_1d_ffn_expand_chained_fp8	cc_vit_1d_ffn_expand_chained_fp8
94	1	1788728183527389184	1788728183527507968	1000000000	118.784	cc_vit_1d_ffn_contract_chained_fp8	cc_vit_1d_ffn_contract_chained_fp8
95	1	1788728183527513088	1788728183527612416	1000000000	99.328	cc_vit_1d_qkv_chained_fp8	cc_vit_1d_qkv_chained_fp8
96	1	1788728183527616512	1788728183527714816	1000000000	98.304	cc_vit_1d_attention_chained_fp8	cc_vit_1d_attention_chained_fp8
97	1	1788728183527718912	1788728183527766016	1000000000	47.104	cc_vit_1d_projection_wait_fp8	cc_vit_1d_projection_wait_fp8
98	1	1788728183527779328	1788728183527785472	1000000000	6.144	cc_vit_1d_repack_1d_to_2d_fp8	cc_vit_1d_repack_1d_to_2d_fp8
99	1	1788728183527789568	1788728183527826432	1000000000	36.864	cc_dec_input_upsample_1024_512_tilesync_fp8	cc_dec_input_upsample_1024_512_tilesync_fp8
100	1	1788728183527831552	1788728183527923712	1000000000	92.16	cc_split_swin_16h_ffwd_512_chained_fp8	cc_split_swin_16h_ffwd_512_chained_fp8
101	1	1788728183527927808	1788728183527974912	1000000000	47.104	cc_split_swin_16h_ffwd_proj_512_chained_fp8	cc_split_swin_16h_ffwd_proj_512_chained_fp8
102	1	1788728183527980032	1788728183528066048	1000000000	86.016	cc_split_swin_16h_qkv_512_chained_fp8	cc_split_swin_16h_qkv_512_chained_fp8
103	1	1788728183528070144	1788728183528120320	1000000000	50.176	cc_split_swin_16h_proj_512_chained_fp8	cc_split_swin_16h_proj_512_chained_fp8
104	1	1788728183528124416	1788728183528215552	1000000000	91.136	cc_split_swin_16h_ffwd_512_chained_fp8	cc_split_swin_16h_ffwd_512_chained_fp8
105	1	1788728183528219648	1788728183528267776	1000000000	48.128	cc_split_swin_16h_ffwd_proj_512_chained_fp8	cc_split_swin_16h_ffwd_proj_512_chained_fp8
106	1	1788728183528272896	1788728183528381440	1000000000	108.544	cc_split_swin_16h_qkv_512_chained_fp8	cc_split_swin_16h_qkv_512_chained_fp8
107	1	1788728183528385536	1788728183528433664	1000000000	48.128	cc_split_swin_16h_proj_512_chained_fp8	cc_split_swin_16h_proj_512_chained_fp8
108	1	1788728183528437760	1788728183528528896	1000000000	91.136	cc_split_swin_16h_ffwd_512_chained_fp8	cc_split_swin_16h_ffwd_512_chained_fp8
109	1	1788728183528532992	1788728183528581120	1000000000	48.128	cc_split_swin_16h_ffwd_proj_512_chained_fp8	cc_split_swin_16h_ffwd_proj_512_chained_fp8
110	1	1788728183528585216	1788728183528692736	1000000000	107.52	cc_split_swin_16h_qkv_512_chained_fp8	cc_split_swin_16h_qkv_512_chained_fp8
111	1	1788728183528696832	1788728183528744960	1000000000	48.128	cc_split_swin_16h_proj_512_chained_fp8	cc_split_swin_16h_proj_512_chained_fp8
112	1	1788728183528749056	1788728183528842240	1000000000	93.184	cc_split_swin_16h_ffwd_512_chained_fp8	cc_split_swin_16h_ffwd_512_chained_fp8
113	1	1788728183528846336	1788728183528894464	1000000000	48.128	cc_split_swin_16h_ffwd_proj_512_chained_fp8	cc_split_swin_16h_ffwd_proj_512_chained_fp8
114	1	1788728183528902656	1788728183529010176	1000000000	107.52	cc_split_swin_16h_qkv_512_chained_fp8	cc_split_swin_16h_qkv_512_chained_fp8
115	1	1788728183529014272	1788728183529061376	1000000000	47.104	cc_split_swin_16h_proj_512_chained_fp8	cc_split_swin_16h_proj_512_chained_fp8
116	1	1788728183529065472	1788728183529156608	1000000000	91.136	cc_split_swin_16h_ffwd_512_chained_fp8	cc_split_swin_16h_ffwd_512_chained_fp8
117	1	1788728183529160704	1788728183529209856	1000000000	49.152	cc_split_swin_16h_ffwd_proj_512_chained_fp8	cc_split_swin_16h_ffwd_proj_512_chained_fp8
118	1	1788728183529213952	1788728183529300992	1000000000	87.04	cc_split_swin_16h_qkv_512_chained_fp8	cc_split_swin_16h_qkv_512_chained_fp8
119	1	1788728183529304064	1788728183529351168	1000000000	47.104	cc_split_swin_16h_proj_512_chained_fp8	cc_split_swin_16h_proj_512_chained_fp8
120	1	1788728183529356288	1788728183529447424	1000000000	91.136	cc_split_swin_16h_ffwd_512_chained_fp8	cc_split_swin_16h_ffwd_512_chained_fp8
121	1	1788728183529451520	1788728183529498624	1000000000	47.104	cc_split_swin_16h_ffwd_proj_512_chained_fp8	cc_split_swin_16h_ffwd_proj_512_chained_fp8
122	1	1788728183529503744	1788728183529613312	1000000000	109.568	cc_split_swin_16h_qkv_512_chained_fp8	cc_split_swin_16h_qkv_512_chained_fp8
123	1	1788728183529617408	1788728183529666560	1000000000	49.152	cc_split_swin_16h_proj_512_chained_fp8	cc_split_swin_16h_proj_512_chained_fp8
124	1	1788728183529671680	1788728183529762816	1000000000	91.136	cc_split_swin_16h_ffwd_512_chained_fp8	cc_split_swin_16h_ffwd_512_chained_fp8
125	1	1788728183529766912	1788728183529816064	1000000000	49.152	cc_split_swin_16h_ffwd_proj_512_chained_fp8	cc_split_swin_16h_ffwd_proj_512_chained_fp8
126	1	1788728183529821184	1788728183529929728	1000000000	108.544	cc_split_swin_16h_qkv_512_chained_fp8	cc_split_swin_16h_qkv_512_chained_fp8
127	1	1788728183529933824	1788728183529982976	1000000000	49.152	cc_split_swin_16h_proj_512_chained_fp8	cc_split_swin_16h_proj_512_chained_fp8
128	1	1788728183529987072	1788728183530079232	1000000000	92.16	cc_split_swin_16h_ffwd_512_chained_fp8	cc_split_swin_16h_ffwd_512_chained_fp8
129	1	1788728183530083328	1788728183530131456	1000000000	48.128	cc_split_swin_16h_ffwd_proj_512_chained_fp8	cc_split_swin_16h_ffwd_proj_512_chained_fp8
130	1	1788728183530136576	1788728183530243072	1000000000	106.496	cc_split_swin_16h_qkv_512_chained_fp8	cc_split_swin_16h_qkv_512_chained_fp8
131	1	1788728183530247168	1788728183530341376	1000000000	94.208	cc_split_swin_16h_proj_512_outview_wait_fp8	cc_split_swin_16h_proj_512_outview_wait_fp8
132	1	1788728183530346496	1788728183530713088	1000000000	366.592	cc_tinlayout_fused_swin_8h_256_8_upsample_tilesync_fp8	cc_tinlayout_fused_swin_8h_256_8_upsample_tilesync_fp8
133	1	1788728183530717184	1788728183531122688	1000000000	405.504	cc_tinlayout_fused_swin_8h_256_8_chained_fp8	cc_tinlayout_fused_swin_8h_256_8_chained_fp8
134	1	1788728183531126784	1788728183531514880	1000000000	388.096	cc_tinlayout_fused_swin_8h_256_8_chained_fp8	cc_tinlayout_fused_swin_8h_256_8_chained_fp8
135	1	1788728183531520000	1788728183531849728	1000000000	329.728	cc_tinlayout_fused_swin_8h_256_8_chained_fp8	cc_tinlayout_fused_swin_8h_256_8_chained_fp8
136	1	1788728183531853824	1788728183532160000	1000000000	306.176	cc_tinlayout_fused_swin_8h_256_8_chained_fp8	cc_tinlayout_fused_swin_8h_256_8_chained_fp8
137	1	1788728183532165120	1788728183532553216	1000000000	388.096	cc_tinlayout_fused_swin_8h_256_8_chained_fp8	cc_tinlayout_fused_swin_8h_256_8_chained_fp8
138	1	1788728183532558336	1788728183532969984	1000000000	411.648	cc_tinlayout_fused_swin_8h_256_8_chained_fp8	cc_tinlayout_fused_swin_8h_256_8_chained_fp8
139	1	1788728183532975104	1788728183533281280	1000000000	306.176	cc_tinlayout_fused_swin_8h_256_8_outview_wait_fp8	cc_tinlayout_fused_swin_8h_256_8_outview_wait_fp8
140	1	1788728183533285376	1788728183533716480	1000000000	431.104	cc_tinlayout_fused_swin_4h_128_4_upsample_tilesync_fp8	cc_tinlayout_fused_swin_4h_128_4_upsample_tilesync_fp8
141	1	1788728183533721600	1788728183534048256	1000000000	326.656	cc_tinlayout_fused_swin_4h_128_4_chained_fp8	cc_tinlayout_fused_swin_4h_128_4_chained_fp8
142	1	1788728183534053376	1788728183534370816	1000000000	317.44	cc_tinlayout_fused_swin_4h_128_4_chained_fp8	cc_tinlayout_fused_swin_4h_128_4_chained_fp8
143	1	1788728183534374912	1788728183534693376	1000000000	318.464	cc_tinlayout_fused_swin_4h_128_4_chained_fp8	cc_tinlayout_fused_swin_4h_128_4_chained_fp8
144	1	1788728183534697472	1788728183535019008	1000000000	321.536	cc_tinlayout_fused_swin_4h_128_4_chained_fp8	cc_tinlayout_fused_swin_4h_128_4_chained_fp8
145	1	1788728183535023104	1788728183535379456	1000000000	356.352	cc_tinlayout_fused_swin_4h_128_4_outview_wait_fp8	cc_tinlayout_fused_swin_4h_128_4_outview_wait_fp8
146	1	1788728183535383552	1788728183536101376	1000000000	717.824	cc_tinlayout_fused_swin_2h_64_2_upsample_tilesync_fp8	cc_tinlayout_fused_swin_2h_64_2_upsample_tilesync_fp8
147	1	1788728183536105472	1788728183536627712	1000000000	522.24	cc_tinlayout_fused_swin_2h_64_2_chained_fp8	cc_tinlayout_fused_swin_2h_64_2_chained_fp8
148	1	1788728183536632832	1788728183537124352	1000000000	491.52	cc_tinlayout_fused_swin_2h_64_2_chained_fp8	cc_tinlayout_fused_swin_2h_64_2_chained_fp8
149	1	1788728183537128448	1788728183538448384	1000000000	1319.94	cc_tinlayout_fused_swin_2h_64_2_outview_wait_fp8	cc_tinlayout_fused_swin_2h_64_2_outview_wait_fp8
150	1	1788728183538457600	1788728183539678208	1000000000	1220.61	cc_tinlayout_fused_swin_1h_32_1_upsample_tilesync_fp8	cc_tinlayout_fused_swin_1h_32_1_upsample_tilesync_fp8
151	1	1788728183539682304	1788728183540381696	1000000000	699.392	cc_tinlayout_fused_swin_1h_32_1_chained_fp8	cc_tinlayout_fused_swin_1h_32_1_chained_fp8
152	1	1788728183540385792	1788728183541045248	1000000000	659.456	cc_tinlayout_fused_swin_1h_32_1_chained_fp8	cc_tinlayout_fused_swin_1h_32_1_chained_fp8
153	1	1788728183541049344	1788728183542147072	1000000000	1097.73	cc_tinlayout_fused_swin_1h_32_1_outview_wait_fp8	cc_tinlayout_fused_swin_1h_32_1_outview_wait_fp8
154	1	1788728183542151168	1788728183546622976	1000000000	4471.81	cc_tinlayout_fused_post_block_swin_1h_32_fp8	cc_tinlayout_fused_post_block_swin_1h_32_fp8
155	1	1788728183546626048	1788728183546659840	1000000000	33.792	cg2r_copy_kernel	cg2r_copy_kernel
156	1	1788728183745492992	1788728183745497088	1000000000	4.096	cc_cb_clear	cc_cb_clear
157	1	1788728183745502208	1788728183748966400	1000000000	3464.19	cc_tinlayout_fused_pre_block_swin_1h_32_1_ds_fp8	cc_tinlayout_fused_pre_block_swin_1h_32_1_ds_fp8
158	1	1788728183748970496	1788728183749734400	1000000000	763.904	cc_tinlayout_fused_swin_1h_32_1_inpview_tilesync_fp8	cc_tinlayout_fused_swin_1h_32_1_inpview_tilesync_fp8
159	1	1788728183749738496	1788728183750472704	1000000000	734.208	cc_tinlayout_fused_swin_1h_32_1_chained_fp8	cc_tinlayout_fused_swin_1h_32_1_chained_fp8
160	1	1788728183750476800	1788728183751209984	1000000000	733.184	cc_tinlayout_fused_swin_1h_32_1_chained_fp8	cc_tinlayout_fused_swin_1h_32_1_chained_fp8
161	1	1788728183751213056	1788728183752098816	1000000000	885.76	cc_tinlayout_fused_swin_1h_32_1_ds_wait_fp8	cc_tinlayout_fused_swin_1h_32_1_ds_wait_fp8
162	1	1788728183752102912	1788728183752600576	1000000000	497.664	cc_tinlayout_fused_swin_2h_64_2_inpview_tilesync_fp8	cc_tinlayout_fused_swin_2h_64_2_inpview_tilesync_fp8
163	1	1788728183752604672	1788728183753127936	1000000000	523.264	cc_tinlayout_fused_swin_2h_64_2_chained_fp8	cc_tinlayout_fused_swin_2h_64_2_chained_fp8
164	1	1788728183753132032	1788728183753630720	1000000000	498.688	cc_tinlayout_fused_swin_2h_64_2_chained_fp8	cc_tinlayout_fused_swin_2h_64_2_chained_fp8
165	1	1788728183753634816	1788728183754152960	1000000000	518.144	cc_tinlayout_fused_swin_2h_64_2_ds_wait_fp8	cc_tinlayout_fused_swin_2h_64_2_ds_wait_fp8
166	1	1788728183754157056	1788728183754482688	1000000000	325.632	cc_tinlayout_fused_swin_4h_128_4_inpview_tilesync_fp8	cc_tinlayout_fused_swin_4h_128_4_inpview_tilesync_fp8
167	1	1788728183754486784	1788728183755233280	1000000000	746.496	cc_tinlayout_fused_swin_4h_128_4_chained_fp8	cc_tinlayout_fused_swin_4h_128_4_chained_fp8
168	1	1788728183755238400	1788728183756022784	1000000000	784.384	cc_tinlayout_fused_swin_4h_128_4_chained_fp8	cc_tinlayout_fused_swin_4h_128_4_chained_fp8
169	1	1788728183756027904	1788728183756346368	1000000000	318.464	cc_tinlayout_fused_swin_4h_128_4_chained_fp8	cc_tinlayout_fused_swin_4h_128_4_chained_fp8
170	1	1788728183756350464	1788728183756666880	1000000000	316.416	cc_tinlayout_fused_swin_4h_128_4_chained_fp8	cc_tinlayout_fused_swin_4h_128_4_chained_fp8
171	1	1788728183756670976	1788728183757026304	1000000000	355.328	cc_tinlayout_fused_swin_4h_128_4_ds_wait_fp8	cc_tinlayout_fused_swin_4h_128_4_ds_wait_fp8
172	1	1788728183757029376	1788728183757362176	1000000000	332.8	cc_tinlayout_fused_swin_8h_256_8_inpview_tilesync_fp8	cc_tinlayout_fused_swin_8h_256_8_inpview_tilesync_fp8
173	1	1788728183757365248	1788728183757776896	1000000000	411.648	cc_tinlayout_fused_swin_8h_256_8_chained_fp8	cc_tinlayout_fused_swin_8h_256_8_chained_fp8
174	1	1788728183757780992	1788728183758179328	1000000000	398.336	cc_tinlayout_fused_swin_8h_256_8_chained_fp8	cc_tinlayout_fused_swin_8h_256_8_chained_fp8
175	1	1788728183758183424	1788728183758504960	1000000000	321.536	cc_tinlayout_fused_swin_8h_256_8_chained_fp8	cc_tinlayout_fused_swin_8h_256_8_chained_fp8
176	1	1788728183758509056	1788728183758836736	1000000000	327.68	cc_tinlayout_fused_swin_8h_256_8_chained_fp8	cc_tinlayout_fused_swin_8h_256_8_chained_fp8
177	1	1788728183758840832	1788728183759230976	1000000000	390.144	cc_tinlayout_fused_swin_8h_256_8_chained_fp8	cc_tinlayout_fused_swin_8h_256_8_chained_fp8
178	1	1788728183759238144	1788728183759632384	1000000000	394.24	cc_tinlayout_fused_swin_8h_256_8_chained_fp8	cc_tinlayout_fused_swin_8h_256_8_chained_fp8
179	1	1788728183759636480	1788728183759977472	1000000000	340.992	cc_tinlayout_fused_swin_8h_256_8_ds_wait_fp8	cc_tinlayout_fused_swin_8h_256_8_ds_wait_fp8
180	1	1788728183759981568	1788728183760075776	1000000000	94.208	cc_split_swin_16h_ffwd_inpview_512_tilesync_fp8	cc_split_swin_16h_ffwd_inpview_512_tilesync_fp8
181	1	1788728183760079872	1788728183760167936	1000000000	88.064	cc_split_swin_16h_ffwd_proj_inpview_512_chained_fp8	cc_split_swin_16h_ffwd_proj_inpview_512_chained_fp8
182	1	1788728183760172032	1788728183760259072	1000000000	87.04	cc_split_swin_16h_qkv_512_chained_fp8	cc_split_swin_16h_qkv_512_chained_fp8
183	1	1788728183760263168	1788728183760310272	1000000000	47.104	cc_split_swin_16h_proj_512_chained_fp8	cc_split_swin_16h_proj_512_chained_fp8
184	1	1788728183760315392	1788728183760406528	1000000000	91.136	cc_split_swin_16h_ffwd_512_chained_fp8	cc_split_swin_16h_ffwd_512_chained_fp8
185	1	1788728183760410624	1788728183760457728	1000000000	47.104	cc_split_swin_16h_ffwd_proj_512_chained_fp8	cc_split_swin_16h_ffwd_proj_512_chained_fp8
186	1	1788728183760461824	1788728183760571392	1000000000	109.568	cc_split_swin_16h_qkv_512_chained_fp8	cc_split_swin_16h_qkv_512_chained_fp8
187	1	1788728183760575488	1788728183760623616	1000000000	48.128	cc_split_swin_16h_proj_512_chained_fp8	cc_split_swin_16h_proj_512_chained_fp8
188	1	1788728183760627712	1788728183760719872	1000000000	92.16	cc_split_swin_16h_ffwd_512_chained_fp8	cc_split_swin_16h_ffwd_512_chained_fp8
189	1	1788728183760723968	1788728183760773120	1000000000	49.152	cc_split_swin_16h_ffwd_proj_512_chained_fp8	cc_split_swin_16h_ffwd_proj_512_chained_fp8
190	1	1788728183760777216	1788728183760886784	1000000000	109.568	cc_split_swin_16h_qkv_512_chained_fp8	cc_split_swin_16h_qkv_512_chained_fp8
191	1	1788728183760891904	1788728183760941056	1000000000	49.152	cc_split_swin_16h_proj_512_chained_fp8	cc_split_swin_16h_proj_512_chained_fp8
192	1	1788728183760945152	1788728183761037312	1000000000	92.16	cc_split_swin_16h_ffwd_512_chained_fp8	cc_split_swin_16h_ffwd_512_chained_fp8
193	1	1788728183761041408	1788728183761089536	1000000000	48.128	cc_split_swin_16h_ffwd_proj_512_chained_fp8	cc_split_swin_16h_ffwd_proj_512_chained_fp8
194	1	1788728183761093632	1788728183761200128	1000000000	106.496	cc_split_swin_16h_qkv_512_chained_fp8	cc_split_swin_16h_qkv_512_chained_fp8
195	1	1788728183761204224	1788728183761251328	1000000000	47.104	cc_split_swin_16h_proj_512_chained_fp8	cc_split_swin_16h_proj_512_chained_fp8
196	1	1788728183761255424	1788728183761347584	1000000000	92.16	cc_split_swin_16h_ffwd_512_chained_fp8	cc_split_swin_16h_ffwd_512_chained_fp8
197	1	1788728183761351680	1788728183761399808	1000000000	48.128	cc_split_swin_16h_ffwd_proj_512_chained_fp8	cc_split_swin_16h_ffwd_proj_512_chained_fp8
198	1	1788728183761403904	1788728183761489920	1000000000	86.016	cc_split_swin_16h_qkv_512_chained_fp8	cc_split_swin_16h_qkv_512_chained_fp8
199	1	1788728183761494016	1788728183761540096	1000000000	46.08	cc_split_swin_16h_proj_512_chained_fp8	cc_split_swin_16h_proj_512_chained_fp8
200	1	1788728183761544192	1788728183761636352	1000000000	92.16	cc_split_swin_16h_ffwd_512_chained_fp8	cc_split_swin_16h_ffwd_512_chained_fp8
201	1	1788728183761640448	1788728183761687552	1000000000	47.104	cc_split_swin_16h_ffwd_proj_512_chained_fp8	cc_split_swin_16h_ffwd_proj_512_chained_fp8
202	1	1788728183761692672	1788728183761801216	1000000000	108.544	cc_split_swin_16h_qkv_512_chained_fp8	cc_split_swin_16h_qkv_512_chained_fp8
203	1	1788728183761805312	1788728183761853440	1000000000	48.128	cc_split_swin_16h_proj_512_chained_fp8	cc_split_swin_16h_proj_512_chained_fp8
204	1	1788728183761858560	1788728183761949696	1000000000	91.136	cc_split_swin_16h_ffwd_512_chained_fp8	cc_split_swin_16h_ffwd_512_chained_fp8
205	1	1788728183761953792	1788728183762002944	1000000000	49.152	cc_split_swin_16h_ffwd_proj_512_chained_fp8	cc_split_swin_16h_ffwd_proj_512_chained_fp8
206	1	1788728183762007040	1788728183762115584	1000000000	108.544	cc_split_swin_16h_qkv_512_chained_fp8	cc_split_swin_16h_qkv_512_chained_fp8
207	1	1788728183762119680	1788728183762168832	1000000000	49.152	cc_split_swin_16h_proj_512_chained_fp8	cc_split_swin_16h_proj_512_chained_fp8
208	1	1788728183762171904	1788728183762264064	1000000000	92.16	cc_split_swin_16h_ffwd_512_chained_fp8	cc_split_swin_16h_ffwd_512_chained_fp8
209	1	1788728183762268160	1788728183762317312	1000000000	49.152	cc_split_swin_16h_ffwd_proj_512_chained_fp8	cc_split_swin_16h_ffwd_proj_512_chained_fp8
210	1	1788728183762321408	1788728183762428928	1000000000	107.52	cc_split_swin_16h_qkv_512_chained_fp8	cc_split_swin_16h_qkv_512_chained_fp8
211	1	1788728183762433024	1788728183762475008	1000000000	41.984	cc_split_swin_16h_proj_pool_512_chained_fp8	cc_split_swin_16h_proj_pool_512_chained_fp8
212	1	1788728183762479104	1788728183762507776	1000000000	28.672	cc_split_swin_16h_final_head_512_wait_fp8	cc_split_swin_16h_final_head_512_wait_fp8
213	1	1788728183762511872	1788728183762520064	1000000000	8.192	cc_vit_1d_repack_2d_to_1d_fp8	cc_vit_1d_repack_2d_to_1d_fp8
214	1	1788728183762523136	1788728183762699264	1000000000	176.128	cc_vit_1d_ffn_expand_publish_fp8	cc_vit_1d_ffn_expand_publish_fp8
215	1	1788728183762703360	1788728183762821120	1000000000	117.76	cc_vit_1d_ffn_contract_chained_fp8	cc_vit_1d_ffn_contract_chained_fp8
216	1	1788728183762826240	1788728183762925568	1000000000	99.328	cc_vit_1d_qkv_chained_fp8	cc_vit_1d_qkv_chained_fp8
217	1	1788728183762929664	1788728183763027968	1000000000	98.304	cc_vit_1d_attention_chained_fp8	cc_vit_1d_attention_chained_fp8
218	1	1788728183763032064	1788728183763081216	1000000000	49.152	cc_vit_1d_projection_chained_fp8	cc_vit_1d_projection_chained_fp8
219	1	1788728183763085312	1788728183763240960	1000000000	155.648	cc_vit_1d_ffn_expand_chained_fp8	cc_vit_1d_ffn_expand_chained_fp8
220	1	1788728183763246080	1788728183763362816	1000000000	116.736	cc_vit_1d_ffn_contract_chained_fp8	cc_vit_1d_ffn_contract_chained_fp8
221	1	1788728183763366912	1788728183763470336	1000000000	103.424	cc_vit_1d_qkv_chained_fp8	cc_vit_1d_qkv_chained_fp8
222	1	1788728183763474432	1788728183763571712	1000000000	97.28	cc_vit_1d_attention_chained_fp8	cc_vit_1d_attention_chained_fp8
223	1	1788728183763575808	1788728183763621888	1000000000	46.08	cc_vit_1d_projection_chained_fp8	cc_vit_1d_projection_chained_fp8
224	1	1788728183763625984	1788728183763781632	1000000000	155.648	cc_vit_1d_ffn_expand_chained_fp8	cc_vit_1d_ffn_expand_chained_fp8
225	1	1788728183763788800	1788728183763906560	1000000000	117.76	cc_vit_1d_ffn_contract_chained_fp8	cc_vit_1d_ffn_contract_chained_fp8
226	1	1788728183763910656	1788728183764009984	1000000000	99.328	cc_vit_1d_qkv_chained_fp8	cc_vit_1d_qkv_chained_fp8
227	1	1788728183764014080	1788728183764112384	1000000000	98.304	cc_vit_1d_attention_chained_fp8	cc_vit_1d_attention_chained_fp8
228	1	1788728183764116480	1788728183764164608	1000000000	48.128	cc_vit_1d_projection_chained_fp8	cc_vit_1d_projection_chained_fp8
229	1	1788728183764168704	1788728183764323328	1000000000	154.624	cc_vit_1d_ffn_expand_chained_fp8	cc_vit_1d_ffn_expand_chained_fp8
230	1	1788728183764327424	1788728183764445184	1000000000	117.76	cc_vit_1d_ffn_contract_chained_fp8	cc_vit_1d_ffn_contract_chained_fp8
231	1	1788728183764449280	1788728183764548608	1000000000	99.328	cc_vit_1d_qkv_chained_fp8	cc_vit_1d_qkv_chained_fp8
232	1	1788728183764552704	1788728183764649984	1000000000	97.28	cc_vit_1d_attention_chained_fp8	cc_vit_1d_attention_chained_fp8
233	1	1788728183764654080	1788728183764700160	1000000000	46.08	cc_vit_1d_projection_chained_fp8	cc_vit_1d_projection_chained_fp8
234	1	1788728183764704256	1788728183764858880	1000000000	154.624	cc_vit_1d_ffn_expand_chained_fp8	cc_vit_1d_ffn_expand_chained_fp8
235	1	1788728183764862976	1788728183764980736	1000000000	117.76	cc_vit_1d_ffn_contract_chained_fp8	cc_vit_1d_ffn_contract_chained_fp8
236	1	1788728183764984832	1788728183765085184	1000000000	100.352	cc_vit_1d_qkv_chained_fp8	cc_vit_1d_qkv_chained_fp8
237	1	1788728183765089280	1788728183765187584	1000000000	98.304	cc_vit_1d_attention_chained_fp8	cc_vit_1d_attention_chained_fp8
238	1	1788728183765190656	1788728183765237760	1000000000	47.104	cc_vit_1d_projection_chained_fp8	cc_vit_1d_projection_chained_fp8
239	1	1788728183765241856	1788728183765396480	1000000000	154.624	cc_vit_1d_ffn_expand_chained_fp8	cc_vit_1d_ffn_expand_chained_fp8
240	1	1788728183765400576	1788728183765519360	1000000000	118.784	cc_vit_1d_ffn_contract_chained_fp8	cc_vit_1d_ffn_contract_chained_fp8
241	1	1788728183765523456	1788728183765622784	1000000000	99.328	cc_vit_1d_qkv_chained_fp8	cc_vit_1d_qkv_chained_fp8
242	1	1788728183765626880	1788728183765725184	1000000000	98.304	cc_vit_1d_attention_chained_fp8	cc_vit_1d_attention_chained_fp8
243	1	1788728183765729280	1788728183765776384	1000000000	47.104	cc_vit_1d_projection_chained_fp8	cc_vit_1d_projection_chained_fp8
244	1	1788728183765780480	1788728183765936128	1000000000	155.648	cc_vit_1d_ffn_expand_chained_fp8	cc_vit_1d_ffn_expand_chained_fp8
245	1	1788728183765940224	1788728183766057984	1000000000	117.76	cc_vit_1d_ffn_contract_chained_fp8	cc_vit_1d_ffn_contract_chained_fp8
246	1	1788728183766062080	1788728183766161408	1000000000	99.328	cc_vit_1d_qkv_chained_fp8	cc_vit_1d_qkv_chained_fp8
247	1	1788728183766165504	1788728183766263808	1000000000	98.304	cc_vit_1d_attention_chained_fp8	cc_vit_1d_attention_chained_fp8
248	1	1788728183766268928	1788728183766315008	1000000000	46.08	cc_vit_1d_projection_chained_fp8	cc_vit_1d_projection_chained_fp8
249	1	1788728183766320128	1788728183766474752	1000000000	154.624	cc_vit_1d_ffn_expand_chained_fp8	cc_vit_1d_ffn_expand_chained_fp8
250	1	1788728183766478848	1788728183766597632	1000000000	118.784	cc_vit_1d_ffn_contract_chained_fp8	cc_vit_1d_ffn_contract_chained_fp8
251	1	1788728183766601728	1788728183766701056	1000000000	99.328	cc_vit_1d_qkv_chained_fp8	cc_vit_1d_qkv_chained_fp8
252	1	1788728183766705152	1788728183766802432	1000000000	97.28	cc_vit_1d_attention_chained_fp8	cc_vit_1d_attention_chained_fp8
253	1	1788728183766806528	1788728183766852608	1000000000	46.08	cc_vit_1d_projection_wait_fp8	cc_vit_1d_projection_wait_fp8
254	1	1788728183766856704	1788728183766862848	1000000000	6.144	cc_vit_1d_repack_1d_to_2d_fp8	cc_vit_1d_repack_1d_to_2d_fp8
255	1	1788728183766866944	1788728183766904832	1000000000	37.888	cc_dec_input_upsample_1024_512_tilesync_fp8	cc_dec_input_upsample_1024_512_tilesync_fp8
256	1	1788728183766908928	1788728183767001088	1000000000	92.16	cc_split_swin_16h_ffwd_512_chained_fp8	cc_split_swin_16h_ffwd_512_chained_fp8
257	1	1788728183767005184	1788728183767052288	1000000000	47.104	cc_split_swin_16h_ffwd_proj_512_chained_fp8	cc_split_swin_16h_ffwd_proj_512_chained_fp8
258	1	1788728183767056384	1788728183767142400	1000000000	86.016	cc_split_swin_16h_qkv_512_chained_fp8	cc_split_swin_16h_qkv_512_chained_fp8
259	1	1788728183767147520	1788728183767193600	1000000000	46.08	cc_split_swin_16h_proj_512_chained_fp8	cc_split_swin_16h_proj_512_chained_fp8
260	1	1788728183767197696	1788728183767288832	1000000000	91.136	cc_split_swin_16h_ffwd_512_chained_fp8	cc_split_swin_16h_ffwd_512_chained_fp8
261	1	1788728183767292928	1788728183767341056	1000000000	48.128	cc_split_swin_16h_ffwd_proj_512_chained_fp8	cc_split_swin_16h_ffwd_proj_512_chained_fp8
262	1	1788728183767345152	1788728183767454720	1000000000	109.568	cc_split_swin_16h_qkv_512_chained_fp8	cc_split_swin_16h_qkv_512_chained_fp8
263	1	1788728183767458816	1788728183767507968	1000000000	49.152	cc_split_swin_16h_proj_512_chained_fp8	cc_split_swin_16h_proj_512_chained_fp8
264	1	1788728183767512064	1788728183767604224	1000000000	92.16	cc_split_swin_16h_ffwd_512_chained_fp8	cc_split_swin_16h_ffwd_512_chained_fp8
265	1	1788728183767607296	1788728183767655424	1000000000	48.128	cc_split_swin_16h_ffwd_proj_512_chained_fp8	cc_split_swin_16h_ffwd_proj_512_chained_fp8
266	1	1788728183767659520	1788728183767767040	1000000000	107.52	cc_split_swin_16h_qkv_512_chained_fp8	cc_split_swin_16h_qkv_512_chained_fp8
267	1	1788728183767771136	1788728183767819264	1000000000	48.128	cc_split_swin_16h_proj_512_chained_fp8	cc_split_swin_16h_proj_512_chained_fp8
268	1	1788728183767823360	1788728183767915520	1000000000	92.16	cc_split_swin_16h_ffwd_512_chained_fp8	cc_split_swin_16h_ffwd_512_chained_fp8
269	1	1788728183767919616	1788728183767969792	1000000000	50.176	cc_split_swin_16h_ffwd_proj_512_chained_fp8	cc_split_swin_16h_ffwd_proj_512_chained_fp8
270	1	1788728183767973888	1788728183768080384	1000000000	106.496	cc_split_swin_16h_qkv_512_chained_fp8	cc_split_swin_16h_qkv_512_chained_fp8
271	1	1788728183768083456	1788728183768130560	1000000000	47.104	cc_split_swin_16h_proj_512_chained_fp8	cc_split_swin_16h_proj_512_chained_fp8
272	1	1788728183768134656	1788728183768225792	1000000000	91.136	cc_split_swin_16h_ffwd_512_chained_fp8	cc_split_swin_16h_ffwd_512_chained_fp8
273	1	1788728183768229888	1788728183768276992	1000000000	47.104	cc_split_swin_16h_ffwd_proj_512_chained_fp8	cc_split_swin_16h_ffwd_proj_512_chained_fp8
274	1	1788728183768281088	1788728183768369152	1000000000	88.064	cc_split_swin_16h_qkv_512_chained_fp8	cc_split_swin_16h_qkv_512_chained_fp8
275	1	1788728183768373248	1788728183768420352	1000000000	47.104	cc_split_swin_16h_proj_512_chained_fp8	cc_split_swin_16h_proj_512_chained_fp8
276	1	1788728183768424448	1788728183768515584	1000000000	91.136	cc_split_swin_16h_ffwd_512_chained_fp8	cc_split_swin_16h_ffwd_512_chained_fp8
277	1	1788728183768519680	1788728183768567808	1000000000	48.128	cc_split_swin_16h_ffwd_proj_512_chained_fp8	cc_split_swin_16h_ffwd_proj_512_chained_fp8
278	1	1788728183768571904	1788728183768680448	1000000000	108.544	cc_split_swin_16h_qkv_512_chained_fp8	cc_split_swin_16h_qkv_512_chained_fp8
279	1	1788728183768684544	1788728183768733696	1000000000	49.152	cc_split_swin_16h_proj_512_chained_fp8	cc_split_swin_16h_proj_512_chained_fp8
280	1	1788728183768737792	1788728183768829952	1000000000	92.16	cc_split_swin_16h_ffwd_512_chained_fp8	cc_split_swin_16h_ffwd_512_chained_fp8
281	1	1788728183768834048	1788728183768882176	1000000000	48.128	cc_split_swin_16h_ffwd_proj_512_chained_fp8	cc_split_swin_16h_ffwd_proj_512_chained_fp8
282	1	1788728183768886272	1788728183768992768	1000000000	106.496	cc_split_swin_16h_qkv_512_chained_fp8	cc_split_swin_16h_qkv_512_chained_fp8
283	1	1788728183768996864	1788728183769046016	1000000000	49.152	cc_split_swin_16h_proj_512_chained_fp8	cc_split_swin_16h_proj_512_chained_fp8
284	1	1788728183769050112	1788728183769142272	1000000000	92.16	cc_split_swin_16h_ffwd_512_chained_fp8	cc_split_swin_16h_ffwd_512_chained_fp8
285	1	1788728183769146368	1788728183769194496	1000000000	48.128	cc_split_swin_16h_ffwd_proj_512_chained_fp8	cc_split_swin_16h_ffwd_proj_512_chained_fp8
286	1	1788728183769198592	1788728183769306112	1000000000	107.52	cc_split_swin_16h_qkv_512_chained_fp8	cc_split_swin_16h_qkv_512_chained_fp8
287	1	1788728183769310208	1788728183769400320	1000000000	90.112	cc_split_swin_16h_proj_512_outview_wait_fp8	cc_split_swin_16h_proj_512_outview_wait_fp8
288	1	1788728183769405440	1788728183769773056	1000000000	367.616	cc_tinlayout_fused_swin_8h_256_8_upsample_tilesync_fp8	cc_tinlayout_fused_swin_8h_256_8_upsample_tilesync_fp8
289	1	1788728183769777152	1788728183770179584	1000000000	402.432	cc_tinlayout_fused_swin_8h_256_8_chained_fp8	cc_tinlayout_fused_swin_8h_256_8_chained_fp8
290	1	1788728183770183680	1788728183770583040	1000000000	399.36	cc_tinlayout_fused_swin_8h_256_8_chained_fp8	cc_tinlayout_fused_swin_8h_256_8_chained_fp8
291	1	1788728183770587136	1788728183770925056	1000000000	337.92	cc_tinlayout_fused_swin_8h_256_8_chained_fp8	cc_tinlayout_fused_swin_8h_256_8_chained_fp8
292	1	1788728183770929152	1788728183771761664	1000000000	832.512	cc_tinlayout_fused_swin_8h_256_8_chained_fp8	cc_tinlayout_fused_swin_8h_256_8_chained_fp8
293	1	1788728183771769856	1788728183772172288	1000000000	402.432	cc_tinlayout_fused_swin_8h_256_8_chained_fp8	cc_tinlayout_fused_swin_8h_256_8_chained_fp8
294	1	1788728183772463104	1788728183772888064	1000000000	424.96	cc_tinlayout_fused_swin_8h_256_8_chained_fp8	cc_tinlayout_fused_swin_8h_256_8_chained_fp8
295	1	1788728183772893184	1788728183773200384	1000000000	307.2	cc_tinlayout_fused_swin_8h_256_8_outview_wait_fp8	cc_tinlayout_fused_swin_8h_256_8_outview_wait_fp8
296	1	1788728183773204480	1788728183773644800	1000000000	440.32	cc_tinlayout_fused_swin_4h_128_4_upsample_tilesync_fp8	cc_tinlayout_fused_swin_4h_128_4_upsample_tilesync_fp8
297	1	1788728183773648896	1788728183773978624	1000000000	329.728	cc_tinlayout_fused_swin_4h_128_4_chained_fp8	cc_tinlayout_fused_swin_4h_128_4_chained_fp8
298	1	1788728183773982720	1788728183774294016	1000000000	311.296	cc_tinlayout_fused_swin_4h_128_4_chained_fp8	cc_tinlayout_fused_swin_4h_128_4_chained_fp8
299	1	1788728183774297088	1788728183774617600	1000000000	320.512	cc_tinlayout_fused_swin_4h_128_4_chained_fp8	cc_tinlayout_fused_swin_4h_128_4_chained_fp8
300	1	1788728183774621696	1788728183774939136	1000000000	317.44	cc_tinlayout_fused_swin_4h_128_4_chained_fp8	cc_tinlayout_fused_swin_4h_128_4_chained_fp8
301	1	1788728183774946304	1788728183775322112	1000000000	375.808	cc_tinlayout_fused_swin_4h_128_4_outview_wait_fp8	cc_tinlayout_fused_swin_4h_128_4_outview_wait_fp8
302	1	1788728183775326208	1788728183776056320	1000000000	730.112	cc_tinlayout_fused_swin_2h_64_2_upsample_tilesync_fp8	cc_tinlayout_fused_swin_2h_64_2_upsample_tilesync_fp8
303	1	1788728183776059392	1788728183776585728	1000000000	526.336	cc_tinlayout_fused_swin_2h_64_2_chained_fp8	cc_tinlayout_fused_swin_2h_64_2_chained_fp8
304	1	1788728183776589824	1788728183777074176	1000000000	484.352	cc_tinlayout_fused_swin_2h_64_2_chained_fp8	cc_tinlayout_fused_swin_2h_64_2_chained_fp8
305	1	1788728183777077248	1788728183777568768	1000000000	491.52	cc_tinlayout_fused_swin_2h_64_2_outview_wait_fp8	cc_tinlayout_fused_swin_2h_64_2_outview_wait_fp8
306	1	1788728183777572864	1788728183778795520	1000000000	1222.66	cc_tinlayout_fused_swin_1h_32_1_upsample_tilesync_fp8	cc_tinlayout_fused_swin_1h_32_1_upsample_tilesync_fp8
307	1	1788728183778799616	1788728183779506176	1000000000	706.56	cc_tinlayout_fused_swin_1h_32_1_chained_fp8	cc_tinlayout_fused_swin_1h_32_1_chained_fp8
308	1	1788728183779510272	1788728183780167680	1000000000	657.408	cc_tinlayout_fused_swin_1h_32_1_chained_fp8	cc_tinlayout_fused_swin_1h_32_1_chained_fp8
309	1	1788728183780171776	1788728183781270528	1000000000	1098.75	cc_tinlayout_fused_swin_1h_32_1_outview_wait_fp8	cc_tinlayout_fused_swin_1h_32_1_outview_wait_fp8
310	1	1788728183781274624	1788728183785865216	1000000000	4590.59	cc_tinlayout_fused_post_block_swin_1h_32_fp8	cc_tinlayout_fused_post_block_swin_1h_32_fp8
311	1	1788728183785869312	1788728183785905152	1000000000	35.84	cg2r_copy_kernel	cg2r_copy_kernel
312	1	1788728183991958528	1788728183991961600	1000000000	3.072	cc_cb_clear	cc_cb_clear
313	1	1788728183991966720	1788728183995361280	1000000000	3394.56	cc_tinlayout_fused_pre_block_swin_1h_32_1_ds_fp8	cc_tinlayout_fused_pre_block_swin_1h_32_1_ds_fp8
314	1	1788728183995366400	1788728183996132352	1000000000	765.952	cc_tinlayout_fused_swin_1h_32_1_inpview_tilesync_fp8	cc_tinlayout_fused_swin_1h_32_1_inpview_tilesync_fp8
315	1	1788728183996136448	1788728183996908544	1000000000	772.096	cc_tinlayout_fused_swin_1h_32_1_chained_fp8	cc_tinlayout_fused_swin_1h_32_1_chained_fp8
316	1	1788728183996912640	1788728183997660160	1000000000	747.52	cc_tinlayout_fused_swin_1h_32_1_chained_fp8	cc_tinlayout_fused_swin_1h_32_1_chained_fp8
317	1	1788728183997664256	1788728183998552064	1000000000	887.808	cc_tinlayout_fused_swin_1h_32_1_ds_wait_fp8	cc_tinlayout_fused_swin_1h_32_1_ds_wait_fp8
318	1	1788728183998556160	1788728183999054848	1000000000	498.688	cc_tinlayout_fused_swin_2h_64_2_inpview_tilesync_fp8	cc_tinlayout_fused_swin_2h_64_2_inpview_tilesync_fp8
319	1	1788728183999058944	1788728183999582208	1000000000	523.264	cc_tinlayout_fused_swin_2h_64_2_chained_fp8	cc_tinlayout_fused_swin_2h_64_2_chained_fp8
320	1	1788728183999586304	1788728184000084992	1000000000	498.688	cc_tinlayout_fused_swin_2h_64_2_chained_fp8	cc_tinlayout_fused_swin_2h_64_2_chained_fp8
321	1	1788728184000089088	1788728184000609280	1000000000	520.192	cc_tinlayout_fused_swin_2h_64_2_ds_wait_fp8	cc_tinlayout_fused_swin_2h_64_2_ds_wait_fp8
322	1	1788728184000613376	1788728184000936960	1000000000	323.584	cc_tinlayout_fused_swin_4h_128_4_inpview_tilesync_fp8	cc_tinlayout_fused_swin_4h_128_4_inpview_tilesync_fp8
323	1	1788728184000941056	1788728184001264640	1000000000	323.584	cc_tinlayout_fused_swin_4h_128_4_chained_fp8	cc_tinlayout_fused_swin_4h_128_4_chained_fp8
324	1	1788728184001268736	1788728184001589248	1000000000	320.512	cc_tinlayout_fused_swin_4h_128_4_chained_fp8	cc_tinlayout_fused_swin_4h_128_4_chained_fp8
325	1	1788728184001593344	1788728184001914880	1000000000	321.536	cc_tinlayout_fused_swin_4h_128_4_chained_fp8	cc_tinlayout_fused_swin_4h_128_4_chained_fp8
326	1	1788728184001918976	1788728184002235392	1000000000	316.416	cc_tinlayout_fused_swin_4h_128_4_chained_fp8	cc_tinlayout_fused_swin_4h_128_4_chained_fp8
327	1	1788728184002239488	1788728184002593792	1000000000	354.304	cc_tinlayout_fused_swin_4h_128_4_ds_wait_fp8	cc_tinlayout_fused_swin_4h_128_4_ds_wait_fp8
328	1	1788728184002597888	1788728184002929664	1000000000	331.776	cc_tinlayout_fused_swin_8h_256_8_inpview_tilesync_fp8	cc_tinlayout_fused_swin_8h_256_8_inpview_tilesync_fp8
329	1	1788728184002934784	1788728184003350528	1000000000	415.744	cc_tinlayout_fused_swin_8h_256_8_chained_fp8	cc_tinlayout_fused_swin_8h_256_8_chained_fp8
330	1	1788728184003354624	1788728184004311040	1000000000	956.416	cc_tinlayout_fused_swin_8h_256_8_chained_fp8	cc_tinlayout_fused_swin_8h_256_8_chained_fp8
331	1	1788728184004316160	1788728184004943872	1000000000	627.712	cc_tinlayout_fused_swin_8h_256_8_chained_fp8	cc_tinlayout_fused_swin_8h_256_8_chained_fp8
332	1	1788728184004948992	1788728184005276672	1000000000	327.68	cc_tinlayout_fused_swin_8h_256_8_chained_fp8	cc_tinlayout_fused_swin_8h_256_8_chained_fp8
333	1	1788728184005280768	1788728184005668864	1000000000	388.096	cc_tinlayout_fused_swin_8h_256_8_chained_fp8	cc_tinlayout_fused_swin_8h_256_8_chained_fp8
334	1	1788728184005672960	1788728184006068224	1000000000	395.264	cc_tinlayout_fused_swin_8h_256_8_chained_fp8	cc_tinlayout_fused_swin_8h_256_8_chained_fp8
335	1	1788728184006072320	1788728184006414336	1000000000	342.016	cc_tinlayout_fused_swin_8h_256_8_ds_wait_fp8	cc_tinlayout_fused_swin_8h_256_8_ds_wait_fp8
336	1	1788728184006418432	1788728184006512640	1000000000	94.208	cc_split_swin_16h_ffwd_inpview_512_tilesync_fp8	cc_split_swin_16h_ffwd_inpview_512_tilesync_fp8
337	1	1788728184006516736	1788728184006605824	1000000000	89.088	cc_split_swin_16h_ffwd_proj_inpview_512_chained_fp8	cc_split_swin_16h_ffwd_proj_inpview_512_chained_fp8
338	1	1788728184006609920	1788728184006697984	1000000000	88.064	cc_split_swin_16h_qkv_512_chained_fp8	cc_split_swin_16h_qkv_512_chained_fp8
339	1	1788728184006702080	1788728184006749184	1000000000	47.104	cc_split_swin_16h_proj_512_chained_fp8	cc_split_swin_16h_proj_512_chained_fp8
340	1	1788728184006753280	1788728184006845440	1000000000	92.16	cc_split_swin_16h_ffwd_512_chained_fp8	cc_split_swin_16h_ffwd_512_chained_fp8
341	1	1788728184006849536	1788728184006897664	1000000000	48.128	cc_split_swin_16h_ffwd_proj_512_chained_fp8	cc_split_swin_16h_ffwd_proj_512_chained_fp8
342	1	1788728184006901760	1788728184007009280	1000000000	107.52	cc_split_swin_16h_qkv_512_chained_fp8	cc_split_swin_16h_qkv_512_chained_fp8
343	1	1788728184007013376	1788728184007063552	1000000000	50.176	cc_split_swin_16h_proj_512_chained_fp8	cc_split_swin_16h_proj_512_chained_fp8
344	1	1788728184007067648	1788728184007159808	1000000000	92.16	cc_split_swin_16h_ffwd_512_chained_fp8	cc_split_swin_16h_ffwd_512_chained_fp8
345	1	1788728184007163904	1788728184007212032	1000000000	48.128	cc_split_swin_16h_ffwd_proj_512_chained_fp8	cc_split_swin_16h_ffwd_proj_512_chained_fp8
346	1	1788728184007216128	1788728184007324672	1000000000	108.544	cc_split_swin_16h_qkv_512_chained_fp8	cc_split_swin_16h_qkv_512_chained_fp8
347	1	1788728184007328768	1788728184007377920	1000000000	49.152	cc_split_swin_16h_proj_512_chained_fp8	cc_split_swin_16h_proj_512_chained_fp8
348	1	1788728184007382016	1788728184007474176	1000000000	92.16	cc_split_swin_16h_ffwd_512_chained_fp8	cc_split_swin_16h_ffwd_512_chained_fp8
349	1	1788728184007478272	1788728184007525376	1000000000	47.104	cc_split_swin_16h_ffwd_proj_512_chained_fp8	cc_split_swin_16h_ffwd_proj_512_chained_fp8
350	1	1788728184007529472	1788728184007638016	1000000000	108.544	cc_split_swin_16h_qkv_512_chained_fp8	cc_split_swin_16h_qkv_512_chained_fp8
351	1	1788728184007641088	1788728184007689216	1000000000	48.128	cc_split_swin_16h_proj_512_chained_fp8	cc_split_swin_16h_proj_512_chained_fp8
352	1	1788728184007693312	1788728184007785472	1000000000	92.16	cc_split_swin_16h_ffwd_512_chained_fp8	cc_split_swin_16h_ffwd_512_chained_fp8
353	1	1788728184007788544	1788728184007837696	1000000000	49.152	cc_split_swin_16h_ffwd_proj_512_chained_fp8	cc_split_swin_16h_ffwd_proj_512_chained_fp8
354	1	1788728184007841792	1788728184007927808	1000000000	86.016	cc_split_swin_16h_qkv_512_chained_fp8	cc_split_swin_16h_qkv_512_chained_fp8
355	1	1788728184007931904	1788728184007980032	1000000000	48.128	cc_split_swin_16h_proj_512_chained_fp8	cc_split_swin_16h_proj_512_chained_fp8
356	1	1788728184007983104	1788728184008075264	1000000000	92.16	cc_split_swin_16h_ffwd_512_chained_fp8	cc_split_swin_16h_ffwd_512_chained_fp8
357	1	1788728184008079360	1788728184008127488	1000000000	48.128	cc_split_swin_16h_ffwd_proj_512_chained_fp8	cc_split_swin_16h_ffwd_proj_512_chained_fp8
358	1	1788728184008131584	1788728184008239104	1000000000	107.52	cc_split_swin_16h_qkv_512_chained_fp8	cc_split_swin_16h_qkv_512_chained_fp8
359	1	1788728184008243200	1788728184008292352	1000000000	49.152	cc_split_swin_16h_proj_512_chained_fp8	cc_split_swin_16h_proj_512_chained_fp8
360	1	1788728184008296448	1788728184008387584	1000000000	91.136	cc_split_swin_16h_ffwd_512_chained_fp8	cc_split_swin_16h_ffwd_512_chained_fp8
361	1	1788728184008391680	1788728184008439808	1000000000	48.128	cc_split_swin_16h_ffwd_proj_512_chained_fp8	cc_split_swin_16h_ffwd_proj_512_chained_fp8
362	1	1788728184008443904	1788728184008552448	1000000000	108.544	cc_split_swin_16h_qkv_512_chained_fp8	cc_split_swin_16h_qkv_512_chained_fp8
363	1	1788728184008555520	1788728184008604672	1000000000	49.152	cc_split_swin_16h_proj_512_chained_fp8	cc_split_swin_16h_proj_512_chained_fp8
364	1	1788728184008608768	1788728184008700928	1000000000	92.16	cc_split_swin_16h_ffwd_512_chained_fp8	cc_split_swin_16h_ffwd_512_chained_fp8
365	1	1788728184008705024	1788728184008752128	1000000000	47.104	cc_split_swin_16h_ffwd_proj_512_chained_fp8	cc_split_swin_16h_ffwd_proj_512_chained_fp8
366	1	1788728184008757248	1788728184008863744	1000000000	106.496	cc_split_swin_16h_qkv_512_chained_fp8	cc_split_swin_16h_qkv_512_chained_fp8
367	1	1788728184008866816	1788728184008908800	1000000000	41.984	cc_split_swin_16h_proj_pool_512_chained_fp8	cc_split_swin_16h_proj_pool_512_chained_fp8
368	1	1788728184008912896	1788728184008941568	1000000000	28.672	cc_split_swin_16h_final_head_512_wait_fp8	cc_split_swin_16h_final_head_512_wait_fp8
369	1	1788728184008945664	1788728184008953856	1000000000	8.192	cc_vit_1d_repack_2d_to_1d_fp8	cc_vit_1d_repack_2d_to_1d_fp8
370	1	1788728184008957952	1788728184009124864	1000000000	166.912	cc_vit_1d_ffn_expand_publish_fp8	cc_vit_1d_ffn_expand_publish_fp8
371	1	1788728184009128960	1788728184009246720	1000000000	117.76	cc_vit_1d_ffn_contract_chained_fp8	cc_vit_1d_ffn_contract_chained_fp8
372	1	1788728184009250816	1788728184009350144	1000000000	99.328	cc_vit_1d_qkv_chained_fp8	cc_vit_1d_qkv_chained_fp8
373	1	1788728184009354240	1788728184009452544	1000000000	98.304	cc_vit_1d_attention_chained_fp8	cc_vit_1d_attention_chained_fp8
374	1	1788728184009456640	1788728184009504768	1000000000	48.128	cc_vit_1d_projection_chained_fp8	cc_vit_1d_projection_chained_fp8
375	1	1788728184009508864	1788728184009664512	1000000000	155.648	cc_vit_1d_ffn_expand_chained_fp8	cc_vit_1d_ffn_expand_chained_fp8
376	1	1788728184009668608	1788728184009786368	1000000000	117.76	cc_vit_1d_ffn_contract_chained_fp8	cc_vit_1d_ffn_contract_chained_fp8
377	1	1788728184009790464	1788728184009889792	1000000000	99.328	cc_vit_1d_qkv_chained_fp8	cc_vit_1d_qkv_chained_fp8
378	1	1788728184009893888	1788728184009993216	1000000000	99.328	cc_vit_1d_attention_chained_fp8	cc_vit_1d_attention_chained_fp8
379	1	1788728184009996288	1788728184010044416	1000000000	48.128	cc_vit_1d_projection_chained_fp8	cc_vit_1d_projection_chained_fp8
380	1	1788728184010047488	1788728184010203136	1000000000	155.648	cc_vit_1d_ffn_expand_chained_fp8	cc_vit_1d_ffn_expand_chained_fp8
381	1	1788728184010207232	1788728184010324992	1000000000	117.76	cc_vit_1d_ffn_contract_chained_fp8	cc_vit_1d_ffn_contract_chained_fp8
382	1	1788728184010329088	1788728184010429440	1000000000	100.352	cc_vit_1d_qkv_chained_fp8	cc_vit_1d_qkv_chained_fp8
383	1	1788728184010433536	1788728184010531840	1000000000	98.304	cc_vit_1d_attention_chained_fp8	cc_vit_1d_attention_chained_fp8
384	1	1788728184010535936	1788728184010585088	1000000000	49.152	cc_vit_1d_projection_chained_fp8	cc_vit_1d_projection_chained_fp8
385	1	1788728184010589184	1788728184010743808	1000000000	154.624	cc_vit_1d_ffn_expand_chained_fp8	cc_vit_1d_ffn_expand_chained_fp8
386	1	1788728184010747904	1788728184010865664	1000000000	117.76	cc_vit_1d_ffn_contract_chained_fp8	cc_vit_1d_ffn_contract_chained_fp8
387	1	1788728184010869760	1788728184010969088	1000000000	99.328	cc_vit_1d_qkv_chained_fp8	cc_vit_1d_qkv_chained_fp8
388	1	1788728184010973184	1788728184011071488	1000000000	98.304	cc_vit_1d_attention_chained_fp8	cc_vit_1d_attention_chained_fp8
389	1	1788728184011075584	1788728184011122688	1000000000	47.104	cc_vit_1d_projection_chained_fp8	cc_vit_1d_projection_chained_fp8
390	1	1788728184011127808	1788728184011281408	1000000000	153.6	cc_vit_1d_ffn_expand_chained_fp8	cc_vit_1d_ffn_expand_chained_fp8
391	1	1788728184011285504	1788728184011403264	1000000000	117.76	cc_vit_1d_ffn_contract_chained_fp8	cc_vit_1d_ffn_contract_chained_fp8
392	1	1788728184011407360	1788728184011507712	1000000000	100.352	cc_vit_1d_qkv_chained_fp8	cc_vit_1d_qkv_chained_fp8
393	1	1788728184011511808	1788728184011609088	1000000000	97.28	cc_vit_1d_attention_chained_fp8	cc_vit_1d_attention_chained_fp8
394	1	1788728184011613184	1788728184011660288	1000000000	47.104	cc_vit_1d_projection_chained_fp8	cc_vit_1d_projection_chained_fp8
395	1	1788728184011664384	1788728184011820032	1000000000	155.648	cc_vit_1d_ffn_expand_chained_fp8	cc_vit_1d_ffn_expand_chained_fp8
396	1	1788728184011824128	1788728184011942912	1000000000	118.784	cc_vit_1d_ffn_contract_chained_fp8	cc_vit_1d_ffn_contract_chained_fp8
397	1	1788728184011947008	1788728184012046336	1000000000	99.328	cc_vit_1d_qkv_chained_fp8	cc_vit_1d_qkv_chained_fp8
398	1	1788728184012050432	1788728184012148736	1000000000	98.304	cc_vit_1d_attention_chained_fp8	cc_vit_1d_attention_chained_fp8
399	1	1788728184012151808	1788728184012198912	1000000000	47.104	cc_vit_1d_projection_chained_fp8	cc_vit_1d_projection_chained_fp8
400	1	1788728184012203008	1788728184012357632	1000000000	154.624	cc_vit_1d_ffn_expand_chained_fp8	cc_vit_1d_ffn_expand_chained_fp8
401	1	1788728184012361728	1788728184012479488	1000000000	117.76	cc_vit_1d_ffn_contract_chained_fp8	cc_vit_1d_ffn_contract_chained_fp8
402	1	1788728184012483584	1788728184012583936	1000000000	100.352	cc_vit_1d_qkv_chained_fp8	cc_vit_1d_qkv_chained_fp8
403	1	1788728184012588032	1788728184012686336	1000000000	98.304	cc_vit_1d_attention_chained_fp8	cc_vit_1d_attention_chained_fp8
404	1	1788728184012690432	1788728184012737536	1000000000	47.104	cc_vit_1d_projection_chained_fp8	cc_vit_1d_projection_chained_fp8
405	1	1788728184012741632	1788728184012898304	1000000000	156.672	cc_vit_1d_ffn_expand_chained_fp8	cc_vit_1d_ffn_expand_chained_fp8
406	1	1788728184012902400	1788728184013020160	1000000000	117.76	cc_vit_1d_ffn_contract_chained_fp8	cc_vit_1d_ffn_contract_chained_fp8
407	1	1788728184013024256	1788728184013124608	1000000000	100.352	cc_vit_1d_qkv_chained_fp8	cc_vit_1d_qkv_chained_fp8
408	1	1788728184013128704	1788728184013227008	1000000000	98.304	cc_vit_1d_attention_chained_fp8	cc_vit_1d_attention_chained_fp8
409	1	1788728184013231104	1788728184013279232	1000000000	48.128	cc_vit_1d_projection_wait_fp8	cc_vit_1d_projection_wait_fp8
410	1	1788728184013283328	1788728184013290496	1000000000	7.168	cc_vit_1d_repack_1d_to_2d_fp8	cc_vit_1d_repack_1d_to_2d_fp8
411	1	1788728184013294592	1788728184013332480	1000000000	37.888	cc_dec_input_upsample_1024_512_tilesync_fp8	cc_dec_input_upsample_1024_512_tilesync_fp8
412	1	1788728184013336576	1788728184013428736	1000000000	92.16	cc_split_swin_16h_ffwd_512_chained_fp8	cc_split_swin_16h_ffwd_512_chained_fp8
413	1	1788728184013432832	1788728184013480960	1000000000	48.128	cc_split_swin_16h_ffwd_proj_512_chained_fp8	cc_split_swin_16h_ffwd_proj_512_chained_fp8
414	1	1788728184013485056	1788728184013573120	1000000000	88.064	cc_split_swin_16h_qkv_512_chained_fp8	cc_split_swin_16h_qkv_512_chained_fp8
415	1	1788728184013577216	1788728184013623296	1000000000	46.08	cc_split_swin_16h_proj_512_chained_fp8	cc_split_swin_16h_proj_512_chained_fp8
416	1	1788728184013627392	1788728184013719552	1000000000	92.16	cc_split_swin_16h_ffwd_512_chained_fp8	cc_split_swin_16h_ffwd_512_chained_fp8
417	1	1788728184013723648	1788728184013771776	1000000000	48.128	cc_split_swin_16h_ffwd_proj_512_chained_fp8	cc_split_swin_16h_ffwd_proj_512_chained_fp8
418	1	1788728184013776896	1788728184013885440	1000000000	108.544	cc_split_swin_16h_qkv_512_chained_fp8	cc_split_swin_16h_qkv_512_chained_fp8
419	1	1788728184013889536	1788728184013938688	1000000000	49.152	cc_split_swin_16h_proj_512_chained_fp8	cc_split_swin_16h_proj_512_chained_fp8
420	1	1788728184013942784	1788728184014034944	1000000000	92.16	cc_split_swin_16h_ffwd_512_chained_fp8	cc_split_swin_16h_ffwd_512_chained_fp8
421	1	1788728184014039040	1788728184014087168	1000000000	48.128	cc_split_swin_16h_ffwd_proj_512_chained_fp8	cc_split_swin_16h_ffwd_proj_512_chained_fp8
422	1	1788728184014092288	1788728184014200832	1000000000	108.544	cc_split_swin_16h_qkv_512_chained_fp8	cc_split_swin_16h_qkv_512_chained_fp8
423	1	1788728184014204928	1788728184014253056	1000000000	48.128	cc_split_swin_16h_proj_512_chained_fp8	cc_split_swin_16h_proj_512_chained_fp8
424	1	1788728184014257152	1788728184014350336	1000000000	93.184	cc_split_swin_16h_ffwd_512_chained_fp8	cc_split_swin_16h_ffwd_512_chained_fp8
425	1	1788728184014354432	1788728184014401536	1000000000	47.104	cc_split_swin_16h_ffwd_proj_512_chained_fp8	cc_split_swin_16h_ffwd_proj_512_chained_fp8
426	1	1788728184014405632	1788728184014512128	1000000000	106.496	cc_split_swin_16h_qkv_512_chained_fp8	cc_split_swin_16h_qkv_512_chained_fp8
427	1	1788728184014516224	1788728184014563328	1000000000	47.104	cc_split_swin_16h_proj_512_chained_fp8	cc_split_swin_16h_proj_512_chained_fp8
428	1	1788728184014567424	1788728184014658560	1000000000	91.136	cc_split_swin_16h_ffwd_512_chained_fp8	cc_split_swin_16h_ffwd_512_chained_fp8
429	1	1788728184014662656	1788728184014711808	1000000000	49.152	cc_split_swin_16h_ffwd_proj_512_chained_fp8	cc_split_swin_16h_ffwd_proj_512_chained_fp8
430	1	1788728184014715904	1788728184014802944	1000000000	87.04	cc_split_swin_16h_qkv_512_chained_fp8	cc_split_swin_16h_qkv_512_chained_fp8
431	1	1788728184014807040	1788728184014854144	1000000000	47.104	cc_split_swin_16h_proj_512_chained_fp8	cc_split_swin_16h_proj_512_chained_fp8
432	1	1788728184014858240	1788728184014950400	1000000000	92.16	cc_split_swin_16h_ffwd_512_chained_fp8	cc_split_swin_16h_ffwd_512_chained_fp8
433	1	1788728184014954496	1788728184015001600	1000000000	47.104	cc_split_swin_16h_ffwd_proj_512_chained_fp8	cc_split_swin_16h_ffwd_proj_512_chained_fp8
434	1	1788728184015005696	1788728184015115264	1000000000	109.568	cc_split_swin_16h_qkv_512_chained_fp8	cc_split_swin_16h_qkv_512_chained_fp8
435	1	1788728184015119360	1788728184015168512	1000000000	49.152	cc_split_swin_16h_proj_512_chained_fp8	cc_split_swin_16h_proj_512_chained_fp8
436	1	1788728184015172608	1788728184015264768	1000000000	92.16	cc_split_swin_16h_ffwd_512_chained_fp8	cc_split_swin_16h_ffwd_512_chained_fp8
437	1	1788728184015267840	1788728184015318016	1000000000	50.176	cc_split_swin_16h_ffwd_proj_512_chained_fp8	cc_split_swin_16h_ffwd_proj_512_chained_fp8
438	1	1788728184015322112	1788728184015430656	1000000000	108.544	cc_split_swin_16h_qkv_512_chained_fp8	cc_split_swin_16h_qkv_512_chained_fp8
439	1	1788728184015434752	1788728184015483904	1000000000	49.152	cc_split_swin_16h_proj_512_chained_fp8	cc_split_swin_16h_proj_512_chained_fp8
440	1	1788728184015488000	1788728184015580160	1000000000	92.16	cc_split_swin_16h_ffwd_512_chained_fp8	cc_split_swin_16h_ffwd_512_chained_fp8
441	1	1788728184015584256	1788728184015632384	1000000000	48.128	cc_split_swin_16h_ffwd_proj_512_chained_fp8	cc_split_swin_16h_ffwd_proj_512_chained_fp8
442	1	1788728184015636480	1788728184015744000	1000000000	107.52	cc_split_swin_16h_qkv_512_chained_fp8	cc_split_swin_16h_qkv_512_chained_fp8
443	1	1788728184015747072	1788728184015842304	1000000000	95.232	cc_split_swin_16h_proj_512_outview_wait_fp8	cc_split_swin_16h_proj_512_outview_wait_fp8
444	1	1788728184015846400	1788728184016216064	1000000000	369.664	cc_tinlayout_fused_swin_8h_256_8_upsample_tilesync_fp8	cc_tinlayout_fused_swin_8h_256_8_upsample_tilesync_fp8
445	1	1788728184016220160	1788728184016625664	1000000000	405.504	cc_tinlayout_fused_swin_8h_256_8_chained_fp8	cc_tinlayout_fused_swin_8h_256_8_chained_fp8
446	1	1788728184016629760	1788728184017022976	1000000000	393.216	cc_tinlayout_fused_swin_8h_256_8_chained_fp8	cc_tinlayout_fused_swin_8h_256_8_chained_fp8
447	1	1788728184017027072	1788728184017357824	1000000000	330.752	cc_tinlayout_fused_swin_8h_256_8_chained_fp8	cc_tinlayout_fused_swin_8h_256_8_chained_fp8
448	1	1788728184017361920	1788728184017670144	1000000000	308.224	cc_tinlayout_fused_swin_8h_256_8_chained_fp8	cc_tinlayout_fused_swin_8h_256_8_chained_fp8
449	1	1788728184017674240	1788728184018066432	1000000000	392.192	cc_tinlayout_fused_swin_8h_256_8_chained_fp8	cc_tinlayout_fused_swin_8h_256_8_chained_fp8
450	1	1788728184018070528	1788728184018486272	1000000000	415.744	cc_tinlayout_fused_swin_8h_256_8_chained_fp8	cc_tinlayout_fused_swin_8h_256_8_chained_fp8
451	1	1788728184018490368	1788728184018797568	1000000000	307.2	cc_tinlayout_fused_swin_8h_256_8_outview_wait_fp8	cc_tinlayout_fused_swin_8h_256_8_outview_wait_fp8
452	1	1788728184018801664	1788728184019239936	1000000000	438.272	cc_tinlayout_fused_swin_4h_128_4_upsample_tilesync_fp8	cc_tinlayout_fused_swin_4h_128_4_upsample_tilesync_fp8
453	1	1788728184019245056	1788728184019573760	1000000000	328.704	cc_tinlayout_fused_swin_4h_128_4_chained_fp8	cc_tinlayout_fused_swin_4h_128_4_chained_fp8
454	1	1788728184019577856	1788728184019895296	1000000000	317.44	cc_tinlayout_fused_swin_4h_128_4_chained_fp8	cc_tinlayout_fused_swin_4h_128_4_chained_fp8
455	1	1788728184019899392	1788728184020218880	1000000000	319.488	cc_tinlayout_fused_swin_4h_128_4_chained_fp8	cc_tinlayout_fused_swin_4h_128_4_chained_fp8
456	1	1788728184020222976	1788728184020542464	1000000000	319.488	cc_tinlayout_fused_swin_4h_128_4_chained_fp8	cc_tinlayout_fused_swin_4h_128_4_chained_fp8
457	1	1788728184020546560	1788728184020910080	1000000000	363.52	cc_tinlayout_fused_swin_4h_128_4_outview_wait_fp8	cc_tinlayout_fused_swin_4h_128_4_outview_wait_fp8
458	1	1788728184020914176	1788728184021629952	1000000000	715.776	cc_tinlayout_fused_swin_2h_64_2_upsample_tilesync_fp8	cc_tinlayout_fused_swin_2h_64_2_upsample_tilesync_fp8
459	1	1788728184021634048	1788728184022159360	1000000000	525.312	cc_tinlayout_fused_swin_2h_64_2_chained_fp8	cc_tinlayout_fused_swin_2h_64_2_chained_fp8
460	1	1788728184022163456	1788728184022656000	1000000000	492.544	cc_tinlayout_fused_swin_2h_64_2_chained_fp8	cc_tinlayout_fused_swin_2h_64_2_chained_fp8
461	1	1788728184022660096	1788728184023155712	1000000000	495.616	cc_tinlayout_fused_swin_2h_64_2_outview_wait_fp8	cc_tinlayout_fused_swin_2h_64_2_outview_wait_fp8
462	1	1788728184023158784	1788728184024380416	1000000000	1221.63	cc_tinlayout_fused_swin_1h_32_1_upsample_tilesync_fp8	cc_tinlayout_fused_swin_1h_32_1_upsample_tilesync_fp8
463	1	1788728184024384512	1788728184025143296	1000000000	758.784	cc_tinlayout_fused_swin_1h_32_1_chained_fp8	cc_tinlayout_fused_swin_1h_32_1_chained_fp8
464	1	1788728184025147392	1788728184025807872	1000000000	660.48	cc_tinlayout_fused_swin_1h_32_1_chained_fp8	cc_tinlayout_fused_swin_1h_32_1_chained_fp8
465	1	1788728184025811968	1788728184026908672	1000000000	1096.7	cc_tinlayout_fused_swin_1h_32_1_outview_wait_fp8	cc_tinlayout_fused_swin_1h_32_1_outview_wait_fp8
466	1	1788728184026912768	1788728184031513600	1000000000	4600.83	cc_tinlayout_fused_post_block_swin_1h_32_fp8	cc_tinlayout_fused_post_block_swin_1h_32_fp8
467	1	1788728184031517696	1788728184031552512	1000000000	34.816	cg2r_copy_kernel	cg2r_copy_kernel
468	1	1788728184223012864	1788728184223016960	1000000000	4.096	cc_cb_clear	cc_cb_clear
469	1	1788728184223021056	1788728184225968128	1000000000	2947.07	cc_tinlayout_fused_pre_block_swin_1h_32_1_ds_fp8	cc_tinlayout_fused_pre_block_swin_1h_32_1_ds_fp8
470	1	1788728184225972224	1788728184226728960	1000000000	756.736	cc_tinlayout_fused_swin_1h_32_1_inpview_tilesync_fp8	cc_tinlayout_fused_swin_1h_32_1_inpview_tilesync_fp8
471	1	1788728184226733056	1788728184227501056	1000000000	768	cc_tinlayout_fused_swin_1h_32_1_chained_fp8	cc_tinlayout_fused_swin_1h_32_1_chained_fp8
472	1	1788728184227505152	1788728184228677632	1000000000	1172.48	cc_tinlayout_fused_swin_1h_32_1_chained_fp8	cc_tinlayout_fused_swin_1h_32_1_chained_fp8
473	1	1788728184228681728	1788728184230017024	1000000000	1335.3	cc_tinlayout_fused_swin_1h_32_1_ds_wait_fp8	cc_tinlayout_fused_swin_1h_32_1_ds_wait_fp8
474	1	1788728184230022144	1788728184230523904	1000000000	501.76	cc_tinlayout_fused_swin_2h_64_2_inpview_tilesync_fp8	cc_tinlayout_fused_swin_2h_64_2_inpview_tilesync_fp8
475	1	1788728184230528000	1788728184231053312	1000000000	525.312	cc_tinlayout_fused_swin_2h_64_2_chained_fp8	cc_tinlayout_fused_swin_2h_64_2_chained_fp8
476	1	1788728184231057408	1788728184231547904	1000000000	490.496	cc_tinlayout_fused_swin_2h_64_2_chained_fp8	cc_tinlayout_fused_swin_2h_64_2_chained_fp8
477	1	1788728184231552000	1788728184232068096	1000000000	516.096	cc_tinlayout_fused_swin_2h_64_2_ds_wait_fp8	cc_tinlayout_fused_swin_2h_64_2_ds_wait_fp8
478	1	1788728184232072192	1788728184232394752	1000000000	322.56	cc_tinlayout_fused_swin_4h_128_4_inpview_tilesync_fp8	cc_tinlayout_fused_swin_4h_128_4_inpview_tilesync_fp8
479	1	1788728184232398848	1788728184232722432	1000000000	323.584	cc_tinlayout_fused_swin_4h_128_4_chained_fp8	cc_tinlayout_fused_swin_4h_128_4_chained_fp8
480	1	1788728184232726528	1788728184233046016	1000000000	319.488	cc_tinlayout_fused_swin_4h_128_4_chained_fp8	cc_tinlayout_fused_swin_4h_128_4_chained_fp8
481	1	1788728184233050112	1788728184233373696	1000000000	323.584	cc_tinlayout_fused_swin_4h_128_4_chained_fp8	cc_tinlayout_fused_swin_4h_128_4_chained_fp8
482	1	1788728184233377792	1788728184233692160	1000000000	314.368	cc_tinlayout_fused_swin_4h_128_4_chained_fp8	cc_tinlayout_fused_swin_4h_128_4_chained_fp8
483	1	1788728184233696256	1788728184234050560	1000000000	354.304	cc_tinlayout_fused_swin_4h_128_4_ds_wait_fp8	cc_tinlayout_fused_swin_4h_128_4_ds_wait_fp8
484	1	1788728184234054656	1788728184234385408	1000000000	330.752	cc_tinlayout_fused_swin_8h_256_8_inpview_tilesync_fp8	cc_tinlayout_fused_swin_8h_256_8_inpview_tilesync_fp8
485	1	1788728184234389504	1788728184234799104	1000000000	409.6	cc_tinlayout_fused_swin_8h_256_8_chained_fp8	cc_tinlayout_fused_swin_8h_256_8_chained_fp8
486	1	1788728184234803200	1788728184235202560	1000000000	399.36	cc_tinlayout_fused_swin_8h_256_8_chained_fp8	cc_tinlayout_fused_swin_8h_256_8_chained_fp8
487	1	1788728184235206656	1788728184235526144	1000000000	319.488	cc_tinlayout_fused_swin_8h_256_8_chained_fp8	cc_tinlayout_fused_swin_8h_256_8_chained_fp8
488	1	1788728184235530240	1788728184235858944	1000000000	328.704	cc_tinlayout_fused_swin_8h_256_8_chained_fp8	cc_tinlayout_fused_swin_8h_256_8_chained_fp8
489	1	1788728184235863040	1788728184236250112	1000000000	387.072	cc_tinlayout_fused_swin_8h_256_8_chained_fp8	cc_tinlayout_fused_swin_8h_256_8_chained_fp8
490	1	1788728184236255232	1788728184236647424	1000000000	392.192	cc_tinlayout_fused_swin_8h_256_8_chained_fp8	cc_tinlayout_fused_swin_8h_256_8_chained_fp8
491	1	1788728184236652544	1788728184236990464	1000000000	337.92	cc_tinlayout_fused_swin_8h_256_8_ds_wait_fp8	cc_tinlayout_fused_swin_8h_256_8_ds_wait_fp8
492	1	1788728184236994560	1788728184237088768	1000000000	94.208	cc_split_swin_16h_ffwd_inpview_512_tilesync_fp8	cc_split_swin_16h_ffwd_inpview_512_tilesync_fp8
493	1	1788728184237092864	1788728184237704192	1000000000	611.328	cc_split_swin_16h_ffwd_proj_inpview_512_chained_fp8	cc_split_swin_16h_ffwd_proj_inpview_512_chained_fp8
494	1	1788728184237713408	1788728184237800448	1000000000	87.04	cc_split_swin_16h_qkv_512_chained_fp8	cc_split_swin_16h_qkv_512_chained_fp8
495	1	1788728184237804544	1788728184237851648	1000000000	47.104	cc_split_swin_16h_proj_512_chained_fp8	cc_split_swin_16h_proj_512_chained_fp8
496	1	1788728184237855744	1788728184237946880	1000000000	91.136	cc_split_swin_16h_ffwd_512_chained_fp8	cc_split_swin_16h_ffwd_512_chained_fp8
497	1	1788728184237950976	1788728184237999104	1000000000	48.128	cc_split_swin_16h_ffwd_proj_512_chained_fp8	cc_split_swin_16h_ffwd_proj_512_chained_fp8
498	1	1788728184238003200	1788728184238112768	1000000000	109.568	cc_split_swin_16h_qkv_512_chained_fp8	cc_split_swin_16h_qkv_512_chained_fp8
499	1	1788728184238115840	1788728184238446592	1000000000	330.752	cc_split_swin_16h_proj_512_chained_fp8	cc_split_swin_16h_proj_512_chained_fp8
500	1	1788728184238451712	1788728184238543872	1000000000	92.16	cc_split_swin_16h_ffwd_512_chained_fp8	cc_split_swin_16h_ffwd_512_chained_fp8
501	1	1788728184238547968	1788728184238595072	1000000000	47.104	cc_split_swin_16h_ffwd_proj_512_chained_fp8	cc_split_swin_16h_ffwd_proj_512_chained_fp8
502	1	1788728184238599168	1788728184238707712	1000000000	108.544	cc_split_swin_16h_qkv_512_chained_fp8	cc_split_swin_16h_qkv_512_chained_fp8
503	1	1788728184238711808	1788728184238760960	1000000000	49.152	cc_split_swin_16h_proj_512_chained_fp8	cc_split_swin_16h_proj_512_chained_fp8
504	1	1788728184238765056	1788728184238856192	1000000000	91.136	cc_split_swin_16h_ffwd_512_chained_fp8	cc_split_swin_16h_ffwd_512_chained_fp8
505	1	1788728184238860288	1788728184238907392	1000000000	47.104	cc_split_swin_16h_ffwd_proj_512_chained_fp8	cc_split_swin_16h_ffwd_proj_512_chained_fp8
506	1	1788728184238911488	1788728184239020032	1000000000	108.544	cc_split_swin_16h_qkv_512_chained_fp8	cc_split_swin_16h_qkv_512_chained_fp8
507	1	1788728184239023104	1788728184239071232	1000000000	48.128	cc_split_swin_16h_proj_512_chained_fp8	cc_split_swin_16h_proj_512_chained_fp8
508	1	1788728184239074304	1788728184239166464	1000000000	92.16	cc_split_swin_16h_ffwd_512_chained_fp8	cc_split_swin_16h_ffwd_512_chained_fp8
509	1	1788728184239170560	1788728184239217664	1000000000	47.104	cc_split_swin_16h_ffwd_proj_512_chained_fp8	cc_split_swin_16h_ffwd_proj_512_chained_fp8
510	1	1788728184239221760	1788728184239307776	1000000000	86.016	cc_split_swin_16h_qkv_512_chained_fp8	cc_split_swin_16h_qkv_512_chained_fp8
511	1	1788728184239311872	1788728184239357952	1000000000	46.08	cc_split_swin_16h_proj_512_chained_fp8	cc_split_swin_16h_proj_512_chained_fp8
512	1	1788728184239362048	1788728184239454208	1000000000	92.16	cc_split_swin_16h_ffwd_512_chained_fp8	cc_split_swin_16h_ffwd_512_chained_fp8
513	1	1788728184239458304	1788728184239506432	1000000000	48.128	cc_split_swin_16h_ffwd_proj_512_chained_fp8	cc_split_swin_16h_ffwd_proj_512_chained_fp8
514	1	1788728184239511552	1788728184239620096	1000000000	108.544	cc_split_swin_16h_qkv_512_chained_fp8	cc_split_swin_16h_qkv_512_chained_fp8
515	1	1788728184239624192	1788728184239672320	1000000000	48.128	cc_split_swin_16h_proj_512_chained_fp8	cc_split_swin_16h_proj_512_chained_fp8
516	1	1788728184239676416	1788728184239768576	1000000000	92.16	cc_split_swin_16h_ffwd_512_chained_fp8	cc_split_swin_16h_ffwd_512_chained_fp8
517	1	1788728184239772672	1788728184239820800	1000000000	48.128	cc_split_swin_16h_ffwd_proj_512_chained_fp8	cc_split_swin_16h_ffwd_proj_512_chained_fp8
518	1	1788728184239824896	1788728184239933440	1000000000	108.544	cc_split_swin_16h_qkv_512_chained_fp8	cc_split_swin_16h_qkv_512_chained_fp8
519	1	1788728184239937536	1788728184239986688	1000000000	49.152	cc_split_swin_16h_proj_512_chained_fp8	cc_split_swin_16h_proj_512_chained_fp8
520	1	1788728184239990784	1788728184240083968	1000000000	93.184	cc_split_swin_16h_ffwd_512_chained_fp8	cc_split_swin_16h_ffwd_512_chained_fp8
521	1	1788728184240088064	1788728184240136192	1000000000	48.128	cc_split_swin_16h_ffwd_proj_512_chained_fp8	cc_split_swin_16h_ffwd_proj_512_chained_fp8
522	1	1788728184240140288	1788728184240246784	1000000000	106.496	cc_split_swin_16h_qkv_512_chained_fp8	cc_split_swin_16h_qkv_512_chained_fp8
523	1	1788728184240250880	1788728184240292864	1000000000	41.984	cc_split_swin_16h_proj_pool_512_chained_fp8	cc_split_swin_16h_proj_pool_512_chained_fp8
524	1	1788728184240296960	1788728184240326656	1000000000	29.696	cc_split_swin_16h_final_head_512_wait_fp8	cc_split_swin_16h_final_head_512_wait_fp8
525	1	1788728184240330752	1788728184240337920	1000000000	7.168	cc_vit_1d_repack_2d_to_1d_fp8	cc_vit_1d_repack_2d_to_1d_fp8
526	1	1788728184240342016	1788728184240513024	1000000000	171.008	cc_vit_1d_ffn_expand_publish_fp8	cc_vit_1d_ffn_expand_publish_fp8
527	1	1788728184240517120	1788728184240634880	1000000000	117.76	cc_vit_1d_ffn_contract_chained_fp8	cc_vit_1d_ffn_contract_chained_fp8
528	1	1788728184240638976	1788728184240738304	1000000000	99.328	cc_vit_1d_qkv_chained_fp8	cc_vit_1d_qkv_chained_fp8
529	1	1788728184240742400	1788728184240839680	1000000000	97.28	cc_vit_1d_attention_chained_fp8	cc_vit_1d_attention_chained_fp8
530	1	1788728184240843776	1788728184240891904	1000000000	48.128	cc_vit_1d_projection_chained_fp8	cc_vit_1d_projection_chained_fp8
531	1	1788728184240896000	1788728184241054720	1000000000	158.72	cc_vit_1d_ffn_expand_chained_fp8	cc_vit_1d_ffn_expand_chained_fp8
532	1	1788728184241058816	1788728184241177600	1000000000	118.784	cc_vit_1d_ffn_contract_chained_fp8	cc_vit_1d_ffn_contract_chained_fp8
533	1	1788728184241181696	1788728184241280000	1000000000	98.304	cc_vit_1d_qkv_chained_fp8	cc_vit_1d_qkv_chained_fp8
534	1	1788728184241284096	1788728184241382400	1000000000	98.304	cc_vit_1d_attention_chained_fp8	cc_vit_1d_attention_chained_fp8
535	1	1788728184241385472	1788728184241431552	1000000000	46.08	cc_vit_1d_projection_chained_fp8	cc_vit_1d_projection_chained_fp8
536	1	1788728184241435648	1788728184241593344	1000000000	157.696	cc_vit_1d_ffn_expand_chained_fp8	cc_vit_1d_ffn_expand_chained_fp8
537	1	1788728184241597440	1788728184241715200	1000000000	117.76	cc_vit_1d_ffn_contract_chained_fp8	cc_vit_1d_ffn_contract_chained_fp8
538	1	1788728184241719296	1788728184241818624	1000000000	99.328	cc_vit_1d_qkv_chained_fp8	cc_vit_1d_qkv_chained_fp8
539	1	1788728184241822720	1788728184241921024	1000000000	98.304	cc_vit_1d_attention_chained_fp8	cc_vit_1d_attention_chained_fp8
540	1	1788728184241925120	1788728184241971200	1000000000	46.08	cc_vit_1d_projection_chained_fp8	cc_vit_1d_projection_chained_fp8
541	1	1788728184241975296	1788728184242130944	1000000000	155.648	cc_vit_1d_ffn_expand_chained_fp8	cc_vit_1d_ffn_expand_chained_fp8
542	1	1788728184242135040	1788728184242251776	1000000000	116.736	cc_vit_1d_ffn_contract_chained_fp8	cc_vit_1d_ffn_contract_chained_fp8
543	1	1788728184242255872	1788728184242355200	1000000000	99.328	cc_vit_1d_qkv_chained_fp8	cc_vit_1d_qkv_chained_fp8
544	1	1788728184242359296	1788728184242457600	1000000000	98.304	cc_vit_1d_attention_chained_fp8	cc_vit_1d_attention_chained_fp8
545	1	1788728184242461696	1788728184242508800	1000000000	47.104	cc_vit_1d_projection_chained_fp8	cc_vit_1d_projection_chained_fp8
546	1	1788728184242512896	1788728184242667520	1000000000	154.624	cc_vit_1d_ffn_expand_chained_fp8	cc_vit_1d_ffn_expand_chained_fp8
547	1	1788728184242671616	1788728184242788352	1000000000	116.736	cc_vit_1d_ffn_contract_chained_fp8	cc_vit_1d_ffn_contract_chained_fp8
548	1	1788728184242792448	1788728184242890752	1000000000	98.304	cc_vit_1d_qkv_chained_fp8	cc_vit_1d_qkv_chained_fp8
549	1	1788728184242894848	1788728184242993152	1000000000	98.304	cc_vit_1d_attention_chained_fp8	cc_vit_1d_attention_chained_fp8
550	1	1788728184242997248	1788728184243045376	1000000000	48.128	cc_vit_1d_projection_chained_fp8	cc_vit_1d_projection_chained_fp8
551	1	1788728184243048448	1788728184243202048	1000000000	153.6	cc_vit_1d_ffn_expand_chained_fp8	cc_vit_1d_ffn_expand_chained_fp8
552	1	1788728184243206144	1788728184243328000	1000000000	121.856	cc_vit_1d_ffn_contract_chained_fp8	cc_vit_1d_ffn_contract_chained_fp8
553	1	1788728184243332096	1788728184243431424	1000000000	99.328	cc_vit_1d_qkv_chained_fp8	cc_vit_1d_qkv_chained_fp8
554	1	1788728184243436544	1788728184243533824	1000000000	97.28	cc_vit_1d_attention_chained_fp8	cc_vit_1d_attention_chained_fp8
555	1	1788728184243537920	1788728184243585024	1000000000	47.104	cc_vit_1d_projection_chained_fp8	cc_vit_1d_projection_chained_fp8
556	1	1788728184243589120	1788728184243743744	1000000000	154.624	cc_vit_1d_ffn_expand_chained_fp8	cc_vit_1d_ffn_expand_chained_fp8
557	1	1788728184243747840	1788728184243865600	1000000000	117.76	cc_vit_1d_ffn_contract_chained_fp8	cc_vit_1d_ffn_contract_chained_fp8
558	1	1788728184243869696	1788728184243969024	1000000000	99.328	cc_vit_1d_qkv_chained_fp8	cc_vit_1d_qkv_chained_fp8
559	1	1788728184243973120	1788728184244071424	1000000000	98.304	cc_vit_1d_attention_chained_fp8	cc_vit_1d_attention_chained_fp8
560	1	1788728184244075520	1788728184244121600	1000000000	46.08	cc_vit_1d_projection_chained_fp8	cc_vit_1d_projection_chained_fp8
561	1	1788728184244125696	1788728184244280320	1000000000	154.624	cc_vit_1d_ffn_expand_chained_fp8	cc_vit_1d_ffn_expand_chained_fp8
562	1	1788728184244284416	1788728184244402176	1000000000	117.76	cc_vit_1d_ffn_contract_chained_fp8	cc_vit_1d_ffn_contract_chained_fp8
563	1	1788728184244406272	1788728184244505600	1000000000	99.328	cc_vit_1d_qkv_chained_fp8	cc_vit_1d_qkv_chained_fp8
564	1	1788728184244510720	1788728184244608000	1000000000	97.28	cc_vit_1d_attention_chained_fp8	cc_vit_1d_attention_chained_fp8
565	1	1788728184244612096	1788728184244659200	1000000000	47.104	cc_vit_1d_projection_wait_fp8	cc_vit_1d_projection_wait_fp8
566	1	1788728184244663296	1788728184244669440	1000000000	6.144	cc_vit_1d_repack_1d_to_2d_fp8	cc_vit_1d_repack_1d_to_2d_fp8
567	1	1788728184244673536	1788728184244712448	1000000000	38.912	cc_dec_input_upsample_1024_512_tilesync_fp8	cc_dec_input_upsample_1024_512_tilesync_fp8
568	1	1788728184244716544	1788728184244807680	1000000000	91.136	cc_split_swin_16h_ffwd_512_chained_fp8	cc_split_swin_16h_ffwd_512_chained_fp8
569	1	1788728184244811776	1788728184244859904	1000000000	48.128	cc_split_swin_16h_ffwd_proj_512_chained_fp8	cc_split_swin_16h_ffwd_proj_512_chained_fp8
570	1	1788728184244864000	1788728184244950016	1000000000	86.016	cc_split_swin_16h_qkv_512_chained_fp8	cc_split_swin_16h_qkv_512_chained_fp8
571	1	1788728184244954112	1788728184245001216	1000000000	47.104	cc_split_swin_16h_proj_512_chained_fp8	cc_split_swin_16h_proj_512_chained_fp8
572	1	1788728184245005312	1788728184245096448	1000000000	91.136	cc_split_swin_16h_ffwd_512_chained_fp8	cc_split_swin_16h_ffwd_512_chained_fp8
573	1	1788728184245100544	1788728184245148672	1000000000	48.128	cc_split_swin_16h_ffwd_proj_512_chained_fp8	cc_split_swin_16h_ffwd_proj_512_chained_fp8
574	1	1788728184245152768	1788728184245262336	1000000000	109.568	cc_split_swin_16h_qkv_512_chained_fp8	cc_split_swin_16h_qkv_512_chained_fp8
575	1	1788728184245266432	1788728184245314560	1000000000	48.128	cc_split_swin_16h_proj_512_chained_fp8	cc_split_swin_16h_proj_512_chained_fp8
576	1	1788728184245318656	1788728184245409792	1000000000	91.136	cc_split_swin_16h_ffwd_512_chained_fp8	cc_split_swin_16h_ffwd_512_chained_fp8
577	1	1788728184245413888	1788728184245463040	1000000000	49.152	cc_split_swin_16h_ffwd_proj_512_chained_fp8	cc_split_swin_16h_ffwd_proj_512_chained_fp8
578	1	1788728184245467136	1788728184245574656	1000000000	107.52	cc_split_swin_16h_qkv_512_chained_fp8	cc_split_swin_16h_qkv_512_chained_fp8
579	1	1788728184245578752	1788728184245626880	1000000000	48.128	cc_split_swin_16h_proj_512_chained_fp8	cc_split_swin_16h_proj_512_chained_fp8
580	1	1788728184245630976	1788728184245723136	1000000000	92.16	cc_split_swin_16h_ffwd_512_chained_fp8	cc_split_swin_16h_ffwd_512_chained_fp8
581	1	1788728184245727232	1788728184245775360	1000000000	48.128	cc_split_swin_16h_ffwd_proj_512_chained_fp8	cc_split_swin_16h_ffwd_proj_512_chained_fp8
582	1	1788728184245778432	1788728184245886976	1000000000	108.544	cc_split_swin_16h_qkv_512_chained_fp8	cc_split_swin_16h_qkv_512_chained_fp8
583	1	1788728184245891072	1788728184245938176	1000000000	47.104	cc_split_swin_16h_proj_512_chained_fp8	cc_split_swin_16h_proj_512_chained_fp8
584	1	1788728184245942272	1788728184246033408	1000000000	91.136	cc_split_swin_16h_ffwd_512_chained_fp8	cc_split_swin_16h_ffwd_512_chained_fp8
585	1	1788728184246037504	1788728184246085632	1000000000	48.128	cc_split_swin_16h_ffwd_proj_512_chained_fp8	cc_split_swin_16h_ffwd_proj_512_chained_fp8
586	1	1788728184246089728	1788728184246175744	1000000000	86.016	cc_split_swin_16h_qkv_512_chained_fp8	cc_split_swin_16h_qkv_512_chained_fp8
587	1	1788728184246179840	1788728184246226944	1000000000	47.104	cc_split_swin_16h_proj_512_chained_fp8	cc_split_swin_16h_proj_512_chained_fp8
588	1	1788728184246231040	1788728184246322176	1000000000	91.136	cc_split_swin_16h_ffwd_512_chained_fp8	cc_split_swin_16h_ffwd_512_chained_fp8
589	1	1788728184246326272	1788728184246374400	1000000000	48.128	cc_split_swin_16h_ffwd_proj_512_chained_fp8	cc_split_swin_16h_ffwd_proj_512_chained_fp8
590	1	1788728184246378496	1788728184246488064	1000000000	109.568	cc_split_swin_16h_qkv_512_chained_fp8	cc_split_swin_16h_qkv_512_chained_fp8
591	1	1788728184246492160	1788728184246541312	1000000000	49.152	cc_split_swin_16h_proj_512_chained_fp8	cc_split_swin_16h_proj_512_chained_fp8
592	1	1788728184246545408	1788728184246637568	1000000000	92.16	cc_split_swin_16h_ffwd_512_chained_fp8	cc_split_swin_16h_ffwd_512_chained_fp8
593	1	1788728184246640640	1788728184246688768	1000000000	48.128	cc_split_swin_16h_ffwd_proj_512_chained_fp8	cc_split_swin_16h_ffwd_proj_512_chained_fp8
594	1	1788728184246695936	1788728184246803456	1000000000	107.52	cc_split_swin_16h_qkv_512_chained_fp8	cc_split_swin_16h_qkv_512_chained_fp8
595	1	1788728184246807552	1788728184246856704	1000000000	49.152	cc_split_swin_16h_proj_512_chained_fp8	cc_split_swin_16h_proj_512_chained_fp8
596	1	1788728184246860800	1788728184246952960	1000000000	92.16	cc_split_swin_16h_ffwd_512_chained_fp8	cc_split_swin_16h_ffwd_512_chained_fp8
597	1	1788728184246957056	1788728184247004160	1000000000	47.104	cc_split_swin_16h_ffwd_proj_512_chained_fp8	cc_split_swin_16h_ffwd_proj_512_chained_fp8
598	1	1788728184247009280	1788728184247116800	1000000000	107.52	cc_split_swin_16h_qkv_512_chained_fp8	cc_split_swin_16h_qkv_512_chained_fp8
599	1	1788728184247119872	1788728184247217152	1000000000	97.28	cc_split_swin_16h_proj_512_outview_wait_fp8	cc_split_swin_16h_proj_512_outview_wait_fp8
600	1	1788728184247221248	1788728184247588864	1000000000	367.616	cc_tinlayout_fused_swin_8h_256_8_upsample_tilesync_fp8	cc_tinlayout_fused_swin_8h_256_8_upsample_tilesync_fp8
601	1	1788728184247592960	1788728184247996416	1000000000	403.456	cc_tinlayout_fused_swin_8h_256_8_chained_fp8	cc_tinlayout_fused_swin_8h_256_8_chained_fp8
602	1	1788728184248000512	1788728184248395776	1000000000	395.264	cc_tinlayout_fused_swin_8h_256_8_chained_fp8	cc_tinlayout_fused_swin_8h_256_8_chained_fp8
603	1	1788728184248399872	1788728184248728576	1000000000	328.704	cc_tinlayout_fused_swin_8h_256_8_chained_fp8	cc_tinlayout_fused_swin_8h_256_8_chained_fp8
604	1	1788728184248732672	1788728184249039872	1000000000	307.2	cc_tinlayout_fused_swin_8h_256_8_chained_fp8	cc_tinlayout_fused_swin_8h_256_8_chained_fp8
605	1	1788728184249043968	1788728184249435136	1000000000	391.168	cc_tinlayout_fused_swin_8h_256_8_chained_fp8	cc_tinlayout_fused_swin_8h_256_8_chained_fp8
606	1	1788728184249440256	1788728184249850880	1000000000	410.624	cc_tinlayout_fused_swin_8h_256_8_chained_fp8	cc_tinlayout_fused_swin_8h_256_8_chained_fp8
607	1	1788728184249854976	1788728184250163200	1000000000	308.224	cc_tinlayout_fused_swin_8h_256_8_outview_wait_fp8	cc_tinlayout_fused_swin_8h_256_8_outview_wait_fp8
608	1	1788728184250167296	1788728184250600448	1000000000	433.152	cc_tinlayout_fused_swin_4h_128_4_upsample_tilesync_fp8	cc_tinlayout_fused_swin_4h_128_4_upsample_tilesync_fp8
609	1	1788728184250605568	1788728184250930176	1000000000	324.608	cc_tinlayout_fused_swin_4h_128_4_chained_fp8	cc_tinlayout_fused_swin_4h_128_4_chained_fp8
610	1	1788728184250934272	1788728184251245568	1000000000	311.296	cc_tinlayout_fused_swin_4h_128_4_chained_fp8	cc_tinlayout_fused_swin_4h_128_4_chained_fp8
611	1	1788728184251249664	1788728184251569152	1000000000	319.488	cc_tinlayout_fused_swin_4h_128_4_chained_fp8	cc_tinlayout_fused_swin_4h_128_4_chained_fp8
612	1	1788728184251573248	1788728184251889664	1000000000	316.416	cc_tinlayout_fused_swin_4h_128_4_chained_fp8	cc_tinlayout_fused_swin_4h_128_4_chained_fp8
613	1	1788728184251892736	1788728184252254208	1000000000	361.472	cc_tinlayout_fused_swin_4h_128_4_outview_wait_fp8	cc_tinlayout_fused_swin_4h_128_4_outview_wait_fp8
614	1	1788728184252258304	1788728184252973056	1000000000	714.752	cc_tinlayout_fused_swin_2h_64_2_upsample_tilesync_fp8	cc_tinlayout_fused_swin_2h_64_2_upsample_tilesync_fp8
615	1	1788728184252977152	1788728184253498368	1000000000	521.216	cc_tinlayout_fused_swin_2h_64_2_chained_fp8	cc_tinlayout_fused_swin_2h_64_2_chained_fp8
616	1	1788728184253502464	1788728184253992960	1000000000	490.496	cc_tinlayout_fused_swin_2h_64_2_chained_fp8	cc_tinlayout_fused_swin_2h_64_2_chained_fp8
617	1	1788728184253997056	1788728184254486528	1000000000	489.472	cc_tinlayout_fused_swin_2h_64_2_outview_wait_fp8	cc_tinlayout_fused_swin_2h_64_2_outview_wait_fp8
618	1	1788728184254490624	1788728184255716352	1000000000	1225.73	cc_tinlayout_fused_swin_1h_32_1_upsample_tilesync_fp8	cc_tinlayout_fused_swin_1h_32_1_upsample_tilesync_fp8
619	1	1788728184255720448	1788728184256423936	1000000000	703.488	cc_tinlayout_fused_swin_1h_32_1_chained_fp8	cc_tinlayout_fused_swin_1h_32_1_chained_fp8
620	1	1788728184256428032	1788728184257089536	1000000000	661.504	cc_tinlayout_fused_swin_1h_32_1_chained_fp8	cc_tinlayout_fused_swin_1h_32_1_chained_fp8
621	1	1788728184257093632	1788728184258189312	1000000000	1095.68	cc_tinlayout_fused_swin_1h_32_1_outview_wait_fp8	cc_tinlayout_fused_swin_1h_32_1_outview_wait_fp8
622	1	1788728184258193408	1788728184263120896	1000000000	4927.49	cc_tinlayout_fused_post_block_swin_1h_32_fp8	cc_tinlayout_fused_post_block_swin_1h_32_fp8
623	1	1788728184263126016	1788728184263161856	1000000000	35.84	cg2r_copy_kernel	cg2r_copy_kernel
624	1	1788728184457538560	1788728184457542656	1000000000	4.096	cc_cb_clear	cc_cb_clear
625	1	1788728184457546752	1788728184460492800	1000000000	2946.05	cc_tinlayout_fused_pre_block_swin_1h_32_1_ds_fp8	cc_tinlayout_fused_pre_block_swin_1h_32_1_ds_fp8
626	1	1788728184460496896	1788728184461261824	1000000000	764.928	cc_tinlayout_fused_swin_1h_32_1_inpview_tilesync_fp8	cc_tinlayout_fused_swin_1h_32_1_inpview_tilesync_fp8
627	1	1788728184461265920	1788728184462049280	1000000000	783.36	cc_tinlayout_fused_swin_1h_32_1_chained_fp8	cc_tinlayout_fused_swin_1h_32_1_chained_fp8
628	1	1788728184462053376	1788728184462778368	1000000000	724.992	cc_tinlayout_fused_swin_1h_32_1_chained_fp8	cc_tinlayout_fused_swin_1h_32_1_chained_fp8
629	1	1788728184462782464	1788728184463670272	1000000000	887.808	cc_tinlayout_fused_swin_1h_32_1_ds_wait_fp8	cc_tinlayout_fused_swin_1h_32_1_ds_wait_fp8
630	1	1788728184463674368	1788728184464553984	1000000000	879.616	cc_tinlayout_fused_swin_2h_64_2_inpview_tilesync_fp8	cc_tinlayout_fused_swin_2h_64_2_inpview_tilesync_fp8
631	1	1788728184464562176	1788728184465531904	1000000000	969.728	cc_tinlayout_fused_swin_2h_64_2_chained_fp8	cc_tinlayout_fused_swin_2h_64_2_chained_fp8
632	1	1788728184465537024	1788728184466029568	1000000000	492.544	cc_tinlayout_fused_swin_2h_64_2_chained_fp8	cc_tinlayout_fused_swin_2h_64_2_chained_fp8
633	1	1788728184466033664	1788728184466555904	1000000000	522.24	cc_tinlayout_fused_swin_2h_64_2_ds_wait_fp8	cc_tinlayout_fused_swin_2h_64_2_ds_wait_fp8
634	1	1788728184466560000	1788728184466880512	1000000000	320.512	cc_tinlayout_fused_swin_4h_128_4_inpview_tilesync_fp8	cc_tinlayout_fused_swin_4h_128_4_inpview_tilesync_fp8
635	1	1788728184466884608	1788728184467210240	1000000000	325.632	cc_tinlayout_fused_swin_4h_128_4_chained_fp8	cc_tinlayout_fused_swin_4h_128_4_chained_fp8
636	1	1788728184467214336	1788728184467533824	1000000000	319.488	cc_tinlayout_fused_swin_4h_128_4_chained_fp8	cc_tinlayout_fused_swin_4h_128_4_chained_fp8
637	1	1788728184467537920	1788728184467858432	1000000000	320.512	cc_tinlayout_fused_swin_4h_128_4_chained_fp8	cc_tinlayout_fused_swin_4h_128_4_chained_fp8
638	1	1788728184467862528	1788728184468177920	1000000000	315.392	cc_tinlayout_fused_swin_4h_128_4_chained_fp8	cc_tinlayout_fused_swin_4h_128_4_chained_fp8
639	1	1788728184468182016	1788728184468536320	1000000000	354.304	cc_tinlayout_fused_swin_4h_128_4_ds_wait_fp8	cc_tinlayout_fused_swin_4h_128_4_ds_wait_fp8
640	1	1788728184468541440	1788728184468871168	1000000000	329.728	cc_tinlayout_fused_swin_8h_256_8_inpview_tilesync_fp8	cc_tinlayout_fused_swin_8h_256_8_inpview_tilesync_fp8
641	1	1788728184468875264	1788728184469284864	1000000000	409.6	cc_tinlayout_fused_swin_8h_256_8_chained_fp8	cc_tinlayout_fused_swin_8h_256_8_chained_fp8
642	1	1788728184469288960	1788728184469688320	1000000000	399.36	cc_tinlayout_fused_swin_8h_256_8_chained_fp8	cc_tinlayout_fused_swin_8h_256_8_chained_fp8
643	1	1788728184469692416	1788728184470013952	1000000000	321.536	cc_tinlayout_fused_swin_8h_256_8_chained_fp8	cc_tinlayout_fused_swin_8h_256_8_chained_fp8
644	1	1788728184470017024	1788728184470345728	1000000000	328.704	cc_tinlayout_fused_swin_8h_256_8_chained_fp8	cc_tinlayout_fused_swin_8h_256_8_chained_fp8
645	1	1788728184470349824	1788728184471286784	1000000000	936.96	cc_tinlayout_fused_swin_8h_256_8_chained_fp8	cc_tinlayout_fused_swin_8h_256_8_chained_fp8
646	1	1788728184471291904	1788728184471979008	1000000000	687.104	cc_tinlayout_fused_swin_8h_256_8_chained_fp8	cc_tinlayout_fused_swin_8h_256_8_chained_fp8
647	1	1788728184471983104	1788728184472323072	1000000000	339.968	cc_tinlayout_fused_swin_8h_256_8_ds_wait_fp8	cc_tinlayout_fused_swin_8h_256_8_ds_wait_fp8
648	1	1788728184472327168	1788728184472420352	1000000000	93.184	cc_split_swin_16h_ffwd_inpview_512_tilesync_fp8	cc_split_swin_16h_ffwd_inpview_512_tilesync_fp8
649	1	1788728184472424448	1788728184472517632	1000000000	93.184	cc_split_swin_16h_ffwd_proj_inpview_512_chained_fp8	cc_split_swin_16h_ffwd_proj_inpview_512_chained_fp8
650	1	1788728184472521728	1788728184472608768	1000000000	87.04	cc_split_swin_16h_qkv_512_chained_fp8	cc_split_swin_16h_qkv_512_chained_fp8
651	1	1788728184472612864	1788728184472659968	1000000000	47.104	cc_split_swin_16h_proj_512_chained_fp8	cc_split_swin_16h_proj_512_chained_fp8
652	1	1788728184472664064	1788728184472755200	1000000000	91.136	cc_split_swin_16h_ffwd_512_chained_fp8	cc_split_swin_16h_ffwd_512_chained_fp8
653	1	1788728184472759296	1788728184472807424	1000000000	48.128	cc_split_swin_16h_ffwd_proj_512_chained_fp8	cc_split_swin_16h_ffwd_proj_512_chained_fp8
654	1	1788728184472810496	1788728184472921088	1000000000	110.592	cc_split_swin_16h_qkv_512_chained_fp8	cc_split_swin_16h_qkv_512_chained_fp8
655	1	1788728184472925184	1788728184472973312	1000000000	48.128	cc_split_swin_16h_proj_512_chained_fp8	cc_split_swin_16h_proj_512_chained_fp8
656	1	1788728184472977408	1788728184473069568	1000000000	92.16	cc_split_swin_16h_ffwd_512_chained_fp8	cc_split_swin_16h_ffwd_512_chained_fp8
657	1	1788728184473073664	1788728184473121792	1000000000	48.128	cc_split_swin_16h_ffwd_proj_512_chained_fp8	cc_split_swin_16h_ffwd_proj_512_chained_fp8
658	1	1788728184473125888	1788728184473235456	1000000000	109.568	cc_split_swin_16h_qkv_512_chained_fp8	cc_split_swin_16h_qkv_512_chained_fp8
659	1	1788728184473239552	1788728184473288704	1000000000	49.152	cc_split_swin_16h_proj_512_chained_fp8	cc_split_swin_16h_proj_512_chained_fp8
660	1	1788728184473292800	1788728184473383936	1000000000	91.136	cc_split_swin_16h_ffwd_512_chained_fp8	cc_split_swin_16h_ffwd_512_chained_fp8
661	1	1788728184473388032	1788728184473436160	1000000000	48.128	cc_split_swin_16h_ffwd_proj_512_chained_fp8	cc_split_swin_16h_ffwd_proj_512_chained_fp8
662	1	1788728184473440256	1788728184473548800	1000000000	108.544	cc_split_swin_16h_qkv_512_chained_fp8	cc_split_swin_16h_qkv_512_chained_fp8
663	1	1788728184473552896	1788728184473600000	1000000000	47.104	cc_split_swin_16h_proj_512_chained_fp8	cc_split_swin_16h_proj_512_chained_fp8
664	1	1788728184473604096	1788728184473695232	1000000000	91.136	cc_split_swin_16h_ffwd_512_chained_fp8	cc_split_swin_16h_ffwd_512_chained_fp8
665	1	1788728184473699328	1788728184473748480	1000000000	49.152	cc_split_swin_16h_ffwd_proj_512_chained_fp8	cc_split_swin_16h_ffwd_proj_512_chained_fp8
666	1	1788728184473752576	1788728184473838592	1000000000	86.016	cc_split_swin_16h_qkv_512_chained_fp8	cc_split_swin_16h_qkv_512_chained_fp8
667	1	1788728184473842688	1788728184473889792	1000000000	47.104	cc_split_swin_16h_proj_512_chained_fp8	cc_split_swin_16h_proj_512_chained_fp8
668	1	1788728184473893888	1788728184473986048	1000000000	92.16	cc_split_swin_16h_ffwd_512_chained_fp8	cc_split_swin_16h_ffwd_512_chained_fp8
669	1	1788728184473989120	1788728184474037248	1000000000	48.128	cc_split_swin_16h_ffwd_proj_512_chained_fp8	cc_split_swin_16h_ffwd_proj_512_chained_fp8
670	1	1788728184474041344	1788728184474150912	1000000000	109.568	cc_split_swin_16h_qkv_512_chained_fp8	cc_split_swin_16h_qkv_512_chained_fp8
671	1	1788728184474156032	1788728184474204160	1000000000	48.128	cc_split_swin_16h_proj_512_chained_fp8	cc_split_swin_16h_proj_512_chained_fp8
672	1	1788728184474208256	1788728184474299392	1000000000	91.136	cc_split_swin_16h_ffwd_512_chained_fp8	cc_split_swin_16h_ffwd_512_chained_fp8
673	1	1788728184474303488	1788728184474351616	1000000000	48.128	cc_split_swin_16h_ffwd_proj_512_chained_fp8	cc_split_swin_16h_ffwd_proj_512_chained_fp8
674	1	1788728184474355712	1788728184474462208	1000000000	106.496	cc_split_swin_16h_qkv_512_chained_fp8	cc_split_swin_16h_qkv_512_chained_fp8
675	1	1788728184474466304	1788728184474515456	1000000000	49.152	cc_split_swin_16h_proj_512_chained_fp8	cc_split_swin_16h_proj_512_chained_fp8
676	1	1788728184474519552	1788728184474610688	1000000000	91.136	cc_split_swin_16h_ffwd_512_chained_fp8	cc_split_swin_16h_ffwd_512_chained_fp8
677	1	1788728184474614784	1788728184474663936	1000000000	49.152	cc_split_swin_16h_ffwd_proj_512_chained_fp8	cc_split_swin_16h_ffwd_proj_512_chained_fp8
678	1	1788728184474668032	1788728184474774528	1000000000	106.496	cc_split_swin_16h_qkv_512_chained_fp8	cc_split_swin_16h_qkv_512_chained_fp8
679	1	1788728184474778624	1788728184474819584	1000000000	40.96	cc_split_swin_16h_proj_pool_512_chained_fp8	cc_split_swin_16h_proj_pool_512_chained_fp8
680	1	1788728184474823680	1788728184474853376	1000000000	29.696	cc_split_swin_16h_final_head_512_wait_fp8	cc_split_swin_16h_final_head_512_wait_fp8
681	1	1788728184474857472	1788728184474864640	1000000000	7.168	cc_vit_1d_repack_2d_to_1d_fp8	cc_vit_1d_repack_2d_to_1d_fp8
682	1	1788728184474868736	1788728184475040768	1000000000	172.032	cc_vit_1d_ffn_expand_publish_fp8	cc_vit_1d_ffn_expand_publish_fp8
683	1	1788728184475044864	1788728184475161600	1000000000	116.736	cc_vit_1d_ffn_contract_chained_fp8	cc_vit_1d_ffn_contract_chained_fp8
684	1	1788728184475166720	1788728184475266048	1000000000	99.328	cc_vit_1d_qkv_chained_fp8	cc_vit_1d_qkv_chained_fp8
685	1	1788728184475270144	1788728184475367424	1000000000	97.28	cc_vit_1d_attention_chained_fp8	cc_vit_1d_attention_chained_fp8
686	1	1788728184475371520	1788728184475419648	1000000000	48.128	cc_vit_1d_projection_chained_fp8	cc_vit_1d_projection_chained_fp8
687	1	1788728184475423744	1788728184475577344	1000000000	153.6	cc_vit_1d_ffn_expand_chained_fp8	cc_vit_1d_ffn_expand_chained_fp8
688	1	1788728184475581440	1788728184475699200	1000000000	117.76	cc_vit_1d_ffn_contract_chained_fp8	cc_vit_1d_ffn_contract_chained_fp8
689	1	1788728184475703296	1788728184475803648	1000000000	100.352	cc_vit_1d_qkv_chained_fp8	cc_vit_1d_qkv_chained_fp8
690	1	1788728184475811840	1788728184475909120	1000000000	97.28	cc_vit_1d_attention_chained_fp8	cc_vit_1d_attention_chained_fp8
691	1	1788728184475912192	1788728184475960320	1000000000	48.128	cc_vit_1d_projection_chained_fp8	cc_vit_1d_projection_chained_fp8
692	1	1788728184475964416	1788728184476119040	1000000000	154.624	cc_vit_1d_ffn_expand_chained_fp8	cc_vit_1d_ffn_expand_chained_fp8
693	1	1788728184476123136	1788728184476239872	1000000000	116.736	cc_vit_1d_ffn_contract_chained_fp8	cc_vit_1d_ffn_contract_chained_fp8
694	1	1788728184476243968	1788728184476344320	1000000000	100.352	cc_vit_1d_qkv_chained_fp8	cc_vit_1d_qkv_chained_fp8
695	1	1788728184476348416	1788728184476445696	1000000000	97.28	cc_vit_1d_attention_chained_fp8	cc_vit_1d_attention_chained_fp8
696	1	1788728184476449792	1788728184476496896	1000000000	47.104	cc_vit_1d_projection_chained_fp8	cc_vit_1d_projection_chained_fp8
697	1	1788728184476502016	1788728184476656640	1000000000	154.624	cc_vit_1d_ffn_expand_chained_fp8	cc_vit_1d_ffn_expand_chained_fp8
698	1	1788728184476660736	1788728184476777472	1000000000	116.736	cc_vit_1d_ffn_contract_chained_fp8	cc_vit_1d_ffn_contract_chained_fp8
699	1	1788728184476781568	1788728184476880896	1000000000	99.328	cc_vit_1d_qkv_chained_fp8	cc_vit_1d_qkv_chained_fp8
700	1	1788728184476884992	1788728184476982272	1000000000	97.28	cc_vit_1d_attention_chained_fp8	cc_vit_1d_attention_chained_fp8
701	1	1788728184476986368	1788728184477033472	1000000000	47.104	cc_vit_1d_projection_chained_fp8	cc_vit_1d_projection_chained_fp8
702	1	1788728184477037568	1788728184477192192	1000000000	154.624	cc_vit_1d_ffn_expand_chained_fp8	cc_vit_1d_ffn_expand_chained_fp8
703	1	1788728184477196288	1788728184477314048	1000000000	117.76	cc_vit_1d_ffn_contract_chained_fp8	cc_vit_1d_ffn_contract_chained_fp8
704	1	1788728184477318144	1788728184477418496	1000000000	100.352	cc_vit_1d_qkv_chained_fp8	cc_vit_1d_qkv_chained_fp8
705	1	1788728184477422592	1788728184477519872	1000000000	97.28	cc_vit_1d_attention_chained_fp8	cc_vit_1d_attention_chained_fp8
706	1	1788728184477523968	1788728184477572096	1000000000	48.128	cc_vit_1d_projection_chained_fp8	cc_vit_1d_projection_chained_fp8
707	1	1788728184477576192	1788728184477729792	1000000000	153.6	cc_vit_1d_ffn_expand_chained_fp8	cc_vit_1d_ffn_expand_chained_fp8
708	1	1788728184477733888	1788728184477851648	1000000000	117.76	cc_vit_1d_ffn_contract_chained_fp8	cc_vit_1d_ffn_contract_chained_fp8
709	1	1788728184477856768	1788728184477955072	1000000000	98.304	cc_vit_1d_qkv_chained_fp8	cc_vit_1d_qkv_chained_fp8
710	1	1788728184477960192	1788728184478057472	1000000000	97.28	cc_vit_1d_attention_chained_fp8	cc_vit_1d_attention_chained_fp8
711	1	1788728184478061568	1788728184478108672	1000000000	47.104	cc_vit_1d_projection_chained_fp8	cc_vit_1d_projection_chained_fp8
712	1	1788728184478112768	1788728184478268416	1000000000	155.648	cc_vit_1d_ffn_expand_chained_fp8	cc_vit_1d_ffn_expand_chained_fp8
713	1	1788728184478272512	1788728184478390272	1000000000	117.76	cc_vit_1d_ffn_contract_chained_fp8	cc_vit_1d_ffn_contract_chained_fp8
714	1	1788728184478395392	1788728184478494720	1000000000	99.328	cc_vit_1d_qkv_chained_fp8	cc_vit_1d_qkv_chained_fp8
715	1	1788728184478498816	1788728184478597120	1000000000	98.304	cc_vit_1d_attention_chained_fp8	cc_vit_1d_attention_chained_fp8
716	1	1788728184478601216	1788728184478648320	1000000000	47.104	cc_vit_1d_projection_chained_fp8	cc_vit_1d_projection_chained_fp8
717	1	1788728184478653440	1788728184478808064	1000000000	154.624	cc_vit_1d_ffn_expand_chained_fp8	cc_vit_1d_ffn_expand_chained_fp8
718	1	1788728184478812160	1788728184478930944	1000000000	118.784	cc_vit_1d_ffn_contract_chained_fp8	cc_vit_1d_ffn_contract_chained_fp8
719	1	1788728184478935040	1788728184479035392	1000000000	100.352	cc_vit_1d_qkv_chained_fp8	cc_vit_1d_qkv_chained_fp8
720	1	1788728184479039488	1788728184479137792	1000000000	98.304	cc_vit_1d_attention_chained_fp8	cc_vit_1d_attention_chained_fp8
721	1	1788728184479141888	1788728184479188992	1000000000	47.104	cc_vit_1d_projection_wait_fp8	cc_vit_1d_projection_wait_fp8
722	1	1788728184479193088	1788728184479200256	1000000000	7.168	cc_vit_1d_repack_1d_to_2d_fp8	cc_vit_1d_repack_1d_to_2d_fp8
723	1	1788728184479204352	1788728184479240192	1000000000	35.84	cc_dec_input_upsample_1024_512_tilesync_fp8	cc_dec_input_upsample_1024_512_tilesync_fp8
724	1	1788728184479244288	1788728184479336448	1000000000	92.16	cc_split_swin_16h_ffwd_512_chained_fp8	cc_split_swin_16h_ffwd_512_chained_fp8
725	1	1788728184479340544	1788728184479387648	1000000000	47.104	cc_split_swin_16h_ffwd_proj_512_chained_fp8	cc_split_swin_16h_ffwd_proj_512_chained_fp8
726	1	1788728184479391744	1788728184479479808	1000000000	88.064	cc_split_swin_16h_qkv_512_chained_fp8	cc_split_swin_16h_qkv_512_chained_fp8
727	1	1788728184479483904	1788728184479529984	1000000000	46.08	cc_split_swin_16h_proj_512_chained_fp8	cc_split_swin_16h_proj_512_chained_fp8
728	1	1788728184479536128	1788728184479627264	1000000000	91.136	cc_split_swin_16h_ffwd_512_chained_fp8	cc_split_swin_16h_ffwd_512_chained_fp8
729	1	1788728184479631360	1788728184479679488	1000000000	48.128	cc_split_swin_16h_ffwd_proj_512_chained_fp8	cc_split_swin_16h_ffwd_proj_512_chained_fp8
730	1	1788728184479683584	1788728184479793152	1000000000	109.568	cc_split_swin_16h_qkv_512_chained_fp8	cc_split_swin_16h_qkv_512_chained_fp8
731	1	1788728184479797248	1788728184479846400	1000000000	49.152	cc_split_swin_16h_proj_512_chained_fp8	cc_split_swin_16h_proj_512_chained_fp8
732	1	1788728184479850496	1788728184479941632	1000000000	91.136	cc_split_swin_16h_ffwd_512_chained_fp8	cc_split_swin_16h_ffwd_512_chained_fp8
733	1	1788728184480230400	1788728184480278528	1000000000	48.128	cc_split_swin_16h_ffwd_proj_512_chained_fp8	cc_split_swin_16h_ffwd_proj_512_chained_fp8
734	1	1788728184480282624	1788728184480391168	1000000000	108.544	cc_split_swin_16h_qkv_512_chained_fp8	cc_split_swin_16h_qkv_512_chained_fp8
735	1	1788728184480395264	1788728184480443392	1000000000	48.128	cc_split_swin_16h_proj_512_chained_fp8	cc_split_swin_16h_proj_512_chained_fp8
736	1	1788728184480447488	1788728184480539648	1000000000	92.16	cc_split_swin_16h_ffwd_512_chained_fp8	cc_split_swin_16h_ffwd_512_chained_fp8
737	1	1788728184480543744	1788728184480590848	1000000000	47.104	cc_split_swin_16h_ffwd_proj_512_chained_fp8	cc_split_swin_16h_ffwd_proj_512_chained_fp8
738	1	1788728184480594944	1788728184480702464	1000000000	107.52	cc_split_swin_16h_qkv_512_chained_fp8	cc_split_swin_16h_qkv_512_chained_fp8
739	1	1788728184480706560	1788728184480753664	1000000000	47.104	cc_split_swin_16h_proj_512_chained_fp8	cc_split_swin_16h_proj_512_chained_fp8
740	1	1788728184480757760	1788728184480849920	1000000000	92.16	cc_split_swin_16h_ffwd_512_chained_fp8	cc_split_swin_16h_ffwd_512_chained_fp8
741	1	1788728184480854016	1788728184480902144	1000000000	48.128	cc_split_swin_16h_ffwd_proj_512_chained_fp8	cc_split_swin_16h_ffwd_proj_512_chained_fp8
742	1	1788728184480906240	1788728184480993280	1000000000	87.04	cc_split_swin_16h_qkv_512_chained_fp8	cc_split_swin_16h_qkv_512_chained_fp8
743	1	1788728184480997376	1788728184481045504	1000000000	48.128	cc_split_swin_16h_proj_512_chained_fp8	cc_split_swin_16h_proj_512_chained_fp8
744	1	1788728184481053696	1788728184481144832	1000000000	91.136	cc_split_swin_16h_ffwd_512_chained_fp8	cc_split_swin_16h_ffwd_512_chained_fp8
745	1	1788728184481148928	1788728184481196032	1000000000	47.104	cc_split_swin_16h_ffwd_proj_512_chained_fp8	cc_split_swin_16h_ffwd_proj_512_chained_fp8
746	1	1788728184481200128	1788728184481309696	1000000000	109.568	cc_split_swin_16h_qkv_512_chained_fp8	cc_split_swin_16h_qkv_512_chained_fp8
747	1	1788728184481313792	1788728184481362944	1000000000	49.152	cc_split_swin_16h_proj_512_chained_fp8	cc_split_swin_16h_proj_512_chained_fp8
748	1	1788728184481367040	1788728184481458176	1000000000	91.136	cc_split_swin_16h_ffwd_512_chained_fp8	cc_split_swin_16h_ffwd_512_chained_fp8
749	1	1788728184481462272	1788728184481513472	1000000000	51.2	cc_split_swin_16h_ffwd_proj_512_chained_fp8	cc_split_swin_16h_ffwd_proj_512_chained_fp8
750	1	1788728184481517568	1788728184481627136	1000000000	109.568	cc_split_swin_16h_qkv_512_chained_fp8	cc_split_swin_16h_qkv_512_chained_fp8
751	1	1788728184481630208	1788728184481679360	1000000000	49.152	cc_split_swin_16h_proj_512_chained_fp8	cc_split_swin_16h_proj_512_chained_fp8
752	1	1788728184481684480	1788728184481775616	1000000000	91.136	cc_split_swin_16h_ffwd_512_chained_fp8	cc_split_swin_16h_ffwd_512_chained_fp8
753	1	1788728184481779712	1788728184481827840	1000000000	48.128	cc_split_swin_16h_ffwd_proj_512_chained_fp8	cc_split_swin_16h_ffwd_proj_512_chained_fp8
754	1	1788728184481831936	1788728184481938432	1000000000	106.496	cc_split_swin_16h_qkv_512_chained_fp8	cc_split_swin_16h_qkv_512_chained_fp8
755	1	1788728184481941504	1788728184482036736	1000000000	95.232	cc_split_swin_16h_proj_512_outview_wait_fp8	cc_split_swin_16h_proj_512_outview_wait_fp8
756	1	1788728184482040832	1788728184482407424	1000000000	366.592	cc_tinlayout_fused_swin_8h_256_8_upsample_tilesync_fp8	cc_tinlayout_fused_swin_8h_256_8_upsample_tilesync_fp8
757	1	1788728184482411520	1788728184482814976	1000000000	403.456	cc_tinlayout_fused_swin_8h_256_8_chained_fp8	cc_tinlayout_fused_swin_8h_256_8_chained_fp8
758	1	1788728184482819072	1788728184483213312	1000000000	394.24	cc_tinlayout_fused_swin_8h_256_8_chained_fp8	cc_tinlayout_fused_swin_8h_256_8_chained_fp8
759	1	1788728184483217408	1788728184483548160	1000000000	330.752	cc_tinlayout_fused_swin_8h_256_8_chained_fp8	cc_tinlayout_fused_swin_8h_256_8_chained_fp8
760	1	1788728184483552256	1788728184483858432	1000000000	306.176	cc_tinlayout_fused_swin_8h_256_8_chained_fp8	cc_tinlayout_fused_swin_8h_256_8_chained_fp8
761	1	1788728184483863552	1788728184484251648	1000000000	388.096	cc_tinlayout_fused_swin_8h_256_8_chained_fp8	cc_tinlayout_fused_swin_8h_256_8_chained_fp8
762	1	1788728184484255744	1788728184484665344	1000000000	409.6	cc_tinlayout_fused_swin_8h_256_8_chained_fp8	cc_tinlayout_fused_swin_8h_256_8_chained_fp8
763	1	1788728184484670464	1788728184484976640	1000000000	306.176	cc_tinlayout_fused_swin_8h_256_8_outview_wait_fp8	cc_tinlayout_fused_swin_8h_256_8_outview_wait_fp8
764	1	1788728184484980736	1788728184485421056	1000000000	440.32	cc_tinlayout_fused_swin_4h_128_4_upsample_tilesync_fp8	cc_tinlayout_fused_swin_4h_128_4_upsample_tilesync_fp8
765	1	1788728184485425152	1788728184485753856	1000000000	328.704	cc_tinlayout_fused_swin_4h_128_4_chained_fp8	cc_tinlayout_fused_swin_4h_128_4_chained_fp8
766	1	1788728184485757952	1788728184486071296	1000000000	313.344	cc_tinlayout_fused_swin_4h_128_4_chained_fp8	cc_tinlayout_fused_swin_4h_128_4_chained_fp8
767	1	1788728184486075392	1788728184486394880	1000000000	319.488	cc_tinlayout_fused_swin_4h_128_4_chained_fp8	cc_tinlayout_fused_swin_4h_128_4_chained_fp8
768	1	1788728184486398976	1788728184486717440	1000000000	318.464	cc_tinlayout_fused_swin_4h_128_4_chained_fp8	cc_tinlayout_fused_swin_4h_128_4_chained_fp8
769	1	1788728184486721536	1788728184487085056	1000000000	363.52	cc_tinlayout_fused_swin_4h_128_4_outview_wait_fp8	cc_tinlayout_fused_swin_4h_128_4_outview_wait_fp8
770	1	1788728184487089152	1788728184487802880	1000000000	713.728	cc_tinlayout_fused_swin_2h_64_2_upsample_tilesync_fp8	cc_tinlayout_fused_swin_2h_64_2_upsample_tilesync_fp8
771	1	1788728184487805952	1788728184488330240	1000000000	524.288	cc_tinlayout_fused_swin_2h_64_2_chained_fp8	cc_tinlayout_fused_swin_2h_64_2_chained_fp8
772	1	1788728184488334336	1788728184488833024	1000000000	498.688	cc_tinlayout_fused_swin_2h_64_2_chained_fp8	cc_tinlayout_fused_swin_2h_64_2_chained_fp8
773	1	1788728184488836096	1788728184489328640	1000000000	492.544	cc_tinlayout_fused_swin_2h_64_2_outview_wait_fp8	cc_tinlayout_fused_swin_2h_64_2_outview_wait_fp8
774	1	1788728184489332736	1788728184490557440	1000000000	1224.7	cc_tinlayout_fused_swin_1h_32_1_upsample_tilesync_fp8	cc_tinlayout_fused_swin_1h_32_1_upsample_tilesync_fp8
775	1	1788728184490561536	1788728184491277312	1000000000	715.776	cc_tinlayout_fused_swin_1h_32_1_chained_fp8	cc_tinlayout_fused_swin_1h_32_1_chained_fp8
776	1	1788728184491281408	1788728184491943936	1000000000	662.528	cc_tinlayout_fused_swin_1h_32_1_chained_fp8	cc_tinlayout_fused_swin_1h_32_1_chained_fp8
777	1	1788728184491947008	1788728184493042688	1000000000	1095.68	cc_tinlayout_fused_swin_1h_32_1_outview_wait_fp8	cc_tinlayout_fused_swin_1h_32_1_outview_wait_fp8
778	1	1788728184493046784	1788728184497639424	1000000000	4592.64	cc_tinlayout_fused_post_block_swin_1h_32_fp8	cc_tinlayout_fused_post_block_swin_1h_32_fp8
779	1	1788728184497643520	1788728184497678336	1000000000	34.816	cg2r_copy_kernel	cg2r_copy_kernel
780	1	1788728184684046336	1788728184684050432	1000000000	4.096	cc_cb_clear	cc_cb_clear
781	1	1788728184684054528	1788728184687453184	1000000000	3398.66	cc_tinlayout_fused_pre_block_swin_1h_32_1_ds_fp8	cc_tinlayout_fused_pre_block_swin_1h_32_1_ds_fp8
782	1	1788728184687458304	1788728184688227328	1000000000	769.024	cc_tinlayout_fused_swin_1h_32_1_inpview_tilesync_fp8	cc_tinlayout_fused_swin_1h_32_1_inpview_tilesync_fp8
783	1	1788728184688231424	1788728184688998400	1000000000	766.976	cc_tinlayout_fused_swin_1h_32_1_chained_fp8	cc_tinlayout_fused_swin_1h_32_1_chained_fp8
784	1	1788728184689002496	1788728184689736704	1000000000	734.208	cc_tinlayout_fused_swin_1h_32_1_chained_fp8	cc_tinlayout_fused_swin_1h_32_1_chained_fp8
785	1	1788728184689740800	1788728184690633728	1000000000	892.928	cc_tinlayout_fused_swin_1h_32_1_ds_wait_fp8	cc_tinlayout_fused_swin_1h_32_1_ds_wait_fp8
786	1	1788728184690637824	1788728184691137536	1000000000	499.712	cc_tinlayout_fused_swin_2h_64_2_inpview_tilesync_fp8	cc_tinlayout_fused_swin_2h_64_2_inpview_tilesync_fp8
787	1	1788728184691141632	1788728184691670016	1000000000	528.384	cc_tinlayout_fused_swin_2h_64_2_chained_fp8	cc_tinlayout_fused_swin_2h_64_2_chained_fp8
788	1	1788728184691674112	1788728184692164608	1000000000	490.496	cc_tinlayout_fused_swin_2h_64_2_chained_fp8	cc_tinlayout_fused_swin_2h_64_2_chained_fp8
789	1	1788728184692168704	1788728184692696064	1000000000	527.36	cc_tinlayout_fused_swin_2h_64_2_ds_wait_fp8	cc_tinlayout_fused_swin_2h_64_2_ds_wait_fp8
790	1	1788728184692700160	1788728184693022720	1000000000	322.56	cc_tinlayout_fused_swin_4h_128_4_inpview_tilesync_fp8	cc_tinlayout_fused_swin_4h_128_4_inpview_tilesync_fp8
791	1	1788728184693026816	1788728184693349376	1000000000	322.56	cc_tinlayout_fused_swin_4h_128_4_chained_fp8	cc_tinlayout_fused_swin_4h_128_4_chained_fp8
792	1	1788728184693353472	1788728184693675008	1000000000	321.536	cc_tinlayout_fused_swin_4h_128_4_chained_fp8	cc_tinlayout_fused_swin_4h_128_4_chained_fp8
793	1	1788728184693680128	1788728184694001664	1000000000	321.536	cc_tinlayout_fused_swin_4h_128_4_chained_fp8	cc_tinlayout_fused_swin_4h_128_4_chained_fp8
794	1	1788728184694005760	1788728184694320128	1000000000	314.368	cc_tinlayout_fused_swin_4h_128_4_chained_fp8	cc_tinlayout_fused_swin_4h_128_4_chained_fp8
795	1	1788728184694324224	1788728184694678528	1000000000	354.304	cc_tinlayout_fused_swin_4h_128_4_ds_wait_fp8	cc_tinlayout_fused_swin_4h_128_4_ds_wait_fp8
796	1	1788728184694682624	1788728184695017472	1000000000	334.848	cc_tinlayout_fused_swin_8h_256_8_inpview_tilesync_fp8	cc_tinlayout_fused_swin_8h_256_8_inpview_tilesync_fp8
797	1	1788728184695021568	1788728184695433216	1000000000	411.648	cc_tinlayout_fused_swin_8h_256_8_chained_fp8	cc_tinlayout_fused_swin_8h_256_8_chained_fp8
798	1	1788728184695437312	1788728184695835648	1000000000	398.336	cc_tinlayout_fused_swin_8h_256_8_chained_fp8	cc_tinlayout_fused_swin_8h_256_8_chained_fp8
799	1	1788728184695839744	1788728184696163328	1000000000	323.584	cc_tinlayout_fused_swin_8h_256_8_chained_fp8	cc_tinlayout_fused_swin_8h_256_8_chained_fp8
800	1	1788728184696167424	1788728184696495104	1000000000	327.68	cc_tinlayout_fused_swin_8h_256_8_chained_fp8	cc_tinlayout_fused_swin_8h_256_8_chained_fp8
801	1	1788728184696499200	1788728184697287680	1000000000	788.48	cc_tinlayout_fused_swin_8h_256_8_chained_fp8	cc_tinlayout_fused_swin_8h_256_8_chained_fp8
802	1	1788728184697296896	1788728184697699328	1000000000	402.432	cc_tinlayout_fused_swin_8h_256_8_chained_fp8	cc_tinlayout_fused_swin_8h_256_8_chained_fp8
803	1	1788728184698117120	1788728184698452992	1000000000	335.872	cc_tinlayout_fused_swin_8h_256_8_ds_wait_fp8	cc_tinlayout_fused_swin_8h_256_8_ds_wait_fp8
804	1	1788728184698458112	1788728184698552320	1000000000	94.208	cc_split_swin_16h_ffwd_inpview_512_tilesync_fp8	cc_split_swin_16h_ffwd_inpview_512_tilesync_fp8
805	1	1788728184698556416	1788728184698650624	1000000000	94.208	cc_split_swin_16h_ffwd_proj_inpview_512_chained_fp8	cc_split_swin_16h_ffwd_proj_inpview_512_chained_fp8
806	1	1788728184698653696	1788728184698741760	1000000000	88.064	cc_split_swin_16h_qkv_512_chained_fp8	cc_split_swin_16h_qkv_512_chained_fp8
807	1	1788728184698745856	1788728184698792960	1000000000	47.104	cc_split_swin_16h_proj_512_chained_fp8	cc_split_swin_16h_proj_512_chained_fp8
808	1	1788728184698797056	1788728184698888192	1000000000	91.136	cc_split_swin_16h_ffwd_512_chained_fp8	cc_split_swin_16h_ffwd_512_chained_fp8
809	1	1788728184698892288	1788728184698940416	1000000000	48.128	cc_split_swin_16h_ffwd_proj_512_chained_fp8	cc_split_swin_16h_ffwd_proj_512_chained_fp8
810	1	1788728184698945536	1788728184699056128	1000000000	110.592	cc_split_swin_16h_qkv_512_chained_fp8	cc_split_swin_16h_qkv_512_chained_fp8
811	1	1788728184699059200	1788728184699108352	1000000000	49.152	cc_split_swin_16h_proj_512_chained_fp8	cc_split_swin_16h_proj_512_chained_fp8
812	1	1788728184699111424	1788728184699204608	1000000000	93.184	cc_split_swin_16h_ffwd_512_chained_fp8	cc_split_swin_16h_ffwd_512_chained_fp8
813	1	1788728184699207680	1788728184699255808	1000000000	48.128	cc_split_swin_16h_ffwd_proj_512_chained_fp8	cc_split_swin_16h_ffwd_proj_512_chained_fp8
814	1	1788728184699259904	1788728184699368448	1000000000	108.544	cc_split_swin_16h_qkv_512_chained_fp8	cc_split_swin_16h_qkv_512_chained_fp8
815	1	1788728184699371520	1788728184699421696	1000000000	50.176	cc_split_swin_16h_proj_512_chained_fp8	cc_split_swin_16h_proj_512_chained_fp8
816	1	1788728184699425792	1788728184699516928	1000000000	91.136	cc_split_swin_16h_ffwd_512_chained_fp8	cc_split_swin_16h_ffwd_512_chained_fp8
817	1	1788728184699521024	1788728184699569152	1000000000	48.128	cc_split_swin_16h_ffwd_proj_512_chained_fp8	cc_split_swin_16h_ffwd_proj_512_chained_fp8
818	1	1788728184699573248	1788728184699680768	1000000000	107.52	cc_split_swin_16h_qkv_512_chained_fp8	cc_split_swin_16h_qkv_512_chained_fp8
819	1	1788728184699684864	1788728184699731968	1000000000	47.104	cc_split_swin_16h_proj_512_chained_fp8	cc_split_swin_16h_proj_512_chained_fp8
820	1	1788728184699736064	1788728184699827200	1000000000	91.136	cc_split_swin_16h_ffwd_512_chained_fp8	cc_split_swin_16h_ffwd_512_chained_fp8
821	1	1788728184699831296	1788728184699879424	1000000000	48.128	cc_split_swin_16h_ffwd_proj_512_chained_fp8	cc_split_swin_16h_ffwd_proj_512_chained_fp8
822	1	1788728184699883520	1788728184699969536	1000000000	86.016	cc_split_swin_16h_qkv_512_chained_fp8	cc_split_swin_16h_qkv_512_chained_fp8
823	1	1788728184699973632	1788728184700020736	1000000000	47.104	cc_split_swin_16h_proj_512_chained_fp8	cc_split_swin_16h_proj_512_chained_fp8
824	1	1788728184700024832	1788728184700116992	1000000000	92.16	cc_split_swin_16h_ffwd_512_chained_fp8	cc_split_swin_16h_ffwd_512_chained_fp8
825	1	1788728184700121088	1788728184700168192	1000000000	47.104	cc_split_swin_16h_ffwd_proj_512_chained_fp8	cc_split_swin_16h_ffwd_proj_512_chained_fp8
826	1	1788728184700172288	1788728184700281856	1000000000	109.568	cc_split_swin_16h_qkv_512_chained_fp8	cc_split_swin_16h_qkv_512_chained_fp8
827	1	1788728184700285952	1788728184700334080	1000000000	48.128	cc_split_swin_16h_proj_512_chained_fp8	cc_split_swin_16h_proj_512_chained_fp8
828	1	1788728184700338176	1788728184700430336	1000000000	92.16	cc_split_swin_16h_ffwd_512_chained_fp8	cc_split_swin_16h_ffwd_512_chained_fp8
829	1	1788728184700434432	1788728184700482560	1000000000	48.128	cc_split_swin_16h_ffwd_proj_512_chained_fp8	cc_split_swin_16h_ffwd_proj_512_chained_fp8
830	1	1788728184700486656	1788728184700595200	1000000000	108.544	cc_split_swin_16h_qkv_512_chained_fp8	cc_split_swin_16h_qkv_512_chained_fp8
831	1	1788728184700600320	1788728184700650496	1000000000	50.176	cc_split_swin_16h_proj_512_chained_fp8	cc_split_swin_16h_proj_512_chained_fp8
832	1	1788728184700653568	1788728184700745728	1000000000	92.16	cc_split_swin_16h_ffwd_512_chained_fp8	cc_split_swin_16h_ffwd_512_chained_fp8
833	1	1788728184700749824	1788728184700797952	1000000000	48.128	cc_split_swin_16h_ffwd_proj_512_chained_fp8	cc_split_swin_16h_ffwd_proj_512_chained_fp8
834	1	1788728184700802048	1788728184700909568	1000000000	107.52	cc_split_swin_16h_qkv_512_chained_fp8	cc_split_swin_16h_qkv_512_chained_fp8
835	1	1788728184700913664	1788728184700954624	1000000000	40.96	cc_split_swin_16h_proj_pool_512_chained_fp8	cc_split_swin_16h_proj_pool_512_chained_fp8
836	1	1788728184700958720	1788728184700988416	1000000000	29.696	cc_split_swin_16h_final_head_512_wait_fp8	cc_split_swin_16h_final_head_512_wait_fp8
837	1	1788728184700992512	1788728184701000704	1000000000	8.192	cc_vit_1d_repack_2d_to_1d_fp8	cc_vit_1d_repack_2d_to_1d_fp8
838	1	1788728184701003776	1788728184701173760	1000000000	169.984	cc_vit_1d_ffn_expand_publish_fp8	cc_vit_1d_ffn_expand_publish_fp8
839	1	1788728184701178880	1788728184701294592	1000000000	115.712	cc_vit_1d_ffn_contract_chained_fp8	cc_vit_1d_ffn_contract_chained_fp8
840	1	1788728184701298688	1788728184701398016	1000000000	99.328	cc_vit_1d_qkv_chained_fp8	cc_vit_1d_qkv_chained_fp8
841	1	1788728184701402112	1788728184701500416	1000000000	98.304	cc_vit_1d_attention_chained_fp8	cc_vit_1d_attention_chained_fp8
842	1	1788728184701504512	1788728184701552640	1000000000	48.128	cc_vit_1d_projection_chained_fp8	cc_vit_1d_projection_chained_fp8
843	1	1788728184701556736	1788728184701711360	1000000000	154.624	cc_vit_1d_ffn_expand_chained_fp8	cc_vit_1d_ffn_expand_chained_fp8
844	1	1788728184701715456	1788728184701834240	1000000000	118.784	cc_vit_1d_ffn_contract_chained_fp8	cc_vit_1d_ffn_contract_chained_fp8
845	1	1788728184701840384	1788728184701939712	1000000000	99.328	cc_vit_1d_qkv_chained_fp8	cc_vit_1d_qkv_chained_fp8
846	1	1788728184701943808	1788728184702042112	1000000000	98.304	cc_vit_1d_attention_chained_fp8	cc_vit_1d_attention_chained_fp8
847	1	1788728184702046208	1788728184702092288	1000000000	46.08	cc_vit_1d_projection_chained_fp8	cc_vit_1d_projection_chained_fp8
848	1	1788728184702096384	1788728184702251008	1000000000	154.624	cc_vit_1d_ffn_expand_chained_fp8	cc_vit_1d_ffn_expand_chained_fp8
849	1	1788728184702256128	1788728184702374912	1000000000	118.784	cc_vit_1d_ffn_contract_chained_fp8	cc_vit_1d_ffn_contract_chained_fp8
850	1	1788728184702379008	1788728184702478336	1000000000	99.328	cc_vit_1d_qkv_chained_fp8	cc_vit_1d_qkv_chained_fp8
851	1	1788728184702482432	1788728184702580736	1000000000	98.304	cc_vit_1d_attention_chained_fp8	cc_vit_1d_attention_chained_fp8
852	1	1788728184702584832	1788728184702632960	1000000000	48.128	cc_vit_1d_projection_chained_fp8	cc_vit_1d_projection_chained_fp8
853	1	1788728184702637056	1788728184702792704	1000000000	155.648	cc_vit_1d_ffn_expand_chained_fp8	cc_vit_1d_ffn_expand_chained_fp8
854	1	1788728184702796800	1788728184702913536	1000000000	116.736	cc_vit_1d_ffn_contract_chained_fp8	cc_vit_1d_ffn_contract_chained_fp8
855	1	1788728184702917632	1788728184703016960	1000000000	99.328	cc_vit_1d_qkv_chained_fp8	cc_vit_1d_qkv_chained_fp8
856	1	1788728184703021056	1788728184703119360	1000000000	98.304	cc_vit_1d_attention_chained_fp8	cc_vit_1d_attention_chained_fp8
857	1	1788728184703123456	1788728184703170560	1000000000	47.104	cc_vit_1d_projection_chained_fp8	cc_vit_1d_projection_chained_fp8
858	1	1788728184703175680	1788728184703330304	1000000000	154.624	cc_vit_1d_ffn_expand_chained_fp8	cc_vit_1d_ffn_expand_chained_fp8
859	1	1788728184703334400	1788728184703452160	1000000000	117.76	cc_vit_1d_ffn_contract_chained_fp8	cc_vit_1d_ffn_contract_chained_fp8
860	1	1788728184703456256	1788728184703555584	1000000000	99.328	cc_vit_1d_qkv_chained_fp8	cc_vit_1d_qkv_chained_fp8
861	1	1788728184703559680	1788728184703657984	1000000000	98.304	cc_vit_1d_attention_chained_fp8	cc_vit_1d_attention_chained_fp8
862	1	1788728184703662080	1788728184703709184	1000000000	47.104	cc_vit_1d_projection_chained_fp8	cc_vit_1d_projection_chained_fp8
863	1	1788728184703713280	1788728184703867904	1000000000	154.624	cc_vit_1d_ffn_expand_chained_fp8	cc_vit_1d_ffn_expand_chained_fp8
864	1	1788728184703872000	1788728184704549888	1000000000	677.888	cc_vit_1d_ffn_contract_chained_fp8	cc_vit_1d_ffn_contract_chained_fp8
865	1	1788728184704555008	1788728184704654336	1000000000	99.328	cc_vit_1d_qkv_chained_fp8	cc_vit_1d_qkv_chained_fp8
866	1	1788728184704658432	1788728184704756736	1000000000	98.304	cc_vit_1d_attention_chained_fp8	cc_vit_1d_attention_chained_fp8
867	1	1788728184704760832	1788728184704806912	1000000000	46.08	cc_vit_1d_projection_chained_fp8	cc_vit_1d_projection_chained_fp8
868	1	1788728184704811008	1788728184705243136	1000000000	432.128	cc_vit_1d_ffn_expand_chained_fp8	cc_vit_1d_ffn_expand_chained_fp8
869	1	1788728184705251328	1788728184705371136	1000000000	119.808	cc_vit_1d_ffn_contract_chained_fp8	cc_vit_1d_ffn_contract_chained_fp8
870	1	1788728184705375232	1788728184705475584	1000000000	100.352	cc_vit_1d_qkv_chained_fp8	cc_vit_1d_qkv_chained_fp8
871	1	1788728184705479680	1788728184705577984	1000000000	98.304	cc_vit_1d_attention_chained_fp8	cc_vit_1d_attention_chained_fp8
872	1	1788728184705582080	1788728184705628160	1000000000	46.08	cc_vit_1d_projection_chained_fp8	cc_vit_1d_projection_chained_fp8
873	1	1788728184705632256	1788728184705789952	1000000000	157.696	cc_vit_1d_ffn_expand_chained_fp8	cc_vit_1d_ffn_expand_chained_fp8
874	1	1788728184705794048	1788728184705911808	1000000000	117.76	cc_vit_1d_ffn_contract_chained_fp8	cc_vit_1d_ffn_contract_chained_fp8
875	1	1788728184705915904	1788728184706016256	1000000000	100.352	cc_vit_1d_qkv_chained_fp8	cc_vit_1d_qkv_chained_fp8
876	1	1788728184706020352	1788728184706118656	1000000000	98.304	cc_vit_1d_attention_chained_fp8	cc_vit_1d_attention_chained_fp8
877	1	1788728184706122752	1788728184706169856	1000000000	47.104	cc_vit_1d_projection_wait_fp8	cc_vit_1d_projection_wait_fp8
878	1	1788728184706173952	1788728184706181120	1000000000	7.168	cc_vit_1d_repack_1d_to_2d_fp8	cc_vit_1d_repack_1d_to_2d_fp8
879	1	1788728184706184192	1788728184706221056	1000000000	36.864	cc_dec_input_upsample_1024_512_tilesync_fp8	cc_dec_input_upsample_1024_512_tilesync_fp8
880	1	1788728184706225152	1788728184706317312	1000000000	92.16	cc_split_swin_16h_ffwd_512_chained_fp8	cc_split_swin_16h_ffwd_512_chained_fp8
881	1	1788728184706321408	1788728184706369536	1000000000	48.128	cc_split_swin_16h_ffwd_proj_512_chained_fp8	cc_split_swin_16h_ffwd_proj_512_chained_fp8
882	1	1788728184706373632	1788728184706460672	1000000000	87.04	cc_split_swin_16h_qkv_512_chained_fp8	cc_split_swin_16h_qkv_512_chained_fp8
883	1	1788728184706464768	1788728184706511872	1000000000	47.104	cc_split_swin_16h_proj_512_chained_fp8	cc_split_swin_16h_proj_512_chained_fp8
884	1	1788728184706515968	1788728184706608128	1000000000	92.16	cc_split_swin_16h_ffwd_512_chained_fp8	cc_split_swin_16h_ffwd_512_chained_fp8
885	1	1788728184706612224	1788728184706660352	1000000000	48.128	cc_split_swin_16h_ffwd_proj_512_chained_fp8	cc_split_swin_16h_ffwd_proj_512_chained_fp8
886	1	1788728184706664448	1788728184706774016	1000000000	109.568	cc_split_swin_16h_qkv_512_chained_fp8	cc_split_swin_16h_qkv_512_chained_fp8
887	1	1788728184706778112	1788728184706827264	1000000000	49.152	cc_split_swin_16h_proj_512_chained_fp8	cc_split_swin_16h_proj_512_chained_fp8
888	1	1788728184706831360	1788728184706922496	1000000000	91.136	cc_split_swin_16h_ffwd_512_chained_fp8	cc_split_swin_16h_ffwd_512_chained_fp8
889	1	1788728184706926592	1788728184706974720	1000000000	48.128	cc_split_swin_16h_ffwd_proj_512_chained_fp8	cc_split_swin_16h_ffwd_proj_512_chained_fp8
890	1	1788728184706978816	1788728184707086336	1000000000	107.52	cc_split_swin_16h_qkv_512_chained_fp8	cc_split_swin_16h_qkv_512_chained_fp8
891	1	1788728184707090432	1788728184707138560	1000000000	48.128	cc_split_swin_16h_proj_512_chained_fp8	cc_split_swin_16h_proj_512_chained_fp8
892	1	1788728184707142656	1788728184707234816	1000000000	92.16	cc_split_swin_16h_ffwd_512_chained_fp8	cc_split_swin_16h_ffwd_512_chained_fp8
893	1	1788728184707238912	1788728184707287040	1000000000	48.128	cc_split_swin_16h_ffwd_proj_512_chained_fp8	cc_split_swin_16h_ffwd_proj_512_chained_fp8
894	1	1788728184707291136	1788728184707397632	1000000000	106.496	cc_split_swin_16h_qkv_512_chained_fp8	cc_split_swin_16h_qkv_512_chained_fp8
895	1	1788728184707401728	1788728184707448832	1000000000	47.104	cc_split_swin_16h_proj_512_chained_fp8	cc_split_swin_16h_proj_512_chained_fp8
896	1	1788728184707452928	1788728184707545088	1000000000	92.16	cc_split_swin_16h_ffwd_512_chained_fp8	cc_split_swin_16h_ffwd_512_chained_fp8
897	1	1788728184707548160	1788728184707596288	1000000000	48.128	cc_split_swin_16h_ffwd_proj_512_chained_fp8	cc_split_swin_16h_ffwd_proj_512_chained_fp8
898	1	1788728184707600384	1788728184707687424	1000000000	87.04	cc_split_swin_16h_qkv_512_chained_fp8	cc_split_swin_16h_qkv_512_chained_fp8
899	1	1788728184707691520	1788728184707738624	1000000000	47.104	cc_split_swin_16h_proj_512_chained_fp8	cc_split_swin_16h_proj_512_chained_fp8
900	1	1788728184707742720	1788728184707833856	1000000000	91.136	cc_split_swin_16h_ffwd_512_chained_fp8	cc_split_swin_16h_ffwd_512_chained_fp8
901	1	1788728184707837952	1788728184707886080	1000000000	48.128	cc_split_swin_16h_ffwd_proj_512_chained_fp8	cc_split_swin_16h_ffwd_proj_512_chained_fp8
902	1	1788728184707891200	1788728184707999744	1000000000	108.544	cc_split_swin_16h_qkv_512_chained_fp8	cc_split_swin_16h_qkv_512_chained_fp8
903	1	1788728184708003840	1788728184708052992	1000000000	49.152	cc_split_swin_16h_proj_512_chained_fp8	cc_split_swin_16h_proj_512_chained_fp8
904	1	1788728184708057088	1788728184708149248	1000000000	92.16	cc_split_swin_16h_ffwd_512_chained_fp8	cc_split_swin_16h_ffwd_512_chained_fp8
905	1	1788728184708153344	1788728184708201472	1000000000	48.128	cc_split_swin_16h_ffwd_proj_512_chained_fp8	cc_split_swin_16h_ffwd_proj_512_chained_fp8
906	1	1788728184708206592	1788728184708314112	1000000000	107.52	cc_split_swin_16h_qkv_512_chained_fp8	cc_split_swin_16h_qkv_512_chained_fp8
907	1	1788728184708318208	1788728184708367360	1000000000	49.152	cc_split_swin_16h_proj_512_chained_fp8	cc_split_swin_16h_proj_512_chained_fp8
908	1	1788728184708372480	1788728184708464640	1000000000	92.16	cc_split_swin_16h_ffwd_512_chained_fp8	cc_split_swin_16h_ffwd_512_chained_fp8
909	1	1788728184708468736	1788728184708516864	1000000000	48.128	cc_split_swin_16h_ffwd_proj_512_chained_fp8	cc_split_swin_16h_ffwd_proj_512_chained_fp8
910	1	1788728184708520960	1788728184708627456	1000000000	106.496	cc_split_swin_16h_qkv_512_chained_fp8	cc_split_swin_16h_qkv_512_chained_fp8
911	1	1788728184708631552	1788728184708726784	1000000000	95.232	cc_split_swin_16h_proj_512_outview_wait_fp8	cc_split_swin_16h_proj_512_outview_wait_fp8
912	1	1788728184708731904	1788728184709113856	1000000000	381.952	cc_tinlayout_fused_swin_8h_256_8_upsample_tilesync_fp8	cc_tinlayout_fused_swin_8h_256_8_upsample_tilesync_fp8
913	1	1788728184709118976	1788728184709525504	1000000000	406.528	cc_tinlayout_fused_swin_8h_256_8_chained_fp8	cc_tinlayout_fused_swin_8h_256_8_chained_fp8
914	1	1788728184709529600	1788728184709923840	1000000000	394.24	cc_tinlayout_fused_swin_8h_256_8_chained_fp8	cc_tinlayout_fused_swin_8h_256_8_chained_fp8
915	1	1788728184709927936	1788728184710257664	1000000000	329.728	cc_tinlayout_fused_swin_8h_256_8_chained_fp8	cc_tinlayout_fused_swin_8h_256_8_chained_fp8
916	1	1788728184710261760	1788728184710569984	1000000000	308.224	cc_tinlayout_fused_swin_8h_256_8_chained_fp8	cc_tinlayout_fused_swin_8h_256_8_chained_fp8
917	1	1788728184710574080	1788728184710962176	1000000000	388.096	cc_tinlayout_fused_swin_8h_256_8_chained_fp8	cc_tinlayout_fused_swin_8h_256_8_chained_fp8
918	1	1788728184710966272	1788728184711378944	1000000000	412.672	cc_tinlayout_fused_swin_8h_256_8_chained_fp8	cc_tinlayout_fused_swin_8h_256_8_chained_fp8
919	1	1788728184711384064	1788728184711694336	1000000000	310.272	cc_tinlayout_fused_swin_8h_256_8_outview_wait_fp8	cc_tinlayout_fused_swin_8h_256_8_outview_wait_fp8
920	1	1788728184711698432	1788728184712137728	1000000000	439.296	cc_tinlayout_fused_swin_4h_128_4_upsample_tilesync_fp8	cc_tinlayout_fused_swin_4h_128_4_upsample_tilesync_fp8
921	1	1788728184712141824	1788728184712470528	1000000000	328.704	cc_tinlayout_fused_swin_4h_128_4_chained_fp8	cc_tinlayout_fused_swin_4h_128_4_chained_fp8
922	1	1788728184712474624	1788728184712791040	1000000000	316.416	cc_tinlayout_fused_swin_4h_128_4_chained_fp8	cc_tinlayout_fused_swin_4h_128_4_chained_fp8
923	1	1788728184712795136	1788728184713115648	1000000000	320.512	cc_tinlayout_fused_swin_4h_128_4_chained_fp8	cc_tinlayout_fused_swin_4h_128_4_chained_fp8
924	1	1788728184713119744	1788728184713439232	1000000000	319.488	cc_tinlayout_fused_swin_4h_128_4_chained_fp8	cc_tinlayout_fused_swin_4h_128_4_chained_fp8
925	1	1788728184713443328	1788728184713803776	1000000000	360.448	cc_tinlayout_fused_swin_4h_128_4_outview_wait_fp8	cc_tinlayout_fused_swin_4h_128_4_outview_wait_fp8
926	1	1788728184713807872	1788728184714529792	1000000000	721.92	cc_tinlayout_fused_swin_2h_64_2_upsample_tilesync_fp8	cc_tinlayout_fused_swin_2h_64_2_upsample_tilesync_fp8
927	1	1788728184714532864	1788728184715059200	1000000000	526.336	cc_tinlayout_fused_swin_2h_64_2_chained_fp8	cc_tinlayout_fused_swin_2h_64_2_chained_fp8
928	1	1788728184715062272	1788728184715549696	1000000000	487.424	cc_tinlayout_fused_swin_2h_64_2_chained_fp8	cc_tinlayout_fused_swin_2h_64_2_chained_fp8
929	1	1788728184715553792	1788728184716040192	1000000000	486.4	cc_tinlayout_fused_swin_2h_64_2_outview_wait_fp8	cc_tinlayout_fused_swin_2h_64_2_outview_wait_fp8
930	1	1788728184716043264	1788728184717265920	1000000000	1222.66	cc_tinlayout_fused_swin_1h_32_1_upsample_tilesync_fp8	cc_tinlayout_fused_swin_1h_32_1_upsample_tilesync_fp8
931	1	1788728184717270016	1788728184717968384	1000000000	698.368	cc_tinlayout_fused_swin_1h_32_1_chained_fp8	cc_tinlayout_fused_swin_1h_32_1_chained_fp8
932	1	1788728184717972480	1788728184718630912	1000000000	658.432	cc_tinlayout_fused_swin_1h_32_1_chained_fp8	cc_tinlayout_fused_swin_1h_32_1_chained_fp8
933	1	1788728184718633984	1788728184719729664	1000000000	1095.68	cc_tinlayout_fused_swin_1h_32_1_outview_wait_fp8	cc_tinlayout_fused_swin_1h_32_1_outview_wait_fp8
934	1	1788728184719733760	1788728184724331520	1000000000	4597.76	cc_tinlayout_fused_post_block_swin_1h_32_fp8	cc_tinlayout_fused_post_block_swin_1h_32_fp8
935	1	1788728184724335616	1788728184724371456	1000000000	35.84	cg2r_copy_kernel	cg2r_copy_kernel
936	1	1788728184921126912	1788728184921131008	1000000000	4.096	cc_cb_clear	cc_cb_clear
937	1	1788728184921135104	1788728184924973056	1000000000	3837.95	cc_tinlayout_fused_pre_block_swin_1h_32_1_ds_fp8	cc_tinlayout_fused_pre_block_swin_1h_32_1_ds_fp8
938	1	1788728184924978176	1788728184925749248	1000000000	771.072	cc_tinlayout_fused_swin_1h_32_1_inpview_tilesync_fp8	cc_tinlayout_fused_swin_1h_32_1_inpview_tilesync_fp8
939	1	1788728184925752320	1788728184926529536	1000000000	777.216	cc_tinlayout_fused_swin_1h_32_1_chained_fp8	cc_tinlayout_fused_swin_1h_32_1_chained_fp8
940	1	1788728184926532608	1788728184927238144	1000000000	705.536	cc_tinlayout_fused_swin_1h_32_1_chained_fp8	cc_tinlayout_fused_swin_1h_32_1_chained_fp8
941	1	1788728184927242240	1788728184928131072	1000000000	888.832	cc_tinlayout_fused_swin_1h_32_1_ds_wait_fp8	cc_tinlayout_fused_swin_1h_32_1_ds_wait_fp8
942	1	1788728184928135168	1788728184928629760	1000000000	494.592	cc_tinlayout_fused_swin_2h_64_2_inpview_tilesync_fp8	cc_tinlayout_fused_swin_2h_64_2_inpview_tilesync_fp8
943	1	1788728184928633856	1788728184929160192	1000000000	526.336	cc_tinlayout_fused_swin_2h_64_2_chained_fp8	cc_tinlayout_fused_swin_2h_64_2_chained_fp8
944	1	1788728184929164288	1788728184929657856	1000000000	493.568	cc_tinlayout_fused_swin_2h_64_2_chained_fp8	cc_tinlayout_fused_swin_2h_64_2_chained_fp8
945	1	1788728184929661952	1788728184930181120	1000000000	519.168	cc_tinlayout_fused_swin_2h_64_2_ds_wait_fp8	cc_tinlayout_fused_swin_2h_64_2_ds_wait_fp8
946	1	1788728184930186240	1788728184930510848	1000000000	324.608	cc_tinlayout_fused_swin_4h_128_4_inpview_tilesync_fp8	cc_tinlayout_fused_swin_4h_128_4_inpview_tilesync_fp8
947	1	1788728184930514944	1788728184930838528	1000000000	323.584	cc_tinlayout_fused_swin_4h_128_4_chained_fp8	cc_tinlayout_fused_swin_4h_128_4_chained_fp8
948	1	1788728184930842624	1788728184931160064	1000000000	317.44	cc_tinlayout_fused_swin_4h_128_4_chained_fp8	cc_tinlayout_fused_swin_4h_128_4_chained_fp8
949	1	1788728184931164160	1788728184931486720	1000000000	322.56	cc_tinlayout_fused_swin_4h_128_4_chained_fp8	cc_tinlayout_fused_swin_4h_128_4_chained_fp8
950	1	1788728184931490816	1788728184931808256	1000000000	317.44	cc_tinlayout_fused_swin_4h_128_4_chained_fp8	cc_tinlayout_fused_swin_4h_128_4_chained_fp8
951	1	1788728184931812352	1788728184932168704	1000000000	356.352	cc_tinlayout_fused_swin_4h_128_4_ds_wait_fp8	cc_tinlayout_fused_swin_4h_128_4_ds_wait_fp8
952	1	1788728184932172800	1788728184932503552	1000000000	330.752	cc_tinlayout_fused_swin_8h_256_8_inpview_tilesync_fp8	cc_tinlayout_fused_swin_8h_256_8_inpview_tilesync_fp8
953	1	1788728184932507648	1788728184932920320	1000000000	412.672	cc_tinlayout_fused_swin_8h_256_8_chained_fp8	cc_tinlayout_fused_swin_8h_256_8_chained_fp8
954	1	1788728184932924416	1788728184933325824	1000000000	401.408	cc_tinlayout_fused_swin_8h_256_8_chained_fp8	cc_tinlayout_fused_swin_8h_256_8_chained_fp8
955	1	1788728184933329920	1788728184933650432	1000000000	320.512	cc_tinlayout_fused_swin_8h_256_8_chained_fp8	cc_tinlayout_fused_swin_8h_256_8_chained_fp8
956	1	1788728184933653504	1788728184933979136	1000000000	325.632	cc_tinlayout_fused_swin_8h_256_8_chained_fp8	cc_tinlayout_fused_swin_8h_256_8_chained_fp8
957	1	1788728184933983232	1788728184934372352	1000000000	389.12	cc_tinlayout_fused_swin_8h_256_8_chained_fp8	cc_tinlayout_fused_swin_8h_256_8_chained_fp8
958	1	1788728184934851584	1788728184935249920	1000000000	398.336	cc_tinlayout_fused_swin_8h_256_8_chained_fp8	cc_tinlayout_fused_swin_8h_256_8_chained_fp8
959	1	1788728184935254016	1788728184936154112	1000000000	900.096	cc_tinlayout_fused_swin_8h_256_8_ds_wait_fp8	cc_tinlayout_fused_swin_8h_256_8_ds_wait_fp8
960	1	1788728184936158208	1788728184936251392	1000000000	93.184	cc_split_swin_16h_ffwd_inpview_512_tilesync_fp8	cc_split_swin_16h_ffwd_inpview_512_tilesync_fp8
961	1	1788728184936255488	1788728184936344576	1000000000	89.088	cc_split_swin_16h_ffwd_proj_inpview_512_chained_fp8	cc_split_swin_16h_ffwd_proj_inpview_512_chained_fp8
962	1	1788728184936348672	1788728184936435712	1000000000	87.04	cc_split_swin_16h_qkv_512_chained_fp8	cc_split_swin_16h_qkv_512_chained_fp8
963	1	1788728184936439808	1788728184936486912	1000000000	47.104	cc_split_swin_16h_proj_512_chained_fp8	cc_split_swin_16h_proj_512_chained_fp8
964	1	1788728184936491008	1788728184936583168	1000000000	92.16	cc_split_swin_16h_ffwd_512_chained_fp8	cc_split_swin_16h_ffwd_512_chained_fp8
965	1	1788728184936586240	1788728184936634368	1000000000	48.128	cc_split_swin_16h_ffwd_proj_512_chained_fp8	cc_split_swin_16h_ffwd_proj_512_chained_fp8
966	1	1788728184936638464	1788728184937264128	1000000000	625.664	cc_split_swin_16h_qkv_512_chained_fp8	cc_split_swin_16h_qkv_512_chained_fp8
967	1	1788728184937273344	1788728184937324544	1000000000	51.2	cc_split_swin_16h_proj_512_chained_fp8	cc_split_swin_16h_proj_512_chained_fp8
968	1	1788728184937328640	1788728184937420800	1000000000	92.16	cc_split_swin_16h_ffwd_512_chained_fp8	cc_split_swin_16h_ffwd_512_chained_fp8
969	1	1788728184937424896	1788728184937472000	1000000000	47.104	cc_split_swin_16h_ffwd_proj_512_chained_fp8	cc_split_swin_16h_ffwd_proj_512_chained_fp8
970	1	1788728184937476096	1788728184937583616	1000000000	107.52	cc_split_swin_16h_qkv_512_chained_fp8	cc_split_swin_16h_qkv_512_chained_fp8
971	1	1788728184937587712	1788728184937636864	1000000000	49.152	cc_split_swin_16h_proj_512_chained_fp8	cc_split_swin_16h_proj_512_chained_fp8
972	1	1788728184937640960	1788728184938019840	1000000000	378.88	cc_split_swin_16h_ffwd_512_chained_fp8	cc_split_swin_16h_ffwd_512_chained_fp8
973	1	1788728184938024960	1788728184938072064	1000000000	47.104	cc_split_swin_16h_ffwd_proj_512_chained_fp8	cc_split_swin_16h_ffwd_proj_512_chained_fp8
974	1	1788728184938076160	1788728184938184704	1000000000	108.544	cc_split_swin_16h_qkv_512_chained_fp8	cc_split_swin_16h_qkv_512_chained_fp8
975	1	1788728184938188800	1788728184938235904	1000000000	47.104	cc_split_swin_16h_proj_512_chained_fp8	cc_split_swin_16h_proj_512_chained_fp8
976	1	1788728184938238976	1788728184938331136	1000000000	92.16	cc_split_swin_16h_ffwd_512_chained_fp8	cc_split_swin_16h_ffwd_512_chained_fp8
977	1	1788728184938334208	1788728184938382336	1000000000	48.128	cc_split_swin_16h_ffwd_proj_512_chained_fp8	cc_split_swin_16h_ffwd_proj_512_chained_fp8
978	1	1788728184938386432	1788728184938472448	1000000000	86.016	cc_split_swin_16h_qkv_512_chained_fp8	cc_split_swin_16h_qkv_512_chained_fp8
979	1	1788728184938476544	1788728184938522624	1000000000	46.08	cc_split_swin_16h_proj_512_chained_fp8	cc_split_swin_16h_proj_512_chained_fp8
980	1	1788728184938526720	1788728184938617856	1000000000	91.136	cc_split_swin_16h_ffwd_512_chained_fp8	cc_split_swin_16h_ffwd_512_chained_fp8
981	1	1788728184938621952	1788728184938670080	1000000000	48.128	cc_split_swin_16h_ffwd_proj_512_chained_fp8	cc_split_swin_16h_ffwd_proj_512_chained_fp8
982	1	1788728184938675200	1788728184938783744	1000000000	108.544	cc_split_swin_16h_qkv_512_chained_fp8	cc_split_swin_16h_qkv_512_chained_fp8
983	1	1788728184938786816	1788728184938835968	1000000000	49.152	cc_split_swin_16h_proj_512_chained_fp8	cc_split_swin_16h_proj_512_chained_fp8
984	1	1788728184938840064	1788728184938932224	1000000000	92.16	cc_split_swin_16h_ffwd_512_chained_fp8	cc_split_swin_16h_ffwd_512_chained_fp8
985	1	1788728184938936320	1788728184938983424	1000000000	47.104	cc_split_swin_16h_ffwd_proj_512_chained_fp8	cc_split_swin_16h_ffwd_proj_512_chained_fp8
986	1	1788728184938987520	1788728184939094016	1000000000	106.496	cc_split_swin_16h_qkv_512_chained_fp8	cc_split_swin_16h_qkv_512_chained_fp8
987	1	1788728184939098112	1788728184939147264	1000000000	49.152	cc_split_swin_16h_proj_512_chained_fp8	cc_split_swin_16h_proj_512_chained_fp8
988	1	1788728184939151360	1788728184939242496	1000000000	91.136	cc_split_swin_16h_ffwd_512_chained_fp8	cc_split_swin_16h_ffwd_512_chained_fp8
989	1	1788728184939246592	1788728184939295744	1000000000	49.152	cc_split_swin_16h_ffwd_proj_512_chained_fp8	cc_split_swin_16h_ffwd_proj_512_chained_fp8
990	1	1788728184939300864	1788728184939408384	1000000000	107.52	cc_split_swin_16h_qkv_512_chained_fp8	cc_split_swin_16h_qkv_512_chained_fp8
991	1	1788728184939412480	1788728184939452416	1000000000	39.936	cc_split_swin_16h_proj_pool_512_chained_fp8	cc_split_swin_16h_proj_pool_512_chained_fp8
992	1	1788728184939456512	1788728184939486208	1000000000	29.696	cc_split_swin_16h_final_head_512_wait_fp8	cc_split_swin_16h_final_head_512_wait_fp8
993	1	1788728184939490304	1788728184939497472	1000000000	7.168	cc_vit_1d_repack_2d_to_1d_fp8	cc_vit_1d_repack_2d_to_1d_fp8
994	1	1788728184939501568	1788728184939669504	1000000000	167.936	cc_vit_1d_ffn_expand_publish_fp8	cc_vit_1d_ffn_expand_publish_fp8
995	1	1788728184939673600	1788728184939790336	1000000000	116.736	cc_vit_1d_ffn_contract_chained_fp8	cc_vit_1d_ffn_contract_chained_fp8
996	1	1788728184939794432	1788728184939892736	1000000000	98.304	cc_vit_1d_qkv_chained_fp8	cc_vit_1d_qkv_chained_fp8
997	1	1788728184939896832	1788728184939995136	1000000000	98.304	cc_vit_1d_attention_chained_fp8	cc_vit_1d_attention_chained_fp8
998	1	1788728184939999232	1788728184940046336	1000000000	47.104	cc_vit_1d_projection_chained_fp8	cc_vit_1d_projection_chained_fp8
999	1	1788728184940049408	1788728184940205056	1000000000	155.648	cc_vit_1d_ffn_expand_chained_fp8	cc_vit_1d_ffn_expand_chained_fp8
1000	1	1788728184940209152	1788728184940325888	1000000000	116.736	cc_vit_1d_ffn_contract_chained_fp8	cc_vit_1d_ffn_contract_chained_fp8
1001	1	1788728184940329984	1788728184940431360	1000000000	101.376	cc_vit_1d_qkv_chained_fp8	cc_vit_1d_qkv_chained_fp8
1002	1	1788728184940435456	1788728184940532736	1000000000	97.28	cc_vit_1d_attention_chained_fp8	cc_vit_1d_attention_chained_fp8
1003	1	1788728184940535808	1788728184940583936	1000000000	48.128	cc_vit_1d_projection_chained_fp8	cc_vit_1d_projection_chained_fp8
1004	1	1788728184940588032	1788728184940744704	1000000000	156.672	cc_vit_1d_ffn_expand_chained_fp8	cc_vit_1d_ffn_expand_chained_fp8
1005	1	1788728184940748800	1788728184940865536	1000000000	116.736	cc_vit_1d_ffn_contract_chained_fp8	cc_vit_1d_ffn_contract_chained_fp8
1006	1	1788728184940869632	1788728184940968960	1000000000	99.328	cc_vit_1d_qkv_chained_fp8	cc_vit_1d_qkv_chained_fp8
1007	1	1788728184940974080	1788728184941071360	1000000000	97.28	cc_vit_1d_attention_chained_fp8	cc_vit_1d_attention_chained_fp8
1008	1	1788728184941075456	1788728184941122560	1000000000	47.104	cc_vit_1d_projection_chained_fp8	cc_vit_1d_projection_chained_fp8
1009	1	1788728184941127680	1788728184941280256	1000000000	152.576	cc_vit_1d_ffn_expand_chained_fp8	cc_vit_1d_ffn_expand_chained_fp8
1010	1	1788728184941285376	1788728184941402112	1000000000	116.736	cc_vit_1d_ffn_contract_chained_fp8	cc_vit_1d_ffn_contract_chained_fp8
1011	1	1788728184941406208	1788728184941505536	1000000000	99.328	cc_vit_1d_qkv_chained_fp8	cc_vit_1d_qkv_chained_fp8
1012	1	1788728184941510656	1788728184941607936	1000000000	97.28	cc_vit_1d_attention_chained_fp8	cc_vit_1d_attention_chained_fp8
1013	1	1788728184941612032	1788728184941658112	1000000000	46.08	cc_vit_1d_projection_chained_fp8	cc_vit_1d_projection_chained_fp8
1014	1	1788728184941662208	1788728184941816832	1000000000	154.624	cc_vit_1d_ffn_expand_chained_fp8	cc_vit_1d_ffn_expand_chained_fp8
1015	1	1788728184941820928	1788728184941936640	1000000000	115.712	cc_vit_1d_ffn_contract_chained_fp8	cc_vit_1d_ffn_contract_chained_fp8
1016	1	1788728184941940736	1788728184942040064	1000000000	99.328	cc_vit_1d_qkv_chained_fp8	cc_vit_1d_qkv_chained_fp8
1017	1	1788728184942044160	1788728184942142464	1000000000	98.304	cc_vit_1d_attention_chained_fp8	cc_vit_1d_attention_chained_fp8
1018	1	1788728184942146560	1788728184942194688	1000000000	48.128	cc_vit_1d_projection_chained_fp8	cc_vit_1d_projection_chained_fp8
1019	1	1788728184942197760	1788728184942350336	1000000000	152.576	cc_vit_1d_ffn_expand_chained_fp8	cc_vit_1d_ffn_expand_chained_fp8
1020	1	1788728184942354432	1788728184942471168	1000000000	116.736	cc_vit_1d_ffn_contract_chained_fp8	cc_vit_1d_ffn_contract_chained_fp8
1021	1	1788728184942475264	1788728184942574592	1000000000	99.328	cc_vit_1d_qkv_chained_fp8	cc_vit_1d_qkv_chained_fp8
1022	1	1788728184942579712	1788728184942676992	1000000000	97.28	cc_vit_1d_attention_chained_fp8	cc_vit_1d_attention_chained_fp8
1023	1	1788728184942681088	1788728184942727168	1000000000	46.08	cc_vit_1d_projection_chained_fp8	cc_vit_1d_projection_chained_fp8
1024	1	1788728184942731264	1788728184942885888	1000000000	154.624	cc_vit_1d_ffn_expand_chained_fp8	cc_vit_1d_ffn_expand_chained_fp8
1025	1	1788728184942889984	1788728184943007744	1000000000	117.76	cc_vit_1d_ffn_contract_chained_fp8	cc_vit_1d_ffn_contract_chained_fp8
1026	1	1788728184943011840	1788728184943110144	1000000000	98.304	cc_vit_1d_qkv_chained_fp8	cc_vit_1d_qkv_chained_fp8
1027	1	1788728184943115264	1788728184943212544	1000000000	97.28	cc_vit_1d_attention_chained_fp8	cc_vit_1d_attention_chained_fp8
1028	1	1788728184943216640	1788728184943264768	1000000000	48.128	cc_vit_1d_projection_chained_fp8	cc_vit_1d_projection_chained_fp8
1029	1	1788728184943268864	1788728184943424512	1000000000	155.648	cc_vit_1d_ffn_expand_chained_fp8	cc_vit_1d_ffn_expand_chained_fp8
1030	1	1788728184943428608	1788728184943546368	1000000000	117.76	cc_vit_1d_ffn_contract_chained_fp8	cc_vit_1d_ffn_contract_chained_fp8
1031	1	1788728184943551488	1788728184943650816	1000000000	99.328	cc_vit_1d_qkv_chained_fp8	cc_vit_1d_qkv_chained_fp8
1032	1	1788728184943654912	1788728184943752192	1000000000	97.28	cc_vit_1d_attention_chained_fp8	cc_vit_1d_attention_chained_fp8
1033	1	1788728184943759360	1788728184943806464	1000000000	47.104	cc_vit_1d_projection_wait_fp8	cc_vit_1d_projection_wait_fp8
1034	1	1788728184943810560	1788728184943816704	1000000000	6.144	cc_vit_1d_repack_1d_to_2d_fp8	cc_vit_1d_repack_1d_to_2d_fp8
1035	1	1788728184943820800	1788728184943858688	1000000000	37.888	cc_dec_input_upsample_1024_512_tilesync_fp8	cc_dec_input_upsample_1024_512_tilesync_fp8
1036	1	1788728184943862784	1788728184943954944	1000000000	92.16	cc_split_swin_16h_ffwd_512_chained_fp8	cc_split_swin_16h_ffwd_512_chained_fp8
1037	1	1788728184943959040	1788728184944005120	1000000000	46.08	cc_split_swin_16h_ffwd_proj_512_chained_fp8	cc_split_swin_16h_ffwd_proj_512_chained_fp8
1038	1	1788728184944009216	1788728184944096256	1000000000	87.04	cc_split_swin_16h_qkv_512_chained_fp8	cc_split_swin_16h_qkv_512_chained_fp8
1039	1	1788728184944100352	1788728184944147456	1000000000	47.104	cc_split_swin_16h_proj_512_chained_fp8	cc_split_swin_16h_proj_512_chained_fp8
1040	1	1788728184944151552	1788728184944242688	1000000000	91.136	cc_split_swin_16h_ffwd_512_chained_fp8	cc_split_swin_16h_ffwd_512_chained_fp8
1041	1	1788728184944246784	1788728184944294912	1000000000	48.128	cc_split_swin_16h_ffwd_proj_512_chained_fp8	cc_split_swin_16h_ffwd_proj_512_chained_fp8
1042	1	1788728184944299008	1788728184944408576	1000000000	109.568	cc_split_swin_16h_qkv_512_chained_fp8	cc_split_swin_16h_qkv_512_chained_fp8
1043	1	1788728184944411648	1788728184944460800	1000000000	49.152	cc_split_swin_16h_proj_512_chained_fp8	cc_split_swin_16h_proj_512_chained_fp8
1044	1	1788728184944464896	1788728184944558080	1000000000	93.184	cc_split_swin_16h_ffwd_512_chained_fp8	cc_split_swin_16h_ffwd_512_chained_fp8
1045	1	1788728184944562176	1788728184944609280	1000000000	47.104	cc_split_swin_16h_ffwd_proj_512_chained_fp8	cc_split_swin_16h_ffwd_proj_512_chained_fp8
1046	1	1788728184944613376	1788728184944721920	1000000000	108.544	cc_split_swin_16h_qkv_512_chained_fp8	cc_split_swin_16h_qkv_512_chained_fp8
1047	1	1788728184944724992	1788728184944773120	1000000000	48.128	cc_split_swin_16h_proj_512_chained_fp8	cc_split_swin_16h_proj_512_chained_fp8
1048	1	1788728184944778240	1788728184944870400	1000000000	92.16	cc_split_swin_16h_ffwd_512_chained_fp8	cc_split_swin_16h_ffwd_512_chained_fp8
1049	1	1788728184944874496	1788728184944922624	1000000000	48.128	cc_split_swin_16h_ffwd_proj_512_chained_fp8	cc_split_swin_16h_ffwd_proj_512_chained_fp8
1050	1	1788728184944925696	1788728184945033216	1000000000	107.52	cc_split_swin_16h_qkv_512_chained_fp8	cc_split_swin_16h_qkv_512_chained_fp8
1051	1	1788728184945037312	1788728184945084416	1000000000	47.104	cc_split_swin_16h_proj_512_chained_fp8	cc_split_swin_16h_proj_512_chained_fp8
1052	1	1788728184945088512	1788728184945179648	1000000000	91.136	cc_split_swin_16h_ffwd_512_chained_fp8	cc_split_swin_16h_ffwd_512_chained_fp8
1053	1	1788728184945183744	1788728184945231872	1000000000	48.128	cc_split_swin_16h_ffwd_proj_512_chained_fp8	cc_split_swin_16h_ffwd_proj_512_chained_fp8
1054	1	1788728184945235968	1788728184945323008	1000000000	87.04	cc_split_swin_16h_qkv_512_chained_fp8	cc_split_swin_16h_qkv_512_chained_fp8
1055	1	1788728184945327104	1788728184945374208	1000000000	47.104	cc_split_swin_16h_proj_512_chained_fp8	cc_split_swin_16h_proj_512_chained_fp8
1056	1	1788728184945377280	1788728184945469440	1000000000	92.16	cc_split_swin_16h_ffwd_512_chained_fp8	cc_split_swin_16h_ffwd_512_chained_fp8
1057	1	1788728184945472512	1788728184945520640	1000000000	48.128	cc_split_swin_16h_ffwd_proj_512_chained_fp8	cc_split_swin_16h_ffwd_proj_512_chained_fp8
1058	1	1788728184945524736	1788728184945633280	1000000000	108.544	cc_split_swin_16h_qkv_512_chained_fp8	cc_split_swin_16h_qkv_512_chained_fp8
1059	1	1788728184945637376	1788728184945686528	1000000000	49.152	cc_split_swin_16h_proj_512_chained_fp8	cc_split_swin_16h_proj_512_chained_fp8
1060	1	1788728184945690624	1788728184945781760	1000000000	91.136	cc_split_swin_16h_ffwd_512_chained_fp8	cc_split_swin_16h_ffwd_512_chained_fp8
1061	1	1788728184945785856	1788728184945833984	1000000000	48.128	cc_split_swin_16h_ffwd_proj_512_chained_fp8	cc_split_swin_16h_ffwd_proj_512_chained_fp8
1062	1	1788728184945838080	1788728184945945600	1000000000	107.52	cc_split_swin_16h_qkv_512_chained_fp8	cc_split_swin_16h_qkv_512_chained_fp8
1063	1	1788728184945949696	1788728184945998848	1000000000	49.152	cc_split_swin_16h_proj_512_chained_fp8	cc_split_swin_16h_proj_512_chained_fp8
1064	1	1788728184946002944	1788728184946094080	1000000000	91.136	cc_split_swin_16h_ffwd_512_chained_fp8	cc_split_swin_16h_ffwd_512_chained_fp8
1065	1	1788728184946098176	1788728184946147328	1000000000	49.152	cc_split_swin_16h_ffwd_proj_512_chained_fp8	cc_split_swin_16h_ffwd_proj_512_chained_fp8
1066	1	1788728184946151424	1788728184946258944	1000000000	107.52	cc_split_swin_16h_qkv_512_chained_fp8	cc_split_swin_16h_qkv_512_chained_fp8
1067	1	1788728184946263040	1788728184946359296	1000000000	96.256	cc_split_swin_16h_proj_512_outview_wait_fp8	cc_split_swin_16h_proj_512_outview_wait_fp8
1068	1	1788728184946363392	1788728184946731008	1000000000	367.616	cc_tinlayout_fused_swin_8h_256_8_upsample_tilesync_fp8	cc_tinlayout_fused_swin_8h_256_8_upsample_tilesync_fp8
1069	1	1788728184946736128	1788728184947138560	1000000000	402.432	cc_tinlayout_fused_swin_8h_256_8_chained_fp8	cc_tinlayout_fused_swin_8h_256_8_chained_fp8
1070	1	1788728184947143680	1788728184947536896	1000000000	393.216	cc_tinlayout_fused_swin_8h_256_8_chained_fp8	cc_tinlayout_fused_swin_8h_256_8_chained_fp8
1071	1	1788728184947540992	1788728184947870720	1000000000	329.728	cc_tinlayout_fused_swin_8h_256_8_chained_fp8	cc_tinlayout_fused_swin_8h_256_8_chained_fp8
1072	1	1788728184947875840	1788728184948185088	1000000000	309.248	cc_tinlayout_fused_swin_8h_256_8_chained_fp8	cc_tinlayout_fused_swin_8h_256_8_chained_fp8
1073	1	1788728184948189184	1788728184948578304	1000000000	389.12	cc_tinlayout_fused_swin_8h_256_8_chained_fp8	cc_tinlayout_fused_swin_8h_256_8_chained_fp8
1074	1	1788728184948582400	1788728184948990976	1000000000	408.576	cc_tinlayout_fused_swin_8h_256_8_chained_fp8	cc_tinlayout_fused_swin_8h_256_8_chained_fp8
1075	1	1788728184949023744	1788728184949330944	1000000000	307.2	cc_tinlayout_fused_swin_8h_256_8_outview_wait_fp8	cc_tinlayout_fused_swin_8h_256_8_outview_wait_fp8
1076	1	1788728184949336064	1788728184949772288	1000000000	436.224	cc_tinlayout_fused_swin_4h_128_4_upsample_tilesync_fp8	cc_tinlayout_fused_swin_4h_128_4_upsample_tilesync_fp8
1077	1	1788728184949776384	1788728184950103040	1000000000	326.656	cc_tinlayout_fused_swin_4h_128_4_chained_fp8	cc_tinlayout_fused_swin_4h_128_4_chained_fp8
1078	1	1788728184950107136	1788728184950422528	1000000000	315.392	cc_tinlayout_fused_swin_4h_128_4_chained_fp8	cc_tinlayout_fused_swin_4h_128_4_chained_fp8
1079	1	1788728184950426624	1788728184950745088	1000000000	318.464	cc_tinlayout_fused_swin_4h_128_4_chained_fp8	cc_tinlayout_fused_swin_4h_128_4_chained_fp8
1080	1	1788728184950749184	1788728184951068672	1000000000	319.488	cc_tinlayout_fused_swin_4h_128_4_chained_fp8	cc_tinlayout_fused_swin_4h_128_4_chained_fp8
1081	1	1788728184951072768	1788728184951431168	1000000000	358.4	cc_tinlayout_fused_swin_4h_128_4_outview_wait_fp8	cc_tinlayout_fused_swin_4h_128_4_outview_wait_fp8
1082	1	1788728184951435264	1788728184952148992	1000000000	713.728	cc_tinlayout_fused_swin_2h_64_2_upsample_tilesync_fp8	cc_tinlayout_fused_swin_2h_64_2_upsample_tilesync_fp8
1083	1	1788728184952152064	1788728184952674304	1000000000	522.24	cc_tinlayout_fused_swin_2h_64_2_chained_fp8	cc_tinlayout_fused_swin_2h_64_2_chained_fp8
1084	1	1788728184952678400	1788728184953176064	1000000000	497.664	cc_tinlayout_fused_swin_2h_64_2_chained_fp8	cc_tinlayout_fused_swin_2h_64_2_chained_fp8
1085	1	1788728184953180160	1788728184953676800	1000000000	496.64	cc_tinlayout_fused_swin_2h_64_2_outview_wait_fp8	cc_tinlayout_fused_swin_2h_64_2_outview_wait_fp8
1086	1	1788728184953680896	1788728184954900480	1000000000	1219.58	cc_tinlayout_fused_swin_1h_32_1_upsample_tilesync_fp8	cc_tinlayout_fused_swin_1h_32_1_upsample_tilesync_fp8
1087	1	1788728184954904576	1788728184955603968	1000000000	699.392	cc_tinlayout_fused_swin_1h_32_1_chained_fp8	cc_tinlayout_fused_swin_1h_32_1_chained_fp8
1088	1	1788728184955608064	1788728184956271616	1000000000	663.552	cc_tinlayout_fused_swin_1h_32_1_chained_fp8	cc_tinlayout_fused_swin_1h_32_1_chained_fp8
1089	1	1788728184956274688	1788728184957369344	1000000000	1094.66	cc_tinlayout_fused_swin_1h_32_1_outview_wait_fp8	cc_tinlayout_fused_swin_1h_32_1_outview_wait_fp8
1090	1	1788728184957373440	1788728184961965056	1000000000	4591.62	cc_tinlayout_fused_post_block_swin_1h_32_fp8	cc_tinlayout_fused_post_block_swin_1h_32_fp8
1091	1	1788728184961969152	1788728184962004992	1000000000	35.84	cg2r_copy_kernel	cg2r_copy_kernel
1092	1	1788728185154145280	1788728185154149376	1000000000	4.096	cc_cb_clear	cc_cb_clear
1093	1	1788728185154153472	1788728185157904384	1000000000	3750.91	cc_tinlayout_fused_pre_block_swin_1h_32_1_ds_fp8	cc_tinlayout_fused_pre_block_swin_1h_32_1_ds_fp8
1094	1	1788728185157908480	1788728185159106560	1000000000	1198.08	cc_tinlayout_fused_swin_1h_32_1_inpview_tilesync_fp8	cc_tinlayout_fused_swin_1h_32_1_inpview_tilesync_fp8
1095	1	1788728185159110656	1788728185159854080	1000000000	743.424	cc_tinlayout_fused_swin_1h_32_1_chained_fp8	cc_tinlayout_fused_swin_1h_32_1_chained_fp8
1096	1	1788728185159858176	1788728185160593408	1000000000	735.232	cc_tinlayout_fused_swin_1h_32_1_chained_fp8	cc_tinlayout_fused_swin_1h_32_1_chained_fp8
1097	1	1788728185160597504	1788728185161481216	1000000000	883.712	cc_tinlayout_fused_swin_1h_32_1_ds_wait_fp8	cc_tinlayout_fused_swin_1h_32_1_ds_wait_fp8
1098	1	1788728185161485312	1788728185161984000	1000000000	498.688	cc_tinlayout_fused_swin_2h_64_2_inpview_tilesync_fp8	cc_tinlayout_fused_swin_2h_64_2_inpview_tilesync_fp8
1099	1	1788728185161988096	1788728185162515456	1000000000	527.36	cc_tinlayout_fused_swin_2h_64_2_chained_fp8	cc_tinlayout_fused_swin_2h_64_2_chained_fp8
1100	1	1788728185162519552	1788728185163009024	1000000000	489.472	cc_tinlayout_fused_swin_2h_64_2_chained_fp8	cc_tinlayout_fused_swin_2h_64_2_chained_fp8
1101	1	1788728185163013120	1788728185163532288	1000000000	519.168	cc_tinlayout_fused_swin_2h_64_2_ds_wait_fp8	cc_tinlayout_fused_swin_2h_64_2_ds_wait_fp8
1102	1	1788728185163536384	1788728185163860992	1000000000	324.608	cc_tinlayout_fused_swin_4h_128_4_inpview_tilesync_fp8	cc_tinlayout_fused_swin_4h_128_4_inpview_tilesync_fp8
1103	1	1788728185163865088	1788728185164189696	1000000000	324.608	cc_tinlayout_fused_swin_4h_128_4_chained_fp8	cc_tinlayout_fused_swin_4h_128_4_chained_fp8
1104	1	1788728185164193792	1788728185164515328	1000000000	321.536	cc_tinlayout_fused_swin_4h_128_4_chained_fp8	cc_tinlayout_fused_swin_4h_128_4_chained_fp8
1105	1	1788728185164519424	1788728185164844032	1000000000	324.608	cc_tinlayout_fused_swin_4h_128_4_chained_fp8	cc_tinlayout_fused_swin_4h_128_4_chained_fp8
1106	1	1788728185164848128	1788728185165162496	1000000000	314.368	cc_tinlayout_fused_swin_4h_128_4_chained_fp8	cc_tinlayout_fused_swin_4h_128_4_chained_fp8
1107	1	1788728185165166592	1788728185165516800	1000000000	350.208	cc_tinlayout_fused_swin_4h_128_4_ds_wait_fp8	cc_tinlayout_fused_swin_4h_128_4_ds_wait_fp8
1108	1	1788728185165521920	1788728185165851648	1000000000	329.728	cc_tinlayout_fused_swin_8h_256_8_inpview_tilesync_fp8	cc_tinlayout_fused_swin_8h_256_8_inpview_tilesync_fp8
1109	1	1788728185165856768	1788728185166268416	1000000000	411.648	cc_tinlayout_fused_swin_8h_256_8_chained_fp8	cc_tinlayout_fused_swin_8h_256_8_chained_fp8
1110	1	1788728185166272512	1788728185166667776	1000000000	395.264	cc_tinlayout_fused_swin_8h_256_8_chained_fp8	cc_tinlayout_fused_swin_8h_256_8_chained_fp8
1111	1	1788728185166671872	1788728185166990336	1000000000	318.464	cc_tinlayout_fused_swin_8h_256_8_chained_fp8	cc_tinlayout_fused_swin_8h_256_8_chained_fp8
1112	1	1788728185166994432	1788728185167320064	1000000000	325.632	cc_tinlayout_fused_swin_8h_256_8_chained_fp8	cc_tinlayout_fused_swin_8h_256_8_chained_fp8
1113	1	1788728185167324160	1788728185167711232	1000000000	387.072	cc_tinlayout_fused_swin_8h_256_8_chained_fp8	cc_tinlayout_fused_swin_8h_256_8_chained_fp8
1114	1	1788728185167715328	1788728185168106496	1000000000	391.168	cc_tinlayout_fused_swin_8h_256_8_chained_fp8	cc_tinlayout_fused_swin_8h_256_8_chained_fp8
1115	1	1788728185168110592	1788728185168447488	1000000000	336.896	cc_tinlayout_fused_swin_8h_256_8_ds_wait_fp8	cc_tinlayout_fused_swin_8h_256_8_ds_wait_fp8
1116	1	1788728185168451584	1788728185168545792	1000000000	94.208	cc_split_swin_16h_ffwd_inpview_512_tilesync_fp8	cc_split_swin_16h_ffwd_inpview_512_tilesync_fp8
1117	1	1788728185168549888	1788728185168638976	1000000000	89.088	cc_split_swin_16h_ffwd_proj_inpview_512_chained_fp8	cc_split_swin_16h_ffwd_proj_inpview_512_chained_fp8
1118	1	1788728185168643072	1788728185168729088	1000000000	86.016	cc_split_swin_16h_qkv_512_chained_fp8	cc_split_swin_16h_qkv_512_chained_fp8
1119	1	1788728185168733184	1788728185168780288	1000000000	47.104	cc_split_swin_16h_proj_512_chained_fp8	cc_split_swin_16h_proj_512_chained_fp8
1120	1	1788728185168784384	1788728185168875520	1000000000	91.136	cc_split_swin_16h_ffwd_512_chained_fp8	cc_split_swin_16h_ffwd_512_chained_fp8
1121	1	1788728185168879616	1788728185168926720	1000000000	47.104	cc_split_swin_16h_ffwd_proj_512_chained_fp8	cc_split_swin_16h_ffwd_proj_512_chained_fp8
1122	1	1788728185168930816	1788728185169039360	1000000000	108.544	cc_split_swin_16h_qkv_512_chained_fp8	cc_split_swin_16h_qkv_512_chained_fp8
1123	1	1788728185169042432	1788728185169091584	1000000000	49.152	cc_split_swin_16h_proj_512_chained_fp8	cc_split_swin_16h_proj_512_chained_fp8
1124	1	1788728185169095680	1788728185169187840	1000000000	92.16	cc_split_swin_16h_ffwd_512_chained_fp8	cc_split_swin_16h_ffwd_512_chained_fp8
1125	1	1788728185169191936	1788728185169239040	1000000000	47.104	cc_split_swin_16h_ffwd_proj_512_chained_fp8	cc_split_swin_16h_ffwd_proj_512_chained_fp8
1126	1	1788728185169243136	1788728185169352704	1000000000	109.568	cc_split_swin_16h_qkv_512_chained_fp8	cc_split_swin_16h_qkv_512_chained_fp8
1127	1	1788728185169356800	1788728185169405952	1000000000	49.152	cc_split_swin_16h_proj_512_chained_fp8	cc_split_swin_16h_proj_512_chained_fp8
1128	1	1788728185169410048	1788728185169502208	1000000000	92.16	cc_split_swin_16h_ffwd_512_chained_fp8	cc_split_swin_16h_ffwd_512_chained_fp8
1129	1	1788728185169510400	1788728185169558528	1000000000	48.128	cc_split_swin_16h_ffwd_proj_512_chained_fp8	cc_split_swin_16h_ffwd_proj_512_chained_fp8
1130	1	1788728185169562624	1788728185169669120	1000000000	106.496	cc_split_swin_16h_qkv_512_chained_fp8	cc_split_swin_16h_qkv_512_chained_fp8
1131	1	1788728185169673216	1788728185169720320	1000000000	47.104	cc_split_swin_16h_proj_512_chained_fp8	cc_split_swin_16h_proj_512_chained_fp8
1132	1	1788728185169724416	1788728185169816576	1000000000	92.16	cc_split_swin_16h_ffwd_512_chained_fp8	cc_split_swin_16h_ffwd_512_chained_fp8
1133	1	1788728185169820672	1788728185169868800	1000000000	48.128	cc_split_swin_16h_ffwd_proj_512_chained_fp8	cc_split_swin_16h_ffwd_proj_512_chained_fp8
1134	1	1788728185169872896	1788728185169958912	1000000000	86.016	cc_split_swin_16h_qkv_512_chained_fp8	cc_split_swin_16h_qkv_512_chained_fp8
1135	1	1788728185169963008	1788728185170010112	1000000000	47.104	cc_split_swin_16h_proj_512_chained_fp8	cc_split_swin_16h_proj_512_chained_fp8
1136	1	1788728185170014208	1788728185170106368	1000000000	92.16	cc_split_swin_16h_ffwd_512_chained_fp8	cc_split_swin_16h_ffwd_512_chained_fp8
1137	1	1788728185170110464	1788728185170158592	1000000000	48.128	cc_split_swin_16h_ffwd_proj_512_chained_fp8	cc_split_swin_16h_ffwd_proj_512_chained_fp8
1138	1	1788728185170162688	1788728185170271232	1000000000	108.544	cc_split_swin_16h_qkv_512_chained_fp8	cc_split_swin_16h_qkv_512_chained_fp8
1139	1	1788728185170277376	1788728185170326528	1000000000	49.152	cc_split_swin_16h_proj_512_chained_fp8	cc_split_swin_16h_proj_512_chained_fp8
1140	1	1788728185170330624	1788728185170422784	1000000000	92.16	cc_split_swin_16h_ffwd_512_chained_fp8	cc_split_swin_16h_ffwd_512_chained_fp8
1141	1	1788728185170425856	1788728185170475008	1000000000	49.152	cc_split_swin_16h_ffwd_proj_512_chained_fp8	cc_split_swin_16h_ffwd_proj_512_chained_fp8
1142	1	1788728185170486272	1788728185170592768	1000000000	106.496	cc_split_swin_16h_qkv_512_chained_fp8	cc_split_swin_16h_qkv_512_chained_fp8
1143	1	1788728185170596864	1788728185170952192	1000000000	355.328	cc_split_swin_16h_proj_512_chained_fp8	cc_split_swin_16h_proj_512_chained_fp8
1144	1	1788728185170960384	1788728185171052544	1000000000	92.16	cc_split_swin_16h_ffwd_512_chained_fp8	cc_split_swin_16h_ffwd_512_chained_fp8
1145	1	1788728185171056640	1788728185171104768	1000000000	48.128	cc_split_swin_16h_ffwd_proj_512_chained_fp8	cc_split_swin_16h_ffwd_proj_512_chained_fp8
1146	1	1788728185171108864	1788728185171215360	1000000000	106.496	cc_split_swin_16h_qkv_512_chained_fp8	cc_split_swin_16h_qkv_512_chained_fp8
1147	1	1788728185171218432	1788728185171260416	1000000000	41.984	cc_split_swin_16h_proj_pool_512_chained_fp8	cc_split_swin_16h_proj_pool_512_chained_fp8
1148	1	1788728185171264512	1788728185171294208	1000000000	29.696	cc_split_swin_16h_final_head_512_wait_fp8	cc_split_swin_16h_final_head_512_wait_fp8
1149	1	1788728185171298304	1788728185171305472	1000000000	7.168	cc_vit_1d_repack_2d_to_1d_fp8	cc_vit_1d_repack_2d_to_1d_fp8
1150	1	1788728185171309568	1788728185171853312	1000000000	543.744	cc_vit_1d_ffn_expand_publish_fp8	cc_vit_1d_ffn_expand_publish_fp8
1151	1	1788728185171858432	1788728185171976192	1000000000	117.76	cc_vit_1d_ffn_contract_chained_fp8	cc_vit_1d_ffn_contract_chained_fp8
1152	1	1788728185171980288	1788728185172079616	1000000000	99.328	cc_vit_1d_qkv_chained_fp8	cc_vit_1d_qkv_chained_fp8
1153	1	1788728185172083712	1788728185172182016	1000000000	98.304	cc_vit_1d_attention_chained_fp8	cc_vit_1d_attention_chained_fp8
1154	1	1788728185172186112	1788728185172533248	1000000000	347.136	cc_vit_1d_projection_chained_fp8	cc_vit_1d_projection_chained_fp8
1155	1	1788728185172538368	1788728185172694016	1000000000	155.648	cc_vit_1d_ffn_expand_chained_fp8	cc_vit_1d_ffn_expand_chained_fp8
1156	1	1788728185172698112	1788728185172815872	1000000000	117.76	cc_vit_1d_ffn_contract_chained_fp8	cc_vit_1d_ffn_contract_chained_fp8
1157	1	1788728185172819968	1788728185172919296	1000000000	99.328	cc_vit_1d_qkv_chained_fp8	cc_vit_1d_qkv_chained_fp8
1158	1	1788728185172923392	1788728185173021696	1000000000	98.304	cc_vit_1d_attention_chained_fp8	cc_vit_1d_attention_chained_fp8
1159	1	1788728185173024768	1788728185173071872	1000000000	47.104	cc_vit_1d_projection_chained_fp8	cc_vit_1d_projection_chained_fp8
1160	1	1788728185173075968	1788728185173230592	1000000000	154.624	cc_vit_1d_ffn_expand_chained_fp8	cc_vit_1d_ffn_expand_chained_fp8
1161	1	1788728185173234688	1788728185173351424	1000000000	116.736	cc_vit_1d_ffn_contract_chained_fp8	cc_vit_1d_ffn_contract_chained_fp8
1162	1	1788728185173355520	1788728185173453824	1000000000	98.304	cc_vit_1d_qkv_chained_fp8	cc_vit_1d_qkv_chained_fp8
1163	1	1788728185173457920	1788728185173556224	1000000000	98.304	cc_vit_1d_attention_chained_fp8	cc_vit_1d_attention_chained_fp8
1164	1	1788728185173560320	1788728185173608448	1000000000	48.128	cc_vit_1d_projection_chained_fp8	cc_vit_1d_projection_chained_fp8
1165	1	1788728185173613568	1788728185173766144	1000000000	152.576	cc_vit_1d_ffn_expand_chained_fp8	cc_vit_1d_ffn_expand_chained_fp8
1166	1	1788728185173770240	1788728185173886976	1000000000	116.736	cc_vit_1d_ffn_contract_chained_fp8	cc_vit_1d_ffn_contract_chained_fp8
1167	1	1788728185173891072	1788728185173989376	1000000000	98.304	cc_vit_1d_qkv_chained_fp8	cc_vit_1d_qkv_chained_fp8
1168	1	1788728185173993472	1788728185174091776	1000000000	98.304	cc_vit_1d_attention_chained_fp8	cc_vit_1d_attention_chained_fp8
1169	1	1788728185174095872	1788728185174142976	1000000000	47.104	cc_vit_1d_projection_chained_fp8	cc_vit_1d_projection_chained_fp8
1170	1	1788728185174147072	1788728185174303744	1000000000	156.672	cc_vit_1d_ffn_expand_chained_fp8	cc_vit_1d_ffn_expand_chained_fp8
1171	1	1788728185174307840	1788728185174424576	1000000000	116.736	cc_vit_1d_ffn_contract_chained_fp8	cc_vit_1d_ffn_contract_chained_fp8
1172	1	1788728185174428672	1788728185174529024	1000000000	100.352	cc_vit_1d_qkv_chained_fp8	cc_vit_1d_qkv_chained_fp8
1173	1	1788728185174533120	1788728185174630400	1000000000	97.28	cc_vit_1d_attention_chained_fp8	cc_vit_1d_attention_chained_fp8
1174	1	1788728185174634496	1788728185174681600	1000000000	47.104	cc_vit_1d_projection_chained_fp8	cc_vit_1d_projection_chained_fp8
1175	1	1788728185174684672	1788728185174838272	1000000000	153.6	cc_vit_1d_ffn_expand_chained_fp8	cc_vit_1d_ffn_expand_chained_fp8
1176	1	1788728185174842368	1788728185174959104	1000000000	116.736	cc_vit_1d_ffn_contract_chained_fp8	cc_vit_1d_ffn_contract_chained_fp8
1177	1	1788728185174963200	1788728185175063552	1000000000	100.352	cc_vit_1d_qkv_chained_fp8	cc_vit_1d_qkv_chained_fp8
1178	1	1788728185175067648	1788728185175164928	1000000000	97.28	cc_vit_1d_attention_chained_fp8	cc_vit_1d_attention_chained_fp8
1179	1	1788728185175169024	1788728185175216128	1000000000	47.104	cc_vit_1d_projection_chained_fp8	cc_vit_1d_projection_chained_fp8
1180	1	1788728185175220224	1788728185175374848	1000000000	154.624	cc_vit_1d_ffn_expand_chained_fp8	cc_vit_1d_ffn_expand_chained_fp8
1181	1	1788728185175378944	1788728185175495680	1000000000	116.736	cc_vit_1d_ffn_contract_chained_fp8	cc_vit_1d_ffn_contract_chained_fp8
1182	1	1788728185175499776	1788728185175599104	1000000000	99.328	cc_vit_1d_qkv_chained_fp8	cc_vit_1d_qkv_chained_fp8
1183	1	1788728185175603200	1788728185175700480	1000000000	97.28	cc_vit_1d_attention_chained_fp8	cc_vit_1d_attention_chained_fp8
1184	1	1788728185175704576	1788728185175753728	1000000000	49.152	cc_vit_1d_projection_chained_fp8	cc_vit_1d_projection_chained_fp8
1185	1	1788728185175757824	1788728185175912448	1000000000	154.624	cc_vit_1d_ffn_expand_chained_fp8	cc_vit_1d_ffn_expand_chained_fp8
1186	1	1788728185175916544	1788728185176034304	1000000000	117.76	cc_vit_1d_ffn_contract_chained_fp8	cc_vit_1d_ffn_contract_chained_fp8
1187	1	1788728185176039424	1788728185176137728	1000000000	98.304	cc_vit_1d_qkv_chained_fp8	cc_vit_1d_qkv_chained_fp8
1188	1	1788728185176142848	1788728185176240128	1000000000	97.28	cc_vit_1d_attention_chained_fp8	cc_vit_1d_attention_chained_fp8
1189	1	1788728185176244224	1788728185176291328	1000000000	47.104	cc_vit_1d_projection_wait_fp8	cc_vit_1d_projection_wait_fp8
1190	1	1788728185176295424	1788728185176302592	1000000000	7.168	cc_vit_1d_repack_1d_to_2d_fp8	cc_vit_1d_repack_1d_to_2d_fp8
1191	1	1788728185176306688	1788728185176344576	1000000000	37.888	cc_dec_input_upsample_1024_512_tilesync_fp8	cc_dec_input_upsample_1024_512_tilesync_fp8
1192	1	1788728185176348672	1788728185176440832	1000000000	92.16	cc_split_swin_16h_ffwd_512_chained_fp8	cc_split_swin_16h_ffwd_512_chained_fp8
1193	1	1788728185176444928	1788728185176493056	1000000000	48.128	cc_split_swin_16h_ffwd_proj_512_chained_fp8	cc_split_swin_16h_ffwd_proj_512_chained_fp8
1194	1	1788728185176497152	1788728185176584192	1000000000	87.04	cc_split_swin_16h_qkv_512_chained_fp8	cc_split_swin_16h_qkv_512_chained_fp8
1195	1	1788728185176588288	1788728185176635392	1000000000	47.104	cc_split_swin_16h_proj_512_chained_fp8	cc_split_swin_16h_proj_512_chained_fp8
1196	1	1788728185176639488	1788728185176730624	1000000000	91.136	cc_split_swin_16h_ffwd_512_chained_fp8	cc_split_swin_16h_ffwd_512_chained_fp8
1197	1	1788728185176734720	1788728185176781824	1000000000	47.104	cc_split_swin_16h_ffwd_proj_512_chained_fp8	cc_split_swin_16h_ffwd_proj_512_chained_fp8
1198	1	1788728185176785920	1788728185176893440	1000000000	107.52	cc_split_swin_16h_qkv_512_chained_fp8	cc_split_swin_16h_qkv_512_chained_fp8
1199	1	1788728185176897536	1788728185176946688	1000000000	49.152	cc_split_swin_16h_proj_512_chained_fp8	cc_split_swin_16h_proj_512_chained_fp8
1200	1	1788728185176950784	1788728185177041920	1000000000	91.136	cc_split_swin_16h_ffwd_512_chained_fp8	cc_split_swin_16h_ffwd_512_chained_fp8
1201	1	1788728185177044992	1788728185177093120	1000000000	48.128	cc_split_swin_16h_ffwd_proj_512_chained_fp8	cc_split_swin_16h_ffwd_proj_512_chained_fp8
1202	1	1788728185177097216	1788728185177205760	1000000000	108.544	cc_split_swin_16h_qkv_512_chained_fp8	cc_split_swin_16h_qkv_512_chained_fp8
1203	1	1788728185177209856	1788728185177257984	1000000000	48.128	cc_split_swin_16h_proj_512_chained_fp8	cc_split_swin_16h_proj_512_chained_fp8
1204	1	1788728185177262080	1788728185177353216	1000000000	91.136	cc_split_swin_16h_ffwd_512_chained_fp8	cc_split_swin_16h_ffwd_512_chained_fp8
1205	1	1788728185177357312	1788728185177404416	1000000000	47.104	cc_split_swin_16h_ffwd_proj_512_chained_fp8	cc_split_swin_16h_ffwd_proj_512_chained_fp8
1206	1	1788728185177408512	1788728185177516032	1000000000	107.52	cc_split_swin_16h_qkv_512_chained_fp8	cc_split_swin_16h_qkv_512_chained_fp8
1207	1	1788728185177519104	1788728185177566208	1000000000	47.104	cc_split_swin_16h_proj_512_chained_fp8	cc_split_swin_16h_proj_512_chained_fp8
1208	1	1788728185177570304	1788728185177661440	1000000000	91.136	cc_split_swin_16h_ffwd_512_chained_fp8	cc_split_swin_16h_ffwd_512_chained_fp8
1209	1	1788728185177665536	1788728185177713664	1000000000	48.128	cc_split_swin_16h_ffwd_proj_512_chained_fp8	cc_split_swin_16h_ffwd_proj_512_chained_fp8
1210	1	1788728185177717760	1788728185177803776	1000000000	86.016	cc_split_swin_16h_qkv_512_chained_fp8	cc_split_swin_16h_qkv_512_chained_fp8
1211	1	1788728185177807872	1788728185177854976	1000000000	47.104	cc_split_swin_16h_proj_512_chained_fp8	cc_split_swin_16h_proj_512_chained_fp8
1212	1	1788728185177859072	1788728185177951232	1000000000	92.16	cc_split_swin_16h_ffwd_512_chained_fp8	cc_split_swin_16h_ffwd_512_chained_fp8
1213	1	1788728185177955328	1788728185178002432	1000000000	47.104	cc_split_swin_16h_ffwd_proj_512_chained_fp8	cc_split_swin_16h_ffwd_proj_512_chained_fp8
1214	1	1788728185178006528	1788728185178116096	1000000000	109.568	cc_split_swin_16h_qkv_512_chained_fp8	cc_split_swin_16h_qkv_512_chained_fp8
1215	1	1788728185178120192	1788728185178169344	1000000000	49.152	cc_split_swin_16h_proj_512_chained_fp8	cc_split_swin_16h_proj_512_chained_fp8
1216	1	1788728185178173440	1788728185178265600	1000000000	92.16	cc_split_swin_16h_ffwd_512_chained_fp8	cc_split_swin_16h_ffwd_512_chained_fp8
1217	1	1788728185178269696	1788728185178317824	1000000000	48.128	cc_split_swin_16h_ffwd_proj_512_chained_fp8	cc_split_swin_16h_ffwd_proj_512_chained_fp8
1218	1	1788728185178321920	1788728185178430464	1000000000	108.544	cc_split_swin_16h_qkv_512_chained_fp8	cc_split_swin_16h_qkv_512_chained_fp8
1219	1	1788728185178434560	1788728185178483712	1000000000	49.152	cc_split_swin_16h_proj_512_chained_fp8	cc_split_swin_16h_proj_512_chained_fp8
1220	1	1788728185178487808	1788728185178579968	1000000000	92.16	cc_split_swin_16h_ffwd_512_chained_fp8	cc_split_swin_16h_ffwd_512_chained_fp8
1221	1	1788728185178584064	1788728185178632192	1000000000	48.128	cc_split_swin_16h_ffwd_proj_512_chained_fp8	cc_split_swin_16h_ffwd_proj_512_chained_fp8
1222	1	1788728185178636288	1788728185178743808	1000000000	107.52	cc_split_swin_16h_qkv_512_chained_fp8	cc_split_swin_16h_qkv_512_chained_fp8
1223	1	1788728185178747904	1788728185178846208	1000000000	98.304	cc_split_swin_16h_proj_512_outview_wait_fp8	cc_split_swin_16h_proj_512_outview_wait_fp8
1224	1	1788728185178850304	1788728185179218944	1000000000	368.64	cc_tinlayout_fused_swin_8h_256_8_upsample_tilesync_fp8	cc_tinlayout_fused_swin_8h_256_8_upsample_tilesync_fp8
1225	1	1788728185179223040	1788728185179629568	1000000000	406.528	cc_tinlayout_fused_swin_8h_256_8_chained_fp8	cc_tinlayout_fused_swin_8h_256_8_chained_fp8
1226	1	1788728185179633664	1788728185180025856	1000000000	392.192	cc_tinlayout_fused_swin_8h_256_8_chained_fp8	cc_tinlayout_fused_swin_8h_256_8_chained_fp8
1227	1	1788728185180029952	1788728185180361728	1000000000	331.776	cc_tinlayout_fused_swin_8h_256_8_chained_fp8	cc_tinlayout_fused_swin_8h_256_8_chained_fp8
1228	1	1788728185180369920	1788728185180676096	1000000000	306.176	cc_tinlayout_fused_swin_8h_256_8_chained_fp8	cc_tinlayout_fused_swin_8h_256_8_chained_fp8
1229	1	1788728185180680192	1788728185181071360	1000000000	391.168	cc_tinlayout_fused_swin_8h_256_8_chained_fp8	cc_tinlayout_fused_swin_8h_256_8_chained_fp8
1230	1	1788728185181075456	1788728185181487104	1000000000	411.648	cc_tinlayout_fused_swin_8h_256_8_chained_fp8	cc_tinlayout_fused_swin_8h_256_8_chained_fp8
1231	1	1788728185181491200	1788728185181798400	1000000000	307.2	cc_tinlayout_fused_swin_8h_256_8_outview_wait_fp8	cc_tinlayout_fused_swin_8h_256_8_outview_wait_fp8
1232	1	1788728185181802496	1788728185182234624	1000000000	432.128	cc_tinlayout_fused_swin_4h_128_4_upsample_tilesync_fp8	cc_tinlayout_fused_swin_4h_128_4_upsample_tilesync_fp8
1233	1	1788728185182238720	1788728185182567424	1000000000	328.704	cc_tinlayout_fused_swin_4h_128_4_chained_fp8	cc_tinlayout_fused_swin_4h_128_4_chained_fp8
1234	1	1788728185182571520	1788728185182884864	1000000000	313.344	cc_tinlayout_fused_swin_4h_128_4_chained_fp8	cc_tinlayout_fused_swin_4h_128_4_chained_fp8
1235	1	1788728185182888960	1788728185183210496	1000000000	321.536	cc_tinlayout_fused_swin_4h_128_4_chained_fp8	cc_tinlayout_fused_swin_4h_128_4_chained_fp8
1236	1	1788728185183214592	1788728185183532032	1000000000	317.44	cc_tinlayout_fused_swin_4h_128_4_chained_fp8	cc_tinlayout_fused_swin_4h_128_4_chained_fp8
1237	1	1788728185183536128	1788728185183899648	1000000000	363.52	cc_tinlayout_fused_swin_4h_128_4_outview_wait_fp8	cc_tinlayout_fused_swin_4h_128_4_outview_wait_fp8
1238	1	1788728185183903744	1788728185184616448	1000000000	712.704	cc_tinlayout_fused_swin_2h_64_2_upsample_tilesync_fp8	cc_tinlayout_fused_swin_2h_64_2_upsample_tilesync_fp8
1239	1	1788728185184620544	1788728185185145856	1000000000	525.312	cc_tinlayout_fused_swin_2h_64_2_chained_fp8	cc_tinlayout_fused_swin_2h_64_2_chained_fp8
1240	1	1788728185185149952	1788728185185640448	1000000000	490.496	cc_tinlayout_fused_swin_2h_64_2_chained_fp8	cc_tinlayout_fused_swin_2h_64_2_chained_fp8
1241	1	1788728185185644544	1788728185186137088	1000000000	492.544	cc_tinlayout_fused_swin_2h_64_2_outview_wait_fp8	cc_tinlayout_fused_swin_2h_64_2_outview_wait_fp8
1242	1	1788728185186141184	1788728185187360768	1000000000	1219.58	cc_tinlayout_fused_swin_1h_32_1_upsample_tilesync_fp8	cc_tinlayout_fused_swin_1h_32_1_upsample_tilesync_fp8
1243	1	1788728185187364864	1788728185188067328	1000000000	702.464	cc_tinlayout_fused_swin_1h_32_1_chained_fp8	cc_tinlayout_fused_swin_1h_32_1_chained_fp8
1244	1	1788728185188070400	1788728185188727808	1000000000	657.408	cc_tinlayout_fused_swin_1h_32_1_chained_fp8	cc_tinlayout_fused_swin_1h_32_1_chained_fp8
1245	1	1788728185188731904	1788728185189830656	1000000000	1098.75	cc_tinlayout_fused_swin_1h_32_1_outview_wait_fp8	cc_tinlayout_fused_swin_1h_32_1_outview_wait_fp8
1246	1	1788728185189834752	1788728185194425344	1000000000	4590.59	cc_tinlayout_fused_post_block_swin_1h_32_fp8	cc_tinlayout_fused_post_block_swin_1h_32_fp8
1247	1	1788728185194429440	1788728185194464256	1000000000	34.816	cg2r_copy_kernel	cg2r_copy_kernel
1248	1	1788728185394741248	1788728185394748416	1000000000	7.168	cc_cb_clear	cc_cb_clear
1249	1	1788728185394755584	1788728185399401472	1000000000	4645.89	cc_tinlayout_fused_pre_block_swin_1h_32_1_ds_fp8	cc_tinlayout_fused_pre_block_swin_1h_32_1_ds_fp8
1250	1	1788728185399407616	1788728185400617984	1000000000	1210.37	cc_tinlayout_fused_swin_1h_32_1_inpview_tilesync_fp8	cc_tinlayout_fused_swin_1h_32_1_inpview_tilesync_fp8
1251	1	1788728185400624128	1788728185401807872	1000000000	1183.74	cc_tinlayout_fused_swin_1h_32_1_chained_fp8	cc_tinlayout_fused_swin_1h_32_1_chained_fp8
1252	1	1788728185401812992	1788728185402974208	1000000000	1161.22	cc_tinlayout_fused_swin_1h_32_1_chained_fp8	cc_tinlayout_fused_swin_1h_32_1_chained_fp8
1253	1	1788728185402980352	1788728185405636608	1000000000	2656.26	cc_tinlayout_fused_swin_1h_32_1_ds_wait_fp8	cc_tinlayout_fused_swin_1h_32_1_ds_wait_fp8
1254	1	1788728185405649920	1788728185406420992	1000000000	771.072	cc_tinlayout_fused_swin_2h_64_2_inpview_tilesync_fp8	cc_tinlayout_fused_swin_2h_64_2_inpview_tilesync_fp8
1255	1	1788728185406427136	1788728185407238144	1000000000	811.008	cc_tinlayout_fused_swin_2h_64_2_chained_fp8	cc_tinlayout_fused_swin_2h_64_2_chained_fp8
1256	1	1788728185407244288	1788728185408000000	1000000000	755.712	cc_tinlayout_fused_swin_2h_64_2_chained_fp8	cc_tinlayout_fused_swin_2h_64_2_chained_fp8
1257	1	1788728185408006144	1788728185408816128	1000000000	809.984	cc_tinlayout_fused_swin_2h_64_2_ds_wait_fp8	cc_tinlayout_fused_swin_2h_64_2_ds_wait_fp8
1258	1	1788728185408821248	1788728185409318912	1000000000	497.664	cc_tinlayout_fused_swin_4h_128_4_inpview_tilesync_fp8	cc_tinlayout_fused_swin_4h_128_4_inpview_tilesync_fp8
1259	1	1788728185409325056	1788728185409831936	1000000000	506.88	cc_tinlayout_fused_swin_4h_128_4_chained_fp8	cc_tinlayout_fused_swin_4h_128_4_chained_fp8
1260	1	1788728185409838080	1788728185410333696	1000000000	495.616	cc_tinlayout_fused_swin_4h_128_4_chained_fp8	cc_tinlayout_fused_swin_4h_128_4_chained_fp8
1261	1	1788728185410339840	1788728185410840576	1000000000	500.736	cc_tinlayout_fused_swin_4h_128_4_chained_fp8	cc_tinlayout_fused_swin_4h_128_4_chained_fp8
1262	1	1788728185410846720	1788728185411332096	1000000000	485.376	cc_tinlayout_fused_swin_4h_128_4_chained_fp8	cc_tinlayout_fused_swin_4h_128_4_chained_fp8
1263	1	1788728185411338240	1788728185411892224	1000000000	553.984	cc_tinlayout_fused_swin_4h_128_4_ds_wait_fp8	cc_tinlayout_fused_swin_4h_128_4_ds_wait_fp8
1264	1	1788728185411898368	1788728185412417536	1000000000	519.168	cc_tinlayout_fused_swin_8h_256_8_inpview_tilesync_fp8	cc_tinlayout_fused_swin_8h_256_8_inpview_tilesync_fp8
1265	1	1788728185412423680	1788728185413066752	1000000000	643.072	cc_tinlayout_fused_swin_8h_256_8_chained_fp8	cc_tinlayout_fused_swin_8h_256_8_chained_fp8
1266	1	1788728185413072896	1788728185413691392	1000000000	618.496	cc_tinlayout_fused_swin_8h_256_8_chained_fp8	cc_tinlayout_fused_swin_8h_256_8_chained_fp8
1267	1	1788728185413697536	1788728185414194176	1000000000	496.64	cc_tinlayout_fused_swin_8h_256_8_chained_fp8	cc_tinlayout_fused_swin_8h_256_8_chained_fp8
1268	1	1788728185414199296	1788728185414709248	1000000000	509.952	cc_tinlayout_fused_swin_8h_256_8_chained_fp8	cc_tinlayout_fused_swin_8h_256_8_chained_fp8
1269	1	1788728185414715392	1788728185415315456	1000000000	600.064	cc_tinlayout_fused_swin_8h_256_8_chained_fp8	cc_tinlayout_fused_swin_8h_256_8_chained_fp8
1270	1	1788728185415321600	1788728185415932928	1000000000	611.328	cc_tinlayout_fused_swin_8h_256_8_chained_fp8	cc_tinlayout_fused_swin_8h_256_8_chained_fp8
1271	1	1788728185415939072	1788728185416463360	1000000000	524.288	cc_tinlayout_fused_swin_8h_256_8_ds_wait_fp8	cc_tinlayout_fused_swin_8h_256_8_ds_wait_fp8
1272	1	1788728185416469504	1788728185416613888	1000000000	144.384	cc_split_swin_16h_ffwd_inpview_512_tilesync_fp8	cc_split_swin_16h_ffwd_inpview_512_tilesync_fp8
1273	1	1788728185416620032	1788728185416786944	1000000000	166.912	cc_split_swin_16h_ffwd_proj_inpview_512_chained_fp8	cc_split_swin_16h_ffwd_proj_inpview_512_chained_fp8
1274	1	1788728185416793088	1788728185416927232	1000000000	134.144	cc_split_swin_16h_qkv_512_chained_fp8	cc_split_swin_16h_qkv_512_chained_fp8
1275	1	1788728185416933376	1788728185417006080	1000000000	72.704	cc_split_swin_16h_proj_512_chained_fp8	cc_split_swin_16h_proj_512_chained_fp8
1276	1	1788728185417012224	1788728185417152512	1000000000	140.288	cc_split_swin_16h_ffwd_512_chained_fp8	cc_split_swin_16h_ffwd_512_chained_fp8
1277	1	1788728185417157632	1788728185417233408	1000000000	75.776	cc_split_swin_16h_ffwd_proj_512_chained_fp8	cc_split_swin_16h_ffwd_proj_512_chained_fp8
1278	1	1788728185417239552	1788728185417408512	1000000000	168.96	cc_split_swin_16h_qkv_512_chained_fp8	cc_split_swin_16h_qkv_512_chained_fp8
1279	1	1788728185417413632	1788728185417488384	1000000000	74.752	cc_split_swin_16h_proj_512_chained_fp8	cc_split_swin_16h_proj_512_chained_fp8
1280	1	1788728185417494528	1788728185417634816	1000000000	140.288	cc_split_swin_16h_ffwd_512_chained_fp8	cc_split_swin_16h_ffwd_512_chained_fp8
1281	1	1788728185417640960	1788728185417714688	1000000000	73.728	cc_split_swin_16h_ffwd_proj_512_chained_fp8	cc_split_swin_16h_ffwd_proj_512_chained_fp8
1282	1	1788728185417720832	1788728185417888768	1000000000	167.936	cc_split_swin_16h_qkv_512_chained_fp8	cc_split_swin_16h_qkv_512_chained_fp8
1283	1	1788728185417894912	1788728185417969664	1000000000	74.752	cc_split_swin_16h_proj_512_chained_fp8	cc_split_swin_16h_proj_512_chained_fp8
1284	1	1788728185417975808	1788728185418116096	1000000000	140.288	cc_split_swin_16h_ffwd_512_chained_fp8	cc_split_swin_16h_ffwd_512_chained_fp8
1285	1	1788728185418121216	1788728185418196992	1000000000	75.776	cc_split_swin_16h_ffwd_proj_512_chained_fp8	cc_split_swin_16h_ffwd_proj_512_chained_fp8
1286	1	1788728185418203136	1788728185418369024	1000000000	165.888	cc_split_swin_16h_qkv_512_chained_fp8	cc_split_swin_16h_qkv_512_chained_fp8
1287	1	1788728185418374144	1788728185418446848	1000000000	72.704	cc_split_swin_16h_proj_512_chained_fp8	cc_split_swin_16h_proj_512_chained_fp8
1288	1	1788728185418451968	1788728185418592256	1000000000	140.288	cc_split_swin_16h_ffwd_512_chained_fp8	cc_split_swin_16h_ffwd_512_chained_fp8
1289	1	1788728185418597376	1788728185418672128	1000000000	74.752	cc_split_swin_16h_ffwd_proj_512_chained_fp8	cc_split_swin_16h_ffwd_proj_512_chained_fp8
1290	1	1788728185418678272	1788728185418809344	1000000000	131.072	cc_split_swin_16h_qkv_512_chained_fp8	cc_split_swin_16h_qkv_512_chained_fp8
1291	1	1788728185418815488	1788728185418887168	1000000000	71.68	cc_split_swin_16h_proj_512_chained_fp8	cc_split_swin_16h_proj_512_chained_fp8
1292	1	1788728185418893312	1788728185419033600	1000000000	140.288	cc_split_swin_16h_ffwd_512_chained_fp8	cc_split_swin_16h_ffwd_512_chained_fp8
1293	1	1788728185419038720	1788728185419115520	1000000000	76.8	cc_split_swin_16h_ffwd_proj_512_chained_fp8	cc_split_swin_16h_ffwd_proj_512_chained_fp8
1294	1	1788728185419121664	1788728185419288576	1000000000	166.912	cc_split_swin_16h_qkv_512_chained_fp8	cc_split_swin_16h_qkv_512_chained_fp8
1295	1	1788728185419294720	1788728185419369472	1000000000	74.752	cc_split_swin_16h_proj_512_chained_fp8	cc_split_swin_16h_proj_512_chained_fp8
1296	1	1788728185419375616	1788728185419515904	1000000000	140.288	cc_split_swin_16h_ffwd_512_chained_fp8	cc_split_swin_16h_ffwd_512_chained_fp8
1297	1	1788728185419521024	1788728185419596800	1000000000	75.776	cc_split_swin_16h_ffwd_proj_512_chained_fp8	cc_split_swin_16h_ffwd_proj_512_chained_fp8
1298	1	1788728185419602944	1788728185419770880	1000000000	167.936	cc_split_swin_16h_qkv_512_chained_fp8	cc_split_swin_16h_qkv_512_chained_fp8
1299	1	1788728185419779072	1788728185419853824	1000000000	74.752	cc_split_swin_16h_proj_512_chained_fp8	cc_split_swin_16h_proj_512_chained_fp8
1300	1	1788728185419858944	1788728185419999232	1000000000	140.288	cc_split_swin_16h_ffwd_512_chained_fp8	cc_split_swin_16h_ffwd_512_chained_fp8
1301	1	1788728185420004352	1788728185420080128	1000000000	75.776	cc_split_swin_16h_ffwd_proj_512_chained_fp8	cc_split_swin_16h_ffwd_proj_512_chained_fp8
1302	1	1788728185420086272	1788728185420251136	1000000000	164.864	cc_split_swin_16h_qkv_512_chained_fp8	cc_split_swin_16h_qkv_512_chained_fp8
1303	1	1788728185420257280	1788728185420319744	1000000000	62.464	cc_split_swin_16h_proj_pool_512_chained_fp8	cc_split_swin_16h_proj_pool_512_chained_fp8
1304	1	1788728185420326912	1788728185420371968	1000000000	45.056	cc_split_swin_16h_final_head_512_wait_fp8	cc_split_swin_16h_final_head_512_wait_fp8
1305	1	1788728185420377088	1788728185420389376	1000000000	12.288	cc_vit_1d_repack_2d_to_1d_fp8	cc_vit_1d_repack_2d_to_1d_fp8
1306	1	1788728185420394496	1788728185420707840	1000000000	313.344	cc_vit_1d_ffn_expand_publish_fp8	cc_vit_1d_ffn_expand_publish_fp8
1307	1	1788728185420713984	1788728185420895232	1000000000	181.248	cc_vit_1d_ffn_contract_chained_fp8	cc_vit_1d_ffn_contract_chained_fp8
1308	1	1788728185420901376	1788728185421056000	1000000000	154.624	cc_vit_1d_qkv_chained_fp8	cc_vit_1d_qkv_chained_fp8
1309	1	1788728185421062144	1788728185421211648	1000000000	149.504	cc_vit_1d_attention_chained_fp8	cc_vit_1d_attention_chained_fp8
1310	1	1788728185421217792	1788728185421290496	1000000000	72.704	cc_vit_1d_projection_chained_fp8	cc_vit_1d_projection_chained_fp8
1311	1	1788728185421296640	1788728185421561856	1000000000	265.216	cc_vit_1d_ffn_expand_chained_fp8	cc_vit_1d_ffn_expand_chained_fp8
1312	1	1788728185421569024	1788728185421749248	1000000000	180.224	cc_vit_1d_ffn_contract_chained_fp8	cc_vit_1d_ffn_contract_chained_fp8
1313	1	1788728185421755392	1788728185421907968	1000000000	152.576	cc_vit_1d_qkv_chained_fp8	cc_vit_1d_qkv_chained_fp8
1314	1	1788728185421914112	1788728185422064640	1000000000	150.528	cc_vit_1d_attention_chained_fp8	cc_vit_1d_attention_chained_fp8
1315	1	1788728185422069760	1788728185422142464	1000000000	72.704	cc_vit_1d_projection_chained_fp8	cc_vit_1d_projection_chained_fp8
1316	1	1788728185422147584	1788728185422407680	1000000000	260.096	cc_vit_1d_ffn_expand_chained_fp8	cc_vit_1d_ffn_expand_chained_fp8
1317	1	1788728185422413824	1788728185422594048	1000000000	180.224	cc_vit_1d_ffn_contract_chained_fp8	cc_vit_1d_ffn_contract_chained_fp8
1318	1	1788728185422600192	1788728185422752768	1000000000	152.576	cc_vit_1d_qkv_chained_fp8	cc_vit_1d_qkv_chained_fp8
1319	1	1788728185422758912	1788728185422909440	1000000000	150.528	cc_vit_1d_attention_chained_fp8	cc_vit_1d_attention_chained_fp8
1320	1	1788728185422915584	1788728185422989312	1000000000	73.728	cc_vit_1d_projection_chained_fp8	cc_vit_1d_projection_chained_fp8
1321	1	1788728185422995456	1788728185423254528	1000000000	259.072	cc_vit_1d_ffn_expand_chained_fp8	cc_vit_1d_ffn_expand_chained_fp8
1322	1	1788728185423260672	1788728185423438848	1000000000	178.176	cc_vit_1d_ffn_contract_chained_fp8	cc_vit_1d_ffn_contract_chained_fp8
1323	1	1788728185423444992	1788728185423598592	1000000000	153.6	cc_vit_1d_qkv_chained_fp8	cc_vit_1d_qkv_chained_fp8
1324	1	1788728185423604736	1788728185423755264	1000000000	150.528	cc_vit_1d_attention_chained_fp8	cc_vit_1d_attention_chained_fp8
1325	1	1788728185423760384	1788728185423832064	1000000000	71.68	cc_vit_1d_projection_chained_fp8	cc_vit_1d_projection_chained_fp8
1326	1	1788728185423838208	1788728185424099328	1000000000	261.12	cc_vit_1d_ffn_expand_chained_fp8	cc_vit_1d_ffn_expand_chained_fp8
1327	1	1788728185424105472	1788728185424284672	1000000000	179.2	cc_vit_1d_ffn_contract_chained_fp8	cc_vit_1d_ffn_contract_chained_fp8
1328	1	1788728185424290816	1788728185424444416	1000000000	153.6	cc_vit_1d_qkv_chained_fp8	cc_vit_1d_qkv_chained_fp8
1329	1	1788728185424450560	1788728185424600064	1000000000	149.504	cc_vit_1d_attention_chained_fp8	cc_vit_1d_attention_chained_fp8
1330	1	1788728185424605184	1788728185424676864	1000000000	71.68	cc_vit_1d_projection_chained_fp8	cc_vit_1d_projection_chained_fp8
1331	1	1788728185424681984	1788728185424941056	1000000000	259.072	cc_vit_1d_ffn_expand_chained_fp8	cc_vit_1d_ffn_expand_chained_fp8
1332	1	1788728185424947200	1788728185425127424	1000000000	180.224	cc_vit_1d_ffn_contract_chained_fp8	cc_vit_1d_ffn_contract_chained_fp8
1333	1	1788728185425133568	1788728185425287168	1000000000	153.6	cc_vit_1d_qkv_chained_fp8	cc_vit_1d_qkv_chained_fp8
1334	1	1788728185425293312	1788728185425442816	1000000000	149.504	cc_vit_1d_attention_chained_fp8	cc_vit_1d_attention_chained_fp8
1335	1	1788728185425448960	1788728185425520640	1000000000	71.68	cc_vit_1d_projection_chained_fp8	cc_vit_1d_projection_chained_fp8
1336	1	1788728185425526784	1788728185425777664	1000000000	250.88	cc_vit_1d_ffn_expand_chained_fp8	cc_vit_1d_ffn_expand_chained_fp8
1337	1	1788728185425784832	1788728185425963008	1000000000	178.176	cc_vit_1d_ffn_contract_chained_fp8	cc_vit_1d_ffn_contract_chained_fp8
1338	1	1788728185425969152	1788728185426122752	1000000000	153.6	cc_vit_1d_qkv_chained_fp8	cc_vit_1d_qkv_chained_fp8
1339	1	1788728185426128896	1788728185426279424	1000000000	150.528	cc_vit_1d_attention_chained_fp8	cc_vit_1d_attention_chained_fp8
1340	1	1788728185426285568	1788728185426358272	1000000000	72.704	cc_vit_1d_projection_chained_fp8	cc_vit_1d_projection_chained_fp8
1341	1	1788728185426364416	1788728185426616320	1000000000	251.904	cc_vit_1d_ffn_expand_chained_fp8	cc_vit_1d_ffn_expand_chained_fp8
1342	1	1788728185426622464	1788728185426801664	1000000000	179.2	cc_vit_1d_ffn_contract_chained_fp8	cc_vit_1d_ffn_contract_chained_fp8
1343	1	1788728185426807808	1788728185426961408	1000000000	153.6	cc_vit_1d_qkv_chained_fp8	cc_vit_1d_qkv_chained_fp8
1344	1	1788728185426967552	1788728185427118080	1000000000	150.528	cc_vit_1d_attention_chained_fp8	cc_vit_1d_attention_chained_fp8
1345	1	1788728185427123200	1788728185427195904	1000000000	72.704	cc_vit_1d_projection_wait_fp8	cc_vit_1d_projection_wait_fp8
1346	1	1788728185427201024	1788728185427211264	1000000000	10.24	cc_vit_1d_repack_1d_to_2d_fp8	cc_vit_1d_repack_1d_to_2d_fp8
1347	1	1788728185427217408	1788728185427275776	1000000000	58.368	cc_dec_input_upsample_1024_512_tilesync_fp8	cc_dec_input_upsample_1024_512_tilesync_fp8
1348	1	1788728185427281920	1788728185427423232	1000000000	141.312	cc_split_swin_16h_ffwd_512_chained_fp8	cc_split_swin_16h_ffwd_512_chained_fp8
1349	1	1788728185427428352	1788728185427503104	1000000000	74.752	cc_split_swin_16h_ffwd_proj_512_chained_fp8	cc_split_swin_16h_ffwd_proj_512_chained_fp8
1350	1	1788728185427509248	1788728185427642368	1000000000	133.12	cc_split_swin_16h_qkv_512_chained_fp8	cc_split_swin_16h_qkv_512_chained_fp8
1351	1	1788728185427647488	1788728185427720192	1000000000	72.704	cc_split_swin_16h_proj_512_chained_fp8	cc_split_swin_16h_proj_512_chained_fp8
1352	1	1788728185427726336	1788728185427866624	1000000000	140.288	cc_split_swin_16h_ffwd_512_chained_fp8	cc_split_swin_16h_ffwd_512_chained_fp8
1353	1	1788728185427871744	1788728185427946496	1000000000	74.752	cc_split_swin_16h_ffwd_proj_512_chained_fp8	cc_split_swin_16h_ffwd_proj_512_chained_fp8
1354	1	1788728185427952640	1788728185428119552	1000000000	166.912	cc_split_swin_16h_qkv_512_chained_fp8	cc_split_swin_16h_qkv_512_chained_fp8
1355	1	1788728185428124672	1788728185428200448	1000000000	75.776	cc_split_swin_16h_proj_512_chained_fp8	cc_split_swin_16h_proj_512_chained_fp8
1356	1	1788728185428206592	1788728185428345856	1000000000	139.264	cc_split_swin_16h_ffwd_512_chained_fp8	cc_split_swin_16h_ffwd_512_chained_fp8
1357	1	1788728185428352000	1788728185428426752	1000000000	74.752	cc_split_swin_16h_ffwd_proj_512_chained_fp8	cc_split_swin_16h_ffwd_proj_512_chained_fp8
1358	1	1788728185428433920	1788728185428597760	1000000000	163.84	cc_split_swin_16h_qkv_512_chained_fp8	cc_split_swin_16h_qkv_512_chained_fp8
1359	1	1788728185428603904	1788728185428677632	1000000000	73.728	cc_split_swin_16h_proj_512_chained_fp8	cc_split_swin_16h_proj_512_chained_fp8
1360	1	1788728185428683776	1788728185428825088	1000000000	141.312	cc_split_swin_16h_ffwd_512_chained_fp8	cc_split_swin_16h_ffwd_512_chained_fp8
1361	1	1788728185428830208	1788728185428905984	1000000000	75.776	cc_split_swin_16h_ffwd_proj_512_chained_fp8	cc_split_swin_16h_ffwd_proj_512_chained_fp8
1362	1	1788728185428912128	1788728185429079040	1000000000	166.912	cc_split_swin_16h_qkv_512_chained_fp8	cc_split_swin_16h_qkv_512_chained_fp8
1363	1	1788728185429084160	1788728185429157888	1000000000	73.728	cc_split_swin_16h_proj_512_chained_fp8	cc_split_swin_16h_proj_512_chained_fp8
1364	1	1788728185429163008	1788728185429303296	1000000000	140.288	cc_split_swin_16h_ffwd_512_chained_fp8	cc_split_swin_16h_ffwd_512_chained_fp8
1365	1	1788728185429308416	1788728185429384192	1000000000	75.776	cc_split_swin_16h_ffwd_proj_512_chained_fp8	cc_split_swin_16h_ffwd_proj_512_chained_fp8
1366	1	1788728185429390336	1788728185429522432	1000000000	132.096	cc_split_swin_16h_qkv_512_chained_fp8	cc_split_swin_16h_qkv_512_chained_fp8
1367	1	1788728185429528576	1788728185429600256	1000000000	71.68	cc_split_swin_16h_proj_512_chained_fp8	cc_split_swin_16h_proj_512_chained_fp8
1368	1	1788728185429606400	1788728185429745664	1000000000	139.264	cc_split_swin_16h_ffwd_512_chained_fp8	cc_split_swin_16h_ffwd_512_chained_fp8
1369	1	1788728185429751808	1788728185429827584	1000000000	75.776	cc_split_swin_16h_ffwd_proj_512_chained_fp8	cc_split_swin_16h_ffwd_proj_512_chained_fp8
1370	1	1788728185429833728	1788728185430000640	1000000000	166.912	cc_split_swin_16h_qkv_512_chained_fp8	cc_split_swin_16h_qkv_512_chained_fp8
1371	1	1788728185430006784	1788728185430082560	1000000000	75.776	cc_split_swin_16h_proj_512_chained_fp8	cc_split_swin_16h_proj_512_chained_fp8
1372	1	1788728185430088704	1788728185430228992	1000000000	140.288	cc_split_swin_16h_ffwd_512_chained_fp8	cc_split_swin_16h_ffwd_512_chained_fp8
1373	1	1788728185430234112	1788728185430310912	1000000000	76.8	cc_split_swin_16h_ffwd_proj_512_chained_fp8	cc_split_swin_16h_ffwd_proj_512_chained_fp8
1374	1	1788728185430317056	1788728185430484992	1000000000	167.936	cc_split_swin_16h_qkv_512_chained_fp8	cc_split_swin_16h_qkv_512_chained_fp8
1375	1	1788728185430490112	1788728185430565888	1000000000	75.776	cc_split_swin_16h_proj_512_chained_fp8	cc_split_swin_16h_proj_512_chained_fp8
1376	1	1788728185430572032	1788728185430712320	1000000000	140.288	cc_split_swin_16h_ffwd_512_chained_fp8	cc_split_swin_16h_ffwd_512_chained_fp8
1377	1	1788728185430718464	1788728185430794240	1000000000	75.776	cc_split_swin_16h_ffwd_proj_512_chained_fp8	cc_split_swin_16h_ffwd_proj_512_chained_fp8
1378	1	1788728185430801408	1788728185430966272	1000000000	164.864	cc_split_swin_16h_qkv_512_chained_fp8	cc_split_swin_16h_qkv_512_chained_fp8
1379	1	1788728185430971392	1788728185431144448	1000000000	173.056	cc_split_swin_16h_proj_512_outview_wait_fp8	cc_split_swin_16h_proj_512_outview_wait_fp8
1380	1	1788728185431150592	1788728185431724032	1000000000	573.44	cc_tinlayout_fused_swin_8h_256_8_upsample_tilesync_fp8	cc_tinlayout_fused_swin_8h_256_8_upsample_tilesync_fp8
1381	1	1788728185431730176	1788728185432359936	1000000000	629.76	cc_tinlayout_fused_swin_8h_256_8_chained_fp8	cc_tinlayout_fused_swin_8h_256_8_chained_fp8
1382	1	1788728185432366080	1788728185432980480	1000000000	614.4	cc_tinlayout_fused_swin_8h_256_8_chained_fp8	cc_tinlayout_fused_swin_8h_256_8_chained_fp8
1383	1	1788728185432986624	1788728185433501696	1000000000	515.072	cc_tinlayout_fused_swin_8h_256_8_chained_fp8	cc_tinlayout_fused_swin_8h_256_8_chained_fp8
1384	1	1788728185433507840	1788728185433984000	1000000000	476.16	cc_tinlayout_fused_swin_8h_256_8_chained_fp8	cc_tinlayout_fused_swin_8h_256_8_chained_fp8
1385	1	1788728185433990144	1788728185434591232	1000000000	601.088	cc_tinlayout_fused_swin_8h_256_8_chained_fp8	cc_tinlayout_fused_swin_8h_256_8_chained_fp8
1386	1	1788728185434597376	1788728185435236352	1000000000	638.976	cc_tinlayout_fused_swin_8h_256_8_chained_fp8	cc_tinlayout_fused_swin_8h_256_8_chained_fp8
1387	1	1788728185435242496	1788728185436308480	1000000000	1065.98	cc_tinlayout_fused_swin_8h_256_8_outview_wait_fp8	cc_tinlayout_fused_swin_8h_256_8_outview_wait_fp8
1388	1	1788728185436321792	1788728185437666304	1000000000	1344.51	cc_tinlayout_fused_swin_4h_128_4_upsample_tilesync_fp8	cc_tinlayout_fused_swin_4h_128_4_upsample_tilesync_fp8
1389	1	1788728185437673472	1788728185439032320	1000000000	1358.85	cc_tinlayout_fused_swin_4h_128_4_chained_fp8	cc_tinlayout_fused_swin_4h_128_4_chained_fp8
1390	1	1788728185439039488	1788728185440046080	1000000000	1006.59	cc_tinlayout_fused_swin_4h_128_4_chained_fp8	cc_tinlayout_fused_swin_4h_128_4_chained_fp8
1391	1	1788728185440053248	1788728185440541696	1000000000	488.448	cc_tinlayout_fused_swin_4h_128_4_chained_fp8	cc_tinlayout_fused_swin_4h_128_4_chained_fp8
1392	1	1788728185440546816	1788728185441040384	1000000000	493.568	cc_tinlayout_fused_swin_4h_128_4_chained_fp8	cc_tinlayout_fused_swin_4h_128_4_chained_fp8
1393	1	1788728185441046528	1788728185441628160	1000000000	581.632	cc_tinlayout_fused_swin_4h_128_4_outview_wait_fp8	cc_tinlayout_fused_swin_4h_128_4_outview_wait_fp8
1394	1	1788728185441634304	1788728185442771968	1000000000	1137.66	cc_tinlayout_fused_swin_2h_64_2_upsample_tilesync_fp8	cc_tinlayout_fused_swin_2h_64_2_upsample_tilesync_fp8
1395	1	1788728185442777088	1788728185443601408	1000000000	824.32	cc_tinlayout_fused_swin_2h_64_2_chained_fp8	cc_tinlayout_fused_swin_2h_64_2_chained_fp8
1396	1	1788728185443606528	1788728185444356096	1000000000	749.568	cc_tinlayout_fused_swin_2h_64_2_chained_fp8	cc_tinlayout_fused_swin_2h_64_2_chained_fp8
1397	1	1788728185444362240	1788728185445133312	1000000000	771.072	cc_tinlayout_fused_swin_2h_64_2_outview_wait_fp8	cc_tinlayout_fused_swin_2h_64_2_outview_wait_fp8
1398	1	1788728185445139456	1788728185447115776	1000000000	1976.32	cc_tinlayout_fused_swin_1h_32_1_upsample_tilesync_fp8	cc_tinlayout_fused_swin_1h_32_1_upsample_tilesync_fp8
1399	1	1788728185447121920	1788728185448216576	1000000000	1094.66	cc_tinlayout_fused_swin_1h_32_1_chained_fp8	cc_tinlayout_fused_swin_1h_32_1_chained_fp8
1400	1	1788728185448222720	1788728185449257984	1000000000	1035.26	cc_tinlayout_fused_swin_1h_32_1_chained_fp8	cc_tinlayout_fused_swin_1h_32_1_chained_fp8
1401	1	1788728185449263104	1788728185451024384	1000000000	1761.28	cc_tinlayout_fused_swin_1h_32_1_outview_wait_fp8	cc_tinlayout_fused_swin_1h_32_1_outview_wait_fp8
1402	1	1788728185451029504	1788728185458142208	1000000000	7112.7	cc_tinlayout_fused_post_block_swin_1h_32_fp8	cc_tinlayout_fused_post_block_swin_1h_32_fp8
1403	1	1788728185458148352	1788728185458207744	1000000000	59.392	cg2r_copy_kernel	cg2r_copy_kernel
1404	1	1788728185651875840	1788728185651881984	1000000000	6.144	cc_cb_clear	cc_cb_clear
1405	1	1788728185651888128	1788728185656603648	1000000000	4715.52	cc_tinlayout_fused_pre_block_swin_1h_32_1_ds_fp8	cc_tinlayout_fused_pre_block_swin_1h_32_1_ds_fp8
1406	1	1788728185656609792	1788728185657834496	1000000000	1224.7	cc_tinlayout_fused_swin_1h_32_1_inpview_tilesync_fp8	cc_tinlayout_fused_swin_1h_32_1_inpview_tilesync_fp8
1407	1	1788728185657840640	1788728185659073536	1000000000	1232.9	cc_tinlayout_fused_swin_1h_32_1_chained_fp8	cc_tinlayout_fused_swin_1h_32_1_chained_fp8
1408	1	1788728185659079680	1788728185660220416	1000000000	1140.74	cc_tinlayout_fused_swin_1h_32_1_chained_fp8	cc_tinlayout_fused_swin_1h_32_1_chained_fp8
1409	1	1788728185660226560	1788728185661649920	1000000000	1423.36	cc_tinlayout_fused_swin_1h_32_1_ds_wait_fp8	cc_tinlayout_fused_swin_1h_32_1_ds_wait_fp8
1410	1	1788728185661656064	1788728185662438400	1000000000	782.336	cc_tinlayout_fused_swin_2h_64_2_inpview_tilesync_fp8	cc_tinlayout_fused_swin_2h_64_2_inpview_tilesync_fp8
1411	1	1788728185662444544	1788728185663273984	1000000000	829.44	cc_tinlayout_fused_swin_2h_64_2_chained_fp8	cc_tinlayout_fused_swin_2h_64_2_chained_fp8
1412	1	1788728185663281152	1788728185664041984	1000000000	760.832	cc_tinlayout_fused_swin_2h_64_2_chained_fp8	cc_tinlayout_fused_swin_2h_64_2_chained_fp8
1413	1	1788728185664048128	1788728185664865280	1000000000	817.152	cc_tinlayout_fused_swin_2h_64_2_ds_wait_fp8	cc_tinlayout_fused_swin_2h_64_2_ds_wait_fp8
1414	1	1788728185664872448	1788728185665388544	1000000000	516.096	cc_tinlayout_fused_swin_4h_128_4_inpview_tilesync_fp8	cc_tinlayout_fused_swin_4h_128_4_inpview_tilesync_fp8
1415	1	1788728185665394688	1788728185665909760	1000000000	515.072	cc_tinlayout_fused_swin_4h_128_4_chained_fp8	cc_tinlayout_fused_swin_4h_128_4_chained_fp8
1416	1	1788728185665915904	1788728185666420736	1000000000	504.832	cc_tinlayout_fused_swin_4h_128_4_chained_fp8	cc_tinlayout_fused_swin_4h_128_4_chained_fp8
1417	1	1788728185666426880	1788728185666932736	1000000000	505.856	cc_tinlayout_fused_swin_4h_128_4_chained_fp8	cc_tinlayout_fused_swin_4h_128_4_chained_fp8
1418	1	1788728185666938880	1788728185667438592	1000000000	499.712	cc_tinlayout_fused_swin_4h_128_4_chained_fp8	cc_tinlayout_fused_swin_4h_128_4_chained_fp8
1419	1	1788728185667445760	1788728185668003840	1000000000	558.08	cc_tinlayout_fused_swin_4h_128_4_ds_wait_fp8	cc_tinlayout_fused_swin_4h_128_4_ds_wait_fp8
1420	1	1788728185668009984	1788728185668532224	1000000000	522.24	cc_tinlayout_fused_swin_8h_256_8_inpview_tilesync_fp8	cc_tinlayout_fused_swin_8h_256_8_inpview_tilesync_fp8
1421	1	1788728185668538368	1788728185669185536	1000000000	647.168	cc_tinlayout_fused_swin_8h_256_8_chained_fp8	cc_tinlayout_fused_swin_8h_256_8_chained_fp8
1422	1	1788728185669191680	1788728185669810176	1000000000	618.496	cc_tinlayout_fused_swin_8h_256_8_chained_fp8	cc_tinlayout_fused_swin_8h_256_8_chained_fp8
1423	1	1788728185669816320	1788728185670323200	1000000000	506.88	cc_tinlayout_fused_swin_8h_256_8_chained_fp8	cc_tinlayout_fused_swin_8h_256_8_chained_fp8
1424	1	1788728185670329344	1788728185671713792	1000000000	1384.45	cc_tinlayout_fused_swin_8h_256_8_chained_fp8	cc_tinlayout_fused_swin_8h_256_8_chained_fp8
1425	1	1788728185671720960	1788728185672814592	1000000000	1093.63	cc_tinlayout_fused_swin_8h_256_8_chained_fp8	cc_tinlayout_fused_swin_8h_256_8_chained_fp8
1426	1	1788728185672822784	1788728185673443328	1000000000	620.544	cc_tinlayout_fused_swin_8h_256_8_chained_fp8	cc_tinlayout_fused_swin_8h_256_8_chained_fp8
1427	1	1788728185673448448	1788728185674530816	1000000000	1082.37	cc_tinlayout_fused_swin_8h_256_8_ds_wait_fp8	cc_tinlayout_fused_swin_8h_256_8_ds_wait_fp8
1428	1	1788728185674537984	1788728185674683392	1000000000	145.408	cc_split_swin_16h_ffwd_inpview_512_tilesync_fp8	cc_split_swin_16h_ffwd_inpview_512_tilesync_fp8
1429	1	1788728185674689536	1788728185674856448	1000000000	166.912	cc_split_swin_16h_ffwd_proj_inpview_512_chained_fp8	cc_split_swin_16h_ffwd_proj_inpview_512_chained_fp8
1430	1	1788728185674862592	1788728185674997760	1000000000	135.168	cc_split_swin_16h_qkv_512_chained_fp8	cc_split_swin_16h_qkv_512_chained_fp8
1431	1	1788728185675002880	1788728185675076608	1000000000	73.728	cc_split_swin_16h_proj_512_chained_fp8	cc_split_swin_16h_proj_512_chained_fp8
1432	1	1788728185675082752	1788728185675224064	1000000000	141.312	cc_split_swin_16h_ffwd_512_chained_fp8	cc_split_swin_16h_ffwd_512_chained_fp8
1433	1	1788728185675230208	1788728185675304960	1000000000	74.752	cc_split_swin_16h_ffwd_proj_512_chained_fp8	cc_split_swin_16h_ffwd_proj_512_chained_fp8
1434	1	1788728185675311104	1788728185675481088	1000000000	169.984	cc_split_swin_16h_qkv_512_chained_fp8	cc_split_swin_16h_qkv_512_chained_fp8
1435	1	1788728185675486208	1788728185675563008	1000000000	76.8	cc_split_swin_16h_proj_512_chained_fp8	cc_split_swin_16h_proj_512_chained_fp8
1436	1	1788728185675569152	1788728185675712512	1000000000	143.36	cc_split_swin_16h_ffwd_512_chained_fp8	cc_split_swin_16h_ffwd_512_chained_fp8
1437	1	1788728185675718656	1788728185675794432	1000000000	75.776	cc_split_swin_16h_ffwd_proj_512_chained_fp8	cc_split_swin_16h_ffwd_proj_512_chained_fp8
1438	1	1788728185675800576	1788728185675967488	1000000000	166.912	cc_split_swin_16h_qkv_512_chained_fp8	cc_split_swin_16h_qkv_512_chained_fp8
1439	1	1788728185675973632	1788728185676049408	1000000000	75.776	cc_split_swin_16h_proj_512_chained_fp8	cc_split_swin_16h_proj_512_chained_fp8
1440	1	1788728185676055552	1788728185676197888	1000000000	142.336	cc_split_swin_16h_ffwd_512_chained_fp8	cc_split_swin_16h_ffwd_512_chained_fp8
1441	1	1788728185676204032	1788728185676279808	1000000000	75.776	cc_split_swin_16h_ffwd_proj_512_chained_fp8	cc_split_swin_16h_ffwd_proj_512_chained_fp8
1442	1	1788728185676285952	1788728185676454912	1000000000	168.96	cc_split_swin_16h_qkv_512_chained_fp8	cc_split_swin_16h_qkv_512_chained_fp8
1443	1	1788728185676460032	1788728185676533760	1000000000	73.728	cc_split_swin_16h_proj_512_chained_fp8	cc_split_swin_16h_proj_512_chained_fp8
1444	1	1788728185676539904	1788728185676682240	1000000000	142.336	cc_split_swin_16h_ffwd_512_chained_fp8	cc_split_swin_16h_ffwd_512_chained_fp8
1445	1	1788728185676687360	1788728185676763136	1000000000	75.776	cc_split_swin_16h_ffwd_proj_512_chained_fp8	cc_split_swin_16h_ffwd_proj_512_chained_fp8
1446	1	1788728185676770304	1788728185676902400	1000000000	132.096	cc_split_swin_16h_qkv_512_chained_fp8	cc_split_swin_16h_qkv_512_chained_fp8
1447	1	1788728185676908544	1788728185676981248	1000000000	72.704	cc_split_swin_16h_proj_512_chained_fp8	cc_split_swin_16h_proj_512_chained_fp8
1448	1	1788728185676987392	1788728185677129728	1000000000	142.336	cc_split_swin_16h_ffwd_512_chained_fp8	cc_split_swin_16h_ffwd_512_chained_fp8
1449	1	1788728185677135872	1788728185677212672	1000000000	76.8	cc_split_swin_16h_ffwd_proj_512_chained_fp8	cc_split_swin_16h_ffwd_proj_512_chained_fp8
1450	1	1788728185677220864	1788728185677389824	1000000000	168.96	cc_split_swin_16h_qkv_512_chained_fp8	cc_split_swin_16h_qkv_512_chained_fp8
1451	1	1788728185677394944	1788728185677470720	1000000000	75.776	cc_split_swin_16h_proj_512_chained_fp8	cc_split_swin_16h_proj_512_chained_fp8
1452	1	1788728185677476864	1788728185677619200	1000000000	142.336	cc_split_swin_16h_ffwd_512_chained_fp8	cc_split_swin_16h_ffwd_512_chained_fp8
1453	1	1788728185677625344	1788728185677706240	1000000000	80.896	cc_split_swin_16h_ffwd_proj_512_chained_fp8	cc_split_swin_16h_ffwd_proj_512_chained_fp8
1454	1	1788728185677713408	1788728185677879296	1000000000	165.888	cc_split_swin_16h_qkv_512_chained_fp8	cc_split_swin_16h_qkv_512_chained_fp8
1455	1	1788728185677885440	1788728185677961216	1000000000	75.776	cc_split_swin_16h_proj_512_chained_fp8	cc_split_swin_16h_proj_512_chained_fp8
1456	1	1788728185677967360	1788728185678108672	1000000000	141.312	cc_split_swin_16h_ffwd_512_chained_fp8	cc_split_swin_16h_ffwd_512_chained_fp8
1457	1	1788728185678114816	1788728185678192640	1000000000	77.824	cc_split_swin_16h_ffwd_proj_512_chained_fp8	cc_split_swin_16h_ffwd_proj_512_chained_fp8
1458	1	1788728185678198784	1788728185678365696	1000000000	166.912	cc_split_swin_16h_qkv_512_chained_fp8	cc_split_swin_16h_qkv_512_chained_fp8
1459	1	1788728185678371840	1788728185678435328	1000000000	63.488	cc_split_swin_16h_proj_pool_512_chained_fp8	cc_split_swin_16h_proj_pool_512_chained_fp8
1460	1	1788728185678441472	1788728185678487552	1000000000	46.08	cc_split_swin_16h_final_head_512_wait_fp8	cc_split_swin_16h_final_head_512_wait_fp8
1461	1	1788728185678493696	1788728185678505984	1000000000	12.288	cc_vit_1d_repack_2d_to_1d_fp8	cc_vit_1d_repack_2d_to_1d_fp8
1462	1	1788728185678511104	1788728185678822400	1000000000	311.296	cc_vit_1d_ffn_expand_publish_fp8	cc_vit_1d_ffn_expand_publish_fp8
1463	1	1788728185678829568	1788728185679011840	1000000000	182.272	cc_vit_1d_ffn_contract_chained_fp8	cc_vit_1d_ffn_contract_chained_fp8
1464	1	1788728185679017984	1788728185679172608	1000000000	154.624	cc_vit_1d_qkv_chained_fp8	cc_vit_1d_qkv_chained_fp8
1465	1	1788728185679178752	1788728185679330304	1000000000	151.552	cc_vit_1d_attention_chained_fp8	cc_vit_1d_attention_chained_fp8
1466	1	1788728185679336448	1788728185679410176	1000000000	73.728	cc_vit_1d_projection_chained_fp8	cc_vit_1d_projection_chained_fp8
1467	1	1788728185679416320	1788728185679689728	1000000000	273.408	cc_vit_1d_ffn_expand_chained_fp8	cc_vit_1d_ffn_expand_chained_fp8
1468	1	1788728185679695872	1788728185679878144	1000000000	182.272	cc_vit_1d_ffn_contract_chained_fp8	cc_vit_1d_ffn_contract_chained_fp8
1469	1	1788728185679884288	1788728185680039936	1000000000	155.648	cc_vit_1d_qkv_chained_fp8	cc_vit_1d_qkv_chained_fp8
1470	1	1788728185680046080	1788728185680198656	1000000000	152.576	cc_vit_1d_attention_chained_fp8	cc_vit_1d_attention_chained_fp8
1471	1	1788728185680204800	1788728185680276480	1000000000	71.68	cc_vit_1d_projection_chained_fp8	cc_vit_1d_projection_chained_fp8
1472	1	1788728185680281600	1788728185680545792	1000000000	264.192	cc_vit_1d_ffn_expand_chained_fp8	cc_vit_1d_ffn_expand_chained_fp8
1473	1	1788728185680550912	1788728185680732160	1000000000	181.248	cc_vit_1d_ffn_contract_chained_fp8	cc_vit_1d_ffn_contract_chained_fp8
1474	1	1788728185680739328	1788728185680894976	1000000000	155.648	cc_vit_1d_qkv_chained_fp8	cc_vit_1d_qkv_chained_fp8
1475	1	1788728185680901120	1788728185681053696	1000000000	152.576	cc_vit_1d_attention_chained_fp8	cc_vit_1d_attention_chained_fp8
1476	1	1788728185681059840	1788728185681133568	1000000000	73.728	cc_vit_1d_projection_chained_fp8	cc_vit_1d_projection_chained_fp8
1477	1	1788728185681139712	1788728185681395712	1000000000	256	cc_vit_1d_ffn_expand_chained_fp8	cc_vit_1d_ffn_expand_chained_fp8
1478	1	1788728185681402880	1788728185681585152	1000000000	182.272	cc_vit_1d_ffn_contract_chained_fp8	cc_vit_1d_ffn_contract_chained_fp8
1479	1	1788728185681591296	1788728185681746944	1000000000	155.648	cc_vit_1d_qkv_chained_fp8	cc_vit_1d_qkv_chained_fp8
1480	1	1788728185681754112	1788728185681906688	1000000000	152.576	cc_vit_1d_attention_chained_fp8	cc_vit_1d_attention_chained_fp8
1481	1	1788728185681911808	1788728185681986560	1000000000	74.752	cc_vit_1d_projection_chained_fp8	cc_vit_1d_projection_chained_fp8
1482	1	1788728185681992704	1788728185682246656	1000000000	253.952	cc_vit_1d_ffn_expand_chained_fp8	cc_vit_1d_ffn_expand_chained_fp8
1483	1	1788728185682253824	1788728185682434048	1000000000	180.224	cc_vit_1d_ffn_contract_chained_fp8	cc_vit_1d_ffn_contract_chained_fp8
1484	1	1788728185682440192	1788728185682596864	1000000000	156.672	cc_vit_1d_qkv_chained_fp8	cc_vit_1d_qkv_chained_fp8
1485	1	1788728185682603008	1788728185682755584	1000000000	152.576	cc_vit_1d_attention_chained_fp8	cc_vit_1d_attention_chained_fp8
1486	1	1788728185682761728	1788728185682833408	1000000000	71.68	cc_vit_1d_projection_chained_fp8	cc_vit_1d_projection_chained_fp8
1487	1	1788728185682838528	1788728185683103744	1000000000	265.216	cc_vit_1d_ffn_expand_chained_fp8	cc_vit_1d_ffn_expand_chained_fp8
1488	1	1788728185683109888	1788728185683293184	1000000000	183.296	cc_vit_1d_ffn_contract_chained_fp8	cc_vit_1d_ffn_contract_chained_fp8
1489	1	1788728185683299328	1788728185683453952	1000000000	154.624	cc_vit_1d_qkv_chained_fp8	cc_vit_1d_qkv_chained_fp8
1490	1	1788728185683461120	1788728185683612672	1000000000	151.552	cc_vit_1d_attention_chained_fp8	cc_vit_1d_attention_chained_fp8
1491	1	1788728185683618816	1788728185683690496	1000000000	71.68	cc_vit_1d_projection_chained_fp8	cc_vit_1d_projection_chained_fp8
1492	1	1788728185683696640	1788728185683955712	1000000000	259.072	cc_vit_1d_ffn_expand_chained_fp8	cc_vit_1d_ffn_expand_chained_fp8
1493	1	1788728185683961856	1788728185684144128	1000000000	182.272	cc_vit_1d_ffn_contract_chained_fp8	cc_vit_1d_ffn_contract_chained_fp8
1494	1	1788728185684150272	1788728185684305920	1000000000	155.648	cc_vit_1d_qkv_chained_fp8	cc_vit_1d_qkv_chained_fp8
1495	1	1788728185684312064	1788728185684464640	1000000000	152.576	cc_vit_1d_attention_chained_fp8	cc_vit_1d_attention_chained_fp8
1496	1	1788728185684470784	1788728185684545536	1000000000	74.752	cc_vit_1d_projection_chained_fp8	cc_vit_1d_projection_chained_fp8
1497	1	1788728185684551680	1788728185684806656	1000000000	254.976	cc_vit_1d_ffn_expand_chained_fp8	cc_vit_1d_ffn_expand_chained_fp8
1498	1	1788728185684812800	1788728185684997120	1000000000	184.32	cc_vit_1d_ffn_contract_chained_fp8	cc_vit_1d_ffn_contract_chained_fp8
1499	1	1788728185685004288	1788728185685157888	1000000000	153.6	cc_vit_1d_qkv_chained_fp8	cc_vit_1d_qkv_chained_fp8
1500	1	1788728185685164032	1788728185685317632	1000000000	153.6	cc_vit_1d_attention_chained_fp8	cc_vit_1d_attention_chained_fp8
1501	1	1788728185685322752	1788728185685394432	1000000000	71.68	cc_vit_1d_projection_wait_fp8	cc_vit_1d_projection_wait_fp8
1502	1	1788728185685400576	1788728185685410816	1000000000	10.24	cc_vit_1d_repack_1d_to_2d_fp8	cc_vit_1d_repack_1d_to_2d_fp8
1503	1	1788728185685416960	1788728185685474304	1000000000	57.344	cc_dec_input_upsample_1024_512_tilesync_fp8	cc_dec_input_upsample_1024_512_tilesync_fp8
1504	1	1788728185685480448	1788728185685623808	1000000000	143.36	cc_split_swin_16h_ffwd_512_chained_fp8	cc_split_swin_16h_ffwd_512_chained_fp8
1505	1	1788728185685629952	1788728185685704704	1000000000	74.752	cc_split_swin_16h_ffwd_proj_512_chained_fp8	cc_split_swin_16h_ffwd_proj_512_chained_fp8
1506	1	1788728185685710848	1788728185685844992	1000000000	134.144	cc_split_swin_16h_qkv_512_chained_fp8	cc_split_swin_16h_qkv_512_chained_fp8
1507	1	1788728185685851136	1788728185685924864	1000000000	73.728	cc_split_swin_16h_proj_512_chained_fp8	cc_split_swin_16h_proj_512_chained_fp8
1508	1	1788728185685929984	1788728185686072320	1000000000	142.336	cc_split_swin_16h_ffwd_512_chained_fp8	cc_split_swin_16h_ffwd_512_chained_fp8
1509	1	1788728185686078464	1788728185686154240	1000000000	75.776	cc_split_swin_16h_ffwd_proj_512_chained_fp8	cc_split_swin_16h_ffwd_proj_512_chained_fp8
1510	1	1788728185686160384	1788728185686330368	1000000000	169.984	cc_split_swin_16h_qkv_512_chained_fp8	cc_split_swin_16h_qkv_512_chained_fp8
1511	1	1788728185686336512	1788728185686412288	1000000000	75.776	cc_split_swin_16h_proj_512_chained_fp8	cc_split_swin_16h_proj_512_chained_fp8
1512	1	1788728185686418432	1788728185686559744	1000000000	141.312	cc_split_swin_16h_ffwd_512_chained_fp8	cc_split_swin_16h_ffwd_512_chained_fp8
1513	1	1788728185686564864	1788728185686641664	1000000000	76.8	cc_split_swin_16h_ffwd_proj_512_chained_fp8	cc_split_swin_16h_ffwd_proj_512_chained_fp8
1514	1	1788728185686647808	1788728185686814720	1000000000	166.912	cc_split_swin_16h_qkv_512_chained_fp8	cc_split_swin_16h_qkv_512_chained_fp8
1515	1	1788728185686819840	1788728185686894592	1000000000	74.752	cc_split_swin_16h_proj_512_chained_fp8	cc_split_swin_16h_proj_512_chained_fp8
1516	1	1788728185686900736	1788728185687044096	1000000000	143.36	cc_split_swin_16h_ffwd_512_chained_fp8	cc_split_swin_16h_ffwd_512_chained_fp8
1517	1	1788728185687049216	1788728185687128064	1000000000	78.848	cc_split_swin_16h_ffwd_proj_512_chained_fp8	cc_split_swin_16h_ffwd_proj_512_chained_fp8
1518	1	1788728185687134208	1788728185687304192	1000000000	169.984	cc_split_swin_16h_qkv_512_chained_fp8	cc_split_swin_16h_qkv_512_chained_fp8
1519	1	1788728185687309312	1788728185687383040	1000000000	73.728	cc_split_swin_16h_proj_512_chained_fp8	cc_split_swin_16h_proj_512_chained_fp8
1520	1	1788728185687389184	1788728185687530496	1000000000	141.312	cc_split_swin_16h_ffwd_512_chained_fp8	cc_split_swin_16h_ffwd_512_chained_fp8
1521	1	1788728185687536640	1788728185687612416	1000000000	75.776	cc_split_swin_16h_ffwd_proj_512_chained_fp8	cc_split_swin_16h_ffwd_proj_512_chained_fp8
1522	1	1788728185687619584	1788728185687762944	1000000000	143.36	cc_split_swin_16h_qkv_512_chained_fp8	cc_split_swin_16h_qkv_512_chained_fp8
1523	1	1788728185687769088	1788728185687842816	1000000000	73.728	cc_split_swin_16h_proj_512_chained_fp8	cc_split_swin_16h_proj_512_chained_fp8
1524	1	1788728185687848960	1788728185687991296	1000000000	142.336	cc_split_swin_16h_ffwd_512_chained_fp8	cc_split_swin_16h_ffwd_512_chained_fp8
1525	1	1788728185687996416	1788728185688075264	1000000000	78.848	cc_split_swin_16h_ffwd_proj_512_chained_fp8	cc_split_swin_16h_ffwd_proj_512_chained_fp8
1526	1	1788728185688081408	1788728185688251392	1000000000	169.984	cc_split_swin_16h_qkv_512_chained_fp8	cc_split_swin_16h_qkv_512_chained_fp8
1527	1	1788728185688257536	1788728185688333312	1000000000	75.776	cc_split_swin_16h_proj_512_chained_fp8	cc_split_swin_16h_proj_512_chained_fp8
1528	1	1788728185688339456	1788728185689085952	1000000000	746.496	cc_split_swin_16h_ffwd_512_chained_fp8	cc_split_swin_16h_ffwd_512_chained_fp8
1529	1	1788728185689100288	1788728185689180160	1000000000	79.872	cc_split_swin_16h_ffwd_proj_512_chained_fp8	cc_split_swin_16h_ffwd_proj_512_chained_fp8
1530	1	1788728185689185280	1788728185689357312	1000000000	172.032	cc_split_swin_16h_qkv_512_chained_fp8	cc_split_swin_16h_qkv_512_chained_fp8
1531	1	1788728185689362432	1788728185689438208	1000000000	75.776	cc_split_swin_16h_proj_512_chained_fp8	cc_split_swin_16h_proj_512_chained_fp8
1532	1	1788728185689444352	1788728185690240000	1000000000	795.648	cc_split_swin_16h_ffwd_512_chained_fp8	cc_split_swin_16h_ffwd_512_chained_fp8
1533	1	1788728185690247168	1788728185690320896	1000000000	73.728	cc_split_swin_16h_ffwd_proj_512_chained_fp8	cc_split_swin_16h_ffwd_proj_512_chained_fp8
1534	1	1788728185690327040	1788728185690494976	1000000000	167.936	cc_split_swin_16h_qkv_512_chained_fp8	cc_split_swin_16h_qkv_512_chained_fp8
1535	1	1788728185690500096	1788728185690668032	1000000000	167.936	cc_split_swin_16h_proj_512_outview_wait_fp8	cc_split_swin_16h_proj_512_outview_wait_fp8
1536	1	1788728185690674176	1788728185691248640	1000000000	574.464	cc_tinlayout_fused_swin_8h_256_8_upsample_tilesync_fp8	cc_tinlayout_fused_swin_8h_256_8_upsample_tilesync_fp8
1537	1	1788728185691254784	1788728185691889664	1000000000	634.88	cc_tinlayout_fused_swin_8h_256_8_chained_fp8	cc_tinlayout_fused_swin_8h_256_8_chained_fp8
1538	1	1788728185691895808	1788728185692509184	1000000000	613.376	cc_tinlayout_fused_swin_8h_256_8_chained_fp8	cc_tinlayout_fused_swin_8h_256_8_chained_fp8
1539	1	1788728185692515328	1788728185693032448	1000000000	517.12	cc_tinlayout_fused_swin_8h_256_8_chained_fp8	cc_tinlayout_fused_swin_8h_256_8_chained_fp8
1540	1	1788728185693038592	1788728185693518848	1000000000	480.256	cc_tinlayout_fused_swin_8h_256_8_chained_fp8	cc_tinlayout_fused_swin_8h_256_8_chained_fp8
1541	1	1788728185693524992	1788728185694140416	1000000000	615.424	cc_tinlayout_fused_swin_8h_256_8_chained_fp8	cc_tinlayout_fused_swin_8h_256_8_chained_fp8
1542	1	1788728185694146560	1788728185694785536	1000000000	638.976	cc_tinlayout_fused_swin_8h_256_8_chained_fp8	cc_tinlayout_fused_swin_8h_256_8_chained_fp8
1543	1	1788728185694791680	1788728185695275008	1000000000	483.328	cc_tinlayout_fused_swin_8h_256_8_outview_wait_fp8	cc_tinlayout_fused_swin_8h_256_8_outview_wait_fp8
1544	1	1788728185695281152	1788728185695983616	1000000000	702.464	cc_tinlayout_fused_swin_4h_128_4_upsample_tilesync_fp8	cc_tinlayout_fused_swin_4h_128_4_upsample_tilesync_fp8
1545	1	1788728185695989760	1788728185696499712	1000000000	509.952	cc_tinlayout_fused_swin_4h_128_4_chained_fp8	cc_tinlayout_fused_swin_4h_128_4_chained_fp8
1546	1	1788728185696505856	1788728185697007616	1000000000	501.76	cc_tinlayout_fused_swin_4h_128_4_chained_fp8	cc_tinlayout_fused_swin_4h_128_4_chained_fp8
1547	1	1788728185697012736	1788728185697509376	1000000000	496.64	cc_tinlayout_fused_swin_4h_128_4_chained_fp8	cc_tinlayout_fused_swin_4h_128_4_chained_fp8
1548	1	1788728185697515520	1788728185698015232	1000000000	499.712	cc_tinlayout_fused_swin_4h_128_4_chained_fp8	cc_tinlayout_fused_swin_4h_128_4_chained_fp8
1549	1	1788728185698021376	1788728185698600960	1000000000	579.584	cc_tinlayout_fused_swin_4h_128_4_outview_wait_fp8	cc_tinlayout_fused_swin_4h_128_4_outview_wait_fp8
1550	1	1788728185698606080	1788728185699759104	1000000000	1153.02	cc_tinlayout_fused_swin_2h_64_2_upsample_tilesync_fp8	cc_tinlayout_fused_swin_2h_64_2_upsample_tilesync_fp8
1551	1	1788728185699765248	1788728185700596736	1000000000	831.488	cc_tinlayout_fused_swin_2h_64_2_chained_fp8	cc_tinlayout_fused_swin_2h_64_2_chained_fp8
1552	1	1788728185700601856	1788728185701372928	1000000000	771.072	cc_tinlayout_fused_swin_2h_64_2_chained_fp8	cc_tinlayout_fused_swin_2h_64_2_chained_fp8
1553	1	1788728185701383168	1788728185702166528	1000000000	783.36	cc_tinlayout_fused_swin_2h_64_2_outview_wait_fp8	cc_tinlayout_fused_swin_2h_64_2_outview_wait_fp8
1554	1	1788728185702172672	1788728185704956928	1000000000	2784.26	cc_tinlayout_fused_swin_1h_32_1_upsample_tilesync_fp8	cc_tinlayout_fused_swin_1h_32_1_upsample_tilesync_fp8
1555	1	1788728185704964096	1788728185706693632	1000000000	1729.54	cc_tinlayout_fused_swin_1h_32_1_chained_fp8	cc_tinlayout_fused_swin_1h_32_1_chained_fp8
1556	1	1788728185706700800	1788728185707740160	1000000000	1039.36	cc_tinlayout_fused_swin_1h_32_1_chained_fp8	cc_tinlayout_fused_swin_1h_32_1_chained_fp8
1557	1	1788728185707746304	1788728185709523968	1000000000	1777.66	cc_tinlayout_fused_swin_1h_32_1_outview_wait_fp8	cc_tinlayout_fused_swin_1h_32_1_outview_wait_fp8
1558	1	1788728185709530112	1788728185716743168	1000000000	7213.06	cc_tinlayout_fused_post_block_swin_1h_32_fp8	cc_tinlayout_fused_post_block_swin_1h_32_fp8
1559	1	1788728185716748288	1788728185716809728	1000000000	61.44	cg2r_copy_kernel	cg2r_copy_kernel
