chain	kernel_count	start_tick	end_tick	frequency_hz	gpu_us	first	last
0	1	1788728173272773664	1788728173272779776	1000000000	6.112	cc_cb_clear	cc_cb_clear
1	1	1788728173272784896	1788728173275455488	1000000000	2670.59	cc_tinlayout_fused_pre_block_swin_1h_32_1_ds_fp8	cc_tinlayout_fused_pre_block_swin_1h_32_1_ds_fp8
2	1	1788728173275459584	1788728173276222464	1000000000	762.88	cc_tinlayout_fused_swin_1h_32_1_inpview_tilesync_fp8	cc_tinlayout_fused_swin_1h_32_1_inpview_tilesync_fp8
3	1	1788728173276227584	1788728173276964864	1000000000	737.28	cc_tinlayout_fused_swin_1h_32_1_chained_fp8	cc_tinlayout_fused_swin_1h_32_1_chained_fp8
4	1	1788728173276968960	1788728173277663232	1000000000	694.272	cc_tinlayout_fused_swin_1h_32_1_chained_fp8	cc_tinlayout_fused_swin_1h_32_1_chained_fp8
5	1	1788728173277668352	1788728173278497792	1000000000	829.44	cc_tinlayout_fused_swin_1h_32_1_ds_wait_fp8	cc_tinlayout_fused_swin_1h_32_1_ds_wait_fp8
6	1	1788728173278502912	1788728173279003648	1000000000	500.736	cc_tinlayout_fused_swin_2h_64_2_inpview_tilesync_fp8	cc_tinlayout_fused_swin_2h_64_2_inpview_tilesync_fp8
7	1	1788728173279007744	1788728173279531008	1000000000	523.264	cc_tinlayout_fused_swin_2h_64_2_chained_fp8	cc_tinlayout_fused_swin_2h_64_2_chained_fp8
8	1	1788728173279536128	1788728173280024576	1000000000	488.448	cc_tinlayout_fused_swin_2h_64_2_chained_fp8	cc_tinlayout_fused_swin_2h_64_2_chained_fp8
9	1	1788728173280028672	1788728173280550912	1000000000	522.24	cc_tinlayout_fused_swin_2h_64_2_ds_wait_fp8	cc_tinlayout_fused_swin_2h_64_2_ds_wait_fp8
10	1	1788728173280556032	1788728173280877568	1000000000	321.536	cc_tinlayout_fused_swin_4h_128_4_inpview_tilesync_fp8	cc_tinlayout_fused_swin_4h_128_4_inpview_tilesync_fp8
11	1	1788728173280882688	1788728173281207296	1000000000	324.608	cc_tinlayout_fused_swin_4h_128_4_chained_fp8	cc_tinlayout_fused_swin_4h_128_4_chained_fp8
12	1	1788728173281211392	1788728173281528832	1000000000	317.44	cc_tinlayout_fused_swin_4h_128_4_chained_fp8	cc_tinlayout_fused_swin_4h_128_4_chained_fp8
13	1	1788728173281532928	1788728173281854464	1000000000	321.536	cc_tinlayout_fused_swin_4h_128_4_chained_fp8	cc_tinlayout_fused_swin_4h_128_4_chained_fp8
14	1	1788728173281858560	1788728173282174976	1000000000	316.416	cc_tinlayout_fused_swin_4h_128_4_chained_fp8	cc_tinlayout_fused_swin_4h_128_4_chained_fp8
15	1	1788728173282180096	1788728173282534400	1000000000	354.304	cc_tinlayout_fused_swin_4h_128_4_ds_wait_fp8	cc_tinlayout_fused_swin_4h_128_4_ds_wait_fp8
16	1	1788728173282539520	1788728173282861056	1000000000	321.536	cc_tinlayout_fused_swin_8h_256_8_inpview_tilesync_fp8	cc_tinlayout_fused_swin_8h_256_8_inpview_tilesync_fp8
17	1	1788728173282866176	1788728173283261440	1000000000	395.264	cc_tinlayout_fused_swin_8h_256_8_chained_fp8	cc_tinlayout_fused_swin_8h_256_8_chained_fp8
18	1	1788728173283266560	1788728173283667968	1000000000	401.408	cc_tinlayout_fused_swin_8h_256_8_chained_fp8	cc_tinlayout_fused_swin_8h_256_8_chained_fp8
19	1	1788728173283673088	1788728173283979264	1000000000	306.176	cc_tinlayout_fused_swin_8h_256_8_chained_fp8	cc_tinlayout_fused_swin_8h_256_8_chained_fp8
20	1	1788728173283983360	1788728173284292608	1000000000	309.248	cc_tinlayout_fused_swin_8h_256_8_chained_fp8	cc_tinlayout_fused_swin_8h_256_8_chained_fp8
21	1	1788728173284296704	1788728173284682752	1000000000	386.048	cc_tinlayout_fused_swin_8h_256_8_chained_fp8	cc_tinlayout_fused_swin_8h_256_8_chained_fp8
22	1	1788728173284687872	1788728173285076992	1000000000	389.12	cc_tinlayout_fused_swin_8h_256_8_chained_fp8	cc_tinlayout_fused_swin_8h_256_8_chained_fp8
23	1	1788728173285081088	1788728173285430272	1000000000	349.184	cc_tinlayout_fused_swin_8h_256_8_ds_wait_fp8	cc_tinlayout_fused_swin_8h_256_8_ds_wait_fp8
24	1	1788728173285434368	1788728173285528576	1000000000	94.208	cc_split_swin_16h_ffwd_inpview_512_tilesync_fp8	cc_split_swin_16h_ffwd_inpview_512_tilesync_fp8
25	1	1788728173285532672	1788728173285621760	1000000000	89.088	cc_split_swin_16h_ffwd_proj_inpview_512_chained_fp8	cc_split_swin_16h_ffwd_proj_inpview_512_chained_fp8
26	1	1788728173285625856	1788728173285713920	1000000000	88.064	cc_split_swin_16h_qkv_512_chained_fp8	cc_split_swin_16h_qkv_512_chained_fp8
27	1	1788728173285718016	1788728173285765120	1000000000	47.104	cc_split_swin_16h_proj_512_chained_fp8	cc_split_swin_16h_proj_512_chained_fp8
28	1	1788728173285769216	1788728173285860352	1000000000	91.136	cc_split_swin_16h_ffwd_512_chained_fp8	cc_split_swin_16h_ffwd_512_chained_fp8
29	1	1788728173285864448	1788728173285912576	1000000000	48.128	cc_split_swin_16h_ffwd_proj_512_chained_fp8	cc_split_swin_16h_ffwd_proj_512_chained_fp8
30	1	1788728173285916672	1788728173286027264	1000000000	110.592	cc_split_swin_16h_qkv_512_chained_fp8	cc_split_swin_16h_qkv_512_chained_fp8
31	1	1788728173286031360	1788728173286079488	1000000000	48.128	cc_split_swin_16h_proj_512_chained_fp8	cc_split_swin_16h_proj_512_chained_fp8
32	1	1788728173286083584	1788728173286175744	1000000000	92.16	cc_split_swin_16h_ffwd_512_chained_fp8	cc_split_swin_16h_ffwd_512_chained_fp8
33	1	1788728173286179840	1788728173286227968	1000000000	48.128	cc_split_swin_16h_ffwd_proj_512_chained_fp8	cc_split_swin_16h_ffwd_proj_512_chained_fp8
34	1	1788728173286233088	1788728173286340608	1000000000	107.52	cc_split_swin_16h_qkv_512_chained_fp8	cc_split_swin_16h_qkv_512_chained_fp8
35	1	1788728173286344704	1788728173286393856	1000000000	49.152	cc_split_swin_16h_proj_512_chained_fp8	cc_split_swin_16h_proj_512_chained_fp8
36	1	1788728173286397952	1788728173286490112	1000000000	92.16	cc_split_swin_16h_ffwd_512_chained_fp8	cc_split_swin_16h_ffwd_512_chained_fp8
37	1	1788728173286494208	1788728173286541312	1000000000	47.104	cc_split_swin_16h_ffwd_proj_512_chained_fp8	cc_split_swin_16h_ffwd_proj_512_chained_fp8
38	1	1788728173286545408	1788728173286651904	1000000000	106.496	cc_split_swin_16h_qkv_512_chained_fp8	cc_split_swin_16h_qkv_512_chained_fp8
39	1	1788728173286656000	1788728173286703104	1000000000	47.104	cc_split_swin_16h_proj_512_chained_fp8	cc_split_swin_16h_proj_512_chained_fp8
40	1	1788728173286707200	1788728173286799360	1000000000	92.16	cc_split_swin_16h_ffwd_512_chained_fp8	cc_split_swin_16h_ffwd_512_chained_fp8
41	1	1788728173286803456	1788728173286851584	1000000000	48.128	cc_split_swin_16h_ffwd_proj_512_chained_fp8	cc_split_swin_16h_ffwd_proj_512_chained_fp8
42	1	1788728173286855680	1788728173286941696	1000000000	86.016	cc_split_swin_16h_qkv_512_chained_fp8	cc_split_swin_16h_qkv_512_chained_fp8
43	1	1788728173286945792	1788728173286992896	1000000000	47.104	cc_split_swin_16h_proj_512_chained_fp8	cc_split_swin_16h_proj_512_chained_fp8
44	1	1788728173286996992	1788728173287089152	1000000000	92.16	cc_split_swin_16h_ffwd_512_chained_fp8	cc_split_swin_16h_ffwd_512_chained_fp8
45	1	1788728173287093248	1788728173287141376	1000000000	48.128	cc_split_swin_16h_ffwd_proj_512_chained_fp8	cc_split_swin_16h_ffwd_proj_512_chained_fp8
46	1	1788728173287145472	1788728173287255040	1000000000	109.568	cc_split_swin_16h_qkv_512_chained_fp8	cc_split_swin_16h_qkv_512_chained_fp8
47	1	1788728173287259136	1788728173287308288	1000000000	49.152	cc_split_swin_16h_proj_512_chained_fp8	cc_split_swin_16h_proj_512_chained_fp8
48	1	1788728173287312384	1788728173287404544	1000000000	92.16	cc_split_swin_16h_ffwd_512_chained_fp8	cc_split_swin_16h_ffwd_512_chained_fp8
49	1	1788728173287408640	1788728173287456768	1000000000	48.128	cc_split_swin_16h_ffwd_proj_512_chained_fp8	cc_split_swin_16h_ffwd_proj_512_chained_fp8
50	1	1788728173287460864	1788728173287568384	1000000000	107.52	cc_split_swin_16h_qkv_512_chained_fp8	cc_split_swin_16h_qkv_512_chained_fp8
51	1	1788728173287572480	1788728173287621632	1000000000	49.152	cc_split_swin_16h_proj_512_chained_fp8	cc_split_swin_16h_proj_512_chained_fp8
52	1	1788728173287625728	1788728173287716864	1000000000	91.136	cc_split_swin_16h_ffwd_512_chained_fp8	cc_split_swin_16h_ffwd_512_chained_fp8
53	1	1788728173287720960	1788728173287769088	1000000000	48.128	cc_split_swin_16h_ffwd_proj_512_chained_fp8	cc_split_swin_16h_ffwd_proj_512_chained_fp8
54	1	1788728173287773184	1788728173287881728	1000000000	108.544	cc_split_swin_16h_qkv_512_chained_fp8	cc_split_swin_16h_qkv_512_chained_fp8
55	1	1788728173287885824	1788728173287926784	1000000000	40.96	cc_split_swin_16h_proj_pool_512_chained_fp8	cc_split_swin_16h_proj_pool_512_chained_fp8
56	1	1788728173287930880	1788728173287960576	1000000000	29.696	cc_split_swin_16h_final_head_512_wait_fp8	cc_split_swin_16h_final_head_512_wait_fp8
57	1	1788728173287964672	1788728173287972864	1000000000	8.192	cc_vit_1d_repack_2d_to_1d_fp8	cc_vit_1d_repack_2d_to_1d_fp8
58	1	1788728173287976960	1788728173288146944	1000000000	169.984	cc_vit_1d_ffn_expand_publish_fp8	cc_vit_1d_ffn_expand_publish_fp8
59	1	1788728173288151040	1788728173288268800	1000000000	117.76	cc_vit_1d_ffn_contract_chained_fp8	cc_vit_1d_ffn_contract_chained_fp8
60	1	1788728173288273920	1788728173288372224	1000000000	98.304	cc_vit_1d_qkv_chained_fp8	cc_vit_1d_qkv_chained_fp8
61	1	1788728173288377344	1788728173288474624	1000000000	97.28	cc_vit_1d_attention_chained_fp8	cc_vit_1d_attention_chained_fp8
62	1	1788728173288478720	1788728173288525824	1000000000	47.104	cc_vit_1d_projection_chained_fp8	cc_vit_1d_projection_chained_fp8
63	1	1788728173288530944	1788728173288683520	1000000000	152.576	cc_vit_1d_ffn_expand_chained_fp8	cc_vit_1d_ffn_expand_chained_fp8
64	1	1788728173288688640	1788728173288805376	1000000000	116.736	cc_vit_1d_ffn_contract_chained_fp8	cc_vit_1d_ffn_contract_chained_fp8
65	1	1788728173288810496	1788728173288910848	1000000000	100.352	cc_vit_1d_qkv_chained_fp8	cc_vit_1d_qkv_chained_fp8
66	1	1788728173288914944	1788728173289013248	1000000000	98.304	cc_vit_1d_attention_chained_fp8	cc_vit_1d_attention_chained_fp8
67	1	1788728173289017344	1788728173289064448	1000000000	47.104	cc_vit_1d_projection_chained_fp8	cc_vit_1d_projection_chained_fp8
68	1	1788728173289068544	1788728173289223168	1000000000	154.624	cc_vit_1d_ffn_expand_chained_fp8	cc_vit_1d_ffn_expand_chained_fp8
69	1	1788728173289227264	1788728173289345024	1000000000	117.76	cc_vit_1d_ffn_contract_chained_fp8	cc_vit_1d_ffn_contract_chained_fp8
70	1	1788728173289350144	1788728173289449472	1000000000	99.328	cc_vit_1d_qkv_chained_fp8	cc_vit_1d_qkv_chained_fp8
71	1	1788728173289453568	1788728173289551872	1000000000	98.304	cc_vit_1d_attention_chained_fp8	cc_vit_1d_attention_chained_fp8
72	1	1788728173289555968	1788728173289603072	1000000000	47.104	cc_vit_1d_projection_chained_fp8	cc_vit_1d_projection_chained_fp8
73	1	1788728173289608192	1788728173289761792	1000000000	153.6	cc_vit_1d_ffn_expand_chained_fp8	cc_vit_1d_ffn_expand_chained_fp8
74	1	1788728173289765888	1788728173289882624	1000000000	116.736	cc_vit_1d_ffn_contract_chained_fp8	cc_vit_1d_ffn_contract_chained_fp8
75	1	1788728173289887744	1788728173289987072	1000000000	99.328	cc_vit_1d_qkv_chained_fp8	cc_vit_1d_qkv_chained_fp8
76	1	1788728173289991168	1788728173290089472	1000000000	98.304	cc_vit_1d_attention_chained_fp8	cc_vit_1d_attention_chained_fp8
77	1	1788728173290093568	1788728173290140672	1000000000	47.104	cc_vit_1d_projection_chained_fp8	cc_vit_1d_projection_chained_fp8
78	1	1788728173290144768	1788728173290301440	1000000000	156.672	cc_vit_1d_ffn_expand_chained_fp8	cc_vit_1d_ffn_expand_chained_fp8
79	1	1788728173290305536	1788728173290423296	1000000000	117.76	cc_vit_1d_ffn_contract_chained_fp8	cc_vit_1d_ffn_contract_chained_fp8
80	1	1788728173290428416	1788728173290528768	1000000000	100.352	cc_vit_1d_qkv_chained_fp8	cc_vit_1d_qkv_chained_fp8
81	1	1788728173290532864	1788728173290631168	1000000000	98.304	cc_vit_1d_attention_chained_fp8	cc_vit_1d_attention_chained_fp8
82	1	1788728173290635264	1788728173290682368	1000000000	47.104	cc_vit_1d_projection_chained_fp8	cc_vit_1d_projection_chained_fp8
83	1	1788728173290687488	1788728173290841088	1000000000	153.6	cc_vit_1d_ffn_expand_chained_fp8	cc_vit_1d_ffn_expand_chained_fp8
84	1	1788728173290845184	1788728173290962944	1000000000	117.76	cc_vit_1d_ffn_contract_chained_fp8	cc_vit_1d_ffn_contract_chained_fp8
85	1	1788728173290968064	1788728173291068416	1000000000	100.352	cc_vit_1d_qkv_chained_fp8	cc_vit_1d_qkv_chained_fp8
86	1	1788728173291072512	1788728173291170816	1000000000	98.304	cc_vit_1d_attention_chained_fp8	cc_vit_1d_attention_chained_fp8
87	1	1788728173291174912	1788728173291222016	1000000000	47.104	cc_vit_1d_projection_chained_fp8	cc_vit_1d_projection_chained_fp8
88	1	1788728173291227136	1788728173291379712	1000000000	152.576	cc_vit_1d_ffn_expand_chained_fp8	cc_vit_1d_ffn_expand_chained_fp8
89	1	1788728173291383808	1788728173291501568	1000000000	117.76	cc_vit_1d_ffn_contract_chained_fp8	cc_vit_1d_ffn_contract_chained_fp8
90	1	1788728173291505664	1788728173291604992	1000000000	99.328	cc_vit_1d_qkv_chained_fp8	cc_vit_1d_qkv_chained_fp8
91	1	1788728173291609088	1788728173291707392	1000000000	98.304	cc_vit_1d_attention_chained_fp8	cc_vit_1d_attention_chained_fp8
92	1	1788728173291711488	1788728173291758592	1000000000	47.104	cc_vit_1d_projection_chained_fp8	cc_vit_1d_projection_chained_fp8
93	1	1788728173291762688	1788728173291918336	1000000000	155.648	cc_vit_1d_ffn_expand_chained_fp8	cc_vit_1d_ffn_expand_chained_fp8
94	1	1788728173291922432	1788728173292041216	1000000000	118.784	cc_vit_1d_ffn_contract_chained_fp8	cc_vit_1d_ffn_contract_chained_fp8
95	1	1788728173292045312	1788728173292144640	1000000000	99.328	cc_vit_1d_qkv_chained_fp8	cc_vit_1d_qkv_chained_fp8
96	1	1788728173292148736	1788728173292247040	1000000000	98.304	cc_vit_1d_attention_chained_fp8	cc_vit_1d_attention_chained_fp8
97	1	1788728173292251136	1788728173292297216	1000000000	46.08	cc_vit_1d_projection_wait_fp8	cc_vit_1d_projection_wait_fp8
98	1	1788728173292301312	1788728173292309504	1000000000	8.192	cc_vit_1d_repack_1d_to_2d_fp8	cc_vit_1d_repack_1d_to_2d_fp8
99	1	1788728173292313600	1788728173292351488	1000000000	37.888	cc_dec_input_upsample_1024_512_tilesync_fp8	cc_dec_input_upsample_1024_512_tilesync_fp8
100	1	1788728173292355584	1788728173292447744	1000000000	92.16	cc_split_swin_16h_ffwd_512_chained_fp8	cc_split_swin_16h_ffwd_512_chained_fp8
101	1	1788728173292451840	1788728173292498944	1000000000	47.104	cc_split_swin_16h_ffwd_proj_512_chained_fp8	cc_split_swin_16h_ffwd_proj_512_chained_fp8
102	1	1788728173292504064	1788728173292590080	1000000000	86.016	cc_split_swin_16h_qkv_512_chained_fp8	cc_split_swin_16h_qkv_512_chained_fp8
103	1	1788728173292595200	1788728173292642304	1000000000	47.104	cc_split_swin_16h_proj_512_chained_fp8	cc_split_swin_16h_proj_512_chained_fp8
104	1	1788728173292646400	1788728173292737536	1000000000	91.136	cc_split_swin_16h_ffwd_512_chained_fp8	cc_split_swin_16h_ffwd_512_chained_fp8
105	1	1788728173292741632	1788728173292789760	1000000000	48.128	cc_split_swin_16h_ffwd_proj_512_chained_fp8	cc_split_swin_16h_ffwd_proj_512_chained_fp8
106	1	1788728173292793856	1788728173292903424	1000000000	109.568	cc_split_swin_16h_qkv_512_chained_fp8	cc_split_swin_16h_qkv_512_chained_fp8
107	1	1788728173292907520	1788728173292955648	1000000000	48.128	cc_split_swin_16h_proj_512_chained_fp8	cc_split_swin_16h_proj_512_chained_fp8
108	1	1788728173292959744	1788728173293050880	1000000000	91.136	cc_split_swin_16h_ffwd_512_chained_fp8	cc_split_swin_16h_ffwd_512_chained_fp8
109	1	1788728173293054976	1788728173293103104	1000000000	48.128	cc_split_swin_16h_ffwd_proj_512_chained_fp8	cc_split_swin_16h_ffwd_proj_512_chained_fp8
110	1	1788728173293107200	1788728173293215744	1000000000	108.544	cc_split_swin_16h_qkv_512_chained_fp8	cc_split_swin_16h_qkv_512_chained_fp8
111	1	1788728173293219840	1788728173293267968	1000000000	48.128	cc_split_swin_16h_proj_512_chained_fp8	cc_split_swin_16h_proj_512_chained_fp8
112	1	1788728173293272064	1788728173293364224	1000000000	92.16	cc_split_swin_16h_ffwd_512_chained_fp8	cc_split_swin_16h_ffwd_512_chained_fp8
113	1	1788728173293368320	1788728173293416448	1000000000	48.128	cc_split_swin_16h_ffwd_proj_512_chained_fp8	cc_split_swin_16h_ffwd_proj_512_chained_fp8
114	1	1788728173293420544	1788728173293529088	1000000000	108.544	cc_split_swin_16h_qkv_512_chained_fp8	cc_split_swin_16h_qkv_512_chained_fp8
115	1	1788728173293533184	1788728173293581312	1000000000	48.128	cc_split_swin_16h_proj_512_chained_fp8	cc_split_swin_16h_proj_512_chained_fp8
116	1	1788728173293585408	1788728173293676544	1000000000	91.136	cc_split_swin_16h_ffwd_512_chained_fp8	cc_split_swin_16h_ffwd_512_chained_fp8
117	1	1788728173293680640	1788728173293728768	1000000000	48.128	cc_split_swin_16h_ffwd_proj_512_chained_fp8	cc_split_swin_16h_ffwd_proj_512_chained_fp8
118	1	1788728173293733888	1788728173293819904	1000000000	86.016	cc_split_swin_16h_qkv_512_chained_fp8	cc_split_swin_16h_qkv_512_chained_fp8
119	1	1788728173293824000	1788728173293871104	1000000000	47.104	cc_split_swin_16h_proj_512_chained_fp8	cc_split_swin_16h_proj_512_chained_fp8
120	1	1788728173293875200	1788728173293966336	1000000000	91.136	cc_split_swin_16h_ffwd_512_chained_fp8	cc_split_swin_16h_ffwd_512_chained_fp8
121	1	1788728173293970432	1788728173294017536	1000000000	47.104	cc_split_swin_16h_ffwd_proj_512_chained_fp8	cc_split_swin_16h_ffwd_proj_512_chained_fp8
122	1	1788728173294022656	1788728173294132224	1000000000	109.568	cc_split_swin_16h_qkv_512_chained_fp8	cc_split_swin_16h_qkv_512_chained_fp8
123	1	1788728173294136320	1788728173294185472	1000000000	49.152	cc_split_swin_16h_proj_512_chained_fp8	cc_split_swin_16h_proj_512_chained_fp8
124	1	1788728173294189568	1788728173294281728	1000000000	92.16	cc_split_swin_16h_ffwd_512_chained_fp8	cc_split_swin_16h_ffwd_512_chained_fp8
125	1	1788728173294285824	1788728173294332928	1000000000	47.104	cc_split_swin_16h_ffwd_proj_512_chained_fp8	cc_split_swin_16h_ffwd_proj_512_chained_fp8
126	1	1788728173294338048	1788728173294447616	1000000000	109.568	cc_split_swin_16h_qkv_512_chained_fp8	cc_split_swin_16h_qkv_512_chained_fp8
127	1	1788728173294451712	1788728173294500864	1000000000	49.152	cc_split_swin_16h_proj_512_chained_fp8	cc_split_swin_16h_proj_512_chained_fp8
128	1	1788728173294504960	1788728173294597120	1000000000	92.16	cc_split_swin_16h_ffwd_512_chained_fp8	cc_split_swin_16h_ffwd_512_chained_fp8
129	1	1788728173294601216	1788728173294649344	1000000000	48.128	cc_split_swin_16h_ffwd_proj_512_chained_fp8	cc_split_swin_16h_ffwd_proj_512_chained_fp8
130	1	1788728173294653440	1788728173294761984	1000000000	108.544	cc_split_swin_16h_qkv_512_chained_fp8	cc_split_swin_16h_qkv_512_chained_fp8
131	1	1788728173294766080	1788728173294862336	1000000000	96.256	cc_split_swin_16h_proj_512_outview_wait_fp8	cc_split_swin_16h_proj_512_outview_wait_fp8
132	1	1788728173294867456	1788728173295228928	1000000000	361.472	cc_tinlayout_fused_swin_8h_256_8_upsample_tilesync_fp8	cc_tinlayout_fused_swin_8h_256_8_upsample_tilesync_fp8
133	1	1788728173295233024	1788728173295636480	1000000000	403.456	cc_tinlayout_fused_swin_8h_256_8_chained_fp8	cc_tinlayout_fused_swin_8h_256_8_chained_fp8
134	1	1788728173295641600	1788728173296034816	1000000000	393.216	cc_tinlayout_fused_swin_8h_256_8_chained_fp8	cc_tinlayout_fused_swin_8h_256_8_chained_fp8
135	1	1788728173296039936	1788728173296344064	1000000000	304.128	cc_tinlayout_fused_swin_8h_256_8_chained_fp8	cc_tinlayout_fused_swin_8h_256_8_chained_fp8
136	1	1788728173296349184	1788728173296656384	1000000000	307.2	cc_tinlayout_fused_swin_8h_256_8_chained_fp8	cc_tinlayout_fused_swin_8h_256_8_chained_fp8
137	1	1788728173296661504	1788728173297048576	1000000000	387.072	cc_tinlayout_fused_swin_8h_256_8_chained_fp8	cc_tinlayout_fused_swin_8h_256_8_chained_fp8
138	1	1788728173297053696	1788728173297442816	1000000000	389.12	cc_tinlayout_fused_swin_8h_256_8_chained_fp8	cc_tinlayout_fused_swin_8h_256_8_chained_fp8
139	1	1788728173297447936	1788728173297758208	1000000000	310.272	cc_tinlayout_fused_swin_8h_256_8_outview_wait_fp8	cc_tinlayout_fused_swin_8h_256_8_outview_wait_fp8
140	1	1788728173297762304	1788728173298199552	1000000000	437.248	cc_tinlayout_fused_swin_4h_128_4_upsample_tilesync_fp8	cc_tinlayout_fused_swin_4h_128_4_upsample_tilesync_fp8
141	1	1788728173298203648	1788728173298532352	1000000000	328.704	cc_tinlayout_fused_swin_4h_128_4_chained_fp8	cc_tinlayout_fused_swin_4h_128_4_chained_fp8
142	1	1788728173298536448	1788728173298852864	1000000000	316.416	cc_tinlayout_fused_swin_4h_128_4_chained_fp8	cc_tinlayout_fused_swin_4h_128_4_chained_fp8
143	1	1788728173298856960	1788728173299177472	1000000000	320.512	cc_tinlayout_fused_swin_4h_128_4_chained_fp8	cc_tinlayout_fused_swin_4h_128_4_chained_fp8
144	1	1788728173299181568	1788728173299496960	1000000000	315.392	cc_tinlayout_fused_swin_4h_128_4_chained_fp8	cc_tinlayout_fused_swin_4h_128_4_chained_fp8
145	1	1788728173299501056	1788728173300268032	1000000000	766.976	cc_tinlayout_fused_swin_4h_128_4_outview_wait_fp8	cc_tinlayout_fused_swin_4h_128_4_outview_wait_fp8
146	1	1788728173300273152	1788728173301381120	1000000000	1107.97	cc_tinlayout_fused_swin_2h_64_2_upsample_tilesync_fp8	cc_tinlayout_fused_swin_2h_64_2_upsample_tilesync_fp8
147	1	1788728173301385216	1788728173301909504	1000000000	524.288	cc_tinlayout_fused_swin_2h_64_2_chained_fp8	cc_tinlayout_fused_swin_2h_64_2_chained_fp8
148	1	1788728173301913600	1788728173302408192	1000000000	494.592	cc_tinlayout_fused_swin_2h_64_2_chained_fp8	cc_tinlayout_fused_swin_2h_64_2_chained_fp8
149	1	1788728173302412288	1788728173302908928	1000000000	496.64	cc_tinlayout_fused_swin_2h_64_2_outview_wait_fp8	cc_tinlayout_fused_swin_2h_64_2_outview_wait_fp8
150	1	1788728173302913024	1788728173304920064	1000000000	2007.04	cc_tinlayout_fused_swin_1h_32_1_upsample_tilesync_fp8	cc_tinlayout_fused_swin_1h_32_1_upsample_tilesync_fp8
151	1	1788728173304925184	1788728173305703424	1000000000	778.24	cc_tinlayout_fused_swin_1h_32_1_chained_fp8	cc_tinlayout_fused_swin_1h_32_1_chained_fp8
152	1	1788728173305707520	1788728173306370048	1000000000	662.528	cc_tinlayout_fused_swin_1h_32_1_chained_fp8	cc_tinlayout_fused_swin_1h_32_1_chained_fp8
153	1	1788728173306374144	1788728173307469824	1000000000	1095.68	cc_tinlayout_fused_swin_1h_32_1_outview_wait_fp8	cc_tinlayout_fused_swin_1h_32_1_outview_wait_fp8
154	1	1788728173307473920	1788728173312221184	1000000000	4747.26	cc_tinlayout_fused_post_block_swin_1h_32_fp8	cc_tinlayout_fused_post_block_swin_1h_32_fp8
155	1	1788728173312225280	1788728173312262144	1000000000	36.864	cg2r_copy_kernel	cg2r_copy_kernel
156	1	1788728173507310592	1788728173507316736	1000000000	6.144	cc_cb_clear	cc_cb_clear
157	1	1788728173507321856	1788728173510280192	1000000000	2958.34	cc_tinlayout_fused_pre_block_swin_1h_32_1_ds_fp8	cc_tinlayout_fused_pre_block_swin_1h_32_1_ds_fp8
158	1	1788728173510284288	1788728173511049216	1000000000	764.928	cc_tinlayout_fused_swin_1h_32_1_inpview_tilesync_fp8	cc_tinlayout_fused_swin_1h_32_1_inpview_tilesync_fp8
159	1	1788728173511053312	1788728173511780352	1000000000	727.04	cc_tinlayout_fused_swin_1h_32_1_chained_fp8	cc_tinlayout_fused_swin_1h_32_1_chained_fp8
160	1	1788728173511784448	1788728173512458240	1000000000	673.792	cc_tinlayout_fused_swin_1h_32_1_chained_fp8	cc_tinlayout_fused_swin_1h_32_1_chained_fp8
161	1	1788728173512462336	1788728173513298944	1000000000	836.608	cc_tinlayout_fused_swin_1h_32_1_ds_wait_fp8	cc_tinlayout_fused_swin_1h_32_1_ds_wait_fp8
162	1	1788728173513303040	1788728173513798656	1000000000	495.616	cc_tinlayout_fused_swin_2h_64_2_inpview_tilesync_fp8	cc_tinlayout_fused_swin_2h_64_2_inpview_tilesync_fp8
163	1	1788728173513802752	1788728173514330112	1000000000	527.36	cc_tinlayout_fused_swin_2h_64_2_chained_fp8	cc_tinlayout_fused_swin_2h_64_2_chained_fp8
164	1	1788728173514334208	1788728173514831872	1000000000	497.664	cc_tinlayout_fused_swin_2h_64_2_chained_fp8	cc_tinlayout_fused_swin_2h_64_2_chained_fp8
165	1	1788728173514835968	1788728173515357184	1000000000	521.216	cc_tinlayout_fused_swin_2h_64_2_ds_wait_fp8	cc_tinlayout_fused_swin_2h_64_2_ds_wait_fp8
166	1	1788728173515361280	1788728173515686912	1000000000	325.632	cc_tinlayout_fused_swin_4h_128_4_inpview_tilesync_fp8	cc_tinlayout_fused_swin_4h_128_4_inpview_tilesync_fp8
167	1	1788728173515691008	1788728173516016640	1000000000	325.632	cc_tinlayout_fused_swin_4h_128_4_chained_fp8	cc_tinlayout_fused_swin_4h_128_4_chained_fp8
168	1	1788728173516020736	1788728173516340224	1000000000	319.488	cc_tinlayout_fused_swin_4h_128_4_chained_fp8	cc_tinlayout_fused_swin_4h_128_4_chained_fp8
169	1	1788728173516344320	1788728173516667904	1000000000	323.584	cc_tinlayout_fused_swin_4h_128_4_chained_fp8	cc_tinlayout_fused_swin_4h_128_4_chained_fp8
170	1	1788728173516672000	1788728173516987392	1000000000	315.392	cc_tinlayout_fused_swin_4h_128_4_chained_fp8	cc_tinlayout_fused_swin_4h_128_4_chained_fp8
171	1	1788728173516991488	1788728173517346816	1000000000	355.328	cc_tinlayout_fused_swin_4h_128_4_ds_wait_fp8	cc_tinlayout_fused_swin_4h_128_4_ds_wait_fp8
172	1	1788728173517350912	1788728173517672448	1000000000	321.536	cc_tinlayout_fused_swin_8h_256_8_inpview_tilesync_fp8	cc_tinlayout_fused_swin_8h_256_8_inpview_tilesync_fp8
173	1	1788728173517676544	1788728173518073856	1000000000	397.312	cc_tinlayout_fused_swin_8h_256_8_chained_fp8	cc_tinlayout_fused_swin_8h_256_8_chained_fp8
174	1	1788728173518077952	1788728173518482432	1000000000	404.48	cc_tinlayout_fused_swin_8h_256_8_chained_fp8	cc_tinlayout_fused_swin_8h_256_8_chained_fp8
175	1	1788728173518486528	1788728173518787584	1000000000	301.056	cc_tinlayout_fused_swin_8h_256_8_chained_fp8	cc_tinlayout_fused_swin_8h_256_8_chained_fp8
176	1	1788728173518791680	1788728173519096832	1000000000	305.152	cc_tinlayout_fused_swin_8h_256_8_chained_fp8	cc_tinlayout_fused_swin_8h_256_8_chained_fp8
177	1	1788728173519100928	1788728173519491072	1000000000	390.144	cc_tinlayout_fused_swin_8h_256_8_chained_fp8	cc_tinlayout_fused_swin_8h_256_8_chained_fp8
178	1	1788728173519495168	1788728173519888384	1000000000	393.216	cc_tinlayout_fused_swin_8h_256_8_chained_fp8	cc_tinlayout_fused_swin_8h_256_8_chained_fp8
179	1	1788728173519892480	1788728173520240640	1000000000	348.16	cc_tinlayout_fused_swin_8h_256_8_ds_wait_fp8	cc_tinlayout_fused_swin_8h_256_8_ds_wait_fp8
180	1	1788728173520244736	1788728173520337920	1000000000	93.184	cc_split_swin_16h_ffwd_inpview_512_tilesync_fp8	cc_split_swin_16h_ffwd_inpview_512_tilesync_fp8
181	1	1788728173520342016	1788728173520435200	1000000000	93.184	cc_split_swin_16h_ffwd_proj_inpview_512_chained_fp8	cc_split_swin_16h_ffwd_proj_inpview_512_chained_fp8
182	1	1788728173520440320	1788728173520527360	1000000000	87.04	cc_split_swin_16h_qkv_512_chained_fp8	cc_split_swin_16h_qkv_512_chained_fp8
183	1	1788728173520531456	1788728173520578560	1000000000	47.104	cc_split_swin_16h_proj_512_chained_fp8	cc_split_swin_16h_proj_512_chained_fp8
184	1	1788728173520582656	1788728173520674816	1000000000	92.16	cc_split_swin_16h_ffwd_512_chained_fp8	cc_split_swin_16h_ffwd_512_chained_fp8
185	1	1788728173520678912	1788728173520727040	1000000000	48.128	cc_split_swin_16h_ffwd_proj_512_chained_fp8	cc_split_swin_16h_ffwd_proj_512_chained_fp8
186	1	1788728173520731136	1788728173520840704	1000000000	109.568	cc_split_swin_16h_qkv_512_chained_fp8	cc_split_swin_16h_qkv_512_chained_fp8
187	1	1788728173520844800	1788728173520893952	1000000000	49.152	cc_split_swin_16h_proj_512_chained_fp8	cc_split_swin_16h_proj_512_chained_fp8
188	1	1788728173520898048	1788728173520990208	1000000000	92.16	cc_split_swin_16h_ffwd_512_chained_fp8	cc_split_swin_16h_ffwd_512_chained_fp8
189	1	1788728173520994304	1788728173521042432	1000000000	48.128	cc_split_swin_16h_ffwd_proj_512_chained_fp8	cc_split_swin_16h_ffwd_proj_512_chained_fp8
190	1	1788728173521046528	1788728173521155072	1000000000	108.544	cc_split_swin_16h_qkv_512_chained_fp8	cc_split_swin_16h_qkv_512_chained_fp8
191	1	1788728173521159168	1788728173521208320	1000000000	49.152	cc_split_swin_16h_proj_512_chained_fp8	cc_split_swin_16h_proj_512_chained_fp8
192	1	1788728173521212416	1788728173521304576	1000000000	92.16	cc_split_swin_16h_ffwd_512_chained_fp8	cc_split_swin_16h_ffwd_512_chained_fp8
193	1	1788728173521308672	1788728173521355776	1000000000	47.104	cc_split_swin_16h_ffwd_proj_512_chained_fp8	cc_split_swin_16h_ffwd_proj_512_chained_fp8
194	1	1788728173521360896	1788728173521468416	1000000000	107.52	cc_split_swin_16h_qkv_512_chained_fp8	cc_split_swin_16h_qkv_512_chained_fp8
195	1	1788728173521472512	1788728173521519616	1000000000	47.104	cc_split_swin_16h_proj_512_chained_fp8	cc_split_swin_16h_proj_512_chained_fp8
196	1	1788728173521523712	1788728173521615872	1000000000	92.16	cc_split_swin_16h_ffwd_512_chained_fp8	cc_split_swin_16h_ffwd_512_chained_fp8
197	1	1788728173521618944	1788728173521667072	1000000000	48.128	cc_split_swin_16h_ffwd_proj_512_chained_fp8	cc_split_swin_16h_ffwd_proj_512_chained_fp8
198	1	1788728173521671168	1788728173521757184	1000000000	86.016	cc_split_swin_16h_qkv_512_chained_fp8	cc_split_swin_16h_qkv_512_chained_fp8
199	1	1788728173521761280	1788728173521808384	1000000000	47.104	cc_split_swin_16h_proj_512_chained_fp8	cc_split_swin_16h_proj_512_chained_fp8
200	1	1788728173521812480	1788728173521903616	1000000000	91.136	cc_split_swin_16h_ffwd_512_chained_fp8	cc_split_swin_16h_ffwd_512_chained_fp8
201	1	1788728173521907712	1788728173521955840	1000000000	48.128	cc_split_swin_16h_ffwd_proj_512_chained_fp8	cc_split_swin_16h_ffwd_proj_512_chained_fp8
202	1	1788728173521959936	1788728173522069504	1000000000	109.568	cc_split_swin_16h_qkv_512_chained_fp8	cc_split_swin_16h_qkv_512_chained_fp8
203	1	1788728173522072576	1788728173522121728	1000000000	49.152	cc_split_swin_16h_proj_512_chained_fp8	cc_split_swin_16h_proj_512_chained_fp8
204	1	1788728173522125824	1788728173522217984	1000000000	92.16	cc_split_swin_16h_ffwd_512_chained_fp8	cc_split_swin_16h_ffwd_512_chained_fp8
205	1	1788728173522222080	1788728173522270208	1000000000	48.128	cc_split_swin_16h_ffwd_proj_512_chained_fp8	cc_split_swin_16h_ffwd_proj_512_chained_fp8
206	1	1788728173522274304	1788728173522382848	1000000000	108.544	cc_split_swin_16h_qkv_512_chained_fp8	cc_split_swin_16h_qkv_512_chained_fp8
207	1	1788728173522386944	1788728173522436096	1000000000	49.152	cc_split_swin_16h_proj_512_chained_fp8	cc_split_swin_16h_proj_512_chained_fp8
208	1	1788728173522440192	1788728173522531328	1000000000	91.136	cc_split_swin_16h_ffwd_512_chained_fp8	cc_split_swin_16h_ffwd_512_chained_fp8
209	1	1788728173522535424	1788728173522584576	1000000000	49.152	cc_split_swin_16h_ffwd_proj_512_chained_fp8	cc_split_swin_16h_ffwd_proj_512_chained_fp8
210	1	1788728173522588672	1788728173522697216	1000000000	108.544	cc_split_swin_16h_qkv_512_chained_fp8	cc_split_swin_16h_qkv_512_chained_fp8
211	1	1788728173522701312	1788728173522743296	1000000000	41.984	cc_split_swin_16h_proj_pool_512_chained_fp8	cc_split_swin_16h_proj_pool_512_chained_fp8
212	1	1788728173522747392	1788728173522776064	1000000000	28.672	cc_split_swin_16h_final_head_512_wait_fp8	cc_split_swin_16h_final_head_512_wait_fp8
213	1	1788728173522780160	1788728173522788352	1000000000	8.192	cc_vit_1d_repack_2d_to_1d_fp8	cc_vit_1d_repack_2d_to_1d_fp8
214	1	1788728173522791424	1788728173522961408	1000000000	169.984	cc_vit_1d_ffn_expand_publish_fp8	cc_vit_1d_ffn_expand_publish_fp8
215	1	1788728173522965504	1788728173523083264	1000000000	117.76	cc_vit_1d_ffn_contract_chained_fp8	cc_vit_1d_ffn_contract_chained_fp8
216	1	1788728173523087360	1788728173523186688	1000000000	99.328	cc_vit_1d_qkv_chained_fp8	cc_vit_1d_qkv_chained_fp8
217	1	1788728173523190784	1788728173523289088	1000000000	98.304	cc_vit_1d_attention_chained_fp8	cc_vit_1d_attention_chained_fp8
218	1	1788728173523293184	1788728173523340288	1000000000	47.104	cc_vit_1d_projection_chained_fp8	cc_vit_1d_projection_chained_fp8
219	1	1788728173523344384	1788728173523500032	1000000000	155.648	cc_vit_1d_ffn_expand_chained_fp8	cc_vit_1d_ffn_expand_chained_fp8
220	1	1788728173523504128	1788728173523621888	1000000000	117.76	cc_vit_1d_ffn_contract_chained_fp8	cc_vit_1d_ffn_contract_chained_fp8
221	1	1788728173523625984	1788728173523725312	1000000000	99.328	cc_vit_1d_qkv_chained_fp8	cc_vit_1d_qkv_chained_fp8
222	1	1788728173523729408	1788728173523827712	1000000000	98.304	cc_vit_1d_attention_chained_fp8	cc_vit_1d_attention_chained_fp8
223	1	1788728173523830784	1788728173523877888	1000000000	47.104	cc_vit_1d_projection_chained_fp8	cc_vit_1d_projection_chained_fp8
224	1	1788728173523881984	1788728173524036608	1000000000	154.624	cc_vit_1d_ffn_expand_chained_fp8	cc_vit_1d_ffn_expand_chained_fp8
225	1	1788728173524040704	1788728173524158464	1000000000	117.76	cc_vit_1d_ffn_contract_chained_fp8	cc_vit_1d_ffn_contract_chained_fp8
226	1	1788728173524162560	1788728173524263936	1000000000	101.376	cc_vit_1d_qkv_chained_fp8	cc_vit_1d_qkv_chained_fp8
227	1	1788728173524271104	1788728173524369408	1000000000	98.304	cc_vit_1d_attention_chained_fp8	cc_vit_1d_attention_chained_fp8
228	1	1788728173524373504	1788728173524421632	1000000000	48.128	cc_vit_1d_projection_chained_fp8	cc_vit_1d_projection_chained_fp8
229	1	1788728173524425728	1788728173524580352	1000000000	154.624	cc_vit_1d_ffn_expand_chained_fp8	cc_vit_1d_ffn_expand_chained_fp8
230	1	1788728173524584448	1788728173524702208	1000000000	117.76	cc_vit_1d_ffn_contract_chained_fp8	cc_vit_1d_ffn_contract_chained_fp8
231	1	1788728173524706304	1788728173524805632	1000000000	99.328	cc_vit_1d_qkv_chained_fp8	cc_vit_1d_qkv_chained_fp8
232	1	1788728173524809728	1788728173524908032	1000000000	98.304	cc_vit_1d_attention_chained_fp8	cc_vit_1d_attention_chained_fp8
233	1	1788728173524912128	1788728173524959232	1000000000	47.104	cc_vit_1d_projection_chained_fp8	cc_vit_1d_projection_chained_fp8
234	1	1788728173524963328	1788728173525116928	1000000000	153.6	cc_vit_1d_ffn_expand_chained_fp8	cc_vit_1d_ffn_expand_chained_fp8
235	1	1788728173525121024	1788728173525238784	1000000000	117.76	cc_vit_1d_ffn_contract_chained_fp8	cc_vit_1d_ffn_contract_chained_fp8
236	1	1788728173525243904	1788728173525343232	1000000000	99.328	cc_vit_1d_qkv_chained_fp8	cc_vit_1d_qkv_chained_fp8
237	1	1788728173525347328	1788728173525445632	1000000000	98.304	cc_vit_1d_attention_chained_fp8	cc_vit_1d_attention_chained_fp8
238	1	1788728173525449728	1788728173525496832	1000000000	47.104	cc_vit_1d_projection_chained_fp8	cc_vit_1d_projection_chained_fp8
239	1	1788728173525500928	1788728173525654528	1000000000	153.6	cc_vit_1d_ffn_expand_chained_fp8	cc_vit_1d_ffn_expand_chained_fp8
240	1	1788728173525658624	1788728173525776384	1000000000	117.76	cc_vit_1d_ffn_contract_chained_fp8	cc_vit_1d_ffn_contract_chained_fp8
241	1	1788728173525780480	1788728173525879808	1000000000	99.328	cc_vit_1d_qkv_chained_fp8	cc_vit_1d_qkv_chained_fp8
242	1	1788728173525884928	1788728173525982208	1000000000	97.28	cc_vit_1d_attention_chained_fp8	cc_vit_1d_attention_chained_fp8
243	1	1788728173525986304	1788728173526032384	1000000000	46.08	cc_vit_1d_projection_chained_fp8	cc_vit_1d_projection_chained_fp8
244	1	1788728173526036480	1788728173526192128	1000000000	155.648	cc_vit_1d_ffn_expand_chained_fp8	cc_vit_1d_ffn_expand_chained_fp8
245	1	1788728173526196224	1788728173526313984	1000000000	117.76	cc_vit_1d_ffn_contract_chained_fp8	cc_vit_1d_ffn_contract_chained_fp8
246	1	1788728173526319104	1788728173526418432	1000000000	99.328	cc_vit_1d_qkv_chained_fp8	cc_vit_1d_qkv_chained_fp8
247	1	1788728173526422528	1788728173526520832	1000000000	98.304	cc_vit_1d_attention_chained_fp8	cc_vit_1d_attention_chained_fp8
248	1	1788728173526524928	1788728173526572032	1000000000	47.104	cc_vit_1d_projection_chained_fp8	cc_vit_1d_projection_chained_fp8
249	1	1788728173526576128	1788728173526731776	1000000000	155.648	cc_vit_1d_ffn_expand_chained_fp8	cc_vit_1d_ffn_expand_chained_fp8
250	1	1788728173526735872	1788728173526852608	1000000000	116.736	cc_vit_1d_ffn_contract_chained_fp8	cc_vit_1d_ffn_contract_chained_fp8
251	1	1788728173526857728	1788728173526957056	1000000000	99.328	cc_vit_1d_qkv_chained_fp8	cc_vit_1d_qkv_chained_fp8
252	1	1788728173526962176	1788728173527059456	1000000000	97.28	cc_vit_1d_attention_chained_fp8	cc_vit_1d_attention_chained_fp8
253	1	1788728173527063552	1788728173527111680	1000000000	48.128	cc_vit_1d_projection_wait_fp8	cc_vit_1d_projection_wait_fp8
254	1	1788728173527115776	1788728173527121920	1000000000	6.144	cc_vit_1d_repack_1d_to_2d_fp8	cc_vit_1d_repack_1d_to_2d_fp8
255	1	1788728173527126016	1788728173527164928	1000000000	38.912	cc_dec_input_upsample_1024_512_tilesync_fp8	cc_dec_input_upsample_1024_512_tilesync_fp8
256	1	1788728173527169024	1788728173527261184	1000000000	92.16	cc_split_swin_16h_ffwd_512_chained_fp8	cc_split_swin_16h_ffwd_512_chained_fp8
257	1	1788728173527265280	1788728173527313408	1000000000	48.128	cc_split_swin_16h_ffwd_proj_512_chained_fp8	cc_split_swin_16h_ffwd_proj_512_chained_fp8
258	1	1788728173527317504	1788728173527404544	1000000000	87.04	cc_split_swin_16h_qkv_512_chained_fp8	cc_split_swin_16h_qkv_512_chained_fp8
259	1	1788728173527408640	1788728173527455744	1000000000	47.104	cc_split_swin_16h_proj_512_chained_fp8	cc_split_swin_16h_proj_512_chained_fp8
260	1	1788728173527459840	1788728173527550976	1000000000	91.136	cc_split_swin_16h_ffwd_512_chained_fp8	cc_split_swin_16h_ffwd_512_chained_fp8
261	1	1788728173527555072	1788728173527603200	1000000000	48.128	cc_split_swin_16h_ffwd_proj_512_chained_fp8	cc_split_swin_16h_ffwd_proj_512_chained_fp8
262	1	1788728173527607296	1788728173527716864	1000000000	109.568	cc_split_swin_16h_qkv_512_chained_fp8	cc_split_swin_16h_qkv_512_chained_fp8
263	1	1788728173527719936	1788728173527770112	1000000000	50.176	cc_split_swin_16h_proj_512_chained_fp8	cc_split_swin_16h_proj_512_chained_fp8
264	1	1788728173527773184	1788728173527865344	1000000000	92.16	cc_split_swin_16h_ffwd_512_chained_fp8	cc_split_swin_16h_ffwd_512_chained_fp8
265	1	1788728173527868416	1788728173527919616	1000000000	51.2	cc_split_swin_16h_ffwd_proj_512_chained_fp8	cc_split_swin_16h_ffwd_proj_512_chained_fp8
266	1	1788728173527923712	1788728173528031232	1000000000	107.52	cc_split_swin_16h_qkv_512_chained_fp8	cc_split_swin_16h_qkv_512_chained_fp8
267	1	1788728173528035328	1788728173528084480	1000000000	49.152	cc_split_swin_16h_proj_512_chained_fp8	cc_split_swin_16h_proj_512_chained_fp8
268	1	1788728173528088576	1788728173528180736	1000000000	92.16	cc_split_swin_16h_ffwd_512_chained_fp8	cc_split_swin_16h_ffwd_512_chained_fp8
269	1	1788728173528184832	1788728173528231936	1000000000	47.104	cc_split_swin_16h_ffwd_proj_512_chained_fp8	cc_split_swin_16h_ffwd_proj_512_chained_fp8
270	1	1788728173528236032	1788728173528343552	1000000000	107.52	cc_split_swin_16h_qkv_512_chained_fp8	cc_split_swin_16h_qkv_512_chained_fp8
271	1	1788728173528346624	1788728173528393728	1000000000	47.104	cc_split_swin_16h_proj_512_chained_fp8	cc_split_swin_16h_proj_512_chained_fp8
272	1	1788728173528397824	1788728173528489984	1000000000	92.16	cc_split_swin_16h_ffwd_512_chained_fp8	cc_split_swin_16h_ffwd_512_chained_fp8
273	1	1788728173528493056	1788728173528541184	1000000000	48.128	cc_split_swin_16h_ffwd_proj_512_chained_fp8	cc_split_swin_16h_ffwd_proj_512_chained_fp8
274	1	1788728173528545280	1788728173528633344	1000000000	88.064	cc_split_swin_16h_qkv_512_chained_fp8	cc_split_swin_16h_qkv_512_chained_fp8
275	1	1788728173528637440	1788728173528684544	1000000000	47.104	cc_split_swin_16h_proj_512_chained_fp8	cc_split_swin_16h_proj_512_chained_fp8
276	1	1788728173528688640	1788728173528779776	1000000000	91.136	cc_split_swin_16h_ffwd_512_chained_fp8	cc_split_swin_16h_ffwd_512_chained_fp8
277	1	1788728173528783872	1788728173528832000	1000000000	48.128	cc_split_swin_16h_ffwd_proj_512_chained_fp8	cc_split_swin_16h_ffwd_proj_512_chained_fp8
278	1	1788728173528836096	1788728173528946688	1000000000	110.592	cc_split_swin_16h_qkv_512_chained_fp8	cc_split_swin_16h_qkv_512_chained_fp8
279	1	1788728173528950784	1788728173528999936	1000000000	49.152	cc_split_swin_16h_proj_512_chained_fp8	cc_split_swin_16h_proj_512_chained_fp8
280	1	1788728173529004032	1788728173529096192	1000000000	92.16	cc_split_swin_16h_ffwd_512_chained_fp8	cc_split_swin_16h_ffwd_512_chained_fp8
281	1	1788728173529099264	1788728173529148416	1000000000	49.152	cc_split_swin_16h_ffwd_proj_512_chained_fp8	cc_split_swin_16h_ffwd_proj_512_chained_fp8
282	1	1788728173529152512	1788728173529260032	1000000000	107.52	cc_split_swin_16h_qkv_512_chained_fp8	cc_split_swin_16h_qkv_512_chained_fp8
283	1	1788728173529264128	1788728173529313280	1000000000	49.152	cc_split_swin_16h_proj_512_chained_fp8	cc_split_swin_16h_proj_512_chained_fp8
284	1	1788728173529317376	1788728173529411584	1000000000	94.208	cc_split_swin_16h_ffwd_512_chained_fp8	cc_split_swin_16h_ffwd_512_chained_fp8
285	1	1788728173529415680	1788728173529462784	1000000000	47.104	cc_split_swin_16h_ffwd_proj_512_chained_fp8	cc_split_swin_16h_ffwd_proj_512_chained_fp8
286	1	1788728173529466880	1788728173529575424	1000000000	108.544	cc_split_swin_16h_qkv_512_chained_fp8	cc_split_swin_16h_qkv_512_chained_fp8
287	1	1788728173529579520	1788728173529675776	1000000000	96.256	cc_split_swin_16h_proj_512_outview_wait_fp8	cc_split_swin_16h_proj_512_outview_wait_fp8
288	1	1788728173529679872	1788728173530042368	1000000000	362.496	cc_tinlayout_fused_swin_8h_256_8_upsample_tilesync_fp8	cc_tinlayout_fused_swin_8h_256_8_upsample_tilesync_fp8
289	1	1788728173530046464	1788728173530449920	1000000000	403.456	cc_tinlayout_fused_swin_8h_256_8_chained_fp8	cc_tinlayout_fused_swin_8h_256_8_chained_fp8
290	1	1788728173530454016	1788728173530849280	1000000000	395.264	cc_tinlayout_fused_swin_8h_256_8_chained_fp8	cc_tinlayout_fused_swin_8h_256_8_chained_fp8
291	1	1788728173530853376	1788728173531160576	1000000000	307.2	cc_tinlayout_fused_swin_8h_256_8_chained_fp8	cc_tinlayout_fused_swin_8h_256_8_chained_fp8
292	1	1788728173531164672	1788728173531472896	1000000000	308.224	cc_tinlayout_fused_swin_8h_256_8_chained_fp8	cc_tinlayout_fused_swin_8h_256_8_chained_fp8
293	1	1788728173531476992	1788728173531867136	1000000000	390.144	cc_tinlayout_fused_swin_8h_256_8_chained_fp8	cc_tinlayout_fused_swin_8h_256_8_chained_fp8
294	1	1788728173531872256	1788728173532259328	1000000000	387.072	cc_tinlayout_fused_swin_8h_256_8_chained_fp8	cc_tinlayout_fused_swin_8h_256_8_chained_fp8
295	1	1788728173532263424	1788728173532575744	1000000000	312.32	cc_tinlayout_fused_swin_8h_256_8_outview_wait_fp8	cc_tinlayout_fused_swin_8h_256_8_outview_wait_fp8
296	1	1788728173532579840	1788728173533017088	1000000000	437.248	cc_tinlayout_fused_swin_4h_128_4_upsample_tilesync_fp8	cc_tinlayout_fused_swin_4h_128_4_upsample_tilesync_fp8
297	1	1788728173533021184	1788728173533349888	1000000000	328.704	cc_tinlayout_fused_swin_4h_128_4_chained_fp8	cc_tinlayout_fused_swin_4h_128_4_chained_fp8
298	1	1788728173533352960	1788728173533669376	1000000000	316.416	cc_tinlayout_fused_swin_4h_128_4_chained_fp8	cc_tinlayout_fused_swin_4h_128_4_chained_fp8
299	1	1788728173533673472	1788728173533996032	1000000000	322.56	cc_tinlayout_fused_swin_4h_128_4_chained_fp8	cc_tinlayout_fused_swin_4h_128_4_chained_fp8
300	1	1788728173533999104	1788728173534314496	1000000000	315.392	cc_tinlayout_fused_swin_4h_128_4_chained_fp8	cc_tinlayout_fused_swin_4h_128_4_chained_fp8
301	1	1788728173534318592	1788728173534682112	1000000000	363.52	cc_tinlayout_fused_swin_4h_128_4_outview_wait_fp8	cc_tinlayout_fused_swin_4h_128_4_outview_wait_fp8
302	1	1788728173534685184	1788728173535401984	1000000000	716.8	cc_tinlayout_fused_swin_2h_64_2_upsample_tilesync_fp8	cc_tinlayout_fused_swin_2h_64_2_upsample_tilesync_fp8
303	1	1788728173535406080	1788728173536392192	1000000000	986.112	cc_tinlayout_fused_swin_2h_64_2_chained_fp8	cc_tinlayout_fused_swin_2h_64_2_chained_fp8
304	1	1788728173536396288	1788728173537734656	1000000000	1338.37	cc_tinlayout_fused_swin_2h_64_2_chained_fp8	cc_tinlayout_fused_swin_2h_64_2_chained_fp8
305	1	1788728173537739776	1788728173538554880	1000000000	815.104	cc_tinlayout_fused_swin_2h_64_2_outview_wait_fp8	cc_tinlayout_fused_swin_2h_64_2_outview_wait_fp8
306	1	1788728173538560000	1788728173539790848	1000000000	1230.85	cc_tinlayout_fused_swin_1h_32_1_upsample_tilesync_fp8	cc_tinlayout_fused_swin_1h_32_1_upsample_tilesync_fp8
307	1	1788728173539793920	1788728173540511744	1000000000	717.824	cc_tinlayout_fused_swin_1h_32_1_chained_fp8	cc_tinlayout_fused_swin_1h_32_1_chained_fp8
308	1	1788728173540515840	1788728173541179392	1000000000	663.552	cc_tinlayout_fused_swin_1h_32_1_chained_fp8	cc_tinlayout_fused_swin_1h_32_1_chained_fp8
309	1	1788728173541186560	1788728173542282240	1000000000	1095.68	cc_tinlayout_fused_swin_1h_32_1_outview_wait_fp8	cc_tinlayout_fused_swin_1h_32_1_outview_wait_fp8
310	1	1788728173542285312	1788728173547537408	1000000000	5252.1	cc_tinlayout_fused_post_block_swin_1h_32_fp8	cc_tinlayout_fused_post_block_swin_1h_32_fp8
311	1	1788728173547541504	1788728173547581440	1000000000	39.936	cg2r_copy_kernel	cg2r_copy_kernel
312	1	1788728173742448640	1788728173742452736	1000000000	4.096	cc_cb_clear	cc_cb_clear
313	1	1788728173742456832	1788728173745388544	1000000000	2931.71	cc_tinlayout_fused_pre_block_swin_1h_32_1_ds_fp8	cc_tinlayout_fused_pre_block_swin_1h_32_1_ds_fp8
314	1	1788728173745392640	1788728173746159616	1000000000	766.976	cc_tinlayout_fused_swin_1h_32_1_inpview_tilesync_fp8	cc_tinlayout_fused_swin_1h_32_1_inpview_tilesync_fp8
315	1	1788728173746165760	1788728173746954240	1000000000	788.48	cc_tinlayout_fused_swin_1h_32_1_chained_fp8	cc_tinlayout_fused_swin_1h_32_1_chained_fp8
316	1	1788728173746958336	1788728173747645440	1000000000	687.104	cc_tinlayout_fused_swin_1h_32_1_chained_fp8	cc_tinlayout_fused_swin_1h_32_1_chained_fp8
317	1	1788728173747649536	1788728173748484096	1000000000	834.56	cc_tinlayout_fused_swin_1h_32_1_ds_wait_fp8	cc_tinlayout_fused_swin_1h_32_1_ds_wait_fp8
318	1	1788728173748488192	1788728173748978688	1000000000	490.496	cc_tinlayout_fused_swin_2h_64_2_inpview_tilesync_fp8	cc_tinlayout_fused_swin_2h_64_2_inpview_tilesync_fp8
319	1	1788728173748982784	1788728173749501952	1000000000	519.168	cc_tinlayout_fused_swin_2h_64_2_chained_fp8	cc_tinlayout_fused_swin_2h_64_2_chained_fp8
320	1	1788728173749506048	1788728173749995520	1000000000	489.472	cc_tinlayout_fused_swin_2h_64_2_chained_fp8	cc_tinlayout_fused_swin_2h_64_2_chained_fp8
321	1	1788728173749999616	1788728173750516736	1000000000	517.12	cc_tinlayout_fused_swin_2h_64_2_ds_wait_fp8	cc_tinlayout_fused_swin_2h_64_2_ds_wait_fp8
322	1	1788728173750520832	1788728173750843392	1000000000	322.56	cc_tinlayout_fused_swin_4h_128_4_inpview_tilesync_fp8	cc_tinlayout_fused_swin_4h_128_4_inpview_tilesync_fp8
323	1	1788728173750847488	1788728173751176192	1000000000	328.704	cc_tinlayout_fused_swin_4h_128_4_chained_fp8	cc_tinlayout_fused_swin_4h_128_4_chained_fp8
324	1	1788728173751180288	1788728173751498752	1000000000	318.464	cc_tinlayout_fused_swin_4h_128_4_chained_fp8	cc_tinlayout_fused_swin_4h_128_4_chained_fp8
325	1	1788728173751502848	1788728173751823360	1000000000	320.512	cc_tinlayout_fused_swin_4h_128_4_chained_fp8	cc_tinlayout_fused_swin_4h_128_4_chained_fp8
326	1	1788728173751827456	1788728173752145920	1000000000	318.464	cc_tinlayout_fused_swin_4h_128_4_chained_fp8	cc_tinlayout_fused_swin_4h_128_4_chained_fp8
327	1	1788728173752150016	1788728173752504320	1000000000	354.304	cc_tinlayout_fused_swin_4h_128_4_ds_wait_fp8	cc_tinlayout_fused_swin_4h_128_4_ds_wait_fp8
328	1	1788728173752508416	1788728173752829952	1000000000	321.536	cc_tinlayout_fused_swin_8h_256_8_inpview_tilesync_fp8	cc_tinlayout_fused_swin_8h_256_8_inpview_tilesync_fp8
329	1	1788728173752834048	1788728173753236480	1000000000	402.432	cc_tinlayout_fused_swin_8h_256_8_chained_fp8	cc_tinlayout_fused_swin_8h_256_8_chained_fp8
330	1	1788728173753240576	1788728173753641984	1000000000	401.408	cc_tinlayout_fused_swin_8h_256_8_chained_fp8	cc_tinlayout_fused_swin_8h_256_8_chained_fp8
331	1	1788728173753646080	1788728173753954304	1000000000	308.224	cc_tinlayout_fused_swin_8h_256_8_chained_fp8	cc_tinlayout_fused_swin_8h_256_8_chained_fp8
332	1	1788728173753958400	1788728173754265600	1000000000	307.2	cc_tinlayout_fused_swin_8h_256_8_chained_fp8	cc_tinlayout_fused_swin_8h_256_8_chained_fp8
333	1	1788728173754269696	1788728173754660864	1000000000	391.168	cc_tinlayout_fused_swin_8h_256_8_chained_fp8	cc_tinlayout_fused_swin_8h_256_8_chained_fp8
334	1	1788728173754664960	1788728173755056128	1000000000	391.168	cc_tinlayout_fused_swin_8h_256_8_chained_fp8	cc_tinlayout_fused_swin_8h_256_8_chained_fp8
335	1	1788728173755060224	1788728173755410432	1000000000	350.208	cc_tinlayout_fused_swin_8h_256_8_ds_wait_fp8	cc_tinlayout_fused_swin_8h_256_8_ds_wait_fp8
336	1	1788728173755414528	1788728173755507712	1000000000	93.184	cc_split_swin_16h_ffwd_inpview_512_tilesync_fp8	cc_split_swin_16h_ffwd_inpview_512_tilesync_fp8
337	1	1788728173755511808	1788728173755625472	1000000000	113.664	cc_split_swin_16h_ffwd_proj_inpview_512_chained_fp8	cc_split_swin_16h_ffwd_proj_inpview_512_chained_fp8
338	1	1788728173755629568	1788728173755717632	1000000000	88.064	cc_split_swin_16h_qkv_512_chained_fp8	cc_split_swin_16h_qkv_512_chained_fp8
339	1	1788728173755721728	1788728173755768832	1000000000	47.104	cc_split_swin_16h_proj_512_chained_fp8	cc_split_swin_16h_proj_512_chained_fp8
340	1	1788728173755772928	1788728173755864064	1000000000	91.136	cc_split_swin_16h_ffwd_512_chained_fp8	cc_split_swin_16h_ffwd_512_chained_fp8
341	1	1788728173755868160	1788728173755915264	1000000000	47.104	cc_split_swin_16h_ffwd_proj_512_chained_fp8	cc_split_swin_16h_ffwd_proj_512_chained_fp8
342	1	1788728173755919360	1788728173756029952	1000000000	110.592	cc_split_swin_16h_qkv_512_chained_fp8	cc_split_swin_16h_qkv_512_chained_fp8
343	1	1788728173756034048	1788728173756083200	1000000000	49.152	cc_split_swin_16h_proj_512_chained_fp8	cc_split_swin_16h_proj_512_chained_fp8
344	1	1788728173756086272	1788728173756178432	1000000000	92.16	cc_split_swin_16h_ffwd_512_chained_fp8	cc_split_swin_16h_ffwd_512_chained_fp8
345	1	1788728173756182528	1788728173756230656	1000000000	48.128	cc_split_swin_16h_ffwd_proj_512_chained_fp8	cc_split_swin_16h_ffwd_proj_512_chained_fp8
346	1	1788728173756234752	1788728173756344320	1000000000	109.568	cc_split_swin_16h_qkv_512_chained_fp8	cc_split_swin_16h_qkv_512_chained_fp8
347	1	1788728173756347392	1788728173756396544	1000000000	49.152	cc_split_swin_16h_proj_512_chained_fp8	cc_split_swin_16h_proj_512_chained_fp8
348	1	1788728173756400640	1788728173756492800	1000000000	92.16	cc_split_swin_16h_ffwd_512_chained_fp8	cc_split_swin_16h_ffwd_512_chained_fp8
349	1	1788728173756496896	1788728173756544000	1000000000	47.104	cc_split_swin_16h_ffwd_proj_512_chained_fp8	cc_split_swin_16h_ffwd_proj_512_chained_fp8
350	1	1788728173756548096	1788728173756655616	1000000000	107.52	cc_split_swin_16h_qkv_512_chained_fp8	cc_split_swin_16h_qkv_512_chained_fp8
351	1	1788728173756659712	1788728173756707840	1000000000	48.128	cc_split_swin_16h_proj_512_chained_fp8	cc_split_swin_16h_proj_512_chained_fp8
352	1	1788728173756711936	1788728173756803072	1000000000	91.136	cc_split_swin_16h_ffwd_512_chained_fp8	cc_split_swin_16h_ffwd_512_chained_fp8
353	1	1788728173756807168	1788728173756855296	1000000000	48.128	cc_split_swin_16h_ffwd_proj_512_chained_fp8	cc_split_swin_16h_ffwd_proj_512_chained_fp8
354	1	1788728173756859392	1788728173756946432	1000000000	87.04	cc_split_swin_16h_qkv_512_chained_fp8	cc_split_swin_16h_qkv_512_chained_fp8
355	1	1788728173756950528	1788728173756997632	1000000000	47.104	cc_split_swin_16h_proj_512_chained_fp8	cc_split_swin_16h_proj_512_chained_fp8
356	1	1788728173757001728	1788728173757093888	1000000000	92.16	cc_split_swin_16h_ffwd_512_chained_fp8	cc_split_swin_16h_ffwd_512_chained_fp8
357	1	1788728173757096960	1788728173757146112	1000000000	49.152	cc_split_swin_16h_ffwd_proj_512_chained_fp8	cc_split_swin_16h_ffwd_proj_512_chained_fp8
358	1	1788728173757150208	1788728173757258752	1000000000	108.544	cc_split_swin_16h_qkv_512_chained_fp8	cc_split_swin_16h_qkv_512_chained_fp8
359	1	1788728173757262848	1788728173757312000	1000000000	49.152	cc_split_swin_16h_proj_512_chained_fp8	cc_split_swin_16h_proj_512_chained_fp8
360	1	1788728173757316096	1788728173757408256	1000000000	92.16	cc_split_swin_16h_ffwd_512_chained_fp8	cc_split_swin_16h_ffwd_512_chained_fp8
361	1	1788728173757411328	1788728173757459456	1000000000	48.128	cc_split_swin_16h_ffwd_proj_512_chained_fp8	cc_split_swin_16h_ffwd_proj_512_chained_fp8
362	1	1788728173757463552	1788728173757572096	1000000000	108.544	cc_split_swin_16h_qkv_512_chained_fp8	cc_split_swin_16h_qkv_512_chained_fp8
363	1	1788728173757576192	1788728173757625344	1000000000	49.152	cc_split_swin_16h_proj_512_chained_fp8	cc_split_swin_16h_proj_512_chained_fp8
364	1	1788728173757629440	1788728173757720576	1000000000	91.136	cc_split_swin_16h_ffwd_512_chained_fp8	cc_split_swin_16h_ffwd_512_chained_fp8
365	1	1788728173757724672	1788728173758044160	1000000000	319.488	cc_split_swin_16h_ffwd_proj_512_chained_fp8	cc_split_swin_16h_ffwd_proj_512_chained_fp8
366	1	1788728173758052352	1788728173758160896	1000000000	108.544	cc_split_swin_16h_qkv_512_chained_fp8	cc_split_swin_16h_qkv_512_chained_fp8
367	1	1788728173758164992	1788728173758205952	1000000000	40.96	cc_split_swin_16h_proj_pool_512_chained_fp8	cc_split_swin_16h_proj_pool_512_chained_fp8
368	1	1788728173758210048	1788728173758239744	1000000000	29.696	cc_split_swin_16h_final_head_512_wait_fp8	cc_split_swin_16h_final_head_512_wait_fp8
369	1	1788728173758243840	1788728173758251008	1000000000	7.168	cc_vit_1d_repack_2d_to_1d_fp8	cc_vit_1d_repack_2d_to_1d_fp8
370	1	1788728173758255104	1788728173758429184	1000000000	174.08	cc_vit_1d_ffn_expand_publish_fp8	cc_vit_1d_ffn_expand_publish_fp8
371	1	1788728173758433280	1788728173758550016	1000000000	116.736	cc_vit_1d_ffn_contract_chained_fp8	cc_vit_1d_ffn_contract_chained_fp8
372	1	1788728173758554112	1788728173758654464	1000000000	100.352	cc_vit_1d_qkv_chained_fp8	cc_vit_1d_qkv_chained_fp8
373	1	1788728173758658560	1788728173758756864	1000000000	98.304	cc_vit_1d_attention_chained_fp8	cc_vit_1d_attention_chained_fp8
374	1	1788728173758760960	1788728173758809088	1000000000	48.128	cc_vit_1d_projection_chained_fp8	cc_vit_1d_projection_chained_fp8
375	1	1788728173758813184	1788728173758970880	1000000000	157.696	cc_vit_1d_ffn_expand_chained_fp8	cc_vit_1d_ffn_expand_chained_fp8
376	1	1788728173758974976	1788728173759093760	1000000000	118.784	cc_vit_1d_ffn_contract_chained_fp8	cc_vit_1d_ffn_contract_chained_fp8
377	1	1788728173759097856	1788728173759197184	1000000000	99.328	cc_vit_1d_qkv_chained_fp8	cc_vit_1d_qkv_chained_fp8
378	1	1788728173759202304	1788728173759299584	1000000000	97.28	cc_vit_1d_attention_chained_fp8	cc_vit_1d_attention_chained_fp8
379	1	1788728173759303680	1788728173759350784	1000000000	47.104	cc_vit_1d_projection_chained_fp8	cc_vit_1d_projection_chained_fp8
380	1	1788728173759354880	1788728173759510528	1000000000	155.648	cc_vit_1d_ffn_expand_chained_fp8	cc_vit_1d_ffn_expand_chained_fp8
381	1	1788728173759514624	1788728173759633408	1000000000	118.784	cc_vit_1d_ffn_contract_chained_fp8	cc_vit_1d_ffn_contract_chained_fp8
382	1	1788728173759637504	1788728173759736832	1000000000	99.328	cc_vit_1d_qkv_chained_fp8	cc_vit_1d_qkv_chained_fp8
383	1	1788728173759740928	1788728173759840256	1000000000	99.328	cc_vit_1d_attention_chained_fp8	cc_vit_1d_attention_chained_fp8
384	1	1788728173759843328	1788728173759891456	1000000000	48.128	cc_vit_1d_projection_chained_fp8	cc_vit_1d_projection_chained_fp8
385	1	1788728173759895552	1788728173760049152	1000000000	153.6	cc_vit_1d_ffn_expand_chained_fp8	cc_vit_1d_ffn_expand_chained_fp8
386	1	1788728173760053248	1788728173760172032	1000000000	118.784	cc_vit_1d_ffn_contract_chained_fp8	cc_vit_1d_ffn_contract_chained_fp8
387	1	1788728173760176128	1788728173760275456	1000000000	99.328	cc_vit_1d_qkv_chained_fp8	cc_vit_1d_qkv_chained_fp8
388	1	1788728173760279552	1788728173760377856	1000000000	98.304	cc_vit_1d_attention_chained_fp8	cc_vit_1d_attention_chained_fp8
389	1	1788728173760381952	1788728173760429056	1000000000	47.104	cc_vit_1d_projection_chained_fp8	cc_vit_1d_projection_chained_fp8
390	1	1788728173760433152	1788728173760586752	1000000000	153.6	cc_vit_1d_ffn_expand_chained_fp8	cc_vit_1d_ffn_expand_chained_fp8
391	1	1788728173760590848	1788728173760708608	1000000000	117.76	cc_vit_1d_ffn_contract_chained_fp8	cc_vit_1d_ffn_contract_chained_fp8
392	1	1788728173760712704	1788728173760813056	1000000000	100.352	cc_vit_1d_qkv_chained_fp8	cc_vit_1d_qkv_chained_fp8
393	1	1788728173760817152	1788728173760915456	1000000000	98.304	cc_vit_1d_attention_chained_fp8	cc_vit_1d_attention_chained_fp8
394	1	1788728173760919552	1788728173760967680	1000000000	48.128	cc_vit_1d_projection_chained_fp8	cc_vit_1d_projection_chained_fp8
395	1	1788728173760971776	1788728173761125376	1000000000	153.6	cc_vit_1d_ffn_expand_chained_fp8	cc_vit_1d_ffn_expand_chained_fp8
396	1	1788728173761129472	1788728173761247232	1000000000	117.76	cc_vit_1d_ffn_contract_chained_fp8	cc_vit_1d_ffn_contract_chained_fp8
397	1	1788728173761251328	1788728173761350656	1000000000	99.328	cc_vit_1d_qkv_chained_fp8	cc_vit_1d_qkv_chained_fp8
398	1	1788728173761357824	1788728173761455104	1000000000	97.28	cc_vit_1d_attention_chained_fp8	cc_vit_1d_attention_chained_fp8
399	1	1788728173761459200	1788728173761508352	1000000000	49.152	cc_vit_1d_projection_chained_fp8	cc_vit_1d_projection_chained_fp8
400	1	1788728173761512448	1788728173761667072	1000000000	154.624	cc_vit_1d_ffn_expand_chained_fp8	cc_vit_1d_ffn_expand_chained_fp8
401	1	1788728173761671168	1788728173761788928	1000000000	117.76	cc_vit_1d_ffn_contract_chained_fp8	cc_vit_1d_ffn_contract_chained_fp8
402	1	1788728173761793024	1788728173761892352	1000000000	99.328	cc_vit_1d_qkv_chained_fp8	cc_vit_1d_qkv_chained_fp8
403	1	1788728173761896448	1788728173761994752	1000000000	98.304	cc_vit_1d_attention_chained_fp8	cc_vit_1d_attention_chained_fp8
404	1	1788728173761998848	1788728173762046976	1000000000	48.128	cc_vit_1d_projection_chained_fp8	cc_vit_1d_projection_chained_fp8
405	1	1788728173762052096	1788728173762206720	1000000000	154.624	cc_vit_1d_ffn_expand_chained_fp8	cc_vit_1d_ffn_expand_chained_fp8
406	1	1788728173762210816	1788728173762329600	1000000000	118.784	cc_vit_1d_ffn_contract_chained_fp8	cc_vit_1d_ffn_contract_chained_fp8
407	1	1788728173762333696	1788728173762434048	1000000000	100.352	cc_vit_1d_qkv_chained_fp8	cc_vit_1d_qkv_chained_fp8
408	1	1788728173762438144	1788728173762536448	1000000000	98.304	cc_vit_1d_attention_chained_fp8	cc_vit_1d_attention_chained_fp8
409	1	1788728173762539520	1788728173762587648	1000000000	48.128	cc_vit_1d_projection_wait_fp8	cc_vit_1d_projection_wait_fp8
410	1	1788728173762591744	1788728173762598912	1000000000	7.168	cc_vit_1d_repack_1d_to_2d_fp8	cc_vit_1d_repack_1d_to_2d_fp8
411	1	1788728173762601984	1788728173762639872	1000000000	37.888	cc_dec_input_upsample_1024_512_tilesync_fp8	cc_dec_input_upsample_1024_512_tilesync_fp8
412	1	1788728173762643968	1788728173762736128	1000000000	92.16	cc_split_swin_16h_ffwd_512_chained_fp8	cc_split_swin_16h_ffwd_512_chained_fp8
413	1	1788728173762740224	1788728173762787328	1000000000	47.104	cc_split_swin_16h_ffwd_proj_512_chained_fp8	cc_split_swin_16h_ffwd_proj_512_chained_fp8
414	1	1788728173762792448	1788728173762879488	1000000000	87.04	cc_split_swin_16h_qkv_512_chained_fp8	cc_split_swin_16h_qkv_512_chained_fp8
415	1	1788728173762883584	1788728173762930688	1000000000	47.104	cc_split_swin_16h_proj_512_chained_fp8	cc_split_swin_16h_proj_512_chained_fp8
416	1	1788728173762934784	1788728173763025920	1000000000	91.136	cc_split_swin_16h_ffwd_512_chained_fp8	cc_split_swin_16h_ffwd_512_chained_fp8
417	1	1788728173763030016	1788728173763079168	1000000000	49.152	cc_split_swin_16h_ffwd_proj_512_chained_fp8	cc_split_swin_16h_ffwd_proj_512_chained_fp8
418	1	1788728173763083264	1788728173763193856	1000000000	110.592	cc_split_swin_16h_qkv_512_chained_fp8	cc_split_swin_16h_qkv_512_chained_fp8
419	1	1788728173763197952	1788728173763247104	1000000000	49.152	cc_split_swin_16h_proj_512_chained_fp8	cc_split_swin_16h_proj_512_chained_fp8
420	1	1788728173763250176	1788728173763342336	1000000000	92.16	cc_split_swin_16h_ffwd_512_chained_fp8	cc_split_swin_16h_ffwd_512_chained_fp8
421	1	1788728173763345408	1788728173763393536	1000000000	48.128	cc_split_swin_16h_ffwd_proj_512_chained_fp8	cc_split_swin_16h_ffwd_proj_512_chained_fp8
422	1	1788728173763397632	1788728173763505152	1000000000	107.52	cc_split_swin_16h_qkv_512_chained_fp8	cc_split_swin_16h_qkv_512_chained_fp8
423	1	1788728173763508224	1788728173763557376	1000000000	49.152	cc_split_swin_16h_proj_512_chained_fp8	cc_split_swin_16h_proj_512_chained_fp8
424	1	1788728173763561472	1788728173763653632	1000000000	92.16	cc_split_swin_16h_ffwd_512_chained_fp8	cc_split_swin_16h_ffwd_512_chained_fp8
425	1	1788728173763656704	1788728173763704832	1000000000	48.128	cc_split_swin_16h_ffwd_proj_512_chained_fp8	cc_split_swin_16h_ffwd_proj_512_chained_fp8
426	1	1788728173763708928	1788728173763817472	1000000000	108.544	cc_split_swin_16h_qkv_512_chained_fp8	cc_split_swin_16h_qkv_512_chained_fp8
427	1	1788728173763820544	1788728173763868672	1000000000	48.128	cc_split_swin_16h_proj_512_chained_fp8	cc_split_swin_16h_proj_512_chained_fp8
428	1	1788728173763871744	1788728173763963904	1000000000	92.16	cc_split_swin_16h_ffwd_512_chained_fp8	cc_split_swin_16h_ffwd_512_chained_fp8
429	1	1788728173763966976	1788728173764015104	1000000000	48.128	cc_split_swin_16h_ffwd_proj_512_chained_fp8	cc_split_swin_16h_ffwd_proj_512_chained_fp8
430	1	1788728173764019200	1788728173764106240	1000000000	87.04	cc_split_swin_16h_qkv_512_chained_fp8	cc_split_swin_16h_qkv_512_chained_fp8
431	1	1788728173764110336	1788728173764157440	1000000000	47.104	cc_split_swin_16h_proj_512_chained_fp8	cc_split_swin_16h_proj_512_chained_fp8
432	1	1788728173764162560	1788728173764253696	1000000000	91.136	cc_split_swin_16h_ffwd_512_chained_fp8	cc_split_swin_16h_ffwd_512_chained_fp8
433	1	1788728173764257792	1788728173764305920	1000000000	48.128	cc_split_swin_16h_ffwd_proj_512_chained_fp8	cc_split_swin_16h_ffwd_proj_512_chained_fp8
434	1	1788728173764310016	1788728173764419584	1000000000	109.568	cc_split_swin_16h_qkv_512_chained_fp8	cc_split_swin_16h_qkv_512_chained_fp8
435	1	1788728173764423680	1788728173764472832	1000000000	49.152	cc_split_swin_16h_proj_512_chained_fp8	cc_split_swin_16h_proj_512_chained_fp8
436	1	1788728173764476928	1788728173764569088	1000000000	92.16	cc_split_swin_16h_ffwd_512_chained_fp8	cc_split_swin_16h_ffwd_512_chained_fp8
437	1	1788728173764573184	1788728173764621312	1000000000	48.128	cc_split_swin_16h_ffwd_proj_512_chained_fp8	cc_split_swin_16h_ffwd_proj_512_chained_fp8
438	1	1788728173764625408	1788728173764734976	1000000000	109.568	cc_split_swin_16h_qkv_512_chained_fp8	cc_split_swin_16h_qkv_512_chained_fp8
439	1	1788728173764739072	1788728173764788224	1000000000	49.152	cc_split_swin_16h_proj_512_chained_fp8	cc_split_swin_16h_proj_512_chained_fp8
440	1	1788728173764792320	1788728173764884480	1000000000	92.16	cc_split_swin_16h_ffwd_512_chained_fp8	cc_split_swin_16h_ffwd_512_chained_fp8
441	1	1788728173764888576	1788728173764937728	1000000000	49.152	cc_split_swin_16h_ffwd_proj_512_chained_fp8	cc_split_swin_16h_ffwd_proj_512_chained_fp8
442	1	1788728173764941824	1788728173765049344	1000000000	107.52	cc_split_swin_16h_qkv_512_chained_fp8	cc_split_swin_16h_qkv_512_chained_fp8
443	1	1788728173765053440	1788728173765148672	1000000000	95.232	cc_split_swin_16h_proj_512_outview_wait_fp8	cc_split_swin_16h_proj_512_outview_wait_fp8
444	1	1788728173765152768	1788728173765513216	1000000000	360.448	cc_tinlayout_fused_swin_8h_256_8_upsample_tilesync_fp8	cc_tinlayout_fused_swin_8h_256_8_upsample_tilesync_fp8
445	1	1788728173765518336	1788728173765922816	1000000000	404.48	cc_tinlayout_fused_swin_8h_256_8_chained_fp8	cc_tinlayout_fused_swin_8h_256_8_chained_fp8
446	1	1788728173765926912	1788728173766321152	1000000000	394.24	cc_tinlayout_fused_swin_8h_256_8_chained_fp8	cc_tinlayout_fused_swin_8h_256_8_chained_fp8
447	1	1788728173766325248	1788728173766632448	1000000000	307.2	cc_tinlayout_fused_swin_8h_256_8_chained_fp8	cc_tinlayout_fused_swin_8h_256_8_chained_fp8
448	1	1788728173766636544	1788728173766945792	1000000000	309.248	cc_tinlayout_fused_swin_8h_256_8_chained_fp8	cc_tinlayout_fused_swin_8h_256_8_chained_fp8
449	1	1788728173766949888	1788728173767337984	1000000000	388.096	cc_tinlayout_fused_swin_8h_256_8_chained_fp8	cc_tinlayout_fused_swin_8h_256_8_chained_fp8
450	1	1788728173767343104	1788728173767731200	1000000000	388.096	cc_tinlayout_fused_swin_8h_256_8_chained_fp8	cc_tinlayout_fused_swin_8h_256_8_chained_fp8
451	1	1788728173767735296	1788728173768046592	1000000000	311.296	cc_tinlayout_fused_swin_8h_256_8_outview_wait_fp8	cc_tinlayout_fused_swin_8h_256_8_outview_wait_fp8
452	1	1788728173768050688	1788728173768485888	1000000000	435.2	cc_tinlayout_fused_swin_4h_128_4_upsample_tilesync_fp8	cc_tinlayout_fused_swin_4h_128_4_upsample_tilesync_fp8
453	1	1788728173768489984	1788728173768816640	1000000000	326.656	cc_tinlayout_fused_swin_4h_128_4_chained_fp8	cc_tinlayout_fused_swin_4h_128_4_chained_fp8
454	1	1788728173768820736	1788728173769141248	1000000000	320.512	cc_tinlayout_fused_swin_4h_128_4_chained_fp8	cc_tinlayout_fused_swin_4h_128_4_chained_fp8
455	1	1788728173769145344	1788728173769464832	1000000000	319.488	cc_tinlayout_fused_swin_4h_128_4_chained_fp8	cc_tinlayout_fused_swin_4h_128_4_chained_fp8
456	1	1788728173769468928	1788728173769785344	1000000000	316.416	cc_tinlayout_fused_swin_4h_128_4_chained_fp8	cc_tinlayout_fused_swin_4h_128_4_chained_fp8
457	1	1788728173769789440	1788728173770156032	1000000000	366.592	cc_tinlayout_fused_swin_4h_128_4_outview_wait_fp8	cc_tinlayout_fused_swin_4h_128_4_outview_wait_fp8
458	1	1788728173770160128	1788728173771405312	1000000000	1245.18	cc_tinlayout_fused_swin_2h_64_2_upsample_tilesync_fp8	cc_tinlayout_fused_swin_2h_64_2_upsample_tilesync_fp8
459	1	1788728173771409408	1788728173772704768	1000000000	1295.36	cc_tinlayout_fused_swin_2h_64_2_chained_fp8	cc_tinlayout_fused_swin_2h_64_2_chained_fp8
460	1	1788728173772708864	1788728173773643776	1000000000	934.912	cc_tinlayout_fused_swin_2h_64_2_chained_fp8	cc_tinlayout_fused_swin_2h_64_2_chained_fp8
461	1	1788728173773648896	1788728173774142464	1000000000	493.568	cc_tinlayout_fused_swin_2h_64_2_outview_wait_fp8	cc_tinlayout_fused_swin_2h_64_2_outview_wait_fp8
462	1	1788728173774146560	1788728173775420416	1000000000	1273.86	cc_tinlayout_fused_swin_1h_32_1_upsample_tilesync_fp8	cc_tinlayout_fused_swin_1h_32_1_upsample_tilesync_fp8
463	1	1788728173775423488	1788728173776215040	1000000000	791.552	cc_tinlayout_fused_swin_1h_32_1_chained_fp8	cc_tinlayout_fused_swin_1h_32_1_chained_fp8
464	1	1788728173776218112	1788728173776880640	1000000000	662.528	cc_tinlayout_fused_swin_1h_32_1_chained_fp8	cc_tinlayout_fused_swin_1h_32_1_chained_fp8
465	1	1788728173776884736	1788728173777982464	1000000000	1097.73	cc_tinlayout_fused_swin_1h_32_1_outview_wait_fp8	cc_tinlayout_fused_swin_1h_32_1_outview_wait_fp8
466	1	1788728173777985536	1788728173783207936	1000000000	5222.4	cc_tinlayout_fused_post_block_swin_1h_32_fp8	cc_tinlayout_fused_post_block_swin_1h_32_fp8
467	1	1788728173783212032	1788728173783251968	1000000000	39.936	cg2r_copy_kernel	cg2r_copy_kernel
468	1	1788728173975755776	1788728173975759872	1000000000	4.096	cc_cb_clear	cc_cb_clear
469	1	1788728173975763968	1788728173978689536	1000000000	2925.57	cc_tinlayout_fused_pre_block_swin_1h_32_1_ds_fp8	cc_tinlayout_fused_pre_block_swin_1h_32_1_ds_fp8
470	1	1788728173978693632	1788728173979458560	1000000000	764.928	cc_tinlayout_fused_swin_1h_32_1_inpview_tilesync_fp8	cc_tinlayout_fused_swin_1h_32_1_inpview_tilesync_fp8
471	1	1788728173979462656	1788728173980251136	1000000000	788.48	cc_tinlayout_fused_swin_1h_32_1_chained_fp8	cc_tinlayout_fused_swin_1h_32_1_chained_fp8
472	1	1788728173980255232	1788728173980925952	1000000000	670.72	cc_tinlayout_fused_swin_1h_32_1_chained_fp8	cc_tinlayout_fused_swin_1h_32_1_chained_fp8
473	1	1788728173980930048	1788728173981763584	1000000000	833.536	cc_tinlayout_fused_swin_1h_32_1_ds_wait_fp8	cc_tinlayout_fused_swin_1h_32_1_ds_wait_fp8
474	1	1788728173981767680	1788728173982264320	1000000000	496.64	cc_tinlayout_fused_swin_2h_64_2_inpview_tilesync_fp8	cc_tinlayout_fused_swin_2h_64_2_inpview_tilesync_fp8
475	1	1788728173982268416	1788728173982791680	1000000000	523.264	cc_tinlayout_fused_swin_2h_64_2_chained_fp8	cc_tinlayout_fused_swin_2h_64_2_chained_fp8
476	1	1788728173982795776	1788728173983285248	1000000000	489.472	cc_tinlayout_fused_swin_2h_64_2_chained_fp8	cc_tinlayout_fused_swin_2h_64_2_chained_fp8
477	1	1788728173983289344	1788728173983807488	1000000000	518.144	cc_tinlayout_fused_swin_2h_64_2_ds_wait_fp8	cc_tinlayout_fused_swin_2h_64_2_ds_wait_fp8
478	1	1788728173983811584	1788728173984132096	1000000000	320.512	cc_tinlayout_fused_swin_4h_128_4_inpview_tilesync_fp8	cc_tinlayout_fused_swin_4h_128_4_inpview_tilesync_fp8
479	1	1788728173984136192	1788728173984460800	1000000000	324.608	cc_tinlayout_fused_swin_4h_128_4_chained_fp8	cc_tinlayout_fused_swin_4h_128_4_chained_fp8
480	1	1788728173984465920	1788728173984785408	1000000000	319.488	cc_tinlayout_fused_swin_4h_128_4_chained_fp8	cc_tinlayout_fused_swin_4h_128_4_chained_fp8
481	1	1788728173984789504	1788728173985111040	1000000000	321.536	cc_tinlayout_fused_swin_4h_128_4_chained_fp8	cc_tinlayout_fused_swin_4h_128_4_chained_fp8
482	1	1788728173985115136	1788728173985430528	1000000000	315.392	cc_tinlayout_fused_swin_4h_128_4_chained_fp8	cc_tinlayout_fused_swin_4h_128_4_chained_fp8
483	1	1788728173985434624	1788728173985787904	1000000000	353.28	cc_tinlayout_fused_swin_4h_128_4_ds_wait_fp8	cc_tinlayout_fused_swin_4h_128_4_ds_wait_fp8
484	1	1788728173985792000	1788728173986113536	1000000000	321.536	cc_tinlayout_fused_swin_8h_256_8_inpview_tilesync_fp8	cc_tinlayout_fused_swin_8h_256_8_inpview_tilesync_fp8
485	1	1788728173986117632	1788728173986516992	1000000000	399.36	cc_tinlayout_fused_swin_8h_256_8_chained_fp8	cc_tinlayout_fused_swin_8h_256_8_chained_fp8
486	1	1788728173986521088	1788728173986921472	1000000000	400.384	cc_tinlayout_fused_swin_8h_256_8_chained_fp8	cc_tinlayout_fused_swin_8h_256_8_chained_fp8
487	1	1788728173986925568	1788728173987229696	1000000000	304.128	cc_tinlayout_fused_swin_8h_256_8_chained_fp8	cc_tinlayout_fused_swin_8h_256_8_chained_fp8
488	1	1788728173987233792	1788728173987540992	1000000000	307.2	cc_tinlayout_fused_swin_8h_256_8_chained_fp8	cc_tinlayout_fused_swin_8h_256_8_chained_fp8
489	1	1788728173987545088	1788728173987928064	1000000000	382.976	cc_tinlayout_fused_swin_8h_256_8_chained_fp8	cc_tinlayout_fused_swin_8h_256_8_chained_fp8
490	1	1788728173987932160	1788728173988322304	1000000000	390.144	cc_tinlayout_fused_swin_8h_256_8_chained_fp8	cc_tinlayout_fused_swin_8h_256_8_chained_fp8
491	1	1788728173988326400	1788728173988675584	1000000000	349.184	cc_tinlayout_fused_swin_8h_256_8_ds_wait_fp8	cc_tinlayout_fused_swin_8h_256_8_ds_wait_fp8
492	1	1788728173988679680	1788728173988772864	1000000000	93.184	cc_split_swin_16h_ffwd_inpview_512_tilesync_fp8	cc_split_swin_16h_ffwd_inpview_512_tilesync_fp8
493	1	1788728173988776960	1788728173988867072	1000000000	90.112	cc_split_swin_16h_ffwd_proj_inpview_512_chained_fp8	cc_split_swin_16h_ffwd_proj_inpview_512_chained_fp8
494	1	1788728173988871168	1788728173988958208	1000000000	87.04	cc_split_swin_16h_qkv_512_chained_fp8	cc_split_swin_16h_qkv_512_chained_fp8
495	1	1788728173988962304	1788728173989009408	1000000000	47.104	cc_split_swin_16h_proj_512_chained_fp8	cc_split_swin_16h_proj_512_chained_fp8
496	1	1788728173989013504	1788728173989104640	1000000000	91.136	cc_split_swin_16h_ffwd_512_chained_fp8	cc_split_swin_16h_ffwd_512_chained_fp8
497	1	1788728173989108736	1788728173989156864	1000000000	48.128	cc_split_swin_16h_ffwd_proj_512_chained_fp8	cc_split_swin_16h_ffwd_proj_512_chained_fp8
498	1	1788728173989160960	1788728173989270528	1000000000	109.568	cc_split_swin_16h_qkv_512_chained_fp8	cc_split_swin_16h_qkv_512_chained_fp8
499	1	1788728173989273600	1788728173989322752	1000000000	49.152	cc_split_swin_16h_proj_512_chained_fp8	cc_split_swin_16h_proj_512_chained_fp8
500	1	1788728173989326848	1788728173989419008	1000000000	92.16	cc_split_swin_16h_ffwd_512_chained_fp8	cc_split_swin_16h_ffwd_512_chained_fp8
501	1	1788728173989423104	1788728173989470208	1000000000	47.104	cc_split_swin_16h_ffwd_proj_512_chained_fp8	cc_split_swin_16h_ffwd_proj_512_chained_fp8
502	1	1788728173989474304	1788728173989580800	1000000000	106.496	cc_split_swin_16h_qkv_512_chained_fp8	cc_split_swin_16h_qkv_512_chained_fp8
503	1	1788728173989584896	1788728173989634048	1000000000	49.152	cc_split_swin_16h_proj_512_chained_fp8	cc_split_swin_16h_proj_512_chained_fp8
504	1	1788728173989638144	1788728173989729280	1000000000	91.136	cc_split_swin_16h_ffwd_512_chained_fp8	cc_split_swin_16h_ffwd_512_chained_fp8
505	1	1788728173989733376	1788728173989780480	1000000000	47.104	cc_split_swin_16h_ffwd_proj_512_chained_fp8	cc_split_swin_16h_ffwd_proj_512_chained_fp8
506	1	1788728173989785600	1788728173989893120	1000000000	107.52	cc_split_swin_16h_qkv_512_chained_fp8	cc_split_swin_16h_qkv_512_chained_fp8
507	1	1788728173989897216	1788728173989944320	1000000000	47.104	cc_split_swin_16h_proj_512_chained_fp8	cc_split_swin_16h_proj_512_chained_fp8
508	1	1788728173989948416	1788728173990039552	1000000000	91.136	cc_split_swin_16h_ffwd_512_chained_fp8	cc_split_swin_16h_ffwd_512_chained_fp8
509	1	1788728173990043648	1788728173990091776	1000000000	48.128	cc_split_swin_16h_ffwd_proj_512_chained_fp8	cc_split_swin_16h_ffwd_proj_512_chained_fp8
510	1	1788728173990095872	1788728173990182912	1000000000	87.04	cc_split_swin_16h_qkv_512_chained_fp8	cc_split_swin_16h_qkv_512_chained_fp8
511	1	1788728173990187008	1788728173990233088	1000000000	46.08	cc_split_swin_16h_proj_512_chained_fp8	cc_split_swin_16h_proj_512_chained_fp8
512	1	1788728173990237184	1788728173990329344	1000000000	92.16	cc_split_swin_16h_ffwd_512_chained_fp8	cc_split_swin_16h_ffwd_512_chained_fp8
513	1	1788728173990333440	1788728173990380544	1000000000	47.104	cc_split_swin_16h_ffwd_proj_512_chained_fp8	cc_split_swin_16h_ffwd_proj_512_chained_fp8
514	1	1788728173990384640	1788728173990494208	1000000000	109.568	cc_split_swin_16h_qkv_512_chained_fp8	cc_split_swin_16h_qkv_512_chained_fp8
515	1	1788728173990497280	1788728173990546432	1000000000	49.152	cc_split_swin_16h_proj_512_chained_fp8	cc_split_swin_16h_proj_512_chained_fp8
516	1	1788728173990550528	1788728173990641664	1000000000	91.136	cc_split_swin_16h_ffwd_512_chained_fp8	cc_split_swin_16h_ffwd_512_chained_fp8
517	1	1788728173990645760	1788728173990693888	1000000000	48.128	cc_split_swin_16h_ffwd_proj_512_chained_fp8	cc_split_swin_16h_ffwd_proj_512_chained_fp8
518	1	1788728173990697984	1788728173990805504	1000000000	107.52	cc_split_swin_16h_qkv_512_chained_fp8	cc_split_swin_16h_qkv_512_chained_fp8
519	1	1788728173990809600	1788728173990857728	1000000000	48.128	cc_split_swin_16h_proj_512_chained_fp8	cc_split_swin_16h_proj_512_chained_fp8
520	1	1788728173990861824	1788728173990953984	1000000000	92.16	cc_split_swin_16h_ffwd_512_chained_fp8	cc_split_swin_16h_ffwd_512_chained_fp8
521	1	1788728173990957056	1788728173991005184	1000000000	48.128	cc_split_swin_16h_ffwd_proj_512_chained_fp8	cc_split_swin_16h_ffwd_proj_512_chained_fp8
522	1	1788728173991009280	1788728173991116800	1000000000	107.52	cc_split_swin_16h_qkv_512_chained_fp8	cc_split_swin_16h_qkv_512_chained_fp8
523	1	1788728173991119872	1788728173991160832	1000000000	40.96	cc_split_swin_16h_proj_pool_512_chained_fp8	cc_split_swin_16h_proj_pool_512_chained_fp8
524	1	1788728173991164928	1788728173991194624	1000000000	29.696	cc_split_swin_16h_final_head_512_wait_fp8	cc_split_swin_16h_final_head_512_wait_fp8
525	1	1788728173991197696	1788728173991205888	1000000000	8.192	cc_vit_1d_repack_2d_to_1d_fp8	cc_vit_1d_repack_2d_to_1d_fp8
526	1	1788728173991209984	1788728173991384064	1000000000	174.08	cc_vit_1d_ffn_expand_publish_fp8	cc_vit_1d_ffn_expand_publish_fp8
527	1	1788728173991388160	1788728173991504896	1000000000	116.736	cc_vit_1d_ffn_contract_chained_fp8	cc_vit_1d_ffn_contract_chained_fp8
528	1	1788728173991508992	1788728173991608320	1000000000	99.328	cc_vit_1d_qkv_chained_fp8	cc_vit_1d_qkv_chained_fp8
529	1	1788728173991612416	1788728173991709696	1000000000	97.28	cc_vit_1d_attention_chained_fp8	cc_vit_1d_attention_chained_fp8
530	1	1788728173991713792	1788728173991760896	1000000000	47.104	cc_vit_1d_projection_chained_fp8	cc_vit_1d_projection_chained_fp8
531	1	1788728173991764992	1788728173991921664	1000000000	156.672	cc_vit_1d_ffn_expand_chained_fp8	cc_vit_1d_ffn_expand_chained_fp8
532	1	1788728173991925760	1788728173992043520	1000000000	117.76	cc_vit_1d_ffn_contract_chained_fp8	cc_vit_1d_ffn_contract_chained_fp8
533	1	1788728173992047616	1788728173992146944	1000000000	99.328	cc_vit_1d_qkv_chained_fp8	cc_vit_1d_qkv_chained_fp8
534	1	1788728173992151040	1788728173992248320	1000000000	97.28	cc_vit_1d_attention_chained_fp8	cc_vit_1d_attention_chained_fp8
535	1	1788728173992252416	1788728173992298496	1000000000	46.08	cc_vit_1d_projection_chained_fp8	cc_vit_1d_projection_chained_fp8
536	1	1788728173992302592	1788728173992485888	1000000000	183.296	cc_vit_1d_ffn_expand_chained_fp8	cc_vit_1d_ffn_expand_chained_fp8
537	1	1788728173992489984	1788728173992606720	1000000000	116.736	cc_vit_1d_ffn_contract_chained_fp8	cc_vit_1d_ffn_contract_chained_fp8
538	1	1788728173992611840	1788728173992711168	1000000000	99.328	cc_vit_1d_qkv_chained_fp8	cc_vit_1d_qkv_chained_fp8
539	1	1788728173992716288	1788728173992813568	1000000000	97.28	cc_vit_1d_attention_chained_fp8	cc_vit_1d_attention_chained_fp8
540	1	1788728173992817664	1788728173992865792	1000000000	48.128	cc_vit_1d_projection_chained_fp8	cc_vit_1d_projection_chained_fp8
541	1	1788728173992869888	1788728173993027584	1000000000	157.696	cc_vit_1d_ffn_expand_chained_fp8	cc_vit_1d_ffn_expand_chained_fp8
542	1	1788728173993031680	1788728173993148416	1000000000	116.736	cc_vit_1d_ffn_contract_chained_fp8	cc_vit_1d_ffn_contract_chained_fp8
543	1	1788728173993153536	1788728173993251840	1000000000	98.304	cc_vit_1d_qkv_chained_fp8	cc_vit_1d_qkv_chained_fp8
544	1	1788728173993255936	1788728173993354240	1000000000	98.304	cc_vit_1d_attention_chained_fp8	cc_vit_1d_attention_chained_fp8
545	1	1788728173993357312	1788728173993403392	1000000000	46.08	cc_vit_1d_projection_chained_fp8	cc_vit_1d_projection_chained_fp8
546	1	1788728173993407488	1788728173993561088	1000000000	153.6	cc_vit_1d_ffn_expand_chained_fp8	cc_vit_1d_ffn_expand_chained_fp8
547	1	1788728173993565184	1788728173993682944	1000000000	117.76	cc_vit_1d_ffn_contract_chained_fp8	cc_vit_1d_ffn_contract_chained_fp8
548	1	1788728173993687040	1788728173993786368	1000000000	99.328	cc_vit_1d_qkv_chained_fp8	cc_vit_1d_qkv_chained_fp8
549	1	1788728173993790464	1788728173993888768	1000000000	98.304	cc_vit_1d_attention_chained_fp8	cc_vit_1d_attention_chained_fp8
550	1	1788728173993892864	1788728173993938944	1000000000	46.08	cc_vit_1d_projection_chained_fp8	cc_vit_1d_projection_chained_fp8
551	1	1788728173993943040	1788728173994096640	1000000000	153.6	cc_vit_1d_ffn_expand_chained_fp8	cc_vit_1d_ffn_expand_chained_fp8
552	1	1788728173994100736	1788728173994218496	1000000000	117.76	cc_vit_1d_ffn_contract_chained_fp8	cc_vit_1d_ffn_contract_chained_fp8
553	1	1788728173994222592	1788728173994322944	1000000000	100.352	cc_vit_1d_qkv_chained_fp8	cc_vit_1d_qkv_chained_fp8
554	1	1788728173994328064	1788728173994695680	1000000000	367.616	cc_vit_1d_attention_chained_fp8	cc_vit_1d_attention_chained_fp8
555	1	1788728173994703872	1788728173994754048	1000000000	50.176	cc_vit_1d_projection_chained_fp8	cc_vit_1d_projection_chained_fp8
556	1	1788728173994758144	1788728173994910720	1000000000	152.576	cc_vit_1d_ffn_expand_chained_fp8	cc_vit_1d_ffn_expand_chained_fp8
557	1	1788728173994914816	1788728173995031552	1000000000	116.736	cc_vit_1d_ffn_contract_chained_fp8	cc_vit_1d_ffn_contract_chained_fp8
558	1	1788728173995036672	1788728173995134976	1000000000	98.304	cc_vit_1d_qkv_chained_fp8	cc_vit_1d_qkv_chained_fp8
559	1	1788728173995139072	1788728173995237376	1000000000	98.304	cc_vit_1d_attention_chained_fp8	cc_vit_1d_attention_chained_fp8
560	1	1788728173995240448	1788728173995287552	1000000000	47.104	cc_vit_1d_projection_chained_fp8	cc_vit_1d_projection_chained_fp8
561	1	1788728173995291648	1788728173995446272	1000000000	154.624	cc_vit_1d_ffn_expand_chained_fp8	cc_vit_1d_ffn_expand_chained_fp8
562	1	1788728173995450368	1788728173995568128	1000000000	117.76	cc_vit_1d_ffn_contract_chained_fp8	cc_vit_1d_ffn_contract_chained_fp8
563	1	1788728173995572224	1788728173995670528	1000000000	98.304	cc_vit_1d_qkv_chained_fp8	cc_vit_1d_qkv_chained_fp8
564	1	1788728173995674624	1788728173995772928	1000000000	98.304	cc_vit_1d_attention_chained_fp8	cc_vit_1d_attention_chained_fp8
565	1	1788728173995777024	1788728173995825152	1000000000	48.128	cc_vit_1d_projection_wait_fp8	cc_vit_1d_projection_wait_fp8
566	1	1788728173995829248	1788728173995836416	1000000000	7.168	cc_vit_1d_repack_1d_to_2d_fp8	cc_vit_1d_repack_1d_to_2d_fp8
567	1	1788728173995839488	1788728173995879424	1000000000	39.936	cc_dec_input_upsample_1024_512_tilesync_fp8	cc_dec_input_upsample_1024_512_tilesync_fp8
568	1	1788728173995883520	1788728173995976704	1000000000	93.184	cc_split_swin_16h_ffwd_512_chained_fp8	cc_split_swin_16h_ffwd_512_chained_fp8
569	1	1788728173995980800	1788728173996028928	1000000000	48.128	cc_split_swin_16h_ffwd_proj_512_chained_fp8	cc_split_swin_16h_ffwd_proj_512_chained_fp8
570	1	1788728173996033024	1788728173996119040	1000000000	86.016	cc_split_swin_16h_qkv_512_chained_fp8	cc_split_swin_16h_qkv_512_chained_fp8
571	1	1788728173996123136	1788728173996170240	1000000000	47.104	cc_split_swin_16h_proj_512_chained_fp8	cc_split_swin_16h_proj_512_chained_fp8
572	1	1788728173996174336	1788728173996265472	1000000000	91.136	cc_split_swin_16h_ffwd_512_chained_fp8	cc_split_swin_16h_ffwd_512_chained_fp8
573	1	1788728173996269568	1788728173996317696	1000000000	48.128	cc_split_swin_16h_ffwd_proj_512_chained_fp8	cc_split_swin_16h_ffwd_proj_512_chained_fp8
574	1	1788728173996321792	1788728173996431360	1000000000	109.568	cc_split_swin_16h_qkv_512_chained_fp8	cc_split_swin_16h_qkv_512_chained_fp8
575	1	1788728173996435456	1788728173996484608	1000000000	49.152	cc_split_swin_16h_proj_512_chained_fp8	cc_split_swin_16h_proj_512_chained_fp8
576	1	1788728173996488704	1788728173996579840	1000000000	91.136	cc_split_swin_16h_ffwd_512_chained_fp8	cc_split_swin_16h_ffwd_512_chained_fp8
577	1	1788728173996583936	1788728173996632064	1000000000	48.128	cc_split_swin_16h_ffwd_proj_512_chained_fp8	cc_split_swin_16h_ffwd_proj_512_chained_fp8
578	1	1788728173996636160	1788728173996743680	1000000000	107.52	cc_split_swin_16h_qkv_512_chained_fp8	cc_split_swin_16h_qkv_512_chained_fp8
579	1	1788728173996747776	1788728173996795904	1000000000	48.128	cc_split_swin_16h_proj_512_chained_fp8	cc_split_swin_16h_proj_512_chained_fp8
580	1	1788728173996800000	1788728173996892160	1000000000	92.16	cc_split_swin_16h_ffwd_512_chained_fp8	cc_split_swin_16h_ffwd_512_chained_fp8
581	1	1788728173996896256	1788728173996944384	1000000000	48.128	cc_split_swin_16h_ffwd_proj_512_chained_fp8	cc_split_swin_16h_ffwd_proj_512_chained_fp8
582	1	1788728173996948480	1788728173997054976	1000000000	106.496	cc_split_swin_16h_qkv_512_chained_fp8	cc_split_swin_16h_qkv_512_chained_fp8
583	1	1788728173997058048	1788728173997106176	1000000000	48.128	cc_split_swin_16h_proj_512_chained_fp8	cc_split_swin_16h_proj_512_chained_fp8
584	1	1788728173997110272	1788728173997201408	1000000000	91.136	cc_split_swin_16h_ffwd_512_chained_fp8	cc_split_swin_16h_ffwd_512_chained_fp8
585	1	1788728173997205504	1788728173997253632	1000000000	48.128	cc_split_swin_16h_ffwd_proj_512_chained_fp8	cc_split_swin_16h_ffwd_proj_512_chained_fp8
586	1	1788728173997257728	1788728173997344768	1000000000	87.04	cc_split_swin_16h_qkv_512_chained_fp8	cc_split_swin_16h_qkv_512_chained_fp8
587	1	1788728173997348864	1788728173997395968	1000000000	47.104	cc_split_swin_16h_proj_512_chained_fp8	cc_split_swin_16h_proj_512_chained_fp8
588	1	1788728173997400064	1788728173997491200	1000000000	91.136	cc_split_swin_16h_ffwd_512_chained_fp8	cc_split_swin_16h_ffwd_512_chained_fp8
589	1	1788728173997495296	1788728173997542400	1000000000	47.104	cc_split_swin_16h_ffwd_proj_512_chained_fp8	cc_split_swin_16h_ffwd_proj_512_chained_fp8
590	1	1788728173997546496	1788728173997657088	1000000000	110.592	cc_split_swin_16h_qkv_512_chained_fp8	cc_split_swin_16h_qkv_512_chained_fp8
591	1	1788728173997661184	1788728173997710336	1000000000	49.152	cc_split_swin_16h_proj_512_chained_fp8	cc_split_swin_16h_proj_512_chained_fp8
592	1	1788728173997714432	1788728173997806592	1000000000	92.16	cc_split_swin_16h_ffwd_512_chained_fp8	cc_split_swin_16h_ffwd_512_chained_fp8
593	1	1788728173997810688	1788728173997857792	1000000000	47.104	cc_split_swin_16h_ffwd_proj_512_chained_fp8	cc_split_swin_16h_ffwd_proj_512_chained_fp8
594	1	1788728173997862912	1788728173997971456	1000000000	108.544	cc_split_swin_16h_qkv_512_chained_fp8	cc_split_swin_16h_qkv_512_chained_fp8
595	1	1788728173997975552	1788728173998024704	1000000000	49.152	cc_split_swin_16h_proj_512_chained_fp8	cc_split_swin_16h_proj_512_chained_fp8
596	1	1788728173998028800	1788728173998119936	1000000000	91.136	cc_split_swin_16h_ffwd_512_chained_fp8	cc_split_swin_16h_ffwd_512_chained_fp8
597	1	1788728173998124032	1788728173998171136	1000000000	47.104	cc_split_swin_16h_ffwd_proj_512_chained_fp8	cc_split_swin_16h_ffwd_proj_512_chained_fp8
598	1	1788728173998175232	1788728173998283776	1000000000	108.544	cc_split_swin_16h_qkv_512_chained_fp8	cc_split_swin_16h_qkv_512_chained_fp8
599	1	1788728173998287872	1788728173998385152	1000000000	97.28	cc_split_swin_16h_proj_512_outview_wait_fp8	cc_split_swin_16h_proj_512_outview_wait_fp8
600	1	1788728173998389248	1788728173998751744	1000000000	362.496	cc_tinlayout_fused_swin_8h_256_8_upsample_tilesync_fp8	cc_tinlayout_fused_swin_8h_256_8_upsample_tilesync_fp8
601	1	1788728173998755840	1788728173999160320	1000000000	404.48	cc_tinlayout_fused_swin_8h_256_8_chained_fp8	cc_tinlayout_fused_swin_8h_256_8_chained_fp8
602	1	1788728173999164416	1788728173999556608	1000000000	392.192	cc_tinlayout_fused_swin_8h_256_8_chained_fp8	cc_tinlayout_fused_swin_8h_256_8_chained_fp8
603	1	1788728173999560704	1788728173999867904	1000000000	307.2	cc_tinlayout_fused_swin_8h_256_8_chained_fp8	cc_tinlayout_fused_swin_8h_256_8_chained_fp8
604	1	1788728173999872000	1788728174000181248	1000000000	309.248	cc_tinlayout_fused_swin_8h_256_8_chained_fp8	cc_tinlayout_fused_swin_8h_256_8_chained_fp8
605	1	1788728174000185344	1788728174000572416	1000000000	387.072	cc_tinlayout_fused_swin_8h_256_8_chained_fp8	cc_tinlayout_fused_swin_8h_256_8_chained_fp8
606	1	1788728174000576512	1788728174000965632	1000000000	389.12	cc_tinlayout_fused_swin_8h_256_8_chained_fp8	cc_tinlayout_fused_swin_8h_256_8_chained_fp8
607	1	1788728174000969728	1788728174001280000	1000000000	310.272	cc_tinlayout_fused_swin_8h_256_8_outview_wait_fp8	cc_tinlayout_fused_swin_8h_256_8_outview_wait_fp8
608	1	1788728174001284096	1788728174001720320	1000000000	436.224	cc_tinlayout_fused_swin_4h_128_4_upsample_tilesync_fp8	cc_tinlayout_fused_swin_4h_128_4_upsample_tilesync_fp8
609	1	1788728174001724416	1788728174002052096	1000000000	327.68	cc_tinlayout_fused_swin_4h_128_4_chained_fp8	cc_tinlayout_fused_swin_4h_128_4_chained_fp8
610	1	1788728174002056192	1788728174002373632	1000000000	317.44	cc_tinlayout_fused_swin_4h_128_4_chained_fp8	cc_tinlayout_fused_swin_4h_128_4_chained_fp8
611	1	1788728174002377728	1788728174002698240	1000000000	320.512	cc_tinlayout_fused_swin_4h_128_4_chained_fp8	cc_tinlayout_fused_swin_4h_128_4_chained_fp8
612	1	1788728174002702336	1788728174003018752	1000000000	316.416	cc_tinlayout_fused_swin_4h_128_4_chained_fp8	cc_tinlayout_fused_swin_4h_128_4_chained_fp8
613	1	1788728174003022848	1788728174003385344	1000000000	362.496	cc_tinlayout_fused_swin_4h_128_4_outview_wait_fp8	cc_tinlayout_fused_swin_4h_128_4_outview_wait_fp8
614	1	1788728174003390464	1788728174004633600	1000000000	1243.14	cc_tinlayout_fused_swin_2h_64_2_upsample_tilesync_fp8	cc_tinlayout_fused_swin_2h_64_2_upsample_tilesync_fp8
615	1	1788728174004638720	1788728174005511168	1000000000	872.448	cc_tinlayout_fused_swin_2h_64_2_chained_fp8	cc_tinlayout_fused_swin_2h_64_2_chained_fp8
616	1	1788728174005517312	1788728174006007808	1000000000	490.496	cc_tinlayout_fused_swin_2h_64_2_chained_fp8	cc_tinlayout_fused_swin_2h_64_2_chained_fp8
617	1	1788728174006011904	1788728174006500352	1000000000	488.448	cc_tinlayout_fused_swin_2h_64_2_outview_wait_fp8	cc_tinlayout_fused_swin_2h_64_2_outview_wait_fp8
618	1	1788728174006504448	1788728174007732224	1000000000	1227.78	cc_tinlayout_fused_swin_1h_32_1_upsample_tilesync_fp8	cc_tinlayout_fused_swin_1h_32_1_upsample_tilesync_fp8
619	1	1788728174007735296	1788728174008443904	1000000000	708.608	cc_tinlayout_fused_swin_1h_32_1_chained_fp8	cc_tinlayout_fused_swin_1h_32_1_chained_fp8
620	1	1788728174008448000	1788728174009567232	1000000000	1119.23	cc_tinlayout_fused_swin_1h_32_1_chained_fp8	cc_tinlayout_fused_swin_1h_32_1_chained_fp8
621	1	1788728174009572352	1788728174011094016	1000000000	1521.66	cc_tinlayout_fused_swin_1h_32_1_outview_wait_fp8	cc_tinlayout_fused_swin_1h_32_1_outview_wait_fp8
622	1	1788728174011099136	1788728174016353280	1000000000	5254.14	cc_tinlayout_fused_post_block_swin_1h_32_fp8	cc_tinlayout_fused_post_block_swin_1h_32_fp8
623	1	1788728174016357376	1788728174016397312	1000000000	39.936	cg2r_copy_kernel	cg2r_copy_kernel
624	1	1788728174208286720	1788728174208291840	1000000000	5.12	cc_cb_clear	cc_cb_clear
625	1	1788728174208295936	1788728174211227648	1000000000	2931.71	cc_tinlayout_fused_pre_block_swin_1h_32_1_ds_fp8	cc_tinlayout_fused_pre_block_swin_1h_32_1_ds_fp8
626	1	1788728174211231744	1788728174211996672	1000000000	764.928	cc_tinlayout_fused_swin_1h_32_1_inpview_tilesync_fp8	cc_tinlayout_fused_swin_1h_32_1_inpview_tilesync_fp8
627	1	1788728174212000768	1788728174212712448	1000000000	711.68	cc_tinlayout_fused_swin_1h_32_1_chained_fp8	cc_tinlayout_fused_swin_1h_32_1_chained_fp8
628	1	1788728174212716544	1788728174213384192	1000000000	667.648	cc_tinlayout_fused_swin_1h_32_1_chained_fp8	cc_tinlayout_fused_swin_1h_32_1_chained_fp8
629	1	1788728174213388288	1788728174214225920	1000000000	837.632	cc_tinlayout_fused_swin_1h_32_1_ds_wait_fp8	cc_tinlayout_fused_swin_1h_32_1_ds_wait_fp8
630	1	1788728174214230016	1788728174214729728	1000000000	499.712	cc_tinlayout_fused_swin_2h_64_2_inpview_tilesync_fp8	cc_tinlayout_fused_swin_2h_64_2_inpview_tilesync_fp8
631	1	1788728174214733824	1788728174215255040	1000000000	521.216	cc_tinlayout_fused_swin_2h_64_2_chained_fp8	cc_tinlayout_fused_swin_2h_64_2_chained_fp8
632	1	1788728174215259136	1788728174215752704	1000000000	493.568	cc_tinlayout_fused_swin_2h_64_2_chained_fp8	cc_tinlayout_fused_swin_2h_64_2_chained_fp8
633	1	1788728174215756800	1788728174216278016	1000000000	521.216	cc_tinlayout_fused_swin_2h_64_2_ds_wait_fp8	cc_tinlayout_fused_swin_2h_64_2_ds_wait_fp8
634	1	1788728174216282112	1788728174216609792	1000000000	327.68	cc_tinlayout_fused_swin_4h_128_4_inpview_tilesync_fp8	cc_tinlayout_fused_swin_4h_128_4_inpview_tilesync_fp8
635	1	1788728174216613888	1788728174216935424	1000000000	321.536	cc_tinlayout_fused_swin_4h_128_4_chained_fp8	cc_tinlayout_fused_swin_4h_128_4_chained_fp8
636	1	1788728174216939520	1788728174217259008	1000000000	319.488	cc_tinlayout_fused_swin_4h_128_4_chained_fp8	cc_tinlayout_fused_swin_4h_128_4_chained_fp8
637	1	1788728174217263104	1788728174217584640	1000000000	321.536	cc_tinlayout_fused_swin_4h_128_4_chained_fp8	cc_tinlayout_fused_swin_4h_128_4_chained_fp8
638	1	1788728174217588736	1788728174217904128	1000000000	315.392	cc_tinlayout_fused_swin_4h_128_4_chained_fp8	cc_tinlayout_fused_swin_4h_128_4_chained_fp8
639	1	1788728174217909248	1788728174218264576	1000000000	355.328	cc_tinlayout_fused_swin_4h_128_4_ds_wait_fp8	cc_tinlayout_fused_swin_4h_128_4_ds_wait_fp8
640	1	1788728174218268672	1788728174218590208	1000000000	321.536	cc_tinlayout_fused_swin_8h_256_8_inpview_tilesync_fp8	cc_tinlayout_fused_swin_8h_256_8_inpview_tilesync_fp8
641	1	1788728174218594304	1788728174218989568	1000000000	395.264	cc_tinlayout_fused_swin_8h_256_8_chained_fp8	cc_tinlayout_fused_swin_8h_256_8_chained_fp8
642	1	1788728174218993664	1788728174219393024	1000000000	399.36	cc_tinlayout_fused_swin_8h_256_8_chained_fp8	cc_tinlayout_fused_swin_8h_256_8_chained_fp8
643	1	1788728174219397120	1788728174219700224	1000000000	303.104	cc_tinlayout_fused_swin_8h_256_8_chained_fp8	cc_tinlayout_fused_swin_8h_256_8_chained_fp8
644	1	1788728174219704320	1788728174220009472	1000000000	305.152	cc_tinlayout_fused_swin_8h_256_8_chained_fp8	cc_tinlayout_fused_swin_8h_256_8_chained_fp8
645	1	1788728174220014592	1788728174220400640	1000000000	386.048	cc_tinlayout_fused_swin_8h_256_8_chained_fp8	cc_tinlayout_fused_swin_8h_256_8_chained_fp8
646	1	1788728174220404736	1788728174220797952	1000000000	393.216	cc_tinlayout_fused_swin_8h_256_8_chained_fp8	cc_tinlayout_fused_swin_8h_256_8_chained_fp8
647	1	1788728174220802048	1788728174221153280	1000000000	351.232	cc_tinlayout_fused_swin_8h_256_8_ds_wait_fp8	cc_tinlayout_fused_swin_8h_256_8_ds_wait_fp8
648	1	1788728174221157376	1788728174221251584	1000000000	94.208	cc_split_swin_16h_ffwd_inpview_512_tilesync_fp8	cc_split_swin_16h_ffwd_inpview_512_tilesync_fp8
649	1	1788728174221255680	1788728174221350912	1000000000	95.232	cc_split_swin_16h_ffwd_proj_inpview_512_chained_fp8	cc_split_swin_16h_ffwd_proj_inpview_512_chained_fp8
650	1	1788728174221355008	1788728174221442048	1000000000	87.04	cc_split_swin_16h_qkv_512_chained_fp8	cc_split_swin_16h_qkv_512_chained_fp8
651	1	1788728174221446144	1788728174221493248	1000000000	47.104	cc_split_swin_16h_proj_512_chained_fp8	cc_split_swin_16h_proj_512_chained_fp8
652	1	1788728174221497344	1788728174221588480	1000000000	91.136	cc_split_swin_16h_ffwd_512_chained_fp8	cc_split_swin_16h_ffwd_512_chained_fp8
653	1	1788728174221592576	1788728174221640704	1000000000	48.128	cc_split_swin_16h_ffwd_proj_512_chained_fp8	cc_split_swin_16h_ffwd_proj_512_chained_fp8
654	1	1788728174221644800	1788728174221753344	1000000000	108.544	cc_split_swin_16h_qkv_512_chained_fp8	cc_split_swin_16h_qkv_512_chained_fp8
655	1	1788728174221757440	1788728174221805568	1000000000	48.128	cc_split_swin_16h_proj_512_chained_fp8	cc_split_swin_16h_proj_512_chained_fp8
656	1	1788728174221809664	1788728174221901824	1000000000	92.16	cc_split_swin_16h_ffwd_512_chained_fp8	cc_split_swin_16h_ffwd_512_chained_fp8
657	1	1788728174221905920	1788728174221954048	1000000000	48.128	cc_split_swin_16h_ffwd_proj_512_chained_fp8	cc_split_swin_16h_ffwd_proj_512_chained_fp8
658	1	1788728174221958144	1788728174222066688	1000000000	108.544	cc_split_swin_16h_qkv_512_chained_fp8	cc_split_swin_16h_qkv_512_chained_fp8
659	1	1788728174222070784	1788728174222120960	1000000000	50.176	cc_split_swin_16h_proj_512_chained_fp8	cc_split_swin_16h_proj_512_chained_fp8
660	1	1788728174222125056	1788728174222216192	1000000000	91.136	cc_split_swin_16h_ffwd_512_chained_fp8	cc_split_swin_16h_ffwd_512_chained_fp8
661	1	1788728174222220288	1788728174222268416	1000000000	48.128	cc_split_swin_16h_ffwd_proj_512_chained_fp8	cc_split_swin_16h_ffwd_proj_512_chained_fp8
662	1	1788728174222272512	1788728174222380032	1000000000	107.52	cc_split_swin_16h_qkv_512_chained_fp8	cc_split_swin_16h_qkv_512_chained_fp8
663	1	1788728174222384128	1788728174222431232	1000000000	47.104	cc_split_swin_16h_proj_512_chained_fp8	cc_split_swin_16h_proj_512_chained_fp8
664	1	1788728174222434304	1788728174222526464	1000000000	92.16	cc_split_swin_16h_ffwd_512_chained_fp8	cc_split_swin_16h_ffwd_512_chained_fp8
665	1	1788728174222530560	1788728174222577664	1000000000	47.104	cc_split_swin_16h_ffwd_proj_512_chained_fp8	cc_split_swin_16h_ffwd_proj_512_chained_fp8
666	1	1788728174222581760	1788728174222668800	1000000000	87.04	cc_split_swin_16h_qkv_512_chained_fp8	cc_split_swin_16h_qkv_512_chained_fp8
667	1	1788728174222672896	1788728174222720000	1000000000	47.104	cc_split_swin_16h_proj_512_chained_fp8	cc_split_swin_16h_proj_512_chained_fp8
668	1	1788728174222724096	1788728174222816256	1000000000	92.16	cc_split_swin_16h_ffwd_512_chained_fp8	cc_split_swin_16h_ffwd_512_chained_fp8
669	1	1788728174222819328	1788728174222868480	1000000000	49.152	cc_split_swin_16h_ffwd_proj_512_chained_fp8	cc_split_swin_16h_ffwd_proj_512_chained_fp8
670	1	1788728174222872576	1788728174222981120	1000000000	108.544	cc_split_swin_16h_qkv_512_chained_fp8	cc_split_swin_16h_qkv_512_chained_fp8
671	1	1788728174222985216	1788728174223033344	1000000000	48.128	cc_split_swin_16h_proj_512_chained_fp8	cc_split_swin_16h_proj_512_chained_fp8
672	1	1788728174223037440	1788728174223129600	1000000000	92.16	cc_split_swin_16h_ffwd_512_chained_fp8	cc_split_swin_16h_ffwd_512_chained_fp8
673	1	1788728174223133696	1788728174223180800	1000000000	47.104	cc_split_swin_16h_ffwd_proj_512_chained_fp8	cc_split_swin_16h_ffwd_proj_512_chained_fp8
674	1	1788728174223185920	1788728174223294464	1000000000	108.544	cc_split_swin_16h_qkv_512_chained_fp8	cc_split_swin_16h_qkv_512_chained_fp8
675	1	1788728174223297536	1788728174223346688	1000000000	49.152	cc_split_swin_16h_proj_512_chained_fp8	cc_split_swin_16h_proj_512_chained_fp8
676	1	1788728174223350784	1788728174223442944	1000000000	92.16	cc_split_swin_16h_ffwd_512_chained_fp8	cc_split_swin_16h_ffwd_512_chained_fp8
677	1	1788728174223447040	1788728174223494144	1000000000	47.104	cc_split_swin_16h_ffwd_proj_512_chained_fp8	cc_split_swin_16h_ffwd_proj_512_chained_fp8
678	1	1788728174223499264	1788728174223606784	1000000000	107.52	cc_split_swin_16h_qkv_512_chained_fp8	cc_split_swin_16h_qkv_512_chained_fp8
679	1	1788728174223610880	1788728174223651840	1000000000	40.96	cc_split_swin_16h_proj_pool_512_chained_fp8	cc_split_swin_16h_proj_pool_512_chained_fp8
680	1	1788728174223656960	1788728174223685632	1000000000	28.672	cc_split_swin_16h_final_head_512_wait_fp8	cc_split_swin_16h_final_head_512_wait_fp8
681	1	1788728174223689728	1788728174223697920	1000000000	8.192	cc_vit_1d_repack_2d_to_1d_fp8	cc_vit_1d_repack_2d_to_1d_fp8
682	1	1788728174223702016	1788728174223873024	1000000000	171.008	cc_vit_1d_ffn_expand_publish_fp8	cc_vit_1d_ffn_expand_publish_fp8
683	1	1788728174223877120	1788728174223994880	1000000000	117.76	cc_vit_1d_ffn_contract_chained_fp8	cc_vit_1d_ffn_contract_chained_fp8
684	1	1788728174224000000	1788728174224101376	1000000000	101.376	cc_vit_1d_qkv_chained_fp8	cc_vit_1d_qkv_chained_fp8
685	1	1788728174224105472	1788728174224203776	1000000000	98.304	cc_vit_1d_attention_chained_fp8	cc_vit_1d_attention_chained_fp8
686	1	1788728174224207872	1788728174224256000	1000000000	48.128	cc_vit_1d_projection_chained_fp8	cc_vit_1d_projection_chained_fp8
687	1	1788728174224260096	1788728174224415744	1000000000	155.648	cc_vit_1d_ffn_expand_chained_fp8	cc_vit_1d_ffn_expand_chained_fp8
688	1	1788728174224420864	1788728174224536576	1000000000	115.712	cc_vit_1d_ffn_contract_chained_fp8	cc_vit_1d_ffn_contract_chained_fp8
689	1	1788728174224540672	1788728174224640000	1000000000	99.328	cc_vit_1d_qkv_chained_fp8	cc_vit_1d_qkv_chained_fp8
690	1	1788728174224644096	1788728174224742400	1000000000	98.304	cc_vit_1d_attention_chained_fp8	cc_vit_1d_attention_chained_fp8
691	1	1788728174224745472	1788728174224792576	1000000000	47.104	cc_vit_1d_projection_chained_fp8	cc_vit_1d_projection_chained_fp8
692	1	1788728174224796672	1788728174224952320	1000000000	155.648	cc_vit_1d_ffn_expand_chained_fp8	cc_vit_1d_ffn_expand_chained_fp8
693	1	1788728174224956416	1788728174225074176	1000000000	117.76	cc_vit_1d_ffn_contract_chained_fp8	cc_vit_1d_ffn_contract_chained_fp8
694	1	1788728174225078272	1788728174225179648	1000000000	101.376	cc_vit_1d_qkv_chained_fp8	cc_vit_1d_qkv_chained_fp8
695	1	1788728174225183744	1788728174225282048	1000000000	98.304	cc_vit_1d_attention_chained_fp8	cc_vit_1d_attention_chained_fp8
696	1	1788728174225285120	1788728174225333248	1000000000	48.128	cc_vit_1d_projection_chained_fp8	cc_vit_1d_projection_chained_fp8
697	1	1788728174225338368	1788728174225491968	1000000000	153.6	cc_vit_1d_ffn_expand_chained_fp8	cc_vit_1d_ffn_expand_chained_fp8
698	1	1788728174225496064	1788728174225613824	1000000000	117.76	cc_vit_1d_ffn_contract_chained_fp8	cc_vit_1d_ffn_contract_chained_fp8
699	1	1788728174225617920	1788728174225717248	1000000000	99.328	cc_vit_1d_qkv_chained_fp8	cc_vit_1d_qkv_chained_fp8
700	1	1788728174225721344	1788728174225819648	1000000000	98.304	cc_vit_1d_attention_chained_fp8	cc_vit_1d_attention_chained_fp8
701	1	1788728174225823744	1788728174225870848	1000000000	47.104	cc_vit_1d_projection_chained_fp8	cc_vit_1d_projection_chained_fp8
702	1	1788728174225874944	1788728174226030592	1000000000	155.648	cc_vit_1d_ffn_expand_chained_fp8	cc_vit_1d_ffn_expand_chained_fp8
703	1	1788728174226035712	1788728174226153472	1000000000	117.76	cc_vit_1d_ffn_contract_chained_fp8	cc_vit_1d_ffn_contract_chained_fp8
704	1	1788728174226157568	1788728174226257920	1000000000	100.352	cc_vit_1d_qkv_chained_fp8	cc_vit_1d_qkv_chained_fp8
705	1	1788728174226262016	1788728174226360320	1000000000	98.304	cc_vit_1d_attention_chained_fp8	cc_vit_1d_attention_chained_fp8
706	1	1788728174226364416	1788728174226411520	1000000000	47.104	cc_vit_1d_projection_chained_fp8	cc_vit_1d_projection_chained_fp8
707	1	1788728174226415616	1788728174226570240	1000000000	154.624	cc_vit_1d_ffn_expand_chained_fp8	cc_vit_1d_ffn_expand_chained_fp8
708	1	1788728174226574336	1788728174226693120	1000000000	118.784	cc_vit_1d_ffn_contract_chained_fp8	cc_vit_1d_ffn_contract_chained_fp8
709	1	1788728174226697216	1788728174226798592	1000000000	101.376	cc_vit_1d_qkv_chained_fp8	cc_vit_1d_qkv_chained_fp8
710	1	1788728174226802688	1788728174226900992	1000000000	98.304	cc_vit_1d_attention_chained_fp8	cc_vit_1d_attention_chained_fp8
711	1	1788728174226904064	1788728174226952192	1000000000	48.128	cc_vit_1d_projection_chained_fp8	cc_vit_1d_projection_chained_fp8
712	1	1788728174226956288	1788728174227109888	1000000000	153.6	cc_vit_1d_ffn_expand_chained_fp8	cc_vit_1d_ffn_expand_chained_fp8
713	1	1788728174227113984	1788728174227232768	1000000000	118.784	cc_vit_1d_ffn_contract_chained_fp8	cc_vit_1d_ffn_contract_chained_fp8
714	1	1788728174227236864	1788728174227337216	1000000000	100.352	cc_vit_1d_qkv_chained_fp8	cc_vit_1d_qkv_chained_fp8
715	1	1788728174227341312	1788728174227439616	1000000000	98.304	cc_vit_1d_attention_chained_fp8	cc_vit_1d_attention_chained_fp8
716	1	1788728174227443712	1788728174227490816	1000000000	47.104	cc_vit_1d_projection_chained_fp8	cc_vit_1d_projection_chained_fp8
717	1	1788728174227494912	1788728174227649536	1000000000	154.624	cc_vit_1d_ffn_expand_chained_fp8	cc_vit_1d_ffn_expand_chained_fp8
718	1	1788728174227653632	1788728174227772416	1000000000	118.784	cc_vit_1d_ffn_contract_chained_fp8	cc_vit_1d_ffn_contract_chained_fp8
719	1	1788728174227776512	1788728174227876864	1000000000	100.352	cc_vit_1d_qkv_chained_fp8	cc_vit_1d_qkv_chained_fp8
720	1	1788728174227880960	1788728174227979264	1000000000	98.304	cc_vit_1d_attention_chained_fp8	cc_vit_1d_attention_chained_fp8
721	1	1788728174227983360	1788728174228030464	1000000000	47.104	cc_vit_1d_projection_wait_fp8	cc_vit_1d_projection_wait_fp8
722	1	1788728174228034560	1788728174228041728	1000000000	7.168	cc_vit_1d_repack_1d_to_2d_fp8	cc_vit_1d_repack_1d_to_2d_fp8
723	1	1788728174228044800	1788728174228082688	1000000000	37.888	cc_dec_input_upsample_1024_512_tilesync_fp8	cc_dec_input_upsample_1024_512_tilesync_fp8
724	1	1788728174228086784	1788728174228178944	1000000000	92.16	cc_split_swin_16h_ffwd_512_chained_fp8	cc_split_swin_16h_ffwd_512_chained_fp8
725	1	1788728174228183040	1788728174228231168	1000000000	48.128	cc_split_swin_16h_ffwd_proj_512_chained_fp8	cc_split_swin_16h_ffwd_proj_512_chained_fp8
726	1	1788728174228235264	1788728174228322304	1000000000	87.04	cc_split_swin_16h_qkv_512_chained_fp8	cc_split_swin_16h_qkv_512_chained_fp8
727	1	1788728174228326400	1788728174228373504	1000000000	47.104	cc_split_swin_16h_proj_512_chained_fp8	cc_split_swin_16h_proj_512_chained_fp8
728	1	1788728174228377600	1788728174228468736	1000000000	91.136	cc_split_swin_16h_ffwd_512_chained_fp8	cc_split_swin_16h_ffwd_512_chained_fp8
729	1	1788728174228472832	1788728174228520960	1000000000	48.128	cc_split_swin_16h_ffwd_proj_512_chained_fp8	cc_split_swin_16h_ffwd_proj_512_chained_fp8
730	1	1788728174228525056	1788728174228635648	1000000000	110.592	cc_split_swin_16h_qkv_512_chained_fp8	cc_split_swin_16h_qkv_512_chained_fp8
731	1	1788728174228639744	1788728174228688896	1000000000	49.152	cc_split_swin_16h_proj_512_chained_fp8	cc_split_swin_16h_proj_512_chained_fp8
732	1	1788728174228691968	1788728174228784128	1000000000	92.16	cc_split_swin_16h_ffwd_512_chained_fp8	cc_split_swin_16h_ffwd_512_chained_fp8
733	1	1788728174228788224	1788728174228836352	1000000000	48.128	cc_split_swin_16h_ffwd_proj_512_chained_fp8	cc_split_swin_16h_ffwd_proj_512_chained_fp8
734	1	1788728174228840448	1788728174228947968	1000000000	107.52	cc_split_swin_16h_qkv_512_chained_fp8	cc_split_swin_16h_qkv_512_chained_fp8
735	1	1788728174228951040	1788728174228999168	1000000000	48.128	cc_split_swin_16h_proj_512_chained_fp8	cc_split_swin_16h_proj_512_chained_fp8
736	1	1788728174229003264	1788728174229095424	1000000000	92.16	cc_split_swin_16h_ffwd_512_chained_fp8	cc_split_swin_16h_ffwd_512_chained_fp8
737	1	1788728174229099520	1788728174229147648	1000000000	48.128	cc_split_swin_16h_ffwd_proj_512_chained_fp8	cc_split_swin_16h_ffwd_proj_512_chained_fp8
738	1	1788728174229151744	1788728174229259264	1000000000	107.52	cc_split_swin_16h_qkv_512_chained_fp8	cc_split_swin_16h_qkv_512_chained_fp8
739	1	1788728174229262336	1788728174229310464	1000000000	48.128	cc_split_swin_16h_proj_512_chained_fp8	cc_split_swin_16h_proj_512_chained_fp8
740	1	1788728174229314560	1788728174229405696	1000000000	91.136	cc_split_swin_16h_ffwd_512_chained_fp8	cc_split_swin_16h_ffwd_512_chained_fp8
741	1	1788728174229409792	1788728174229458944	1000000000	49.152	cc_split_swin_16h_ffwd_proj_512_chained_fp8	cc_split_swin_16h_ffwd_proj_512_chained_fp8
742	1	1788728174229463040	1788728174229550080	1000000000	87.04	cc_split_swin_16h_qkv_512_chained_fp8	cc_split_swin_16h_qkv_512_chained_fp8
743	1	1788728174229554176	1788728174229601280	1000000000	47.104	cc_split_swin_16h_proj_512_chained_fp8	cc_split_swin_16h_proj_512_chained_fp8
744	1	1788728174229605376	1788728174229697536	1000000000	92.16	cc_split_swin_16h_ffwd_512_chained_fp8	cc_split_swin_16h_ffwd_512_chained_fp8
745	1	1788728174229701632	1788728174229748736	1000000000	47.104	cc_split_swin_16h_ffwd_proj_512_chained_fp8	cc_split_swin_16h_ffwd_proj_512_chained_fp8
746	1	1788728174229752832	1788728174229862400	1000000000	109.568	cc_split_swin_16h_qkv_512_chained_fp8	cc_split_swin_16h_qkv_512_chained_fp8
747	1	1788728174229866496	1788728174229914624	1000000000	48.128	cc_split_swin_16h_proj_512_chained_fp8	cc_split_swin_16h_proj_512_chained_fp8
748	1	1788728174229918720	1788728174230010880	1000000000	92.16	cc_split_swin_16h_ffwd_512_chained_fp8	cc_split_swin_16h_ffwd_512_chained_fp8
749	1	1788728174230014976	1788728174230063104	1000000000	48.128	cc_split_swin_16h_ffwd_proj_512_chained_fp8	cc_split_swin_16h_ffwd_proj_512_chained_fp8
750	1	1788728174230067200	1788728174230176768	1000000000	109.568	cc_split_swin_16h_qkv_512_chained_fp8	cc_split_swin_16h_qkv_512_chained_fp8
751	1	1788728174230179840	1788728174230230016	1000000000	50.176	cc_split_swin_16h_proj_512_chained_fp8	cc_split_swin_16h_proj_512_chained_fp8
752	1	1788728174230234112	1788728174230326272	1000000000	92.16	cc_split_swin_16h_ffwd_512_chained_fp8	cc_split_swin_16h_ffwd_512_chained_fp8
753	1	1788728174230330368	1788728174230378496	1000000000	48.128	cc_split_swin_16h_ffwd_proj_512_chained_fp8	cc_split_swin_16h_ffwd_proj_512_chained_fp8
754	1	1788728174230382592	1788728174230491136	1000000000	108.544	cc_split_swin_16h_qkv_512_chained_fp8	cc_split_swin_16h_qkv_512_chained_fp8
755	1	1788728174230495232	1788728174230592512	1000000000	97.28	cc_split_swin_16h_proj_512_outview_wait_fp8	cc_split_swin_16h_proj_512_outview_wait_fp8
756	1	1788728174230596608	1788728174230959104	1000000000	362.496	cc_tinlayout_fused_swin_8h_256_8_upsample_tilesync_fp8	cc_tinlayout_fused_swin_8h_256_8_upsample_tilesync_fp8
757	1	1788728174230963200	1788728174231371776	1000000000	408.576	cc_tinlayout_fused_swin_8h_256_8_chained_fp8	cc_tinlayout_fused_swin_8h_256_8_chained_fp8
758	1	1788728174231375872	1788728174231770112	1000000000	394.24	cc_tinlayout_fused_swin_8h_256_8_chained_fp8	cc_tinlayout_fused_swin_8h_256_8_chained_fp8
759	1	1788728174231774208	1788728174232081408	1000000000	307.2	cc_tinlayout_fused_swin_8h_256_8_chained_fp8	cc_tinlayout_fused_swin_8h_256_8_chained_fp8
760	1	1788728174232085504	1788728174232396800	1000000000	311.296	cc_tinlayout_fused_swin_8h_256_8_chained_fp8	cc_tinlayout_fused_swin_8h_256_8_chained_fp8
761	1	1788728174232400896	1788728174232791040	1000000000	390.144	cc_tinlayout_fused_swin_8h_256_8_chained_fp8	cc_tinlayout_fused_swin_8h_256_8_chained_fp8
762	1	1788728174232795136	1788728174233187328	1000000000	392.192	cc_tinlayout_fused_swin_8h_256_8_chained_fp8	cc_tinlayout_fused_swin_8h_256_8_chained_fp8
763	1	1788728174233191424	1788728174233503744	1000000000	312.32	cc_tinlayout_fused_swin_8h_256_8_outview_wait_fp8	cc_tinlayout_fused_swin_8h_256_8_outview_wait_fp8
764	1	1788728174233507840	1788728174233944064	1000000000	436.224	cc_tinlayout_fused_swin_4h_128_4_upsample_tilesync_fp8	cc_tinlayout_fused_swin_4h_128_4_upsample_tilesync_fp8
765	1	1788728174233948160	1788728174234274816	1000000000	326.656	cc_tinlayout_fused_swin_4h_128_4_chained_fp8	cc_tinlayout_fused_swin_4h_128_4_chained_fp8
766	1	1788728174234278912	1788728174234596352	1000000000	317.44	cc_tinlayout_fused_swin_4h_128_4_chained_fp8	cc_tinlayout_fused_swin_4h_128_4_chained_fp8
767	1	1788728174234600448	1788728174234920960	1000000000	320.512	cc_tinlayout_fused_swin_4h_128_4_chained_fp8	cc_tinlayout_fused_swin_4h_128_4_chained_fp8
768	1	1788728174234925056	1788728174235242496	1000000000	317.44	cc_tinlayout_fused_swin_4h_128_4_chained_fp8	cc_tinlayout_fused_swin_4h_128_4_chained_fp8
769	1	1788728174235246592	1788728174235606016	1000000000	359.424	cc_tinlayout_fused_swin_4h_128_4_outview_wait_fp8	cc_tinlayout_fused_swin_4h_128_4_outview_wait_fp8
770	1	1788728174235609088	1788728174236323840	1000000000	714.752	cc_tinlayout_fused_swin_2h_64_2_upsample_tilesync_fp8	cc_tinlayout_fused_swin_2h_64_2_upsample_tilesync_fp8
771	1	1788728174236327936	1788728174237369344	1000000000	1041.41	cc_tinlayout_fused_swin_2h_64_2_chained_fp8	cc_tinlayout_fused_swin_2h_64_2_chained_fp8
772	1	1788728174237378560	1788728174238204928	1000000000	826.368	cc_tinlayout_fused_swin_2h_64_2_chained_fp8	cc_tinlayout_fused_swin_2h_64_2_chained_fp8
773	1	1788728174238210048	1788728174238700544	1000000000	490.496	cc_tinlayout_fused_swin_2h_64_2_outview_wait_fp8	cc_tinlayout_fused_swin_2h_64_2_outview_wait_fp8
774	1	1788728174238703616	1788728174239927296	1000000000	1223.68	cc_tinlayout_fused_swin_1h_32_1_upsample_tilesync_fp8	cc_tinlayout_fused_swin_1h_32_1_upsample_tilesync_fp8
775	1	1788728174239930368	1788728174240635904	1000000000	705.536	cc_tinlayout_fused_swin_1h_32_1_chained_fp8	cc_tinlayout_fused_swin_1h_32_1_chained_fp8
776	1	1788728174240640000	1788728174241304576	1000000000	664.576	cc_tinlayout_fused_swin_1h_32_1_chained_fp8	cc_tinlayout_fused_swin_1h_32_1_chained_fp8
777	1	1788728174241307648	1788728174242407424	1000000000	1099.78	cc_tinlayout_fused_swin_1h_32_1_outview_wait_fp8	cc_tinlayout_fused_swin_1h_32_1_outview_wait_fp8
778	1	1788728174242410496	1788728174248603648	1000000000	6193.15	cc_tinlayout_fused_post_block_swin_1h_32_fp8	cc_tinlayout_fused_post_block_swin_1h_32_fp8
779	1	1788728174248608768	1788728174248648704	1000000000	39.936	cg2r_copy_kernel	cg2r_copy_kernel
780	1	1788728174443890688	1788728174443894784	1000000000	4.096	cc_cb_clear	cc_cb_clear
781	1	1788728174443898880	1788728174446829568	1000000000	2930.69	cc_tinlayout_fused_pre_block_swin_1h_32_1_ds_fp8	cc_tinlayout_fused_pre_block_swin_1h_32_1_ds_fp8
782	1	1788728174446833664	1788728174447587328	1000000000	753.664	cc_tinlayout_fused_swin_1h_32_1_inpview_tilesync_fp8	cc_tinlayout_fused_swin_1h_32_1_inpview_tilesync_fp8
783	1	1788728174447591424	1788728174448295936	1000000000	704.512	cc_tinlayout_fused_swin_1h_32_1_chained_fp8	cc_tinlayout_fused_swin_1h_32_1_chained_fp8
784	1	1788728174448300032	1788728174448977920	1000000000	677.888	cc_tinlayout_fused_swin_1h_32_1_chained_fp8	cc_tinlayout_fused_swin_1h_32_1_chained_fp8
785	1	1788728174448982016	1788728174449816576	1000000000	834.56	cc_tinlayout_fused_swin_1h_32_1_ds_wait_fp8	cc_tinlayout_fused_swin_1h_32_1_ds_wait_fp8
786	1	1788728174449820672	1788728174450319360	1000000000	498.688	cc_tinlayout_fused_swin_2h_64_2_inpview_tilesync_fp8	cc_tinlayout_fused_swin_2h_64_2_inpview_tilesync_fp8
787	1	1788728174450323456	1788728174451170304	1000000000	846.848	cc_tinlayout_fused_swin_2h_64_2_chained_fp8	cc_tinlayout_fused_swin_2h_64_2_chained_fp8
788	1	1788728174451175424	1788728174451670016	1000000000	494.592	cc_tinlayout_fused_swin_2h_64_2_chained_fp8	cc_tinlayout_fused_swin_2h_64_2_chained_fp8
789	1	1788728174451674112	1788728174452191232	1000000000	517.12	cc_tinlayout_fused_swin_2h_64_2_ds_wait_fp8	cc_tinlayout_fused_swin_2h_64_2_ds_wait_fp8
790	1	1788728174452195328	1788728174452517888	1000000000	322.56	cc_tinlayout_fused_swin_4h_128_4_inpview_tilesync_fp8	cc_tinlayout_fused_swin_4h_128_4_inpview_tilesync_fp8
791	1	1788728174452521984	1788728174452849664	1000000000	327.68	cc_tinlayout_fused_swin_4h_128_4_chained_fp8	cc_tinlayout_fused_swin_4h_128_4_chained_fp8
792	1	1788728174452853760	1788728174453171200	1000000000	317.44	cc_tinlayout_fused_swin_4h_128_4_chained_fp8	cc_tinlayout_fused_swin_4h_128_4_chained_fp8
793	1	1788728174453175296	1788728174453496832	1000000000	321.536	cc_tinlayout_fused_swin_4h_128_4_chained_fp8	cc_tinlayout_fused_swin_4h_128_4_chained_fp8
794	1	1788728174453500928	1788728174453816320	1000000000	315.392	cc_tinlayout_fused_swin_4h_128_4_chained_fp8	cc_tinlayout_fused_swin_4h_128_4_chained_fp8
795	1	1788728174453820416	1788728174454172672	1000000000	352.256	cc_tinlayout_fused_swin_4h_128_4_ds_wait_fp8	cc_tinlayout_fused_swin_4h_128_4_ds_wait_fp8
796	1	1788728174454177792	1788728174454498304	1000000000	320.512	cc_tinlayout_fused_swin_8h_256_8_inpview_tilesync_fp8	cc_tinlayout_fused_swin_8h_256_8_inpview_tilesync_fp8
797	1	1788728174454503424	1788728174454901760	1000000000	398.336	cc_tinlayout_fused_swin_8h_256_8_chained_fp8	cc_tinlayout_fused_swin_8h_256_8_chained_fp8
798	1	1788728174454905856	1788728174455307264	1000000000	401.408	cc_tinlayout_fused_swin_8h_256_8_chained_fp8	cc_tinlayout_fused_swin_8h_256_8_chained_fp8
799	1	1788728174455312384	1788728174455617536	1000000000	305.152	cc_tinlayout_fused_swin_8h_256_8_chained_fp8	cc_tinlayout_fused_swin_8h_256_8_chained_fp8
800	1	1788728174455620608	1788728174455928832	1000000000	308.224	cc_tinlayout_fused_swin_8h_256_8_chained_fp8	cc_tinlayout_fused_swin_8h_256_8_chained_fp8
801	1	1788728174455932928	1788728174456318976	1000000000	386.048	cc_tinlayout_fused_swin_8h_256_8_chained_fp8	cc_tinlayout_fused_swin_8h_256_8_chained_fp8
802	1	1788728174456323072	1788728174456711168	1000000000	388.096	cc_tinlayout_fused_swin_8h_256_8_chained_fp8	cc_tinlayout_fused_swin_8h_256_8_chained_fp8
803	1	1788728174456715264	1788728174457063424	1000000000	348.16	cc_tinlayout_fused_swin_8h_256_8_ds_wait_fp8	cc_tinlayout_fused_swin_8h_256_8_ds_wait_fp8
804	1	1788728174457067520	1788728174457160704	1000000000	93.184	cc_split_swin_16h_ffwd_inpview_512_tilesync_fp8	cc_split_swin_16h_ffwd_inpview_512_tilesync_fp8
805	1	1788728174457164800	1788728174457256960	1000000000	92.16	cc_split_swin_16h_ffwd_proj_inpview_512_chained_fp8	cc_split_swin_16h_ffwd_proj_inpview_512_chained_fp8
806	1	1788728174457261056	1788728174457348096	1000000000	87.04	cc_split_swin_16h_qkv_512_chained_fp8	cc_split_swin_16h_qkv_512_chained_fp8
807	1	1788728174457352192	1788728174457399296	1000000000	47.104	cc_split_swin_16h_proj_512_chained_fp8	cc_split_swin_16h_proj_512_chained_fp8
808	1	1788728174457403392	1788728174457494528	1000000000	91.136	cc_split_swin_16h_ffwd_512_chained_fp8	cc_split_swin_16h_ffwd_512_chained_fp8
809	1	1788728174457498624	1788728174457546752	1000000000	48.128	cc_split_swin_16h_ffwd_proj_512_chained_fp8	cc_split_swin_16h_ffwd_proj_512_chained_fp8
810	1	1788728174457549824	1788728174457659392	1000000000	109.568	cc_split_swin_16h_qkv_512_chained_fp8	cc_split_swin_16h_qkv_512_chained_fp8
811	1	1788728174457662464	1788728174457711616	1000000000	49.152	cc_split_swin_16h_proj_512_chained_fp8	cc_split_swin_16h_proj_512_chained_fp8
812	1	1788728174457715712	1788728174457806848	1000000000	91.136	cc_split_swin_16h_ffwd_512_chained_fp8	cc_split_swin_16h_ffwd_512_chained_fp8
813	1	1788728174457810944	1788728174457859072	1000000000	48.128	cc_split_swin_16h_ffwd_proj_512_chained_fp8	cc_split_swin_16h_ffwd_proj_512_chained_fp8
814	1	1788728174457863168	1788728174457971712	1000000000	108.544	cc_split_swin_16h_qkv_512_chained_fp8	cc_split_swin_16h_qkv_512_chained_fp8
815	1	1788728174457975808	1788728174458024960	1000000000	49.152	cc_split_swin_16h_proj_512_chained_fp8	cc_split_swin_16h_proj_512_chained_fp8
816	1	1788728174458029056	1788728174458120192	1000000000	91.136	cc_split_swin_16h_ffwd_512_chained_fp8	cc_split_swin_16h_ffwd_512_chained_fp8
817	1	1788728174458124288	1788728174458172416	1000000000	48.128	cc_split_swin_16h_ffwd_proj_512_chained_fp8	cc_split_swin_16h_ffwd_proj_512_chained_fp8
818	1	1788728174458176512	1788728174458285056	1000000000	108.544	cc_split_swin_16h_qkv_512_chained_fp8	cc_split_swin_16h_qkv_512_chained_fp8
819	1	1788728174458289152	1788728174458336256	1000000000	47.104	cc_split_swin_16h_proj_512_chained_fp8	cc_split_swin_16h_proj_512_chained_fp8
820	1	1788728174458340352	1788728174458431488	1000000000	91.136	cc_split_swin_16h_ffwd_512_chained_fp8	cc_split_swin_16h_ffwd_512_chained_fp8
821	1	1788728174458435584	1788728174458483712	1000000000	48.128	cc_split_swin_16h_ffwd_proj_512_chained_fp8	cc_split_swin_16h_ffwd_proj_512_chained_fp8
822	1	1788728174458487808	1788728174458572800	1000000000	84.992	cc_split_swin_16h_qkv_512_chained_fp8	cc_split_swin_16h_qkv_512_chained_fp8
823	1	1788728174458577920	1788728174458624000	1000000000	46.08	cc_split_swin_16h_proj_512_chained_fp8	cc_split_swin_16h_proj_512_chained_fp8
824	1	1788728174458628096	1788728174458720256	1000000000	92.16	cc_split_swin_16h_ffwd_512_chained_fp8	cc_split_swin_16h_ffwd_512_chained_fp8
825	1	1788728174458724352	1788728174458771456	1000000000	47.104	cc_split_swin_16h_ffwd_proj_512_chained_fp8	cc_split_swin_16h_ffwd_proj_512_chained_fp8
826	1	1788728174458776576	1788728174458885120	1000000000	108.544	cc_split_swin_16h_qkv_512_chained_fp8	cc_split_swin_16h_qkv_512_chained_fp8
827	1	1788728174458889216	1788728174458937344	1000000000	48.128	cc_split_swin_16h_proj_512_chained_fp8	cc_split_swin_16h_proj_512_chained_fp8
828	1	1788728174458941440	1788728174459033600	1000000000	92.16	cc_split_swin_16h_ffwd_512_chained_fp8	cc_split_swin_16h_ffwd_512_chained_fp8
829	1	1788728174459037696	1788728174459084800	1000000000	47.104	cc_split_swin_16h_ffwd_proj_512_chained_fp8	cc_split_swin_16h_ffwd_proj_512_chained_fp8
830	1	1788728174459088896	1788728174459196416	1000000000	107.52	cc_split_swin_16h_qkv_512_chained_fp8	cc_split_swin_16h_qkv_512_chained_fp8
831	1	1788728174459200512	1788728174459248640	1000000000	48.128	cc_split_swin_16h_proj_512_chained_fp8	cc_split_swin_16h_proj_512_chained_fp8
832	1	1788728174459252736	1788728174459343872	1000000000	91.136	cc_split_swin_16h_ffwd_512_chained_fp8	cc_split_swin_16h_ffwd_512_chained_fp8
833	1	1788728174459347968	1788728174459395072	1000000000	47.104	cc_split_swin_16h_ffwd_proj_512_chained_fp8	cc_split_swin_16h_ffwd_proj_512_chained_fp8
834	1	1788728174459399168	1788728174459506688	1000000000	107.52	cc_split_swin_16h_qkv_512_chained_fp8	cc_split_swin_16h_qkv_512_chained_fp8
835	1	1788728174459510784	1788728174459551744	1000000000	40.96	cc_split_swin_16h_proj_pool_512_chained_fp8	cc_split_swin_16h_proj_pool_512_chained_fp8
836	1	1788728174459555840	1788728174459586560	1000000000	30.72	cc_split_swin_16h_final_head_512_wait_fp8	cc_split_swin_16h_final_head_512_wait_fp8
837	1	1788728174459590656	1788728174459597824	1000000000	7.168	cc_vit_1d_repack_2d_to_1d_fp8	cc_vit_1d_repack_2d_to_1d_fp8
838	1	1788728174459601920	1788728174459777024	1000000000	175.104	cc_vit_1d_ffn_expand_publish_fp8	cc_vit_1d_ffn_expand_publish_fp8
839	1	1788728174459781120	1788728174459898880	1000000000	117.76	cc_vit_1d_ffn_contract_chained_fp8	cc_vit_1d_ffn_contract_chained_fp8
840	1	1788728174459902976	1788728174460002304	1000000000	99.328	cc_vit_1d_qkv_chained_fp8	cc_vit_1d_qkv_chained_fp8
841	1	1788728174460006400	1788728174460104704	1000000000	98.304	cc_vit_1d_attention_chained_fp8	cc_vit_1d_attention_chained_fp8
842	1	1788728174460108800	1788728174460155904	1000000000	47.104	cc_vit_1d_projection_chained_fp8	cc_vit_1d_projection_chained_fp8
843	1	1788728174460160000	1788728174460314624	1000000000	154.624	cc_vit_1d_ffn_expand_chained_fp8	cc_vit_1d_ffn_expand_chained_fp8
844	1	1788728174460318720	1788728174460437504	1000000000	118.784	cc_vit_1d_ffn_contract_chained_fp8	cc_vit_1d_ffn_contract_chained_fp8
845	1	1788728174460441600	1788728174460539904	1000000000	98.304	cc_vit_1d_qkv_chained_fp8	cc_vit_1d_qkv_chained_fp8
846	1	1788728174460545024	1788728174460642304	1000000000	97.28	cc_vit_1d_attention_chained_fp8	cc_vit_1d_attention_chained_fp8
847	1	1788728174460646400	1788728174460693504	1000000000	47.104	cc_vit_1d_projection_chained_fp8	cc_vit_1d_projection_chained_fp8
848	1	1788728174460697600	1788728174460852224	1000000000	154.624	cc_vit_1d_ffn_expand_chained_fp8	cc_vit_1d_ffn_expand_chained_fp8
849	1	1788728174460855296	1788728174460974080	1000000000	118.784	cc_vit_1d_ffn_contract_chained_fp8	cc_vit_1d_ffn_contract_chained_fp8
850	1	1788728174460978176	1788728174461077504	1000000000	99.328	cc_vit_1d_qkv_chained_fp8	cc_vit_1d_qkv_chained_fp8
851	1	1788728174461081600	1788728174461179904	1000000000	98.304	cc_vit_1d_attention_chained_fp8	cc_vit_1d_attention_chained_fp8
852	1	1788728174461184000	1788728174461231104	1000000000	47.104	cc_vit_1d_projection_chained_fp8	cc_vit_1d_projection_chained_fp8
853	1	1788728174461235200	1788728174461388800	1000000000	153.6	cc_vit_1d_ffn_expand_chained_fp8	cc_vit_1d_ffn_expand_chained_fp8
854	1	1788728174461392896	1788728174461510656	1000000000	117.76	cc_vit_1d_ffn_contract_chained_fp8	cc_vit_1d_ffn_contract_chained_fp8
855	1	1788728174461514752	1788728174461614080	1000000000	99.328	cc_vit_1d_qkv_chained_fp8	cc_vit_1d_qkv_chained_fp8
856	1	1788728174461618176	1788728174461716480	1000000000	98.304	cc_vit_1d_attention_chained_fp8	cc_vit_1d_attention_chained_fp8
857	1	1788728174461719552	1788728174461766656	1000000000	47.104	cc_vit_1d_projection_chained_fp8	cc_vit_1d_projection_chained_fp8
858	1	1788728174461770752	1788728174461924352	1000000000	153.6	cc_vit_1d_ffn_expand_chained_fp8	cc_vit_1d_ffn_expand_chained_fp8
859	1	1788728174461928448	1788728174462046208	1000000000	117.76	cc_vit_1d_ffn_contract_chained_fp8	cc_vit_1d_ffn_contract_chained_fp8
860	1	1788728174462051328	1788728174462150656	1000000000	99.328	cc_vit_1d_qkv_chained_fp8	cc_vit_1d_qkv_chained_fp8
861	1	1788728174462154752	1788728174462253056	1000000000	98.304	cc_vit_1d_attention_chained_fp8	cc_vit_1d_attention_chained_fp8
862	1	1788728174462257152	1788728174462303232	1000000000	46.08	cc_vit_1d_projection_chained_fp8	cc_vit_1d_projection_chained_fp8
863	1	1788728174462306304	1788728174462460928	1000000000	154.624	cc_vit_1d_ffn_expand_chained_fp8	cc_vit_1d_ffn_expand_chained_fp8
864	1	1788728174462466048	1788728174462583808	1000000000	117.76	cc_vit_1d_ffn_contract_chained_fp8	cc_vit_1d_ffn_contract_chained_fp8
865	1	1788728174462587904	1788728174462687232	1000000000	99.328	cc_vit_1d_qkv_chained_fp8	cc_vit_1d_qkv_chained_fp8
866	1	1788728174462691328	1788728174462789632	1000000000	98.304	cc_vit_1d_attention_chained_fp8	cc_vit_1d_attention_chained_fp8
867	1	1788728174462793728	1788728174462841856	1000000000	48.128	cc_vit_1d_projection_chained_fp8	cc_vit_1d_projection_chained_fp8
868	1	1788728174462845952	1788728174462999552	1000000000	153.6	cc_vit_1d_ffn_expand_chained_fp8	cc_vit_1d_ffn_expand_chained_fp8
869	1	1788728174463003648	1788728174463120384	1000000000	116.736	cc_vit_1d_ffn_contract_chained_fp8	cc_vit_1d_ffn_contract_chained_fp8
870	1	1788728174463124480	1788728174463224832	1000000000	100.352	cc_vit_1d_qkv_chained_fp8	cc_vit_1d_qkv_chained_fp8
871	1	1788728174463228928	1788728174463327232	1000000000	98.304	cc_vit_1d_attention_chained_fp8	cc_vit_1d_attention_chained_fp8
872	1	1788728174463331328	1788728174463378432	1000000000	47.104	cc_vit_1d_projection_chained_fp8	cc_vit_1d_projection_chained_fp8
873	1	1788728174463382528	1788728174463537152	1000000000	154.624	cc_vit_1d_ffn_expand_chained_fp8	cc_vit_1d_ffn_expand_chained_fp8
874	1	1788728174463541248	1788728174463660032	1000000000	118.784	cc_vit_1d_ffn_contract_chained_fp8	cc_vit_1d_ffn_contract_chained_fp8
875	1	1788728174463664128	1788728174463764480	1000000000	100.352	cc_vit_1d_qkv_chained_fp8	cc_vit_1d_qkv_chained_fp8
876	1	1788728174463768576	1788728174463865856	1000000000	97.28	cc_vit_1d_attention_chained_fp8	cc_vit_1d_attention_chained_fp8
877	1	1788728174463869952	1788728174463917056	1000000000	47.104	cc_vit_1d_projection_wait_fp8	cc_vit_1d_projection_wait_fp8
878	1	1788728174463921152	1788728174463928320	1000000000	7.168	cc_vit_1d_repack_1d_to_2d_fp8	cc_vit_1d_repack_1d_to_2d_fp8
879	1	1788728174463932416	1788728174463970304	1000000000	37.888	cc_dec_input_upsample_1024_512_tilesync_fp8	cc_dec_input_upsample_1024_512_tilesync_fp8
880	1	1788728174463974400	1788728174464065536	1000000000	91.136	cc_split_swin_16h_ffwd_512_chained_fp8	cc_split_swin_16h_ffwd_512_chained_fp8
881	1	1788728174464069632	1788728174464116736	1000000000	47.104	cc_split_swin_16h_ffwd_proj_512_chained_fp8	cc_split_swin_16h_ffwd_proj_512_chained_fp8
882	1	1788728174464120832	1788728174464207872	1000000000	87.04	cc_split_swin_16h_qkv_512_chained_fp8	cc_split_swin_16h_qkv_512_chained_fp8
883	1	1788728174464211968	1788728174464259072	1000000000	47.104	cc_split_swin_16h_proj_512_chained_fp8	cc_split_swin_16h_proj_512_chained_fp8
884	1	1788728174464263168	1788728174464354304	1000000000	91.136	cc_split_swin_16h_ffwd_512_chained_fp8	cc_split_swin_16h_ffwd_512_chained_fp8
885	1	1788728174464358400	1788728174464406528	1000000000	48.128	cc_split_swin_16h_ffwd_proj_512_chained_fp8	cc_split_swin_16h_ffwd_proj_512_chained_fp8
886	1	1788728174464410624	1788728174464521216	1000000000	110.592	cc_split_swin_16h_qkv_512_chained_fp8	cc_split_swin_16h_qkv_512_chained_fp8
887	1	1788728174464524288	1788728174464573440	1000000000	49.152	cc_split_swin_16h_proj_512_chained_fp8	cc_split_swin_16h_proj_512_chained_fp8
888	1	1788728174464577536	1788728174464668672	1000000000	91.136	cc_split_swin_16h_ffwd_512_chained_fp8	cc_split_swin_16h_ffwd_512_chained_fp8
889	1	1788728174464672768	1788728174464720896	1000000000	48.128	cc_split_swin_16h_ffwd_proj_512_chained_fp8	cc_split_swin_16h_ffwd_proj_512_chained_fp8
890	1	1788728174464724992	1788728174464831488	1000000000	106.496	cc_split_swin_16h_qkv_512_chained_fp8	cc_split_swin_16h_qkv_512_chained_fp8
891	1	1788728174464835584	1788728174464883712	1000000000	48.128	cc_split_swin_16h_proj_512_chained_fp8	cc_split_swin_16h_proj_512_chained_fp8
892	1	1788728174464887808	1788728174464979968	1000000000	92.16	cc_split_swin_16h_ffwd_512_chained_fp8	cc_split_swin_16h_ffwd_512_chained_fp8
893	1	1788728174464984064	1788728174465031168	1000000000	47.104	cc_split_swin_16h_ffwd_proj_512_chained_fp8	cc_split_swin_16h_ffwd_proj_512_chained_fp8
894	1	1788728174465035264	1788728174465142784	1000000000	107.52	cc_split_swin_16h_qkv_512_chained_fp8	cc_split_swin_16h_qkv_512_chained_fp8
895	1	1788728174465146880	1788728174465193984	1000000000	47.104	cc_split_swin_16h_proj_512_chained_fp8	cc_split_swin_16h_proj_512_chained_fp8
896	1	1788728174465198080	1788728174465289216	1000000000	91.136	cc_split_swin_16h_ffwd_512_chained_fp8	cc_split_swin_16h_ffwd_512_chained_fp8
897	1	1788728174465294336	1788728174465342464	1000000000	48.128	cc_split_swin_16h_ffwd_proj_512_chained_fp8	cc_split_swin_16h_ffwd_proj_512_chained_fp8
898	1	1788728174465346560	1788728174465433600	1000000000	87.04	cc_split_swin_16h_qkv_512_chained_fp8	cc_split_swin_16h_qkv_512_chained_fp8
899	1	1788728174465437696	1788728174465484800	1000000000	47.104	cc_split_swin_16h_proj_512_chained_fp8	cc_split_swin_16h_proj_512_chained_fp8
900	1	1788728174465488896	1788728174465580032	1000000000	91.136	cc_split_swin_16h_ffwd_512_chained_fp8	cc_split_swin_16h_ffwd_512_chained_fp8
901	1	1788728174465584128	1788728174465632256	1000000000	48.128	cc_split_swin_16h_ffwd_proj_512_chained_fp8	cc_split_swin_16h_ffwd_proj_512_chained_fp8
902	1	1788728174465637376	1788728174465746944	1000000000	109.568	cc_split_swin_16h_qkv_512_chained_fp8	cc_split_swin_16h_qkv_512_chained_fp8
903	1	1788728174465751040	1788728174465800192	1000000000	49.152	cc_split_swin_16h_proj_512_chained_fp8	cc_split_swin_16h_proj_512_chained_fp8
904	1	1788728174465804288	1788728174465895424	1000000000	91.136	cc_split_swin_16h_ffwd_512_chained_fp8	cc_split_swin_16h_ffwd_512_chained_fp8
905	1	1788728174465899520	1788728174465948672	1000000000	49.152	cc_split_swin_16h_ffwd_proj_512_chained_fp8	cc_split_swin_16h_ffwd_proj_512_chained_fp8
906	1	1788728174465952768	1788728174466061312	1000000000	108.544	cc_split_swin_16h_qkv_512_chained_fp8	cc_split_swin_16h_qkv_512_chained_fp8
907	1	1788728174466065408	1788728174466114560	1000000000	49.152	cc_split_swin_16h_proj_512_chained_fp8	cc_split_swin_16h_proj_512_chained_fp8
908	1	1788728174466123776	1788728174466215936	1000000000	92.16	cc_split_swin_16h_ffwd_512_chained_fp8	cc_split_swin_16h_ffwd_512_chained_fp8
909	1	1788728174466220032	1788728174466267136	1000000000	47.104	cc_split_swin_16h_ffwd_proj_512_chained_fp8	cc_split_swin_16h_ffwd_proj_512_chained_fp8
910	1	1788728174466271232	1788728174466378752	1000000000	107.52	cc_split_swin_16h_qkv_512_chained_fp8	cc_split_swin_16h_qkv_512_chained_fp8
911	1	1788728174466382848	1788728174466478080	1000000000	95.232	cc_split_swin_16h_proj_512_outview_wait_fp8	cc_split_swin_16h_proj_512_outview_wait_fp8
912	1	1788728174466482176	1788728174466842624	1000000000	360.448	cc_tinlayout_fused_swin_8h_256_8_upsample_tilesync_fp8	cc_tinlayout_fused_swin_8h_256_8_upsample_tilesync_fp8
913	1	1788728174466846720	1788728174467250176	1000000000	403.456	cc_tinlayout_fused_swin_8h_256_8_chained_fp8	cc_tinlayout_fused_swin_8h_256_8_chained_fp8
914	1	1788728174467254272	1788728174467645440	1000000000	391.168	cc_tinlayout_fused_swin_8h_256_8_chained_fp8	cc_tinlayout_fused_swin_8h_256_8_chained_fp8
915	1	1788728174467649536	1788728174467953664	1000000000	304.128	cc_tinlayout_fused_swin_8h_256_8_chained_fp8	cc_tinlayout_fused_swin_8h_256_8_chained_fp8
916	1	1788728174467957760	1788728174468264960	1000000000	307.2	cc_tinlayout_fused_swin_8h_256_8_chained_fp8	cc_tinlayout_fused_swin_8h_256_8_chained_fp8
917	1	1788728174468270080	1788728174468655104	1000000000	385.024	cc_tinlayout_fused_swin_8h_256_8_chained_fp8	cc_tinlayout_fused_swin_8h_256_8_chained_fp8
918	1	1788728174468659200	1788728174469049344	1000000000	390.144	cc_tinlayout_fused_swin_8h_256_8_chained_fp8	cc_tinlayout_fused_swin_8h_256_8_chained_fp8
919	1	1788728174469054464	1788728174469364736	1000000000	310.272	cc_tinlayout_fused_swin_8h_256_8_outview_wait_fp8	cc_tinlayout_fused_swin_8h_256_8_outview_wait_fp8
920	1	1788728174469368832	1788728174469805056	1000000000	436.224	cc_tinlayout_fused_swin_4h_128_4_upsample_tilesync_fp8	cc_tinlayout_fused_swin_4h_128_4_upsample_tilesync_fp8
921	1	1788728174469810176	1788728174470138880	1000000000	328.704	cc_tinlayout_fused_swin_4h_128_4_chained_fp8	cc_tinlayout_fused_swin_4h_128_4_chained_fp8
922	1	1788728174470142976	1788728174470455296	1000000000	312.32	cc_tinlayout_fused_swin_4h_128_4_chained_fp8	cc_tinlayout_fused_swin_4h_128_4_chained_fp8
923	1	1788728174470459392	1788728174471354368	1000000000	894.976	cc_tinlayout_fused_swin_4h_128_4_chained_fp8	cc_tinlayout_fused_swin_4h_128_4_chained_fp8
924	1	1788728174471359488	1788728174471948288	1000000000	588.8	cc_tinlayout_fused_swin_4h_128_4_chained_fp8	cc_tinlayout_fused_swin_4h_128_4_chained_fp8
925	1	1788728174471959552	1788728174472318976	1000000000	359.424	cc_tinlayout_fused_swin_4h_128_4_outview_wait_fp8	cc_tinlayout_fused_swin_4h_128_4_outview_wait_fp8
926	1	1788728174472323072	1788728174473040896	1000000000	717.824	cc_tinlayout_fused_swin_2h_64_2_upsample_tilesync_fp8	cc_tinlayout_fused_swin_2h_64_2_upsample_tilesync_fp8
927	1	1788728174473043968	1788728174473564160	1000000000	520.192	cc_tinlayout_fused_swin_2h_64_2_chained_fp8	cc_tinlayout_fused_swin_2h_64_2_chained_fp8
928	1	1788728174473568256	1788728174474056704	1000000000	488.448	cc_tinlayout_fused_swin_2h_64_2_chained_fp8	cc_tinlayout_fused_swin_2h_64_2_chained_fp8
929	1	1788728174474060800	1788728174474558464	1000000000	497.664	cc_tinlayout_fused_swin_2h_64_2_outview_wait_fp8	cc_tinlayout_fused_swin_2h_64_2_outview_wait_fp8
930	1	1788728174474561536	1788728174475783168	1000000000	1221.63	cc_tinlayout_fused_swin_1h_32_1_upsample_tilesync_fp8	cc_tinlayout_fused_swin_1h_32_1_upsample_tilesync_fp8
931	1	1788728174475787264	1788728174476514304	1000000000	727.04	cc_tinlayout_fused_swin_1h_32_1_chained_fp8	cc_tinlayout_fused_swin_1h_32_1_chained_fp8
932	1	1788728174476518400	1788728174477184000	1000000000	665.6	cc_tinlayout_fused_swin_1h_32_1_chained_fp8	cc_tinlayout_fused_swin_1h_32_1_chained_fp8
933	1	1788728174477187072	1788728174478282752	1000000000	1095.68	cc_tinlayout_fused_swin_1h_32_1_outview_wait_fp8	cc_tinlayout_fused_swin_1h_32_1_outview_wait_fp8
934	1	1788728174478286848	1788728174484340736	1000000000	6053.89	cc_tinlayout_fused_post_block_swin_1h_32_fp8	cc_tinlayout_fused_post_block_swin_1h_32_fp8
935	1	1788728174484345856	1788728174484385792	1000000000	39.936	cg2r_copy_kernel	cg2r_copy_kernel
936	1	1788728174680366080	1788728174680370176	1000000000	4.096	cc_cb_clear	cc_cb_clear
937	1	1788728174680374272	1788728174683299840	1000000000	2925.57	cc_tinlayout_fused_pre_block_swin_1h_32_1_ds_fp8	cc_tinlayout_fused_pre_block_swin_1h_32_1_ds_fp8
938	1	1788728174683303936	1788728174684075008	1000000000	771.072	cc_tinlayout_fused_swin_1h_32_1_inpview_tilesync_fp8	cc_tinlayout_fused_swin_1h_32_1_inpview_tilesync_fp8
939	1	1788728174684082176	1788728174684790784	1000000000	708.608	cc_tinlayout_fused_swin_1h_32_1_chained_fp8	cc_tinlayout_fused_swin_1h_32_1_chained_fp8
940	1	1788728174684794880	1788728174685468672	1000000000	673.792	cc_tinlayout_fused_swin_1h_32_1_chained_fp8	cc_tinlayout_fused_swin_1h_32_1_chained_fp8
941	1	1788728174685472768	1788728174686307328	1000000000	834.56	cc_tinlayout_fused_swin_1h_32_1_ds_wait_fp8	cc_tinlayout_fused_swin_1h_32_1_ds_wait_fp8
942	1	1788728174686311424	1788728174686813184	1000000000	501.76	cc_tinlayout_fused_swin_2h_64_2_inpview_tilesync_fp8	cc_tinlayout_fused_swin_2h_64_2_inpview_tilesync_fp8
943	1	1788728174686818304	1788728174687346688	1000000000	528.384	cc_tinlayout_fused_swin_2h_64_2_chained_fp8	cc_tinlayout_fused_swin_2h_64_2_chained_fp8
944	1	1788728174687350784	1788728174687842304	1000000000	491.52	cc_tinlayout_fused_swin_2h_64_2_chained_fp8	cc_tinlayout_fused_swin_2h_64_2_chained_fp8
945	1	1788728174687846400	1788728174688723968	1000000000	877.568	cc_tinlayout_fused_swin_2h_64_2_ds_wait_fp8	cc_tinlayout_fused_swin_2h_64_2_ds_wait_fp8
946	1	1788728174688729088	1788728174689048576	1000000000	319.488	cc_tinlayout_fused_swin_4h_128_4_inpview_tilesync_fp8	cc_tinlayout_fused_swin_4h_128_4_inpview_tilesync_fp8
947	1	1788728174689053696	1788728174689376256	1000000000	322.56	cc_tinlayout_fused_swin_4h_128_4_chained_fp8	cc_tinlayout_fused_swin_4h_128_4_chained_fp8
948	1	1788728174689380352	1788728174689699840	1000000000	319.488	cc_tinlayout_fused_swin_4h_128_4_chained_fp8	cc_tinlayout_fused_swin_4h_128_4_chained_fp8
949	1	1788728174689703936	1788728174690026496	1000000000	322.56	cc_tinlayout_fused_swin_4h_128_4_chained_fp8	cc_tinlayout_fused_swin_4h_128_4_chained_fp8
950	1	1788728174690030592	1788728174690349056	1000000000	318.464	cc_tinlayout_fused_swin_4h_128_4_chained_fp8	cc_tinlayout_fused_swin_4h_128_4_chained_fp8
951	1	1788728174690353152	1788728174690709504	1000000000	356.352	cc_tinlayout_fused_swin_4h_128_4_ds_wait_fp8	cc_tinlayout_fused_swin_4h_128_4_ds_wait_fp8
952	1	1788728174690713600	1788728174691038208	1000000000	324.608	cc_tinlayout_fused_swin_8h_256_8_inpview_tilesync_fp8	cc_tinlayout_fused_swin_8h_256_8_inpview_tilesync_fp8
953	1	1788728174691043328	1788728174691441664	1000000000	398.336	cc_tinlayout_fused_swin_8h_256_8_chained_fp8	cc_tinlayout_fused_swin_8h_256_8_chained_fp8
954	1	1788728174691445760	1788728174691848192	1000000000	402.432	cc_tinlayout_fused_swin_8h_256_8_chained_fp8	cc_tinlayout_fused_swin_8h_256_8_chained_fp8
955	1	1788728174691852288	1788728174692157440	1000000000	305.152	cc_tinlayout_fused_swin_8h_256_8_chained_fp8	cc_tinlayout_fused_swin_8h_256_8_chained_fp8
956	1	1788728174692161536	1788728174692466688	1000000000	305.152	cc_tinlayout_fused_swin_8h_256_8_chained_fp8	cc_tinlayout_fused_swin_8h_256_8_chained_fp8
957	1	1788728174692470784	1788728174692860928	1000000000	390.144	cc_tinlayout_fused_swin_8h_256_8_chained_fp8	cc_tinlayout_fused_swin_8h_256_8_chained_fp8
958	1	1788728174692865024	1788728174693258240	1000000000	393.216	cc_tinlayout_fused_swin_8h_256_8_chained_fp8	cc_tinlayout_fused_swin_8h_256_8_chained_fp8
959	1	1788728174693262336	1788728174693610496	1000000000	348.16	cc_tinlayout_fused_swin_8h_256_8_ds_wait_fp8	cc_tinlayout_fused_swin_8h_256_8_ds_wait_fp8
960	1	1788728174693614592	1788728174693707776	1000000000	93.184	cc_split_swin_16h_ffwd_inpview_512_tilesync_fp8	cc_split_swin_16h_ffwd_inpview_512_tilesync_fp8
961	1	1788728174693711872	1788728174693800960	1000000000	89.088	cc_split_swin_16h_ffwd_proj_inpview_512_chained_fp8	cc_split_swin_16h_ffwd_proj_inpview_512_chained_fp8
962	1	1788728174693805056	1788728174693893120	1000000000	88.064	cc_split_swin_16h_qkv_512_chained_fp8	cc_split_swin_16h_qkv_512_chained_fp8
963	1	1788728174693897216	1788728174693944320	1000000000	47.104	cc_split_swin_16h_proj_512_chained_fp8	cc_split_swin_16h_proj_512_chained_fp8
964	1	1788728174693948416	1788728174694040576	1000000000	92.16	cc_split_swin_16h_ffwd_512_chained_fp8	cc_split_swin_16h_ffwd_512_chained_fp8
965	1	1788728174694044672	1788728174694091776	1000000000	47.104	cc_split_swin_16h_ffwd_proj_512_chained_fp8	cc_split_swin_16h_ffwd_proj_512_chained_fp8
966	1	1788728174694095872	1788728174694204416	1000000000	108.544	cc_split_swin_16h_qkv_512_chained_fp8	cc_split_swin_16h_qkv_512_chained_fp8
967	1	1788728174694208512	1788728174694257664	1000000000	49.152	cc_split_swin_16h_proj_512_chained_fp8	cc_split_swin_16h_proj_512_chained_fp8
968	1	1788728174694261760	1788728174694353920	1000000000	92.16	cc_split_swin_16h_ffwd_512_chained_fp8	cc_split_swin_16h_ffwd_512_chained_fp8
969	1	1788728174694358016	1788728174694407168	1000000000	49.152	cc_split_swin_16h_ffwd_proj_512_chained_fp8	cc_split_swin_16h_ffwd_proj_512_chained_fp8
970	1	1788728174694411264	1788728174694519808	1000000000	108.544	cc_split_swin_16h_qkv_512_chained_fp8	cc_split_swin_16h_qkv_512_chained_fp8
971	1	1788728174694523904	1788728174694573056	1000000000	49.152	cc_split_swin_16h_proj_512_chained_fp8	cc_split_swin_16h_proj_512_chained_fp8
972	1	1788728174694577152	1788728174694671360	1000000000	94.208	cc_split_swin_16h_ffwd_512_chained_fp8	cc_split_swin_16h_ffwd_512_chained_fp8
973	1	1788728174694675456	1788728174694722560	1000000000	47.104	cc_split_swin_16h_ffwd_proj_512_chained_fp8	cc_split_swin_16h_ffwd_proj_512_chained_fp8
974	1	1788728174694726656	1788728174694836224	1000000000	109.568	cc_split_swin_16h_qkv_512_chained_fp8	cc_split_swin_16h_qkv_512_chained_fp8
975	1	1788728174694840320	1788728174694887424	1000000000	47.104	cc_split_swin_16h_proj_512_chained_fp8	cc_split_swin_16h_proj_512_chained_fp8
976	1	1788728174694891520	1788728174694982656	1000000000	91.136	cc_split_swin_16h_ffwd_512_chained_fp8	cc_split_swin_16h_ffwd_512_chained_fp8
977	1	1788728174694986752	1788728174695034880	1000000000	48.128	cc_split_swin_16h_ffwd_proj_512_chained_fp8	cc_split_swin_16h_ffwd_proj_512_chained_fp8
978	1	1788728174695038976	1788728174695123968	1000000000	84.992	cc_split_swin_16h_qkv_512_chained_fp8	cc_split_swin_16h_qkv_512_chained_fp8
979	1	1788728174695128064	1788728174695175168	1000000000	47.104	cc_split_swin_16h_proj_512_chained_fp8	cc_split_swin_16h_proj_512_chained_fp8
980	1	1788728174695179264	1788728174695271424	1000000000	92.16	cc_split_swin_16h_ffwd_512_chained_fp8	cc_split_swin_16h_ffwd_512_chained_fp8
981	1	1788728174695275520	1788728174695323648	1000000000	48.128	cc_split_swin_16h_ffwd_proj_512_chained_fp8	cc_split_swin_16h_ffwd_proj_512_chained_fp8
982	1	1788728174695327744	1788728174695436288	1000000000	108.544	cc_split_swin_16h_qkv_512_chained_fp8	cc_split_swin_16h_qkv_512_chained_fp8
983	1	1788728174695440384	1788728174695489536	1000000000	49.152	cc_split_swin_16h_proj_512_chained_fp8	cc_split_swin_16h_proj_512_chained_fp8
984	1	1788728174695493632	1788728174695585792	1000000000	92.16	cc_split_swin_16h_ffwd_512_chained_fp8	cc_split_swin_16h_ffwd_512_chained_fp8
985	1	1788728174695589888	1788728174695638016	1000000000	48.128	cc_split_swin_16h_ffwd_proj_512_chained_fp8	cc_split_swin_16h_ffwd_proj_512_chained_fp8
986	1	1788728174695642112	1788728174695750656	1000000000	108.544	cc_split_swin_16h_qkv_512_chained_fp8	cc_split_swin_16h_qkv_512_chained_fp8
987	1	1788728174695754752	1788728174695803904	1000000000	49.152	cc_split_swin_16h_proj_512_chained_fp8	cc_split_swin_16h_proj_512_chained_fp8
988	1	1788728174695806976	1788728174695899136	1000000000	92.16	cc_split_swin_16h_ffwd_512_chained_fp8	cc_split_swin_16h_ffwd_512_chained_fp8
989	1	1788728174695903232	1788728174695951360	1000000000	48.128	cc_split_swin_16h_ffwd_proj_512_chained_fp8	cc_split_swin_16h_ffwd_proj_512_chained_fp8
990	1	1788728174695955456	1788728174696062976	1000000000	107.52	cc_split_swin_16h_qkv_512_chained_fp8	cc_split_swin_16h_qkv_512_chained_fp8
991	1	1788728174696067072	1788728174696107008	1000000000	39.936	cc_split_swin_16h_proj_pool_512_chained_fp8	cc_split_swin_16h_proj_pool_512_chained_fp8
992	1	1788728174696111104	1788728174696140800	1000000000	29.696	cc_split_swin_16h_final_head_512_wait_fp8	cc_split_swin_16h_final_head_512_wait_fp8
993	1	1788728174696144896	1788728174696153088	1000000000	8.192	cc_vit_1d_repack_2d_to_1d_fp8	cc_vit_1d_repack_2d_to_1d_fp8
994	1	1788728174696156160	1788728174696329216	1000000000	173.056	cc_vit_1d_ffn_expand_publish_fp8	cc_vit_1d_ffn_expand_publish_fp8
995	1	1788728174696333312	1788728174696450048	1000000000	116.736	cc_vit_1d_ffn_contract_chained_fp8	cc_vit_1d_ffn_contract_chained_fp8
996	1	1788728174696454144	1788728174696553472	1000000000	99.328	cc_vit_1d_qkv_chained_fp8	cc_vit_1d_qkv_chained_fp8
997	1	1788728174696557568	1788728174696656896	1000000000	99.328	cc_vit_1d_attention_chained_fp8	cc_vit_1d_attention_chained_fp8
998	1	1788728174696659968	1788728174696707072	1000000000	47.104	cc_vit_1d_projection_chained_fp8	cc_vit_1d_projection_chained_fp8
999	1	1788728174696711168	1788728174696867840	1000000000	156.672	cc_vit_1d_ffn_expand_chained_fp8	cc_vit_1d_ffn_expand_chained_fp8
1000	1	1788728174696871936	1788728174696989696	1000000000	117.76	cc_vit_1d_ffn_contract_chained_fp8	cc_vit_1d_ffn_contract_chained_fp8
1001	1	1788728174696993792	1788728174697095168	1000000000	101.376	cc_vit_1d_qkv_chained_fp8	cc_vit_1d_qkv_chained_fp8
1002	1	1788728174697099264	1788728174697197568	1000000000	98.304	cc_vit_1d_attention_chained_fp8	cc_vit_1d_attention_chained_fp8
1003	1	1788728174697200640	1788728174697248768	1000000000	48.128	cc_vit_1d_projection_chained_fp8	cc_vit_1d_projection_chained_fp8
1004	1	1788728174697252864	1788728174697408512	1000000000	155.648	cc_vit_1d_ffn_expand_chained_fp8	cc_vit_1d_ffn_expand_chained_fp8
1005	1	1788728174697411584	1788728174697529344	1000000000	117.76	cc_vit_1d_ffn_contract_chained_fp8	cc_vit_1d_ffn_contract_chained_fp8
1006	1	1788728174697533440	1788728174697633792	1000000000	100.352	cc_vit_1d_qkv_chained_fp8	cc_vit_1d_qkv_chained_fp8
1007	1	1788728174697638912	1788728174697737216	1000000000	98.304	cc_vit_1d_attention_chained_fp8	cc_vit_1d_attention_chained_fp8
1008	1	1788728174697741312	1788728174697791488	1000000000	50.176	cc_vit_1d_projection_chained_fp8	cc_vit_1d_projection_chained_fp8
1009	1	1788728174697795584	1788728174697949184	1000000000	153.6	cc_vit_1d_ffn_expand_chained_fp8	cc_vit_1d_ffn_expand_chained_fp8
1010	1	1788728174697953280	1788728174698072064	1000000000	118.784	cc_vit_1d_ffn_contract_chained_fp8	cc_vit_1d_ffn_contract_chained_fp8
1011	1	1788728174698076160	1788728174698174464	1000000000	98.304	cc_vit_1d_qkv_chained_fp8	cc_vit_1d_qkv_chained_fp8
1012	1	1788728174698178560	1788728174698276864	1000000000	98.304	cc_vit_1d_attention_chained_fp8	cc_vit_1d_attention_chained_fp8
1013	1	1788728174698280960	1788728174698328064	1000000000	47.104	cc_vit_1d_projection_chained_fp8	cc_vit_1d_projection_chained_fp8
1014	1	1788728174698332160	1788728174698484736	1000000000	152.576	cc_vit_1d_ffn_expand_chained_fp8	cc_vit_1d_ffn_expand_chained_fp8
1015	1	1788728174698488832	1788728174698606592	1000000000	117.76	cc_vit_1d_ffn_contract_chained_fp8	cc_vit_1d_ffn_contract_chained_fp8
1016	1	1788728174698610688	1788728174698710016	1000000000	99.328	cc_vit_1d_qkv_chained_fp8	cc_vit_1d_qkv_chained_fp8
1017	1	1788728174698714112	1788728174698812416	1000000000	98.304	cc_vit_1d_attention_chained_fp8	cc_vit_1d_attention_chained_fp8
1018	1	1788728174698816512	1788728174698862592	1000000000	46.08	cc_vit_1d_projection_chained_fp8	cc_vit_1d_projection_chained_fp8
1019	1	1788728174698866688	1788728174699021312	1000000000	154.624	cc_vit_1d_ffn_expand_chained_fp8	cc_vit_1d_ffn_expand_chained_fp8
1020	1	1788728174699025408	1788728174699142144	1000000000	116.736	cc_vit_1d_ffn_contract_chained_fp8	cc_vit_1d_ffn_contract_chained_fp8
1021	1	1788728174699146240	1788728174699245568	1000000000	99.328	cc_vit_1d_qkv_chained_fp8	cc_vit_1d_qkv_chained_fp8
1022	1	1788728174699250688	1788728174699347968	1000000000	97.28	cc_vit_1d_attention_chained_fp8	cc_vit_1d_attention_chained_fp8
1023	1	1788728174699352064	1788728174699399168	1000000000	47.104	cc_vit_1d_projection_chained_fp8	cc_vit_1d_projection_chained_fp8
1024	1	1788728174699403264	1788728174699556864	1000000000	153.6	cc_vit_1d_ffn_expand_chained_fp8	cc_vit_1d_ffn_expand_chained_fp8
1025	1	1788728174699560960	1788728174699678720	1000000000	117.76	cc_vit_1d_ffn_contract_chained_fp8	cc_vit_1d_ffn_contract_chained_fp8
1026	1	1788728174699682816	1788728174699782144	1000000000	99.328	cc_vit_1d_qkv_chained_fp8	cc_vit_1d_qkv_chained_fp8
1027	1	1788728174699786240	1788728174699884544	1000000000	98.304	cc_vit_1d_attention_chained_fp8	cc_vit_1d_attention_chained_fp8
1028	1	1788728174699888640	1788728174699935744	1000000000	47.104	cc_vit_1d_projection_chained_fp8	cc_vit_1d_projection_chained_fp8
1029	1	1788728174699939840	1788728174700096512	1000000000	156.672	cc_vit_1d_ffn_expand_chained_fp8	cc_vit_1d_ffn_expand_chained_fp8
1030	1	1788728174700100608	1788728174700218368	1000000000	117.76	cc_vit_1d_ffn_contract_chained_fp8	cc_vit_1d_ffn_contract_chained_fp8
1031	1	1788728174700222464	1788728174700322816	1000000000	100.352	cc_vit_1d_qkv_chained_fp8	cc_vit_1d_qkv_chained_fp8
1032	1	1788728174700326912	1788728174700425216	1000000000	98.304	cc_vit_1d_attention_chained_fp8	cc_vit_1d_attention_chained_fp8
1033	1	1788728174700429312	1788728174700476416	1000000000	47.104	cc_vit_1d_projection_wait_fp8	cc_vit_1d_projection_wait_fp8
1034	1	1788728174700480512	1788728174700487680	1000000000	7.168	cc_vit_1d_repack_1d_to_2d_fp8	cc_vit_1d_repack_1d_to_2d_fp8
1035	1	1788728174700490752	1788728174700528640	1000000000	37.888	cc_dec_input_upsample_1024_512_tilesync_fp8	cc_dec_input_upsample_1024_512_tilesync_fp8
1036	1	1788728174700532736	1788728174700624896	1000000000	92.16	cc_split_swin_16h_ffwd_512_chained_fp8	cc_split_swin_16h_ffwd_512_chained_fp8
1037	1	1788728174700628992	1788728174700676096	1000000000	47.104	cc_split_swin_16h_ffwd_proj_512_chained_fp8	cc_split_swin_16h_ffwd_proj_512_chained_fp8
1038	1	1788728174700680192	1788728174700768256	1000000000	88.064	cc_split_swin_16h_qkv_512_chained_fp8	cc_split_swin_16h_qkv_512_chained_fp8
1039	1	1788728174700772352	1788728174700819456	1000000000	47.104	cc_split_swin_16h_proj_512_chained_fp8	cc_split_swin_16h_proj_512_chained_fp8
1040	1	1788728174700823552	1788728174700914688	1000000000	91.136	cc_split_swin_16h_ffwd_512_chained_fp8	cc_split_swin_16h_ffwd_512_chained_fp8
1041	1	1788728174700918784	1788728174700967936	1000000000	49.152	cc_split_swin_16h_ffwd_proj_512_chained_fp8	cc_split_swin_16h_ffwd_proj_512_chained_fp8
1042	1	1788728174700972032	1788728174701082624	1000000000	110.592	cc_split_swin_16h_qkv_512_chained_fp8	cc_split_swin_16h_qkv_512_chained_fp8
1043	1	1788728174701086720	1788728174701135872	1000000000	49.152	cc_split_swin_16h_proj_512_chained_fp8	cc_split_swin_16h_proj_512_chained_fp8
1044	1	1788728174701138944	1788728174701230080	1000000000	91.136	cc_split_swin_16h_ffwd_512_chained_fp8	cc_split_swin_16h_ffwd_512_chained_fp8
1045	1	1788728174701234176	1788728174701281280	1000000000	47.104	cc_split_swin_16h_ffwd_proj_512_chained_fp8	cc_split_swin_16h_ffwd_proj_512_chained_fp8
1046	1	1788728174701285376	1788728174701393920	1000000000	108.544	cc_split_swin_16h_qkv_512_chained_fp8	cc_split_swin_16h_qkv_512_chained_fp8
1047	1	1788728174701396992	1788728174701446144	1000000000	49.152	cc_split_swin_16h_proj_512_chained_fp8	cc_split_swin_16h_proj_512_chained_fp8
1048	1	1788728174701450240	1788728174701542400	1000000000	92.16	cc_split_swin_16h_ffwd_512_chained_fp8	cc_split_swin_16h_ffwd_512_chained_fp8
1049	1	1788728174701546496	1788728174701594624	1000000000	48.128	cc_split_swin_16h_ffwd_proj_512_chained_fp8	cc_split_swin_16h_ffwd_proj_512_chained_fp8
1050	1	1788728174701598720	1788728174701708288	1000000000	109.568	cc_split_swin_16h_qkv_512_chained_fp8	cc_split_swin_16h_qkv_512_chained_fp8
1051	1	1788728174701711360	1788728174701759488	1000000000	48.128	cc_split_swin_16h_proj_512_chained_fp8	cc_split_swin_16h_proj_512_chained_fp8
1052	1	1788728174701762560	1788728174701854720	1000000000	92.16	cc_split_swin_16h_ffwd_512_chained_fp8	cc_split_swin_16h_ffwd_512_chained_fp8
1053	1	1788728174701858816	1788728174701905920	1000000000	47.104	cc_split_swin_16h_ffwd_proj_512_chained_fp8	cc_split_swin_16h_ffwd_proj_512_chained_fp8
1054	1	1788728174701910016	1788728174701997056	1000000000	87.04	cc_split_swin_16h_qkv_512_chained_fp8	cc_split_swin_16h_qkv_512_chained_fp8
1055	1	1788728174702001152	1788728174702048256	1000000000	47.104	cc_split_swin_16h_proj_512_chained_fp8	cc_split_swin_16h_proj_512_chained_fp8
1056	1	1788728174702052352	1788728174702144512	1000000000	92.16	cc_split_swin_16h_ffwd_512_chained_fp8	cc_split_swin_16h_ffwd_512_chained_fp8
1057	1	1788728174702148608	1788728174702195712	1000000000	47.104	cc_split_swin_16h_ffwd_proj_512_chained_fp8	cc_split_swin_16h_ffwd_proj_512_chained_fp8
1058	1	1788728174702201856	1788728174702310400	1000000000	108.544	cc_split_swin_16h_qkv_512_chained_fp8	cc_split_swin_16h_qkv_512_chained_fp8
1059	1	1788728174702314496	1788728174702368768	1000000000	54.272	cc_split_swin_16h_proj_512_chained_fp8	cc_split_swin_16h_proj_512_chained_fp8
1060	1	1788728174702372864	1788728174702465024	1000000000	92.16	cc_split_swin_16h_ffwd_512_chained_fp8	cc_split_swin_16h_ffwd_512_chained_fp8
1061	1	1788728174702469120	1788728174702517248	1000000000	48.128	cc_split_swin_16h_ffwd_proj_512_chained_fp8	cc_split_swin_16h_ffwd_proj_512_chained_fp8
1062	1	1788728174702521344	1788728174702630912	1000000000	109.568	cc_split_swin_16h_qkv_512_chained_fp8	cc_split_swin_16h_qkv_512_chained_fp8
1063	1	1788728174702635008	1788728174702684160	1000000000	49.152	cc_split_swin_16h_proj_512_chained_fp8	cc_split_swin_16h_proj_512_chained_fp8
1064	1	1788728174702688256	1788728174702780416	1000000000	92.16	cc_split_swin_16h_ffwd_512_chained_fp8	cc_split_swin_16h_ffwd_512_chained_fp8
1065	1	1788728174702784512	1788728174702832640	1000000000	48.128	cc_split_swin_16h_ffwd_proj_512_chained_fp8	cc_split_swin_16h_ffwd_proj_512_chained_fp8
1066	1	1788728174702836736	1788728174702944256	1000000000	107.52	cc_split_swin_16h_qkv_512_chained_fp8	cc_split_swin_16h_qkv_512_chained_fp8
1067	1	1788728174702948352	1788728174703040512	1000000000	92.16	cc_split_swin_16h_proj_512_outview_wait_fp8	cc_split_swin_16h_proj_512_outview_wait_fp8
1068	1	1788728174703044608	1788728174703408128	1000000000	363.52	cc_tinlayout_fused_swin_8h_256_8_upsample_tilesync_fp8	cc_tinlayout_fused_swin_8h_256_8_upsample_tilesync_fp8
1069	1	1788728174703412224	1788728174703820800	1000000000	408.576	cc_tinlayout_fused_swin_8h_256_8_chained_fp8	cc_tinlayout_fused_swin_8h_256_8_chained_fp8
1070	1	1788728174703824896	1788728174704757760	1000000000	932.864	cc_tinlayout_fused_swin_8h_256_8_chained_fp8	cc_tinlayout_fused_swin_8h_256_8_chained_fp8
1071	1	1788728174704762880	1788728174705382400	1000000000	619.52	cc_tinlayout_fused_swin_8h_256_8_chained_fp8	cc_tinlayout_fused_swin_8h_256_8_chained_fp8
1072	1	1788728174705387520	1788728174705701888	1000000000	314.368	cc_tinlayout_fused_swin_8h_256_8_chained_fp8	cc_tinlayout_fused_swin_8h_256_8_chained_fp8
1073	1	1788728174705705984	1788728174706101248	1000000000	395.264	cc_tinlayout_fused_swin_8h_256_8_chained_fp8	cc_tinlayout_fused_swin_8h_256_8_chained_fp8
1074	1	1788728174706105344	1788728174706501632	1000000000	396.288	cc_tinlayout_fused_swin_8h_256_8_chained_fp8	cc_tinlayout_fused_swin_8h_256_8_chained_fp8
1075	1	1788728174706505728	1788728174706819072	1000000000	313.344	cc_tinlayout_fused_swin_8h_256_8_outview_wait_fp8	cc_tinlayout_fused_swin_8h_256_8_outview_wait_fp8
1076	1	1788728174706823168	1788728174707261440	1000000000	438.272	cc_tinlayout_fused_swin_4h_128_4_upsample_tilesync_fp8	cc_tinlayout_fused_swin_4h_128_4_upsample_tilesync_fp8
1077	1	1788728174707265536	1788728174707595264	1000000000	329.728	cc_tinlayout_fused_swin_4h_128_4_chained_fp8	cc_tinlayout_fused_swin_4h_128_4_chained_fp8
1078	1	1788728174707599360	1788728174707918848	1000000000	319.488	cc_tinlayout_fused_swin_4h_128_4_chained_fp8	cc_tinlayout_fused_swin_4h_128_4_chained_fp8
1079	1	1788728174707922944	1788728174708244480	1000000000	321.536	cc_tinlayout_fused_swin_4h_128_4_chained_fp8	cc_tinlayout_fused_swin_4h_128_4_chained_fp8
1080	1	1788728174708248576	1788728174708563968	1000000000	315.392	cc_tinlayout_fused_swin_4h_128_4_chained_fp8	cc_tinlayout_fused_swin_4h_128_4_chained_fp8
1081	1	1788728174708568064	1788728174708938752	1000000000	370.688	cc_tinlayout_fused_swin_4h_128_4_outview_wait_fp8	cc_tinlayout_fused_swin_4h_128_4_outview_wait_fp8
1082	1	1788728174708942848	1788728174709659648	1000000000	716.8	cc_tinlayout_fused_swin_2h_64_2_upsample_tilesync_fp8	cc_tinlayout_fused_swin_2h_64_2_upsample_tilesync_fp8
1083	1	1788728174709662720	1788728174710187008	1000000000	524.288	cc_tinlayout_fused_swin_2h_64_2_chained_fp8	cc_tinlayout_fused_swin_2h_64_2_chained_fp8
1084	1	1788728174710190080	1788728174710686720	1000000000	496.64	cc_tinlayout_fused_swin_2h_64_2_chained_fp8	cc_tinlayout_fused_swin_2h_64_2_chained_fp8
1085	1	1788728174710690816	1788728174711183360	1000000000	492.544	cc_tinlayout_fused_swin_2h_64_2_outview_wait_fp8	cc_tinlayout_fused_swin_2h_64_2_outview_wait_fp8
1086	1	1788728174711186432	1788728174712416256	1000000000	1229.82	cc_tinlayout_fused_swin_1h_32_1_upsample_tilesync_fp8	cc_tinlayout_fused_swin_1h_32_1_upsample_tilesync_fp8
1087	1	1788728174712420352	1788728174713661440	1000000000	1241.09	cc_tinlayout_fused_swin_1h_32_1_chained_fp8	cc_tinlayout_fused_swin_1h_32_1_chained_fp8
1088	1	1788728174713665536	1788728174714332160	1000000000	666.624	cc_tinlayout_fused_swin_1h_32_1_chained_fp8	cc_tinlayout_fused_swin_1h_32_1_chained_fp8
1089	1	1788728174714336256	1788728174715433984	1000000000	1097.73	cc_tinlayout_fused_swin_1h_32_1_outview_wait_fp8	cc_tinlayout_fused_swin_1h_32_1_outview_wait_fp8
1090	1	1788728174715438080	1788728174721471488	1000000000	6033.41	cc_tinlayout_fused_post_block_swin_1h_32_fp8	cc_tinlayout_fused_post_block_swin_1h_32_fp8
1091	1	1788728174721476608	1788728174721516544	1000000000	39.936	cg2r_copy_kernel	cg2r_copy_kernel
1092	1	1788728174911333376	1788728174911337472	1000000000	4.096	cc_cb_clear	cc_cb_clear
1093	1	1788728174911342592	1788728174914274304	1000000000	2931.71	cc_tinlayout_fused_pre_block_swin_1h_32_1_ds_fp8	cc_tinlayout_fused_pre_block_swin_1h_32_1_ds_fp8
1094	1	1788728174914278400	1788728174915041280	1000000000	762.88	cc_tinlayout_fused_swin_1h_32_1_inpview_tilesync_fp8	cc_tinlayout_fused_swin_1h_32_1_inpview_tilesync_fp8
1095	1	1788728174915045376	1788728174915830784	1000000000	785.408	cc_tinlayout_fused_swin_1h_32_1_chained_fp8	cc_tinlayout_fused_swin_1h_32_1_chained_fp8
1096	1	1788728174915834880	1788728174916506624	1000000000	671.744	cc_tinlayout_fused_swin_1h_32_1_chained_fp8	cc_tinlayout_fused_swin_1h_32_1_chained_fp8
1097	1	1788728174916510720	1788728174917345280	1000000000	834.56	cc_tinlayout_fused_swin_1h_32_1_ds_wait_fp8	cc_tinlayout_fused_swin_1h_32_1_ds_wait_fp8
1098	1	1788728174917349376	1788728174917853184	1000000000	503.808	cc_tinlayout_fused_swin_2h_64_2_inpview_tilesync_fp8	cc_tinlayout_fused_swin_2h_64_2_inpview_tilesync_fp8
1099	1	1788728174917857280	1788728174918385664	1000000000	528.384	cc_tinlayout_fused_swin_2h_64_2_chained_fp8	cc_tinlayout_fused_swin_2h_64_2_chained_fp8
1100	1	1788728174918389760	1788728174918879232	1000000000	489.472	cc_tinlayout_fused_swin_2h_64_2_chained_fp8	cc_tinlayout_fused_swin_2h_64_2_chained_fp8
1101	1	1788728174918883328	1788728174919404544	1000000000	521.216	cc_tinlayout_fused_swin_2h_64_2_ds_wait_fp8	cc_tinlayout_fused_swin_2h_64_2_ds_wait_fp8
1102	1	1788728174919408640	1788728174919730176	1000000000	321.536	cc_tinlayout_fused_swin_4h_128_4_inpview_tilesync_fp8	cc_tinlayout_fused_swin_4h_128_4_inpview_tilesync_fp8
1103	1	1788728174919734272	1788728174920059904	1000000000	325.632	cc_tinlayout_fused_swin_4h_128_4_chained_fp8	cc_tinlayout_fused_swin_4h_128_4_chained_fp8
1104	1	1788728174920064000	1788728174920382464	1000000000	318.464	cc_tinlayout_fused_swin_4h_128_4_chained_fp8	cc_tinlayout_fused_swin_4h_128_4_chained_fp8
1105	1	1788728174920386560	1788728174920707072	1000000000	320.512	cc_tinlayout_fused_swin_4h_128_4_chained_fp8	cc_tinlayout_fused_swin_4h_128_4_chained_fp8
1106	1	1788728174920711168	1788728174921029632	1000000000	318.464	cc_tinlayout_fused_swin_4h_128_4_chained_fp8	cc_tinlayout_fused_swin_4h_128_4_chained_fp8
1107	1	1788728174921033728	1788728174921389056	1000000000	355.328	cc_tinlayout_fused_swin_4h_128_4_ds_wait_fp8	cc_tinlayout_fused_swin_4h_128_4_ds_wait_fp8
1108	1	1788728174921393152	1788728174921714688	1000000000	321.536	cc_tinlayout_fused_swin_8h_256_8_inpview_tilesync_fp8	cc_tinlayout_fused_swin_8h_256_8_inpview_tilesync_fp8
1109	1	1788728174921718784	1788728174922117120	1000000000	398.336	cc_tinlayout_fused_swin_8h_256_8_chained_fp8	cc_tinlayout_fused_swin_8h_256_8_chained_fp8
1110	1	1788728174922122240	1788728174922520576	1000000000	398.336	cc_tinlayout_fused_swin_8h_256_8_chained_fp8	cc_tinlayout_fused_swin_8h_256_8_chained_fp8
1111	1	1788728174922525696	1788728174922828800	1000000000	303.104	cc_tinlayout_fused_swin_8h_256_8_chained_fp8	cc_tinlayout_fused_swin_8h_256_8_chained_fp8
1112	1	1788728174922832896	1788728174923141120	1000000000	308.224	cc_tinlayout_fused_swin_8h_256_8_chained_fp8	cc_tinlayout_fused_swin_8h_256_8_chained_fp8
1113	1	1788728174923146240	1788728174923536384	1000000000	390.144	cc_tinlayout_fused_swin_8h_256_8_chained_fp8	cc_tinlayout_fused_swin_8h_256_8_chained_fp8
1114	1	1788728174923540480	1788728174923931648	1000000000	391.168	cc_tinlayout_fused_swin_8h_256_8_chained_fp8	cc_tinlayout_fused_swin_8h_256_8_chained_fp8
1115	1	1788728174923935744	1788728174924282880	1000000000	347.136	cc_tinlayout_fused_swin_8h_256_8_ds_wait_fp8	cc_tinlayout_fused_swin_8h_256_8_ds_wait_fp8
1116	1	1788728174924286976	1788728174924381184	1000000000	94.208	cc_split_swin_16h_ffwd_inpview_512_tilesync_fp8	cc_split_swin_16h_ffwd_inpview_512_tilesync_fp8
1117	1	1788728174924385280	1788728174924476416	1000000000	91.136	cc_split_swin_16h_ffwd_proj_inpview_512_chained_fp8	cc_split_swin_16h_ffwd_proj_inpview_512_chained_fp8
1118	1	1788728174924480512	1788728174924568576	1000000000	88.064	cc_split_swin_16h_qkv_512_chained_fp8	cc_split_swin_16h_qkv_512_chained_fp8
1119	1	1788728174924572672	1788728174924619776	1000000000	47.104	cc_split_swin_16h_proj_512_chained_fp8	cc_split_swin_16h_proj_512_chained_fp8
1120	1	1788728174924623872	1788728174924715008	1000000000	91.136	cc_split_swin_16h_ffwd_512_chained_fp8	cc_split_swin_16h_ffwd_512_chained_fp8
1121	1	1788728174924719104	1788728174924767232	1000000000	48.128	cc_split_swin_16h_ffwd_proj_512_chained_fp8	cc_split_swin_16h_ffwd_proj_512_chained_fp8
1122	1	1788728174924771328	1788728174924880896	1000000000	109.568	cc_split_swin_16h_qkv_512_chained_fp8	cc_split_swin_16h_qkv_512_chained_fp8
1123	1	1788728174924884992	1788728174924933120	1000000000	48.128	cc_split_swin_16h_proj_512_chained_fp8	cc_split_swin_16h_proj_512_chained_fp8
1124	1	1788728174924937216	1788728174925029376	1000000000	92.16	cc_split_swin_16h_ffwd_512_chained_fp8	cc_split_swin_16h_ffwd_512_chained_fp8
1125	1	1788728174925033472	1788728174925082624	1000000000	49.152	cc_split_swin_16h_ffwd_proj_512_chained_fp8	cc_split_swin_16h_ffwd_proj_512_chained_fp8
1126	1	1788728174925086720	1788728174925197312	1000000000	110.592	cc_split_swin_16h_qkv_512_chained_fp8	cc_split_swin_16h_qkv_512_chained_fp8
1127	1	1788728174925201408	1788728174925250560	1000000000	49.152	cc_split_swin_16h_proj_512_chained_fp8	cc_split_swin_16h_proj_512_chained_fp8
1128	1	1788728174925254656	1788728174925345792	1000000000	91.136	cc_split_swin_16h_ffwd_512_chained_fp8	cc_split_swin_16h_ffwd_512_chained_fp8
1129	1	1788728174925349888	1788728174925398016	1000000000	48.128	cc_split_swin_16h_ffwd_proj_512_chained_fp8	cc_split_swin_16h_ffwd_proj_512_chained_fp8
1130	1	1788728174925402112	1788728174925509632	1000000000	107.52	cc_split_swin_16h_qkv_512_chained_fp8	cc_split_swin_16h_qkv_512_chained_fp8
1131	1	1788728174925513728	1788728174925560832	1000000000	47.104	cc_split_swin_16h_proj_512_chained_fp8	cc_split_swin_16h_proj_512_chained_fp8
1132	1	1788728174925564928	1788728174925658112	1000000000	93.184	cc_split_swin_16h_ffwd_512_chained_fp8	cc_split_swin_16h_ffwd_512_chained_fp8
1133	1	1788728174925661184	1788728174925709312	1000000000	48.128	cc_split_swin_16h_ffwd_proj_512_chained_fp8	cc_split_swin_16h_ffwd_proj_512_chained_fp8
1134	1	1788728174925713408	1788728174925799424	1000000000	86.016	cc_split_swin_16h_qkv_512_chained_fp8	cc_split_swin_16h_qkv_512_chained_fp8
1135	1	1788728174925806592	1788728174925853696	1000000000	47.104	cc_split_swin_16h_proj_512_chained_fp8	cc_split_swin_16h_proj_512_chained_fp8
1136	1	1788728174925857792	1788728174925949952	1000000000	92.16	cc_split_swin_16h_ffwd_512_chained_fp8	cc_split_swin_16h_ffwd_512_chained_fp8
1137	1	1788728174925953024	1788728174926001152	1000000000	48.128	cc_split_swin_16h_ffwd_proj_512_chained_fp8	cc_split_swin_16h_ffwd_proj_512_chained_fp8
1138	1	1788728174926005248	1788728174926115840	1000000000	110.592	cc_split_swin_16h_qkv_512_chained_fp8	cc_split_swin_16h_qkv_512_chained_fp8
1139	1	1788728174926118912	1788728174926168064	1000000000	49.152	cc_split_swin_16h_proj_512_chained_fp8	cc_split_swin_16h_proj_512_chained_fp8
1140	1	1788728174926172160	1788728174926264320	1000000000	92.16	cc_split_swin_16h_ffwd_512_chained_fp8	cc_split_swin_16h_ffwd_512_chained_fp8
1141	1	1788728174926268416	1788728174926316544	1000000000	48.128	cc_split_swin_16h_ffwd_proj_512_chained_fp8	cc_split_swin_16h_ffwd_proj_512_chained_fp8
1142	1	1788728174926321664	1788728174926430208	1000000000	108.544	cc_split_swin_16h_qkv_512_chained_fp8	cc_split_swin_16h_qkv_512_chained_fp8
1143	1	1788728174926433280	1788728174926482432	1000000000	49.152	cc_split_swin_16h_proj_512_chained_fp8	cc_split_swin_16h_proj_512_chained_fp8
1144	1	1788728174926486528	1788728174926579712	1000000000	93.184	cc_split_swin_16h_ffwd_512_chained_fp8	cc_split_swin_16h_ffwd_512_chained_fp8
1145	1	1788728174926583808	1788728174926630912	1000000000	47.104	cc_split_swin_16h_ffwd_proj_512_chained_fp8	cc_split_swin_16h_ffwd_proj_512_chained_fp8
1146	1	1788728174926637056	1788728174926745600	1000000000	108.544	cc_split_swin_16h_qkv_512_chained_fp8	cc_split_swin_16h_qkv_512_chained_fp8
1147	1	1788728174926749696	1788728174926790656	1000000000	40.96	cc_split_swin_16h_proj_pool_512_chained_fp8	cc_split_swin_16h_proj_pool_512_chained_fp8
1148	1	1788728174926794752	1788728174926824448	1000000000	29.696	cc_split_swin_16h_final_head_512_wait_fp8	cc_split_swin_16h_final_head_512_wait_fp8
1149	1	1788728174926828544	1788728174926835712	1000000000	7.168	cc_vit_1d_repack_2d_to_1d_fp8	cc_vit_1d_repack_2d_to_1d_fp8
1150	1	1788728174926839808	1788728174927013888	1000000000	174.08	cc_vit_1d_ffn_expand_publish_fp8	cc_vit_1d_ffn_expand_publish_fp8
1151	1	1788728174927017984	1788728174927134720	1000000000	116.736	cc_vit_1d_ffn_contract_chained_fp8	cc_vit_1d_ffn_contract_chained_fp8
1152	1	1788728174927139840	1788728174927239168	1000000000	99.328	cc_vit_1d_qkv_chained_fp8	cc_vit_1d_qkv_chained_fp8
1153	1	1788728174927243264	1788728174927341568	1000000000	98.304	cc_vit_1d_attention_chained_fp8	cc_vit_1d_attention_chained_fp8
1154	1	1788728174927345664	1788728174927392768	1000000000	47.104	cc_vit_1d_projection_chained_fp8	cc_vit_1d_projection_chained_fp8
1155	1	1788728174927397888	1788728174927551488	1000000000	153.6	cc_vit_1d_ffn_expand_chained_fp8	cc_vit_1d_ffn_expand_chained_fp8
1156	1	1788728174927555584	1788728174927674368	1000000000	118.784	cc_vit_1d_ffn_contract_chained_fp8	cc_vit_1d_ffn_contract_chained_fp8
1157	1	1788728174927678464	1788728174927777792	1000000000	99.328	cc_vit_1d_qkv_chained_fp8	cc_vit_1d_qkv_chained_fp8
1158	1	1788728174927781888	1788728174927880192	1000000000	98.304	cc_vit_1d_attention_chained_fp8	cc_vit_1d_attention_chained_fp8
1159	1	1788728174927884288	1788728174927930368	1000000000	46.08	cc_vit_1d_projection_chained_fp8	cc_vit_1d_projection_chained_fp8
1160	1	1788728174927934464	1788728174928090112	1000000000	155.648	cc_vit_1d_ffn_expand_chained_fp8	cc_vit_1d_ffn_expand_chained_fp8
1161	1	1788728174928094208	1788728174928211968	1000000000	117.76	cc_vit_1d_ffn_contract_chained_fp8	cc_vit_1d_ffn_contract_chained_fp8
1162	1	1788728174928216064	1788728174928314368	1000000000	98.304	cc_vit_1d_qkv_chained_fp8	cc_vit_1d_qkv_chained_fp8
1163	1	1788728174928318464	1788728174928416768	1000000000	98.304	cc_vit_1d_attention_chained_fp8	cc_vit_1d_attention_chained_fp8
1164	1	1788728174928420864	1788728174928467968	1000000000	47.104	cc_vit_1d_projection_chained_fp8	cc_vit_1d_projection_chained_fp8
1165	1	1788728174928472064	1788728174928626688	1000000000	154.624	cc_vit_1d_ffn_expand_chained_fp8	cc_vit_1d_ffn_expand_chained_fp8
1166	1	1788728174928630784	1788728174928748544	1000000000	117.76	cc_vit_1d_ffn_contract_chained_fp8	cc_vit_1d_ffn_contract_chained_fp8
1167	1	1788728174928752640	1788728174928851968	1000000000	99.328	cc_vit_1d_qkv_chained_fp8	cc_vit_1d_qkv_chained_fp8
1168	1	1788728174928856064	1788728174928954368	1000000000	98.304	cc_vit_1d_attention_chained_fp8	cc_vit_1d_attention_chained_fp8
1169	1	1788728174928958464	1788728174929006592	1000000000	48.128	cc_vit_1d_projection_chained_fp8	cc_vit_1d_projection_chained_fp8
1170	1	1788728174929010688	1788728174929164288	1000000000	153.6	cc_vit_1d_ffn_expand_chained_fp8	cc_vit_1d_ffn_expand_chained_fp8
1171	1	1788728174929168384	1788728174929286144	1000000000	117.76	cc_vit_1d_ffn_contract_chained_fp8	cc_vit_1d_ffn_contract_chained_fp8
1172	1	1788728174929291264	1788728174929390592	1000000000	99.328	cc_vit_1d_qkv_chained_fp8	cc_vit_1d_qkv_chained_fp8
1173	1	1788728174929394688	1788728174929492992	1000000000	98.304	cc_vit_1d_attention_chained_fp8	cc_vit_1d_attention_chained_fp8
1174	1	1788728174929497088	1788728174929544192	1000000000	47.104	cc_vit_1d_projection_chained_fp8	cc_vit_1d_projection_chained_fp8
1175	1	1788728174929548288	1788728174929701888	1000000000	153.6	cc_vit_1d_ffn_expand_chained_fp8	cc_vit_1d_ffn_expand_chained_fp8
1176	1	1788728174929705984	1788728174929824768	1000000000	118.784	cc_vit_1d_ffn_contract_chained_fp8	cc_vit_1d_ffn_contract_chained_fp8
1177	1	1788728174929828864	1788728174929929216	1000000000	100.352	cc_vit_1d_qkv_chained_fp8	cc_vit_1d_qkv_chained_fp8
1178	1	1788728174929933312	1788728174930030592	1000000000	97.28	cc_vit_1d_attention_chained_fp8	cc_vit_1d_attention_chained_fp8
1179	1	1788728174930034688	1788728174930082816	1000000000	48.128	cc_vit_1d_projection_chained_fp8	cc_vit_1d_projection_chained_fp8
1180	1	1788728174930086912	1788728174930240512	1000000000	153.6	cc_vit_1d_ffn_expand_chained_fp8	cc_vit_1d_ffn_expand_chained_fp8
1181	1	1788728174930244608	1788728174930362368	1000000000	117.76	cc_vit_1d_ffn_contract_chained_fp8	cc_vit_1d_ffn_contract_chained_fp8
1182	1	1788728174930366464	1788728174930465792	1000000000	99.328	cc_vit_1d_qkv_chained_fp8	cc_vit_1d_qkv_chained_fp8
1183	1	1788728174930469888	1788728174930569216	1000000000	99.328	cc_vit_1d_attention_chained_fp8	cc_vit_1d_attention_chained_fp8
1184	1	1788728174930572288	1788728174930620416	1000000000	48.128	cc_vit_1d_projection_chained_fp8	cc_vit_1d_projection_chained_fp8
1185	1	1788728174930624512	1788728174930779136	1000000000	154.624	cc_vit_1d_ffn_expand_chained_fp8	cc_vit_1d_ffn_expand_chained_fp8
1186	1	1788728174930783232	1788728174930900992	1000000000	117.76	cc_vit_1d_ffn_contract_chained_fp8	cc_vit_1d_ffn_contract_chained_fp8
1187	1	1788728174930905088	1788728174931005440	1000000000	100.352	cc_vit_1d_qkv_chained_fp8	cc_vit_1d_qkv_chained_fp8
1188	1	1788728174931009536	1788728174931107840	1000000000	98.304	cc_vit_1d_attention_chained_fp8	cc_vit_1d_attention_chained_fp8
1189	1	1788728174931111936	1788728174931159040	1000000000	47.104	cc_vit_1d_projection_wait_fp8	cc_vit_1d_projection_wait_fp8
1190	1	1788728174931163136	1788728174931170304	1000000000	7.168	cc_vit_1d_repack_1d_to_2d_fp8	cc_vit_1d_repack_1d_to_2d_fp8
1191	1	1788728174931174400	1788728174931211264	1000000000	36.864	cc_dec_input_upsample_1024_512_tilesync_fp8	cc_dec_input_upsample_1024_512_tilesync_fp8
1192	1	1788728174931215360	1788728174931307520	1000000000	92.16	cc_split_swin_16h_ffwd_512_chained_fp8	cc_split_swin_16h_ffwd_512_chained_fp8
1193	1	1788728174931311616	1788728174931359744	1000000000	48.128	cc_split_swin_16h_ffwd_proj_512_chained_fp8	cc_split_swin_16h_ffwd_proj_512_chained_fp8
1194	1	1788728174931363840	1788728174931450880	1000000000	87.04	cc_split_swin_16h_qkv_512_chained_fp8	cc_split_swin_16h_qkv_512_chained_fp8
1195	1	1788728174931454976	1788728174931502080	1000000000	47.104	cc_split_swin_16h_proj_512_chained_fp8	cc_split_swin_16h_proj_512_chained_fp8
1196	1	1788728174931506176	1788728174931598336	1000000000	92.16	cc_split_swin_16h_ffwd_512_chained_fp8	cc_split_swin_16h_ffwd_512_chained_fp8
1197	1	1788728174931601408	1788728174931649536	1000000000	48.128	cc_split_swin_16h_ffwd_proj_512_chained_fp8	cc_split_swin_16h_ffwd_proj_512_chained_fp8
1198	1	1788728174931653632	1788728174931762176	1000000000	108.544	cc_split_swin_16h_qkv_512_chained_fp8	cc_split_swin_16h_qkv_512_chained_fp8
1199	1	1788728174931766272	1788728174931815424	1000000000	49.152	cc_split_swin_16h_proj_512_chained_fp8	cc_split_swin_16h_proj_512_chained_fp8
1200	1	1788728174931819520	1788728174931910656	1000000000	91.136	cc_split_swin_16h_ffwd_512_chained_fp8	cc_split_swin_16h_ffwd_512_chained_fp8
1201	1	1788728174931914752	1788728174931962880	1000000000	48.128	cc_split_swin_16h_ffwd_proj_512_chained_fp8	cc_split_swin_16h_ffwd_proj_512_chained_fp8
1202	1	1788728174931966976	1788728174932075520	1000000000	108.544	cc_split_swin_16h_qkv_512_chained_fp8	cc_split_swin_16h_qkv_512_chained_fp8
1203	1	1788728174932078592	1788728174932127744	1000000000	49.152	cc_split_swin_16h_proj_512_chained_fp8	cc_split_swin_16h_proj_512_chained_fp8
1204	1	1788728174932131840	1788728174932224000	1000000000	92.16	cc_split_swin_16h_ffwd_512_chained_fp8	cc_split_swin_16h_ffwd_512_chained_fp8
1205	1	1788728174932227072	1788728174932275200	1000000000	48.128	cc_split_swin_16h_ffwd_proj_512_chained_fp8	cc_split_swin_16h_ffwd_proj_512_chained_fp8
1206	1	1788728174932279296	1788728174932387840	1000000000	108.544	cc_split_swin_16h_qkv_512_chained_fp8	cc_split_swin_16h_qkv_512_chained_fp8
1207	1	1788728174932390912	1788728174932438016	1000000000	47.104	cc_split_swin_16h_proj_512_chained_fp8	cc_split_swin_16h_proj_512_chained_fp8
1208	1	1788728174932442112	1788728174932534272	1000000000	92.16	cc_split_swin_16h_ffwd_512_chained_fp8	cc_split_swin_16h_ffwd_512_chained_fp8
1209	1	1788728174932538368	1788728174932585472	1000000000	47.104	cc_split_swin_16h_ffwd_proj_512_chained_fp8	cc_split_swin_16h_ffwd_proj_512_chained_fp8
1210	1	1788728174932589568	1788728174932677632	1000000000	88.064	cc_split_swin_16h_qkv_512_chained_fp8	cc_split_swin_16h_qkv_512_chained_fp8
1211	1	1788728174932681728	1788728174932728832	1000000000	47.104	cc_split_swin_16h_proj_512_chained_fp8	cc_split_swin_16h_proj_512_chained_fp8
1212	1	1788728174932732928	1788728174932824064	1000000000	91.136	cc_split_swin_16h_ffwd_512_chained_fp8	cc_split_swin_16h_ffwd_512_chained_fp8
1213	1	1788728174932828160	1788728174932876288	1000000000	48.128	cc_split_swin_16h_ffwd_proj_512_chained_fp8	cc_split_swin_16h_ffwd_proj_512_chained_fp8
1214	1	1788728174932880384	1788728174932990976	1000000000	110.592	cc_split_swin_16h_qkv_512_chained_fp8	cc_split_swin_16h_qkv_512_chained_fp8
1215	1	1788728174932995072	1788728174933044224	1000000000	49.152	cc_split_swin_16h_proj_512_chained_fp8	cc_split_swin_16h_proj_512_chained_fp8
1216	1	1788728174933048320	1788728174933140480	1000000000	92.16	cc_split_swin_16h_ffwd_512_chained_fp8	cc_split_swin_16h_ffwd_512_chained_fp8
1217	1	1788728174933144576	1788728174933193728	1000000000	49.152	cc_split_swin_16h_ffwd_proj_512_chained_fp8	cc_split_swin_16h_ffwd_proj_512_chained_fp8
1218	1	1788728174933197824	1788728174933306368	1000000000	108.544	cc_split_swin_16h_qkv_512_chained_fp8	cc_split_swin_16h_qkv_512_chained_fp8
1219	1	1788728174933309440	1788728174933359616	1000000000	50.176	cc_split_swin_16h_proj_512_chained_fp8	cc_split_swin_16h_proj_512_chained_fp8
1220	1	1788728174933363712	1788728174933454848	1000000000	91.136	cc_split_swin_16h_ffwd_512_chained_fp8	cc_split_swin_16h_ffwd_512_chained_fp8
1221	1	1788728174933458944	1788728174933508096	1000000000	49.152	cc_split_swin_16h_ffwd_proj_512_chained_fp8	cc_split_swin_16h_ffwd_proj_512_chained_fp8
1222	1	1788728174933512192	1788728174933621760	1000000000	109.568	cc_split_swin_16h_qkv_512_chained_fp8	cc_split_swin_16h_qkv_512_chained_fp8
1223	1	1788728174933625856	1788728174933723136	1000000000	97.28	cc_split_swin_16h_proj_512_outview_wait_fp8	cc_split_swin_16h_proj_512_outview_wait_fp8
1224	1	1788728174933727232	1788728174934088704	1000000000	361.472	cc_tinlayout_fused_swin_8h_256_8_upsample_tilesync_fp8	cc_tinlayout_fused_swin_8h_256_8_upsample_tilesync_fp8
1225	1	1788728174934092800	1788728174934497280	1000000000	404.48	cc_tinlayout_fused_swin_8h_256_8_chained_fp8	cc_tinlayout_fused_swin_8h_256_8_chained_fp8
1226	1	1788728174934501376	1788728174934896640	1000000000	395.264	cc_tinlayout_fused_swin_8h_256_8_chained_fp8	cc_tinlayout_fused_swin_8h_256_8_chained_fp8
1227	1	1788728174934900736	1788728174935204864	1000000000	304.128	cc_tinlayout_fused_swin_8h_256_8_chained_fp8	cc_tinlayout_fused_swin_8h_256_8_chained_fp8
1228	1	1788728174935208960	1788728174935516160	1000000000	307.2	cc_tinlayout_fused_swin_8h_256_8_chained_fp8	cc_tinlayout_fused_swin_8h_256_8_chained_fp8
1229	1	1788728174935520256	1788728174935906304	1000000000	386.048	cc_tinlayout_fused_swin_8h_256_8_chained_fp8	cc_tinlayout_fused_swin_8h_256_8_chained_fp8
1230	1	1788728174935911424	1788728174936301568	1000000000	390.144	cc_tinlayout_fused_swin_8h_256_8_chained_fp8	cc_tinlayout_fused_swin_8h_256_8_chained_fp8
1231	1	1788728174936305664	1788728174936616960	1000000000	311.296	cc_tinlayout_fused_swin_8h_256_8_outview_wait_fp8	cc_tinlayout_fused_swin_8h_256_8_outview_wait_fp8
1232	1	1788728174936622080	1788728174937577472	1000000000	955.392	cc_tinlayout_fused_swin_4h_128_4_upsample_tilesync_fp8	cc_tinlayout_fused_swin_4h_128_4_upsample_tilesync_fp8
1233	1	1788728174937586688	1788728174937913344	1000000000	326.656	cc_tinlayout_fused_swin_4h_128_4_chained_fp8	cc_tinlayout_fused_swin_4h_128_4_chained_fp8
1234	1	1788728174937917440	1788728174938565632	1000000000	648.192	cc_tinlayout_fused_swin_4h_128_4_chained_fp8	cc_tinlayout_fused_swin_4h_128_4_chained_fp8
1235	1	1788728174938570752	1788728174938890240	1000000000	319.488	cc_tinlayout_fused_swin_4h_128_4_chained_fp8	cc_tinlayout_fused_swin_4h_128_4_chained_fp8
1236	1	1788728174938894336	1788728174939209728	1000000000	315.392	cc_tinlayout_fused_swin_4h_128_4_chained_fp8	cc_tinlayout_fused_swin_4h_128_4_chained_fp8
1237	1	1788728174939212800	1788728174939576320	1000000000	363.52	cc_tinlayout_fused_swin_4h_128_4_outview_wait_fp8	cc_tinlayout_fused_swin_4h_128_4_outview_wait_fp8
1238	1	1788728174939580416	1788728174940293120	1000000000	712.704	cc_tinlayout_fused_swin_2h_64_2_upsample_tilesync_fp8	cc_tinlayout_fused_swin_2h_64_2_upsample_tilesync_fp8
1239	1	1788728174940297216	1788728174940824576	1000000000	527.36	cc_tinlayout_fused_swin_2h_64_2_chained_fp8	cc_tinlayout_fused_swin_2h_64_2_chained_fp8
1240	1	1788728174940828672	1788728174941318144	1000000000	489.472	cc_tinlayout_fused_swin_2h_64_2_chained_fp8	cc_tinlayout_fused_swin_2h_64_2_chained_fp8
1241	1	1788728174941322240	1788728174941811712	1000000000	489.472	cc_tinlayout_fused_swin_2h_64_2_outview_wait_fp8	cc_tinlayout_fused_swin_2h_64_2_outview_wait_fp8
1242	1	1788728174941815808	1788728174943041536	1000000000	1225.73	cc_tinlayout_fused_swin_1h_32_1_upsample_tilesync_fp8	cc_tinlayout_fused_swin_1h_32_1_upsample_tilesync_fp8
1243	1	1788728174943044608	1788728174943830016	1000000000	785.408	cc_tinlayout_fused_swin_1h_32_1_chained_fp8	cc_tinlayout_fused_swin_1h_32_1_chained_fp8
1244	1	1788728174943834112	1788728174944496640	1000000000	662.528	cc_tinlayout_fused_swin_1h_32_1_chained_fp8	cc_tinlayout_fused_swin_1h_32_1_chained_fp8
1245	1	1788728174944500736	1788728174945595392	1000000000	1094.66	cc_tinlayout_fused_swin_1h_32_1_outview_wait_fp8	cc_tinlayout_fused_swin_1h_32_1_outview_wait_fp8
1246	1	1788728174945598464	1788728174950849536	1000000000	5251.07	cc_tinlayout_fused_post_block_swin_1h_32_fp8	cc_tinlayout_fused_post_block_swin_1h_32_fp8
1247	1	1788728174950853632	1788728174950893568	1000000000	39.936	cg2r_copy_kernel	cg2r_copy_kernel
1248	1	1788728175142135808	1788728175142139904	1000000000	4.096	cc_cb_clear	cc_cb_clear
1249	1	1788728175142144000	1788728175146281984	1000000000	4137.98	cc_tinlayout_fused_pre_block_swin_1h_32_1_ds_fp8	cc_tinlayout_fused_pre_block_swin_1h_32_1_ds_fp8
1250	1	1788728175146287104	1788728175147053056	1000000000	765.952	cc_tinlayout_fused_swin_1h_32_1_inpview_tilesync_fp8	cc_tinlayout_fused_swin_1h_32_1_inpview_tilesync_fp8
1251	1	1788728175147057152	1788728175147774976	1000000000	717.824	cc_tinlayout_fused_swin_1h_32_1_chained_fp8	cc_tinlayout_fused_swin_1h_32_1_chained_fp8
1252	1	1788728175147779072	1788728175148447744	1000000000	668.672	cc_tinlayout_fused_swin_1h_32_1_chained_fp8	cc_tinlayout_fused_swin_1h_32_1_chained_fp8
1253	1	1788728175148451840	1788728175149292544	1000000000	840.704	cc_tinlayout_fused_swin_1h_32_1_ds_wait_fp8	cc_tinlayout_fused_swin_1h_32_1_ds_wait_fp8
1254	1	1788728175149296640	1788728175149795328	1000000000	498.688	cc_tinlayout_fused_swin_2h_64_2_inpview_tilesync_fp8	cc_tinlayout_fused_swin_2h_64_2_inpview_tilesync_fp8
1255	1	1788728175149799424	1788728175150326784	1000000000	527.36	cc_tinlayout_fused_swin_2h_64_2_chained_fp8	cc_tinlayout_fused_swin_2h_64_2_chained_fp8
1256	1	1788728175150330880	1788728175150822400	1000000000	491.52	cc_tinlayout_fused_swin_2h_64_2_chained_fp8	cc_tinlayout_fused_swin_2h_64_2_chained_fp8
1257	1	1788728175150826496	1788728175151344640	1000000000	518.144	cc_tinlayout_fused_swin_2h_64_2_ds_wait_fp8	cc_tinlayout_fused_swin_2h_64_2_ds_wait_fp8
1258	1	1788728175151349760	1788728175151672320	1000000000	322.56	cc_tinlayout_fused_swin_4h_128_4_inpview_tilesync_fp8	cc_tinlayout_fused_swin_4h_128_4_inpview_tilesync_fp8
1259	1	1788728175151676416	1788728175152001024	1000000000	324.608	cc_tinlayout_fused_swin_4h_128_4_chained_fp8	cc_tinlayout_fused_swin_4h_128_4_chained_fp8
1260	1	1788728175152005120	1788728175152322560	1000000000	317.44	cc_tinlayout_fused_swin_4h_128_4_chained_fp8	cc_tinlayout_fused_swin_4h_128_4_chained_fp8
1261	1	1788728175152326656	1788728175152647168	1000000000	320.512	cc_tinlayout_fused_swin_4h_128_4_chained_fp8	cc_tinlayout_fused_swin_4h_128_4_chained_fp8
1262	1	1788728175152651264	1788728175152969728	1000000000	318.464	cc_tinlayout_fused_swin_4h_128_4_chained_fp8	cc_tinlayout_fused_swin_4h_128_4_chained_fp8
1263	1	1788728175152974848	1788728175153330176	1000000000	355.328	cc_tinlayout_fused_swin_4h_128_4_ds_wait_fp8	cc_tinlayout_fused_swin_4h_128_4_ds_wait_fp8
1264	1	1788728175153334272	1788728175154063360	1000000000	729.088	cc_tinlayout_fused_swin_8h_256_8_inpview_tilesync_fp8	cc_tinlayout_fused_swin_8h_256_8_inpview_tilesync_fp8
1265	1	1788728175154071552	1788728175154472960	1000000000	401.408	cc_tinlayout_fused_swin_8h_256_8_chained_fp8	cc_tinlayout_fused_swin_8h_256_8_chained_fp8
1266	1	1788728175154477056	1788728175154882560	1000000000	405.504	cc_tinlayout_fused_swin_8h_256_8_chained_fp8	cc_tinlayout_fused_swin_8h_256_8_chained_fp8
1267	1	1788728175154885632	1788728175155186688	1000000000	301.056	cc_tinlayout_fused_swin_8h_256_8_chained_fp8	cc_tinlayout_fused_swin_8h_256_8_chained_fp8
1268	1	1788728175155190784	1788728175155496960	1000000000	306.176	cc_tinlayout_fused_swin_8h_256_8_chained_fp8	cc_tinlayout_fused_swin_8h_256_8_chained_fp8
1269	1	1788728175155501056	1788728175155886080	1000000000	385.024	cc_tinlayout_fused_swin_8h_256_8_chained_fp8	cc_tinlayout_fused_swin_8h_256_8_chained_fp8
1270	1	1788728175155890176	1788728175156280320	1000000000	390.144	cc_tinlayout_fused_swin_8h_256_8_chained_fp8	cc_tinlayout_fused_swin_8h_256_8_chained_fp8
1271	1	1788728175156284416	1788728175156632576	1000000000	348.16	cc_tinlayout_fused_swin_8h_256_8_ds_wait_fp8	cc_tinlayout_fused_swin_8h_256_8_ds_wait_fp8
1272	1	1788728175156636672	1788728175156729856	1000000000	93.184	cc_split_swin_16h_ffwd_inpview_512_tilesync_fp8	cc_split_swin_16h_ffwd_inpview_512_tilesync_fp8
1273	1	1788728175156733952	1788728175156827136	1000000000	93.184	cc_split_swin_16h_ffwd_proj_inpview_512_chained_fp8	cc_split_swin_16h_ffwd_proj_inpview_512_chained_fp8
1274	1	1788728175156831232	1788728175156919296	1000000000	88.064	cc_split_swin_16h_qkv_512_chained_fp8	cc_split_swin_16h_qkv_512_chained_fp8
1275	1	1788728175156924416	1788728175156971520	1000000000	47.104	cc_split_swin_16h_proj_512_chained_fp8	cc_split_swin_16h_proj_512_chained_fp8
1276	1	1788728175156975616	1788728175157066752	1000000000	91.136	cc_split_swin_16h_ffwd_512_chained_fp8	cc_split_swin_16h_ffwd_512_chained_fp8
1277	1	1788728175157070848	1788728175157118976	1000000000	48.128	cc_split_swin_16h_ffwd_proj_512_chained_fp8	cc_split_swin_16h_ffwd_proj_512_chained_fp8
1278	1	1788728175157123072	1788728175157233664	1000000000	110.592	cc_split_swin_16h_qkv_512_chained_fp8	cc_split_swin_16h_qkv_512_chained_fp8
1279	1	1788728175157236736	1788728175157285888	1000000000	49.152	cc_split_swin_16h_proj_512_chained_fp8	cc_split_swin_16h_proj_512_chained_fp8
1280	1	1788728175157289984	1788728175157382144	1000000000	92.16	cc_split_swin_16h_ffwd_512_chained_fp8	cc_split_swin_16h_ffwd_512_chained_fp8
1281	1	1788728175157386240	1788728175157434368	1000000000	48.128	cc_split_swin_16h_ffwd_proj_512_chained_fp8	cc_split_swin_16h_ffwd_proj_512_chained_fp8
1282	1	1788728175157438464	1788728175157548032	1000000000	109.568	cc_split_swin_16h_qkv_512_chained_fp8	cc_split_swin_16h_qkv_512_chained_fp8
1283	1	1788728175157552128	1788728175157601280	1000000000	49.152	cc_split_swin_16h_proj_512_chained_fp8	cc_split_swin_16h_proj_512_chained_fp8
1284	1	1788728175157605376	1788728175157697536	1000000000	92.16	cc_split_swin_16h_ffwd_512_chained_fp8	cc_split_swin_16h_ffwd_512_chained_fp8
1285	1	1788728175157700608	1788728175157748736	1000000000	48.128	cc_split_swin_16h_ffwd_proj_512_chained_fp8	cc_split_swin_16h_ffwd_proj_512_chained_fp8
1286	1	1788728175157752832	1788728175157860352	1000000000	107.52	cc_split_swin_16h_qkv_512_chained_fp8	cc_split_swin_16h_qkv_512_chained_fp8
1287	1	1788728175157864448	1788728175157911552	1000000000	47.104	cc_split_swin_16h_proj_512_chained_fp8	cc_split_swin_16h_proj_512_chained_fp8
1288	1	1788728175157915648	1788728175158006784	1000000000	91.136	cc_split_swin_16h_ffwd_512_chained_fp8	cc_split_swin_16h_ffwd_512_chained_fp8
1289	1	1788728175158010880	1788728175158057984	1000000000	47.104	cc_split_swin_16h_ffwd_proj_512_chained_fp8	cc_split_swin_16h_ffwd_proj_512_chained_fp8
1290	1	1788728175158062080	1788728175158148096	1000000000	86.016	cc_split_swin_16h_qkv_512_chained_fp8	cc_split_swin_16h_qkv_512_chained_fp8
1291	1	1788728175158152192	1788728175158199296	1000000000	47.104	cc_split_swin_16h_proj_512_chained_fp8	cc_split_swin_16h_proj_512_chained_fp8
1292	1	1788728175158207488	1788728175158299648	1000000000	92.16	cc_split_swin_16h_ffwd_512_chained_fp8	cc_split_swin_16h_ffwd_512_chained_fp8
1293	1	1788728175158302720	1788728175158350848	1000000000	48.128	cc_split_swin_16h_ffwd_proj_512_chained_fp8	cc_split_swin_16h_ffwd_proj_512_chained_fp8
1294	1	1788728175158354944	1788728175158464512	1000000000	109.568	cc_split_swin_16h_qkv_512_chained_fp8	cc_split_swin_16h_qkv_512_chained_fp8
1295	1	1788728175158468608	1788728175158516736	1000000000	48.128	cc_split_swin_16h_proj_512_chained_fp8	cc_split_swin_16h_proj_512_chained_fp8
1296	1	1788728175158520832	1788728175158612992	1000000000	92.16	cc_split_swin_16h_ffwd_512_chained_fp8	cc_split_swin_16h_ffwd_512_chained_fp8
1297	1	1788728175158620160	1788728175158669312	1000000000	49.152	cc_split_swin_16h_ffwd_proj_512_chained_fp8	cc_split_swin_16h_ffwd_proj_512_chained_fp8
1298	1	1788728175158673408	1788728175158780928	1000000000	107.52	cc_split_swin_16h_qkv_512_chained_fp8	cc_split_swin_16h_qkv_512_chained_fp8
1299	1	1788728175158785024	1788728175158834176	1000000000	49.152	cc_split_swin_16h_proj_512_chained_fp8	cc_split_swin_16h_proj_512_chained_fp8
1300	1	1788728175158838272	1788728175158929408	1000000000	91.136	cc_split_swin_16h_ffwd_512_chained_fp8	cc_split_swin_16h_ffwd_512_chained_fp8
1301	1	1788728175158933504	1788728175158981632	1000000000	48.128	cc_split_swin_16h_ffwd_proj_512_chained_fp8	cc_split_swin_16h_ffwd_proj_512_chained_fp8
1302	1	1788728175158985728	1788728175159095296	1000000000	109.568	cc_split_swin_16h_qkv_512_chained_fp8	cc_split_swin_16h_qkv_512_chained_fp8
1303	1	1788728175159099392	1788728175159140352	1000000000	40.96	cc_split_swin_16h_proj_pool_512_chained_fp8	cc_split_swin_16h_proj_pool_512_chained_fp8
1304	1	1788728175159144448	1788728175159174144	1000000000	29.696	cc_split_swin_16h_final_head_512_wait_fp8	cc_split_swin_16h_final_head_512_wait_fp8
1305	1	1788728175159178240	1788728175159185408	1000000000	7.168	cc_vit_1d_repack_2d_to_1d_fp8	cc_vit_1d_repack_2d_to_1d_fp8
1306	1	1788728175159189504	1788728175159364608	1000000000	175.104	cc_vit_1d_ffn_expand_publish_fp8	cc_vit_1d_ffn_expand_publish_fp8
1307	1	1788728175159368704	1788728175159487488	1000000000	118.784	cc_vit_1d_ffn_contract_chained_fp8	cc_vit_1d_ffn_contract_chained_fp8
1308	1	1788728175159491584	1788728175159591936	1000000000	100.352	cc_vit_1d_qkv_chained_fp8	cc_vit_1d_qkv_chained_fp8
1309	1	1788728175159596032	1788728175159694336	1000000000	98.304	cc_vit_1d_attention_chained_fp8	cc_vit_1d_attention_chained_fp8
1310	1	1788728175159698432	1788728175159745536	1000000000	47.104	cc_vit_1d_projection_chained_fp8	cc_vit_1d_projection_chained_fp8
1311	1	1788728175159749632	1788728175159907328	1000000000	157.696	cc_vit_1d_ffn_expand_chained_fp8	cc_vit_1d_ffn_expand_chained_fp8
1312	1	1788728175159911424	1788728175160028160	1000000000	116.736	cc_vit_1d_ffn_contract_chained_fp8	cc_vit_1d_ffn_contract_chained_fp8
1313	1	1788728175160032256	1788728175160132608	1000000000	100.352	cc_vit_1d_qkv_chained_fp8	cc_vit_1d_qkv_chained_fp8
1314	1	1788728175160136704	1788728175160235008	1000000000	98.304	cc_vit_1d_attention_chained_fp8	cc_vit_1d_attention_chained_fp8
1315	1	1788728175160238080	1788728175160286208	1000000000	48.128	cc_vit_1d_projection_chained_fp8	cc_vit_1d_projection_chained_fp8
1316	1	1788728175160290304	1788728175160445952	1000000000	155.648	cc_vit_1d_ffn_expand_chained_fp8	cc_vit_1d_ffn_expand_chained_fp8
1317	1	1788728175160450048	1788728175160567808	1000000000	117.76	cc_vit_1d_ffn_contract_chained_fp8	cc_vit_1d_ffn_contract_chained_fp8
1318	1	1788728175160571904	1788728175160671232	1000000000	99.328	cc_vit_1d_qkv_chained_fp8	cc_vit_1d_qkv_chained_fp8
1319	1	1788728175160675328	1788728175160773632	1000000000	98.304	cc_vit_1d_attention_chained_fp8	cc_vit_1d_attention_chained_fp8
1320	1	1788728175160776704	1788728175160824832	1000000000	48.128	cc_vit_1d_projection_chained_fp8	cc_vit_1d_projection_chained_fp8
1321	1	1788728175160828928	1788728175160982528	1000000000	153.6	cc_vit_1d_ffn_expand_chained_fp8	cc_vit_1d_ffn_expand_chained_fp8
1322	1	1788728175160986624	1788728175161104384	1000000000	117.76	cc_vit_1d_ffn_contract_chained_fp8	cc_vit_1d_ffn_contract_chained_fp8
1323	1	1788728175161108480	1788728175161207808	1000000000	99.328	cc_vit_1d_qkv_chained_fp8	cc_vit_1d_qkv_chained_fp8
1324	1	1788728175161211904	1788728175161310208	1000000000	98.304	cc_vit_1d_attention_chained_fp8	cc_vit_1d_attention_chained_fp8
1325	1	1788728175161313280	1788728175161360384	1000000000	47.104	cc_vit_1d_projection_chained_fp8	cc_vit_1d_projection_chained_fp8
1326	1	1788728175161364480	1788728175161518080	1000000000	153.6	cc_vit_1d_ffn_expand_chained_fp8	cc_vit_1d_ffn_expand_chained_fp8
1327	1	1788728175161522176	1788728175161639936	1000000000	117.76	cc_vit_1d_ffn_contract_chained_fp8	cc_vit_1d_ffn_contract_chained_fp8
1328	1	1788728175161644032	1788728175161743360	1000000000	99.328	cc_vit_1d_qkv_chained_fp8	cc_vit_1d_qkv_chained_fp8
1329	1	1788728175161747456	1788728175161844736	1000000000	97.28	cc_vit_1d_attention_chained_fp8	cc_vit_1d_attention_chained_fp8
1330	1	1788728175161848832	1788728175161895936	1000000000	47.104	cc_vit_1d_projection_chained_fp8	cc_vit_1d_projection_chained_fp8
1331	1	1788728175161900032	1788728175162053632	1000000000	153.6	cc_vit_1d_ffn_expand_chained_fp8	cc_vit_1d_ffn_expand_chained_fp8
1332	1	1788728175162057728	1788728175162174464	1000000000	116.736	cc_vit_1d_ffn_contract_chained_fp8	cc_vit_1d_ffn_contract_chained_fp8
1333	1	1788728175162179584	1788728175162278912	1000000000	99.328	cc_vit_1d_qkv_chained_fp8	cc_vit_1d_qkv_chained_fp8
1334	1	1788728175162283008	1788728175162381312	1000000000	98.304	cc_vit_1d_attention_chained_fp8	cc_vit_1d_attention_chained_fp8
1335	1	1788728175162385408	1788728175162433536	1000000000	48.128	cc_vit_1d_projection_chained_fp8	cc_vit_1d_projection_chained_fp8
1336	1	1788728175162437632	1788728175162592256	1000000000	154.624	cc_vit_1d_ffn_expand_chained_fp8	cc_vit_1d_ffn_expand_chained_fp8
1337	1	1788728175162596352	1788728175162715136	1000000000	118.784	cc_vit_1d_ffn_contract_chained_fp8	cc_vit_1d_ffn_contract_chained_fp8
1338	1	1788728175162719232	1788728175162817536	1000000000	98.304	cc_vit_1d_qkv_chained_fp8	cc_vit_1d_qkv_chained_fp8
1339	1	1788728175162822656	1788728175162919936	1000000000	97.28	cc_vit_1d_attention_chained_fp8	cc_vit_1d_attention_chained_fp8
1340	1	1788728175162924032	1788728175162972160	1000000000	48.128	cc_vit_1d_projection_chained_fp8	cc_vit_1d_projection_chained_fp8
1341	1	1788728175162976256	1788728175163133952	1000000000	157.696	cc_vit_1d_ffn_expand_chained_fp8	cc_vit_1d_ffn_expand_chained_fp8
1342	1	1788728175163138048	1788728175163257856	1000000000	119.808	cc_vit_1d_ffn_contract_chained_fp8	cc_vit_1d_ffn_contract_chained_fp8
1343	1	1788728175163261952	1788728175163361280	1000000000	99.328	cc_vit_1d_qkv_chained_fp8	cc_vit_1d_qkv_chained_fp8
1344	1	1788728175163365376	1788728175163463680	1000000000	98.304	cc_vit_1d_attention_chained_fp8	cc_vit_1d_attention_chained_fp8
1345	1	1788728175163467776	1788728175163515904	1000000000	48.128	cc_vit_1d_projection_wait_fp8	cc_vit_1d_projection_wait_fp8
1346	1	1788728175163520000	1788728175163527168	1000000000	7.168	cc_vit_1d_repack_1d_to_2d_fp8	cc_vit_1d_repack_1d_to_2d_fp8
1347	1	1788728175163530240	1788728175163569152	1000000000	38.912	cc_dec_input_upsample_1024_512_tilesync_fp8	cc_dec_input_upsample_1024_512_tilesync_fp8
1348	1	1788728175163573248	1788728175163665408	1000000000	92.16	cc_split_swin_16h_ffwd_512_chained_fp8	cc_split_swin_16h_ffwd_512_chained_fp8
1349	1	1788728175163668480	1788728175163716608	1000000000	48.128	cc_split_swin_16h_ffwd_proj_512_chained_fp8	cc_split_swin_16h_ffwd_proj_512_chained_fp8
1350	1	1788728175163720704	1788728175163807744	1000000000	87.04	cc_split_swin_16h_qkv_512_chained_fp8	cc_split_swin_16h_qkv_512_chained_fp8
1351	1	1788728175163811840	1788728175163858944	1000000000	47.104	cc_split_swin_16h_proj_512_chained_fp8	cc_split_swin_16h_proj_512_chained_fp8
1352	1	1788728175163863040	1788728175163955200	1000000000	92.16	cc_split_swin_16h_ffwd_512_chained_fp8	cc_split_swin_16h_ffwd_512_chained_fp8
1353	1	1788728175163959296	1788728175164007424	1000000000	48.128	cc_split_swin_16h_ffwd_proj_512_chained_fp8	cc_split_swin_16h_ffwd_proj_512_chained_fp8
1354	1	1788728175164011520	1788728175164121088	1000000000	109.568	cc_split_swin_16h_qkv_512_chained_fp8	cc_split_swin_16h_qkv_512_chained_fp8
1355	1	1788728175164125184	1788728175164174336	1000000000	49.152	cc_split_swin_16h_proj_512_chained_fp8	cc_split_swin_16h_proj_512_chained_fp8
1356	1	1788728175164178432	1788728175164269568	1000000000	91.136	cc_split_swin_16h_ffwd_512_chained_fp8	cc_split_swin_16h_ffwd_512_chained_fp8
1357	1	1788728175164273664	1788728175164320768	1000000000	47.104	cc_split_swin_16h_ffwd_proj_512_chained_fp8	cc_split_swin_16h_ffwd_proj_512_chained_fp8
1358	1	1788728175164324864	1788728175164432384	1000000000	107.52	cc_split_swin_16h_qkv_512_chained_fp8	cc_split_swin_16h_qkv_512_chained_fp8
1359	1	1788728175164436480	1788728175164484608	1000000000	48.128	cc_split_swin_16h_proj_512_chained_fp8	cc_split_swin_16h_proj_512_chained_fp8
1360	1	1788728175164488704	1788728175164580864	1000000000	92.16	cc_split_swin_16h_ffwd_512_chained_fp8	cc_split_swin_16h_ffwd_512_chained_fp8
1361	1	1788728175164584960	1788728175164633088	1000000000	48.128	cc_split_swin_16h_ffwd_proj_512_chained_fp8	cc_split_swin_16h_ffwd_proj_512_chained_fp8
1362	1	1788728175164637184	1788728175164744704	1000000000	107.52	cc_split_swin_16h_qkv_512_chained_fp8	cc_split_swin_16h_qkv_512_chained_fp8
1363	1	1788728175164747776	1788728175164795904	1000000000	48.128	cc_split_swin_16h_proj_512_chained_fp8	cc_split_swin_16h_proj_512_chained_fp8
1364	1	1788728175164798976	1788728175164891136	1000000000	92.16	cc_split_swin_16h_ffwd_512_chained_fp8	cc_split_swin_16h_ffwd_512_chained_fp8
1365	1	1788728175164895232	1788728175164943360	1000000000	48.128	cc_split_swin_16h_ffwd_proj_512_chained_fp8	cc_split_swin_16h_ffwd_proj_512_chained_fp8
1366	1	1788728175164947456	1788728175165035520	1000000000	88.064	cc_split_swin_16h_qkv_512_chained_fp8	cc_split_swin_16h_qkv_512_chained_fp8
1367	1	1788728175165039616	1788728175165087744	1000000000	48.128	cc_split_swin_16h_proj_512_chained_fp8	cc_split_swin_16h_proj_512_chained_fp8
1368	1	1788728175165091840	1788728175165184000	1000000000	92.16	cc_split_swin_16h_ffwd_512_chained_fp8	cc_split_swin_16h_ffwd_512_chained_fp8
1369	1	1788728175165188096	1788728175165236224	1000000000	48.128	cc_split_swin_16h_ffwd_proj_512_chained_fp8	cc_split_swin_16h_ffwd_proj_512_chained_fp8
1370	1	1788728175165240320	1788728175165349888	1000000000	109.568	cc_split_swin_16h_qkv_512_chained_fp8	cc_split_swin_16h_qkv_512_chained_fp8
1371	1	1788728175165353984	1788728175165403136	1000000000	49.152	cc_split_swin_16h_proj_512_chained_fp8	cc_split_swin_16h_proj_512_chained_fp8
1372	1	1788728175165407232	1788728175165498368	1000000000	91.136	cc_split_swin_16h_ffwd_512_chained_fp8	cc_split_swin_16h_ffwd_512_chained_fp8
1373	1	1788728175165502464	1788728175165550592	1000000000	48.128	cc_split_swin_16h_ffwd_proj_512_chained_fp8	cc_split_swin_16h_ffwd_proj_512_chained_fp8
1374	1	1788728175165554688	1788728175165663232	1000000000	108.544	cc_split_swin_16h_qkv_512_chained_fp8	cc_split_swin_16h_qkv_512_chained_fp8
1375	1	1788728175165667328	1788728175165717504	1000000000	50.176	cc_split_swin_16h_proj_512_chained_fp8	cc_split_swin_16h_proj_512_chained_fp8
1376	1	1788728175165721600	1788728175165813760	1000000000	92.16	cc_split_swin_16h_ffwd_512_chained_fp8	cc_split_swin_16h_ffwd_512_chained_fp8
1377	1	1788728175165816832	1788728175165865984	1000000000	49.152	cc_split_swin_16h_ffwd_proj_512_chained_fp8	cc_split_swin_16h_ffwd_proj_512_chained_fp8
1378	1	1788728175165870080	1788728175165978624	1000000000	108.544	cc_split_swin_16h_qkv_512_chained_fp8	cc_split_swin_16h_qkv_512_chained_fp8
1379	1	1788728175165981696	1788728175166076928	1000000000	95.232	cc_split_swin_16h_proj_512_outview_wait_fp8	cc_split_swin_16h_proj_512_outview_wait_fp8
1380	1	1788728175166081024	1788728175166442496	1000000000	361.472	cc_tinlayout_fused_swin_8h_256_8_upsample_tilesync_fp8	cc_tinlayout_fused_swin_8h_256_8_upsample_tilesync_fp8
1381	1	1788728175166446592	1788728175166851072	1000000000	404.48	cc_tinlayout_fused_swin_8h_256_8_chained_fp8	cc_tinlayout_fused_swin_8h_256_8_chained_fp8
1382	1	1788728175166855168	1788728175167248384	1000000000	393.216	cc_tinlayout_fused_swin_8h_256_8_chained_fp8	cc_tinlayout_fused_swin_8h_256_8_chained_fp8
1383	1	1788728175167252480	1788728175167557632	1000000000	305.152	cc_tinlayout_fused_swin_8h_256_8_chained_fp8	cc_tinlayout_fused_swin_8h_256_8_chained_fp8
1384	1	1788728175167561728	1788728175167872000	1000000000	310.272	cc_tinlayout_fused_swin_8h_256_8_chained_fp8	cc_tinlayout_fused_swin_8h_256_8_chained_fp8
1385	1	1788728175167876096	1788728175168264192	1000000000	388.096	cc_tinlayout_fused_swin_8h_256_8_chained_fp8	cc_tinlayout_fused_swin_8h_256_8_chained_fp8
1386	1	1788728175168268288	1788728175168655360	1000000000	387.072	cc_tinlayout_fused_swin_8h_256_8_chained_fp8	cc_tinlayout_fused_swin_8h_256_8_chained_fp8
1387	1	1788728175168659456	1788728175168968704	1000000000	309.248	cc_tinlayout_fused_swin_8h_256_8_outview_wait_fp8	cc_tinlayout_fused_swin_8h_256_8_outview_wait_fp8
1388	1	1788728175168972800	1788728175169410048	1000000000	437.248	cc_tinlayout_fused_swin_4h_128_4_upsample_tilesync_fp8	cc_tinlayout_fused_swin_4h_128_4_upsample_tilesync_fp8
1389	1	1788728175169414144	1788728175169740800	1000000000	326.656	cc_tinlayout_fused_swin_4h_128_4_chained_fp8	cc_tinlayout_fused_swin_4h_128_4_chained_fp8
1390	1	1788728175169744896	1788728175170059264	1000000000	314.368	cc_tinlayout_fused_swin_4h_128_4_chained_fp8	cc_tinlayout_fused_swin_4h_128_4_chained_fp8
1391	1	1788728175170063360	1788728175170979840	1000000000	916.48	cc_tinlayout_fused_swin_4h_128_4_chained_fp8	cc_tinlayout_fused_swin_4h_128_4_chained_fp8
1392	1	1788728175170984960	1788728175171589120	1000000000	604.16	cc_tinlayout_fused_swin_4h_128_4_chained_fp8	cc_tinlayout_fused_swin_4h_128_4_chained_fp8
1393	1	1788728175171594240	1788728175171954688	1000000000	360.448	cc_tinlayout_fused_swin_4h_128_4_outview_wait_fp8	cc_tinlayout_fused_swin_4h_128_4_outview_wait_fp8
1394	1	1788728175171957760	1788728175172671488	1000000000	713.728	cc_tinlayout_fused_swin_2h_64_2_upsample_tilesync_fp8	cc_tinlayout_fused_swin_2h_64_2_upsample_tilesync_fp8
1395	1	1788728175172675584	1788728175173195776	1000000000	520.192	cc_tinlayout_fused_swin_2h_64_2_chained_fp8	cc_tinlayout_fused_swin_2h_64_2_chained_fp8
1396	1	1788728175173199872	1788728175173691392	1000000000	491.52	cc_tinlayout_fused_swin_2h_64_2_chained_fp8	cc_tinlayout_fused_swin_2h_64_2_chained_fp8
1397	1	1788728175173694464	1788728175174189056	1000000000	494.592	cc_tinlayout_fused_swin_2h_64_2_outview_wait_fp8	cc_tinlayout_fused_swin_2h_64_2_outview_wait_fp8
1398	1	1788728175174193152	1788728175175416832	1000000000	1223.68	cc_tinlayout_fused_swin_1h_32_1_upsample_tilesync_fp8	cc_tinlayout_fused_swin_1h_32_1_upsample_tilesync_fp8
1399	1	1788728175175419904	1788728175176206336	1000000000	786.432	cc_tinlayout_fused_swin_1h_32_1_chained_fp8	cc_tinlayout_fused_swin_1h_32_1_chained_fp8
1400	1	1788728175176210432	1788728175176872960	1000000000	662.528	cc_tinlayout_fused_swin_1h_32_1_chained_fp8	cc_tinlayout_fused_swin_1h_32_1_chained_fp8
1401	1	1788728175176877056	1788728175178259456	1000000000	1382.4	cc_tinlayout_fused_swin_1h_32_1_outview_wait_fp8	cc_tinlayout_fused_swin_1h_32_1_outview_wait_fp8
1402	1	1788728175178263552	1788728175183489024	1000000000	5225.47	cc_tinlayout_fused_post_block_swin_1h_32_fp8	cc_tinlayout_fused_post_block_swin_1h_32_fp8
1403	1	1788728175183493120	1788728175183533056	1000000000	39.936	cg2r_copy_kernel	cg2r_copy_kernel
1404	1	1788728175371856896	1788728175371863040	1000000000	6.144	cc_cb_clear	cc_cb_clear
1405	1	1788728175371868160	1788728175376492544	1000000000	4624.38	cc_tinlayout_fused_pre_block_swin_1h_32_1_ds_fp8	cc_tinlayout_fused_pre_block_swin_1h_32_1_ds_fp8
1406	1	1788728175376497664	1788728175377727488	1000000000	1229.82	cc_tinlayout_fused_swin_1h_32_1_inpview_tilesync_fp8	cc_tinlayout_fused_swin_1h_32_1_inpview_tilesync_fp8
1407	1	1788728175377733632	1788728175380475904	1000000000	2742.27	cc_tinlayout_fused_swin_1h_32_1_chained_fp8	cc_tinlayout_fused_swin_1h_32_1_chained_fp8
1408	1	1788728175380486144	1788728175381528576	1000000000	1042.43	cc_tinlayout_fused_swin_1h_32_1_chained_fp8	cc_tinlayout_fused_swin_1h_32_1_chained_fp8
1409	1	1788728175381533696	1788728175382845440	1000000000	1311.74	cc_tinlayout_fused_swin_1h_32_1_ds_wait_fp8	cc_tinlayout_fused_swin_1h_32_1_ds_wait_fp8
1410	1	1788728175382851584	1788728175383609344	1000000000	757.76	cc_tinlayout_fused_swin_2h_64_2_inpview_tilesync_fp8	cc_tinlayout_fused_swin_2h_64_2_inpview_tilesync_fp8
1411	1	1788728175383614464	1788728175384428544	1000000000	814.08	cc_tinlayout_fused_swin_2h_64_2_chained_fp8	cc_tinlayout_fused_swin_2h_64_2_chained_fp8
1412	1	1788728175384434688	1788728175385182208	1000000000	747.52	cc_tinlayout_fused_swin_2h_64_2_chained_fp8	cc_tinlayout_fused_swin_2h_64_2_chained_fp8
1413	1	1788728175385188352	1788728175385991168	1000000000	802.816	cc_tinlayout_fused_swin_2h_64_2_ds_wait_fp8	cc_tinlayout_fused_swin_2h_64_2_ds_wait_fp8
1414	1	1788728175385997312	1788728175386492928	1000000000	495.616	cc_tinlayout_fused_swin_4h_128_4_inpview_tilesync_fp8	cc_tinlayout_fused_swin_4h_128_4_inpview_tilesync_fp8
1415	1	1788728175386499072	1788728175386991616	1000000000	492.544	cc_tinlayout_fused_swin_4h_128_4_chained_fp8	cc_tinlayout_fused_swin_4h_128_4_chained_fp8
1416	1	1788728175386997760	1788728175387483136	1000000000	485.376	cc_tinlayout_fused_swin_4h_128_4_chained_fp8	cc_tinlayout_fused_swin_4h_128_4_chained_fp8
1417	1	1788728175387489280	1788728175387973632	1000000000	484.352	cc_tinlayout_fused_swin_4h_128_4_chained_fp8	cc_tinlayout_fused_swin_4h_128_4_chained_fp8
1418	1	1788728175387980800	1788728175388466176	1000000000	485.376	cc_tinlayout_fused_swin_4h_128_4_chained_fp8	cc_tinlayout_fused_swin_4h_128_4_chained_fp8
1419	1	1788728175388472320	1788728175389016064	1000000000	543.744	cc_tinlayout_fused_swin_4h_128_4_ds_wait_fp8	cc_tinlayout_fused_swin_4h_128_4_ds_wait_fp8
1420	1	1788728175389022208	1788728175389518848	1000000000	496.64	cc_tinlayout_fused_swin_8h_256_8_inpview_tilesync_fp8	cc_tinlayout_fused_swin_8h_256_8_inpview_tilesync_fp8
1421	1	1788728175389524992	1788728175390135296	1000000000	610.304	cc_tinlayout_fused_swin_8h_256_8_chained_fp8	cc_tinlayout_fused_swin_8h_256_8_chained_fp8
1422	1	1788728175390141440	1788728175390755840	1000000000	614.4	cc_tinlayout_fused_swin_8h_256_8_chained_fp8	cc_tinlayout_fused_swin_8h_256_8_chained_fp8
1423	1	1788728175390761984	1788728175391228928	1000000000	466.944	cc_tinlayout_fused_swin_8h_256_8_chained_fp8	cc_tinlayout_fused_swin_8h_256_8_chained_fp8
1424	1	1788728175391234048	1788728175391704064	1000000000	470.016	cc_tinlayout_fused_swin_8h_256_8_chained_fp8	cc_tinlayout_fused_swin_8h_256_8_chained_fp8
1425	1	1788728175391715328	1788728175392310272	1000000000	594.944	cc_tinlayout_fused_swin_8h_256_8_chained_fp8	cc_tinlayout_fused_swin_8h_256_8_chained_fp8
1426	1	1788728175392316416	1788728175392913408	1000000000	596.992	cc_tinlayout_fused_swin_8h_256_8_chained_fp8	cc_tinlayout_fused_swin_8h_256_8_chained_fp8
1427	1	1788728175392919552	1788728175393454080	1000000000	534.528	cc_tinlayout_fused_swin_8h_256_8_ds_wait_fp8	cc_tinlayout_fused_swin_8h_256_8_ds_wait_fp8
1428	1	1788728175393460224	1788728175393603584	1000000000	143.36	cc_split_swin_16h_ffwd_inpview_512_tilesync_fp8	cc_split_swin_16h_ffwd_inpview_512_tilesync_fp8
1429	1	1788728175393608704	1788728175393762304	1000000000	153.6	cc_split_swin_16h_ffwd_proj_inpview_512_chained_fp8	cc_split_swin_16h_ffwd_proj_inpview_512_chained_fp8
1430	1	1788728175393768448	1788728175393901568	1000000000	133.12	cc_split_swin_16h_qkv_512_chained_fp8	cc_split_swin_16h_qkv_512_chained_fp8
1431	1	1788728175393906688	1788728175393979392	1000000000	72.704	cc_split_swin_16h_proj_512_chained_fp8	cc_split_swin_16h_proj_512_chained_fp8
1432	1	1788728175393984512	1788728175394122752	1000000000	138.24	cc_split_swin_16h_ffwd_512_chained_fp8	cc_split_swin_16h_ffwd_512_chained_fp8
1433	1	1788728175394127872	1788728175394202624	1000000000	74.752	cc_split_swin_16h_ffwd_proj_512_chained_fp8	cc_split_swin_16h_ffwd_proj_512_chained_fp8
1434	1	1788728175394209792	1788728175394373632	1000000000	163.84	cc_split_swin_16h_qkv_512_chained_fp8	cc_split_swin_16h_qkv_512_chained_fp8
1435	1	1788728175394379776	1788728175394453504	1000000000	73.728	cc_split_swin_16h_proj_512_chained_fp8	cc_split_swin_16h_proj_512_chained_fp8
1436	1	1788728175394459648	1788728175394598912	1000000000	139.264	cc_split_swin_16h_ffwd_512_chained_fp8	cc_split_swin_16h_ffwd_512_chained_fp8
1437	1	1788728175394604032	1788728175394678784	1000000000	74.752	cc_split_swin_16h_ffwd_proj_512_chained_fp8	cc_split_swin_16h_ffwd_proj_512_chained_fp8
1438	1	1788728175394684928	1788728175394849792	1000000000	164.864	cc_split_swin_16h_qkv_512_chained_fp8	cc_split_swin_16h_qkv_512_chained_fp8
1439	1	1788728175394855936	1788728175394929664	1000000000	73.728	cc_split_swin_16h_proj_512_chained_fp8	cc_split_swin_16h_proj_512_chained_fp8
1440	1	1788728175394935808	1788728175395074048	1000000000	138.24	cc_split_swin_16h_ffwd_512_chained_fp8	cc_split_swin_16h_ffwd_512_chained_fp8
1441	1	1788728175395080192	1788728175395153920	1000000000	73.728	cc_split_swin_16h_ffwd_proj_512_chained_fp8	cc_split_swin_16h_ffwd_proj_512_chained_fp8
1442	1	1788728175395160064	1788728175395324928	1000000000	164.864	cc_split_swin_16h_qkv_512_chained_fp8	cc_split_swin_16h_qkv_512_chained_fp8
1443	1	1788728175395331072	1788728175395402752	1000000000	71.68	cc_split_swin_16h_proj_512_chained_fp8	cc_split_swin_16h_proj_512_chained_fp8
1444	1	1788728175395407872	1788728175395546112	1000000000	138.24	cc_split_swin_16h_ffwd_512_chained_fp8	cc_split_swin_16h_ffwd_512_chained_fp8
1445	1	1788728175395552256	1788728175395625984	1000000000	73.728	cc_split_swin_16h_ffwd_proj_512_chained_fp8	cc_split_swin_16h_ffwd_proj_512_chained_fp8
1446	1	1788728175395632128	1788728175395762176	1000000000	130.048	cc_split_swin_16h_qkv_512_chained_fp8	cc_split_swin_16h_qkv_512_chained_fp8
1447	1	1788728175395768320	1788728175395838976	1000000000	70.656	cc_split_swin_16h_proj_512_chained_fp8	cc_split_swin_16h_proj_512_chained_fp8
1448	1	1788728175395845120	1788728175395983360	1000000000	138.24	cc_split_swin_16h_ffwd_512_chained_fp8	cc_split_swin_16h_ffwd_512_chained_fp8
1449	1	1788728175395988480	1788728175396064256	1000000000	75.776	cc_split_swin_16h_ffwd_proj_512_chained_fp8	cc_split_swin_16h_ffwd_proj_512_chained_fp8
1450	1	1788728175396070400	1788728175396237312	1000000000	166.912	cc_split_swin_16h_qkv_512_chained_fp8	cc_split_swin_16h_qkv_512_chained_fp8
1451	1	1788728175396242432	1788728175396316160	1000000000	73.728	cc_split_swin_16h_proj_512_chained_fp8	cc_split_swin_16h_proj_512_chained_fp8
1452	1	1788728175396324352	1788728175396462592	1000000000	138.24	cc_split_swin_16h_ffwd_512_chained_fp8	cc_split_swin_16h_ffwd_512_chained_fp8
1453	1	1788728175396467712	1788728175396542464	1000000000	74.752	cc_split_swin_16h_ffwd_proj_512_chained_fp8	cc_split_swin_16h_ffwd_proj_512_chained_fp8
1454	1	1788728175396548608	1788728175396714496	1000000000	165.888	cc_split_swin_16h_qkv_512_chained_fp8	cc_split_swin_16h_qkv_512_chained_fp8
1455	1	1788728175396720640	1788728175396807680	1000000000	87.04	cc_split_swin_16h_proj_512_chained_fp8	cc_split_swin_16h_proj_512_chained_fp8
1456	1	1788728175396812800	1788728175396951040	1000000000	138.24	cc_split_swin_16h_ffwd_512_chained_fp8	cc_split_swin_16h_ffwd_512_chained_fp8
1457	1	1788728175396957184	1788728175397030912	1000000000	73.728	cc_split_swin_16h_ffwd_proj_512_chained_fp8	cc_split_swin_16h_ffwd_proj_512_chained_fp8
1458	1	1788728175397037056	1788728175397200896	1000000000	163.84	cc_split_swin_16h_qkv_512_chained_fp8	cc_split_swin_16h_qkv_512_chained_fp8
1459	1	1788728175397207040	1788728175397268480	1000000000	61.44	cc_split_swin_16h_proj_pool_512_chained_fp8	cc_split_swin_16h_proj_pool_512_chained_fp8
1460	1	1788728175397274624	1788728175397320704	1000000000	46.08	cc_split_swin_16h_final_head_512_wait_fp8	cc_split_swin_16h_final_head_512_wait_fp8
1461	1	1788728175397325824	1788728175397338112	1000000000	12.288	cc_vit_1d_repack_2d_to_1d_fp8	cc_vit_1d_repack_2d_to_1d_fp8
1462	1	1788728175397343232	1788728175397626880	1000000000	283.648	cc_vit_1d_ffn_expand_publish_fp8	cc_vit_1d_ffn_expand_publish_fp8
1463	1	1788728175397633024	1788728175397809152	1000000000	176.128	cc_vit_1d_ffn_contract_chained_fp8	cc_vit_1d_ffn_contract_chained_fp8
1464	1	1788728175397815296	1788728175397965824	1000000000	150.528	cc_vit_1d_qkv_chained_fp8	cc_vit_1d_qkv_chained_fp8
1465	1	1788728175397971968	1788728175398122496	1000000000	150.528	cc_vit_1d_attention_chained_fp8	cc_vit_1d_attention_chained_fp8
1466	1	1788728175398127616	1788728175398199296	1000000000	71.68	cc_vit_1d_projection_chained_fp8	cc_vit_1d_projection_chained_fp8
1467	1	1788728175398205440	1788728175398459392	1000000000	253.952	cc_vit_1d_ffn_expand_chained_fp8	cc_vit_1d_ffn_expand_chained_fp8
1468	1	1788728175398465536	1788728175398642688	1000000000	177.152	cc_vit_1d_ffn_contract_chained_fp8	cc_vit_1d_ffn_contract_chained_fp8
1469	1	1788728175398648832	1788728175398803456	1000000000	154.624	cc_vit_1d_qkv_chained_fp8	cc_vit_1d_qkv_chained_fp8
1470	1	1788728175398809600	1788728175398957056	1000000000	147.456	cc_vit_1d_attention_chained_fp8	cc_vit_1d_attention_chained_fp8
1471	1	1788728175398962176	1788728175399034880	1000000000	72.704	cc_vit_1d_projection_chained_fp8	cc_vit_1d_projection_chained_fp8
1472	1	1788728175399040000	1788728175399297024	1000000000	257.024	cc_vit_1d_ffn_expand_chained_fp8	cc_vit_1d_ffn_expand_chained_fp8
1473	1	1788728175399303168	1788728175399482368	1000000000	179.2	cc_vit_1d_ffn_contract_chained_fp8	cc_vit_1d_ffn_contract_chained_fp8
1474	1	1788728175399488512	1788728175399641088	1000000000	152.576	cc_vit_1d_qkv_chained_fp8	cc_vit_1d_qkv_chained_fp8
1475	1	1788728175399647232	1788728175399795712	1000000000	148.48	cc_vit_1d_attention_chained_fp8	cc_vit_1d_attention_chained_fp8
1476	1	1788728175399801856	1788728175399873536	1000000000	71.68	cc_vit_1d_projection_chained_fp8	cc_vit_1d_projection_chained_fp8
1477	1	1788728175399879680	1788728175400135680	1000000000	256	cc_vit_1d_ffn_expand_chained_fp8	cc_vit_1d_ffn_expand_chained_fp8
1478	1	1788728175400141824	1788728175400318976	1000000000	177.152	cc_vit_1d_ffn_contract_chained_fp8	cc_vit_1d_ffn_contract_chained_fp8
1479	1	1788728175400326144	1788728175400477696	1000000000	151.552	cc_vit_1d_qkv_chained_fp8	cc_vit_1d_qkv_chained_fp8
1480	1	1788728175400483840	1788728175400632320	1000000000	148.48	cc_vit_1d_attention_chained_fp8	cc_vit_1d_attention_chained_fp8
1481	1	1788728175400638464	1788728175400711168	1000000000	72.704	cc_vit_1d_projection_chained_fp8	cc_vit_1d_projection_chained_fp8
1482	1	1788728175400716288	1788728175400967168	1000000000	250.88	cc_vit_1d_ffn_expand_chained_fp8	cc_vit_1d_ffn_expand_chained_fp8
1483	1	1788728175400973312	1788728175401151488	1000000000	178.176	cc_vit_1d_ffn_contract_chained_fp8	cc_vit_1d_ffn_contract_chained_fp8
1484	1	1788728175401157632	1788728175401309184	1000000000	151.552	cc_vit_1d_qkv_chained_fp8	cc_vit_1d_qkv_chained_fp8
1485	1	1788728175401315328	1788728175401463808	1000000000	148.48	cc_vit_1d_attention_chained_fp8	cc_vit_1d_attention_chained_fp8
1486	1	1788728175401469952	1788728175401539584	1000000000	69.632	cc_vit_1d_projection_chained_fp8	cc_vit_1d_projection_chained_fp8
1487	1	1788728175401544704	1788728175401792512	1000000000	247.808	cc_vit_1d_ffn_expand_chained_fp8	cc_vit_1d_ffn_expand_chained_fp8
1488	1	1788728175401798656	1788728175401975808	1000000000	177.152	cc_vit_1d_ffn_contract_chained_fp8	cc_vit_1d_ffn_contract_chained_fp8
1489	1	1788728175401981952	1788728175402134528	1000000000	152.576	cc_vit_1d_qkv_chained_fp8	cc_vit_1d_qkv_chained_fp8
1490	1	1788728175402140672	1788728175402288128	1000000000	147.456	cc_vit_1d_attention_chained_fp8	cc_vit_1d_attention_chained_fp8
1491	1	1788728175402293248	1788728175402364928	1000000000	71.68	cc_vit_1d_projection_chained_fp8	cc_vit_1d_projection_chained_fp8
1492	1	1788728175402371072	1788728175402617856	1000000000	246.784	cc_vit_1d_ffn_expand_chained_fp8	cc_vit_1d_ffn_expand_chained_fp8
1493	1	1788728175402624000	1788728175402800128	1000000000	176.128	cc_vit_1d_ffn_contract_chained_fp8	cc_vit_1d_ffn_contract_chained_fp8
1494	1	1788728175402806272	1788728175402956800	1000000000	150.528	cc_vit_1d_qkv_chained_fp8	cc_vit_1d_qkv_chained_fp8
1495	1	1788728175402962944	1788728175403111424	1000000000	148.48	cc_vit_1d_attention_chained_fp8	cc_vit_1d_attention_chained_fp8
1496	1	1788728175403116544	1788728175403187200	1000000000	70.656	cc_vit_1d_projection_chained_fp8	cc_vit_1d_projection_chained_fp8
1497	1	1788728175403193344	1788728175403449344	1000000000	256	cc_vit_1d_ffn_expand_chained_fp8	cc_vit_1d_ffn_expand_chained_fp8
1498	1	1788728175403455488	1788728175403632640	1000000000	177.152	cc_vit_1d_ffn_contract_chained_fp8	cc_vit_1d_ffn_contract_chained_fp8
1499	1	1788728175403638784	1788728175404581888	1000000000	943.104	cc_vit_1d_qkv_chained_fp8	cc_vit_1d_qkv_chained_fp8
1500	1	1788728175404595200	1788728175404744704	1000000000	149.504	cc_vit_1d_attention_chained_fp8	cc_vit_1d_attention_chained_fp8
1501	1	1788728175404750848	1788728175404823552	1000000000	72.704	cc_vit_1d_projection_wait_fp8	cc_vit_1d_projection_wait_fp8
1502	1	1788728175404828672	1788728175404838912	1000000000	10.24	cc_vit_1d_repack_1d_to_2d_fp8	cc_vit_1d_repack_1d_to_2d_fp8
1503	1	1788728175404845056	1788728175404902400	1000000000	57.344	cc_dec_input_upsample_1024_512_tilesync_fp8	cc_dec_input_upsample_1024_512_tilesync_fp8
1504	1	1788728175404908544	1788728175405458432	1000000000	549.888	cc_split_swin_16h_ffwd_512_chained_fp8	cc_split_swin_16h_ffwd_512_chained_fp8
1505	1	1788728175405471744	1788728175405547520	1000000000	75.776	cc_split_swin_16h_ffwd_proj_512_chained_fp8	cc_split_swin_16h_ffwd_proj_512_chained_fp8
1506	1	1788728175405552640	1788728175405687808	1000000000	135.168	cc_split_swin_16h_qkv_512_chained_fp8	cc_split_swin_16h_qkv_512_chained_fp8
1507	1	1788728175405693952	1788728175405765632	1000000000	71.68	cc_split_swin_16h_proj_512_chained_fp8	cc_split_swin_16h_proj_512_chained_fp8
1508	1	1788728175405771776	1788728175405910016	1000000000	138.24	cc_split_swin_16h_ffwd_512_chained_fp8	cc_split_swin_16h_ffwd_512_chained_fp8
1509	1	1788728175405915136	1788728175405989888	1000000000	74.752	cc_split_swin_16h_ffwd_proj_512_chained_fp8	cc_split_swin_16h_ffwd_proj_512_chained_fp8
1510	1	1788728175405996032	1788728175406160896	1000000000	164.864	cc_split_swin_16h_qkv_512_chained_fp8	cc_split_swin_16h_qkv_512_chained_fp8
1511	1	1788728175406167040	1788728175406240768	1000000000	73.728	cc_split_swin_16h_proj_512_chained_fp8	cc_split_swin_16h_proj_512_chained_fp8
1512	1	1788728175406246912	1788728175406384128	1000000000	137.216	cc_split_swin_16h_ffwd_512_chained_fp8	cc_split_swin_16h_ffwd_512_chained_fp8
1513	1	1788728175406390272	1788728175406464000	1000000000	73.728	cc_split_swin_16h_ffwd_proj_512_chained_fp8	cc_split_swin_16h_ffwd_proj_512_chained_fp8
1514	1	1788728175406470144	1788728175406632960	1000000000	162.816	cc_split_swin_16h_qkv_512_chained_fp8	cc_split_swin_16h_qkv_512_chained_fp8
1515	1	1788728175406639104	1788728175406711808	1000000000	72.704	cc_split_swin_16h_proj_512_chained_fp8	cc_split_swin_16h_proj_512_chained_fp8
1516	1	1788728175406717952	1788728175406856192	1000000000	138.24	cc_split_swin_16h_ffwd_512_chained_fp8	cc_split_swin_16h_ffwd_512_chained_fp8
1517	1	1788728175406862336	1788728175406938112	1000000000	75.776	cc_split_swin_16h_ffwd_proj_512_chained_fp8	cc_split_swin_16h_ffwd_proj_512_chained_fp8
1518	1	1788728175406943232	1788728175407107072	1000000000	163.84	cc_split_swin_16h_qkv_512_chained_fp8	cc_split_swin_16h_qkv_512_chained_fp8
1519	1	1788728175407113216	1788728175407184896	1000000000	71.68	cc_split_swin_16h_proj_512_chained_fp8	cc_split_swin_16h_proj_512_chained_fp8
1520	1	1788728175407191040	1788728175407329280	1000000000	138.24	cc_split_swin_16h_ffwd_512_chained_fp8	cc_split_swin_16h_ffwd_512_chained_fp8
1521	1	1788728175407334400	1788728175407409152	1000000000	74.752	cc_split_swin_16h_ffwd_proj_512_chained_fp8	cc_split_swin_16h_ffwd_proj_512_chained_fp8
1522	1	1788728175407415296	1788728175407547392	1000000000	132.096	cc_split_swin_16h_qkv_512_chained_fp8	cc_split_swin_16h_qkv_512_chained_fp8
1523	1	1788728175407552512	1788728175407624192	1000000000	71.68	cc_split_swin_16h_proj_512_chained_fp8	cc_split_swin_16h_proj_512_chained_fp8
1524	1	1788728175407630336	1788728175407767552	1000000000	137.216	cc_split_swin_16h_ffwd_512_chained_fp8	cc_split_swin_16h_ffwd_512_chained_fp8
1525	1	1788728175407773696	1788728175407848448	1000000000	74.752	cc_split_swin_16h_ffwd_proj_512_chained_fp8	cc_split_swin_16h_ffwd_proj_512_chained_fp8
1526	1	1788728175407854592	1788728175408020480	1000000000	165.888	cc_split_swin_16h_qkv_512_chained_fp8	cc_split_swin_16h_qkv_512_chained_fp8
1527	1	1788728175408026624	1788728175408100352	1000000000	73.728	cc_split_swin_16h_proj_512_chained_fp8	cc_split_swin_16h_proj_512_chained_fp8
1528	1	1788728175408106496	1788728175408244736	1000000000	138.24	cc_split_swin_16h_ffwd_512_chained_fp8	cc_split_swin_16h_ffwd_512_chained_fp8
1529	1	1788728175408250880	1788728175408325632	1000000000	74.752	cc_split_swin_16h_ffwd_proj_512_chained_fp8	cc_split_swin_16h_ffwd_proj_512_chained_fp8
1530	1	1788728175408331776	1788728175408498688	1000000000	166.912	cc_split_swin_16h_qkv_512_chained_fp8	cc_split_swin_16h_qkv_512_chained_fp8
1531	1	1788728175408504832	1788728175408578560	1000000000	73.728	cc_split_swin_16h_proj_512_chained_fp8	cc_split_swin_16h_proj_512_chained_fp8
1532	1	1788728175408584704	1788728175408722944	1000000000	138.24	cc_split_swin_16h_ffwd_512_chained_fp8	cc_split_swin_16h_ffwd_512_chained_fp8
1533	1	1788728175408729088	1788728175408803840	1000000000	74.752	cc_split_swin_16h_ffwd_proj_512_chained_fp8	cc_split_swin_16h_ffwd_proj_512_chained_fp8
1534	1	1788728175408809984	1788728175408973824	1000000000	163.84	cc_split_swin_16h_qkv_512_chained_fp8	cc_split_swin_16h_qkv_512_chained_fp8
1535	1	1788728175408978944	1788728175409143808	1000000000	164.864	cc_split_swin_16h_proj_512_outview_wait_fp8	cc_split_swin_16h_proj_512_outview_wait_fp8
1536	1	1788728175409149952	1788728175409708032	1000000000	558.08	cc_tinlayout_fused_swin_8h_256_8_upsample_tilesync_fp8	cc_tinlayout_fused_swin_8h_256_8_upsample_tilesync_fp8
1537	1	1788728175409715200	1788728175410330624	1000000000	615.424	cc_tinlayout_fused_swin_8h_256_8_chained_fp8	cc_tinlayout_fused_swin_8h_256_8_chained_fp8
1538	1	1788728175410337792	1788728175410947072	1000000000	609.28	cc_tinlayout_fused_swin_8h_256_8_chained_fp8	cc_tinlayout_fused_swin_8h_256_8_chained_fp8
1539	1	1788728175410953216	1788728175411421184	1000000000	467.968	cc_tinlayout_fused_swin_8h_256_8_chained_fp8	cc_tinlayout_fused_swin_8h_256_8_chained_fp8
1540	1	1788728175411427328	1788728175411902464	1000000000	475.136	cc_tinlayout_fused_swin_8h_256_8_chained_fp8	cc_tinlayout_fused_swin_8h_256_8_chained_fp8
1541	1	1788728175411908608	1788728175412503552	1000000000	594.944	cc_tinlayout_fused_swin_8h_256_8_chained_fp8	cc_tinlayout_fused_swin_8h_256_8_chained_fp8
1542	1	1788728175412509696	1788728175413110784	1000000000	601.088	cc_tinlayout_fused_swin_8h_256_8_chained_fp8	cc_tinlayout_fused_swin_8h_256_8_chained_fp8
1543	1	1788728175413116928	1788728175413592064	1000000000	475.136	cc_tinlayout_fused_swin_8h_256_8_outview_wait_fp8	cc_tinlayout_fused_swin_8h_256_8_outview_wait_fp8
1544	1	1788728175413598208	1788728175414288384	1000000000	690.176	cc_tinlayout_fused_swin_4h_128_4_upsample_tilesync_fp8	cc_tinlayout_fused_swin_4h_128_4_upsample_tilesync_fp8
1545	1	1788728175414295552	1788728175414797312	1000000000	501.76	cc_tinlayout_fused_swin_4h_128_4_chained_fp8	cc_tinlayout_fused_swin_4h_128_4_chained_fp8
1546	1	1788728175414802432	1788728175415290880	1000000000	488.448	cc_tinlayout_fused_swin_4h_128_4_chained_fp8	cc_tinlayout_fused_swin_4h_128_4_chained_fp8
1547	1	1788728175415297024	1788728175415783424	1000000000	486.4	cc_tinlayout_fused_swin_4h_128_4_chained_fp8	cc_tinlayout_fused_swin_4h_128_4_chained_fp8
1548	1	1788728175415789568	1788728175416266752	1000000000	477.184	cc_tinlayout_fused_swin_4h_128_4_chained_fp8	cc_tinlayout_fused_swin_4h_128_4_chained_fp8
1549	1	1788728175416278016	1788728175416853504	1000000000	575.488	cc_tinlayout_fused_swin_4h_128_4_outview_wait_fp8	cc_tinlayout_fused_swin_4h_128_4_outview_wait_fp8
1550	1	1788728175416859648	1788728175417987072	1000000000	1127.42	cc_tinlayout_fused_swin_2h_64_2_upsample_tilesync_fp8	cc_tinlayout_fused_swin_2h_64_2_upsample_tilesync_fp8
1551	1	1788728175417992192	1788728175418801152	1000000000	808.96	cc_tinlayout_fused_swin_2h_64_2_chained_fp8	cc_tinlayout_fused_swin_2h_64_2_chained_fp8
1552	1	1788728175418807296	1788728175419563008	1000000000	755.712	cc_tinlayout_fused_swin_2h_64_2_chained_fp8	cc_tinlayout_fused_swin_2h_64_2_chained_fp8
1553	1	1788728175419569152	1788728175420326912	1000000000	757.76	cc_tinlayout_fused_swin_2h_64_2_outview_wait_fp8	cc_tinlayout_fused_swin_2h_64_2_outview_wait_fp8
1554	1	1788728175420333056	1788728175422287872	1000000000	1954.82	cc_tinlayout_fused_swin_1h_32_1_upsample_tilesync_fp8	cc_tinlayout_fused_swin_1h_32_1_upsample_tilesync_fp8
1555	1	1788728175422294016	1788728175423519744	1000000000	1225.73	cc_tinlayout_fused_swin_1h_32_1_chained_fp8	cc_tinlayout_fused_swin_1h_32_1_chained_fp8
1556	1	1788728175423524864	1788728175424546816	1000000000	1021.95	cc_tinlayout_fused_swin_1h_32_1_chained_fp8	cc_tinlayout_fused_swin_1h_32_1_chained_fp8
1557	1	1788728175424552960	1788728175427547136	1000000000	2994.18	cc_tinlayout_fused_swin_1h_32_1_outview_wait_fp8	cc_tinlayout_fused_swin_1h_32_1_outview_wait_fp8
1558	1	1788728175427554304	1788728175435906048	1000000000	8351.74	cc_tinlayout_fused_post_block_swin_1h_32_fp8	cc_tinlayout_fused_post_block_swin_1h_32_fp8
1559	1	1788728175435916288	1788728175435988992	1000000000	72.704	cg2r_copy_kernel	cg2r_copy_kernel
