Application,ProcessID,SwapChainAddress,PresentRuntime,SyncInterval,PresentFlags,AllowsTearing,PresentMode,TimeInMs,MsBetweenSimulationStart,MsBetweenPresents,MsBetweenDisplayChange,MsInPresentAPI,MsRenderPresentLatency,MsUntilDisplayed,CPUStartTimeInMs,MsBetweenAppStart,MsCPUBusy,MsCPUWait,MsGPULatency,MsGPUTime,MsGPUBusy,MsGPUWait,MsAnimationError,AnimationTime,MsFlipDelay,MsAllInputToPhotonLatency,MsClickToPhotonLatency
Stalker2-Win64-Shipping.exe,17996,0x4DE2B640,DXGI,0,0,1,Hardware Composed: Independent Flip,130.5781,NA,52.58190000000000,47.11170000000000,0.31840000000000,45.55750000000000,45.6239,78.3982,52.4983,52.1799,0.3184,47.6648,50.0726,48.6852,1.3874,NA,78.3982,NA,NA,NA
Stalker2-Win64-Shipping.exe,17996,0x4DE2B640,DXGI,0,0,1,Hardware Composed: Independent Flip,182.9872,NA,52.40910000000000,55.16050000000001,0.27980000000000,45.37080000000000,48.3753,130.8965,52.3705,52.0907,0.2798,45.2391,52.2224,48.5246,3.6978,-2.6622,130.8965,NA,NA,NA
Stalker2-Win64-Shipping.exe,17996,0x4DE2B640,DXGI,0,0,1,Hardware Composed: Independent Flip,239.3704,NA,56.38320000000000,52.46280000000000,0.28550000000000,44.42810000000000,44.4549,183.2670,56.3889,56.1034,0.2855,45.0910,55.4405,48.2070,7.2335,-0.0923,183.2670,NA,NA,NA
Stalker2-Win64-Shipping.exe,17996,0x4DE2B640,DXGI,0,0,1,Hardware Composed: Independent Flip,294.9611,NA,55.59070000000001,57.96070000000000,0.30020000000000,44.61090000000000,46.8249,239.6559,55.6054,55.3052,0.3002,44.1426,55.7735,48.0287,7.7448,-1.5718,239.6559,NA,NA,NA
Stalker2-Win64-Shipping.exe,17996,0x4DE2B640,DXGI,0,0,1,Hardware Composed: Independent Flip,348.4378,NA,53.47670000000000,53.60560000000000,0.28090000000000,46.60880000000000,46.9538,295.2613,53.4574,53.1765,0.2809,44.3107,55.4746,49.8132,5.6614,1.9998,295.2613,NA,NA,NA
Stalker2-Win64-Shipping.exe,17996,0x4DE2B640,DXGI,0,0,1,Hardware Composed: Independent Flip,403.1725,NA,54.73470000000000,53.18200000000000,0.30440000000000,45.37210000000000,45.4011,348.7187,54.7582,54.4538,0.3044,46.3279,53.4980,48.6580,4.8400,0.2754,348.7187,NA,NA,NA
Stalker2-Win64-Shipping.exe,17996,0x4DE2B640,DXGI,0,0,1,Hardware Composed: Independent Flip,456.3858,NA,53.21330000000000,52.94800000000000,0.31730000000000,45.07000000000000,45.1358,403.4769,53.2262,52.9089,0.3173,45.0677,52.9112,48.2715,4.6397,1.8102,403.4769,NA,NA,NA
Stalker2-Win64-Shipping.exe,17996,0x4DE2B640,DXGI,0,0,1,Hardware Composed: Independent Flip,509.4224,NA,53.03660000000000,53.35360000000000,0.29660000000000,45.43820000000000,45.4528,456.7031,53.0159,52.7193,0.2966,44.7527,53.4048,48.6112,4.7936,-0.1274,456.7031,NA,NA,NA
Stalker2-Win64-Shipping.exe,17996,0x4DE2B640,DXGI,0,0,1,Hardware Composed: Independent Flip,561.5431,NA,52.12070000000000,51.77220000000001,0.30930000000000,44.83490000000000,45.1043,509.7190,52.1334,51.8241,0.3093,45.1416,51.5174,48.5724,2.9450,1.2437,509.7190,NA,NA,NA
Stalker2-Win64-Shipping.exe,17996,0x4DE2B640,DXGI,0,0,1,Hardware Composed: Independent Flip,614.8997,NA,53.35660000000000,52.98270000000000,0.36980000000000,44.66850000000000,44.7304,561.8524,53.4171,53.0473,0.3698,44.5256,53.1902,48.1779,5.0123,-0.8493,561.8524,NA,NA,NA
Stalker2-Win64-Shipping.exe,17996,0x4DE2B640,DXGI,0,0,1,Hardware Composed: Independent Flip,671.1238,NA,56.22410000000000,58.37380000000000,0.29310000000000,45.80840000000000,46.8801,615.2695,56.1474,55.8543,0.2931,44.2987,57.3640,49.3432,8.0208,-4.9567,615.2695,NA,NA,NA
Stalker2-Win64-Shipping.exe,17996,0x4DE2B640,DXGI,0,0,1,Hardware Composed: Independent Flip,719.8884,NA,48.76460000000000,49.16960000000000,0.27000000000000,45.88150000000000,47.2851,671.4169,48.7415,48.4715,0.2700,45.5153,48.8377,48.8183,0.0194,6.9778,671.4169,NA,NA,NA
Stalker2-Win64-Shipping.exe,17996,0x4DE2B640,DXGI,0,0,1,Hardware Composed: Independent Flip,772.4477,NA,52.55930000000000,50.71900000000000,0.33740000000000,45.42570000000000,45.4448,720.1584,52.6267,52.2893,0.3374,45.6115,52.1035,48.6189,3.4846,-1.9775,720.1584,NA,NA,NA
Stalker2-Win64-Shipping.exe,17996,0x4DE2B640,DXGI,0,0,1,Hardware Composed: Independent Flip,825.3111,NA,52.86340000000001,56.52420000000000,0.28990000000000,46.07960000000000,49.1056,772.7851,52.8159,52.5260,0.2899,45.0883,53.5173,49.1841,4.3332,-3.8975,772.7851,NA,NA,NA
Stalker2-Win64-Shipping.exe,17996,0x4DE2B640,DXGI,0,0,1,Hardware Composed: Independent Flip,877.0930,NA,51.78190000000000,48.18840000000000,0.30260000000000,45.49750000000000,45.5121,825.6010,51.7946,51.4920,0.3026,45.7897,51.1998,48.6387,2.5611,4.6275,825.6010,NA,NA,NA
Stalker2-Win64-Shipping.exe,17996,0x4DE2B640,DXGI,0,0,1,Hardware Composed: Independent Flip,929.4353,NA,52.34230000000000,52.48960000000000,0.24580000000000,45.64510000000000,45.6594,877.3956,52.2855,52.0397,0.2458,45.1949,52.4899,48.7707,3.7192,-0.6950,877.3956,NA,NA,NA
Stalker2-Win64-Shipping.exe,17996,0x4DE2B640,DXGI,0,0,1,Hardware Composed: Independent Flip,981.5828,NA,52.14750000000000,54.00770000000000,0.25430000000000,46.16820000000000,47.5196,929.6811,52.1560,51.9017,0.2543,45.3993,52.6706,49.8132,2.8574,-1.7222,929.6811,NA,NA,NA
Stalker2-Win64-Shipping.exe,17996,0x4DE2B640,DXGI,0,0,1,Hardware Composed: Independent Flip,1034.5332,NA,52.95040000000000,49.90630000000000,0.31970000000000,44.45860000000000,44.4755,981.8371,53.0158,52.6961,0.3197,45.9139,51.2408,48.4804,2.7604,2.2497,981.8371,NA,NA,NA
Stalker2-Win64-Shipping.exe,17996,0x4DE2B640,DXGI,0,0,1,Hardware Composed: Independent Flip,1087.1950,NA,52.66180000000000,53.99010000000001,0.38590000000000,45.78780000000000,45.8038,1034.8529,52.7280,52.3421,0.3859,44.1389,53.9910,49.1819,4.8091,-0.9743,1034.8529,NA,NA,NA
Stalker2-Win64-Shipping.exe,17996,0x4DE2B640,DXGI,0,0,1,Hardware Composed: Independent Flip,1139.9544,NA,52.75940000000000,54.45880000000000,0.29830000000000,45.86700000000000,47.5032,1087.5809,52.6718,52.3735,0.2983,45.4019,52.8386,49.2061,3.6325,-1.7308,1087.5809,NA,NA,NA
Stalker2-Win64-Shipping.exe,17996,0x4DE2B640,DXGI,0,0,1,Hardware Composed: Independent Flip,1191.6782,NA,51.72380000000000,49.96460000000000,0.33960000000000,45.71590000000000,45.7440,1140.2527,51.7651,51.4255,0.3396,45.5687,51.5727,48.7896,2.7831,2.7072,1140.2527,NA,NA,NA
Stalker2-Win64-Shipping.exe,17996,0x4DE2B640,DXGI,0,0,1,Hardware Composed: Independent Flip,1244.9701,NA,53.29190000000001,53.15650000000000,0.26310000000000,45.58190000000000,45.6086,1192.0178,53.2154,52.9523,0.2631,45.3763,53.1579,48.7065,4.4514,-1.3914,1192.0178,NA,NA,NA
Stalker2-Win64-Shipping.exe,17996,0x4DE2B640,DXGI,0,0,1,Hardware Composed: Independent Flip,1296.9713,NA,52.00120000000000,53.16280000000000,0.30490000000000,45.73560000000001,46.7702,1245.2332,52.0430,51.7381,0.3049,45.3188,52.1549,48.8070,3.3479,0.0526,1245.2332,NA,NA,NA
Stalker2-Win64-Shipping.exe,17996,0x4DE2B640,DXGI,0,0,1,Hardware Composed: Independent Flip,1350.0215,NA,53.05020000000000,51.45050000000001,0.26010000000000,45.15680000000000,45.1705,1297.2762,53.0054,52.7453,0.2601,45.4307,52.4714,48.3835,4.0879,0.5925,1297.2762,NA,NA,NA
Stalker2-Win64-Shipping.exe,17996,0x4DE2B640,DXGI,0,0,1,Hardware Composed: Independent Flip,1402.6881,NA,52.66660000000000,52.81860000000000,0.25210000000000,45.07670000000000,45.3225,1350.2816,52.6586,52.4065,0.2521,44.8967,52.5865,48.7468,3.8397,0.1868,1350.2816,NA,NA,NA
Stalker2-Win64-Shipping.exe,17996,0x4DE2B640,DXGI,0,0,1,Hardware Composed: Independent Flip,1455.4185,NA,52.73040000000000,52.52060000000000,0.29720000000000,45.10020000000000,45.1127,1402.9402,52.7755,52.4783,0.2972,44.8246,52.7539,48.7571,3.9968,0.1380,1402.9402,NA,NA,NA
Stalker2-Win64-Shipping.exe,17996,0x4DE2B640,DXGI,0,0,1,Hardware Composed: Independent Flip,1509.1863,NA,53.76780000000000,54.35150000000000,0.30440000000000,45.53930000000000,45.6964,1455.7157,53.7750,53.4706,0.3044,44.8030,54.2069,49.0044,5.2025,-1.5760,1455.7157,NA,NA,NA
Stalker2-Win64-Shipping.exe,17996,0x4DE2B640,DXGI,0,0,1,Hardware Composed: Independent Flip,1561.3477,NA,52.16140000000000,52.61570000000000,0.24740000000000,45.43250000000000,46.1507,1509.4907,52.1044,51.8570,0.2474,45.2349,52.0546,48.7051,3.3495,1.1593,1509.4907,NA,NA,NA
Stalker2-Win64-Shipping.exe,17996,0x4DE2B640,DXGI,0,0,1,Hardware Composed: Independent Flip,1613.9666,NA,52.61890000000000,53.19680000000000,0.28260000000000,46.66770000000000,46.7286,1561.5951,52.6541,52.3715,0.2826,45.1851,53.8541,49.8551,3.9990,-1.0924,1561.5951,NA,NA,NA
Stalker2-Win64-Shipping.exe,17996,0x4DE2B640,DXGI,0,0,1,Hardware Composed: Independent Flip,1666.5888,NA,52.62220000000000,52.74250000000000,0.29740000000000,45.78690000000000,46.8489,1614.2492,52.6370,52.3396,0.2974,46.3851,51.7414,48.9657,2.7757,-0.0884,1614.2492,NA,NA,NA
Stalker2-Win64-Shipping.exe,17996,0x4DE2B640,DXGI,0,0,1,Hardware Composed: Independent Flip,1719.0358,NA,52.44700000000000,50.78630000000000,0.28100000000000,45.15990000000000,45.1882,1666.8862,52.4306,52.1496,0.2810,45.4895,51.8200,48.4048,3.4152,1.8507,1666.8862,NA,NA,NA
Stalker2-Win64-Shipping.exe,17996,0x4DE2B640,DXGI,0,0,1,Hardware Composed: Independent Flip,1772.1336,NA,53.09780000000000,53.49180000000000,0.25120000000000,45.27640000000000,45.5822,1719.3168,53.0680,52.8168,0.2512,44.8789,53.2143,49.0756,4.1387,-1.0612,1719.3168,NA,NA,NA
Stalker2-Win64-Shipping.exe,17996,0x4DE2B640,DXGI,0,0,1,Hardware Composed: Independent Flip,1823.9272,NA,51.79360000000000,51.66650000000000,0.31710000000000,45.15280000000000,45.4551,1772.3848,51.8595,51.5424,0.3171,45.0252,51.6700,48.3628,3.3072,1.4015,1772.3848,NA,NA,NA
Stalker2-Win64-Shipping.exe,17996,0x4DE2B640,DXGI,0,0,1,Hardware Composed: Independent Flip,1876.8596,NA,52.93240000000000,52.47250000000000,0.30520000000000,44.97500000000000,44.9952,1824.2443,52.9205,52.6153,0.3052,44.8357,52.7546,48.2168,4.5378,-0.6130,1824.2443,NA,NA,NA
Stalker2-Win64-Shipping.exe,17996,0x4DE2B640,DXGI,0,0,1,Hardware Composed: Independent Flip,1930.1969,NA,53.33730000000000,54.71120000000001,0.27980000000000,45.58530000000000,46.3691,1877.1648,53.3119,53.0321,0.2798,44.6698,53.9476,49.0763,4.8713,-1.7907,1877.1648,NA,NA,NA
Stalker2-Win64-Shipping.exe,17996,0x4DE2B640,DXGI,0,0,1,Hardware Composed: Independent Flip,1982.4907,NA,52.29380000000000,51.49590000000001,0.30530000000000,45.26660000000000,45.5712,1930.4767,52.3193,52.0140,0.3053,45.3055,51.9751,48.3569,3.6182,1.8160,1930.4767,NA,NA,NA
Stalker2-Win64-Shipping.exe,17996,0x4DE2B640,DXGI,0,0,1,Hardware Composed: Independent Flip,2036.5797,NA,54.08900000000001,53.31330000000001,0.27470000000000,44.78070000000000,44.7955,1982.7960,54.0584,53.7837,0.2747,44.9613,53.6031,48.0597,5.5434,-0.9940,1982.7960,NA,NA,NA
Stalker2-Win64-Shipping.exe,17996,0x4DE2B640,DXGI,0,0,1,Hardware Composed: Independent Flip,2087.3689,NA,50.78920000000000,53.26530000000000,0.28940000000000,45.96100000000001,47.2716,2036.8544,50.8039,50.5145,0.2894,44.5060,51.9695,49.0013,2.9682,0.7931,2036.8544,NA,NA,NA
Stalker2-Win64-Shipping.exe,17996,0x4DE2B640,DXGI,0,0,1,Hardware Composed: Independent Flip,2140.5974,NA,53.22850000000000,51.02150000000000,0.28210000000000,45.03440000000001,45.0646,2087.6583,53.2212,52.9391,0.2821,45.6716,52.3019,48.2582,4.0437,-0.2176,2087.6583,NA,NA,NA
Stalker2-Win64-Shipping.exe,17996,0x4DE2B640,DXGI,0,0,1,Hardware Composed: Independent Flip,2193.7477,NA,53.15030000000000,53.56830000000000,0.32330000000000,45.13050000000000,45.4826,2140.8795,53.1915,52.8682,0.3233,44.7523,53.2464,48.3087,4.9377,-0.3471,2140.8795,NA,NA,NA
Stalker2-Win64-Shipping.exe,17996,0x4DE2B640,DXGI,0,0,1,Hardware Composed: Independent Flip,2246.2320,NA,52.48430000000000,53.27950000000001,0.25440000000000,46.05410000000001,46.2778,2194.0710,52.4154,52.1610,0.2544,44.8072,53.4079,49.6406,3.7673,-0.0880,2194.0710,NA,NA,NA
Stalker2-Win64-Shipping.exe,17996,0x4DE2B640,DXGI,0,0,1,Hardware Composed: Independent Flip,2298.1223,NA,51.89030000000000,50.79760000000000,0.28390000000000,45.11680000000000,45.1851,2246.4864,51.9198,51.6359,0.2839,45.7997,50.9530,48.5247,2.4283,1.6178,2246.4864,NA,NA,NA
Stalker2-Win64-Shipping.exe,17996,0x4DE2B640,DXGI,0,0,1,Hardware Composed: Independent Flip,2350.6409,NA,52.51860000000000,53.10000000000000,0.29610000000000,45.70210000000000,45.7665,2298.4062,52.5308,52.2347,0.2961,44.8329,53.1039,49.0529,4.0510,-1.1802,2298.4062,NA,NA,NA
Stalker2-Win64-Shipping.exe,17996,0x4DE2B640,DXGI,0,0,1,Hardware Composed: Independent Flip,2403.0808,NA,52.43990000000000,53.50720000000000,0.29350000000000,45.36430000000000,46.8338,2350.9370,52.4373,52.1438,0.2935,45.4060,52.1021,48.5571,3.5450,-0.9764,2350.9370,NA,NA,NA
Stalker2-Win64-Shipping.exe,17996,0x4DE2B640,DXGI,0,0,1,Hardware Composed: Independent Flip,2455.5587,NA,52.47790000000001,50.96260000000000,0.31440000000000,45.28810000000000,45.3185,2403.3743,52.4988,52.1844,0.3144,45.0708,52.4017,48.5092,3.8925,1.4747,2403.3743,NA,NA,NA
Stalker2-Win64-Shipping.exe,17996,0x4DE2B640,DXGI,0,0,1,Hardware Composed: Independent Flip,2507.9291,NA,52.37040000000000,53.49970000000000,0.28090000000000,46.18470000000000,46.4478,2455.8731,52.3369,52.0560,0.2809,44.9737,53.2670,49.2257,4.0413,-1.0009,2455.8731,NA,NA,NA
Stalker2-Win64-Shipping.exe,17996,0x4DE2B640,DXGI,0,0,1,Hardware Composed: Independent Flip,2560.4945,NA,52.56540000000000,51.65530000000000,0.24840000000000,45.18940000000000,45.5377,2508.2100,52.5329,52.2845,0.2484,45.9038,51.5701,48.4620,3.1081,0.6816,2508.2100,NA,NA,NA
Stalker2-Win64-Shipping.exe,17996,0x4DE2B640,DXGI,0,0,1,Hardware Composed: Independent Flip,2612.4470,NA,51.95250000000000,51.01290000000000,0.28430000000000,44.56820000000000,44.5981,2560.7429,51.9884,51.7041,0.2843,44.9410,51.3313,48.4693,2.8620,1.5200,2560.7429,NA,NA,NA
Stalker2-Win64-Shipping.exe,17996,0x4DE2B640,DXGI,0,0,1,Hardware Composed: Independent Flip,2665.2122,NA,52.76520000000000,53.16340000000000,0.29260000000000,44.72920000000000,44.9963,2612.7313,52.7735,52.4809,0.2926,44.2839,52.9262,47.9664,4.9598,-1.1750,2612.7313,NA,NA,NA
Stalker2-Win64-Shipping.exe,17996,0x4DE2B640,DXGI,0,0,1,Hardware Composed: Independent Flip,2717.6561,NA,52.44390000000000,53.08430000000001,0.30250000000000,45.26390000000000,45.6367,2665.5048,52.4538,52.1513,0.3025,44.4366,52.9786,48.9259,4.0527,-0.3108,2665.5048,NA,NA,NA
Stalker2-Win64-Shipping.exe,17996,0x4DE2B640,DXGI,0,0,1,Hardware Composed: Independent Flip,2770.5910,NA,52.93490000000001,53.46760000000000,0.30410000000000,45.99410000000000,46.1694,2717.9586,52.9365,52.6324,0.3041,44.9614,53.6651,49.3491,4.3160,-1.0138,2717.9586,NA,NA,NA
Stalker2-Win64-Shipping.exe,17996,0x4DE2B640,DXGI,0,0,1,Hardware Composed: Independent Flip,2823.0920,NA,52.50100000000000,52.16850000000000,0.28010000000000,45.53370000000000,45.8369,2770.8951,52.4770,52.1969,0.2801,45.6900,52.0406,48.8157,3.2249,0.7680,2770.8951,NA,NA,NA
Stalker2-Win64-Shipping.exe,17996,0x4DE2B640,DXGI,0,0,1,Hardware Composed: Independent Flip,2875.3410,NA,52.24900000000000,53.02900000000000,0.26890000000000,46.58960000000000,46.6169,2823.3721,52.2378,51.9689,0.2689,45.2536,53.3049,49.7519,3.5530,-0.5520,2823.3721,NA,NA,NA
Stalker2-Win64-Shipping.exe,17996,0x4DE2B640,DXGI,0,0,1,Hardware Composed: Independent Flip,2927.4606,NA,52.11960000000001,51.92420000000000,0.27270000000000,45.61890000000000,46.4215,2875.6099,52.1234,51.8507,0.2727,46.3207,51.1489,48.7183,2.4306,0.3136,2875.6099,NA,NA,NA
Stalker2-Win64-Shipping.exe,17996,0x4DE2B640,DXGI,0,0,1,Hardware Composed: Independent Flip,2979.5702,NA,52.10960000000000,51.47670000000000,0.26960000000000,45.75810000000000,45.7886,2927.7333,52.1065,51.8369,0.2696,45.3462,52.2488,48.9486,3.3002,0.6467,2927.7333,NA,NA,NA
Stalker2-Win64-Shipping.exe,17996,0x4DE2B640,DXGI,0,0,1,Hardware Composed: Independent Flip,3032.7595,NA,53.18930000000000,53.04460000000000,0.26610000000000,44.85630000000000,45.6439,2979.8398,53.1858,52.9197,0.2661,45.4885,52.2875,48.5623,3.7252,-0.9381,2979.8398,NA,NA,NA
Stalker2-Win64-Shipping.exe,17996,0x4DE2B640,DXGI,0,0,1,Hardware Composed: Independent Flip,3084.4667,NA,51.70720000000000,51.71430000000000,0.26290000000000,45.61910000000000,45.6510,3033.0256,51.7040,51.4411,0.2629,44.5902,52.4700,49.3290,3.1410,1.4715,3033.0256,NA,NA,NA
Stalker2-Win64-Shipping.exe,17996,0x4DE2B640,DXGI,0,0,1,Hardware Composed: Independent Flip,3137.3876,NA,52.92090000000000,52.49930000000001,0.25370000000000,45.04340000000001,45.2294,3084.7296,52.9117,52.6580,0.2537,45.3562,52.3452,48.3215,4.0237,-0.7953,3084.7296,NA,NA,NA
Stalker2-Win64-Shipping.exe,17996,0x4DE2B640,DXGI,0,0,1,Hardware Composed: Independent Flip,3190.2373,NA,52.84970000000001,53.51690000000000,0.27300000000000,45.87870000000000,45.8966,3137.6413,52.8690,52.5960,0.2730,44.7897,53.6850,49.1678,4.5172,-0.6052,3137.6413,NA,NA,NA
Stalker2-Win64-Shipping.exe,17996,0x4DE2B640,DXGI,0,0,1,Hardware Composed: Independent Flip,3243.1660,NA,52.92870000000000,52.83540000000000,0.25290000000000,45.18370000000000,45.8033,3190.5103,52.9086,52.6557,0.2529,45.6057,52.2337,48.3352,3.8985,0.0336,3190.5103,NA,NA,NA
Stalker2-Win64-Shipping.exe,17996,0x4DE2B640,DXGI,0,0,1,Hardware Composed: Independent Flip,3296.6631,NA,53.49710000000000,53.67060000000000,0.26410000000000,45.94290000000000,45.9768,3243.4189,53.5083,53.2442,0.2641,44.9308,54.2563,49.2015,5.0548,-0.7620,3243.4189,NA,NA,NA
Stalker2-Win64-Shipping.exe,17996,0x4DE2B640,DXGI,0,0,1,Hardware Composed: Independent Flip,3348.6537,NA,51.99060000000000,52.55500000000000,0.26430000000000,45.52360000000000,46.5412,3296.9272,51.9908,51.7265,0.2643,45.6788,51.5713,48.6891,2.8822,0.9533,3296.9272,NA,NA,NA
Stalker2-Win64-Shipping.exe,17996,0x4DE2B640,DXGI,0,0,1,Hardware Composed: Independent Flip,3401.2168,NA,52.56310000000001,50.77750000000000,0.23460000000000,44.73620000000000,44.7556,3348.9180,52.5334,52.2988,0.2346,45.2593,51.7757,48.0311,3.7446,1.2133,3348.9180,NA,NA,NA
Stalker2-Win64-Shipping.exe,17996,0x4DE2B640,DXGI,0,0,1,Hardware Composed: Independent Flip,3454.4137,NA,53.19690000000000,53.29000000000000,0.26630000000000,44.46900000000000,44.8487,3401.4514,53.2286,52.9623,0.2663,44.5016,52.9297,48.1551,4.7746,-0.7566,3401.4514,NA,NA,NA
Stalker2-Win64-Shipping.exe,17996,0x4DE2B640,DXGI,0,0,1,Hardware Composed: Independent Flip,3505.8327,NA,51.41900000000000,53.26250000000000,0.26930000000000,46.56420000000000,46.6922,3454.6800,51.4220,51.1527,0.2693,44.2027,53.5142,50.0727,3.4415,-0.0339,3454.6800,NA,NA,NA
Stalker2-Win64-Shipping.exe,17996,0x4DE2B640,DXGI,0,0,1,Hardware Composed: Independent Flip,3558.6382,NA,52.80550000000000,51.44190000000000,0.23220000000000,45.09850000000000,45.3286,3506.1020,52.7684,52.5362,0.2322,46.2949,51.3398,48.5348,2.8050,-0.0199,3506.1020,NA,NA,NA
Stalker2-Win64-Shipping.exe,17996,0x4DE2B640,DXGI,0,0,1,Hardware Composed: Independent Flip,3611.9704,NA,53.33220000000000,53.70880000000000,0.26830000000000,45.69140000000000,45.7052,3558.8704,53.3683,53.1000,0.2683,44.8663,53.9251,49.0260,4.8991,-0.9404,3558.8704,NA,NA,NA
Stalker2-Win64-Shipping.exe,17996,0x4DE2B640,DXGI,0,0,1,Hardware Composed: Independent Flip,3663.4823,NA,51.51190000000000,52.32190000000000,0.25720000000000,45.01470000000000,46.5152,3612.2387,51.5008,51.2436,0.2572,45.4231,50.8352,48.1519,2.6833,1.0464,3612.2387,NA,NA,NA
Stalker2-Win64-Shipping.exe,17996,0x4DE2B640,DXGI,0,0,1,Hardware Composed: Independent Flip,3715.9577,NA,52.47540000000000,51.53920000000000,0.26960000000000,45.54980000000000,45.5790,3663.7395,52.4878,52.2182,0.2696,44.7575,53.0105,48.7945,4.2160,-0.0384,3663.7395,NA,NA,NA
Stalker2-Win64-Shipping.exe,17996,0x4DE2B640,DXGI,0,0,1,Hardware Composed: Independent Flip,3768.2367,NA,52.27900000000000,53.71150000000000,0.26310000000000,45.66220000000001,47.0115,3716.2273,52.2725,52.0094,0.2631,45.2802,52.3914,48.8196,3.5718,-1.2237,3716.2273,NA,NA,NA
Stalker2-Win64-Shipping.exe,17996,0x4DE2B640,DXGI,0,0,1,Hardware Composed: Independent Flip,3820.3898,NA,52.15310000000000,50.78390000000000,0.28220000000000,45.61910000000000,45.6423,3768.4998,52.1722,51.8900,0.2822,45.3991,52.1100,48.7436,3.3664,1.4886,3768.4998,NA,NA,NA
Stalker2-Win64-Shipping.exe,17996,0x4DE2B640,DXGI,0,0,1,Hardware Composed: Independent Flip,3873.7570,NA,53.36720000000000,52.23380000000000,0.26280000000000,44.49200000000000,44.5089,3820.6720,53.3478,53.0850,0.2628,45.3369,52.2401,48.2490,3.9911,-0.0616,3820.6720,NA,NA,NA
Stalker2-Win64-Shipping.exe,17996,0x4DE2B640,DXGI,0,0,1,Hardware Composed: Independent Flip,3925.8351,NA,52.07810000000000,53.79710000000000,0.26040000000000,46.06010000000001,46.2279,3874.0198,52.0757,51.8153,0.2604,44.2292,53.6462,49.8072,3.8390,-0.4493,3874.0198,NA,NA,NA
Stalker2-Win64-Shipping.exe,17996,0x4DE2B640,DXGI,0,0,1,Hardware Composed: Independent Flip,3978.5209,NA,52.68580000000000,51.85760000000001,0.26380000000000,44.81920000000000,45.3997,3926.0955,52.6892,52.4254,0.2638,45.7997,51.4449,48.1081,3.3368,0.2181,3926.0955,NA,NA,NA
Stalker2-Win64-Shipping.exe,17996,0x4DE2B640,DXGI,0,0,1,Hardware Composed: Independent Flip,4032.6216,NA,54.10070000000000,53.40040000000000,0.25640000000000,44.68110000000000,44.6994,3978.7847,54.0933,53.8369,0.2564,44.5554,53.9626,48.0583,5.9043,-0.7112,3978.7847,NA,NA,NA
Stalker2-Win64-Shipping.exe,17996,0x4DE2B640,DXGI,0,0,1,Hardware Composed: Independent Flip,4084.6385,NA,52.01690000000000,54.19090000000000,0.27040000000000,45.48820000000000,46.8734,4032.8780,52.0309,51.7605,0.2704,44.4247,52.8240,48.6593,4.1647,-0.0976,4032.8780,NA,NA,NA
Stalker2-Win64-Shipping.exe,17996,0x4DE2B640,DXGI,0,0,1,Hardware Composed: Independent Flip,4136.6002,NA,51.96170000000000,51.48350000000000,0.24600000000000,46.37990000000000,46.3952,4084.9089,51.9373,51.6913,0.2460,45.2178,52.8534,49.6265,3.2269,0.5474,4084.9089,NA,NA,NA
Stalker2-Win64-Shipping.exe,17996,0x4DE2B640,DXGI,0,0,1,Hardware Composed: Independent Flip,4189.3488,NA,52.74860000000000,52.71720000000001,0.26800000000000,46.34950000000000,46.3638,4136.8462,52.7706,52.5026,0.2680,46.1339,52.7182,49.4269,3.2913,-0.7799,4136.8462,NA,NA,NA
Stalker2-Win64-Shipping.exe,17996,0x4DE2B640,DXGI,0,0,1,Hardware Composed: Independent Flip,4242.3285,NA,52.97970000000000,51.86960000000001,0.24210000000000,45.24030000000000,45.2537,4189.6168,52.9538,52.7117,0.2421,46.0815,51.8705,48.2638,3.6067,0.9010,4189.6168,NA,NA,NA
Stalker2-Win64-Shipping.exe,17996,0x4DE2B640,DXGI,0,0,1,Hardware Composed: Independent Flip,4294.4840,NA,52.15550000000000,52.05670000000000,0.24450000000000,45.14120000000000,45.1549,4242.5706,52.1579,51.9134,0.2445,44.9982,52.0564,48.5736,3.4828,0.8971,4242.5706,NA,NA,NA
Stalker2-Win64-Shipping.exe,17996,0x4DE2B640,DXGI,0,0,1,Hardware Composed: Independent Flip,4346.2943,NA,51.81030000000001,52.60960000000000,0.32090000000000,45.81410000000000,45.9542,4294.7285,51.8867,51.5658,0.3209,44.8967,52.4832,48.9588,3.5244,-0.4517,4294.7285,NA,NA,NA
Stalker2-Win64-Shipping.exe,17996,0x4DE2B640,DXGI,0,0,1,Hardware Composed: Independent Flip,4399.0248,NA,52.73050000000000,52.56670000000000,0.25730000000000,45.77380000000000,45.7904,4346.6152,52.6669,52.4096,0.2573,45.4932,52.6902,49.0292,3.6610,-0.6800,4346.6152,NA,NA,NA
Stalker2-Win64-Shipping.exe,17996,0x4DE2B640,DXGI,0,0,1,Hardware Composed: Independent Flip,4452.1146,NA,53.08980000000000,52.19210000000000,0.27970000000000,44.77830000000000,44.8927,4399.2821,53.1122,52.8325,0.2797,45.5165,52.0943,48.0417,4.0526,0.4748,4399.2821,NA,NA,NA
Stalker2-Win64-Shipping.exe,17996,0x4DE2B640,DXGI,0,0,1,Hardware Composed: Independent Flip,4504.7681,NA,52.65350000000000,52.84250000000000,0.30040000000000,45.06170000000000,45.0817,4452.3943,52.6742,52.3738,0.3004,44.4986,52.9369,48.5393,4.3976,0.2697,4452.3943,NA,NA,NA
Stalker2-Win64-Shipping.exe,17996,0x4DE2B640,DXGI,0,0,1,Hardware Composed: Independent Flip,4556.9040,NA,52.13590000000000,52.63630000000001,0.24220000000000,45.13110000000000,45.5821,4505.0685,52.0777,51.8355,0.2422,44.7613,52.2053,48.2689,3.9364,0.0379,4505.0685,NA,NA,NA
Stalker2-Win64-Shipping.exe,17996,0x4DE2B640,DXGI,0,0,1,Hardware Composed: Independent Flip,4609.9812,NA,53.07720000000000,53.40090000000000,0.26960000000000,45.89000000000000,45.9058,4557.1462,53.1046,52.8350,0.2696,44.8889,53.8361,49.1041,4.7320,-1.3232,4557.1462,NA,NA,NA
Stalker2-Win64-Shipping.exe,17996,0x4DE2B640,DXGI,0,0,1,Hardware Composed: Independent Flip,4662.3009,NA,52.31970000000000,52.12130000000001,0.25310000000000,44.86420000000000,45.7074,4610.2508,52.3032,52.0501,0.2531,45.6204,51.2939,48.0091,3.2848,0.9833,4610.2508,NA,NA,NA
Stalker2-Win64-Shipping.exe,17996,0x4DE2B640,DXGI,0,0,1,Hardware Composed: Independent Flip,4715.4916,NA,53.19070000000000,52.20720000000000,0.24540000000000,44.68710000000000,44.7239,4662.5540,53.1830,52.9376,0.2454,44.6111,53.0136,48.8281,4.1855,0.0960,4662.5540,NA,NA,NA
Stalker2-Win64-Shipping.exe,17996,0x4DE2B640,DXGI,0,0,1,Hardware Composed: Independent Flip,4767.3950,NA,51.90340000000000,54.70160000000000,0.25070000000000,46.51660000000000,47.5221,4715.7370,51.9087,51.6580,0.2507,44.4417,53.7329,49.9894,3.7435,-1.5186,4715.7370,NA,NA,NA
Stalker2-Win64-Shipping.exe,17996,0x4DE2B640,DXGI,0,0,1,Hardware Composed: Independent Flip,4819.4190,NA,52.02400000000000,49.69430000000001,0.24930000000000,45.01850000000000,45.1924,4767.6457,52.0226,51.7733,0.2493,46.2659,50.5259,48.4652,2.0607,2.2144,4767.6457,NA,NA,NA
Stalker2-Win64-Shipping.exe,17996,0x4DE2B640,DXGI,0,0,1,Hardware Composed: Independent Flip,4872.5626,NA,53.14360000000000,53.55920000000000,0.28450000000000,45.59360000000000,45.6080,4819.6683,53.1788,52.8943,0.2845,44.7692,53.7187,49.0753,4.6434,-1.5366,4819.6683,NA,NA,NA
Stalker2-Win64-Shipping.exe,17996,0x4DE2B640,DXGI,0,0,1,Hardware Composed: Independent Flip,4924.7150,NA,52.15240000000000,54.36820000000000,0.25600000000000,45.42010000000001,47.8238,4872.8471,52.1239,51.8679,0.2560,45.3091,51.9789,48.7244,3.2545,-1.1894,4872.8471,NA,NA,NA
Stalker2-Win64-Shipping.exe,17996,0x4DE2B640,DXGI,0,0,1,Hardware Composed: Independent Flip,4977.1311,NA,52.41610000000000,49.88120000000000,0.25590000000000,45.26070000000000,45.2889,4924.9710,52.4160,52.1601,0.2559,45.1641,52.2567,48.4879,3.7688,2.2427,4924.9710,NA,NA,NA
Stalker2-Win64-Shipping.exe,17996,0x4DE2B640,DXGI,0,0,1,Hardware Composed: Independent Flip,5029.9029,NA,52.77180000000001,53.41540000000001,0.29230000000000,45.66360000000000,45.9325,4977.3870,52.8082,52.5159,0.2923,45.0048,53.1747,48.9507,4.2240,-0.9994,4977.3870,NA,NA,NA
Stalker2-Win64-Shipping.exe,17996,0x4DE2B640,DXGI,0,0,1,Hardware Composed: Independent Flip,5082.1216,NA,52.21870000000001,51.51540000000000,0.24100000000000,44.93850000000000,45.2292,5030.1952,52.1674,51.9264,0.2410,45.3713,51.4936,48.0947,3.3989,1.2928,5030.1952,NA,NA,NA
Stalker2-Win64-Shipping.exe,17996,0x4DE2B640,DXGI,0,0,1,Hardware Composed: Independent Flip,5135.1633,NA,53.04170000000001,52.09090000000000,0.24510000000000,44.26350000000000,44.2784,5082.3626,53.0458,52.8007,0.2451,44.6975,52.3667,48.1526,4.2141,0.0765,5082.3626,NA,NA,NA
Stalker2-Win64-Shipping.exe,17996,0x4DE2B640,DXGI,0,0,1,Hardware Composed: Independent Flip,5187.8407,NA,52.67740000000001,54.61980000000001,0.29500000000000,45.52810000000000,46.2208,5135.4084,52.7273,52.4323,0.2950,44.0184,53.9420,48.9888,4.9532,-1.5740,5135.4084,NA,NA,NA
Stalker2-Win64-Shipping.exe,17996,0x4DE2B640,DXGI,0,0,1,Hardware Composed: Independent Flip,5240.3728,NA,52.53210000000000,51.62690000000000,0.26990000000000,44.89300000000000,45.3156,5188.1357,52.5070,52.2371,0.2699,45.2331,51.8970,48.3660,3.5310,1.1004,5188.1357,NA,NA,NA
Stalker2-Win64-Shipping.exe,17996,0x4DE2B640,DXGI,0,0,1,Hardware Composed: Independent Flip,5293.6082,NA,53.23540000000001,53.26140000000000,0.25570000000000,45.30270000000000,45.3416,5240.6427,53.2212,52.9655,0.2557,44.6231,53.6451,48.6836,4.9615,-0.7544,5240.6427,NA,NA,NA
Stalker2-Win64-Shipping.exe,17996,0x4DE2B640,DXGI,0,0,1,Hardware Composed: Independent Flip,5345.0128,NA,51.40460000000000,52.60760000000001,0.26680000000000,45.23110000000000,46.5446,5293.8639,51.4157,51.1489,0.2668,45.0470,51.3330,48.3285,3.0045,0.6136,5293.8639,NA,NA,NA
Stalker2-Win64-Shipping.exe,17996,0x4DE2B640,DXGI,0,0,1,Hardware Composed: Independent Flip,5397.6762,NA,52.66340000000000,53.17900000000000,0.26320000000000,47.04570000000000,47.0602,5345.2796,52.6598,52.3966,0.2632,44.9643,54.4780,50.2660,4.2120,-1.7633,5345.2796,NA,NA,NA
Stalker2-Win64-Shipping.exe,17996,0x4DE2B640,DXGI,0,0,1,Hardware Composed: Independent Flip,5449.5433,NA,51.86710000000000,52.17480000000000,0.25950000000000,45.69100000000000,47.3679,5397.9394,51.8634,51.6039,0.2595,46.7825,50.5124,48.7216,1.7908,0.4850,5397.9394,NA,NA,NA
Stalker2-Win64-Shipping.exe,17996,0x4DE2B640,DXGI,0,0,1,Hardware Composed: Independent Flip,5501.7994,NA,52.25610000000000,50.64100000000001,0.24180000000000,45.73840000000001,45.7528,5449.8028,52.2384,51.9966,0.2418,45.4315,52.3035,48.9239,3.3796,1.2224,5449.8028,NA,NA,NA
Stalker2-Win64-Shipping.exe,17996,0x4DE2B640,DXGI,0,0,1,Hardware Composed: Independent Flip,5553.8913,NA,52.09190000000000,52.44910000000000,0.24660000000000,44.82210000000000,46.1100,5502.0412,52.0967,51.8501,0.2466,45.4966,51.1756,48.7119,2.4637,-0.2107,5502.0412,NA,NA,NA
Stalker2-Win64-Shipping.exe,17996,0x4DE2B640,DXGI,0,0,1,Hardware Composed: Independent Flip,5606.5780,NA,52.68670000000000,51.79540000000000,0.32660000000000,45.20200000000001,45.2187,5554.1379,52.7667,52.4401,0.3266,44.5755,53.0666,48.8270,4.2396,0.3013,5554.1379,NA,NA,NA
Stalker2-Win64-Shipping.exe,17996,0x4DE2B640,DXGI,0,0,1,Hardware Composed: Independent Flip,5659.1836,NA,52.60560000000000,53.31960000000000,0.26910000000000,44.87750000000000,45.9327,5606.9046,52.5481,52.2790,0.2691,44.8754,52.2811,48.6086,3.6725,-0.5529,5606.9046,NA,NA,NA
Stalker2-Win64-Shipping.exe,17996,0x4DE2B640,DXGI,0,0,1,Hardware Composed: Independent Flip,5713.1793,NA,53.99570000000000,52.99740000000001,0.24840000000000,44.89380000000000,44.9344,5659.4527,53.9750,53.7266,0.2484,44.6084,54.0120,48.4258,5.5862,-0.4493,5659.4527,NA,NA,NA
Stalker2-Win64-Shipping.exe,17996,0x4DE2B640,DXGI,0,0,1,Hardware Composed: Independent Flip,5764.9440,NA,51.76470000000000,53.27910000000000,0.26850000000000,45.70530000000000,46.4488,5713.4277,51.7848,51.5163,0.2685,44.6454,52.5762,48.8280,3.7482,0.6959,5713.4277,NA,NA,NA
Stalker2-Win64-Shipping.exe,17996,0x4DE2B640,DXGI,0,0,1,Hardware Composed: Independent Flip,5817.5209,NA,52.57690000000000,51.80390000000001,0.26730000000000,45.64020000000000,45.6758,5765.2125,52.5757,52.3084,0.2673,45.4368,52.5118,48.8761,3.6357,-0.0191,5765.2125,NA,NA,NA
Stalker2-Win64-Shipping.exe,17996,0x4DE2B640,DXGI,0,0,1,Hardware Composed: Independent Flip,5870.4349,NA,52.91400000000000,52.70620000000000,0.25710000000000,45.18510000000001,45.4680,5817.7882,52.9038,52.6467,0.2571,45.3729,52.4589,48.4263,4.0326,-0.1305,5817.7882,NA,NA,NA
Stalker2-Win64-Shipping.exe,17996,0x4DE2B640,DXGI,0,0,1,Hardware Composed: Independent Flip,5921.6390,NA,51.20410000000000,50.74140000000001,0.24760000000000,44.98570000000000,45.0053,5870.6920,51.1946,50.9470,0.2476,44.9280,51.0047,48.0805,2.9242,2.1624,5870.6920,NA,NA,NA
Stalker2-Win64-Shipping.exe,17996,0x4DE2B640,DXGI,0,0,1,Hardware Composed: Independent Flip,5973.9241,NA,52.28510000000000,51.65190000000000,0.25880000000000,44.35680000000000,44.3721,5921.8866,52.2963,52.0375,0.2588,44.7381,51.6562,48.3255,3.3307,-0.4573,5921.8866,NA,NA,NA
Stalker2-Win64-Shipping.exe,17996,0x4DE2B640,DXGI,0,0,1,Hardware Composed: Independent Flip,6026.8367,NA,52.91260000000000,56.17910000000001,0.23720000000000,47.15350000000000,47.6386,5974.1829,52.8910,52.6538,0.2372,44.0980,55.7093,50.6682,5.0411,-3.8828,5974.1829,NA,NA,NA
Stalker2-Win64-Shipping.exe,17996,0x4DE2B640,DXGI,0,0,1,Hardware Composed: Independent Flip,6078.9896,NA,52.15290000000000,50.90980000000000,0.26500000000000,44.94760000000000,46.3955,6027.0739,52.1807,51.9157,0.2650,46.9163,49.9470,48.1589,1.7881,1.9812,6027.0739,NA,NA,NA
Stalker2-Win64-Shipping.exe,17996,0x4DE2B640,DXGI,0,0,1,Hardware Composed: Independent Flip,6131.0799,NA,52.09030000000000,51.27590000000000,0.27370000000000,45.55890000000000,45.5811,6079.2546,52.0990,51.8253,0.2737,44.6826,52.7016,49.0510,3.6506,0.9048,6079.2546,NA,NA,NA
Stalker2-Win64-Shipping.exe,17996,0x4DE2B640,DXGI,0,0,1,Hardware Composed: Independent Flip,6183.4041,NA,52.32420000000000,54.21060000000000,0.27510000000000,45.33790000000000,47.4675,6131.3536,52.3256,52.0505,0.2751,45.2852,52.1032,48.4551,3.6481,-2.1116,6131.3536,NA,NA,NA
Stalker2-Win64-Shipping.exe,17996,0x4DE2B640,DXGI,0,0,1,Hardware Composed: Independent Flip,6235.4309,NA,52.02680000000000,50.02610000000000,0.28900000000000,45.45060000000000,45.4668,6183.6792,52.0407,51.7517,0.2890,45.0628,52.1395,48.6190,3.5205,2.2995,6183.6792,NA,NA,NA
Stalker2-Win64-Shipping.exe,17996,0x4DE2B640,DXGI,0,0,1,Hardware Composed: Independent Flip,6289.0005,NA,53.56960000000000,53.59970000000001,0.27270000000000,45.43050000000000,45.4969,6235.7199,53.5533,53.2806,0.2727,45.1616,53.5495,48.6655,4.8840,-1.5590,6235.7199,NA,NA,NA
Stalker2-Win64-Shipping.exe,17996,0x4DE2B640,DXGI,0,0,1,Hardware Composed: Independent Flip,6340.7487,NA,51.74820000000000,51.85400000000000,0.22990000000000,44.93520000000000,45.6027,6289.2732,51.7054,51.4755,0.2299,45.1578,51.2529,48.2856,2.9673,1.6993,6289.2732,NA,NA,NA
Stalker2-Win64-Shipping.exe,17996,0x4DE2B640,DXGI,0,0,1,Hardware Composed: Independent Flip,6392.8957,NA,52.14700000000001,51.29840000000000,0.24640000000000,44.74070000000000,44.7541,6340.9786,52.1635,51.9171,0.2464,44.7053,51.9525,48.6866,3.2659,0.4070,6340.9786,NA,NA,NA
Stalker2-Win64-Shipping.exe,17996,0x4DE2B640,DXGI,0,0,1,Hardware Composed: Independent Flip,6445.7483,NA,52.85260000000000,54.59690000000001,0.29180000000000,45.98250000000000,46.4984,6393.1421,52.8980,52.6062,0.2918,44.4943,54.0944,49.7131,4.3813,-2.4334,6393.1421,NA,NA,NA
Stalker2-Win64-Shipping.exe,17996,0x4DE2B640,DXGI,0,0,1,Hardware Composed: Independent Flip,6498.2644,NA,52.51610000000000,51.47810000000000,0.26100000000000,44.83680000000000,45.4604,6446.0401,52.4853,52.2243,0.2610,45.6907,51.3704,48.0432,3.3272,1.4199,6446.0401,NA,NA,NA
Stalker2-Win64-Shipping.exe,17996,0x4DE2B640,DXGI,0,0,1,Hardware Composed: Independent Flip,6554.3059,NA,56.04150000000000,56.00150000000000,0.26960000000000,45.40620000000001,45.4204,6498.5254,56.0501,55.7805,0.2696,44.5758,56.6109,49.1261,7.4848,-3.5162,6498.5254,NA,NA,NA
Stalker2-Win64-Shipping.exe,17996,0x4DE2B640,DXGI,0,0,1,Hardware Composed: Independent Flip,6603.5974,NA,49.29150000000000,52.82600000000000,0.34690000000000,46.05290000000000,48.9549,6554.5755,49.3688,49.0219,0.3469,45.1366,49.9382,49.2204,0.7178,3.2241,6554.5755,NA,NA,NA
Stalker2-Win64-Shipping.exe,17996,0x4DE2B640,DXGI,0,0,1,Hardware Composed: Independent Flip,6661.6860,NA,58.08860000000000,55.93610000000000,0.28460000000000,46.78630000000000,46.8024,6603.9443,58.0263,57.7417,0.2846,45.7060,58.8220,50.1596,8.6624,-6.5673,6603.9443,NA,NA,NA
Stalker2-Win64-Shipping.exe,17996,0x4DE2B640,DXGI,0,0,1,Hardware Composed: Independent Flip,6708.4410,NA,46.75500000000000,51.67380000000000,0.30030000000000,48.66600000000000,51.7212,6661.9706,46.7707,46.4704,0.3003,46.5017,48.6347,48.6225,0.0122,6.3525,6661.9706,NA,NA,NA
Stalker2-Win64-Shipping.exe,17996,0x4DE2B640,DXGI,0,0,1,Hardware Composed: Independent Flip,6761.8892,NA,53.44820000000000,46.80630000000000,0.25690000000000,45.01210000000000,45.0793,6708.7413,53.4048,53.1479,0.2569,48.3657,49.7943,48.1960,1.5983,-0.0356,6708.7413,NA,NA,NA
Stalker2-Win64-Shipping.exe,17996,0x4DE2B640,DXGI,0,0,1,Hardware Composed: Independent Flip,6812.8745,NA,50.98530000000000,53.65970000000000,0.23310000000000,44.72930000000000,47.7537,6762.1461,50.9615,50.7284,0.2331,44.7552,50.7025,48.8068,1.8957,-0.2549,6762.1461,NA,NA,NA
Stalker2-Win64-Shipping.exe,17996,0x4DE2B640,DXGI,0,0,1,Hardware Composed: Independent Flip,6866.3541,NA,53.47960000000000,51.42490000000000,0.26120000000000,45.67340000000000,45.6990,6813.1076,53.5077,53.2465,0.2612,44.4962,54.4237,49.3722,5.0515,-0.4634,6813.1076,NA,NA,NA
Stalker2-Win64-Shipping.exe,17996,0x4DE2B640,DXGI,0,0,1,Hardware Composed: Independent Flip,6918.4022,NA,52.04810000000001,54.07440000000000,0.23290000000000,45.57530000000001,47.7253,6866.6153,52.0198,51.7869,0.2329,45.4122,51.9500,49.1652,2.7848,-0.5667,6866.6153,NA,NA,NA
Stalker2-Win64-Shipping.exe,17996,0x4DE2B640,DXGI,0,0,1,Hardware Composed: Independent Flip,6971.1804,NA,52.77820000000001,50.21310000000000,0.26800000000000,45.12650000000000,45.1602,6918.6351,52.8133,52.5453,0.2680,45.3424,52.3294,48.2594,4.0700,1.8067,6918.6351,NA,NA,NA
Stalker2-Win64-Shipping.exe,17996,0x4DE2B640,DXGI,0,0,1,Hardware Composed: Independent Flip,7023.6211,NA,52.44070000000000,52.70290000000000,0.31920000000000,45.17250000000000,45.4224,6971.4484,52.4919,52.1727,0.3192,44.8585,52.4867,48.2285,4.2582,0.1104,6971.4484,NA,NA,NA
Stalker2-Win64-Shipping.exe,17996,0x4DE2B640,DXGI,0,0,1,Hardware Composed: Independent Flip,7076.3220,NA,52.70090000000000,53.26940000000000,0.28270000000000,45.97570000000000,45.9909,7023.9403,52.6644,52.3817,0.2827,44.8533,53.5041,49.1808,4.3233,-0.7775,7023.9403,NA,NA,NA
Stalker2-Win64-Shipping.exe,17996,0x4DE2B640,DXGI,0,0,1,Hardware Composed: Independent Flip,7128.3808,NA,52.05880000000001,51.76280000000001,0.27430000000000,45.29890000000000,45.6949,7076.6047,52.0504,51.7761,0.2743,45.6930,51.3820,48.4832,2.8988,0.9016,7076.6047,NA,NA,NA
Stalker2-Win64-Shipping.exe,17996,0x4DE2B640,DXGI,0,0,1,Hardware Composed: Independent Flip,7180.6209,NA,52.24010000000001,52.18980000000001,0.26960000000000,45.57990000000000,45.6446,7128.6551,52.2354,51.9658,0.2696,45.0246,52.5211,48.8619,3.6592,-0.1394,7128.6551,NA,NA,NA
Stalker2-Win64-Shipping.exe,17996,0x4DE2B640,DXGI,0,0,1,Hardware Composed: Independent Flip,7232.7785,NA,52.15760000000000,52.07480000000000,0.24820000000000,44.77290000000000,45.5618,7180.8905,52.1362,51.8880,0.2482,45.3103,51.3506,48.6219,2.7287,0.1606,7180.8905,NA,NA,NA
Stalker2-Win64-Shipping.exe,17996,0x4DE2B640,DXGI,0,0,1,Hardware Composed: Independent Flip,7284.8218,NA,52.04330000000000,52.95300000000000,0.26630000000000,46.40870000000000,46.4715,7233.0267,52.0614,51.7951,0.2663,44.5247,53.6791,50.0162,3.6629,-0.8168,7233.0267,NA,NA,NA
Stalker2-Win64-Shipping.exe,17996,0x4DE2B640,DXGI,0,0,1,Hardware Composed: Independent Flip,7337.7727,NA,52.95090000000000,53.38880000000000,0.24860000000000,45.61430000000000,46.9094,7285.0881,52.9332,52.6846,0.2486,46.1424,52.1565,48.8519,3.3046,-1.3274,7285.0881,NA,NA,NA
Stalker2-Win64-Shipping.exe,17996,0x4DE2B640,DXGI,0,0,1,Hardware Composed: Independent Flip,7389.0607,NA,51.28800000000000,50.04800000000000,0.31120000000000,45.65020000000001,45.6694,7338.0213,51.3506,51.0394,0.3112,45.3657,51.3239,48.8191,2.5048,2.8852,7338.0213,NA,NA,NA
Stalker2-Win64-Shipping.exe,17996,0x4DE2B640,DXGI,0,0,1,Hardware Composed: Independent Flip,7440.9887,NA,51.92800000000000,51.39650000000000,0.27180000000000,45.12120000000000,45.1379,7389.3719,51.8886,51.6168,0.2718,45.3390,51.3990,48.3462,3.0528,-0.0459,7389.3719,NA,NA,NA
Stalker2-Win64-Shipping.exe,17996,0x4DE2B640,DXGI,0,0,1,Hardware Composed: Independent Flip,7493.3785,NA,52.38980000000000,53.07740000000000,0.25710000000000,45.80990000000000,45.8255,7441.2605,52.3751,52.1180,0.2571,44.8494,53.0785,48.9892,4.0893,-1.1888,7441.2605,NA,NA,NA
Stalker2-Win64-Shipping.exe,17996,0x4DE2B640,DXGI,0,0,1,Hardware Composed: Independent Flip,7545.6555,NA,52.27700000000000,52.56980000000000,0.26530000000000,45.49570000000000,46.1183,7493.6356,52.2852,52.0199,0.2653,45.5528,51.9628,48.8932,3.0696,-0.1947,7493.6356,NA,NA,NA
Stalker2-Win64-Shipping.exe,17996,0x4DE2B640,DXGI,0,0,1,Hardware Composed: Independent Flip,7598.8666,NA,53.21110000000000,52.86270000000000,0.42530000000000,45.73190000000000,45.7699,7545.9208,53.3711,52.9458,0.4253,45.2304,53.4473,49.0498,4.3975,-0.5775,7545.9208,NA,NA,NA
Stalker2-Win64-Shipping.exe,17996,0x4DE2B640,DXGI,0,0,1,Hardware Composed: Independent Flip,7650.6478,NA,51.78120000000001,51.69060000000000,0.24180000000000,44.97260000000000,45.6793,7599.2919,51.5977,51.3559,0.2418,45.3066,51.0219,48.0026,3.0193,1.6805,7599.2919,NA,NA,NA
Stalker2-Win64-Shipping.exe,17996,0x4DE2B640,DXGI,0,0,1,Hardware Composed: Independent Flip,7703.4051,NA,52.75730000000000,52.33320000000001,0.25370000000000,45.24020000000000,45.2552,7650.8896,52.7692,52.5155,0.2537,44.7308,53.0249,48.6800,4.3449,-0.7355,7650.8896,NA,NA,NA
Stalker2-Win64-Shipping.exe,17996,0x4DE2B640,DXGI,0,0,1,Hardware Composed: Independent Flip,7755.1634,NA,51.75830000000001,53.30750000000000,0.25310000000000,45.59950000000000,46.8044,7703.6588,51.7577,51.5046,0.2531,44.9865,52.1176,49.2906,2.8270,-0.5383,7703.6588,NA,NA,NA
Stalker2-Win64-Shipping.exe,17996,0x4DE2B640,DXGI,0,0,1,Hardware Composed: Independent Flip,7807.7909,NA,52.62750000000000,51.27320000000000,0.25210000000000,45.43650000000000,45.4501,7755.4165,52.6265,52.3744,0.2521,45.3464,52.4645,48.7519,3.7126,0.4845,7755.4165,NA,NA,NA
Stalker2-Win64-Shipping.exe,17996,0x4DE2B640,DXGI,0,0,1,Hardware Composed: Independent Flip,7861.2332,NA,53.44230000000000,53.53300000000000,0.26390000000000,45.33140000000000,45.5408,7808.0430,53.4541,53.1902,0.2639,45.1844,53.3372,48.5936,4.7436,-0.9065,7808.0430,NA,NA,NA
Stalker2-Win64-Shipping.exe,17996,0x4DE2B640,DXGI,0,0,1,Hardware Composed: Independent Flip,7912.4646,NA,51.23140000000000,52.26400000000000,0.26560000000000,46.15300000000000,46.5734,7861.4971,51.2331,50.9675,0.2656,45.0675,52.0530,49.4295,2.6235,1.1901,7861.4971,NA,NA,NA
Stalker2-Win64-Shipping.exe,17996,0x4DE2B640,DXGI,0,0,1,Hardware Composed: Independent Flip,7964.0847,NA,51.62010000000000,50.97900000000000,0.25120000000000,45.86720000000000,45.9323,7912.7302,51.6057,51.3545,0.2512,45.8874,51.3343,49.0919,2.2424,0.2541,7912.7302,NA,NA,NA
Stalker2-Win64-Shipping.exe,17996,0x4DE2B640,DXGI,0,0,1,Hardware Composed: Independent Flip,8016.5629,NA,52.47820000000000,52.45870000000000,0.26630000000000,45.89620000000000,45.9128,7964.3359,52.4933,52.2270,0.2663,45.6160,52.5072,49.0242,3.4830,-0.8530,7964.3359,NA,NA,NA
Stalker2-Win64-Shipping.exe,17996,0x4DE2B640,DXGI,0,0,1,Hardware Composed: Independent Flip,8068.5041,NA,51.94120000000000,52.03290000000001,0.26860000000000,45.66040000000000,46.0045,8016.8292,51.9435,51.6749,0.2686,45.6299,51.7054,48.7248,2.9806,0.4604,8016.8292,NA,NA,NA
Stalker2-Win64-Shipping.exe,17996,0x4DE2B640,DXGI,0,0,1,Hardware Composed: Independent Flip,8120.5475,NA,52.04340000000001,51.51830000000000,0.23270000000000,45.46480000000000,45.4794,8068.7727,52.0075,51.7748,0.2327,45.3918,51.8478,49.5548,2.2930,0.4252,8068.7727,NA,NA,NA
Stalker2-Win64-Shipping.exe,17996,0x4DE2B640,DXGI,0,0,1,Hardware Composed: Independent Flip,8174.2252,NA,53.67770000000000,53.16340000000000,0.39350000000000,44.79670000000000,44.9651,8120.7802,53.8385,53.4450,0.3935,45.2321,53.0096,48.0357,4.9739,-1.1559,8120.7802,NA,NA,NA
Stalker2-Win64-Shipping.exe,17996,0x4DE2B640,DXGI,0,0,1,Hardware Composed: Independent Flip,8226.6821,NA,52.45690000000000,53.62330000000000,0.25970000000000,45.71170000000000,46.1315,8174.6187,52.3231,52.0634,0.2597,44.4032,53.3719,49.4533,3.9186,0.2152,8174.6187,NA,NA,NA
Stalker2-Win64-Shipping.exe,17996,0x4DE2B640,DXGI,0,0,1,Hardware Composed: Independent Flip,8279.8983,NA,53.21620000000000,52.88270000000000,0.26600000000000,45.58660000000000,45.7980,8226.9418,53.2225,52.9565,0.2660,45.4520,53.0911,48.8896,4.2015,-0.5596,8226.9418,NA,NA,NA
Stalker2-Win64-Shipping.exe,17996,0x4DE2B640,DXGI,0,0,1,Hardware Composed: Independent Flip,8331.9122,NA,52.01390000000000,51.53440000000001,0.44610000000000,45.29760000000000,45.3185,8280.1643,52.1940,51.7479,0.4461,45.3206,51.7249,48.7990,2.9259,1.6881,8280.1643,NA,NA,NA
Stalker2-Win64-Shipping.exe,17996,0x4DE2B640,DXGI,0,0,1,Hardware Composed: Independent Flip,8383.7922,NA,51.88000000000000,51.99440000000001,0.27300000000000,45.41520000000000,45.4329,8332.3583,51.7069,51.4339,0.2730,44.8515,51.9976,48.5560,3.4416,0.1996,8332.3583,NA,NA,NA
Stalker2-Win64-Shipping.exe,17996,0x4DE2B640,DXGI,0,0,1,Hardware Composed: Independent Flip,8436.2561,NA,52.46390000000000,52.58510000000000,0.26690000000000,45.25980000000001,45.5541,8384.0652,52.4578,52.1909,0.2669,45.1422,52.3085,48.4410,3.8675,-0.8782,8384.0652,NA,NA,NA
Stalker2-Win64-Shipping.exe,17996,0x4DE2B640,DXGI,0,0,1,Hardware Composed: Independent Flip,8488.4394,NA,52.18330000000000,52.34110000000000,0.25820000000000,45.69830000000000,45.7119,8436.5230,52.1746,51.9164,0.2582,44.9929,52.6218,48.9122,3.7096,0.1167,8436.5230,NA,NA,NA
Stalker2-Win64-Shipping.exe,17996,0x4DE2B640,DXGI,0,0,1,Hardware Composed: Independent Flip,8541.2076,NA,52.76820000000000,53.38780000000001,0.23980000000000,46.08860000000000,46.3315,8488.6976,52.7498,52.5100,0.2398,45.4401,53.1585,49.8845,3.2740,-1.2132,8488.6976,NA,NA,NA
Stalker2-Win64-Shipping.exe,17996,0x4DE2B640,DXGI,0,0,1,Hardware Composed: Independent Flip,8593.6531,NA,52.44550000000000,51.18650000000000,0.26390000000000,44.77600000000000,45.0725,8541.4474,52.4696,52.2057,0.2639,45.8488,51.1329,48.3833,2.7496,1.5633,8541.4474,NA,NA,NA
Stalker2-Win64-Shipping.exe,17996,0x4DE2B640,DXGI,0,0,1,Hardware Composed: Independent Flip,8644.9429,NA,51.28980000000000,51.89380000000001,0.28350000000000,45.66160000000000,45.6765,8593.9170,51.3094,51.0259,0.2835,44.5121,52.1754,49.7684,2.4070,0.5758,8593.9170,NA,NA,NA
Stalker2-Win64-Shipping.exe,17996,0x4DE2B640,DXGI,0,0,1,Hardware Composed: Independent Flip,8697.3009,NA,52.35800000000000,52.93440000000000,0.25170000000000,45.43280000000000,46.2529,8645.2264,52.3262,52.0745,0.2517,45.3781,52.1292,49.1130,3.0162,-1.6250,8645.2264,NA,NA,NA
Stalker2-Win64-Shipping.exe,17996,0x4DE2B640,DXGI,0,0,1,Hardware Composed: Independent Flip,8749.2639,NA,51.96300000000000,50.76160000000000,0.26620000000000,45.02310000000000,45.0515,8697.5526,51.9775,51.7113,0.2662,45.1811,51.5533,48.1226,3.4307,1.5646,8697.5526,NA,NA,NA
Stalker2-Win64-Shipping.exe,17996,0x4DE2B640,DXGI,0,0,1,Hardware Composed: Independent Flip,8803.3863,NA,54.12240000000001,54.53700000000001,0.28110000000000,45.44860000000000,45.4661,8749.5301,54.1373,53.8562,0.2811,44.7569,54.5479,48.7714,5.7765,-2.5595,8749.5301,NA,NA,NA
Stalker2-Win64-Shipping.exe,17996,0x4DE2B640,DXGI,0,0,1,Hardware Composed: Independent Flip,8854.9354,NA,51.54910000000000,53.14500000000000,0.27510000000000,45.51240000000000,47.0620,8803.6674,51.5431,51.2680,0.2751,45.1675,51.6129,48.7112,2.9017,0.9923,8803.6674,NA,NA,NA
Stalker2-Win64-Shipping.exe,17996,0x4DE2B640,DXGI,0,0,1,Hardware Composed: Independent Flip,8907.5834,NA,52.64800000000000,51.36610000000000,0.27630000000000,45.74280000000000,45.7801,8855.2105,52.6492,52.3729,0.2763,45.2373,52.8784,49.2843,3.5941,0.1770,8855.2105,NA,NA,NA
Stalker2-Win64-Shipping.exe,17996,0x4DE2B640,DXGI,0,0,1,Hardware Composed: Independent Flip,8960.0847,NA,52.50130000000000,52.91370000000001,0.24910000000000,45.45680000000000,46.1925,8907.8597,52.4741,52.2250,0.2491,45.4665,52.2153,49.3608,2.8545,-0.2645,8907.8597,NA,NA,NA
Stalker2-Win64-Shipping.exe,17996,0x4DE2B640,DXGI,0,0,1,Hardware Composed: Independent Flip,9012.7074,NA,52.62270000000000,51.45650000000001,0.26490000000000,44.99890000000000,45.0263,8960.3338,52.6385,52.3736,0.2649,45.2077,52.1648,48.2296,3.9352,1.0176,8960.3338,NA,NA,NA
Stalker2-Win64-Shipping.exe,17996,0x4DE2B640,DXGI,0,0,1,Hardware Composed: Independent Flip,9063.8237,NA,51.11630000000000,52.11810000000001,0.27540000000000,46.01450000000001,46.0281,9012.9723,51.1268,50.8514,0.2754,44.7340,52.1319,49.1481,2.9838,0.5204,9012.9723,NA,NA,NA
Stalker2-Win64-Shipping.exe,17996,0x4DE2B640,DXGI,0,0,1,Hardware Composed: Independent Flip,9115.8453,NA,52.02160000000000,51.47170000000001,0.27000000000000,45.45720000000000,45.4782,9064.0991,52.0162,51.7462,0.2700,45.7391,51.4643,48.9968,2.4675,-0.3449,9064.0991,NA,NA,NA
Stalker2-Win64-Shipping.exe,17996,0x4DE2B640,DXGI,0,0,1,Hardware Composed: Independent Flip,9168.7601,NA,52.91480000000000,54.08370000000000,0.26340000000000,46.63410000000000,46.6471,9116.1153,52.9082,52.6448,0.2634,45.1872,54.0917,49.9015,4.1902,-2.0675,9116.1153,NA,NA,NA
Stalker2-Win64-Shipping.exe,17996,0x4DE2B640,DXGI,0,0,1,Hardware Composed: Independent Flip,9222.0586,NA,53.29850000000000,53.20080000000000,0.25520000000000,45.24750000000000,46.5494,9169.0235,53.2903,53.0351,0.2552,46.3707,51.9119,48.5605,3.3514,-0.2926,9169.0235,NA,NA,NA
Stalker2-Win64-Shipping.exe,17996,0x4DE2B640,DXGI,0,0,1,Hardware Composed: Independent Flip,9273.1818,NA,51.12320000000000,50.09590000000000,0.30250000000000,45.49390000000000,45.5221,9222.3138,51.1705,50.8680,0.3025,44.9923,51.3696,48.7477,2.6219,3.1944,9222.3138,NA,NA,NA
Stalker2-Win64-Shipping.exe,17996,0x4DE2B640,DXGI,0,0,1,Hardware Composed: Independent Flip,9325.4724,NA,52.29060000000000,51.26610000000000,0.27750000000000,44.48190000000000,44.4976,9273.4843,52.2656,51.9881,0.2775,45.1914,51.2786,47.6898,3.5888,-0.0956,9273.4843,NA,NA,NA
Stalker2-Win64-Shipping.exe,17996,0x4DE2B640,DXGI,0,0,1,Hardware Composed: Independent Flip,9377.8476,NA,52.37520000000000,53.53960000000000,0.25180000000000,45.63950000000001,45.6620,9325.7499,52.3495,52.0977,0.2518,44.2044,53.5328,48.9670,4.5658,-1.2740,9325.7499,NA,NA,NA
Stalker2-Win64-Shipping.exe,17996,0x4DE2B640,DXGI,0,0,1,Hardware Composed: Independent Flip,9430.9697,NA,53.12210000000000,52.80280000000000,0.26660000000000,44.29180000000000,45.3427,9378.0994,53.1369,52.8703,0.2666,45.3877,51.7744,47.8776,3.8968,-0.4533,9378.0994,NA,NA,NA
Stalker2-Win64-Shipping.exe,17996,0x4DE2B640,DXGI,0,0,1,Hardware Composed: Independent Flip,9484.3931,NA,53.42340000000000,53.64260000000000,0.28780000000000,45.54240000000000,45.5619,9431.2363,53.4446,53.1568,0.2878,44.0252,54.6740,49.1368,5.5372,-0.5057,9431.2363,NA,NA,NA
Stalker2-Win64-Shipping.exe,17996,0x4DE2B640,DXGI,0,0,1,Hardware Composed: Independent Flip,9537.1029,NA,52.70980000000000,53.72630000000000,0.28090000000000,45.15560000000000,46.5784,9484.6809,52.7029,52.4220,0.2809,45.2546,52.3230,48.8187,3.5043,-0.2817,9484.6809,NA,NA,NA
Stalker2-Win64-Shipping.exe,17996,0x4DE2B640,DXGI,0,0,1,Hardware Composed: Independent Flip,9588.1390,NA,51.03610000000000,50.45870000000000,0.24220000000000,45.98750000000000,46.0010,9537.3838,50.9974,50.7552,0.2422,44.8747,51.8680,49.1244,2.7436,2.2442,9537.3838,NA,NA,NA
Stalker2-Win64-Shipping.exe,17996,0x4DE2B640,DXGI,0,0,1,Hardware Composed: Independent Flip,9640.4261,NA,52.28710000000000,51.72920000000001,0.26730000000000,45.42930000000000,45.4431,9588.3812,52.3122,52.0449,0.2673,45.7453,51.7289,48.6839,3.0450,-0.7318,9588.3812,NA,NA,NA
Stalker2-Win64-Shipping.exe,17996,0x4DE2B640,DXGI,0,0,1,Hardware Composed: Independent Flip,9692.6883,NA,52.26220000000000,52.75140000000000,0.27390000000000,45.92150000000000,45.9323,9640.6934,52.2688,51.9949,0.2739,45.1620,52.7544,49.2059,3.5485,-0.4392,9640.6934,NA,NA,NA
Stalker2-Win64-Shipping.exe,17996,0x4DE2B640,DXGI,0,0,1,Hardware Composed: Independent Flip,9743.9256,NA,51.23730000000000,51.63640000000000,0.28260000000000,45.84520000000001,46.3314,9692.9622,51.2460,50.9634,0.2826,45.6476,51.1610,48.9471,2.2139,0.6324,9692.9622,NA,NA,NA
Stalker2-Win64-Shipping.exe,17996,0x4DE2B640,DXGI,0,0,1,Hardware Composed: Independent Flip,9796.5551,NA,52.62950000000000,52.13470000000000,0.23980000000000,45.81920000000000,45.8366,9744.2082,52.5867,52.3469,0.2398,45.5626,52.6035,49.1967,3.4068,-0.8887,9744.2082,NA,NA,NA
Stalker2-Win64-Shipping.exe,17996,0x4DE2B640,DXGI,0,0,1,Hardware Composed: Independent Flip,9848.5210,NA,51.96590000000000,52.14690000000000,0.31780000000000,45.03700000000000,46.0176,9796.7949,52.0439,51.7261,0.3178,45.5794,51.1837,48.6029,2.5808,0.4398,9796.7949,NA,NA,NA
Stalker2-Win64-Shipping.exe,17996,0x4DE2B640,DXGI,0,0,1,Hardware Composed: Independent Flip,9901.0532,NA,52.53220000000000,51.98670000000000,0.25300000000000,45.45890000000000,45.4721,9848.8388,52.4674,52.2144,0.2530,44.7192,52.9541,49.0934,3.8607,0.0572,9848.8388,NA,NA,NA
Stalker2-Win64-Shipping.exe,17996,0x4DE2B640,DXGI,0,0,1,Hardware Composed: Independent Flip,9952.3415,NA,51.28830000000000,51.49210000000000,0.24790000000000,44.63560000000000,45.6759,9901.3062,51.2832,51.0353,0.2479,45.2059,50.4650,48.2204,2.2446,0.9753,9901.3062,NA,NA,NA
Stalker2-Win64-Shipping.exe,17996,0x4DE2B640,DXGI,0,0,1,Hardware Composed: Independent Flip,10005.2784,NA,52.93690000000000,53.20260000000000,0.26330000000000,45.92730000000000,45.9416,9952.5894,52.9523,52.6890,0.2633,44.3877,54.2286,49.4812,4.7474,-1.9194,9952.5894,NA,NA,NA
Stalker2-Win64-Shipping.exe,17996,0x4DE2B640,DXGI,0,0,1,Hardware Composed: Independent Flip,10057.6440,NA,52.36560000000000,53.79160000000000,0.25120000000000,45.35450000000000,47.3676,10005.5417,52.3535,52.1023,0.2512,45.6640,51.7928,48.6524,3.1404,-0.8393,10005.5417,NA,NA,NA
Stalker2-Win64-Shipping.exe,17996,0x4DE2B640,DXGI,0,0,1,Hardware Composed: Independent Flip,10110.3342,NA,52.69020000000000,51.24640000000000,0.28770000000000,45.90940000000001,45.9238,10057.8952,52.7267,52.4390,0.2877,45.1033,53.2451,49.0035,4.2416,1.1071,10057.8952,NA,NA,NA
Stalker2-Win64-Shipping.exe,17996,0x4DE2B640,DXGI,0,0,1,Hardware Composed: Independent Flip,10163.1293,NA,52.79510000000001,53.09910000000000,0.26180000000000,45.44790000000000,46.2278,10110.6219,52.7692,52.5074,0.2618,45.6217,52.3336,48.7214,3.6122,-0.3724,10110.6219,NA,NA,NA
Stalker2-Win64-Shipping.exe,17996,0x4DE2B640,DXGI,0,0,1,Hardware Composed: Independent Flip,10217.0189,NA,53.88960000000000,53.93780000000000,0.23600000000000,46.25750000000000,46.2760,10163.3911,53.8638,53.6278,0.2360,45.1861,54.6992,49.7155,4.9837,-1.1686,10163.3911,NA,NA,NA
Stalker2-Win64-Shipping.exe,17996,0x4DE2B640,DXGI,0,0,1,Hardware Composed: Independent Flip,10267.7466,NA,50.72770000000001,50.78180000000000,0.26680000000000,45.22700000000000,46.3301,10217.2549,50.7585,50.4917,0.2668,46.0215,49.6972,48.8093,0.8879,3.0820,10217.2549,NA,NA,NA
Stalker2-Win64-Shipping.exe,17996,0x4DE2B640,DXGI,0,0,1,Hardware Composed: Independent Flip,10319.6956,NA,51.94900000000001,50.94310000000000,0.23770000000000,45.30950000000000,45.3242,10268.0134,51.9199,51.6822,0.2377,44.9602,52.0315,49.0561,2.9754,-0.1846,10268.0134,NA,NA,NA
Stalker2-Win64-Shipping.exe,17996,0x4DE2B640,DXGI,0,0,1,Hardware Composed: Independent Flip,10371.8394,NA,52.14380000000001,53.97060000000000,0.27240000000000,45.46600000000000,47.1510,10319.9333,52.1785,51.9061,0.2724,45.0718,52.3003,49.1277,3.1726,-2.0507,10319.9333,NA,NA,NA
Stalker2-Win64-Shipping.exe,17996,0x4DE2B640,DXGI,0,0,1,Hardware Composed: Independent Flip,10424.0409,NA,52.20150000000000,51.86430000000000,0.25060000000000,46.78560000000000,46.8138,10372.1118,52.1797,51.9291,0.2506,45.1936,53.5211,50.0574,3.4637,0.3142,10372.1118,NA,NA,NA
Stalker2-Win64-Shipping.exe,17996,0x4DE2B640,DXGI,0,0,1,Hardware Composed: Independent Flip,10476.5653,NA,52.52440000000000,52.09680000000000,0.28250000000000,45.87830000000000,46.3862,10424.2915,52.5563,52.2738,0.2825,46.5350,51.6171,49.0699,2.5472,0.0829,10424.2915,NA,NA,NA
Stalker2-Win64-Shipping.exe,17996,0x4DE2B640,DXGI,0,0,1,Hardware Composed: Independent Flip,10529.1166,NA,52.55130000000000,51.68280000000000,0.24930000000000,45.50190000000000,45.5177,10476.8478,52.5181,52.2688,0.2493,45.5958,52.1749,48.6970,3.4779,0.8735,10476.8478,NA,NA,NA
Stalker2-Win64-Shipping.exe,17996,0x4DE2B640,DXGI,0,0,1,Hardware Composed: Independent Flip,10581.0991,NA,51.98250000000000,52.11390000000000,0.27160000000000,45.19140000000000,45.6491,10529.3659,52.0048,51.7332,0.2716,45.2526,51.6720,48.2642,3.4078,0.4042,10529.3659,NA,NA,NA
Stalker2-Win64-Shipping.exe,17996,0x4DE2B640,DXGI,0,0,1,Hardware Composed: Independent Flip,10633.4820,NA,52.38290000000000,51.96670000000000,0.26180000000000,45.20410000000000,45.2329,10581.3707,52.3731,52.1113,0.2618,44.9198,52.3956,48.4057,3.9899,0.0381,10581.3707,NA,NA,NA
Stalker2-Win64-Shipping.exe,17996,0x4DE2B640,DXGI,0,0,1,Hardware Composed: Independent Flip,10686.8807,NA,53.39870000000001,54.04730000000000,0.25390000000000,45.42330000000000,45.8815,10633.7438,53.3908,53.1369,0.2539,44.9423,53.6179,49.4732,4.1447,-1.6742,10633.7438,NA,NA,NA
Stalker2-Win64-Shipping.exe,17996,0x4DE2B640,DXGI,0,0,1,Hardware Composed: Independent Flip,10740.2133,NA,53.33260000000000,53.15400000000000,0.27160000000000,45.14790000000000,45.7029,10687.1346,53.3503,53.0787,0.2716,45.1694,53.0572,48.7350,4.3222,0.2368,10687.1346,NA,NA,NA
Stalker2-Win64-Shipping.exe,17996,0x4DE2B640,DXGI,0,0,1,Hardware Composed: Independent Flip,10792.6050,NA,52.39170000000000,51.94500000000000,0.25510000000000,45.24240000000000,45.2562,10740.4849,52.3752,52.1201,0.2551,44.8763,52.4862,48.4602,4.0260,1.4053,10740.4849,NA,NA,NA
Stalker2-Win64-Shipping.exe,17996,0x4DE2B640,DXGI,0,0,1,Hardware Composed: Independent Flip,10846.0584,NA,53.45340000000000,53.51170000000000,0.29200000000000,45.29800000000000,45.3145,10792.8601,53.4903,53.1983,0.2920,44.9873,53.5090,48.5059,5.0031,-1.1365,10792.8601,NA,NA,NA
Stalker2-Win64-Shipping.exe,17996,0x4DE2B640,DXGI,0,0,1,Hardware Composed: Independent Flip,10897.6826,NA,51.62420000000000,51.77080000000000,0.27420000000000,44.96130000000000,45.4611,10846.3504,51.6064,51.3322,0.2742,45.0060,51.2875,48.1655,3.1220,1.7195,10846.3504,NA,NA,NA
Stalker2-Win64-Shipping.exe,17996,0x4DE2B640,DXGI,0,0,1,Hardware Composed: Independent Flip,10951.8108,NA,54.12820000000000,53.87980000000000,0.27700000000000,45.18460000000000,45.2127,10897.9568,54.1310,53.8540,0.2770,44.6871,54.3515,48.6249,5.7266,-2.2734,10897.9568,NA,NA,NA
Stalker2-Win64-Shipping.exe,17996,0x4DE2B640,DXGI,0,0,1,Hardware Composed: Independent Flip,11002.3500,NA,50.53920000000000,53.09210000000000,0.28320000000000,46.10830000000000,47.7656,10952.0878,50.5454,50.2622,0.2832,44.9076,51.4629,49.2869,2.1760,1.0389,10952.0878,NA,NA,NA
Stalker2-Win64-Shipping.exe,17996,0x4DE2B640,DXGI,0,0,1,Hardware Composed: Independent Flip,11055.5752,NA,53.22520000000000,51.61710000000000,0.23380000000000,46.13700000000000,46.1575,11002.6332,53.1758,52.9420,0.2338,45.8251,53.2539,49.2675,3.9864,-1.0717,11002.6332,NA,NA,NA
Stalker2-Win64-Shipping.exe,17996,0x4DE2B640,DXGI,0,0,1,Hardware Composed: Independent Flip,11107.6771,NA,52.10190000000000,52.28190000000000,0.25370000000000,45.25430000000000,46.3375,11055.8090,52.1218,51.8681,0.2537,45.9032,51.2192,48.8146,2.4046,0.8939,11055.8090,NA,NA,NA
Stalker2-Win64-Shipping.exe,17996,0x4DE2B640,DXGI,0,0,1,Hardware Composed: Independent Flip,11159.8098,NA,52.13270000000000,50.94220000000000,0.27570000000000,45.13150000000000,45.1470,11107.9308,52.1547,51.8790,0.2757,45.0006,52.0099,48.8205,3.1894,1.1796,11107.9308,NA,NA,NA
Stalker2-Win64-Shipping.exe,17996,0x4DE2B640,DXGI,0,0,1,Hardware Composed: Independent Flip,11211.6532,NA,51.84340000000000,51.83780000000000,0.25640000000000,44.50780000000000,45.1414,11160.0855,51.8241,51.5677,0.2564,44.8558,51.2197,48.2474,2.9723,0.3169,11160.0855,NA,NA,NA
Stalker2-Win64-Shipping.exe,17996,0x4DE2B640,DXGI,0,0,1,Hardware Composed: Independent Flip,11265.0589,NA,53.40570000000000,53.87230000000000,0.29630000000000,45.59380000000000,45.6080,11211.9096,53.4456,53.1493,0.2963,44.2514,54.4917,48.8848,5.6069,-2.0482,11211.9096,NA,NA,NA
Stalker2-Win64-Shipping.exe,17996,0x4DE2B640,DXGI,0,0,1,Hardware Composed: Independent Flip,11317.3244,NA,52.26550000000000,53.76220000000000,0.37860000000000,45.45640000000000,47.1047,11265.3552,52.3478,51.9692,0.3786,45.2975,52.1281,48.8009,3.3272,-0.3166,11265.3552,NA,NA,NA
Stalker2-Win64-Shipping.exe,17996,0x4DE2B640,DXGI,0,0,1,Hardware Composed: Independent Flip,11370.5303,NA,53.20590000000000,51.51430000000001,0.25450000000000,45.39950000000000,45.4131,11317.7030,53.0818,52.8273,0.2545,45.0778,53.1490,48.6048,4.5442,0.8335,11317.7030,NA,NA,NA
Stalker2-Win64-Shipping.exe,17996,0x4DE2B640,DXGI,0,0,1,Hardware Composed: Independent Flip,11422.0577,NA,51.52740000000000,52.86420000000000,0.26550000000000,46.19280000000001,46.7499,11370.7848,51.5384,51.2729,0.2655,45.1450,52.3207,49.4042,2.9165,0.2176,11370.7848,NA,NA,NA
Stalker2-Win64-Shipping.exe,17996,0x4DE2B640,DXGI,0,0,1,Hardware Composed: Independent Flip,11475.0709,NA,53.01320000000000,52.32230000000001,0.26920000000000,46.04450000000000,46.0590,11422.3232,53.0169,52.7477,0.2692,45.9273,52.8649,49.4548,3.4101,-0.7839,11422.3232,NA,NA,NA
Stalker2-Win64-Shipping.exe,17996,0x4DE2B640,DXGI,0,0,1,Hardware Composed: Independent Flip,11526.6893,NA,51.61840000000000,51.72580000000000,0.23970000000000,45.84490000000000,46.1664,11475.3401,51.5889,51.3492,0.2397,45.7753,51.4188,49.2621,2.1567,1.2911,11475.3401,NA,NA,NA
Stalker2-Win64-Shipping.exe,17996,0x4DE2B640,DXGI,0,0,1,Hardware Composed: Independent Flip,11579.1887,NA,52.49940000000000,52.20030000000001,0.25860000000000,45.83140000000000,45.8673,11526.9290,52.5183,52.2597,0.2586,45.6052,52.4859,49.1751,3.3108,-0.6114,11526.9290,NA,NA,NA
Stalker2-Win64-Shipping.exe,17996,0x4DE2B640,DXGI,0,0,1,Hardware Composed: Independent Flip,11632.5520,NA,53.36330000000000,53.61460000000000,0.27520000000000,45.41170000000000,46.1186,11579.4473,53.3799,53.1047,0.2752,45.5728,52.9436,48.7213,4.2223,-1.0963,11579.4473,NA,NA,NA
Stalker2-Win64-Shipping.exe,17996,0x4DE2B640,DXGI,0,0,1,Hardware Composed: Independent Flip,11684.5219,NA,51.96990000000000,52.90860000000000,0.25160000000000,47.03910000000000,47.0573,11632.8272,51.9463,51.6947,0.2516,45.1365,53.5973,50.2973,3.3000,0.4713,11632.8272,NA,NA,NA
Stalker2-Win64-Shipping.exe,17996,0x4DE2B640,DXGI,0,0,1,Hardware Composed: Independent Flip,11737.2493,NA,52.72740000000000,51.33190000000000,0.27290000000000,45.43390000000000,45.6618,11684.7735,52.7487,52.4758,0.2729,46.7875,51.1222,48.6390,2.4832,0.6144,11684.7735,NA,NA,NA
Stalker2-Win64-Shipping.exe,17996,0x4DE2B640,DXGI,0,0,1,Hardware Composed: Independent Flip,11789.9067,NA,52.65740000000000,52.63720000000000,0.25990000000000,45.61410000000000,45.6416,11737.5222,52.6444,52.3845,0.2599,45.1610,52.8376,48.7872,4.0504,0.1115,11737.5222,NA,NA,NA
Stalker2-Win64-Shipping.exe,17996,0x4DE2B640,DXGI,0,0,1,Hardware Composed: Independent Flip,11843.4463,NA,53.53960000000000,54.32860000000000,0.27080000000000,45.31050000000000,46.4306,11790.1666,53.5505,53.2797,0.2708,45.3542,53.2360,48.4705,4.7655,-1.6842,11790.1666,NA,NA,NA
Stalker2-Win64-Shipping.exe,17996,0x4DE2B640,DXGI,0,0,1,Hardware Composed: Independent Flip,11896.7240,NA,53.27770000000000,51.86930000000000,0.24650000000000,45.00170000000000,45.0222,11843.7171,53.2534,53.0069,0.2465,45.0397,52.9689,48.3657,4.6032,1.6812,11843.7171,NA,NA,NA
Stalker2-Win64-Shipping.exe,17996,0x4DE2B640,DXGI,0,0,1,Hardware Composed: Independent Flip,11949.2129,NA,52.48890000000000,52.45570000000000,0.23980000000000,44.97540000000000,44.9890,11896.9705,52.4822,52.2424,0.2398,44.7552,52.4626,48.8654,3.5972,0.7977,11896.9705,NA,NA,NA
Stalker2-Win64-Shipping.exe,17996,0x4DE2B640,DXGI,0,0,1,Hardware Composed: Independent Flip,12002.0731,NA,52.86020000000001,53.12250000000000,0.29240000000000,45.11520000000000,45.2513,11949.4527,52.9128,52.6204,0.2924,44.7356,53.0000,48.3998,4.6002,-0.6403,11949.4527,NA,NA,NA
Stalker2-Win64-Shipping.exe,17996,0x4DE2B640,DXGI,0,0,1,Hardware Composed: Independent Flip,12054.8322,NA,52.75910000000000,52.94160000000000,0.26940000000000,45.33550000000000,45.4338,12002.3655,52.7361,52.4667,0.2694,44.8228,52.9794,49.1516,3.8278,-0.0288,12002.3655,NA,NA,NA
Stalker2-Win64-Shipping.exe,17996,0x4DE2B640,DXGI,0,0,1,Hardware Composed: Independent Flip,12108.8091,NA,53.97690000000000,55.01960000000000,0.25410000000000,46.46170000000000,46.4765,12055.1016,53.9616,53.7075,0.2541,45.0661,55.1031,49.8288,5.2743,-2.2835,12055.1016,NA,NA,NA
Stalker2-Win64-Shipping.exe,17996,0x4DE2B640,DXGI,0,0,1,Hardware Composed: Independent Flip,12160.1405,NA,51.33140000000000,50.93270000000000,0.27330000000000,45.08810000000000,46.0778,12109.0632,51.3506,51.0773,0.2733,46.2076,49.9578,48.2180,1.7398,3.0289,12109.0632,NA,NA,NA
Stalker2-Win64-Shipping.exe,17996,0x4DE2B640,DXGI,0,0,1,Hardware Composed: Independent Flip,12212.8411,NA,52.70060000000000,52.41730000000000,0.26550000000000,45.76010000000000,45.7945,12160.4138,52.6928,52.4273,0.2655,44.8148,53.3726,49.0764,4.2962,-1.0667,12160.4138,NA,NA,NA
Stalker2-Win64-Shipping.exe,17996,0x4DE2B640,DXGI,0,0,1,Hardware Composed: Independent Flip,12264.8466,NA,52.00550000000000,53.50980000000001,0.26760000000000,45.09760000000000,47.2988,12213.1066,52.0076,51.7400,0.2676,45.4946,51.3430,48.2586,3.0844,-0.8170,12213.1066,NA,NA,NA
Stalker2-Win64-Shipping.exe,17996,0x4DE2B640,DXGI,0,0,1,Hardware Composed: Independent Flip,12317.9483,NA,53.10170000000000,52.06440000000000,0.25080000000000,46.24830000000000,46.2615,12265.1142,53.0849,52.8341,0.2508,44.8300,54.2524,49.6485,4.6039,-0.0568,12265.1142,NA,NA,NA
Stalker2-Win64-Shipping.exe,17996,0x4DE2B640,DXGI,0,0,1,Hardware Composed: Independent Flip,12369.2136,NA,51.26530000000000,51.72690000000000,0.24560000000000,45.18570000000000,46.7231,12318.1991,51.2601,51.0145,0.2456,45.9975,50.2027,48.6710,1.5317,1.3580,12318.1991,NA,NA,NA
Stalker2-Win64-Shipping.exe,17996,0x4DE2B640,DXGI,0,0,1,Hardware Composed: Independent Flip,12422.1077,NA,52.89410000000000,51.21570000000001,0.28550000000000,45.02250000000000,45.0447,12369.4592,52.9340,52.6485,0.2855,44.9401,52.7309,48.4255,4.3054,0.0444,12369.4592,NA,NA,NA
Stalker2-Win64-Shipping.exe,17996,0x4DE2B640,DXGI,0,0,1,Hardware Composed: Independent Flip,12474.4886,NA,52.38090000000000,54.10680000000000,0.27520000000000,45.13820000000000,46.7706,12422.3932,52.3706,52.0954,0.2752,44.7370,52.4966,48.3005,4.1961,-1.1728,12422.3932,NA,NA,NA
Stalker2-Win64-Shipping.exe,17996,0x4DE2B640,DXGI,0,0,1,Hardware Composed: Independent Flip,12527.3264,NA,52.83780000000000,51.41440000000000,0.25990000000000,45.33070000000000,45.3472,12474.7638,52.8225,52.5626,0.2599,44.8630,53.0303,48.5668,4.4635,0.9562,12474.7638,NA,NA,NA
Stalker2-Win64-Shipping.exe,17996,0x4DE2B640,DXGI,0,0,1,Hardware Composed: Independent Flip,12580.9126,NA,53.58620000000001,53.91790000000000,0.27060000000000,45.50080000000001,45.6789,12527.5863,53.5969,53.3263,0.2706,45.0708,53.7563,48.7669,4.9894,-1.0954,12527.5863,NA,NA,NA
Stalker2-Win64-Shipping.exe,17996,0x4DE2B640,DXGI,0,0,1,Hardware Composed: Independent Flip,12633.1434,NA,52.23080000000000,52.31950000000001,0.27720000000000,45.20340000000000,45.7676,12581.1832,52.2374,51.9602,0.2772,45.2302,51.9334,48.5300,3.4034,1.2774,12581.1832,NA,NA,NA
Stalker2-Win64-Shipping.exe,17996,0x4DE2B640,DXGI,0,0,1,Hardware Composed: Independent Flip,12685.5933,NA,52.44990000000000,52.25930000000000,0.30140000000000,45.54930000000000,45.5770,12633.4206,52.4741,52.1727,0.3014,44.9262,52.7958,48.7337,4.0621,-0.0219,12633.4206,NA,NA,NA
Stalker2-Win64-Shipping.exe,17996,0x4DE2B640,DXGI,0,0,1,Hardware Composed: Independent Flip,12737.8128,NA,52.21950000000000,52.24290000000001,0.25190000000000,44.97240000000000,45.6004,12685.8947,52.1700,51.9181,0.2519,45.2479,51.6426,48.1803,3.4623,0.2312,12685.8947,NA,NA,NA
Stalker2-Win64-Shipping.exe,17996,0x4DE2B640,DXGI,0,0,1,Hardware Composed: Independent Flip,12790.5411,NA,52.72830000000000,52.08540000000000,0.25830000000000,44.93800000000000,44.9575,12738.0647,52.7347,52.4764,0.2583,44.7205,52.6939,48.1723,4.5216,0.0846,12738.0647,NA,NA,NA
Stalker2-Win64-Shipping.exe,17996,0x4DE2B640,DXGI,0,0,1,Hardware Composed: Independent Flip,12843.9560,NA,53.41490000000000,55.19760000000000,0.28190000000000,46.10930000000000,46.7402,12790.7994,53.4385,53.1566,0.2819,44.6797,54.5862,49.7254,4.8608,-2.4629,12790.7994,NA,NA,NA
Stalker2-Win64-Shipping.exe,17996,0x4DE2B640,DXGI,0,0,1,Hardware Composed: Independent Flip,12894.8525,NA,50.89650000000000,49.64640000000000,0.28050000000000,44.82190000000000,45.4901,12844.2379,50.8951,50.6146,0.2805,45.8274,49.6091,48.1203,1.4888,3.7921,12844.2379,NA,NA,NA
Stalker2-Win64-Shipping.exe,17996,0x4DE2B640,DXGI,0,0,1,Hardware Composed: Independent Flip,12948.2300,NA,53.37750000000000,53.55490000000000,0.24270000000000,45.64950000000000,45.6675,12895.1330,53.3397,53.0970,0.2427,44.5414,54.2051,49.1475,5.0576,-2.6598,12895.1330,NA,NA,NA
Stalker2-Win64-Shipping.exe,17996,0x4DE2B640,DXGI,0,0,1,Hardware Composed: Independent Flip,12999.7550,NA,51.52500000000001,54.49210000000000,0.26550000000000,45.62110000000001,48.6346,12948.4727,51.5478,51.2823,0.2655,45.4068,51.4966,48.7584,2.7382,-1.1524,12948.4727,NA,NA,NA
Stalker2-Win64-Shipping.exe,17996,0x4DE2B640,DXGI,0,0,1,Hardware Composed: Independent Flip,13052.3639,NA,52.60890000000001,49.50870000000000,0.27900000000000,45.51690000000000,45.5344,13000.0205,52.6224,52.3434,0.2790,45.3556,52.5047,48.7267,3.7780,2.0391,13000.0205,NA,NA,NA
Stalker2-Win64-Shipping.exe,17996,0x4DE2B640,DXGI,0,0,1,Hardware Composed: Independent Flip,13105.0344,NA,52.67050000000000,53.15100000000000,0.27860000000000,45.32360000000000,46.0149,13052.6429,52.6701,52.3915,0.2786,45.2379,52.4772,48.4991,3.9781,-0.5286,13052.6429,NA,NA,NA
Stalker2-Win64-Shipping.exe,17996,0x4DE2B640,DXGI,0,0,1,Hardware Composed: Independent Flip,13157.1891,NA,52.15470000000001,51.91620000000000,0.25310000000000,45.76260000000000,45.7764,13105.3130,52.1292,51.8761,0.2531,45.0450,52.5937,48.8617,3.7320,0.7539,13105.3130,NA,NA,NA
Stalker2-Win64-Shipping.exe,17996,0x4DE2B640,DXGI,0,0,1,Hardware Composed: Independent Flip,13209.1331,NA,51.94400000000000,50.89580000000000,0.26580000000000,44.66150000000000,44.7282,13157.4422,51.9567,51.6909,0.2658,45.5095,50.8429,47.7969,3.0460,1.2334,13157.4422,NA,NA,NA
Stalker2-Win64-Shipping.exe,17996,0x4DE2B640,DXGI,0,0,1,Hardware Composed: Independent Flip,13263.2944,NA,54.16130000000000,55.49120000000000,0.25050000000000,46.02860000000000,46.0581,13209.3989,54.1460,53.8955,0.2505,44.3957,55.5284,49.7583,5.7701,-3.5345,13209.3989,NA,NA,NA
Stalker2-Win64-Shipping.exe,17996,0x4DE2B640,DXGI,0,0,1,Hardware Composed: Independent Flip,13315.1109,NA,51.81650000000000,53.90900000000001,0.27030000000000,45.78380000000000,48.1506,13263.5449,51.8363,51.5660,0.2703,45.7781,51.5717,48.9834,2.5883,0.2370,13263.5449,NA,NA,NA
Stalker2-Win64-Shipping.exe,17996,0x4DE2B640,DXGI,0,0,1,Hardware Composed: Independent Flip,13367.6866,NA,52.57570000000000,49.88230000000000,0.25450000000000,45.42310000000001,45.4572,13315.3812,52.5599,52.3054,0.2545,45.5135,52.2150,48.6648,3.5502,1.9540,13315.3812,NA,NA,NA
Stalker2-Win64-Shipping.exe,17996,0x4DE2B640,DXGI,0,0,1,Hardware Composed: Independent Flip,13420.1187,NA,52.43210000000001,52.80070000000000,0.27380000000000,45.23250000000000,45.8258,13367.9411,52.4514,52.1776,0.2738,45.1686,52.2415,48.2643,3.9772,-0.2408,13367.9411,NA,NA,NA
Stalker2-Win64-Shipping.exe,17996,0x4DE2B640,DXGI,0,0,1,Hardware Composed: Independent Flip,13472.8996,NA,52.78090000000000,52.32150000000000,0.27260000000000,45.33760000000000,45.3664,13420.3925,52.7797,52.5071,0.2726,44.9587,52.8860,48.6302,4.2558,0.1299,13420.3925,NA,NA,NA
Stalker2-Win64-Shipping.exe,17996,0x4DE2B640,DXGI,0,0,1,Hardware Composed: Independent Flip,13526.1340,NA,53.23440000000000,53.93800000000000,0.29440000000000,45.72150000000000,46.0700,13473.1722,53.2562,52.9618,0.2944,45.0650,53.6183,49.0576,4.5607,-1.1583,13473.1722,NA,NA,NA
Stalker2-Win64-Shipping.exe,17996,0x4DE2B640,DXGI,0,0,1,Hardware Composed: Independent Flip,13578.0290,NA,51.89500000000000,52.97400000000000,0.24490000000000,46.74440000000000,47.1490,13526.4284,51.8455,51.6006,0.2449,45.4271,52.9179,50.6730,2.2449,0.2822,13526.4284,NA,NA,NA
Stalker2-Win64-Shipping.exe,17996,0x4DE2B640,DXGI,0,0,1,Hardware Composed: Independent Flip,13630.5229,NA,52.49390000000000,50.39130000000000,0.26160000000000,45.01770000000000,45.0464,13578.2739,52.5106,52.2490,0.2616,46.4995,50.7672,48.2333,2.5339,1.4542,13578.2739,NA,NA,NA
Stalker2-Win64-Shipping.exe,17996,0x4DE2B640,DXGI,0,0,1,Hardware Composed: Independent Flip,13683.2459,NA,52.72300000000000,53.51360000000000,0.25960000000000,45.82270000000000,45.8370,13630.7845,52.7210,52.4614,0.2596,44.7561,53.5280,49.0124,4.5156,-1.0030,13630.7845,NA,NA,NA
Stalker2-Win64-Shipping.exe,17996,0x4DE2B640,DXGI,0,0,1,Hardware Composed: Independent Flip,13735.6147,NA,52.36880000000000,53.10080000000000,0.26330000000000,45.05620000000000,46.5690,13683.5055,52.3725,52.1092,0.2633,45.5631,51.6023,48.4858,3.1165,-0.3798,13683.5055,NA,NA,NA
Stalker2-Win64-Shipping.exe,17996,0x4DE2B640,DXGI,0,0,1,Hardware Composed: Independent Flip,13788.6508,NA,53.03610000000000,52.21560000000000,0.27130000000000,45.72640000000001,45.7485,13735.8780,53.0441,52.7728,0.2713,44.7929,53.7063,49.0629,4.6434,0.1569,13735.8780,NA,NA,NA
Stalker2-Win64-Shipping.exe,17996,0x4DE2B640,DXGI,0,0,1,Hardware Composed: Independent Flip,13842.0624,NA,53.41160000000000,54.41820000000001,0.26170000000000,45.64680000000000,46.7551,13788.9221,53.4020,53.1403,0.2617,45.4551,53.3320,48.8920,4.4400,-1.3741,13788.9221,NA,NA,NA
Stalker2-Win64-Shipping.exe,17996,0x4DE2B640,DXGI,0,0,1,Hardware Composed: Independent Flip,13894.9065,NA,52.84410000000000,51.78250000000001,0.27930000000000,45.67590000000001,45.6935,13842.3241,52.8617,52.5824,0.2793,45.3851,52.8732,48.9726,3.9006,1.6195,13842.3241,NA,NA,NA
Stalker2-Win64-Shipping.exe,17996,0x4DE2B640,DXGI,0,0,1,Hardware Composed: Independent Flip,13947.8564,NA,52.94990000000000,52.53360000000000,0.23800000000000,45.25890000000000,45.2772,13895.1858,52.9086,52.6706,0.2380,45.3966,52.5329,48.4688,4.0641,0.3281,13895.1858,NA,NA,NA
Stalker2-Win64-Shipping.exe,17996,0x4DE2B640,DXGI,0,0,1,Hardware Composed: Independent Flip,14001.4254,NA,53.56900000000000,54.24600000000000,0.27460000000000,45.77800000000000,45.9542,13948.0944,53.6056,53.3310,0.2746,45.0209,54.0881,49.9409,4.1472,-1.3374,13948.0944,NA,NA,NA
Stalker2-Win64-Shipping.exe,17996,0x4DE2B640,DXGI,0,0,1,Hardware Composed: Independent Flip,14053.9849,NA,52.55950000000000,52.68860000000000,0.27080000000000,45.56660000000000,46.0833,14001.7000,52.5557,52.2849,0.2708,45.5034,52.3481,48.9890,3.3591,0.9170,14001.7000,NA,NA,NA
Stalker2-Win64-Shipping.exe,17996,0x4DE2B640,DXGI,0,0,1,Hardware Composed: Independent Flip,14106.4492,NA,52.46430000000000,52.04880000000000,0.23480000000000,45.64950000000000,45.6678,14054.2557,52.4283,52.1935,0.2348,45.2958,52.5472,48.7587,3.7885,0.5069,14054.2557,NA,NA,NA
Stalker2-Win64-Shipping.exe,17996,0x4DE2B640,DXGI,0,0,1,Hardware Composed: Independent Flip,14159.3730,NA,52.92380000000000,52.63690000000000,0.25360000000000,45.01780000000000,45.3809,14106.6840,52.9426,52.6890,0.2536,45.4147,52.2921,48.6980,3.5941,-0.2086,14106.6840,NA,NA,NA
Stalker2-Win64-Shipping.exe,17996,0x4DE2B640,DXGI,0,0,1,Hardware Composed: Independent Flip,14211.8222,NA,52.44920000000000,52.99090000000000,0.24730000000000,45.90300000000000,45.9226,14159.6266,52.4429,52.1956,0.2473,44.7642,53.3344,49.1815,4.1529,-0.0483,14159.6266,NA,NA,NA
Stalker2-Win64-Shipping.exe,17996,0x4DE2B640,DXGI,0,0,1,Hardware Composed: Independent Flip,14264.9454,NA,53.12320000000000,53.26130000000001,0.25740000000000,45.48690000000001,46.0607,14212.0695,53.1333,52.8759,0.2574,45.6557,52.7071,49.1289,3.5782,-0.8184,14212.0695,NA,NA,NA
Stalker2-Win64-Shipping.exe,17996,0x4DE2B640,DXGI,0,0,1,Hardware Composed: Independent Flip,14317.6809,NA,52.73550000000000,52.18560000000000,0.26540000000000,45.49580000000000,45.5108,14265.2028,52.7435,52.4781,0.2654,45.2295,52.7444,48.7014,4.0430,0.9477,14265.2028,NA,NA,NA
Stalker2-Win64-Shipping.exe,17996,0x4DE2B640,DXGI,0,0,1,Hardware Composed: Independent Flip,14370.8075,NA,53.12660000000000,52.50200000000000,0.25170000000000,44.81480000000001,44.8862,14317.9463,53.1129,52.8612,0.2517,45.2304,52.4456,48.0604,4.3852,0.2415,14317.9463,NA,NA,NA
Stalker2-Win64-Shipping.exe,17996,0x4DE2B640,DXGI,0,0,1,Hardware Composed: Independent Flip,14422.6119,NA,51.80440000000000,53.25320000000000,0.27870000000000,46.31680000000000,46.3350,14371.0592,51.8314,51.5527,0.2787,44.5631,53.3064,49.7122,3.5942,-0.1403,14371.0592,NA,NA,NA
Stalker2-Win64-Shipping.exe,17996,0x4DE2B640,DXGI,0,0,1,Hardware Composed: Independent Flip,14475.6430,NA,53.03110000000000,52.37680000000000,0.25660000000000,45.22810000000000,45.6807,14422.8906,53.0090,52.7524,0.2566,46.0381,51.9424,48.4290,3.5134,-0.5454,14422.8906,NA,NA,NA
Stalker2-Win64-Shipping.exe,17996,0x4DE2B640,DXGI,0,0,1,Hardware Composed: Independent Flip,14528.5111,NA,52.86810000000001,52.38560000000000,0.23430000000000,45.17940000000000,45.1982,14475.8996,52.8458,52.6115,0.2343,44.9715,52.8194,48.8275,3.9919,0.6234,14475.8996,NA,NA,NA
Stalker2-Win64-Shipping.exe,17996,0x4DE2B640,DXGI,0,0,1,Hardware Composed: Independent Flip,14580.7646,NA,52.25350000000000,52.61450000000000,0.28490000000000,44.98200000000000,45.5592,14528.7454,52.3041,52.0192,0.2849,44.9451,52.0561,48.5837,3.4724,0.2313,14528.7454,NA,NA,NA
Stalker2-Win64-Shipping.exe,17996,0x4DE2B640,DXGI,0,0,1,Hardware Composed: Independent Flip,14633.7667,NA,53.00210000000001,53.01830000000000,0.22720000000000,45.51180000000000,45.5754,14581.0495,52.9444,52.7172,0.2272,44.6971,53.5319,48.7194,4.8125,-0.7142,14581.0495,NA,NA,NA
Stalker2-Win64-Shipping.exe,17996,0x4DE2B640,DXGI,0,0,1,Hardware Composed: Independent Flip,14687.1562,NA,53.38950000000001,53.93470000000000,0.27130000000000,45.32260000000000,46.1206,14633.9939,53.4336,53.1623,0.2713,45.2846,53.2003,48.5602,4.6401,-0.9903,14633.9939,NA,NA,NA
Stalker2-Win64-Shipping.exe,17996,0x4DE2B640,DXGI,0,0,1,Hardware Composed: Independent Flip,14739.4780,NA,52.32180000000000,51.61950000000000,0.32600000000000,45.40470000000001,45.4183,14687.4275,52.3765,52.0505,0.3260,45.0513,52.4039,49.0109,3.3930,1.8141,14687.4275,NA,NA,NA
Stalker2-Win64-Shipping.exe,17996,0x4DE2B640,DXGI,0,0,1,Hardware Composed: Independent Flip,14791.5593,NA,52.08130000000001,51.71010000000000,0.26460000000000,45.02690000000000,45.0471,14739.8040,52.0199,51.7553,0.2646,45.0787,51.7035,48.3636,3.3399,0.6664,14739.8040,NA,NA,NA
Stalker2-Win64-Shipping.exe,17996,0x4DE2B640,DXGI,0,0,1,Hardware Composed: Independent Flip,14844.0597,NA,52.50040000000000,54.22300000000001,0.35130000000000,46.74250000000000,46.7697,14791.8239,52.5871,52.2358,0.3513,44.7623,54.2160,49.9607,4.2553,-2.2031,14791.8239,NA,NA,NA
Stalker2-Win64-Shipping.exe,17996,0x4DE2B640,DXGI,0,0,1,Hardware Composed: Independent Flip,14895.8132,NA,51.75350000000000,51.81750000000000,0.27220000000000,45.90080000000000,46.8337,14844.4110,51.6744,51.4022,0.2722,46.3912,50.9118,49.1249,1.7869,0.7696,14844.4110,NA,NA,NA
Stalker2-Win64-Shipping.exe,17996,0x4DE2B640,DXGI,0,0,1,Hardware Composed: Independent Flip,14948.5970,NA,52.78380000000000,50.70260000000000,0.28640000000000,44.73580000000000,44.7525,14896.0854,52.7980,52.5116,0.2864,45.6286,51.6188,48.7138,2.9050,0.9718,14896.0854,NA,NA,NA
Stalker2-Win64-Shipping.exe,17996,0x4DE2B640,DXGI,0,0,1,Hardware Composed: Independent Flip,15000.4073,NA,51.81030000000001,53.18440000000000,0.27430000000000,45.41390000000001,46.1266,14948.8834,51.7982,51.5239,0.2743,44.4494,52.4884,48.6460,3.8424,-0.3864,14948.8834,NA,NA,NA
Stalker2-Win64-Shipping.exe,17996,0x4DE2B640,DXGI,0,0,1,Hardware Composed: Independent Flip,15053.1020,NA,52.69470000000000,52.11290000000000,0.27640000000000,45.52900000000000,45.5448,15000.6816,52.6968,52.4204,0.2764,45.1396,52.8098,48.7443,4.0655,-0.3147,15000.6816,NA,NA,NA
Stalker2-Win64-Shipping.exe,17996,0x4DE2B640,DXGI,0,0,1,Hardware Composed: Independent Flip,15106.0789,NA,52.97690000000000,52.89870000000001,0.27340000000000,45.37370000000000,45.4666,15053.3784,52.9739,52.7005,0.2734,45.2526,52.8216,48.6597,4.1619,-0.2019,15053.3784,NA,NA,NA
Stalker2-Win64-Shipping.exe,17996,0x4DE2B640,DXGI,0,0,1,Hardware Composed: Independent Flip,15159.9543,NA,53.87540000000000,54.21240000000000,0.28190000000000,45.60670000000000,45.8036,15106.3523,53.8839,53.6020,0.2819,45.1003,54.1084,48.9893,5.1191,-1.2385,15106.3523,NA,NA,NA
Stalker2-Win64-Shipping.exe,17996,0x4DE2B640,DXGI,0,0,1,Hardware Composed: Independent Flip,15211.9900,NA,52.03570000000001,52.32720000000000,0.24490000000000,45.48860000000001,46.0951,15160.2362,51.9987,51.7538,0.2449,45.3248,51.9176,48.6497,3.2679,1.5567,15160.2362,NA,NA,NA
Stalker2-Win64-Shipping.exe,17996,0x4DE2B640,DXGI,0,0,1,Hardware Composed: Independent Flip,15265.3967,NA,53.40670000000000,53.18990000000000,0.27380000000000,45.86140000000000,45.8783,15212.2349,53.4356,53.1618,0.2738,45.2437,53.7795,49.2720,4.5075,-1.1912,15212.2349,NA,NA,NA
Stalker2-Win64-Shipping.exe,17996,0x4DE2B640,DXGI,0,0,1,Hardware Composed: Independent Flip,15317.3704,NA,51.97370000000000,52.16640000000000,0.25840000000000,44.93450000000000,46.0710,15265.6705,51.9583,51.6999,0.2584,45.5876,51.0468,48.0993,2.9475,1.2692,15265.6705,NA,NA,NA
Stalker2-Win64-Shipping.exe,17996,0x4DE2B640,DXGI,0,0,1,Hardware Composed: Independent Flip,15370.2724,NA,52.90200000000000,52.24370000000000,0.23840000000000,45.39880000000000,45.4127,15317.6288,52.8820,52.6436,0.2384,44.6761,53.3663,49.0320,4.3343,-0.2854,15317.6288,NA,NA,NA
Stalker2-Win64-Shipping.exe,17996,0x4DE2B640,DXGI,0,0,1,Hardware Composed: Independent Flip,15422.3391,NA,52.06670000000000,53.61650000000000,0.27150000000000,45.57290000000000,46.9625,15370.5108,52.0998,51.8283,0.2715,45.1604,52.2408,48.8725,3.3683,-0.7345,15370.5108,NA,NA,NA
Stalker2-Win64-Shipping.exe,17996,0x4DE2B640,DXGI,0,0,1,Hardware Composed: Independent Flip,15475.1797,NA,52.84060000000000,52.73340000000000,0.28940000000000,46.84120000000000,46.8553,15422.6106,52.8585,52.5691,0.2894,45.3014,54.1089,50.0515,4.0574,-0.6336,15422.6106,NA,NA,NA
Stalker2-Win64-Shipping.exe,17996,0x4DE2B640,DXGI,0,0,1,Hardware Composed: Independent Flip,15527.8981,NA,52.71840000000000,52.20350000000001,0.25960000000000,45.42220000000000,46.3404,15475.4691,52.6886,52.4290,0.2596,46.5518,51.2994,48.5570,2.7424,0.6550,15475.4691,NA,NA,NA
Stalker2-Win64-Shipping.exe,17996,0x4DE2B640,DXGI,0,0,1,Hardware Composed: Independent Flip,15579.9402,NA,52.04210000000000,51.28050000000000,0.27210000000000,45.56280000000000,45.5788,15528.1577,52.0546,51.7825,0.2721,45.1626,52.1827,48.8128,3.3699,1.4081,15528.1577,NA,NA,NA
Stalker2-Win64-Shipping.exe,17996,0x4DE2B640,DXGI,0,0,1,Hardware Composed: Independent Flip,15632.0941,NA,52.15390000000000,52.44790000000000,0.27970000000000,45.12550000000000,45.8728,15580.2123,52.1615,51.8818,0.2797,45.2907,51.7166,48.2653,3.4513,-0.3933,15580.2123,NA,NA,NA
Stalker2-Win64-Shipping.exe,17996,0x4DE2B640,DXGI,0,0,1,Hardware Composed: Independent Flip,15684.9053,NA,52.81120000000000,52.99590000000001,0.25750000000000,46.03760000000000,46.0575,15632.3738,52.7890,52.5315,0.2575,44.8458,53.7233,49.3621,4.3612,-0.8344,15632.3738,NA,NA,NA
Stalker2-Win64-Shipping.exe,17996,0x4DE2B640,DXGI,0,0,1,Hardware Composed: Independent Flip,15737.9472,NA,53.04190000000001,52.45110000000000,0.25410000000000,44.43490000000000,45.4667,15685.1628,53.0385,52.7844,0.2541,45.7801,51.4392,47.5774,3.8618,0.3379,15685.1628,NA,NA,NA
Stalker2-Win64-Shipping.exe,17996,0x4DE2B640,DXGI,0,0,1,Hardware Composed: Independent Flip,15792.2825,NA,54.33530000000000,54.77750000000000,0.25380000000000,45.89520000000000,45.9089,15738.2013,54.3350,54.0812,0.2538,44.1808,55.7956,49.5592,6.2364,-1.7390,15738.2013,NA,NA,NA
Stalker2-Win64-Shipping.exe,17996,0x4DE2B640,DXGI,0,0,1,Hardware Composed: Independent Flip,15844.1485,NA,51.86600000000000,53.13340000000000,0.26990000000000,44.98950000000000,47.1763,15792.5363,51.8821,51.6122,0.2699,45.6414,50.9603,48.1330,2.8273,1.2016,15792.5363,NA,NA,NA
Stalker2-Win64-Shipping.exe,17996,0x4DE2B640,DXGI,0,0,1,Hardware Composed: Independent Flip,15896.8754,NA,52.72690000000000,50.70230000000000,0.28430000000000,45.14090000000000,45.1517,15844.4184,52.7413,52.4570,0.2843,44.7196,52.8783,48.8753,4.0030,1.1798,15844.4184,NA,NA,NA
Stalker2-Win64-Shipping.exe,17996,0x4DE2B640,DXGI,0,0,1,Hardware Composed: Independent Flip,15949.6896,NA,52.81420000000000,53.86060000000001,0.26860000000000,44.87650000000000,46.1981,15897.1597,52.7985,52.5299,0.2686,44.8566,52.5498,48.2219,4.3279,-1.1193,15897.1597,NA,NA,NA
Stalker2-Win64-Shipping.exe,17996,0x4DE2B640,DXGI,0,0,1,Hardware Composed: Independent Flip,16002.9661,NA,53.27650000000001,52.73380000000000,0.26580000000000,45.62810000000000,45.6554,15949.9582,53.2737,53.0079,0.2658,44.6079,54.0281,49.1895,4.8386,0.0647,15949.9582,NA,NA,NA
Stalker2-Win64-Shipping.exe,17996,0x4DE2B640,DXGI,0,0,1,Hardware Composed: Independent Flip,16055.0887,NA,52.12260000000001,52.64190000000000,0.25920000000000,45.47850000000000,46.1747,16003.2319,52.1160,51.8568,0.2592,45.3623,51.9730,48.6318,3.3412,0.6318,16003.2319,NA,NA,NA
Stalker2-Win64-Shipping.exe,17996,0x4DE2B640,DXGI,0,0,1,Hardware Composed: Independent Flip,16107.2652,NA,52.17650000000000,52.81340000000000,0.27470000000000,46.76990000000000,46.8116,16055.3479,52.1920,51.9173,0.2747,45.2193,53.4679,50.0004,3.4675,-0.6974,16055.3479,NA,NA,NA
Stalker2-Win64-Shipping.exe,17996,0x4DE2B640,DXGI,0,0,1,Hardware Composed: Independent Flip,16160.1168,NA,52.85160000000000,51.76470000000000,0.24510000000000,44.85170000000000,45.7247,16107.5399,52.8220,52.5769,0.2451,46.4952,50.9334,47.9972,2.9362,0.4273,16107.5399,NA,NA,NA
Stalker2-Win64-Shipping.exe,17996,0x4DE2B640,DXGI,0,0,1,Hardware Composed: Independent Flip,16212.2068,NA,52.09000000000000,51.47400000000000,0.25620000000000,45.08710000000000,45.1087,16160.3619,52.1011,51.8449,0.2562,44.6066,52.3254,48.7394,3.5860,1.3480,16160.3619,NA,NA,NA
Stalker2-Win64-Shipping.exe,17996,0x4DE2B640,DXGI,0,0,1,Hardware Composed: Independent Flip,16263.7467,NA,51.53990000000000,52.27500000000001,0.25900000000000,44.81950000000001,45.8438,16212.4630,51.5427,51.2837,0.2590,44.8309,51.2723,48.4993,2.7730,-0.1739,16212.4630,NA,NA,NA
Stalker2-Win64-Shipping.exe,17996,0x4DE2B640,DXGI,0,0,1,Hardware Composed: Independent Flip,16316.9059,NA,53.15920000000001,52.39270000000000,0.25560000000000,45.06240000000000,45.0773,16264.0057,53.1558,52.9002,0.2556,44.5605,53.4021,48.7220,4.6801,-0.8500,16264.0057,NA,NA,NA
Stalker2-Win64-Shipping.exe,17996,0x4DE2B640,DXGI,0,0,1,Hardware Composed: Independent Flip,16369.1266,NA,52.22070000000000,53.48800000000000,0.26580000000000,45.18050000000000,46.3446,16317.1615,52.2309,51.9651,0.2658,44.8068,52.3388,48.3034,4.0354,-0.3322,16317.1615,NA,NA,NA
Stalker2-Win64-Shipping.exe,17996,0x4DE2B640,DXGI,0,0,1,Hardware Composed: Independent Flip,16422.4562,NA,53.32960000000000,53.01590000000000,0.27860000000000,45.99000000000000,46.0309,16369.3924,53.3424,53.0638,0.2786,44.9147,54.1391,49.4047,4.7344,-0.7850,16369.3924,NA,NA,NA
Stalker2-Win64-Shipping.exe,17996,0x4DE2B640,DXGI,0,0,1,Hardware Composed: Independent Flip,16474.9265,NA,52.47030000000000,52.33130000000001,0.26990000000000,45.08220000000000,45.8919,16422.7348,52.4616,52.1917,0.2699,45.7114,51.5625,48.1884,3.3741,1.0111,16422.7348,NA,NA,NA
Stalker2-Win64-Shipping.exe,17996,0x4DE2B640,DXGI,0,0,1,Hardware Composed: Independent Flip,16527.3872,NA,52.46070000000000,51.70230000000000,0.25610000000000,45.06770000000000,45.1335,16475.1964,52.4469,52.1908,0.2561,44.8123,52.4462,48.2284,4.2178,0.7593,16475.1964,NA,NA,NA
Stalker2-Win64-Shipping.exe,17996,0x4DE2B640,DXGI,0,0,1,Hardware Composed: Independent Flip,16579.0513,NA,51.66410000000000,52.41980000000000,0.25360000000000,45.25060000000001,45.8892,16527.6433,51.6616,51.4080,0.2536,44.8116,51.8470,48.3590,3.4880,0.0271,16527.6433,NA,NA,NA
Stalker2-Win64-Shipping.exe,17996,0x4DE2B640,DXGI,0,0,1,Hardware Composed: Independent Flip,16631.5659,NA,52.51460000000000,52.52950000000001,0.26440000000000,45.88520000000000,45.9041,16579.3049,52.5254,52.2610,0.2644,44.9970,53.1492,49.6370,3.5122,-0.8679,16579.3049,NA,NA,NA
Stalker2-Win64-Shipping.exe,17996,0x4DE2B640,DXGI,0,0,1,Hardware Composed: Independent Flip,16683.8065,NA,52.24060000000000,52.83480000000000,0.25860000000000,45.74170000000000,46.4983,16631.8303,52.2348,51.9762,0.2586,45.6208,52.0971,48.9876,3.1095,-0.3094,16631.8303,NA,NA,NA
Stalker2-Win64-Shipping.exe,17996,0x4DE2B640,DXGI,0,0,1,Hardware Composed: Independent Flip,16736.5939,NA,52.78740000000001,52.79980000000000,0.26990000000000,46.44700000000000,46.5107,16684.0651,52.7987,52.5288,0.2699,45.4831,53.4927,49.5620,3.9307,-0.5650,16684.0651,NA,NA,NA
Stalker2-Win64-Shipping.exe,17996,0x4DE2B640,DXGI,0,0,1,Hardware Composed: Independent Flip,16788.1533,NA,51.55940000000000,51.14210000000000,0.25260000000000,45.35560000000000,46.0934,16736.8638,51.5421,51.2895,0.2526,46.1771,50.4680,48.5476,1.9204,1.6566,16736.8638,NA,NA,NA
Stalker2-Win64-Shipping.exe,17996,0x4DE2B640,DXGI,0,0,1,Hardware Composed: Independent Flip,16840.7764,NA,52.62310000000000,52.36150000000000,0.26930000000000,45.81780000000001,45.8318,16788.4059,52.6398,52.3705,0.2693,45.1030,53.0853,49.0153,4.0700,-0.8194,16788.4059,NA,NA,NA
Stalker2-Win64-Shipping.exe,17996,0x4DE2B640,DXGI,0,0,1,Hardware Composed: Independent Flip,16893.2243,NA,52.44790000000000,54.40950000000000,0.29200000000000,46.15170000000001,47.7934,16841.0457,52.4706,52.1786,0.2920,45.5485,52.7818,49.2839,3.4979,-1.7697,16841.0457,NA,NA,NA
Stalker2-Win64-Shipping.exe,17996,0x4DE2B640,DXGI,0,0,1,Hardware Composed: Independent Flip,16946.9221,NA,53.69780000000000,51.22980000000000,0.25770000000000,45.31070000000000,45.3254,16893.5163,53.6635,53.4058,0.2577,45.8597,52.8568,48.5396,4.3172,1.2408,16893.5163,NA,NA,NA
Stalker2-Win64-Shipping.exe,17996,0x4DE2B640,DXGI,0,0,1,Hardware Composed: Independent Flip,16998.6480,NA,51.72590000000000,51.42900000000000,0.24610000000000,45.01310000000000,45.0285,16947.1798,51.7143,51.4682,0.2461,45.0530,51.4283,48.1347,3.2936,2.2345,16947.1798,NA,NA,NA
Stalker2-Win64-Shipping.exe,17996,0x4DE2B640,DXGI,0,0,1,Hardware Composed: Independent Flip,17051.9577,NA,53.30970000000000,52.80120000000000,0.28390000000000,44.49440000000000,44.5200,16998.8941,53.3475,53.0636,0.2839,44.7670,52.7910,48.0277,4.7633,-1.0869,16998.8941,NA,NA,NA
Stalker2-Win64-Shipping.exe,17996,0x4DE2B640,DXGI,0,0,1,Hardware Composed: Independent Flip,17104.5849,NA,52.62720000000000,54.56090000000000,0.27440000000000,45.65750000000000,46.4537,17052.2416,52.6177,52.3433,0.2744,44.2105,53.7903,49.3640,4.4263,-1.2134,17052.2416,NA,NA,NA
Stalker2-Win64-Shipping.exe,17996,0x4DE2B640,DXGI,0,0,1,Hardware Composed: Independent Flip,17157.6884,NA,53.10350000000000,52.59460000000000,0.27410000000000,45.61950000000000,45.9448,17104.8593,53.1032,52.8291,0.2741,45.3831,53.0655,48.8676,4.1979,0.0231,17104.8593,NA,NA,NA
Stalker2-Win64-Shipping.exe,17996,0x4DE2B640,DXGI,0,0,1,Hardware Composed: Independent Flip,17209.6430,NA,51.95460000000000,51.80470000000000,0.26960000000000,45.72970000000000,45.7949,17157.9625,51.9501,51.6805,0.2696,45.3454,52.0648,48.9298,3.1350,1.2985,17157.9625,NA,NA,NA
Stalker2-Win64-Shipping.exe,17996,0x4DE2B640,DXGI,0,0,1,Hardware Composed: Independent Flip,17262.8647,NA,53.22170000000001,52.96260000000000,0.28180000000000,45.50890000000000,45.5358,17209.9126,53.2339,52.9521,0.2818,45.4601,53.0009,48.8852,4.1157,-1.0125,17209.9126,NA,NA,NA
Stalker2-Win64-Shipping.exe,17996,0x4DE2B640,DXGI,0,0,1,Hardware Composed: Independent Flip,17314.8637,NA,51.99900000000000,52.44480000000000,0.27170000000000,45.73850000000000,45.9816,17263.1465,51.9889,51.7172,0.2717,45.2271,52.2286,48.9780,3.2506,0.7891,17263.1465,NA,NA,NA
Stalker2-Win64-Shipping.exe,17996,0x4DE2B640,DXGI,0,0,1,Hardware Composed: Independent Flip,17367.3616,NA,52.49790000000000,52.75710000000000,0.27440000000000,46.18040000000000,46.2408,17315.1354,52.5006,52.2262,0.2744,45.4668,52.9398,49.5008,3.4390,-0.7682,17315.1354,NA,NA,NA
Stalker2-Win64-Shipping.exe,17996,0x4DE2B640,DXGI,0,0,1,Hardware Composed: Independent Flip,17419.6946,NA,52.33300000000001,51.96190000000000,0.23780000000000,45.41160000000000,45.8697,17367.6360,52.2964,52.0586,0.2378,45.9060,51.5642,48.6833,2.8809,0.5387,17367.6360,NA,NA,NA
Stalker2-Win64-Shipping.exe,17996,0x4DE2B640,DXGI,0,0,1,Hardware Composed: Independent Flip,17472.2528,NA,52.55820000000000,52.09690000000001,0.26470000000000,45.38820000000000,45.4084,17419.9324,52.5851,52.3204,0.2647,45.1738,52.5348,49.1003,3.4345,0.1995,17419.9324,NA,NA,NA
Stalker2-Win64-Shipping.exe,17996,0x4DE2B640,DXGI,0,0,1,Hardware Composed: Independent Flip,17526.0137,NA,53.76090000000000,54.80560000000001,0.25490000000000,45.74600000000000,46.4531,17472.5175,53.7511,53.4962,0.2549,45.1235,54.1187,49.3812,4.7375,-2.2205,17472.5175,NA,NA,NA
Stalker2-Win64-Shipping.exe,17996,0x4DE2B640,DXGI,0,0,1,Hardware Composed: Independent Flip,17578.1390,NA,52.12530000000000,51.67340000000000,0.27290000000000,45.47480000000000,46.0012,17526.2686,52.1433,51.8704,0.2729,45.4911,51.8541,48.6493,3.2048,2.0777,17526.2686,NA,NA,NA
Stalker2-Win64-Shipping.exe,17996,0x4DE2B640,DXGI,0,0,1,Hardware Composed: Independent Flip,17630.2688,NA,52.12980000000000,51.13020000000000,0.27500000000000,44.98880000000000,45.0016,17578.4119,52.1319,51.8569,0.2750,45.2019,51.6438,48.2878,3.3560,1.0131,17578.4119,NA,NA,NA
Stalker2-Win64-Shipping.exe,17996,0x4DE2B640,DXGI,0,0,1,Hardware Composed: Independent Flip,17683.1876,NA,52.91880000000000,54.44370000000000,0.25930000000000,46.15700000000000,46.5265,17630.5438,52.9031,52.6438,0.2593,44.7138,54.0870,49.3555,4.7315,-2.3118,17630.5438,NA,NA,NA
Stalker2-Win64-Shipping.exe,17996,0x4DE2B640,DXGI,0,0,1,Hardware Composed: Independent Flip,17736.3803,NA,53.19270000000000,53.30970000000000,0.26980000000000,46.01260000000000,46.6435,17683.4469,53.2032,52.9334,0.2698,45.8977,53.0483,49.2588,3.7895,-0.4066,17683.4469,NA,NA,NA
Stalker2-Win64-Shipping.exe,17996,0x4DE2B640,DXGI,0,0,1,Hardware Composed: Independent Flip,17788.8500,NA,52.46970000000000,51.64770000000000,0.24900000000000,45.80500000000000,45.8215,17736.6501,52.4489,52.1999,0.2490,45.7428,52.2621,49.1710,3.0911,1.5555,17736.6501,NA,NA,NA
Stalker2-Win64-Shipping.exe,17996,0x4DE2B640,DXGI,0,0,1,Hardware Composed: Independent Flip,17841.5115,NA,52.66150000000000,52.36230000000000,0.23250000000000,45.50870000000000,45.5223,17789.0990,52.6450,52.4125,0.2325,45.5560,52.3652,49.4995,2.8657,0.0866,17789.0990,NA,NA,NA
Stalker2-Win64-Shipping.exe,17996,0x4DE2B640,DXGI,0,0,1,Hardware Composed: Independent Flip,17893.5389,NA,52.02740000000000,52.45620000000000,0.27020000000000,45.93160000000000,45.9511,17841.7440,52.0651,51.7949,0.2702,45.2762,52.4503,49.1208,3.3295,0.1888,17841.7440,NA,NA,NA
Stalker2-Win64-Shipping.exe,17996,0x4DE2B640,DXGI,0,0,1,Hardware Composed: Independent Flip,17946.3890,NA,52.85010000000000,52.30870000000000,0.28070000000000,45.37550000000000,45.4097,17893.8091,52.8606,52.5799,0.2807,45.6614,52.2940,48.6359,3.6581,-0.2436,17893.8091,NA,NA,NA
Stalker2-Win64-Shipping.exe,17996,0x4DE2B640,DXGI,0,0,1,Hardware Composed: Independent Flip,17999.9191,NA,53.53010000000000,54.95920000000000,0.28460000000000,46.81320000000000,46.8388,17946.6697,53.5340,53.2494,0.2846,45.0948,54.9678,50.1074,4.8604,-2.0986,17946.6697,NA,NA,NA
Stalker2-Win64-Shipping.exe,17996,0x4DE2B640,DXGI,0,0,1,Hardware Composed: Independent Flip,18052.7478,NA,52.82870000000000,52.74140000000001,0.29480000000000,45.58690000000000,46.7515,18000.2037,52.8389,52.5441,0.2948,46.5286,51.6024,48.8873,2.7151,0.7926,18000.2037,NA,NA,NA
Stalker2-Win64-Shipping.exe,17996,0x4DE2B640,DXGI,0,0,1,Hardware Composed: Independent Flip,18105.1943,NA,52.44650000000000,52.08900000000001,0.25970000000000,46.37500000000000,46.3940,18053.0426,52.4114,52.1517,0.2597,45.2921,53.2346,49.6160,3.6186,0.7499,18053.0426,NA,NA,NA
Stalker2-Win64-Shipping.exe,17996,0x4DE2B640,DXGI,0,0,1,Hardware Composed: Independent Flip,18158.0133,NA,52.81900000000000,52.26640000000000,0.25850000000000,44.79440000000000,45.8414,18105.4540,52.8178,52.5593,0.2585,46.1153,51.2384,48.3272,2.9112,0.1450,18105.4540,NA,NA,NA
Stalker2-Win64-Shipping.exe,17996,0x4DE2B640,DXGI,0,0,1,Hardware Composed: Independent Flip,18210.9693,NA,52.95600000000000,52.73290000000000,0.26090000000000,45.60460000000000,45.6183,18158.2718,52.9584,52.6975,0.2609,44.5359,53.7662,49.2545,4.5117,0.0849,18158.2718,NA,NA,NA
Stalker2-Win64-Shipping.exe,17996,0x4DE2B640,DXGI,0,0,1,Hardware Composed: Independent Flip,18264.5096,NA,53.54030000000000,54.82120000000000,0.25700000000000,45.32230000000001,46.8992,18211.2302,53.5364,53.2794,0.2570,45.3437,53.2580,48.6584,4.5996,-1.8628,18211.2302,NA,NA,NA
Stalker2-Win64-Shipping.exe,17996,0x4DE2B640,DXGI,0,0,1,Hardware Composed: Independent Flip,18317.9428,NA,53.43320000000000,51.78540000000000,0.33020000000000,45.23220000000000,45.2514,18264.7666,53.5064,53.1762,0.3302,45.0653,53.3431,49.0764,4.2667,1.7510,18264.7666,NA,NA,NA
Stalker2-Win64-Shipping.exe,17996,0x4DE2B640,DXGI,0,0,1,Hardware Composed: Independent Flip,18371.1586,NA,53.21580000000000,52.14390000000000,0.23670000000000,44.16350000000000,44.1795,18318.2730,53.1223,52.8856,0.2367,44.9020,52.1471,48.2369,3.9102,1.3625,18318.2730,NA,NA,NA
Stalker2-Win64-Shipping.exe,17996,0x4DE2B640,DXGI,0,0,1,Hardware Composed: Independent Flip,18423.7304,NA,52.57180000000000,53.80470000000000,0.26110000000000,45.39850000000001,45.4124,18371.3953,52.5962,52.3351,0.2611,43.9268,53.8068,48.8878,4.9190,-0.6824,18371.3953,NA,NA,NA
Stalker2-Win64-Shipping.exe,17996,0x4DE2B640,DXGI,0,0,1,Hardware Composed: Independent Flip,18477.4817,NA,53.75130000000000,54.75920000000000,0.27880000000000,45.55410000000001,46.4203,18423.9915,53.7690,53.4902,0.2788,45.1374,53.9069,48.9416,4.9653,-2.1630,18423.9915,NA,NA,NA
Stalker2-Win64-Shipping.exe,17996,0x4DE2B640,DXGI,0,0,1,Hardware Composed: Independent Flip,18531.1481,NA,53.66640000000000,51.82510000000000,0.28300000000000,44.56520000000000,44.5790,18477.7605,53.6706,53.3876,0.2830,45.2753,52.6775,47.9897,4.6878,1.9439,18477.7605,NA,NA,NA
Stalker2-Win64-Shipping.exe,17996,0x4DE2B640,DXGI,0,0,1,Hardware Composed: Independent Flip,18583.5017,NA,52.35360000000000,53.26750000000001,0.26590000000000,45.37090000000000,45.4929,18531.4311,52.3365,52.0706,0.2659,44.2822,53.1593,48.9110,4.2483,0.4031,18531.4311,NA,NA,NA
Stalker2-Win64-Shipping.exe,17996,0x4DE2B640,DXGI,0,0,1,Hardware Composed: Independent Flip,18636.1438,NA,52.64210000000000,54.79690000000000,0.24950000000000,46.89350000000000,47.6477,18583.7676,52.6257,52.3762,0.2495,45.1050,54.1647,50.0597,4.1050,-2.4604,18583.7676,NA,NA,NA
Stalker2-Win64-Shipping.exe,17996,0x4DE2B640,DXGI,0,0,1,Hardware Composed: Independent Flip,18688.7932,NA,52.64940000000000,51.06430000000000,0.26280000000000,45.75340000000000,46.0626,18636.3933,52.6627,52.3999,0.2628,46.6440,51.5093,48.9701,2.5392,1.5614,18636.3933,NA,NA,NA
Stalker2-Win64-Shipping.exe,17996,0x4DE2B640,DXGI,0,0,1,Hardware Composed: Independent Flip,18741.8273,NA,53.03410000000000,52.73000000000000,0.25580000000000,45.74440000000000,45.7585,18689.0560,53.0271,52.7713,0.2558,45.4906,53.0251,48.9646,4.0605,-0.0673,18689.0560,NA,NA,NA
Stalker2-Win64-Shipping.exe,17996,0x4DE2B640,DXGI,0,0,1,Hardware Composed: Independent Flip,18794.1130,NA,52.28570000000001,53.62610000000000,0.26310000000000,45.67220000000000,47.0989,18742.0831,52.2930,52.0299,0.2631,45.4886,52.2135,48.9678,3.2457,-0.5990,18742.0831,NA,NA,NA
Stalker2-Win64-Shipping.exe,17996,0x4DE2B640,DXGI,0,0,1,Hardware Composed: Independent Flip,18847.0025,NA,52.88950000000001,50.86290000000000,0.26560000000000,45.05610000000000,45.0723,18794.3761,52.8920,52.6264,0.2656,45.4091,52.2734,48.2856,3.9878,1.4301,18794.3761,NA,NA,NA
Stalker2-Win64-Shipping.exe,17996,0x4DE2B640,DXGI,0,0,1,Hardware Composed: Independent Flip,18900.3739,NA,53.37140000000000,54.27940000000000,0.25430000000000,45.78230000000000,45.9803,18847.2681,53.3601,53.1058,0.2543,44.7905,54.0976,49.0958,5.0018,-1.3874,18847.2681,NA,NA,NA
Stalker2-Win64-Shipping.exe,17996,0x4DE2B640,DXGI,0,0,1,Hardware Composed: Independent Flip,18953.0596,NA,52.68570000000000,52.88050000000000,0.27630000000000,45.46210000000000,46.1751,18900.6282,52.7077,52.4314,0.2763,45.5280,52.3655,48.5675,3.7980,0.4796,18900.6282,NA,NA,NA
Stalker2-Win64-Shipping.exe,17996,0x4DE2B640,DXGI,0,0,1,Hardware Composed: Independent Flip,19008.0020,NA,54.94240000000000,53.44530000000000,0.29480000000000,44.66330000000000,44.6780,18953.3359,54.9609,54.6661,0.2948,45.1858,54.1436,48.1107,6.0329,-0.7376,18953.3359,NA,NA,NA
Stalker2-Win64-Shipping.exe,17996,0x4DE2B640,DXGI,0,0,1,Hardware Composed: Independent Flip,19059.7487,NA,51.74670000000000,54.04270000000000,0.27410000000000,45.93180000000000,46.9740,19008.2968,51.7260,51.4519,0.2741,44.3685,53.0152,49.6135,3.4017,0.9182,19008.2968,NA,NA,NA
Stalker2-Win64-Shipping.exe,17996,0x4DE2B640,DXGI,0,0,1,Hardware Composed: Independent Flip,19113.0253,NA,53.27660000000000,51.60430000000000,0.28100000000000,45.28480000000000,45.3017,19060.0228,53.2835,53.0025,0.2810,45.6577,52.6296,48.5492,4.0804,0.1217,19060.0228,NA,NA,NA
Stalker2-Win64-Shipping.exe,17996,0x4DE2B640,DXGI,0,0,1,Hardware Composed: Independent Flip,19165.9161,NA,52.89080000000001,52.91400000000000,0.26440000000000,45.29580000000000,45.3249,19113.3063,52.8742,52.6098,0.2644,45.0038,52.9018,48.4736,4.4282,0.3695,19113.3063,NA,NA,NA
Stalker2-Win64-Shipping.exe,17996,0x4DE2B640,DXGI,0,0,1,Hardware Composed: Independent Flip,19219.6657,NA,53.74960000000000,53.96890000000000,0.28110000000000,45.35980000000000,45.5442,19166.1805,53.7663,53.4852,0.2811,45.0314,53.8136,48.6473,5.1663,-1.0947,19166.1805,NA,NA,NA
Stalker2-Win64-Shipping.exe,17996,0x4DE2B640,DXGI,0,0,1,Hardware Composed: Independent Flip,19271.5881,NA,51.92240000000000,53.77310000000000,0.27870000000000,47.03030000000000,47.3949,19219.9468,51.9200,51.6413,0.2787,45.0787,53.5929,50.2318,3.3611,-0.0068,19219.9468,NA,NA,NA
Stalker2-Win64-Shipping.exe,17996,0x4DE2B640,DXGI,0,0,1,Hardware Composed: Independent Flip,19324.6537,NA,53.06560000000000,51.78810000000000,0.27050000000000,46.10230000000000,46.1174,19271.8668,53.0574,52.7869,0.2705,46.7516,52.1376,49.3748,2.7628,0.1319,19271.8668,NA,NA,NA
Stalker2-Win64-Shipping.exe,17996,0x4DE2B640,DXGI,0,0,1,Hardware Composed: Independent Flip,19377.2974,NA,52.64370000000000,52.11400000000000,0.24730000000000,45.57200000000000,45.5877,19324.9242,52.6205,52.3732,0.2473,45.8318,52.1134,48.7956,3.3178,0.9434,19324.9242,NA,NA,NA
Stalker2-Win64-Shipping.exe,17996,0x4DE2B640,DXGI,0,0,1,Hardware Composed: Independent Flip,19430.1338,NA,52.83640000000000,52.38190000000000,0.25250000000000,44.80160000000000,45.1332,19377.5447,52.8416,52.5891,0.2525,45.3247,52.0660,48.6985,3.3675,0.2386,19377.5447,NA,NA,NA
Stalker2-Win64-Shipping.exe,17996,0x4DE2B640,DXGI,0,0,1,Hardware Composed: Independent Flip,19482.7909,NA,52.65710000000000,52.74930000000001,0.26970000000000,45.21240000000000,45.2254,19430.3863,52.6743,52.4046,0.2697,44.5491,53.0679,48.7211,4.3468,0.0923,19430.3863,NA,NA,NA
Stalker2-Win64-Shipping.exe,17996,0x4DE2B640,DXGI,0,0,1,Hardware Composed: Independent Flip,19536.3079,NA,53.51700000000000,54.24710000000000,0.30200000000000,45.39070000000000,45.9555,19483.0606,53.5493,53.2473,0.3020,44.9427,53.6953,48.6144,5.0809,-1.5728,19483.0606,NA,NA,NA
Stalker2-Win64-Shipping.exe,17996,0x4DE2B640,DXGI,0,0,1,Hardware Composed: Independent Flip,19590.1712,NA,53.86330000000000,53.69100000000000,0.28580000000000,45.51590000000000,45.7832,19536.6099,53.8471,53.5613,0.2858,45.0887,53.9885,48.8203,5.1682,-0.1417,19536.6099,NA,NA,NA
Stalker2-Win64-Shipping.exe,17996,0x4DE2B640,DXGI,0,0,1,Hardware Composed: Independent Flip,19643.3037,NA,53.13250000000000,53.14380000000001,0.28120000000000,45.71580000000000,45.7945,19590.4570,53.1279,52.8467,0.2812,45.2301,53.3324,48.8910,4.4414,0.7033,19590.4570,NA,NA,NA
Stalker2-Win64-Shipping.exe,17996,0x4DE2B640,DXGI,0,0,1,Hardware Composed: Independent Flip,19695.6999,NA,52.39620000000000,52.15880000000000,0.27000000000000,45.53690000000000,45.5571,19643.5849,52.3850,52.1150,0.2700,45.4346,52.2173,48.7117,3.5056,0.9691,19643.5849,NA,NA,NA
Stalker2-Win64-Shipping.exe,17996,0x4DE2B640,DXGI,0,0,1,Hardware Composed: Independent Flip,19748.2606,NA,52.56070000000000,52.27320000000000,0.27280000000000,45.25380000000001,45.2696,19695.9699,52.5635,52.2907,0.2728,45.2669,52.2776,48.3074,3.9702,0.1118,19695.9699,NA,NA,NA
Stalker2-Win64-Shipping.exe,17996,0x4DE2B640,DXGI,0,0,1,Hardware Composed: Independent Flip,19802.0096,NA,53.74900000000000,54.52270000000000,0.25590000000000,45.94260000000000,46.0433,19748.5334,53.7321,53.4762,0.2559,44.9810,54.4378,49.3088,5.1290,-1.9592,19748.5334,NA,NA,NA
Stalker2-Win64-Shipping.exe,17996,0x4DE2B640,DXGI,0,0,1,Hardware Composed: Independent Flip,19855.6235,NA,53.61390000000000,52.99020000000000,0.25350000000000,44.68240000000000,45.4196,19802.2655,53.6115,53.3580,0.2535,45.6867,52.3537,48.0477,4.3060,0.7419,19802.2655,NA,NA,NA
Stalker2-Win64-Shipping.exe,17996,0x4DE2B640,DXGI,0,0,1,Hardware Composed: Independent Flip,19906.8865,NA,51.26300000000001,52.80390000000001,0.26630000000000,46.94650000000000,46.9605,19855.8770,51.2758,51.0095,0.2663,44.4289,53.5271,50.3964,3.1307,0.8076,19855.8770,NA,NA,NA
Stalker2-Win64-Shipping.exe,17996,0x4DE2B640,DXGI,0,0,1,Hardware Composed: Independent Flip,19960.2757,NA,53.38920000000000,52.58040000000000,0.26200000000000,45.41080000000000,46.1517,19907.1528,53.3849,53.1229,0.2620,46.6802,51.8535,48.5985,3.2550,-1.3046,19907.1528,NA,NA,NA
Stalker2-Win64-Shipping.exe,17996,0x4DE2B640,DXGI,0,0,1,Hardware Composed: Independent Flip,20012.8916,NA,52.61590000000000,51.92670000000000,0.26840000000000,45.42190000000000,45.4625,19960.5377,52.6223,52.3539,0.2684,45.1488,52.6270,48.5911,4.0359,1.4582,19960.5377,NA,NA,NA
Stalker2-Win64-Shipping.exe,17996,0x4DE2B640,DXGI,0,0,1,Hardware Composed: Independent Flip,20065.4480,NA,52.55640000000000,53.32710000000000,0.27420000000000,45.66160000000000,46.2332,20013.1600,52.5622,52.2880,0.2742,45.1535,52.7961,48.7803,4.0158,-0.7048,20013.1600,NA,NA,NA
Stalker2-Win64-Shipping.exe,17996,0x4DE2B640,DXGI,0,0,1,Hardware Composed: Independent Flip,20118.0029,NA,52.55490000000000,52.13220000000000,0.25800000000000,45.79130000000000,45.8105,20065.7222,52.5387,52.2807,0.2580,45.3874,52.6846,48.9881,3.6965,0.4300,20065.7222,NA,NA,NA
Stalker2-Win64-Shipping.exe,17996,0x4DE2B640,DXGI,0,0,1,Hardware Composed: Independent Flip,20170.8989,NA,52.89600000000000,52.63050000000000,0.24860000000000,45.50550000000000,45.5450,20118.2609,52.8866,52.6380,0.2486,45.5333,52.6102,48.6075,4.0027,-0.0918,20118.2609,NA,NA,NA
Stalker2-Win64-Shipping.exe,17996,0x4DE2B640,DXGI,0,0,1,Hardware Composed: Independent Flip,20223.9827,NA,53.08380000000000,53.02020000000000,0.25950000000000,45.46160000000000,45.4814,20171.1475,53.0947,52.8352,0.2595,45.2569,53.0399,49.7957,3.2442,-0.1336,20171.1475,NA,NA,NA
Stalker2-Win64-Shipping.exe,17996,0x4DE2B640,DXGI,0,0,1,Hardware Composed: Independent Flip,20276.8769,NA,52.89420000000000,52.79230000000000,0.25740000000000,45.20370000000000,45.3795,20224.2422,52.8921,52.6347,0.2574,45.2021,52.6363,48.4237,4.2126,0.3024,20224.2422,NA,NA,NA
Stalker2-Win64-Shipping.exe,17996,0x4DE2B640,DXGI,0,0,1,Hardware Composed: Independent Flip,20329.9615,NA,53.08460000000000,52.93190000000001,0.25920000000000,45.21330000000000,45.2268,20277.1343,53.0864,52.8272,0.2592,44.9463,53.0942,48.5480,4.5462,-0.0398,20277.1343,NA,NA,NA
Stalker2-Win64-Shipping.exe,17996,0x4DE2B640,DXGI,0,0,1,Hardware Composed: Independent Flip,20383.3359,NA,53.37440000000000,54.17370000000000,0.26880000000000,45.77510000000000,46.0261,20330.2207,53.3840,53.1152,0.2688,44.9541,53.9362,48.8558,5.0804,-1.0873,20330.2207,NA,NA,NA
Stalker2-Win64-Shipping.exe,17996,0x4DE2B640,DXGI,0,0,1,Hardware Composed: Independent Flip,20436.4716,NA,53.13570000000000,53.22980000000000,0.26740000000000,45.66860000000000,46.1202,20383.6047,53.1343,52.8669,0.2674,45.5063,53.0292,48.9009,4.1283,0.1542,20383.6047,NA,NA,NA
Stalker2-Win64-Shipping.exe,17996,0x4DE2B640,DXGI,0,0,1,Hardware Composed: Independent Flip,20488.7176,NA,52.24600000000000,51.69620000000000,0.31210000000000,45.54920000000000,45.5704,20436.7390,52.2907,51.9786,0.3121,45.4012,52.1266,48.7380,3.3886,1.4381,20436.7390,NA,NA,NA
Stalker2-Win64-Shipping.exe,17996,0x4DE2B640,DXGI,0,0,1,Hardware Composed: Independent Flip,20541.4075,NA,52.68990000000000,54.15580000000000,0.29520000000000,47.02140000000000,47.0363,20489.0297,52.6730,52.3778,0.2952,45.2371,54.1621,50.1949,3.9672,-1.8651,20489.0297,NA,NA,NA
Stalker2-Win64-Shipping.exe,17996,0x4DE2B640,DXGI,0,0,1,Hardware Composed: Independent Flip,20594.3739,NA,52.96640000000000,51.95880000000000,0.24770000000000,45.08000000000001,46.0287,20541.7027,52.9189,52.6712,0.2477,46.7262,51.0250,49.0645,1.9605,0.7142,20541.7027,NA,NA,NA
Stalker2-Win64-Shipping.exe,17996,0x4DE2B640,DXGI,0,0,1,Hardware Composed: Independent Flip,20646.8757,NA,52.50180000000000,51.40470000000001,0.27540000000000,44.90260000000000,44.9316,20594.6216,52.5295,52.2541,0.2754,44.8323,52.3244,48.5428,3.7816,1.5142,20594.6216,NA,NA,NA
Stalker2-Win64-Shipping.exe,17996,0x4DE2B640,DXGI,0,0,1,Hardware Composed: Independent Flip,20699.9770,NA,53.10130000000000,55.39860000000000,0.24900000000000,46.21430000000000,47.2289,20647.1511,53.0749,52.8259,0.2490,44.6272,54.4130,49.6414,4.7716,-2.8691,20647.1511,NA,NA,NA
Stalker2-Win64-Shipping.exe,17996,0x4DE2B640,DXGI,0,0,1,Hardware Composed: Independent Flip,20753.2933,NA,53.31630000000001,51.81580000000000,0.26500000000000,45.24270000000000,45.7284,20700.2260,53.3323,53.0673,0.2650,45.9653,52.3447,48.4843,3.8604,1.2591,20700.2260,NA,NA,NA
Stalker2-Win64-Shipping.exe,17996,0x4DE2B640,DXGI,0,0,1,Hardware Composed: Independent Flip,20805.7427,NA,52.44940000000000,52.48440000000000,0.25850000000000,45.73460000000000,45.7634,20753.5583,52.4429,52.1844,0.2585,44.9777,52.9413,48.8805,4.0608,0.8479,20753.5583,NA,NA,NA
Stalker2-Win64-Shipping.exe,17996,0x4DE2B640,DXGI,0,0,1,Hardware Composed: Independent Flip,20858.7687,NA,53.02600000000000,53.64490000000000,0.30130000000000,45.51450000000001,46.3823,20806.0012,53.0688,52.7675,0.3013,45.4761,52.8059,48.6772,4.1287,-1.2020,20806.0012,NA,NA,NA
Stalker2-Win64-Shipping.exe,17996,0x4DE2B640,DXGI,0,0,1,Hardware Composed: Independent Flip,20911.7339,NA,52.96520000000000,52.30870000000000,0.27560000000000,45.69010000000000,45.7258,20859.0700,52.9395,52.6639,0.2756,45.2132,53.1408,49.0071,4.1337,0.7601,20859.0700,NA,NA,NA
Stalker2-Win64-Shipping.exe,17996,0x4DE2B640,DXGI,0,0,1,Hardware Composed: Independent Flip,20964.8047,NA,53.07080000000001,52.25010000000000,0.23750000000000,44.72200000000000,44.9051,20912.0095,53.0327,52.7952,0.2375,45.4145,52.1027,47.9786,4.1241,0.6894,20912.0095,NA,NA,NA
Stalker2-Win64-Shipping.exe,17996,0x4DE2B640,DXGI,0,0,1,Hardware Composed: Independent Flip,21019.2695,NA,54.46480000000000,54.73320000000000,0.26880000000000,45.15170000000001,45.1735,20965.0422,54.4961,54.2273,0.2688,44.4845,54.8945,48.8098,6.0847,-1.7005,20965.0422,NA,NA,NA
Stalker2-Win64-Shipping.exe,17996,0x4DE2B640,DXGI,0,0,1,Hardware Composed: Independent Flip,21071.9123,NA,52.64280000000000,53.50630000000000,0.25120000000000,44.58880000000000,46.0370,21019.5383,52.6252,52.3740,0.2512,44.8829,52.0799,48.3128,3.7671,0.9898,21019.5383,NA,NA,NA
Stalker2-Win64-Shipping.exe,17996,0x4DE2B640,DXGI,0,0,1,Hardware Composed: Independent Flip,21122.9848,NA,51.07250000000001,50.02610000000000,0.25080000000000,44.93700000000000,44.9906,21072.1635,51.0721,50.8213,0.2508,44.3376,51.4207,48.6569,2.7638,2.5991,21072.1635,NA,NA,NA
Stalker2-Win64-Shipping.exe,17996,0x4DE2B640,DXGI,0,0,1,Hardware Composed: Independent Flip,21176.2652,NA,53.28040000000000,54.99050000000000,0.27480000000000,46.63970000000000,46.7007,21123.2356,53.3044,53.0296,0.2748,44.6862,54.9831,50.1376,4.8455,-3.9184,21123.2356,NA,NA,NA
Stalker2-Win64-Shipping.exe,17996,0x4DE2B640,DXGI,0,0,1,Hardware Composed: Independent Flip,21228.8907,NA,52.62550000000000,52.52780000000000,0.24660000000000,45.33860000000000,46.6030,21176.5400,52.5973,52.3507,0.2466,46.3649,51.3244,48.5083,2.8161,0.7766,21176.5400,NA,NA,NA
Stalker2-Win64-Shipping.exe,17996,0x4DE2B640,DXGI,0,0,1,Hardware Composed: Independent Flip,21281.4614,NA,52.57070000000000,51.69030000000000,0.28930000000000,45.69420000000000,45.7226,21229.1373,52.6134,52.3241,0.2893,45.0920,52.9263,48.7236,4.2027,0.9070,21229.1373,NA,NA,NA
Stalker2-Win64-Shipping.exe,17996,0x4DE2B640,DXGI,0,0,1,Hardware Composed: Independent Flip,21333.5848,NA,52.12340000000000,52.55730000000001,0.28560000000000,45.02230000000000,46.1565,21281.7507,52.1197,51.8341,0.2856,45.4049,51.4515,48.2461,3.2054,0.0561,21281.7507,NA,NA,NA
Stalker2-Win64-Shipping.exe,17996,0x4DE2B640,DXGI,0,0,1,Hardware Composed: Independent Flip,21385.8219,NA,52.23710000000001,50.77310000000000,0.22360000000000,44.67020000000000,44.6925,21333.8704,52.1751,51.9515,0.2236,44.7367,51.8850,47.9351,3.9499,1.3466,21333.8704,NA,NA,NA
Stalker2-Win64-Shipping.exe,17996,0x4DE2B640,DXGI,0,0,1,Hardware Composed: Independent Flip,21438.0765,NA,52.25460000000000,52.34550000000000,0.26290000000000,44.34290000000000,44.7834,21386.0455,52.2939,52.0310,0.2629,44.4466,51.9273,47.8119,4.1154,-0.1704,21386.0455,NA,NA,NA
Stalker2-Win64-Shipping.exe,17996,0x4DE2B640,DXGI,0,0,1,Hardware Composed: Independent Flip,21490.8517,NA,52.77520000000001,53.07050000000000,0.26430000000000,45.06420000000000,45.0787,21438.3394,52.7766,52.5123,0.2643,44.0800,53.4965,48.6918,4.8047,-0.7766,21438.3394,NA,NA,NA
Stalker2-Win64-Shipping.exe,17996,0x4DE2B640,DXGI,0,0,1,Hardware Composed: Independent Flip,21544.2739,NA,53.42220000000000,54.00810000000001,0.25780000000000,44.93650000000000,45.6646,21491.1160,53.4157,53.1579,0.2578,44.7999,53.2945,48.4327,4.8618,-1.2315,21491.1160,NA,NA,NA
Stalker2-Win64-Shipping.exe,17996,0x4DE2B640,DXGI,0,0,1,Hardware Composed: Independent Flip,21595.8938,NA,51.61990000000000,51.55960000000000,0.27310000000000,45.59070000000001,45.6043,21544.5317,51.6352,51.3621,0.2731,44.6787,52.2741,49.3777,2.8964,1.8561,21544.5317,NA,NA,NA
Stalker2-Win64-Shipping.exe,17996,0x4DE2B640,DXGI,0,0,1,Hardware Composed: Independent Flip,21647.8115,NA,51.91770000000000,51.62940000000000,0.26650000000000,45.29150000000000,45.3160,21596.1669,51.9111,51.6446,0.2665,45.3176,51.6185,48.4437,3.1748,0.0058,21596.1669,NA,NA,NA
Stalker2-Win64-Shipping.exe,17996,0x4DE2B640,DXGI,0,0,1,Hardware Composed: Independent Flip,21700.2756,NA,52.46410000000000,52.97070000000000,0.24610000000000,45.66000000000000,45.8226,21648.0780,52.4437,52.1976,0.2461,45.0250,52.8326,48.9140,3.9186,-1.0596,21648.0780,NA,NA,NA
Stalker2-Win64-Shipping.exe,17996,0x4DE2B640,DXGI,0,0,1,Hardware Composed: Independent Flip,21751.7975,NA,51.52190000000000,50.92650000000000,0.27230000000000,44.99970000000000,45.2272,21700.5217,51.5481,51.2758,0.2723,45.4139,50.8616,48.2588,2.6028,1.5172,21700.5217,NA,NA,NA
Stalker2-Win64-Shipping.exe,17996,0x4DE2B640,DXGI,0,0,1,Hardware Composed: Independent Flip,21805.1636,NA,53.36610000000000,54.30650000000000,0.27140000000000,46.14510000000000,46.1676,21752.0698,53.3652,53.0938,0.2714,44.7274,54.5115,49.3639,5.1476,-2.7584,21752.0698,NA,NA,NA
Stalker2-Win64-Shipping.exe,17996,0x4DE2B640,DXGI,0,0,1,Hardware Composed: Independent Flip,21856.6171,NA,51.45350000000001,52.56020000000000,0.24470000000000,45.28400000000000,47.2743,21805.4350,51.4268,51.1821,0.2447,45.8737,50.5924,48.8633,1.7291,0.8050,21805.4350,NA,NA,NA
Stalker2-Win64-Shipping.exe,17996,0x4DE2B640,DXGI,0,0,1,Hardware Composed: Independent Flip,21908.2517,NA,51.63460000000000,49.34820000000001,0.28690000000000,44.97200000000000,44.9879,21856.8618,51.6768,51.3899,0.2869,45.0393,51.3226,48.1954,3.1272,2.0786,21856.8618,NA,NA,NA
Stalker2-Win64-Shipping.exe,17996,0x4DE2B640,DXGI,0,0,1,Hardware Composed: Independent Flip,21960.8158,NA,52.56410000000000,53.68780000000000,0.27390000000000,45.37220000000000,46.1116,21908.5386,52.5511,52.2772,0.2739,44.6851,52.9643,48.5421,4.4222,-2.0110,21908.5386,NA,NA,NA
Stalker2-Win64-Shipping.exe,17996,0x4DE2B640,DXGI,0,0,1,Hardware Composed: Independent Flip,22014.2324,NA,53.41660000000000,52.83200000000000,0.26480000000000,45.29230000000000,45.5270,21961.0897,53.4075,53.1427,0.2648,45.0983,53.3367,48.9339,4.4028,-0.2809,21961.0897,NA,NA,NA
Stalker2-Win64-Shipping.exe,17996,0x4DE2B640,DXGI,0,0,1,Hardware Composed: Independent Flip,22065.6102,NA,51.37780000000000,51.23390000000001,0.26250000000000,45.28220000000000,45.3831,22014.4972,51.3755,51.1130,0.2625,45.0275,51.3677,48.4964,2.8713,2.1736,22014.4972,NA,NA,NA
Stalker2-Win64-Shipping.exe,17996,0x4DE2B640,DXGI,0,0,1,Hardware Composed: Independent Flip,22118.6422,NA,53.03200000000000,53.76410000000000,0.29880000000000,46.08680000000000,46.1152,22065.8727,53.0683,52.7695,0.2988,45.0197,53.8366,49.5395,4.2971,-2.3886,22065.8727,NA,NA,NA
Stalker2-Win64-Shipping.exe,17996,0x4DE2B640,DXGI,0,0,1,Hardware Composed: Independent Flip,22171.0316,NA,52.38940000000000,52.94890000000000,0.27610000000000,45.15620000000001,46.6747,22118.9410,52.3667,52.0906,0.2761,45.7880,51.4588,48.3767,3.0821,0.1194,22118.9410,NA,NA,NA
Stalker2-Win64-Shipping.exe,17996,0x4DE2B640,DXGI,0,0,1,Hardware Composed: Independent Flip,22225.0203,NA,53.98870000000000,52.16610000000000,0.31350000000000,44.79950000000000,44.8521,22171.3077,54.0261,53.7126,0.3135,44.8801,53.6320,48.1387,5.4933,0.2006,22171.3077,NA,NA,NA
Stalker2-Win64-Shipping.exe,17996,0x4DE2B640,DXGI,0,0,1,Hardware Composed: Independent Flip,22276.1594,NA,51.13910000000000,52.33260000000000,0.26270000000000,44.80670000000000,46.0456,22225.3338,51.0883,50.8256,0.2627,44.4860,51.1463,48.8604,2.2859,1.6935,22225.3338,NA,NA,NA
Stalker2-Win64-Shipping.exe,17996,0x4DE2B640,DXGI,0,0,1,Hardware Composed: Independent Flip,22328.7139,NA,52.55450000000000,51.62950000000000,0.25580000000000,45.10540000000000,45.1206,22276.4221,52.5476,52.2918,0.2558,44.5440,52.8532,48.8860,3.9672,-0.5412,22276.4221,NA,NA,NA
Stalker2-Win64-Shipping.exe,17996,0x4DE2B640,DXGI,0,0,1,Hardware Composed: Independent Flip,22381.4553,NA,52.74140000000001,54.35390000000000,0.26440000000000,45.68460000000000,46.7331,22328.9697,52.7500,52.4856,0.2644,44.8496,53.3206,49.1519,4.1687,-1.8063,22328.9697,NA,NA,NA
Stalker2-Win64-Shipping.exe,17996,0x4DE2B640,DXGI,0,0,1,Hardware Composed: Independent Flip,22433.8390,NA,52.38370000000000,52.61380000000000,0.25520000000000,46.90190000000000,46.9632,22381.7197,52.3745,52.1193,0.2552,45.4202,53.6010,50.2424,3.3586,0.1362,22381.7197,NA,NA,NA
Stalker2-Win64-Shipping.exe,17996,0x4DE2B640,DXGI,0,0,1,Hardware Composed: Independent Flip,22486.5901,NA,52.75110000000000,50.76430000000001,0.30210000000000,44.91300000000000,44.9764,22434.0942,52.7980,52.4959,0.3021,46.6467,50.7622,48.1179,2.6443,1.6102,22434.0942,NA,NA,NA
Stalker2-Win64-Shipping.exe,17996,0x4DE2B640,DXGI,0,0,1,Hardware Composed: Independent Flip,22539.2597,NA,52.66960000000000,53.17960000000000,0.26400000000000,45.44560000000000,45.4864,22486.8922,52.6315,52.3675,0.2640,44.6109,53.2022,48.6181,4.5841,-0.3816,22486.8922,NA,NA,NA
Stalker2-Win64-Shipping.exe,17996,0x4DE2B640,DXGI,0,0,1,Hardware Composed: Independent Flip,22591.0994,NA,51.83970000000000,53.47030000000000,0.27640000000000,45.66600000000000,47.1170,22539.5237,51.8521,51.5757,0.2764,45.1816,52.0601,48.8314,3.2287,-0.8388,22539.5237,NA,NA,NA
Stalker2-Win64-Shipping.exe,17996,0x4DE2B640,DXGI,0,0,1,Hardware Composed: Independent Flip,22643.1361,NA,52.03670000000000,50.47340000000001,0.26410000000000,45.51480000000000,45.5537,22591.3758,52.0244,51.7603,0.2641,45.3896,51.8855,48.6323,3.2532,1.3787,22591.3758,NA,NA,NA
Stalker2-Win64-Shipping.exe,17996,0x4DE2B640,DXGI,0,0,1,Hardware Composed: Independent Flip,22697.3210,NA,54.18490000000001,53.98230000000000,0.24170000000000,45.33660000000000,45.3511,22643.4002,54.1625,53.9208,0.2417,45.2507,54.0067,49.3350,4.6717,-1.9579,22643.4002,NA,NA,NA
Stalker2-Win64-Shipping.exe,17996,0x4DE2B640,DXGI,0,0,1,Hardware Composed: Independent Flip,22750.1933,NA,52.87230000000000,54.67280000000000,0.25640000000000,46.22660000000000,47.1516,22697.5627,52.8870,52.6306,0.2564,45.0949,53.7623,50.1023,3.6600,-0.5103,22697.5627,NA,NA,NA
Stalker2-Win64-Shipping.exe,17996,0x4DE2B640,DXGI,0,0,1,Hardware Composed: Independent Flip,22802.2362,NA,52.04290000000000,50.40350000000000,0.27180000000000,45.49340000000000,45.5122,22750.4497,52.0583,51.7865,0.2718,45.9702,51.3097,48.6922,2.6175,2.4835,22750.4497,NA,NA,NA
Stalker2-Win64-Shipping.exe,17996,0x4DE2B640,DXGI,0,0,1,Hardware Composed: Independent Flip,22855.0186,NA,52.78240000000000,52.83190000000000,0.27110000000000,45.54840000000000,45.5617,22802.5080,52.7817,52.5106,0.2711,45.2216,52.8374,48.7018,4.1356,-0.7736,22802.5080,NA,NA,NA
Stalker2-Win64-Shipping.exe,17996,0x4DE2B640,DXGI,0,0,1,Hardware Composed: Independent Flip,22907.0182,NA,51.99960000000000,53.61480000000000,0.28230000000000,45.68330000000000,47.1769,22855.2897,52.0108,51.7285,0.2823,45.2773,52.1345,48.9690,3.1655,-0.8331,22855.2897,NA,NA,NA
Stalker2-Win64-Shipping.exe,17996,0x4DE2B640,DXGI,0,0,1,Hardware Composed: Independent Flip,22960.2524,NA,53.23420000000000,51.39950000000000,0.29950000000000,45.27750000000000,45.3422,22907.3005,53.2514,52.9519,0.2995,45.4010,52.8284,48.5061,4.3223,0.6113,22907.3005,NA,NA,NA
Stalker2-Win64-Shipping.exe,17996,0x4DE2B640,DXGI,0,0,1,Hardware Composed: Independent Flip,23012.6206,NA,52.36820000000000,52.79180000000000,0.26750000000000,45.31520000000000,45.7658,22960.5519,52.3362,52.0687,0.2675,44.9780,52.4059,48.5056,3.9003,0.4596,22960.5519,NA,NA,NA
Stalker2-Win64-Shipping.exe,17996,0x4DE2B640,DXGI,0,0,1,Hardware Composed: Independent Flip,23066.0858,NA,53.46520000000000,53.44080000000000,0.26500000000000,45.72280000000000,45.7414,23012.8881,53.4627,53.1977,0.2650,45.0477,53.8728,49.0973,4.7755,-1.1046,23012.8881,NA,NA,NA
Stalker2-Win64-Shipping.exe,17996,0x4DE2B640,DXGI,0,0,1,Hardware Composed: Independent Flip,23118.7087,NA,52.62290000000000,52.58480000000000,0.24710000000000,44.96850000000000,45.7033,23066.3508,52.6050,52.3579,0.2471,45.4578,51.8686,48.7493,3.1193,0.8779,23066.3508,NA,NA,NA
Stalker2-Win64-Shipping.exe,17996,0x4DE2B640,DXGI,0,0,1,Hardware Composed: Independent Flip,23172.0383,NA,53.32960000000000,53.36250000000000,0.26400000000000,45.71630000000000,45.7362,23118.9558,53.3465,53.0825,0.2640,44.7214,54.0774,49.3144,4.7630,-0.7575,23118.9558,NA,NA,NA
Stalker2-Win64-Shipping.exe,17996,0x4DE2B640,DXGI,0,0,1,Hardware Composed: Independent Flip,23224.7515,NA,52.71320000000000,53.60740000000001,0.26670000000000,45.45860000000000,46.6304,23172.3023,52.7159,52.4492,0.2667,45.4523,52.4555,48.6482,3.8073,-0.2609,23172.3023,NA,NA,NA
Stalker2-Win64-Shipping.exe,17996,0x4DE2B640,DXGI,0,0,1,Hardware Composed: Independent Flip,23277.5209,NA,52.76940000000000,51.26860000000000,0.26810000000000,45.11160000000000,45.1296,23225.0182,52.7708,52.5027,0.2681,45.1919,52.4224,48.3627,4.0597,1.4473,23225.0182,NA,NA,NA
Stalker2-Win64-Shipping.exe,17996,0x4DE2B640,DXGI,0,0,1,Hardware Composed: Independent Flip,23330.2735,NA,52.75260000000000,53.29770000000001,0.27720000000000,45.38780000000001,45.6747,23277.7890,52.7617,52.4845,0.2772,44.8435,53.0288,48.5515,4.4773,-0.5269,23277.7890,NA,NA,NA
Stalker2-Win64-Shipping.exe,17996,0x4DE2B640,DXGI,0,0,1,Hardware Composed: Independent Flip,23382.5384,NA,52.26490000000000,52.39610000000000,0.28420000000000,45.64970000000000,45.8059,23330.5507,52.2719,51.9877,0.2842,45.1106,52.5268,48.9026,3.6242,0.3656,23330.5507,NA,NA,NA
Stalker2-Win64-Shipping.exe,17996,0x4DE2B640,DXGI,0,0,1,Hardware Composed: Independent Flip,23435.6275,NA,53.08910000000000,52.21800000000000,0.27910000000000,44.92030000000000,44.9348,23382.8226,53.0840,52.8049,0.2791,45.3655,52.3597,48.2427,4.1170,0.0539,23382.8226,NA,NA,NA
Stalker2-Win64-Shipping.exe,17996,0x4DE2B640,DXGI,0,0,1,Hardware Composed: Independent Flip,23489.0225,NA,53.39500000000000,53.48730000000000,0.26260000000000,45.01460000000000,45.0271,23435.9066,53.3785,53.1159,0.2626,44.6412,53.4893,48.5377,4.9516,-0.4033,23435.9066,NA,NA,NA
Stalker2-Win64-Shipping.exe,17996,0x4DE2B640,DXGI,0,0,1,Hardware Composed: Independent Flip,23540.7500,NA,51.72750000000000,51.79470000000001,0.24260000000000,44.68990000000000,45.0943,23489.2851,51.7075,51.4649,0.2426,44.7520,51.4028,48.3122,3.0906,1.5838,23489.2851,NA,NA,NA
Stalker2-Win64-Shipping.exe,17996,0x4DE2B640,DXGI,0,0,1,Hardware Composed: Independent Flip,23593.8327,NA,53.08270000000000,53.21600000000000,0.26000000000000,45.21400000000000,45.2276,23540.9926,53.1001,52.8401,0.2600,44.4473,53.6068,48.8098,4.7970,-1.5085,23540.9926,NA,NA,NA
Stalker2-Win64-Shipping.exe,17996,0x4DE2B640,DXGI,0,0,1,Hardware Composed: Independent Flip,23645.5894,NA,51.75670000000000,53.17810000000000,0.26700000000000,45.36570000000000,46.6490,23594.0927,51.7637,51.4967,0.2670,44.9540,51.9084,48.5643,3.3441,-0.0780,23594.0927,NA,NA,NA
Stalker2-Win64-Shipping.exe,17996,0x4DE2B640,DXGI,0,0,1,Hardware Composed: Independent Flip,23697.9023,NA,52.31290000000000,53.00260000000000,0.26660000000000,47.32280000000000,47.3387,23645.8564,52.3125,52.0459,0.2666,45.0987,54.2700,50.5619,3.7081,-1.2389,23645.8564,NA,NA,NA
Stalker2-Win64-Shipping.exe,17996,0x4DE2B640,DXGI,0,0,1,Hardware Composed: Independent Flip,23750.5549,NA,52.65260000000000,52.00590000000000,0.27560000000000,45.43770000000000,46.6920,23698.1689,52.6616,52.3860,0.2756,47.0562,50.7675,48.6832,2.0843,0.3066,23698.1689,NA,NA,NA
Stalker2-Win64-Shipping.exe,17996,0x4DE2B640,DXGI,0,0,1,Hardware Composed: Independent Flip,23802.7933,NA,52.23840000000001,51.41250000000000,0.28650000000000,45.83920000000001,45.8661,23750.8305,52.2493,51.9628,0.2865,45.1621,52.6399,49.1846,3.4553,1.2491,23750.8305,NA,NA,NA
Stalker2-Win64-Shipping.exe,17996,0x4DE2B640,DXGI,0,0,1,Hardware Composed: Independent Flip,23854.2580,NA,51.46470000000000,52.54780000000000,0.26200000000000,45.69340000000000,46.9492,23803.0798,51.4402,51.1782,0.2620,45.5527,51.3189,48.8559,2.4630,-0.2985,23803.0798,NA,NA,NA
Stalker2-Win64-Shipping.exe,17996,0x4DE2B640,DXGI,0,0,1,Hardware Composed: Independent Flip,23907.4364,NA,53.17840000000000,50.96350000000000,0.25660000000000,44.71080000000000,44.7343,23854.5200,53.1730,52.9164,0.2566,45.4314,52.1958,48.0279,4.1679,0.4767,23854.5200,NA,NA,NA
Stalker2-Win64-Shipping.exe,17996,0x4DE2B640,DXGI,0,0,1,Hardware Composed: Independent Flip,23960.1002,NA,52.66380000000000,53.95620000000000,0.30090000000000,45.41110000000000,46.0267,23907.6930,52.7081,52.4072,0.3009,44.4542,53.3641,48.9781,4.3860,-0.7832,23907.6930,NA,NA,NA
Stalker2-Win64-Shipping.exe,17996,0x4DE2B640,DXGI,0,0,1,Hardware Composed: Independent Flip,24012.5643,NA,52.46410000000000,52.10550000000000,0.25340000000000,45.34150000000000,45.6681,23960.4011,52.4166,52.1632,0.2534,45.1102,52.3945,48.6060,3.7885,0.6026,23960.4011,NA,NA,NA
Stalker2-Win64-Shipping.exe,17996,0x4DE2B640,DXGI,0,0,1,Hardware Composed: Independent Flip,24065.3216,NA,52.75730000000000,52.45090000000000,0.28460000000000,45.34380000000000,45.3617,24012.8177,52.7885,52.5039,0.2846,45.0881,52.7596,48.5434,4.2162,-0.0343,24012.8177,NA,NA,NA
Stalker2-Win64-Shipping.exe,17996,0x4DE2B640,DXGI,0,0,1,Hardware Composed: Independent Flip,24117.8913,NA,52.56970000000000,53.20100000000000,0.25090000000000,45.49340000000000,45.9930,24065.6062,52.5360,52.2851,0.2509,45.0592,52.7193,49.1530,3.5663,-0.4125,24065.6062,NA,NA,NA
Stalker2-Win64-Shipping.exe,17996,0x4DE2B640,DXGI,0,0,1,Hardware Composed: Independent Flip,24170.4820,NA,52.59070000000001,52.19030000000000,0.27580000000000,45.57490000000000,45.5926,24118.1422,52.6156,52.3398,0.2758,45.2425,52.6722,48.7524,3.9198,0.3457,24118.1422,NA,NA,NA
Stalker2-Win64-Shipping.exe,17996,0x4DE2B640,DXGI,0,0,1,Hardware Composed: Independent Flip,24222.7500,NA,52.26800000000000,51.40440000000000,0.26820000000000,44.67690000000000,44.7290,24170.7578,52.2604,51.9922,0.2682,45.2991,51.3700,47.9533,3.4167,1.2112,24170.7578,NA,NA,NA
Stalker2-Win64-Shipping.exe,17996,0x4DE2B640,DXGI,0,0,1,Hardware Composed: Independent Flip,24276.9456,NA,54.19560000000001,55.35870000000001,0.25850000000000,45.87680000000000,45.8921,24223.0182,54.1859,53.9274,0.2585,44.4087,55.3955,49.2305,6.1650,-3.0983,24223.0182,NA,NA,NA
Stalker2-Win64-Shipping.exe,17996,0x4DE2B640,DXGI,0,0,1,Hardware Composed: Independent Flip,24327.5936,NA,50.64800000000000,53.05210000000000,0.24890000000000,46.25690000000000,48.2962,24277.2041,50.6384,50.3895,0.2489,45.6183,51.0281,50.1314,0.8967,1.1338,24277.2041,NA,NA,NA
Stalker2-Win64-Shipping.exe,17996,0x4DE2B640,DXGI,0,0,1,Hardware Composed: Independent Flip,24380.1818,NA,52.58820000000000,50.34720000000000,0.24790000000000,46.03610000000000,46.0552,24327.8425,52.5872,52.3393,0.2479,46.0080,52.3674,49.6988,2.6686,0.2912,24327.8425,NA,NA,NA
Stalker2-Win64-Shipping.exe,17996,0x4DE2B640,DXGI,0,0,1,Hardware Composed: Independent Flip,24432.9495,NA,52.76770000000000,52.94320000000000,0.25960000000000,45.34520000000001,46.2307,24380.4297,52.7794,52.5198,0.2596,45.7882,52.0768,48.5577,3.5191,-0.3560,24380.4297,NA,NA,NA
Stalker2-Win64-Shipping.exe,17996,0x4DE2B640,DXGI,0,0,1,Hardware Composed: Independent Flip,24484.8336,NA,51.88410000000000,50.83610000000000,0.27480000000000,45.16920000000000,45.1827,24433.2091,51.8993,51.6245,0.2748,45.0856,51.7081,48.4103,3.2978,1.9433,24433.2091,NA,NA,NA
Stalker2-Win64-Shipping.exe,17996,0x4DE2B640,DXGI,0,0,1,Hardware Composed: Independent Flip,24537.7507,NA,52.91710000000000,53.26320000000000,0.27640000000000,45.50810000000000,45.5288,24485.1084,52.9187,52.6423,0.2764,44.8944,53.2560,48.8840,4.3720,-1.3639,24485.1084,NA,NA,NA
Stalker2-Win64-Shipping.exe,17996,0x4DE2B640,DXGI,0,0,1,Hardware Composed: Independent Flip,24590.2096,NA,52.45890000000000,53.28310000000000,0.24690000000000,45.67670000000000,46.3530,24538.0271,52.4294,52.1825,0.2469,45.2317,52.6275,48.8557,3.7718,-0.3644,24538.0271,NA,NA,NA
Stalker2-Win64-Shipping.exe,17996,0x4DE2B640,DXGI,0,0,1,Hardware Composed: Independent Flip,24643.1070,NA,52.89740000000000,52.14510000000000,0.28050000000000,45.57950000000000,45.6007,24590.4565,52.9310,52.6505,0.2805,45.4298,52.8002,48.9268,3.8734,0.2843,24590.4565,NA,NA,NA
Stalker2-Win64-Shipping.exe,17996,0x4DE2B640,DXGI,0,0,1,Hardware Composed: Independent Flip,24695.9462,NA,52.83920000000001,52.56040000000000,0.33530000000000,45.24410000000000,45.3219,24643.3875,52.8940,52.5587,0.3353,45.2990,52.5038,48.5234,3.9804,0.3706,24643.3875,NA,NA,NA
Stalker2-Win64-Shipping.exe,17996,0x4DE2B640,DXGI,0,0,1,Hardware Composed: Independent Flip,24748.7531,NA,52.80690000000001,52.74910000000001,0.25350000000000,45.25070000000000,45.2641,24696.2815,52.7251,52.4716,0.2535,44.9088,52.8135,48.6402,4.1733,0.1449,24696.2815,NA,NA,NA
Stalker2-Win64-Shipping.exe,17996,0x4DE2B640,DXGI,0,0,1,Hardware Composed: Independent Flip,24802.0207,NA,53.26760000000000,53.74170000000000,0.28410000000000,45.59920000000000,45.7382,24749.0066,53.2982,53.0141,0.2841,44.9972,53.6161,48.9447,4.6714,-1.0166,24749.0066,NA,NA,NA
Stalker2-Win64-Shipping.exe,17996,0x4DE2B640,DXGI,0,0,1,Hardware Composed: Independent Flip,24854.7384,NA,52.71770000000000,52.25600000000000,0.24610000000000,44.85190000000000,45.2765,24802.3048,52.6797,52.4336,0.2461,45.3151,51.9704,48.5126,3.4578,1.0422,24802.3048,NA,NA,NA
Stalker2-Win64-Shipping.exe,17996,0x4DE2B640,DXGI,0,0,1,Hardware Composed: Independent Flip,24907.0028,NA,52.26440000000000,52.90850000000000,0.26420000000000,45.90590000000000,45.9206,24854.9845,52.2825,52.0183,0.2642,44.6058,53.3184,49.6107,3.7077,-0.2288,24854.9845,NA,NA,NA
Stalker2-Win64-Shipping.exe,17996,0x4DE2B640,DXGI,0,0,1,Hardware Composed: Independent Flip,24959.7015,NA,52.69870000000000,54.41850000000000,0.29830000000000,46.81850000000000,47.6404,24907.2670,52.7328,52.4345,0.2983,45.6417,53.6113,50.0260,3.5853,-2.1360,24907.2670,NA,NA,NA
Stalker2-Win64-Shipping.exe,17996,0x4DE2B640,DXGI,0,0,1,Hardware Composed: Independent Flip,25012.3383,NA,52.63680000000000,50.90050000000000,0.25830000000000,45.88140000000000,45.9041,24959.9998,52.5968,52.3385,0.2583,46.5202,51.6997,49.0733,2.6264,1.8323,24959.9998,NA,NA,NA
Stalker2-Win64-Shipping.exe,17996,0x4DE2B640,DXGI,0,0,1,Hardware Composed: Independent Flip,25065.2464,NA,52.90810000000000,52.52750000000000,0.27720000000000,45.50630000000000,45.5235,25012.5966,52.9270,52.6498,0.2772,45.6231,52.5330,48.6227,3.9103,0.0693,25012.5966,NA,NA,NA
Stalker2-Win64-Shipping.exe,17996,0x4DE2B640,DXGI,0,0,1,Hardware Composed: Independent Flip,25117.2459,NA,51.99950000000000,53.35020000000000,0.26060000000000,45.88890000000000,46.8742,25065.5236,51.9829,51.7223,0.2606,45.2291,52.3821,48.9996,3.3825,-0.4232,25065.5236,NA,NA,NA
Stalker2-Win64-Shipping.exe,17996,0x4DE2B640,DXGI,0,0,1,Hardware Composed: Independent Flip,25169.8310,NA,52.58510000000000,50.54880000000000,0.26180000000000,44.81940000000000,44.8379,25117.5065,52.5863,52.3245,0.2618,45.6283,51.5156,48.7730,2.7426,1.4341,25117.5065,NA,NA,NA
Stalker2-Win64-Shipping.exe,17996,0x4DE2B640,DXGI,0,0,1,Hardware Composed: Independent Flip,25223.0068,NA,53.17580000000000,53.77850000000000,0.26600000000000,45.42580000000000,45.4406,25170.0928,53.1800,52.9140,0.2660,44.5576,53.7822,48.8034,4.9788,-1.1922,25170.0928,NA,NA,NA
Stalker2-Win64-Shipping.exe,17996,0x4DE2B640,DXGI,0,0,1,Hardware Composed: Independent Flip,25276.8587,NA,53.85190000000000,54.58180000000000,0.26500000000000,45.00590000000000,46.1705,25223.2728,53.8509,53.5859,0.2650,45.1598,53.4320,48.6602,4.7718,-1.4018,25223.2728,NA,NA,NA
Stalker2-Win64-Shipping.exe,17996,0x4DE2B640,DXGI,0,0,1,Hardware Composed: Independent Flip,25329.6695,NA,52.81080000000000,52.66840000000001,0.27130000000000,46.00160000000000,46.0281,25277.1237,52.8171,52.5458,0.2713,44.7409,53.8065,49.4663,4.3402,1.1825,25277.1237,NA,NA,NA
Stalker2-Win64-Shipping.exe,17996,0x4DE2B640,DXGI,0,0,1,Hardware Composed: Independent Flip,25381.6079,NA,51.93840000000000,51.64030000000000,0.28800000000000,45.58300000000001,45.7300,25329.9408,51.9551,51.6671,0.2880,45.7303,51.5198,48.6776,2.8422,1.1768,25329.9408,NA,NA,NA
Stalker2-Win64-Shipping.exe,17996,0x4DE2B640,DXGI,0,0,1,Hardware Composed: Independent Flip,25434.5313,NA,52.92340000000000,52.25660000000001,0.25870000000000,45.03410000000000,45.0632,25381.8959,52.8941,52.6354,0.2587,45.2950,52.3745,48.3591,4.0154,-0.3015,25381.8959,NA,NA,NA
Stalker2-Win64-Shipping.exe,17996,0x4DE2B640,DXGI,0,0,1,Hardware Composed: Independent Flip,25487.6377,NA,53.10640000000000,54.06740000000000,0.27320000000000,45.42560000000000,46.0242,25434.7900,53.1209,52.8477,0.2732,44.7754,53.4979,48.7227,4.7752,-1.1733,25434.7900,NA,NA,NA
Stalker2-Win64-Shipping.exe,17996,0x4DE2B640,DXGI,0,0,1,Hardware Composed: Independent Flip,25539.7146,NA,52.07690000000000,51.24400000000000,0.24190000000000,44.97680000000000,45.1913,25487.9109,52.0456,51.8037,0.2419,45.1524,51.6281,48.0458,3.5823,1.8769,25487.9109,NA,NA,NA
Stalker2-Win64-Shipping.exe,17996,0x4DE2B640,DXGI,0,0,1,Hardware Composed: Independent Flip,25592.3707,NA,52.65610000000000,53.35590000000001,0.26700000000000,45.86840000000000,45.8911,25539.9565,52.6812,52.4142,0.2670,44.7349,53.5477,49.3280,4.2197,-1.3103,25539.9565,NA,NA,NA
Stalker2-Win64-Shipping.exe,17996,0x4DE2B640,DXGI,0,0,1,Hardware Composed: Independent Flip,25644.8316,NA,52.46090000000000,52.54890000000000,0.26440000000000,44.54800000000000,45.9791,25592.6377,52.4583,52.1939,0.2644,45.6014,51.1405,48.2280,2.9125,0.1323,25592.6377,NA,NA,NA
Stalker2-Win64-Shipping.exe,17996,0x4DE2B640,DXGI,0,0,1,Hardware Composed: Independent Flip,25697.5228,NA,52.69120000000000,52.25540000000000,0.23680000000000,45.53020000000000,45.5433,25645.0960,52.6636,52.4268,0.2368,44.2836,53.6734,49.0767,4.5967,0.2029,25645.0960,NA,NA,NA
Stalker2-Win64-Shipping.exe,17996,0x4DE2B640,DXGI,0,0,1,Hardware Composed: Independent Flip,25750.8902,NA,53.36740000000000,54.10300000000000,0.27800000000000,44.84920000000000,46.2789,25697.7596,53.4086,53.1306,0.2780,45.2934,52.6864,48.1043,4.5821,-1.4394,25697.7596,NA,NA,NA
Stalker2-Win64-Shipping.exe,17996,0x4DE2B640,DXGI,0,0,1,Hardware Composed: Independent Flip,25803.0223,NA,52.13210000000000,51.61750000000000,0.27270000000000,45.73550000000000,45.7643,25751.1682,52.1268,51.8541,0.2727,44.5712,53.0184,48.8438,4.1746,1.7911,25751.1682,NA,NA,NA
Stalker2-Win64-Shipping.exe,17996,0x4DE2B640,DXGI,0,0,1,Hardware Composed: Independent Flip,25854.5307,NA,51.50840000000000,51.07580000000000,0.25710000000000,45.12320000000000,45.3317,25803.2950,51.4928,51.2357,0.2571,45.4628,50.8961,48.2861,2.6100,1.0510,25803.2950,NA,NA,NA
Stalker2-Win64-Shipping.exe,17996,0x4DE2B640,DXGI,0,0,1,Hardware Composed: Independent Flip,25906.9457,NA,52.41500000000000,52.55180000000000,0.26070000000000,45.45080000000000,45.4685,25854.7878,52.4186,52.1579,0.2607,44.8661,52.7426,48.6570,4.0856,-1.0590,25854.7878,NA,NA,NA
Stalker2-Win64-Shipping.exe,17996,0x4DE2B640,DXGI,0,0,1,Hardware Composed: Independent Flip,25959.1518,NA,52.20610000000000,53.21420000000001,0.25260000000000,45.28480000000000,46.4766,25907.2064,52.1980,51.9454,0.2526,45.1901,52.0401,48.4169,3.6232,-0.7956,25907.2064,NA,NA,NA
Stalker2-Win64-Shipping.exe,17996,0x4DE2B640,DXGI,0,0,1,Hardware Composed: Independent Flip,26012.4601,NA,53.30830000000000,52.47210000000000,0.24340000000000,45.63140000000000,45.6404,25959.4044,53.2991,53.0557,0.2434,45.0322,53.6549,49.2440,4.4109,-0.2741,25959.4044,NA,NA,NA
Stalker2-Win64-Shipping.exe,17996,0x4DE2B640,DXGI,0,0,1,Hardware Composed: Independent Flip,26064.4541,NA,51.99400000000000,52.10740000000001,0.30610000000000,44.97250000000000,45.7538,26012.7035,52.0567,51.7506,0.3061,45.3880,51.3351,48.3023,3.0328,1.1917,26012.7035,NA,NA,NA
Stalker2-Win64-Shipping.exe,17996,0x4DE2B640,DXGI,0,0,1,Hardware Composed: Independent Flip,26116.1781,NA,51.72400000000000,51.20640000000000,0.26410000000000,45.21980000000000,45.2362,26064.7602,51.6820,51.4179,0.2641,44.6664,51.9713,48.4670,3.5043,0.8503,26064.7602,NA,NA,NA
Stalker2-Win64-Shipping.exe,17996,0x4DE2B640,DXGI,0,0,1,Hardware Composed: Independent Flip,26168.3866,NA,52.20850000000000,52.89110000000000,0.26520000000000,45.39030000000000,45.9188,26116.4422,52.2096,51.9444,0.2652,44.9557,52.3790,48.4789,3.9001,-1.2091,26116.4422,NA,NA,NA
Stalker2-Win64-Shipping.exe,17996,0x4DE2B640,DXGI,0,0,1,Hardware Composed: Independent Flip,26220.8951,NA,52.50850000000001,53.30100000000000,0.25700000000000,46.66190000000000,46.7113,26168.6518,52.5003,52.2433,0.2570,45.1251,53.7801,49.9680,3.8121,-1.0914,26168.6518,NA,NA,NA
Stalker2-Win64-Shipping.exe,17996,0x4DE2B640,DXGI,0,0,1,Hardware Composed: Independent Flip,26273.6407,NA,52.74560000000000,52.33000000000001,0.33660000000000,45.67510000000000,46.2957,26221.1521,52.8252,52.4886,0.3366,46.4049,51.7588,48.9317,2.8271,0.1703,26221.1521,NA,NA,NA
Stalker2-Win64-Shipping.exe,17996,0x4DE2B640,DXGI,0,0,1,Hardware Composed: Independent Flip,26326.1434,NA,52.50270000000000,51.90430000000000,0.25330000000000,45.66960000000000,45.6973,26273.9773,52.4194,52.1661,0.2533,45.3385,52.4972,48.8670,3.6302,0.9209,26273.9773,NA,NA,NA
Stalker2-Win64-Shipping.exe,17996,0x4DE2B640,DXGI,0,0,1,Hardware Composed: Independent Flip,26377.4777,NA,51.33430000000000,52.10410000000000,0.28510000000000,45.90370000000000,46.4671,26326.3967,51.3661,51.0810,0.2851,45.4163,51.5684,49.0535,2.5149,0.3153,26326.3967,NA,NA,NA
Stalker2-Win64-Shipping.exe,17996,0x4DE2B640,DXGI,0,0,1,Hardware Composed: Independent Flip,26431.3722,NA,53.89450000000000,52.69320000000000,0.25080000000000,45.20060000000000,45.2658,26377.7628,53.8602,53.6094,0.2508,45.6186,53.1914,48.8810,4.3104,-1.3271,26377.7628,NA,NA,NA
Stalker2-Win64-Shipping.exe,17996,0x4DE2B640,DXGI,0,0,1,Hardware Composed: Independent Flip,26482.9957,NA,51.62350000000000,52.28410000000000,0.25110000000000,45.01460000000000,45.9264,26431.6230,51.6238,51.3727,0.2511,44.9498,51.4375,48.6261,2.8114,1.5761,26431.6230,NA,NA,NA
Stalker2-Win64-Shipping.exe,17996,0x4DE2B640,DXGI,0,0,1,Hardware Composed: Independent Flip,26535.9941,NA,52.99840000000000,52.63680000000000,0.26820000000000,45.52480000000000,45.5648,26483.2468,53.0155,52.7473,0.2682,44.7635,53.5086,49.0151,4.4935,-1.0130,26483.2468,NA,NA,NA
Stalker2-Win64-Shipping.exe,17996,0x4DE2B640,DXGI,0,0,1,Hardware Composed: Independent Flip,26588.7862,NA,52.79210000000000,53.70170000000000,0.26230000000000,45.31250000000000,46.4744,26536.2623,52.7862,52.5239,0.2623,45.2566,52.5798,48.4974,4.0824,-0.6862,26536.2623,NA,NA,NA
Stalker2-Win64-Shipping.exe,17996,0x4DE2B640,DXGI,0,0,1,Hardware Composed: Independent Flip,26642.8714,NA,54.08520000000000,53.37180000000000,0.29500000000000,45.52370000000001,45.7610,26589.0485,54.1179,53.8229,0.2950,45.0502,54.2964,48.7610,5.5354,-0.5856,26589.0485,NA,NA,NA
Stalker2-Win64-Shipping.exe,17996,0x4DE2B640,DXGI,0,0,1,Hardware Composed: Independent Flip,26694.6805,NA,51.80910000000000,51.99290000000001,0.27540000000000,45.18100000000000,45.9448,26643.1664,51.7895,51.5141,0.2754,45.2287,51.4664,48.3761,3.0903,2.1250,26643.1664,NA,NA,NA
Stalker2-Win64-Shipping.exe,17996,0x4DE2B640,DXGI,0,0,1,Hardware Composed: Independent Flip,26747.3567,NA,52.67620000000000,52.09240000000000,0.24930000000000,45.33240000000000,45.3610,26694.9559,52.6501,52.4008,0.2493,44.9056,52.8276,48.5642,4.2634,-0.3029,26694.9559,NA,NA,NA
Stalker2-Win64-Shipping.exe,17996,0x4DE2B640,DXGI,0,0,1,Hardware Composed: Independent Flip,26801.2227,NA,53.86600000000000,54.72220000000000,0.25890000000000,45.26770000000000,46.2172,26747.6060,53.8756,53.6167,0.2589,45.0831,53.8013,48.5269,5.2744,-2.0721,26747.6060,NA,NA,NA
Stalker2-Win64-Shipping.exe,17996,0x4DE2B640,DXGI,0,0,1,Hardware Composed: Independent Flip,26852.6623,NA,51.43960000000001,51.72270000000000,0.26380000000000,46.39830000000000,46.5003,26801.4816,51.4445,51.1807,0.2638,45.0088,52.5702,49.5560,3.0142,2.1529,26801.4816,NA,NA,NA
Stalker2-Win64-Shipping.exe,17996,0x4DE2B640,DXGI,0,0,1,Hardware Composed: Independent Flip,26905.1134,NA,52.45110000000000,51.03810000000000,0.25800000000000,45.07420000000000,45.0873,26852.9261,52.4453,52.1873,0.2580,46.1345,51.1270,48.9210,2.2060,0.4064,26852.9261,NA,NA,NA
Stalker2-Win64-Shipping.exe,17996,0x4DE2B640,DXGI,0,0,1,Hardware Composed: Independent Flip,26957.7541,NA,52.64070000000000,52.79670000000000,0.25900000000000,45.20800000000001,45.2433,26905.3714,52.6417,52.3827,0.2590,44.8162,52.7745,48.8938,3.8807,-0.3514,26905.3714,NA,NA,NA
Stalker2-Win64-Shipping.exe,17996,0x4DE2B640,DXGI,0,0,1,Hardware Composed: Independent Flip,27009.9098,NA,52.15570000000000,52.16640000000000,0.26020000000000,44.83360000000000,45.2540,26958.0131,52.1569,51.8967,0.2602,44.9490,51.7813,47.9744,3.8069,0.4753,26958.0131,NA,NA,NA
Stalker2-Win64-Shipping.exe,17996,0x4DE2B640,DXGI,0,0,1,Hardware Composed: Independent Flip,27062.6741,NA,52.76430000000001,53.04790000000001,0.32440000000000,45.51640000000000,45.5376,27010.1700,52.8285,52.5041,0.3244,44.5734,53.4471,48.7737,4.6734,-0.8910,27010.1700,NA,NA,NA
Stalker2-Win64-Shipping.exe,17996,0x4DE2B640,DXGI,0,0,1,Hardware Composed: Independent Flip,27115.1081,NA,52.43400000000000,53.16730000000000,0.28110000000000,45.43160000000000,46.2709,27062.9985,52.3907,52.1096,0.2811,45.1920,52.3492,48.6772,3.6720,-0.3388,27062.9985,NA,NA,NA
Stalker2-Win64-Shipping.exe,17996,0x4DE2B640,DXGI,0,0,1,Hardware Composed: Independent Flip,27168.0183,NA,52.91020000000000,52.16050000000000,0.30760000000000,45.50870000000000,45.5212,27115.3892,52.9367,52.6291,0.3076,45.1505,52.9873,48.7345,4.2528,0.2302,27115.3892,NA,NA,NA
Stalker2-Win64-Shipping.exe,17996,0x4DE2B640,DXGI,0,0,1,Hardware Composed: Independent Flip,27220.1493,NA,52.13100000000000,52.03590000000001,0.25190000000000,45.05810000000000,45.4261,27168.3259,52.0753,51.8234,0.2519,45.2011,51.6804,48.2994,3.3810,0.9008,27168.3259,NA,NA,NA
Stalker2-Win64-Shipping.exe,17996,0x4DE2B640,DXGI,0,0,1,Hardware Composed: Independent Flip,27273.5798,NA,53.43050000000000,52.84930000000000,0.25500000000000,44.82930000000000,44.8449,27220.4012,53.4336,53.1786,0.2550,44.8062,53.2017,48.6199,4.5818,-0.7740,27220.4012,NA,NA,NA
Stalker2-Win64-Shipping.exe,17996,0x4DE2B640,DXGI,0,0,1,Hardware Composed: Independent Flip,27326.7606,NA,53.18080000000000,54.29880000000000,0.23760000000000,45.10350000000000,45.9629,27273.8348,53.1634,52.9258,0.2376,44.5743,53.4550,48.6177,4.8373,-0.8652,27273.8348,NA,NA,NA
Stalker2-Win64-Shipping.exe,17996,0x4DE2B640,DXGI,0,0,1,Hardware Composed: Independent Flip,27377.9752,NA,51.21460000000000,50.66810000000000,0.25390000000000,45.40230000000000,45.4164,27326.9982,51.2309,50.9770,0.2539,44.8659,51.5134,48.6031,2.9103,2.4953,27326.9982,NA,NA,NA
Stalker2-Win64-Shipping.exe,17996,0x4DE2B640,DXGI,0,0,1,Hardware Composed: Independent Flip,27431.6077,NA,53.63250000000000,53.68000000000000,0.26090000000000,45.45050000000001,45.4639,27378.2291,53.6395,53.3786,0.2609,45.1484,53.6807,48.6876,4.9931,-2.4491,27378.2291,NA,NA,NA
Stalker2-Win64-Shipping.exe,17996,0x4DE2B640,DXGI,0,0,1,Hardware Composed: Independent Flip,27483.7477,NA,52.14000000000000,54.56640000000000,0.26620000000000,46.22270000000000,47.8903,27431.8686,52.1453,51.8791,0.2662,45.1896,52.9122,49.4863,3.4259,-0.9269,27431.8686,NA,NA,NA
Stalker2-Win64-Shipping.exe,17996,0x4DE2B640,DXGI,0,0,1,Hardware Composed: Independent Flip,27535.7517,NA,52.00400000000000,49.71520000000000,0.27230000000000,45.58600000000001,45.6015,27484.0139,52.0101,51.7378,0.2723,45.9565,51.3673,48.8248,2.5425,2.4301,27484.0139,NA,NA,NA
Stalker2-Win64-Shipping.exe,17996,0x4DE2B640,DXGI,0,0,1,Hardware Composed: Independent Flip,27587.9764,NA,52.22470000000001,52.11680000000000,0.26150000000000,45.47460000000000,45.4936,27536.0240,52.2139,51.9524,0.2615,45.3137,52.1133,48.5772,3.5361,-0.1067,27536.0240,NA,NA,NA
Stalker2-Win64-Shipping.exe,17996,0x4DE2B640,DXGI,0,0,1,Hardware Composed: Independent Flip,27641.7668,NA,53.79040000000001,53.93950000000000,0.25740000000000,44.96420000000001,45.6427,27588.2379,53.7863,53.5289,0.2574,45.2131,53.2800,48.1424,5.1376,-1.7256,27588.2379,NA,NA,NA
Stalker2-Win64-Shipping.exe,17996,0x4DE2B640,DXGI,0,0,1,Hardware Composed: Independent Flip,27692.9918,NA,51.22500000000000,51.62690000000000,0.25650000000000,45.86110000000000,46.0446,27642.0242,51.2241,50.9676,0.2565,44.7068,52.1219,49.2088,2.9131,2.1594,27642.0242,NA,NA,NA
Stalker2-Win64-Shipping.exe,17996,0x4DE2B640,DXGI,0,0,1,Hardware Composed: Independent Flip,27745.6136,NA,52.62180000000000,51.46010000000000,0.25600000000000,44.86770000000000,44.8829,27693.2483,52.6213,52.3653,0.2560,45.6046,51.6284,48.1427,3.4857,-0.2360,27693.2483,NA,NA,NA
Stalker2-Win64-Shipping.exe,17996,0x4DE2B640,DXGI,0,0,1,Hardware Composed: Independent Flip,27798.8452,NA,53.23160000000000,54.04190000000001,0.26470000000000,45.54410000000000,45.6932,27745.8696,53.2403,52.9756,0.2647,44.6117,53.9080,49.2195,4.6885,-1.4206,27745.8696,NA,NA,NA
Stalker2-Win64-Shipping.exe,17996,0x4DE2B640,DXGI,0,0,1,Hardware Composed: Independent Flip,27850.9749,NA,52.12970000000000,52.19100000000000,0.27920000000000,45.04060000000000,45.7545,27799.1099,52.1442,51.8650,0.2792,45.2794,51.6262,48.7787,2.8475,1.0493,27799.1099,NA,NA,NA
Stalker2-Win64-Shipping.exe,17996,0x4DE2B640,DXGI,0,0,1,Hardware Composed: Independent Flip,27904.0117,NA,53.03680000000000,52.83410000000000,0.25250000000000,45.48910000000000,45.5518,27851.2541,53.0101,52.7576,0.2525,44.7614,53.4853,48.8338,4.6515,-0.6899,27851.2541,NA,NA,NA
Stalker2-Win64-Shipping.exe,17996,0x4DE2B640,DXGI,0,0,1,Hardware Composed: Independent Flip,27956.2871,NA,52.27540000000000,53.37870000000000,0.27720000000000,45.54560000000000,46.6551,27904.2642,52.3001,52.0229,0.2772,45.2366,52.3319,48.7297,3.6022,-0.3686,27904.2642,NA,NA,NA
Stalker2-Win64-Shipping.exe,17996,0x4DE2B640,DXGI,0,0,1,Hardware Composed: Independent Flip,28008.7499,NA,52.46280000000000,51.54630000000000,0.30760000000000,45.69860000000000,45.7386,27956.5643,52.4932,52.1856,0.3076,45.2684,52.6158,49.2043,3.4115,0.7538,27956.5643,NA,NA,NA
Stalker2-Win64-Shipping.exe,17996,0x4DE2B640,DXGI,0,0,1,Hardware Composed: Independent Flip,28061.4196,NA,52.66970000000001,52.38300000000000,0.24730000000000,45.19020000000000,45.4519,28009.0575,52.6094,52.3621,0.2473,45.3910,52.1613,48.3209,3.8404,0.1102,28009.0575,NA,NA,NA
Stalker2-Win64-Shipping.exe,17996,0x4DE2B640,DXGI,0,0,1,Hardware Composed: Independent Flip,28114.4299,NA,53.01030000000000,54.13000000000000,0.31440000000000,46.55710000000001,46.5716,28061.6669,53.0774,52.7630,0.3144,44.9429,54.3772,50.3033,4.0739,-1.5206,28061.6669,NA,NA,NA
Stalker2-Win64-Shipping.exe,17996,0x4DE2B640,DXGI,0,0,1,Hardware Composed: Independent Flip,28166.7140,NA,52.28410000000000,52.04620000000001,0.26240000000000,45.25870000000000,46.3337,28114.7443,52.2321,51.9697,0.2624,46.2427,50.9857,48.4188,2.5669,1.0312,28114.7443,NA,NA,NA
Stalker2-Win64-Shipping.exe,17996,0x4DE2B640,DXGI,0,0,1,Hardware Composed: Independent Flip,28218.7643,NA,52.05030000000000,51.24520000000000,0.25810000000000,45.50700000000001,45.5286,28166.9764,52.0460,51.7879,0.2581,44.9963,52.2986,48.7256,3.5730,0.9869,28166.9764,NA,NA,NA
Stalker2-Win64-Shipping.exe,17996,0x4DE2B640,DXGI,0,0,1,Hardware Composed: Independent Flip,28274.6831,NA,55.91880000000000,56.79960000000001,0.34400000000000,45.40820000000000,46.4094,28219.0224,56.0047,55.6607,0.3440,45.2489,55.8200,49.0090,6.8110,-4.7536,28219.0224,NA,NA,NA
Stalker2-Win64-Shipping.exe,17996,0x4DE2B640,DXGI,0,0,1,Hardware Composed: Independent Flip,28324.9488,NA,50.26570000000000,50.38920000000000,0.30530000000000,45.25190000000000,46.5329,28275.0271,50.2270,49.9217,0.3053,45.0642,50.1094,48.4892,1.6202,5.6155,28275.0271,NA,NA,NA
Stalker2-Win64-Shipping.exe,17996,0x4DE2B640,DXGI,0,0,1,Hardware Composed: Independent Flip,28377.4305,NA,52.48170000000000,51.51090000000000,0.29910000000000,45.54300000000000,45.5621,28325.2541,52.4755,52.1764,0.2991,44.9466,52.7728,48.7707,4.0021,-1.2839,28325.2541,NA,NA,NA
Stalker2-Win64-Shipping.exe,17996,0x4DE2B640,DXGI,0,0,1,Hardware Composed: Independent Flip,28430.5784,NA,53.14790000000000,54.38640000000000,0.26660000000000,44.64350000000000,46.8006,28377.7296,53.1154,52.8488,0.2666,45.2439,52.2484,47.9364,4.3120,-1.9109,28377.7296,NA,NA,NA
Stalker2-Win64-Shipping.exe,17996,0x4DE2B640,DXGI,0,0,1,Hardware Composed: Independent Flip,28483.7315,NA,53.15310000000000,52.23810000000000,0.29090000000000,45.86920000000000,45.8856,28430.8450,53.1774,52.8865,0.2909,44.3769,54.3788,49.1900,5.1888,0.8773,28430.8450,NA,NA,NA
Stalker2-Win64-Shipping.exe,17996,0x4DE2B640,DXGI,0,0,1,Hardware Composed: Independent Flip,28535.9810,NA,52.24950000000000,52.61650000000000,0.30320000000000,45.16080000000000,46.2526,28484.0224,52.2618,51.9586,0.3032,45.5783,51.5411,48.3668,3.1743,0.5609,28484.0224,NA,NA,NA
Stalker2-Win64-Shipping.exe,17996,0x4DE2B640,DXGI,0,0,1,Hardware Composed: Independent Flip,28588.7522,NA,52.77120000000000,51.81800000000000,0.26100000000000,45.27960000000000,45.2994,28536.2842,52.7290,52.4680,0.2610,44.8576,52.8900,48.6031,4.2869,0.4438,28536.2842,NA,NA,NA
Stalker2-Win64-Shipping.exe,17996,0x4DE2B640,DXGI,0,0,1,Hardware Composed: Independent Flip,28642.2876,NA,53.53540000000000,54.24340000000000,0.28040000000000,45.20150000000000,46.0074,28589.0132,53.5548,53.2744,0.2804,45.0186,53.4573,48.4953,4.9620,-1.5144,28589.0132,NA,NA,NA
Stalker2-Win64-Shipping.exe,17996,0x4DE2B640,DXGI,0,0,1,Hardware Composed: Independent Flip,28694.7174,NA,52.42980000000000,52.33370000000000,0.26780000000000,45.88960000000000,45.9113,28642.5680,52.4172,52.1494,0.2678,44.9211,53.1179,49.0098,4.1081,1.2211,28642.5680,NA,NA,NA
Stalker2-Win64-Shipping.exe,17996,0x4DE2B640,DXGI,0,0,1,Hardware Composed: Independent Flip,28747.7390,NA,53.02160000000000,53.38840000000000,0.25440000000000,46.25800000000000,46.2781,28694.9852,53.0082,52.7538,0.2544,45.6218,53.3900,49.4055,3.9845,-0.9712,28694.9852,NA,NA,NA
Stalker2-Win64-Shipping.exe,17996,0x4DE2B640,DXGI,0,0,1,Hardware Composed: Independent Flip,28801.2482,NA,53.50920000000000,53.34360000000000,0.33730000000000,45.62420000000000,46.1125,28747.9934,53.5921,53.2548,0.3373,46.0036,52.8754,48.8901,3.9853,-0.3354,28747.9934,NA,NA,NA
Stalker2-Win64-Shipping.exe,17996,0x4DE2B640,DXGI,0,0,1,Hardware Composed: Independent Flip,28854.4589,NA,53.21070000000000,51.93680000000001,0.24280000000000,44.82080000000001,44.8386,28801.5855,53.1162,52.8734,0.2428,45.2869,52.4073,48.6963,3.7110,1.6553,28801.5855,NA,NA,NA
Stalker2-Win64-Shipping.exe,17996,0x4DE2B640,DXGI,0,0,1,Hardware Composed: Independent Flip,28905.5985,NA,51.13960000000000,51.37170000000000,0.25990000000000,45.04700000000000,45.0707,28854.7017,51.1567,50.8968,0.2599,44.5780,51.3658,48.4610,2.9048,1.7445,28854.7017,NA,NA,NA
Stalker2-Win64-Shipping.exe,17996,0x4DE2B640,DXGI,0,0,1,Hardware Composed: Independent Flip,28958.1118,NA,52.51330000000000,52.75950000000000,0.27460000000000,45.26460000000000,45.3169,28905.8584,52.5280,52.2534,0.2746,44.7871,52.7309,48.5311,4.1998,-1.6028,28905.8584,NA,NA,NA
Stalker2-Win64-Shipping.exe,17996,0x4DE2B640,DXGI,0,0,1,Hardware Composed: Independent Flip,29011.8059,NA,53.69410000000001,54.29290000000000,0.25970000000000,45.17370000000000,45.9157,28958.3864,53.6792,53.4195,0.2597,44.9900,53.6032,48.6232,4.9800,-1.7649,28958.3864,NA,NA,NA
Stalker2-Win64-Shipping.exe,17996,0x4DE2B640,DXGI,0,0,1,Hardware Composed: Independent Flip,29063.5721,NA,51.76620000000000,51.36410000000000,0.29510000000000,45.32640000000000,45.5136,29012.0656,51.8016,51.5065,0.2951,44.9140,51.9189,48.5687,3.3502,2.3151,29012.0656,NA,NA,NA
Stalker2-Win64-Shipping.exe,17996,0x4DE2B640,DXGI,0,0,1,Hardware Composed: Independent Flip,29116.5089,NA,52.93680000000001,53.14220000000000,0.30360000000000,45.65250000000000,45.7190,29063.8672,52.9453,52.6417,0.3036,45.0313,53.2629,48.7295,4.5334,-1.3406,29063.8672,NA,NA,NA
Stalker2-Win64-Shipping.exe,17996,0x4DE2B640,DXGI,0,0,1,Hardware Composed: Independent Flip,29168.9536,NA,52.44470000000000,52.89240000000000,0.26310000000000,45.00360000000000,46.1667,29116.8125,52.4042,52.1411,0.2631,45.3489,51.7958,48.1924,3.6034,0.0529,29116.8125,NA,NA,NA
Stalker2-Win64-Shipping.exe,17996,0x4DE2B640,DXGI,0,0,1,Hardware Composed: Independent Flip,29221.3441,NA,52.39050000000000,51.79460000000000,0.36600000000000,45.51640000000000,45.5708,29169.2167,52.4934,52.1274,0.3660,44.7405,52.9033,48.9707,3.9326,0.6096,29169.2167,NA,NA,NA
Stalker2-Win64-Shipping.exe,17996,0x4DE2B640,DXGI,0,0,1,Hardware Composed: Independent Flip,29274.1430,NA,52.79890000000000,52.55780000000000,0.23730000000000,44.63660000000000,45.3297,29221.7101,52.6702,52.4329,0.2373,45.1504,51.9191,47.8895,4.0296,-0.0644,29221.7101,NA,NA,NA
Stalker2-Win64-Shipping.exe,17996,0x4DE2B640,DXGI,0,0,1,Hardware Composed: Independent Flip,29326.9078,NA,52.76480000000000,52.31570000000000,0.28070000000000,44.85710000000000,44.8806,29274.3803,52.8082,52.5275,0.2807,44.3993,52.9853,48.2881,4.6972,0.3545,29274.3803,NA,NA,NA
Stalker2-Win64-Shipping.exe,17996,0x4DE2B640,DXGI,0,0,1,Hardware Composed: Independent Flip,29379.0264,NA,52.11860000000000,55.07560000000000,0.25720000000000,47.25540000000000,47.8376,29327.1885,52.0951,51.8379,0.2572,44.5764,54.5169,50.8055,3.7114,-2.2674,29327.1885,NA,NA,NA
Stalker2-Win64-Shipping.exe,17996,0x4DE2B640,DXGI,0,0,1,Hardware Composed: Independent Flip,29431.8128,NA,52.78640000000000,50.94220000000000,0.25570000000000,45.38400000000000,45.9934,29379.2836,52.7849,52.5292,0.2557,46.9982,50.9150,48.5641,2.3509,1.1529,29379.2836,NA,NA,NA
Stalker2-Win64-Shipping.exe,17996,0x4DE2B640,DXGI,0,0,1,Hardware Composed: Independent Flip,29484.4248,NA,52.61200000000000,51.59600000000000,0.27640000000000,44.96030000000000,44.9774,29432.0685,52.6327,52.3563,0.2764,45.1283,52.1883,48.1265,4.0618,1.1889,29432.0685,NA,NA,NA
Stalker2-Win64-Shipping.exe,17996,0x4DE2B640,DXGI,0,0,1,Hardware Composed: Independent Flip,29536.7018,NA,52.27700000000000,54.17630000000000,0.26230000000000,45.58920000000001,46.8767,29484.7012,52.2629,52.0006,0.2623,44.6839,52.9059,48.7082,4.1977,-1.5436,29484.7012,NA,NA,NA
Stalker2-Win64-Shipping.exe,17996,0x4DE2B640,DXGI,0,0,1,Hardware Composed: Independent Flip,29589.2111,NA,52.50930000000000,51.57900000000000,0.28630000000000,45.93160000000000,45.9464,29536.9641,52.5333,52.2470,0.2863,45.3269,52.8517,49.0342,3.8175,0.6839,29536.9641,NA,NA,NA
Stalker2-Win64-Shipping.exe,17996,0x4DE2B640,DXGI,0,0,1,Hardware Composed: Independent Flip,29641.7853,NA,52.57420000000000,52.24090000000000,0.27850000000000,45.59230000000000,45.6131,29589.4974,52.5664,52.2879,0.2785,45.6453,52.2349,48.7396,3.4953,0.2924,29589.4974,NA,NA,NA
Stalker2-Win64-Shipping.exe,17996,0x4DE2B640,DXGI,0,0,1,Hardware Composed: Independent Flip,29694.9211,NA,53.13580000000000,52.74940000000000,0.26150000000000,45.20980000000000,45.2267,29642.0638,53.1188,52.8573,0.2615,45.3138,52.7533,49.1555,3.5978,-0.1830,29642.0638,NA,NA,NA
Stalker2-Win64-Shipping.exe,17996,0x4DE2B640,DXGI,0,0,1,Hardware Composed: Independent Flip,29747.1281,NA,52.20700000000000,52.04860000000000,0.24610000000000,44.86340000000000,45.0683,29695.1826,52.1916,51.9455,0.2461,44.9483,51.8606,48.4593,3.4013,1.0702,29695.1826,NA,NA,NA
Stalker2-Win64-Shipping.exe,17996,0x4DE2B640,DXGI,0,0,1,Hardware Composed: Independent Flip,29801.1597,NA,54.03160000000000,54.15850000000000,0.28350000000000,45.17960000000000,45.1952,29747.3742,54.0690,53.7855,0.2835,44.6173,54.3478,48.7097,5.6381,-1.9669,29747.3742,NA,NA,NA
Stalker2-Win64-Shipping.exe,17996,0x4DE2B640,DXGI,0,0,1,Hardware Composed: Independent Flip,29852.6342,NA,51.47450000000000,52.81880000000000,0.26350000000000,45.28710000000000,46.5395,29801.4432,51.4545,51.1910,0.2635,44.8961,51.5820,48.4010,3.1810,1.2502,29801.4432,NA,NA,NA
