Application,ProcessID,SwapChainAddress,PresentRuntime,SyncInterval,PresentFlags,AllowsTearing,PresentMode,TimeInMs,MsBetweenSimulationStart,MsBetweenPresents,MsBetweenDisplayChange,MsInPresentAPI,MsRenderPresentLatency,MsUntilDisplayed,CPUStartTimeInMs,MsBetweenAppStart,MsCPUBusy,MsCPUWait,MsGPULatency,MsGPUTime,MsGPUBusy,MsGPUWait,MsAnimationError,AnimationTime,MsFlipDelay,MsAllInputToPhotonLatency,MsClickToPhotonLatency
Stalker2-Win64-Shipping.exe,17996,0x4DE2B640,DXGI,0,0,1,Hardware Composed: Independent Flip,160.4128,NA,56.76990000000000,57.26570000000000,0.28260000000000,45.74880000000000,48.6324,103.9064,56.7890,56.5064,0.2826,47.8582,54.3970,49.0047,5.3923,NA,103.9064,NA,NA,NA
Stalker2-Win64-Shipping.exe,17996,0x4DE2B640,DXGI,0,0,1,Hardware Composed: Independent Flip,209.3171,NA,48.90430000000000,46.30610000000000,0.25460000000000,46.01890000000000,46.0342,160.6954,48.8763,48.6217,0.2546,45.4662,49.1744,49.1553,0.0191,10.4829,160.6954,NA,NA,NA
Stalker2-Win64-Shipping.exe,17996,0x4DE2B640,DXGI,0,0,1,Hardware Composed: Independent Flip,270.8968,NA,61.57970000000000,62.77560000000000,0.28650000000000,45.79360000000000,47.2301,209.5717,61.6116,61.3251,0.2865,45.7643,61.3544,49.4295,11.9249,-13.8993,209.5717,NA,NA,NA
Stalker2-Win64-Shipping.exe,17996,0x4DE2B640,DXGI,0,0,1,Hardware Composed: Independent Flip,320.2113,NA,49.31450000000000,47.95350000000001,0.25420000000000,45.81910000000000,45.8691,271.1833,49.2822,49.0280,0.2542,45.5071,49.3400,49.0396,0.3004,13.6581,271.1833,NA,NA,NA
Stalker2-Win64-Shipping.exe,17996,0x4DE2B640,DXGI,0,0,1,Hardware Composed: Independent Flip,374.3733,NA,54.16200000000001,56.16330000000000,0.27080000000000,44.81990000000000,47.8704,320.4655,54.1786,53.9078,0.2708,45.5649,53.1628,48.1086,5.0542,-6.8811,320.4655,NA,NA,NA
Stalker2-Win64-Shipping.exe,17996,0x4DE2B640,DXGI,0,0,1,Hardware Composed: Independent Flip,428.6138,NA,54.24050000000000,51.32510000000000,0.25300000000000,44.89220000000000,44.9550,374.6441,54.2227,53.9697,0.2530,44.5491,54.3128,48.3004,6.0124,2.8535,374.6441,NA,NA,NA
Stalker2-Win64-Shipping.exe,17996,0x4DE2B640,DXGI,0,0,1,Hardware Composed: Independent Flip,483.3211,NA,54.70730000000000,58.72490000000001,0.25010000000000,45.96710000000000,48.9726,428.8668,54.7044,54.4543,0.2501,44.6392,55.7822,49.6796,6.1026,-4.5022,428.8668,NA,NA,NA
Stalker2-Win64-Shipping.exe,17996,0x4DE2B640,DXGI,0,0,1,Hardware Composed: Independent Flip,536.9397,NA,53.61860000000000,51.04110000000000,0.26090000000000,46.36800000000000,46.3951,483.5712,53.6294,53.3685,0.2609,45.7170,54.0195,49.6560,4.3635,3.6633,483.5712,NA,NA,NA
Stalker2-Win64-Shipping.exe,17996,0x4DE2B640,DXGI,0,0,1,Hardware Composed: Independent Flip,589.4799,NA,52.54020000000001,55.43020000000000,0.29620000000000,46.29380000000000,49.2851,537.2006,52.5755,52.2793,0.2962,46.1071,52.4660,49.7477,2.7183,-1.8008,537.2006,NA,NA,NA
Stalker2-Win64-Shipping.exe,17996,0x4DE2B640,DXGI,0,0,1,Hardware Composed: Independent Flip,642.9234,NA,53.44350000000000,49.92040000000000,0.31050000000000,45.72590000000000,45.7620,589.7761,53.4578,53.1473,0.3105,45.9976,52.8756,48.8021,4.0735,2.6551,589.7761,NA,NA,NA
Stalker2-Win64-Shipping.exe,17996,0x4DE2B640,DXGI,0,0,1,Hardware Composed: Independent Flip,695.5081,NA,52.58470000000001,56.01770000000000,0.26150000000000,46.29510000000001,49.1950,643.2339,52.5357,52.2742,0.2615,45.4154,53.1539,49.4769,3.6770,-2.5599,643.2339,NA,NA,NA
Stalker2-Win64-Shipping.exe,17996,0x4DE2B640,DXGI,0,0,1,Hardware Composed: Independent Flip,748.1437,NA,52.63560000000000,49.81240000000000,0.24610000000000,46.34550000000000,46.3718,695.7696,52.6202,52.3741,0.2461,46.0336,52.6860,49.5088,3.1772,2.7233,695.7696,NA,NA,NA
Stalker2-Win64-Shipping.exe,17996,0x4DE2B640,DXGI,0,0,1,Hardware Composed: Independent Flip,800.7972,NA,52.65350000000000,52.31730000000000,0.27810000000000,46.00000000000000,46.0356,748.3898,52.6855,52.4074,0.2781,46.0994,52.3080,49.0558,3.2522,0.3029,748.3898,NA,NA,NA
Stalker2-Win64-Shipping.exe,17996,0x4DE2B640,DXGI,0,0,1,Hardware Composed: Independent Flip,854.2572,NA,53.46000000000000,52.97540000000000,0.28130000000000,45.52960000000000,45.5510,801.0753,53.4632,53.1819,0.2813,45.7219,52.9896,48.9263,4.0633,-0.2899,801.0753,NA,NA,NA
Stalker2-Win64-Shipping.exe,17996,0x4DE2B640,DXGI,0,0,1,Hardware Composed: Independent Flip,907.3927,NA,53.13550000000000,53.66290000000000,0.26680000000000,45.86730000000000,46.0784,854.5385,53.1210,52.8542,0.2668,45.2483,53.4732,49.1098,4.3634,-0.1997,854.5385,NA,NA,NA
Stalker2-Win64-Shipping.exe,17996,0x4DE2B640,DXGI,0,0,1,Hardware Composed: Independent Flip,961.6727,NA,54.28000000000000,54.45500000000001,0.27580000000000,46.04440000000000,46.2534,907.6595,54.2890,54.0132,0.2758,45.6005,54.4571,49.3973,5.0598,-1.3340,907.6595,NA,NA,NA
Stalker2-Win64-Shipping.exe,17996,0x4DE2B640,DXGI,0,0,1,Hardware Composed: Independent Flip,1014.3644,NA,52.69170000000000,52.14280000000000,0.25770000000000,45.17910000000001,45.7045,961.9485,52.6736,52.4159,0.2577,45.7686,51.8264,48.3959,3.4305,2.1462,961.9485,NA,NA,NA
Stalker2-Win64-Shipping.exe,17996,0x4DE2B640,DXGI,0,0,1,Hardware Composed: Independent Flip,1067.9955,NA,53.63110000000000,53.56520000000000,0.25300000000000,45.62610000000000,45.6386,1014.6221,53.6264,53.3734,0.2530,44.9214,54.0781,49.0031,5.0750,-0.8916,1014.6221,NA,NA,NA
Stalker2-Win64-Shipping.exe,17996,0x4DE2B640,DXGI,0,0,1,Hardware Composed: Independent Flip,1120.8946,NA,52.89910000000000,53.89770000000000,0.27500000000000,45.24040000000000,46.6372,1068.2485,52.9211,52.6461,0.2750,45.3731,52.5134,48.5279,3.9855,-0.2713,1068.2485,NA,NA,NA
Stalker2-Win64-Shipping.exe,17996,0x4DE2B640,DXGI,0,0,1,Hardware Composed: Independent Flip,1174.1628,NA,53.26820000000000,51.89750000000000,0.28740000000000,45.23830000000000,45.2665,1121.1696,53.2806,52.9932,0.2874,44.9654,53.2661,48.5888,4.6773,1.0236,1121.1696,NA,NA,NA
Stalker2-Win64-Shipping.exe,17996,0x4DE2B640,DXGI,0,0,1,Hardware Composed: Independent Flip,1227.1117,NA,52.94890000000000,55.45060000000000,0.26170000000000,47.29980000000000,47.7682,1174.4502,52.9232,52.6615,0.2617,44.9509,55.0104,50.5268,4.4836,-2.1700,1174.4502,NA,NA,NA
Stalker2-Win64-Shipping.exe,17996,0x4DE2B640,DXGI,0,0,1,Hardware Composed: Independent Flip,1280.0862,NA,52.97450000000000,51.80500000000000,0.29160000000000,45.96140000000000,46.5987,1227.3734,53.0044,52.7128,0.2916,47.0381,51.6361,49.2143,2.4218,1.1182,1227.3734,NA,NA,NA
Stalker2-Win64-Shipping.exe,17996,0x4DE2B640,DXGI,0,0,1,Hardware Composed: Independent Flip,1333.1890,NA,53.10280000000000,52.32630000000000,0.25730000000000,45.79940000000001,45.8222,1280.3778,53.0685,52.8112,0.2573,45.6698,52.9408,48.9797,3.9611,0.6781,1280.3778,NA,NA,NA
Stalker2-Win64-Shipping.exe,17996,0x4DE2B640,DXGI,0,0,1,Hardware Composed: Independent Flip,1385.6336,NA,52.44460000000000,53.15280000000000,0.24070000000000,45.32650000000000,46.5304,1333.4463,52.4280,52.1873,0.2407,45.5421,51.9717,48.4058,3.5659,-0.0843,1333.4463,NA,NA,NA
Stalker2-Win64-Shipping.exe,17996,0x4DE2B640,DXGI,0,0,1,Hardware Composed: Independent Flip,1438.9898,NA,53.35620000000000,52.23460000000000,0.25130000000000,45.39460000000000,45.4088,1385.8743,53.3668,53.1155,0.2513,45.0858,53.4243,49.3024,4.1219,0.1934,1385.8743,NA,NA,NA
Stalker2-Win64-Shipping.exe,17996,0x4DE2B640,DXGI,0,0,1,Hardware Composed: Independent Flip,1492.6282,NA,53.63840000000000,54.83760000000000,0.30190000000000,45.75680000000001,46.6080,1439.2411,53.6890,53.3871,0.3019,45.1433,54.0006,49.5997,4.4009,-1.4708,1439.2411,NA,NA,NA
Stalker2-Win64-Shipping.exe,17996,0x4DE2B640,DXGI,0,0,1,Hardware Composed: Independent Flip,1544.8081,NA,52.17990000000000,51.43530000000001,0.25670000000000,45.70160000000000,45.8634,1492.9301,52.1347,51.8780,0.2567,45.4549,52.1247,48.9589,3.1658,2.2537,1492.9301,NA,NA,NA
Stalker2-Win64-Shipping.exe,17996,0x4DE2B640,DXGI,0,0,1,Hardware Composed: Independent Flip,1597.6762,NA,52.86810000000001,53.27490000000000,0.27430000000000,46.25060000000001,46.2702,1545.0648,52.8857,52.6114,0.2743,45.4449,53.4171,49.4950,3.9221,-1.1402,1545.0648,NA,NA,NA
Stalker2-Win64-Shipping.exe,17996,0x4DE2B640,DXGI,0,0,1,Hardware Composed: Independent Flip,1651.0231,NA,53.34690000000001,53.66840000000001,0.25100000000000,45.40360000000000,46.5917,1597.9505,53.3236,53.0726,0.2510,45.9763,52.4999,48.5517,3.9482,-0.7827,1597.9505,NA,NA,NA
Stalker2-Win64-Shipping.exe,17996,0x4DE2B640,DXGI,0,0,1,Hardware Composed: Independent Flip,1703.6834,NA,52.66030000000000,52.13410000000000,0.28020000000000,46.05030000000000,46.0655,1651.2741,52.6895,52.4093,0.2802,45.1526,53.3070,49.4272,3.8798,1.1895,1651.2741,NA,NA,NA
Stalker2-Win64-Shipping.exe,17996,0x4DE2B640,DXGI,0,0,1,Hardware Composed: Independent Flip,1756.4517,NA,52.76830000000000,52.90160000000000,0.26690000000000,45.73330000000000,46.1988,1703.9636,52.7550,52.4881,0.2669,45.7701,52.4513,48.9307,3.5206,-0.2121,1703.9636,NA,NA,NA
Stalker2-Win64-Shipping.exe,17996,0x4DE2B640,DXGI,0,0,1,Hardware Composed: Independent Flip,1809.5247,NA,53.07300000000000,52.26430000000001,0.25590000000000,45.36960000000001,45.3901,1756.7186,53.0620,52.8061,0.2559,45.4664,52.7093,48.7652,3.9441,0.4907,1756.7186,NA,NA,NA
Stalker2-Win64-Shipping.exe,17996,0x4DE2B640,DXGI,0,0,1,Hardware Composed: Independent Flip,1862.3101,NA,52.78540000000000,54.61110000000000,0.26600000000000,47.02390000000000,47.2158,1809.7806,52.7955,52.5295,0.2660,45.1137,54.4397,50.5137,3.9260,-1.5491,1809.7806,NA,NA,NA
Stalker2-Win64-Shipping.exe,17996,0x4DE2B640,DXGI,0,0,1,Hardware Composed: Independent Flip,1914.8906,NA,52.58050000000000,52.19330000000000,0.24470000000000,46.17480000000000,46.8286,1862.5761,52.5592,52.3145,0.2447,46.7579,51.7314,49.6917,2.0397,0.6022,1862.5761,NA,NA,NA
Stalker2-Win64-Shipping.exe,17996,0x4DE2B640,DXGI,0,0,1,Hardware Composed: Independent Flip,1967.6215,NA,52.73090000000001,51.83450000000001,0.27460000000000,45.91850000000000,45.9322,1915.1353,52.7608,52.4862,0.2746,45.9301,52.4746,49.1986,3.2760,0.7247,1915.1353,NA,NA,NA
Stalker2-Win64-Shipping.exe,17996,0x4DE2B640,DXGI,0,0,1,Hardware Composed: Independent Flip,2020.1858,NA,52.56430000000000,52.85400000000000,0.26030000000000,45.46310000000000,46.2219,1967.8961,52.5500,52.2897,0.2603,45.6439,52.1089,48.7717,3.3372,-0.0932,1967.8961,NA,NA,NA
Stalker2-Win64-Shipping.exe,17996,0x4DE2B640,DXGI,0,0,1,Hardware Composed: Independent Flip,2074.0380,NA,53.85220000000000,53.21790000000000,0.28310000000000,45.57160000000000,45.5876,2020.4461,53.8750,53.5919,0.2831,45.2028,53.9607,48.8723,5.0884,-0.6679,2020.4461,NA,NA,NA
Stalker2-Win64-Shipping.exe,17996,0x4DE2B640,DXGI,0,0,1,Hardware Composed: Independent Flip,2125.8183,NA,51.78030000000000,53.14860000000000,0.27660000000000,45.97480000000000,46.9559,2074.3211,51.7738,51.4972,0.2766,45.2885,52.1835,49.0932,3.0903,0.7264,2074.3211,NA,NA,NA
Stalker2-Win64-Shipping.exe,17996,0x4DE2B640,DXGI,0,0,1,Hardware Composed: Independent Flip,2179.3096,NA,53.49130000000000,52.74430000000000,0.25390000000000,46.18800000000000,46.2089,2126.0949,53.4686,53.2147,0.2539,45.6982,53.7045,49.7733,3.9312,-0.9705,2126.0949,NA,NA,NA
Stalker2-Win64-Shipping.exe,17996,0x4DE2B640,DXGI,0,0,1,Hardware Composed: Independent Flip,2231.8474,NA,52.53780000000000,52.83160000000000,0.26000000000000,45.68450000000000,46.5027,2179.5635,52.5439,52.2839,0.2600,45.9341,52.0343,49.4143,2.6200,0.6370,2179.5635,NA,NA,NA
Stalker2-Win64-Shipping.exe,17996,0x4DE2B640,DXGI,0,0,1,Hardware Composed: Independent Flip,2284.9314,NA,53.08400000000000,52.31390000000000,0.27750000000000,45.69130000000001,45.7326,2232.1074,53.1015,52.8240,0.2775,45.4245,53.0908,49.1303,3.9605,0.2300,2232.1074,NA,NA,NA
Stalker2-Win64-Shipping.exe,17996,0x4DE2B640,DXGI,0,0,1,Hardware Composed: Independent Flip,2337.6223,NA,52.69090000000000,52.90780000000000,0.25020000000000,45.29500000000000,45.9495,2285.2089,52.6636,52.4134,0.2502,45.4138,52.2946,48.5729,3.7217,0.1937,2285.2089,NA,NA,NA
Stalker2-Win64-Shipping.exe,17996,0x4DE2B640,DXGI,0,0,1,Hardware Composed: Independent Flip,2391.0706,NA,53.44830000000000,53.33140000000000,0.34150000000000,45.79200000000000,45.8326,2337.8725,53.5396,53.1981,0.3415,45.0448,53.9453,49.2596,4.6857,-0.6678,2337.8725,NA,NA,NA
Stalker2-Win64-Shipping.exe,17996,0x4DE2B640,DXGI,0,0,1,Hardware Composed: Independent Flip,2444.1701,NA,53.09950000000000,53.79940000000001,0.23480000000000,45.69890000000000,46.5325,2391.4121,52.9928,52.7580,0.2348,45.4505,53.0064,48.9865,4.0199,-0.2598,2391.4121,NA,NA,NA
Stalker2-Win64-Shipping.exe,17996,0x4DE2B640,DXGI,0,0,1,Hardware Composed: Independent Flip,2496.9618,NA,52.79170000000001,53.23120000000000,0.26010000000000,46.95880000000000,46.9720,2444.4049,52.8170,52.5569,0.2601,45.4641,54.0516,50.8988,3.1528,-0.2384,2444.4049,NA,NA,NA
Stalker2-Win64-Shipping.exe,17996,0x4DE2B640,DXGI,0,0,1,Hardware Composed: Independent Flip,2550.1857,NA,53.22390000000000,51.93760000000000,0.27790000000000,45.18110000000000,45.6857,2497.2219,53.2417,52.9638,0.2779,46.6987,51.4462,48.4153,3.0309,0.8794,2497.2219,NA,NA,NA
Stalker2-Win64-Shipping.exe,17996,0x4DE2B640,DXGI,0,0,1,Hardware Composed: Independent Flip,2602.7697,NA,52.58400000000000,53.06670000000000,0.25260000000000,46.15510000000000,46.1684,2550.4636,52.5587,52.3061,0.2526,44.9032,53.5580,49.5573,4.0007,0.1750,2550.4636,NA,NA,NA
Stalker2-Win64-Shipping.exe,17996,0x4DE2B640,DXGI,0,0,1,Hardware Composed: Independent Flip,2655.5825,NA,52.81280000000000,54.05480000000000,0.26710000000000,46.10530000000000,47.4104,2603.0223,52.8273,52.5602,0.2671,45.9025,52.7630,49.3550,3.4080,-1.4961,2603.0223,NA,NA,NA
Stalker2-Win64-Shipping.exe,17996,0x4DE2B640,DXGI,0,0,1,Hardware Composed: Independent Flip,2708.6715,NA,53.08900000000001,51.42890000000001,0.23440000000000,45.73290000000000,45.7503,2655.8496,53.0563,52.8219,0.2344,45.8382,52.7166,49.2789,3.4377,1.3984,2655.8496,NA,NA,NA
Stalker2-Win64-Shipping.exe,17996,0x4DE2B640,DXGI,0,0,1,Hardware Composed: Independent Flip,2761.5615,NA,52.89000000000000,52.37420000000000,0.27390000000000,45.16690000000001,45.2345,2708.9059,52.9295,52.6556,0.2739,45.4985,52.3240,48.7737,3.5503,0.6821,2708.9059,NA,NA,NA
Stalker2-Win64-Shipping.exe,17996,0x4DE2B640,DXGI,0,0,1,Hardware Composed: Independent Flip,2815.3383,NA,53.77680000000000,54.02800000000001,0.32590000000000,45.46610000000000,45.4857,2761.8354,53.8288,53.5029,0.3259,44.8930,54.0760,49.4219,4.6541,-1.0985,2761.8354,NA,NA,NA
Stalker2-Win64-Shipping.exe,17996,0x4DE2B640,DXGI,0,0,1,Hardware Composed: Independent Flip,2868.2506,NA,52.91230000000000,53.94260000000001,0.26240000000000,45.69650000000000,46.5160,2815.6642,52.8488,52.5864,0.2624,45.1402,53.1427,48.8973,4.2454,-0.1138,2815.6642,NA,NA,NA
Stalker2-Win64-Shipping.exe,17996,0x4DE2B640,DXGI,0,0,1,Hardware Composed: Independent Flip,2920.6202,NA,52.36960000000001,51.73230000000000,0.27490000000000,45.86360000000001,45.8787,2868.5130,52.3821,52.1072,0.2749,45.4341,52.5367,49.1087,3.4280,1.1165,2868.5130,NA,NA,NA
Stalker2-Win64-Shipping.exe,17996,0x4DE2B640,DXGI,0,0,1,Hardware Composed: Independent Flip,2973.2980,NA,52.67780000000000,52.29360000000000,0.28430000000000,45.47340000000001,45.4945,2920.8951,52.6872,52.4029,0.2843,45.5887,52.2876,48.6925,3.5951,0.0885,2920.8951,NA,NA,NA
Stalker2-Win64-Shipping.exe,17996,0x4DE2B640,DXGI,0,0,1,Hardware Composed: Independent Flip,3026.5800,NA,53.28200000000000,53.93370000000000,0.26150000000000,46.11020000000000,46.1462,2973.5823,53.2592,52.9977,0.2615,45.1891,53.9188,49.8259,4.0929,-1.2465,2973.5823,NA,NA,NA
Stalker2-Win64-Shipping.exe,17996,0x4DE2B640,DXGI,0,0,1,Hardware Composed: Independent Flip,3079.1252,NA,52.54520000000000,53.05920000000000,0.33870000000000,46.06340000000000,46.6602,3026.8415,52.6224,52.2837,0.3387,45.8487,52.4984,49.2513,3.2471,0.2000,3026.8415,NA,NA,NA
Stalker2-Win64-Shipping.exe,17996,0x4DE2B640,DXGI,0,0,1,Hardware Composed: Independent Flip,3131.5209,NA,52.39570000000001,52.36340000000001,0.23520000000000,46.61370000000000,46.6279,3079.4639,52.2922,52.0570,0.2352,45.7247,52.9460,50.5717,2.3743,0.2590,3079.4639,NA,NA,NA
Stalker2-Win64-Shipping.exe,17996,0x4DE2B640,DXGI,0,0,1,Hardware Composed: Independent Flip,3184.5976,NA,53.07670000000000,53.02890000000000,0.26620000000000,46.26230000000000,46.5801,3131.7561,53.1077,52.8415,0.2662,46.3785,52.7253,49.7109,3.0144,-0.7367,3131.7561,NA,NA,NA
Stalker2-Win64-Shipping.exe,17996,0x4DE2B640,DXGI,0,0,1,Hardware Composed: Independent Flip,3237.3059,NA,52.70830000000000,51.65340000000000,0.26630000000000,45.49140000000000,45.5252,3184.8638,52.7084,52.4421,0.2663,45.9961,51.9374,48.6792,3.2582,1.4543,3184.8638,NA,NA,NA
Stalker2-Win64-Shipping.exe,17996,0x4DE2B640,DXGI,0,0,1,Hardware Composed: Independent Flip,3290.5140,NA,53.20810000000000,52.96830000000000,0.25340000000000,45.27100000000000,45.2854,3237.5722,53.1952,52.9418,0.2534,45.2251,52.9877,48.4692,4.5185,-0.2599,3237.5722,NA,NA,NA
Stalker2-Win64-Shipping.exe,17996,0x4DE2B640,DXGI,0,0,1,Hardware Composed: Independent Flip,3343.9196,NA,53.40560000000000,54.42660000000000,0.28650000000000,45.72830000000000,46.3064,3290.7674,53.4387,53.1522,0.2865,45.0176,53.8629,49.0018,4.8611,-1.2314,3290.7674,NA,NA,NA
Stalker2-Win64-Shipping.exe,17996,0x4DE2B640,DXGI,0,0,1,Hardware Composed: Independent Flip,3397.6827,NA,53.76310000000000,53.66570000000000,0.25410000000000,45.92980000000000,46.2090,3344.2061,53.7307,53.4766,0.2541,45.4418,53.9646,49.2659,4.6987,-0.2270,3344.2061,NA,NA,NA
Stalker2-Win64-Shipping.exe,17996,0x4DE2B640,DXGI,0,0,1,Hardware Composed: Independent Flip,3451.5948,NA,53.91210000000000,53.21700000000001,0.27580000000000,45.44240000000000,45.5139,3397.9368,53.9338,53.6580,0.2758,45.6757,53.4247,48.7203,4.7044,0.5137,3397.9368,NA,NA,NA
Stalker2-Win64-Shipping.exe,17996,0x4DE2B640,DXGI,0,0,1,Hardware Composed: Independent Flip,3503.6225,NA,52.02770000000000,52.41710000000000,0.24270000000000,45.88560000000000,45.9033,3451.8706,51.9946,51.7519,0.2427,45.1666,52.4709,49.0923,3.3786,1.5167,3451.8706,NA,NA,NA
Stalker2-Win64-Shipping.exe,17996,0x4DE2B640,DXGI,0,0,1,Hardware Composed: Independent Flip,3556.6978,NA,53.07530000000001,52.82830000000001,0.26640000000000,45.63280000000000,45.6563,3503.8652,53.0990,52.8326,0.2664,45.6429,52.8225,49.3373,3.4852,-0.8337,3503.8652,NA,NA,NA
Stalker2-Win64-Shipping.exe,17996,0x4DE2B640,DXGI,0,0,1,Hardware Composed: Independent Flip,3609.0951,NA,52.39730000000000,52.32420000000000,0.26260000000000,45.31340000000000,45.5832,3556.9642,52.3935,52.1309,0.2626,45.3664,52.0779,48.5641,3.5138,0.7748,3556.9642,NA,NA,NA
Stalker2-Win64-Shipping.exe,17996,0x4DE2B640,DXGI,0,0,1,Hardware Composed: Independent Flip,3662.3223,NA,53.22720000000000,53.70390000000000,0.24760000000000,46.04250000000000,46.0599,3609.3577,53.2122,52.9646,0.2476,45.0508,53.9563,49.2510,4.7053,-1.3104,3609.3577,NA,NA,NA
Stalker2-Win64-Shipping.exe,17996,0x4DE2B640,DXGI,0,0,1,Hardware Composed: Independent Flip,3715.1950,NA,52.87270000000000,53.89640000000000,0.27150000000000,46.06570000000000,47.0836,3662.5699,52.8966,52.6251,0.2715,45.7949,52.8959,49.2115,3.6844,-0.6842,3662.5699,NA,NA,NA
Stalker2-Win64-Shipping.exe,17996,0x4DE2B640,DXGI,0,0,1,Hardware Composed: Independent Flip,3768.1753,NA,52.98030000000000,52.90670000000000,0.26750000000000,46.98250000000000,47.0100,3715.4665,52.9763,52.7088,0.2675,45.7942,53.8971,50.1369,3.7602,-0.0101,3715.4665,NA,NA,NA
Stalker2-Win64-Shipping.exe,17996,0x4DE2B640,DXGI,0,0,1,Hardware Composed: Independent Flip,3821.5196,NA,53.34430000000000,52.66420000000000,0.27330000000000,45.83430000000000,46.3299,3768.4428,53.3501,53.0768,0.2733,46.7150,52.1961,49.0171,3.1790,0.3121,3768.4428,NA,NA,NA
Stalker2-Win64-Shipping.exe,17996,0x4DE2B640,DXGI,0,0,1,Hardware Composed: Independent Flip,3874.0935,NA,52.57390000000000,51.81120000000000,0.24650000000000,45.53330000000000,45.5672,3821.7929,52.5471,52.3006,0.2465,45.5610,52.2729,48.8502,3.4227,1.5389,3821.7929,NA,NA,NA
Stalker2-Win64-Shipping.exe,17996,0x4DE2B640,DXGI,0,0,1,Hardware Composed: Independent Flip,3927.6576,NA,53.56410000000000,53.08550000000000,0.24360000000000,44.83990000000000,45.0886,3874.3400,53.5612,53.3176,0.2436,45.2868,52.8707,48.6999,4.1708,-0.5384,3874.3400,NA,NA,NA
Stalker2-Win64-Shipping.exe,17996,0x4DE2B640,DXGI,0,0,1,Hardware Composed: Independent Flip,3980.7181,NA,53.06050000000000,53.96570000000001,0.30730000000000,45.96670000000000,45.9938,3927.9012,53.1242,52.8169,0.3073,44.5963,54.1873,49.6021,4.5852,-0.4045,3927.9012,NA,NA,NA
Stalker2-Win64-Shipping.exe,17996,0x4DE2B640,DXGI,0,0,1,Hardware Composed: Independent Flip,4032.9081,NA,52.19000000000000,52.34670000000001,0.26610000000000,45.61850000000000,46.1505,3981.0254,52.1488,51.8827,0.2661,45.6594,51.8418,48.7681,3.0737,0.7775,3981.0254,NA,NA,NA
Stalker2-Win64-Shipping.exe,17996,0x4DE2B640,DXGI,0,0,1,Hardware Composed: Independent Flip,4085.9622,NA,53.05410000000001,53.17380000000000,0.31270000000000,46.25600000000000,46.2702,4033.1742,53.1007,52.7880,0.3127,45.3524,53.6916,49.5146,4.1770,-1.0250,4033.1742,NA,NA,NA
Stalker2-Win64-Shipping.exe,17996,0x4DE2B640,DXGI,0,0,1,Hardware Composed: Independent Flip,4138.6747,NA,52.71250000000001,53.65330000000000,0.26630000000000,46.05430000000000,47.2110,4086.2749,52.6661,52.3998,0.2663,45.9433,52.5108,49.1521,3.3587,-0.5526,4086.2749,NA,NA,NA
Stalker2-Win64-Shipping.exe,17996,0x4DE2B640,DXGI,0,0,1,Hardware Composed: Independent Flip,4192.0149,NA,53.34020000000000,51.82600000000000,0.27830000000000,45.68320000000000,45.6968,4138.9410,53.3522,53.0739,0.2783,45.7880,52.9691,48.8902,4.0789,0.8401,4138.9410,NA,NA,NA
Stalker2-Win64-Shipping.exe,17996,0x4DE2B640,DXGI,0,0,1,Hardware Composed: Independent Flip,4246.1897,NA,54.17480000000000,54.55790000000000,0.25980000000000,45.74270000000000,46.0799,4192.2932,54.1563,53.8965,0.2598,45.4049,54.2343,49.0873,5.1470,-1.2057,4192.2932,NA,NA,NA
Stalker2-Win64-Shipping.exe,17996,0x4DE2B640,DXGI,0,0,1,Hardware Composed: Independent Flip,4298.0935,NA,51.90380000000000,52.21680000000000,0.24570000000000,45.89140000000000,46.3929,4246.4495,51.8897,51.6440,0.2457,45.4829,52.0525,49.0621,2.9904,1.9395,4246.4495,NA,NA,NA
Stalker2-Win64-Shipping.exe,17996,0x4DE2B640,DXGI,0,0,1,Hardware Composed: Independent Flip,4350.9533,NA,52.85980000000000,52.20290000000000,0.25730000000000,45.70030000000001,45.7360,4298.3392,52.8714,52.6141,0.2573,45.6457,52.6687,49.3281,3.3406,-0.3132,4298.3392,NA,NA,NA
Stalker2-Win64-Shipping.exe,17996,0x4DE2B640,DXGI,0,0,1,Hardware Composed: Independent Flip,4403.7314,NA,52.77810000000000,54.85490000000000,0.26060000000000,47.19570000000000,47.8128,4351.2106,52.7814,52.5208,0.2606,45.4430,54.2735,50.2396,4.0339,-1.9835,4351.2106,NA,NA,NA
Stalker2-Win64-Shipping.exe,17996,0x4DE2B640,DXGI,0,0,1,Hardware Composed: Independent Flip,4456.5912,NA,52.85980000000000,51.16160000000000,0.26790000000000,45.76820000000000,46.1146,4403.9920,52.8671,52.5992,0.2679,46.9351,51.4323,48.9547,2.4776,1.6198,4403.9920,NA,NA,NA
Stalker2-Win64-Shipping.exe,17996,0x4DE2B640,DXGI,0,0,1,Hardware Composed: Independent Flip,4509.5322,NA,52.94100000000000,52.36910000000000,0.25600000000000,45.50520000000000,45.5427,4456.8591,52.9291,52.6731,0.2560,45.5003,52.6780,48.6705,4.0075,0.4980,4456.8591,NA,NA,NA
Stalker2-Win64-Shipping.exe,17996,0x4DE2B640,DXGI,0,0,1,Hardware Composed: Independent Flip,4562.3100,NA,52.77780000000000,54.65300000000001,0.27000000000000,46.19680000000000,47.4179,4509.7882,52.7918,52.5218,0.2700,45.2492,53.4694,49.3164,4.1530,-1.7239,4509.7882,NA,NA,NA
Stalker2-Win64-Shipping.exe,17996,0x4DE2B640,DXGI,0,0,1,Hardware Composed: Independent Flip,4615.2004,NA,52.89040000000000,52.03460000000000,0.26620000000000,46.53970000000000,46.5621,4562.5800,52.8866,52.6204,0.2662,45.9268,53.2333,49.6711,3.5622,0.7572,4562.5800,NA,NA,NA
Stalker2-Win64-Shipping.exe,17996,0x4DE2B640,DXGI,0,0,1,Hardware Composed: Independent Flip,4668.4857,NA,53.28530000000000,51.75670000000000,0.23980000000000,45.01380000000000,45.0335,4615.4666,53.2589,53.0191,0.2398,46.2735,51.7594,48.1079,3.6515,1.1299,4615.4666,NA,NA,NA
Stalker2-Win64-Shipping.exe,17996,0x4DE2B640,DXGI,0,0,1,Hardware Composed: Independent Flip,4721.9802,NA,53.49450000000000,54.42970000000000,0.26090000000000,45.95490000000000,45.9687,4668.7255,53.5156,53.2547,0.2609,44.7740,54.4356,49.4883,4.9473,-1.1708,4668.7255,NA,NA,NA
Stalker2-Win64-Shipping.exe,17996,0x4DE2B640,DXGI,0,0,1,Hardware Composed: Independent Flip,4775.8836,NA,53.90340000000000,54.86830000000000,0.25320000000000,45.76380000000000,46.9336,4722.2411,53.8957,53.6425,0.2532,45.6940,53.7123,49.0290,4.6833,-1.3527,4722.2411,NA,NA,NA
Stalker2-Win64-Shipping.exe,17996,0x4DE2B640,DXGI,0,0,1,Hardware Composed: Independent Flip,4828.4858,NA,52.60220000000000,51.36930000000000,0.28910000000000,45.68170000000000,45.7007,4776.1368,52.6381,52.3490,0.2891,45.5106,52.5201,49.0891,3.4310,2.5264,4776.1368,NA,NA,NA
Stalker2-Win64-Shipping.exe,17996,0x4DE2B640,DXGI,0,0,1,Hardware Composed: Independent Flip,4881.4233,NA,52.93750000000000,52.85750000000000,0.26780000000000,45.59910000000000,45.6207,4828.7749,52.9162,52.6484,0.2678,45.3926,52.8549,48.7480,4.1069,-0.2194,4828.7749,NA,NA,NA
Stalker2-Win64-Shipping.exe,17996,0x4DE2B640,DXGI,0,0,1,Hardware Composed: Independent Flip,4934.6906,NA,53.26730000000001,53.79090000000000,0.26630000000000,45.62120000000000,46.1443,4881.6911,53.2658,52.9995,0.2663,45.3313,53.2894,48.8449,4.4445,-0.8747,4881.6911,NA,NA,NA
Stalker2-Win64-Shipping.exe,17996,0x4DE2B640,DXGI,0,0,1,Hardware Composed: Independent Flip,4987.8519,NA,53.16130000000000,52.44260000000001,0.27240000000000,45.38570000000000,45.4256,4934.9569,53.1674,52.8950,0.2724,45.3549,52.9258,48.6005,4.3253,0.8232,4934.9569,NA,NA,NA
Stalker2-Win64-Shipping.exe,17996,0x4DE2B640,DXGI,0,0,1,Hardware Composed: Independent Flip,5040.5037,NA,52.65180000000000,54.05230000000000,0.25580000000000,46.81080000000000,46.8261,4988.1243,52.6352,52.3794,0.2558,45.1133,54.0769,50.1174,3.9595,-0.8849,4988.1243,NA,NA,NA
Stalker2-Win64-Shipping.exe,17996,0x4DE2B640,DXGI,0,0,1,Hardware Composed: Independent Flip,5093.0273,NA,52.52360000000000,51.75250000000000,0.29650000000000,45.34610000000000,46.0550,5040.7595,52.5643,52.2678,0.2965,46.5550,51.0589,48.5931,2.4658,0.8827,5040.7595,NA,NA,NA
Stalker2-Win64-Shipping.exe,17996,0x4DE2B640,DXGI,0,0,1,Hardware Composed: Independent Flip,5145.9517,NA,52.92440000000001,52.89800000000000,0.24920000000000,46.00980000000001,46.0286,5093.3238,52.8771,52.6279,0.2492,45.0496,53.5881,49.6924,3.8957,-0.3337,5093.3238,NA,NA,NA
Stalker2-Win64-Shipping.exe,17996,0x4DE2B640,DXGI,0,0,1,Hardware Composed: Independent Flip,5198.5914,NA,52.63970000000000,54.07340000000000,0.26350000000000,45.90300000000000,47.4623,5146.2009,52.6540,52.3905,0.2635,45.7606,52.5329,49.0534,3.4795,-1.1963,5146.2009,NA,NA,NA
Stalker2-Win64-Shipping.exe,17996,0x4DE2B640,DXGI,0,0,1,Hardware Composed: Independent Flip,5251.4283,NA,52.83690000000000,50.86780000000000,0.26910000000000,45.45850000000000,45.4932,5198.8549,52.8425,52.5734,0.2691,45.6395,52.3924,48.6044,3.7880,1.7862,5198.8549,NA,NA,NA
Stalker2-Win64-Shipping.exe,17996,0x4DE2B640,DXGI,0,0,1,Hardware Composed: Independent Flip,5304.1236,NA,52.69530000000000,53.13650000000001,0.25370000000000,45.89110000000000,45.9344,5251.6974,52.6799,52.4262,0.2537,45.1894,53.1279,49.1470,3.9809,-0.2940,5251.6974,NA,NA,NA
Stalker2-Win64-Shipping.exe,17996,0x4DE2B640,DXGI,0,0,1,Hardware Composed: Independent Flip,5357.4883,NA,53.36470000000000,53.16780000000000,0.27640000000000,45.50650000000000,45.7375,5304.3773,53.3874,53.1110,0.2764,45.6374,52.9801,48.8088,4.1713,-0.4879,5304.3773,NA,NA,NA
Stalker2-Win64-Shipping.exe,17996,0x4DE2B640,DXGI,0,0,1,Hardware Composed: Independent Flip,5411.4196,NA,53.93130000000000,53.78010000000000,0.27220000000000,45.57220000000000,45.5863,5357.7647,53.9271,53.6549,0.2722,45.2301,53.9970,48.9099,5.0871,-0.3927,5357.7647,NA,NA,NA
Stalker2-Win64-Shipping.exe,17996,0x4DE2B640,DXGI,0,0,1,Hardware Composed: Independent Flip,5463.5338,NA,52.11420000000000,52.60830000000000,0.26310000000000,45.60790000000000,46.0804,5411.6918,52.1051,51.8420,0.2631,45.3000,52.1499,48.8023,3.3476,1.3188,5411.6918,NA,NA,NA
Stalker2-Win64-Shipping.exe,17996,0x4DE2B640,DXGI,0,0,1,Hardware Composed: Independent Flip,5516.2103,NA,52.67650000000000,52.41200000000000,0.27260000000000,45.78190000000000,45.8159,5463.7969,52.6860,52.4134,0.2726,45.3448,52.8505,49.1716,3.6789,-0.3069,5463.7969,NA,NA,NA
Stalker2-Win64-Shipping.exe,17996,0x4DE2B640,DXGI,0,0,1,Hardware Composed: Independent Flip,5569.8598,NA,53.64950000000000,53.85590000000001,0.26080000000000,45.55630000000000,46.0223,5516.4829,53.6377,53.3769,0.2608,45.5093,53.4239,48.7948,4.6291,-1.1699,5516.4829,NA,NA,NA
Stalker2-Win64-Shipping.exe,17996,0x4DE2B640,DXGI,0,0,1,Hardware Composed: Independent Flip,5623.5994,NA,53.73960000000000,53.48700000000000,0.27530000000000,45.75630000000000,45.7697,5570.1206,53.7541,53.4788,0.2753,45.2955,53.9396,49.2373,4.7023,0.1507,5570.1206,NA,NA,NA
Stalker2-Win64-Shipping.exe,17996,0x4DE2B640,DXGI,0,0,1,Hardware Composed: Independent Flip,5675.4218,NA,51.82240000000000,53.61050000000000,0.25150000000000,47.35720000000000,47.5578,5623.8747,51.7986,51.5471,0.2515,45.4810,53.4233,50.4387,2.9846,0.1436,5623.8747,NA,NA,NA
Stalker2-Win64-Shipping.exe,17996,0x4DE2B640,DXGI,0,0,1,Hardware Composed: Independent Flip,5728.1558,NA,52.73400000000000,51.41730000000000,0.26390000000000,46.20270000000000,46.2411,5675.6733,52.7464,52.4825,0.2639,47.1057,51.5795,49.3594,2.2201,0.3813,5675.6733,NA,NA,NA
Stalker2-Win64-Shipping.exe,17996,0x4DE2B640,DXGI,0,0,1,Hardware Composed: Independent Flip,5781.1418,NA,52.98600000000000,52.63770000000000,0.30780000000000,45.87260000000001,45.8928,5728.4197,53.0299,52.7221,0.3078,45.9388,52.6559,49.0275,3.6284,0.1087,5728.4197,NA,NA,NA
Stalker2-Win64-Shipping.exe,17996,0x4DE2B640,DXGI,0,0,1,Hardware Composed: Independent Flip,5834.2401,NA,53.09830000000000,53.77550000000000,0.28450000000000,45.70720000000000,46.5700,5781.4496,53.0750,52.7905,0.2845,45.5648,52.9329,48.9127,4.0202,-0.7456,5781.4496,NA,NA,NA
Stalker2-Win64-Shipping.exe,17996,0x4DE2B640,DXGI,0,0,1,Hardware Composed: Independent Flip,5886.6222,NA,52.38210000000000,51.45400000000000,0.25690000000000,45.62810000000000,45.6419,5834.5246,52.3545,52.0976,0.2569,45.4227,52.3030,49.6148,2.6882,1.6210,5834.5246,NA,NA,NA
Stalker2-Win64-Shipping.exe,17996,0x4DE2B640,DXGI,0,0,1,Hardware Composed: Independent Flip,5940.6390,NA,54.01680000000000,53.57560000000000,0.26700000000000,45.18460000000000,45.2007,5886.8791,54.0269,53.7599,0.2670,45.3712,53.5733,48.7548,4.8185,-1.2211,5886.8791,NA,NA,NA
Stalker2-Win64-Shipping.exe,17996,0x4DE2B640,DXGI,0,0,1,Hardware Composed: Independent Flip,5994.2834,NA,53.64440000000000,55.07580000000000,0.25990000000000,45.85230000000000,46.6321,5940.9060,53.6373,53.3774,0.2599,44.9176,54.3121,49.5898,4.7223,-1.0489,5940.9060,NA,NA,NA
Stalker2-Win64-Shipping.exe,17996,0x4DE2B640,DXGI,0,0,1,Hardware Composed: Independent Flip,6046.8738,NA,52.59040000000000,52.12970000000000,0.30910000000000,45.89600000000000,46.1714,5994.5433,52.6396,52.3305,0.3091,45.5924,52.6341,49.0992,3.5349,1.5076,5994.5433,NA,NA,NA
Stalker2-Win64-Shipping.exe,17996,0x4DE2B640,DXGI,0,0,1,Hardware Composed: Independent Flip,6099.0456,NA,52.17180000000000,51.94210000000000,0.25270000000000,45.92850000000000,45.9417,6047.1829,52.1154,51.8627,0.2527,45.5869,52.2043,49.0479,3.1564,0.6975,6047.1829,NA,NA,NA
Stalker2-Win64-Shipping.exe,17996,0x4DE2B640,DXGI,0,0,1,Hardware Composed: Independent Flip,6151.9763,NA,52.93070000000000,53.07440000000000,0.28630000000000,45.75660000000000,46.0854,6099.2983,52.9643,52.6780,0.2863,45.6758,52.7588,48.8818,3.8770,-0.9590,6099.2983,NA,NA,NA
Stalker2-Win64-Shipping.exe,17996,0x4DE2B640,DXGI,0,0,1,Hardware Composed: Independent Flip,6205.1091,NA,53.13280000000000,53.38390000000000,0.37900000000000,46.32050000000000,46.3365,6152.2626,53.2255,52.8465,0.3790,45.4703,53.6967,49.6596,4.0371,-0.4196,6152.2626,NA,NA,NA
Stalker2-Win64-Shipping.exe,17996,0x4DE2B640,DXGI,0,0,1,Hardware Composed: Independent Flip,6258.0470,NA,52.93790000000000,52.57040000000000,0.23010000000000,45.51030000000000,45.9690,6205.4881,52.7890,52.5589,0.2301,45.9415,52.1277,48.9947,3.1330,0.6551,6205.4881,NA,NA,NA
Stalker2-Win64-Shipping.exe,17996,0x4DE2B640,DXGI,0,0,1,Hardware Composed: Independent Flip,6312.2397,NA,54.19270000000000,56.30830000000000,0.28240000000000,48.04460000000000,48.0846,6258.2771,54.2450,53.9626,0.2824,45.2802,56.7270,51.6805,5.0465,-3.5193,6258.2771,NA,NA,NA
Stalker2-Win64-Shipping.exe,17996,0x4DE2B640,DXGI,0,0,1,Hardware Composed: Independent Flip,6364.1410,NA,51.90130000000000,51.45970000000001,0.26240000000000,45.40040000000000,47.6430,6312.5221,51.8813,51.6189,0.2624,47.7622,49.2571,48.6054,0.6517,2.7853,6312.5221,NA,NA,NA
Stalker2-Win64-Shipping.exe,17996,0x4DE2B640,DXGI,0,0,1,Hardware Composed: Independent Flip,6417.1119,NA,52.97090000000000,51.09990000000001,0.26700000000000,45.75480000000000,45.7720,6364.4034,52.9755,52.7085,0.2670,45.1380,53.3253,49.1614,4.1639,0.7814,6364.4034,NA,NA,NA
Stalker2-Win64-Shipping.exe,17996,0x4DE2B640,DXGI,0,0,1,Hardware Composed: Independent Flip,6470.0028,NA,52.89090000000000,55.56930000000001,0.28680000000000,45.75960000000000,48.4504,6417.3789,52.9107,52.6239,0.2868,45.4878,52.8957,48.9154,3.9803,-2.5938,6417.3789,NA,NA,NA
Stalker2-Win64-Shipping.exe,17996,0x4DE2B640,DXGI,0,0,1,Hardware Composed: Independent Flip,6523.2949,NA,53.29210000000000,50.52270000000000,0.27080000000000,45.65790000000001,45.6810,6470.2896,53.2761,53.0053,0.2708,45.4728,53.1904,48.8502,4.3402,2.3880,6470.2896,NA,NA,NA
Stalker2-Win64-Shipping.exe,17996,0x4DE2B640,DXGI,0,0,1,Hardware Composed: Independent Flip,6576.5558,NA,53.26090000000000,53.62830000000000,0.27770000000000,45.95670000000000,46.0484,6523.5657,53.2678,52.9901,0.2777,45.3871,53.5597,49.2867,4.2730,-0.3522,6523.5657,NA,NA,NA
Stalker2-Win64-Shipping.exe,17996,0x4DE2B640,DXGI,0,0,1,Hardware Composed: Independent Flip,6630.7492,NA,54.19340000000000,53.38250000000000,0.26860000000000,44.90110000000000,45.2375,6576.8335,54.1843,53.9157,0.2686,45.6790,53.1378,48.2004,4.9374,-0.1147,6576.8335,NA,NA,NA
Stalker2-Win64-Shipping.exe,17996,0x4DE2B640,DXGI,0,0,1,Hardware Composed: Independent Flip,6683.4667,NA,52.71750000000000,52.82500000000000,0.26840000000000,45.32600000000000,45.3450,6631.0178,52.7173,52.4489,0.2684,44.6325,53.1424,49.0732,4.0692,1.3593,6631.0178,NA,NA,NA
Stalker2-Win64-Shipping.exe,17996,0x4DE2B640,DXGI,0,0,1,Hardware Composed: Independent Flip,6735.7863,NA,52.31960000000000,52.48530000000000,0.27440000000000,45.44050000000000,45.5107,6683.7351,52.3256,52.0512,0.2744,45.0576,52.4341,49.0513,3.3828,0.2320,6683.7351,NA,NA,NA
Stalker2-Win64-Shipping.exe,17996,0x4DE2B640,DXGI,0,0,1,Hardware Composed: Independent Flip,6789.0512,NA,53.26490000000000,53.85280000000000,0.25870000000000,46.07850000000001,46.0986,6736.0607,53.2492,52.9905,0.2587,45.1661,53.9029,49.3863,4.5166,-1.5272,6736.0607,NA,NA,NA
Stalker2-Win64-Shipping.exe,17996,0x4DE2B640,DXGI,0,0,1,Hardware Composed: Independent Flip,6842.7951,NA,53.74390000000000,55.15220000000000,0.26840000000000,46.71950000000000,47.5069,6789.3099,53.7536,53.4852,0.2684,45.8198,54.3849,49.9099,4.4750,-1.9030,6789.3099,NA,NA,NA
Stalker2-Win64-Shipping.exe,17996,0x4DE2B640,DXGI,0,0,1,Hardware Composed: Independent Flip,6895.6363,NA,52.84120000000000,51.14670000000000,0.30180000000000,45.60680000000000,45.8124,6843.0635,52.8746,52.5728,0.3018,46.4511,51.7285,48.8493,2.8792,2.6069,6843.0635,NA,NA,NA
Stalker2-Win64-Shipping.exe,17996,0x4DE2B640,DXGI,0,0,1,Hardware Composed: Independent Flip,6949.4125,NA,53.77620000000000,54.31780000000001,0.27690000000000,46.32610000000000,46.3540,6895.9381,53.7513,53.4744,0.2769,45.3050,54.4955,49.6824,4.8131,-1.4432,6895.9381,NA,NA,NA
Stalker2-Win64-Shipping.exe,17996,0x4DE2B640,DXGI,0,0,1,Hardware Composed: Independent Flip,7000.1898,NA,50.77730000000000,52.13190000000000,0.26340000000000,45.72370000000000,47.7086,6949.6894,50.7638,50.5004,0.2634,46.0492,50.1749,48.9878,1.1871,1.6194,6949.6894,NA,NA,NA
Stalker2-Win64-Shipping.exe,17996,0x4DE2B640,DXGI,0,0,1,Hardware Composed: Independent Flip,7053.7329,NA,53.54310000000000,50.92430000000000,0.28940000000000,45.07070000000000,45.0898,7000.4532,53.5691,53.2797,0.2894,45.4603,52.8901,49.1400,3.7501,-0.1605,7000.4532,NA,NA,NA
Stalker2-Win64-Shipping.exe,17996,0x4DE2B640,DXGI,0,0,1,Hardware Composed: Independent Flip,7106.8330,NA,53.10010000000000,55.47850000000000,0.28000000000000,45.63430000000000,47.4682,7054.0223,53.0907,52.8107,0.2800,44.7813,53.6637,49.0739,4.5898,-1.9094,7054.0223,NA,NA,NA
Stalker2-Win64-Shipping.exe,17996,0x4DE2B640,DXGI,0,0,1,Hardware Composed: Independent Flip,7158.7423,NA,51.90930000000000,50.08880000000000,0.30510000000000,45.63250000000000,45.6477,7107.1130,51.9344,51.6293,0.3051,45.3543,51.9075,48.7641,3.1434,3.0019,7107.1130,NA,NA,NA
Stalker2-Win64-Shipping.exe,17996,0x4DE2B640,DXGI,0,0,1,Hardware Composed: Independent Flip,7211.0608,NA,52.31850000000000,52.04400000000000,0.27790000000000,45.35890000000001,45.3732,7159.0474,52.2913,52.0134,0.2779,45.3274,52.0449,48.5095,3.5354,-0.1096,7159.0474,NA,NA,NA
Stalker2-Win64-Shipping.exe,17996,0x4DE2B640,DXGI,0,0,1,Hardware Composed: Independent Flip,7264.3537,NA,53.29290000000000,54.78530000000000,0.29400000000000,46.12380000000000,46.8656,7211.3387,53.3090,53.0150,0.2940,45.0810,54.0578,49.5254,4.5324,-2.4940,7211.3387,NA,NA,NA
Stalker2-Win64-Shipping.exe,17996,0x4DE2B640,DXGI,0,0,1,Hardware Composed: Independent Flip,7317.9554,NA,53.60170000000000,53.41800000000000,0.23400000000000,46.31410000000000,46.6819,7264.6477,53.5417,53.3077,0.2340,45.8298,53.7920,50.2629,3.5291,-0.1090,7264.6477,NA,NA,NA
Stalker2-Win64-Shipping.exe,17996,0x4DE2B640,DXGI,0,0,1,Hardware Composed: Independent Flip,7369.7485,NA,51.79310000000000,51.07290000000000,0.26870000000000,45.94050000000000,45.9617,7318.1894,51.8278,51.5591,0.2687,46.0801,51.4195,49.1729,2.2466,2.4688,7318.1894,NA,NA,NA
Stalker2-Win64-Shipping.exe,17996,0x4DE2B640,DXGI,0,0,1,Hardware Composed: Independent Flip,7422.9708,NA,53.22230000000000,53.02540000000000,0.30410000000000,45.74980000000000,45.7648,7370.0172,53.2577,52.9536,0.3041,45.6718,53.0316,48.9696,4.0620,-1.1976,7370.0172,NA,NA,NA
Stalker2-Win64-Shipping.exe,17996,0x4DE2B640,DXGI,0,0,1,Hardware Composed: Independent Flip,7474.8482,NA,51.87740000000000,52.77900000000000,0.26650000000000,45.55430000000000,46.6664,7423.2749,51.8398,51.5733,0.2665,45.4457,51.6819,48.8180,2.8639,0.4787,7423.2749,NA,NA,NA
Stalker2-Win64-Shipping.exe,17996,0x4DE2B640,DXGI,0,0,1,Hardware Composed: Independent Flip,7528.6362,NA,53.78800000000000,51.68050000000000,0.26790000000000,44.54370000000000,44.5589,7475.1147,53.7894,53.5215,0.2679,45.2878,52.7774,47.8835,4.8939,0.1593,7475.1147,NA,NA,NA
Stalker2-Win64-Shipping.exe,17996,0x4DE2B640,DXGI,0,0,1,Hardware Composed: Independent Flip,7581.5312,NA,52.89500000000000,56.71870000000001,0.29580000000000,47.73910000000000,48.3826,7528.9041,52.9229,52.6271,0.2958,44.2758,56.0904,51.0133,5.0771,-2.9293,7528.9041,NA,NA,NA
Stalker2-Win64-Shipping.exe,17996,0x4DE2B640,DXGI,0,0,1,Hardware Composed: Independent Flip,7635.3601,NA,53.82890000000000,51.80660000000000,0.25780000000000,45.08270000000000,46.3603,7581.8270,53.7909,53.5331,0.2578,47.4433,51.1725,48.3769,2.7956,1.1163,7581.8270,NA,NA,NA
Stalker2-Win64-Shipping.exe,17996,0x4DE2B640,DXGI,0,0,1,Hardware Composed: Independent Flip,7687.9367,NA,52.57660000000000,51.83880000000000,0.31670000000000,45.58610000000000,45.6225,7635.6179,52.6355,52.3188,0.3167,44.8249,53.0800,48.7677,4.3123,1.9521,7635.6179,NA,NA,NA
Stalker2-Win64-Shipping.exe,17996,0x4DE2B640,DXGI,0,0,1,Hardware Composed: Independent Flip,7740.9139,NA,52.97720000000000,54.47200000000000,0.27210000000000,45.49890000000000,47.1173,7688.2534,52.9326,52.6605,0.2721,45.2694,52.8900,48.7604,4.1296,-1.8365,7688.2534,NA,NA,NA
Stalker2-Win64-Shipping.exe,17996,0x4DE2B640,DXGI,0,0,1,Hardware Composed: Independent Flip,7793.6298,NA,52.71590000000000,51.66650000000000,0.26430000000000,46.04880000000000,46.0679,7741.1860,52.7081,52.4438,0.2643,45.2268,53.2658,49.1619,4.1039,1.2661,7741.1860,NA,NA,NA
Stalker2-Win64-Shipping.exe,17996,0x4DE2B640,DXGI,0,0,1,Hardware Composed: Independent Flip,7846.7744,NA,53.14460000000000,52.77460000000000,0.27400000000000,45.49590000000000,45.6979,7793.8941,53.1543,52.8803,0.2740,45.7845,52.5917,48.6281,3.9636,-0.0665,7793.8941,NA,NA,NA
Stalker2-Win64-Shipping.exe,17996,0x4DE2B640,DXGI,0,0,1,Hardware Composed: Independent Flip,7899.8934,NA,53.11900000000000,53.76550000000000,0.26380000000000,46.32770000000000,46.3444,7847.0484,53.1088,52.8450,0.2638,45.2219,53.9508,49.5988,4.3520,-0.6112,7847.0484,NA,NA,NA
Stalker2-Win64-Shipping.exe,17996,0x4DE2B640,DXGI,0,0,1,Hardware Composed: Independent Flip,7952.9893,NA,53.09590000000000,52.61490000000001,0.24900000000000,45.16380000000000,45.8634,7900.1572,53.0811,52.8321,0.2490,46.0639,51.9320,48.3869,3.5451,0.4939,7900.1572,NA,NA,NA
Stalker2-Win64-Shipping.exe,17996,0x4DE2B640,DXGI,0,0,1,Hardware Composed: Independent Flip,8006.7047,NA,53.71540000000000,53.59330000000000,0.25840000000000,45.72730000000000,45.7413,7953.2383,53.7248,53.4664,0.2584,44.9148,54.2789,49.4754,4.8035,-0.5122,7953.2383,NA,NA,NA
Stalker2-Win64-Shipping.exe,17996,0x4DE2B640,DXGI,0,0,1,Hardware Composed: Independent Flip,8059.0492,NA,52.34450000000000,53.39280000000000,0.35250000000000,45.48580000000000,46.7896,8006.9631,52.4386,52.0861,0.3525,45.4689,52.1030,48.6925,3.4105,0.3320,8006.9631,NA,NA,NA
Stalker2-Win64-Shipping.exe,17996,0x4DE2B640,DXGI,0,0,1,Hardware Composed: Independent Flip,8112.9684,NA,53.91920000000000,53.12680000000000,0.26310000000000,45.98050000000000,45.9972,8059.4017,53.8298,53.5667,0.2631,45.1333,54.4139,49.5089,4.9050,-0.6882,8059.4017,NA,NA,NA
Stalker2-Win64-Shipping.exe,17996,0x4DE2B640,DXGI,0,0,1,Hardware Composed: Independent Flip,8164.8718,NA,51.90340000000000,52.67010000000001,0.24770000000000,45.49240000000000,46.7639,8113.2315,51.8880,51.6403,0.2477,45.7174,51.4153,48.8270,2.5883,1.1597,8113.2315,NA,NA,NA
Stalker2-Win64-Shipping.exe,17996,0x4DE2B640,DXGI,0,0,1,Hardware Composed: Independent Flip,8218.9831,NA,54.11130000000000,54.27640000000000,0.26560000000000,46.91230000000000,46.9290,8165.1195,54.1292,53.8636,0.2656,45.2447,55.5312,50.2457,5.2855,-2.3884,8165.1195,NA,NA,NA
Stalker2-Win64-Shipping.exe,17996,0x4DE2B640,DXGI,0,0,1,Hardware Composed: Independent Flip,8270.9386,NA,51.95550000000000,52.86150000000000,0.25150000000000,45.62610000000000,47.8350,8219.2487,51.9414,51.6899,0.2515,46.6467,50.6693,48.7889,1.8804,1.2677,8219.2487,NA,NA,NA
Stalker2-Win64-Shipping.exe,17996,0x4DE2B640,DXGI,0,0,1,Hardware Composed: Independent Flip,8323.0204,NA,52.08180000000000,50.58200000000000,0.27020000000000,46.27210000000000,46.3352,8271.1901,52.1005,51.8303,0.2702,45.3746,52.7278,49.4946,3.2332,1.3594,8271.1901,NA,NA,NA
Stalker2-Win64-Shipping.exe,17996,0x4DE2B640,DXGI,0,0,1,Hardware Composed: Independent Flip,8375.6968,NA,52.67640000000000,53.47010000000000,0.26220000000000,45.65410000000000,47.1289,8323.2906,52.6684,52.4062,0.2622,46.0019,52.0584,48.8221,3.2363,-1.3696,8323.2906,NA,NA,NA
Stalker2-Win64-Shipping.exe,17996,0x4DE2B640,DXGI,0,0,1,Hardware Composed: Independent Flip,8428.6307,NA,52.93390000000000,51.83890000000000,0.25550000000000,46.00540000000000,46.0339,8375.9590,52.9272,52.6717,0.2555,45.3919,53.2852,49.1578,4.1274,0.8295,8375.9590,NA,NA,NA
Stalker2-Win64-Shipping.exe,17996,0x4DE2B640,DXGI,0,0,1,Hardware Composed: Independent Flip,8481.4479,NA,52.81720000000000,53.02220000000001,0.28620000000000,45.52580000000000,46.2389,8428.8862,52.8479,52.5617,0.2862,45.7499,52.3376,48.6000,3.7376,-0.0950,8428.8862,NA,NA,NA
Stalker2-Win64-Shipping.exe,17996,0x4DE2B640,DXGI,0,0,1,Hardware Composed: Independent Flip,8534.7160,NA,53.26810000000000,52.81780000000001,0.27100000000000,45.77330000000000,45.7886,8481.7341,53.2529,52.9819,0.2710,45.2396,53.5156,49.1691,4.3465,0.0301,8481.7341,NA,NA,NA
Stalker2-Win64-Shipping.exe,17996,0x4DE2B640,DXGI,0,0,1,Hardware Composed: Independent Flip,8587.5855,NA,52.86950000000000,53.34220000000001,0.24330000000000,45.60770000000000,46.2613,8534.9870,52.8418,52.5985,0.2433,45.5023,52.7039,48.6488,4.0551,-0.0893,8534.9870,NA,NA,NA
Stalker2-Win64-Shipping.exe,17996,0x4DE2B640,DXGI,0,0,1,Hardware Composed: Independent Flip,8641.3602,NA,53.77470000000000,53.11170000000000,0.33460000000000,45.52790000000000,45.5983,8587.8288,53.8660,53.5314,0.3346,45.3644,53.6949,48.7880,4.9069,-0.2699,8587.8288,NA,NA,NA
Stalker2-Win64-Shipping.exe,17996,0x4DE2B640,DXGI,0,0,1,Hardware Composed: Independent Flip,8694.4204,NA,53.06020000000000,53.85050000000000,0.27280000000000,45.91380000000000,46.3886,8641.6948,52.9984,52.7256,0.2728,45.1933,53.4461,49.1556,4.2905,0.0155,8641.6948,NA,NA,NA
Stalker2-Win64-Shipping.exe,17996,0x4DE2B640,DXGI,0,0,1,Hardware Composed: Independent Flip,8747.1704,NA,52.75000000000000,52.21900000000000,0.26850000000000,45.83980000000000,45.8576,8694.6932,52.7457,52.4772,0.2685,45.6410,52.6760,49.1702,3.5058,0.7794,8694.6932,NA,NA,NA
Stalker2-Win64-Shipping.exe,17996,0x4DE2B640,DXGI,0,0,1,Hardware Composed: Independent Flip,8799.2462,NA,52.07580000000000,52.28190000000000,0.29560000000000,46.04790000000001,46.0637,8747.4389,52.1029,51.8073,0.2956,45.5713,52.2839,49.2239,3.0600,0.4638,8747.4389,NA,NA,NA
Stalker2-Win64-Shipping.exe,17996,0x4DE2B640,DXGI,0,0,1,Hardware Composed: Independent Flip,8852.0455,NA,52.79930000000000,53.76850000000000,0.24140000000000,47.02050000000001,47.0329,8799.5418,52.7451,52.5037,0.2414,45.7523,53.7719,50.2949,3.4770,-1.6656,8799.5418,NA,NA,NA
Stalker2-Win64-Shipping.exe,17996,0x4DE2B640,DXGI,0,0,1,Hardware Composed: Independent Flip,8904.4452,NA,52.39970000000000,51.91430000000000,0.25140000000000,46.08770000000001,46.5475,8852.2869,52.4097,52.1583,0.2514,46.7791,51.4669,49.7734,1.6935,0.8308,8852.2869,NA,NA,NA
Stalker2-Win64-Shipping.exe,17996,0x4DE2B640,DXGI,0,0,1,Hardware Composed: Independent Flip,8957.1963,NA,52.75110000000000,52.28500000000000,0.26600000000000,46.05350000000000,46.0814,8904.6966,52.7657,52.4997,0.2660,45.8363,52.7169,49.2810,3.4359,0.1247,8904.6966,NA,NA,NA
Stalker2-Win64-Shipping.exe,17996,0x4DE2B640,DXGI,0,0,1,Hardware Composed: Independent Flip,9009.2577,NA,52.06140000000000,52.30260000000001,0.24460000000000,45.42030000000000,46.3226,8957.4623,52.0400,51.7954,0.2446,45.7875,51.4282,48.5299,2.8983,0.4631,8957.4623,NA,NA,NA
Stalker2-Win64-Shipping.exe,17996,0x4DE2B640,DXGI,0,0,1,Hardware Composed: Independent Flip,9062.8385,NA,53.58080000000000,53.93090000000000,0.27180000000000,46.64620000000000,46.6727,9009.5023,53.6080,53.3362,0.2718,45.1757,54.8067,49.8618,4.9449,-1.8909,9009.5023,NA,NA,NA
Stalker2-Win64-Shipping.exe,17996,0x4DE2B640,DXGI,0,0,1,Hardware Composed: Independent Flip,9115.3190,NA,52.48050000000000,53.43950000000000,0.25490000000000,45.89040000000000,47.6317,9063.1103,52.4636,52.2087,0.2549,46.3744,51.7247,49.0685,2.6562,0.1685,9063.1103,NA,NA,NA
Stalker2-Win64-Shipping.exe,17996,0x4DE2B640,DXGI,0,0,1,Hardware Composed: Independent Flip,9168.1499,NA,52.83090000000000,51.09380000000000,0.26280000000000,45.83140000000000,45.8946,9115.5739,52.8388,52.5760,0.2628,45.6355,52.7719,49.0148,3.7571,1.3698,9115.5739,NA,NA,NA
Stalker2-Win64-Shipping.exe,17996,0x4DE2B640,DXGI,0,0,1,Hardware Composed: Independent Flip,9221.8102,NA,53.66030000000000,54.28870000000001,0.27180000000000,45.77370000000001,46.5230,9168.4127,53.6693,53.3975,0.2718,45.5686,53.6026,49.0455,4.5571,-1.4499,9168.4127,NA,NA,NA
Stalker2-Win64-Shipping.exe,17996,0x4DE2B640,DXGI,0,0,1,Hardware Composed: Independent Flip,9275.3707,NA,53.56050000000000,53.19540000000000,0.27710000000000,45.99060000000000,46.1579,9222.0820,53.5658,53.2887,0.2771,45.5019,53.7774,49.2039,4.5735,0.4739,9222.0820,NA,NA,NA
Stalker2-Win64-Shipping.exe,17996,0x4DE2B640,DXGI,0,0,1,Hardware Composed: Independent Flip,9327.1390,NA,51.76830000000000,51.09460000000000,0.25570000000000,45.46430000000000,45.4842,9275.6478,51.7469,51.4912,0.2557,45.7135,51.2420,48.8404,2.4016,2.4712,9275.6478,NA,NA,NA
Stalker2-Win64-Shipping.exe,17996,0x4DE2B640,DXGI,0,0,1,Hardware Composed: Independent Flip,9379.8123,NA,52.67330000000000,52.71830000000000,0.24630000000000,45.51040000000000,45.5292,9327.3947,52.6639,52.4176,0.2463,45.2086,52.7194,49.1025,3.6169,-0.9714,9327.3947,NA,NA,NA
Stalker2-Win64-Shipping.exe,17996,0x4DE2B640,DXGI,0,0,1,Hardware Composed: Independent Flip,9432.6008,NA,52.78850000000000,54.13810000000000,0.25800000000000,45.78790000000000,46.8788,9380.0586,52.8002,52.5422,0.2580,45.2641,53.0660,49.5164,3.5496,-1.4742,9380.0586,NA,NA,NA
Stalker2-Win64-Shipping.exe,17996,0x4DE2B640,DXGI,0,0,1,Hardware Composed: Independent Flip,9485.1133,NA,52.51250000000000,52.77510000000000,0.26940000000000,47.11520000000000,47.1414,9432.8588,52.5239,52.2545,0.2694,45.5299,53.8398,50.4224,3.4174,0.0251,9432.8588,NA,NA,NA
Stalker2-Win64-Shipping.exe,17996,0x4DE2B640,DXGI,0,0,1,Hardware Composed: Independent Flip,9538.3342,NA,53.22090000000000,51.57590000000000,0.24940000000000,45.21330000000000,45.4964,9485.3827,53.2009,52.9515,0.2494,46.8458,51.3190,48.4540,2.8650,0.9480,9485.3827,NA,NA,NA
Stalker2-Win64-Shipping.exe,17996,0x4DE2B640,DXGI,0,0,1,Hardware Composed: Independent Flip,9591.8856,NA,53.55140000000000,54.05490000000000,0.29580000000000,45.97430000000000,45.9999,9538.5836,53.5978,53.3020,0.2958,44.9639,54.3124,49.4047,4.9077,-0.8540,9538.5836,NA,NA,NA
Stalker2-Win64-Shipping.exe,17996,0x4DE2B640,DXGI,0,0,1,Hardware Composed: Independent Flip,9643.3559,NA,51.47030000000000,52.68760000000000,0.27320000000000,45.52360000000000,47.2172,9592.1814,51.4477,51.1745,0.2732,45.6785,51.0196,48.8705,2.1491,0.9102,9592.1814,NA,NA,NA
Stalker2-Win64-Shipping.exe,17996,0x4DE2B640,DXGI,0,0,1,Hardware Composed: Independent Flip,9695.5199,NA,52.16400000000000,50.34210000000000,0.27190000000000,45.37450000000000,45.3953,9643.6291,52.1627,51.8908,0.2719,45.2504,52.0149,48.5486,3.4663,1.1056,9643.6291,NA,NA,NA
Stalker2-Win64-Shipping.exe,17996,0x4DE2B640,DXGI,0,0,1,Hardware Composed: Independent Flip,9748.5525,NA,53.03260000000000,53.91630000000000,0.26580000000000,45.44780000000000,46.2790,9695.7918,53.0265,52.7607,0.2658,45.1026,53.1059,48.8268,4.2791,-1.7536,9695.7918,NA,NA,NA
Stalker2-Win64-Shipping.exe,17996,0x4DE2B640,DXGI,0,0,1,Hardware Composed: Independent Flip,9801.4674,NA,52.91490000000000,52.57510000000000,0.24330000000000,45.92220000000000,45.9392,9748.8183,52.8924,52.6491,0.2433,45.1820,53.3893,49.2501,4.1392,0.4514,9748.8183,NA,NA,NA
Stalker2-Win64-Shipping.exe,17996,0x4DE2B640,DXGI,0,0,1,Hardware Composed: Independent Flip,9854.7873,NA,53.31990000000000,53.17450000000000,0.29560000000000,45.72710000000000,45.7938,9801.7107,53.3722,53.0766,0.2956,45.6789,53.1248,48.8207,4.3041,-0.2821,9801.7107,NA,NA,NA
Stalker2-Win64-Shipping.exe,17996,0x4DE2B640,DXGI,0,0,1,Hardware Composed: Independent Flip,9908.2454,NA,53.45810000000000,53.11590000000000,0.32350000000000,45.20610000000000,45.4516,9855.0829,53.4860,53.1625,0.3235,45.4315,52.9371,48.7214,4.2157,0.2563,9855.0829,NA,NA,NA
Stalker2-Win64-Shipping.exe,17996,0x4DE2B640,DXGI,0,0,1,Hardware Composed: Independent Flip,9960.8449,NA,52.59950000000000,53.15430000000000,0.26320000000000,45.99200000000000,46.0064,9908.5689,52.5392,52.2760,0.2632,44.8826,53.3854,49.2182,4.1672,0.3317,9908.5689,NA,NA,NA
Stalker2-Win64-Shipping.exe,17996,0x4DE2B640,DXGI,0,0,1,Hardware Composed: Independent Flip,10013.4475,NA,52.60260000000000,53.08590000000000,0.30050000000000,46.21140000000000,46.4897,9961.1081,52.6399,52.3394,0.3005,45.7288,52.8220,49.4830,3.3390,-0.5467,9961.1081,NA,NA,NA
Stalker2-Win64-Shipping.exe,17996,0x4DE2B640,DXGI,0,0,1,Hardware Composed: Independent Flip,10066.6859,NA,53.23840000000001,52.61730000000000,0.25320000000000,45.85400000000000,45.8686,10013.7480,53.1911,52.9379,0.2532,45.9109,52.8810,49.1016,3.7794,0.0226,10013.7480,NA,NA,NA
Stalker2-Win64-Shipping.exe,17996,0x4DE2B640,DXGI,0,0,1,Hardware Composed: Independent Flip,10120.5753,NA,53.88940000000000,54.53220000000000,0.25030000000000,46.45230000000000,46.5114,10066.9391,53.8865,53.6362,0.2503,45.6008,54.4877,49.9773,4.5104,-1.3411,10066.9391,NA,NA,NA
Stalker2-Win64-Shipping.exe,17996,0x4DE2B640,DXGI,0,0,1,Hardware Composed: Independent Flip,10172.4064,NA,51.83110000000000,51.92800000000000,0.34440000000000,45.92280000000000,46.6083,10120.8256,51.9252,51.5808,0.3444,46.2020,51.3016,49.4221,1.8795,1.9585,10120.8256,NA,NA,NA
Stalker2-Win64-Shipping.exe,17996,0x4DE2B640,DXGI,0,0,1,Hardware Composed: Independent Flip,10226.5978,NA,54.19140000000000,52.82160000000000,0.26420000000000,45.22470000000001,45.2385,10172.7508,54.1112,53.8470,0.2642,45.5784,53.4933,48.4729,5.0204,-0.8964,10172.7508,NA,NA,NA
Stalker2-Win64-Shipping.exe,17996,0x4DE2B640,DXGI,0,0,1,Hardware Composed: Independent Flip,10278.2256,NA,51.62780000000000,53.60300000000000,0.26960000000000,45.79070000000000,47.2137,10226.8620,51.6332,51.3636,0.2696,44.9605,52.1938,49.0118,3.1820,0.5082,10226.8620,NA,NA,NA
Stalker2-Win64-Shipping.exe,17996,0x4DE2B640,DXGI,0,0,1,Hardware Composed: Independent Flip,10332.1183,NA,53.89270000000000,52.25460000000000,0.29380000000000,45.55240000000000,45.5756,10278.4952,53.9169,53.6231,0.2938,45.5211,53.6544,48.8273,4.8271,-0.6214,10278.4952,NA,NA,NA
Stalker2-Win64-Shipping.exe,17996,0x4DE2B640,DXGI,0,0,1,Hardware Composed: Independent Flip,10385.1067,NA,52.98840000000001,54.36450000000000,0.31060000000000,46.15890000000000,46.9517,10332.4121,53.0052,52.6946,0.3106,45.2586,53.5949,49.5190,4.0759,-0.4476,10332.4121,NA,NA,NA
Stalker2-Win64-Shipping.exe,17996,0x4DE2B640,DXGI,0,0,1,Hardware Composed: Independent Flip,10438.5169,NA,53.41020000000000,52.40320000000001,0.25180000000000,45.87920000000000,45.9447,10385.4173,53.3514,53.0996,0.2518,45.8483,53.1305,49.1035,4.0270,0.6020,10385.4173,NA,NA,NA
Stalker2-Win64-Shipping.exe,17996,0x4DE2B640,DXGI,0,0,1,Hardware Composed: Independent Flip,10492.9727,NA,54.45580000000000,54.14750000000000,0.26840000000000,45.57380000000001,45.6364,10438.7687,54.4724,54.2040,0.2684,45.6274,54.1504,49.1469,5.0035,-0.7961,10438.7687,NA,NA,NA
Stalker2-Win64-Shipping.exe,17996,0x4DE2B640,DXGI,0,0,1,Hardware Composed: Independent Flip,10544.4830,NA,51.51030000000000,51.87140000000000,0.30770000000000,45.17740000000000,45.9975,10493.2411,51.5496,51.2419,0.3077,45.3054,51.1139,48.2848,2.8291,2.6010,10493.2411,NA,NA,NA
Stalker2-Win64-Shipping.exe,17996,0x4DE2B640,DXGI,0,0,1,Hardware Composed: Independent Flip,10598.0432,NA,53.56020000000000,53.56550000000000,0.29560000000000,45.97060000000000,46.0028,10544.7907,53.5481,53.2525,0.2956,44.8697,54.3534,49.3773,4.9761,-2.0159,10544.7907,NA,NA,NA
Stalker2-Win64-Shipping.exe,17996,0x4DE2B640,DXGI,0,0,1,Hardware Composed: Independent Flip,10651.7179,NA,53.67470000000000,54.92050000000000,0.26120000000000,45.40510000000000,47.2486,10598.3388,53.6403,53.3791,0.2612,45.6750,53.1092,48.6098,4.4994,-1.3724,10598.3388,NA,NA,NA
Stalker2-Win64-Shipping.exe,17996,0x4DE2B640,DXGI,0,0,1,Hardware Composed: Independent Flip,10703.9054,NA,52.18750000000000,51.28440000000001,0.27370000000000,46.32620000000000,46.3455,10651.9791,52.2000,51.9263,0.2737,45.1439,53.1086,49.5150,3.5936,2.3559,10651.9791,NA,NA,NA
Stalker2-Win64-Shipping.exe,17996,0x4DE2B640,DXGI,0,0,1,Hardware Composed: Independent Flip,10756.8769,NA,52.97150000000001,53.70770000000000,0.26090000000000,47.01980000000000,47.0817,10704.1791,52.9587,52.6978,0.2609,46.0525,53.6651,50.2115,3.4536,-1.5077,10704.1791,NA,NA,NA
Stalker2-Win64-Shipping.exe,17996,0x4DE2B640,DXGI,0,0,1,Hardware Composed: Independent Flip,10810.1162,NA,53.23930000000000,52.06460000000001,0.34090000000000,45.63660000000000,45.9070,10757.1378,53.3193,52.9784,0.3409,46.7589,51.8561,48.9893,2.8668,0.8941,10757.1378,NA,NA,NA
Stalker2-Win64-Shipping.exe,17996,0x4DE2B640,DXGI,0,0,1,Hardware Composed: Independent Flip,10862.6089,NA,52.49270000000000,52.14930000000000,0.24910000000000,45.54740000000000,45.5636,10810.4571,52.4009,52.1518,0.2491,45.2957,52.4035,49.1600,3.2435,1.1700,10810.4571,NA,NA,NA
Stalker2-Win64-Shipping.exe,17996,0x4DE2B640,DXGI,0,0,1,Hardware Composed: Independent Flip,10915.5855,NA,52.97660000000000,53.42760000000001,0.25490000000000,45.50050000000000,46.0146,10862.8580,52.9824,52.7275,0.2549,45.2983,52.9297,49.1951,3.7346,-1.0267,10862.8580,NA,NA,NA
Stalker2-Win64-Shipping.exe,17996,0x4DE2B640,DXGI,0,0,1,Hardware Composed: Independent Flip,10967.9186,NA,52.33310000000000,51.79920000000000,0.25940000000000,45.46580000000000,45.4807,10915.8404,52.3376,52.0782,0.2594,45.2456,52.2984,49.0773,3.2211,1.1832,10915.8404,NA,NA,NA
Stalker2-Win64-Shipping.exe,17996,0x4DE2B640,DXGI,0,0,1,Hardware Composed: Independent Flip,11021.5123,NA,53.59370000000001,54.40180000000000,0.28580000000000,46.27290000000000,46.2888,10968.1780,53.6201,53.3343,0.2858,45.2064,54.4008,49.5187,4.8821,-2.0642,10968.1780,NA,NA,NA
Stalker2-Win64-Shipping.exe,17996,0x4DE2B640,DXGI,0,0,1,Hardware Composed: Independent Flip,11076.0465,NA,54.53420000000001,55.16030000000000,0.29710000000000,45.71990000000000,46.9149,11021.7981,54.5455,54.2484,0.2971,45.9871,53.9812,48.9673,5.0139,-1.5402,11021.7981,NA,NA,NA
Stalker2-Win64-Shipping.exe,17996,0x4DE2B640,DXGI,0,0,1,Hardware Composed: Independent Flip,11128.5468,NA,52.50030000000000,51.17990000000000,0.26120000000000,45.57920000000000,45.5945,11076.3436,52.4644,52.2032,0.2612,45.4228,52.3596,48.7800,3.5796,3.3656,11076.3436,NA,NA,NA
Stalker2-Win64-Shipping.exe,17996,0x4DE2B640,DXGI,0,0,1,Hardware Composed: Independent Flip,11181.2369,NA,52.69010000000000,53.25840000000000,0.33360000000000,46.14880000000000,46.1628,11128.8080,52.7625,52.4289,0.3336,45.3180,53.2597,49.2699,3.9898,-0.7940,11128.8080,NA,NA,NA
Stalker2-Win64-Shipping.exe,17996,0x4DE2B640,DXGI,0,0,1,Hardware Composed: Independent Flip,11235.3222,NA,54.08530000000000,54.50960000000001,0.24680000000000,45.59760000000000,46.5871,11181.5705,53.9985,53.7517,0.2468,45.8152,53.5341,48.8709,4.6632,-1.7471,11181.5705,NA,NA,NA
Stalker2-Win64-Shipping.exe,17996,0x4DE2B640,DXGI,0,0,1,Hardware Composed: Independent Flip,11287.7736,NA,52.45140000000000,51.28360000000000,0.24170000000000,45.40660000000000,45.4193,11235.5690,52.4463,52.2046,0.2417,45.3508,52.2604,49.0453,3.2151,2.7149,11235.5690,NA,NA,NA
Stalker2-Win64-Shipping.exe,17996,0x4DE2B640,DXGI,0,0,1,Hardware Composed: Independent Flip,11341.3374,NA,53.56380000000000,53.30940000000000,0.29860000000000,45.09950000000000,45.1649,11288.0153,53.6207,53.3221,0.2986,45.1649,53.2567,48.4427,4.8140,-0.8631,11288.0153,NA,NA,NA
Stalker2-Win64-Shipping.exe,17996,0x4DE2B640,DXGI,0,0,1,Hardware Composed: Independent Flip,11395.3384,NA,54.00100000000000,56.28650000000000,0.26690000000000,46.66040000000000,47.4504,11341.6360,53.9693,53.7024,0.2669,44.8009,55.5619,50.2562,5.3057,-2.6658,11341.6360,NA,NA,NA
Stalker2-Win64-Shipping.exe,17996,0x4DE2B640,DXGI,0,0,1,Hardware Composed: Independent Flip,11447.2869,NA,51.94850000000000,50.84120000000000,0.29230000000000,45.59320000000000,46.3431,11395.6053,51.9739,51.6816,0.2923,46.3935,50.8813,48.7530,2.1283,3.1281,11395.6053,NA,NA,NA
Stalker2-Win64-Shipping.exe,17996,0x4DE2B640,DXGI,0,0,1,Hardware Composed: Independent Flip,11501.3369,NA,54.05000000000000,53.27970000000001,0.27460000000000,45.50930000000000,45.5728,11447.5792,54.0323,53.7577,0.2746,45.3009,53.9661,48.8202,5.1459,-1.3058,11447.5792,NA,NA,NA
Stalker2-Win64-Shipping.exe,17996,0x4DE2B640,DXGI,0,0,1,Hardware Composed: Independent Flip,11553.1949,NA,51.85800000000000,54.50310000000000,0.33800000000000,45.89360000000000,48.2179,11501.6115,51.9214,51.5834,0.3380,45.2347,52.2423,49.1270,3.1153,-0.4708,11501.6115,NA,NA,NA
Stalker2-Win64-Shipping.exe,17996,0x4DE2B640,DXGI,0,0,1,Hardware Composed: Independent Flip,11605.8227,NA,52.62780000000000,49.63710000000000,0.23940000000000,45.21140000000000,45.2272,11553.5329,52.5292,52.2898,0.2394,45.5556,51.9456,48.3354,3.6102,2.2843,11553.5329,NA,NA,NA
Stalker2-Win64-Shipping.exe,17996,0x4DE2B640,DXGI,0,0,1,Hardware Composed: Independent Flip,11659.5165,NA,53.69380000000000,54.01640000000000,0.26810000000000,45.29560000000000,45.5498,11606.0621,53.7225,53.4544,0.2681,44.9720,53.7780,48.9382,4.8398,-1.4872,11606.0621,NA,NA,NA
Stalker2-Win64-Shipping.exe,17996,0x4DE2B640,DXGI,0,0,1,Hardware Composed: Independent Flip,11712.0386,NA,52.52210000000000,53.12860000000001,0.29190000000000,45.59850000000000,46.1563,11659.7846,52.5459,52.2540,0.2919,45.0275,52.8250,49.3032,3.5218,0.5939,11659.7846,NA,NA,NA
Stalker2-Win64-Shipping.exe,17996,0x4DE2B640,DXGI,0,0,1,Hardware Composed: Independent Flip,11765.0385,NA,52.99990000000000,53.09030000000000,0.27760000000000,46.22480000000000,46.2467,11712.3305,52.9856,52.7080,0.2776,45.3066,53.6262,49.4278,4.1984,-0.5444,11712.3305,NA,NA,NA
Stalker2-Win64-Shipping.exe,17996,0x4DE2B640,DXGI,0,0,1,Hardware Composed: Independent Flip,11817.7272,NA,52.68870000000000,52.87570000000000,0.25200000000000,45.95290000000000,46.4337,11765.3161,52.6631,52.4111,0.2520,45.9472,52.4168,49.0325,3.3843,0.1099,11765.3161,NA,NA,NA
Stalker2-Win64-Shipping.exe,17996,0x4DE2B640,DXGI,0,0,1,Hardware Composed: Independent Flip,11871.3132,NA,53.58600000000001,52.44900000000001,0.27590000000000,45.27840000000000,45.2967,11817.9792,53.6099,53.3340,0.2759,45.7009,52.9115,48.5224,4.3891,0.2141,11817.9792,NA,NA,NA
Stalker2-Win64-Shipping.exe,17996,0x4DE2B640,DXGI,0,0,1,Hardware Composed: Independent Flip,11923.9487,NA,52.63550000000000,53.43160000000000,0.28260000000000,45.77120000000000,46.0928,11871.5891,52.6422,52.3596,0.2826,45.0025,53.1283,49.0034,4.1249,0.1783,11871.5891,NA,NA,NA
Stalker2-Win64-Shipping.exe,17996,0x4DE2B640,DXGI,0,0,1,Hardware Composed: Independent Flip,11977.8352,NA,53.88650000000001,53.60370000000000,0.24070000000000,45.78190000000000,45.8100,11924.2313,53.8446,53.6039,0.2407,45.4886,53.8972,49.1250,4.7722,-0.9615,11924.2313,NA,NA,NA
Stalker2-Win64-Shipping.exe,17996,0x4DE2B640,DXGI,0,0,1,Hardware Composed: Independent Flip,12029.5330,NA,51.69780000000000,52.62160000000000,0.24590000000000,46.33260000000000,46.7338,11978.0759,51.7030,51.4571,0.2459,45.5412,52.2485,50.1975,2.0510,1.2230,11978.0759,NA,NA,NA
Stalker2-Win64-Shipping.exe,17996,0x4DE2B640,DXGI,0,0,1,Hardware Composed: Independent Flip,12083.8365,NA,54.30350000000000,54.11680000000000,0.25140000000000,46.47590000000000,46.5471,12029.7789,54.3090,54.0576,0.2514,46.0867,54.4468,50.1388,4.3080,-2.4138,12029.7789,NA,NA,NA
Stalker2-Win64-Shipping.exe,17996,0x4DE2B640,DXGI,0,0,1,Hardware Composed: Independent Flip,12135.7137,NA,51.87720000000000,52.32570000000000,0.28360000000000,45.76700000000000,46.9956,12084.0879,51.9094,51.6258,0.2836,46.2245,51.1683,48.9201,2.2482,1.9833,12084.0879,NA,NA,NA
Stalker2-Win64-Shipping.exe,17996,0x4DE2B640,DXGI,0,0,1,Hardware Composed: Independent Flip,12189.0089,NA,53.29520000000000,52.06830000000000,0.27260000000000,45.75430000000000,45.7687,12135.9973,53.2842,53.0116,0.2726,45.4834,53.2825,49.0691,4.2134,-0.1589,12135.9973,NA,NA,NA
Stalker2-Win64-Shipping.exe,17996,0x4DE2B640,DXGI,0,0,1,Hardware Composed: Independent Flip,12241.6115,NA,52.60260000000000,53.99110000000000,0.26950000000000,45.86630000000000,47.1572,12189.2815,52.5995,52.3300,0.2695,45.4817,52.7146,49.0728,3.6418,-0.7069,12189.2815,NA,NA,NA
Stalker2-Win64-Shipping.exe,17996,0x4DE2B640,DXGI,0,0,1,Hardware Composed: Independent Flip,12294.7351,NA,53.12360000000000,52.20110000000000,0.31110000000000,46.21660000000000,46.2347,12241.8810,53.1652,52.8541,0.3111,45.5968,53.4739,49.3038,4.1701,0.3984,12241.8810,NA,NA,NA
Stalker2-Win64-Shipping.exe,17996,0x4DE2B640,DXGI,0,0,1,Hardware Composed: Independent Flip,12348.1606,NA,53.42550000000000,52.96490000000000,0.26970000000000,45.37710000000000,45.7741,12295.0462,53.3841,53.1144,0.2697,45.9055,52.5860,48.5330,4.0530,0.2003,12295.0462,NA,NA,NA
Stalker2-Win64-Shipping.exe,17996,0x4DE2B640,DXGI,0,0,1,Hardware Composed: Independent Flip,12402.1660,NA,54.00540000000000,54.41370000000001,0.24460000000000,46.13380000000000,46.1824,12348.4303,53.9803,53.7357,0.2446,45.1074,54.7621,49.4123,5.3498,-1.0296,12348.4303,NA,NA,NA
Stalker2-Win64-Shipping.exe,17996,0x4DE2B640,DXGI,0,0,1,Hardware Composed: Independent Flip,12456.2149,NA,54.04890000000000,53.94430000000001,0.26190000000000,44.93850000000000,46.0778,12402.4106,54.0662,53.8043,0.2619,45.8892,52.8536,48.2554,4.5982,0.0360,12402.4106,NA,NA,NA
Stalker2-Win64-Shipping.exe,17996,0x4DE2B640,DXGI,0,0,1,Hardware Composed: Independent Flip,12508.4777,NA,52.26280000000001,51.23100000000000,0.25780000000000,45.02940000000000,45.0460,12456.4768,52.2587,52.0009,0.2578,44.6766,52.3537,48.7432,3.6105,2.8352,12456.4768,NA,NA,NA
Stalker2-Win64-Shipping.exe,17996,0x4DE2B640,DXGI,0,0,1,Hardware Composed: Independent Flip,12563.3060,NA,54.82830000000001,55.70910000000000,0.26250000000000,45.90910000000000,45.9268,12508.7355,54.8330,54.5705,0.2625,44.7716,55.7080,49.4815,6.2265,-3.4504,12508.7355,NA,NA,NA
Stalker2-Win64-Shipping.exe,17996,0x4DE2B640,DXGI,0,0,1,Hardware Composed: Independent Flip,12615.8672,NA,52.56120000000000,53.66990000000001,0.28140000000000,45.63270000000000,47.0355,12563.5685,52.5801,52.2987,0.2814,45.6466,52.2848,48.7788,3.5060,1.1631,12563.5685,NA,NA,NA
Stalker2-Win64-Shipping.exe,17996,0x4DE2B640,DXGI,0,0,1,Hardware Composed: Independent Flip,12669.2688,NA,53.40160000000000,54.01680000000000,0.28130000000000,47.63920000000000,47.6507,12616.1486,53.4015,53.1202,0.2813,45.3513,55.4081,50.8713,4.5368,-1.4367,12616.1486,NA,NA,NA
Stalker2-Win64-Shipping.exe,17996,0x4DE2B640,DXGI,0,0,1,Hardware Composed: Independent Flip,12721.9581,NA,52.68930000000000,52.72780000000000,0.27850000000000,46.00570000000000,47.6892,12669.5501,52.6865,52.4080,0.2785,47.3579,51.0558,49.1875,1.8683,0.6737,12669.5501,NA,NA,NA
Stalker2-Win64-Shipping.exe,17996,0x4DE2B640,DXGI,0,0,1,Hardware Composed: Independent Flip,12774.3633,NA,52.40520000000000,49.79210000000000,0.23030000000000,45.05780000000000,45.0761,12722.2366,52.3570,52.1267,0.2303,45.7272,51.4573,48.3438,3.1135,2.8944,12722.2366,NA,NA,NA
Stalker2-Win64-Shipping.exe,17996,0x4DE2B640,DXGI,0,0,1,Hardware Composed: Independent Flip,12827.2998,NA,52.93650000000000,53.43120000000000,0.27770000000000,44.82140000000000,45.5708,12774.5936,52.9839,52.7062,0.2777,44.8275,52.7001,48.2291,4.4710,-1.0742,12774.5936,NA,NA,NA
Stalker2-Win64-Shipping.exe,17996,0x4DE2B640,DXGI,0,0,1,Hardware Composed: Independent Flip,12880.1985,NA,52.89870000000001,53.27970000000001,0.26120000000000,45.93410000000000,45.9518,12827.5775,52.8822,52.6210,0.2612,44.5437,54.0114,49.4174,4.5940,-0.2958,12827.5775,NA,NA,NA
Stalker2-Win64-Shipping.exe,17996,0x4DE2B640,DXGI,0,0,1,Hardware Composed: Independent Flip,12933.3236,NA,53.12510000000000,52.88460000000001,0.30950000000000,45.15460000000000,45.7113,12880.4597,53.1734,52.8639,0.3095,45.6729,52.3456,48.3633,3.9823,-0.0024,12880.4597,NA,NA,NA
Stalker2-Win64-Shipping.exe,17996,0x4DE2B640,DXGI,0,0,1,Hardware Composed: Independent Flip,12987.1040,NA,53.78040000000000,53.50850000000001,0.27350000000000,45.40980000000000,45.4394,12933.6331,53.7444,53.4709,0.2735,44.8451,54.0356,48.6899,5.3457,-0.3351,12933.6331,NA,NA,NA
Stalker2-Win64-Shipping.exe,17996,0x4DE2B640,DXGI,0,0,1,Hardware Composed: Independent Flip,13040.2364,NA,53.13240000000000,54.67620000000000,0.25550000000000,46.10970000000000,46.9832,12987.3775,53.1144,52.8589,0.2555,45.1363,53.8323,49.3353,4.4970,-0.9318,12987.3775,NA,NA,NA
Stalker2-Win64-Shipping.exe,17996,0x4DE2B640,DXGI,0,0,1,Hardware Composed: Independent Flip,13093.0742,NA,52.83780000000000,51.92250000000000,0.27360000000000,46.04780000000000,46.0679,13040.4919,52.8559,52.5823,0.2736,45.8542,52.7759,49.3580,3.4179,1.1919,13040.4919,NA,NA,NA
Stalker2-Win64-Shipping.exe,17996,0x4DE2B640,DXGI,0,0,1,Hardware Composed: Independent Flip,13146.0946,NA,53.02040000000000,52.35430000000000,0.24200000000000,45.38380000000000,45.4018,13093.3478,52.9888,52.7468,0.2420,45.7742,52.3564,48.5398,3.8166,0.5016,13093.3478,NA,NA,NA
Stalker2-Win64-Shipping.exe,17996,0x4DE2B640,DXGI,0,0,1,Hardware Composed: Independent Flip,13198.6522,NA,52.55760000000000,53.37860000000001,0.24970000000000,46.02960000000000,46.2228,13146.3366,52.5653,52.3156,0.2497,45.1418,53.2034,49.7960,3.4074,-0.3898,13146.3366,NA,NA,NA
Stalker2-Win64-Shipping.exe,17996,0x4DE2B640,DXGI,0,0,1,Hardware Composed: Independent Flip,13251.4104,NA,52.75820000000000,52.20540000000000,0.27360000000000,45.63370000000000,45.6700,13198.9019,52.7821,52.5085,0.2736,45.7799,52.3623,48.9443,3.4180,0.3599,13198.9019,NA,NA,NA
Stalker2-Win64-Shipping.exe,17996,0x4DE2B640,DXGI,0,0,1,Hardware Composed: Independent Flip,13304.3255,NA,52.91510000000000,54.36380000000000,0.25340000000000,47.10530000000000,47.1187,13251.6840,52.8949,52.6415,0.2534,45.3601,54.3867,50.1921,4.1946,-1.5817,13251.6840,NA,NA,NA
Stalker2-Win64-Shipping.exe,17996,0x4DE2B640,DXGI,0,0,1,Hardware Composed: Independent Flip,13357.3986,NA,53.07310000000000,52.87800000000000,0.28420000000000,45.72290000000000,46.9236,13304.5789,53.1039,52.8197,0.2842,46.8519,51.6907,48.8524,2.8383,0.0169,13304.5789,NA,NA,NA
Stalker2-Win64-Shipping.exe,17996,0x4DE2B640,DXGI,0,0,1,Hardware Composed: Independent Flip,13410.4727,NA,53.07410000000000,51.89940000000000,0.27640000000000,45.71280000000000,45.7489,13357.6828,53.0663,52.7899,0.2764,45.4387,53.0640,48.9988,4.0652,1.2045,13357.6828,NA,NA,NA
Stalker2-Win64-Shipping.exe,17996,0x4DE2B640,DXGI,0,0,1,Hardware Composed: Independent Flip,13463.8965,NA,53.42380000000000,54.75230000000001,0.25780000000000,46.16090000000001,47.0774,13410.7491,53.4052,53.1474,0.2578,45.4364,53.8719,49.4830,4.3889,-1.6860,13410.7491,NA,NA,NA
Stalker2-Win64-Shipping.exe,17996,0x4DE2B640,DXGI,0,0,1,Hardware Composed: Independent Flip,13516.4840,NA,52.58750000000001,51.62060000000000,0.28390000000000,46.02910000000000,46.1105,13464.1543,52.6136,52.3297,0.2839,45.9031,52.4557,49.2146,3.2411,1.7846,13464.1543,NA,NA,NA
Stalker2-Win64-Shipping.exe,17996,0x4DE2B640,DXGI,0,0,1,Hardware Composed: Independent Flip,13571.0604,NA,54.57640000000000,54.05140000000000,0.23490000000000,45.57160000000000,45.5855,13516.7679,54.5274,54.2925,0.2349,45.7452,54.1189,49.0794,5.0395,-1.4378,13516.7679,NA,NA,NA
Stalker2-Win64-Shipping.exe,17996,0x4DE2B640,DXGI,0,0,1,Hardware Composed: Independent Flip,13623.3215,NA,52.26110000000000,53.86840000000000,0.25960000000000,45.82340000000000,47.1928,13571.2953,52.2858,52.0262,0.2596,45.3367,52.5129,49.0633,3.4496,0.6590,13571.2953,NA,NA,NA
Stalker2-Win64-Shipping.exe,17996,0x4DE2B640,DXGI,0,0,1,Hardware Composed: Independent Flip,13676.4729,NA,53.15140000000000,51.72900000000000,0.27460000000000,45.75050000000000,45.7704,13623.5811,53.1664,52.8918,0.2746,45.5638,53.0785,48.8747,4.2038,0.5568,13623.5811,NA,NA,NA
Stalker2-Win64-Shipping.exe,17996,0x4DE2B640,DXGI,0,0,1,Hardware Composed: Independent Flip,13729.7964,NA,53.32350000000000,53.28510000000000,0.26700000000000,45.36620000000000,45.7320,13676.7475,53.3159,53.0489,0.2670,45.4759,52.9392,48.6671,4.2721,-0.1187,13676.7475,NA,NA,NA
Stalker2-Win64-Shipping.exe,17996,0x4DE2B640,DXGI,0,0,1,Hardware Composed: Independent Flip,13783.5423,NA,53.74590000000001,53.86670000000000,0.26300000000000,45.81600000000000,45.8528,13730.0634,53.7419,53.4789,0.2630,45.0992,54.1957,49.2024,4.9933,-0.5508,13730.0634,NA,NA,NA
Stalker2-Win64-Shipping.exe,17996,0x4DE2B640,DXGI,0,0,1,Hardware Composed: Independent Flip,13837.1552,NA,53.61290000000000,54.21690000000000,0.24980000000000,45.83310000000000,46.4568,13783.8053,53.5997,53.3499,0.2498,45.5530,53.6300,48.9977,4.6323,-0.4750,13783.8053,NA,NA,NA
Stalker2-Win64-Shipping.exe,17996,0x4DE2B640,DXGI,0,0,1,Hardware Composed: Independent Flip,13889.3587,NA,52.20350000000001,51.60930000000000,0.28370000000000,45.84260000000000,45.8626,13837.4050,52.2374,51.9537,0.2837,45.5833,52.2130,49.0165,3.1965,1.9904,13837.4050,NA,NA,NA
Stalker2-Win64-Shipping.exe,17996,0x4DE2B640,DXGI,0,0,1,Hardware Composed: Independent Flip,13942.5200,NA,53.16130000000000,53.86410000000000,0.23190000000000,46.53670000000000,46.5654,13889.6424,53.1095,52.8776,0.2319,45.5589,53.8554,49.6904,4.1650,-1.6267,13889.6424,NA,NA,NA
Stalker2-Win64-Shipping.exe,17996,0x4DE2B640,DXGI,0,0,1,Hardware Composed: Independent Flip,13995.0884,NA,52.56840000000000,52.63320000000000,0.26410000000000,45.48750000000000,46.6302,13942.7519,52.6006,52.3365,0.2641,46.3048,51.5192,48.6619,2.8573,0.4763,13942.7519,NA,NA,NA
Stalker2-Win64-Shipping.exe,17996,0x4DE2B640,DXGI,0,0,1,Hardware Composed: Independent Flip,14047.8280,NA,52.73960000000000,51.53020000000000,0.28810000000000,45.38910000000000,45.4208,13995.3525,52.7636,52.4755,0.2881,45.2234,52.6412,49.0030,3.6382,1.0704,13995.3525,NA,NA,NA
Stalker2-Win64-Shipping.exe,17996,0x4DE2B640,DXGI,0,0,1,Hardware Composed: Independent Flip,14100.9082,NA,53.08020000000000,54.54650000000000,0.26540000000000,46.00710000000000,46.8871,14048.1161,53.0575,52.7921,0.2654,45.1010,53.6982,49.3281,4.3701,-1.7829,14048.1161,NA,NA,NA
Stalker2-Win64-Shipping.exe,17996,0x4DE2B640,DXGI,0,0,1,Hardware Composed: Independent Flip,14154.2312,NA,53.32300000000000,51.87700000000000,0.27220000000000,45.40120000000000,45.4411,14101.1736,53.3298,53.0576,0.2722,45.7417,52.7171,48.5874,4.1297,1.1805,14101.1736,NA,NA,NA
Stalker2-Win64-Shipping.exe,17996,0x4DE2B640,DXGI,0,0,1,Hardware Composed: Independent Flip,14206.9460,NA,52.71480000000000,52.45600000000000,0.23820000000000,45.16590000000000,45.1823,14154.5034,52.6808,52.4426,0.2382,45.1290,52.4795,48.3771,4.1024,0.8738,14154.5034,NA,NA,NA
Stalker2-Win64-Shipping.exe,17996,0x4DE2B640,DXGI,0,0,1,Hardware Composed: Independent Flip,14260.3751,NA,53.42910000000001,54.24420000000000,0.25690000000000,45.57250000000001,45.9974,14207.1842,53.4478,53.1909,0.2569,44.9277,53.8357,49.0604,4.7753,-1.5634,14207.1842,NA,NA,NA
Stalker2-Win64-Shipping.exe,17996,0x4DE2B640,DXGI,0,0,1,Hardware Composed: Independent Flip,14313.1306,NA,52.75550000000000,52.47800000000000,0.26590000000000,45.43840000000000,45.7199,14260.6320,52.7645,52.4986,0.2659,45.3156,52.6214,48.6745,3.9469,0.9698,14260.6320,NA,NA,NA
Stalker2-Win64-Shipping.exe,17996,0x4DE2B640,DXGI,0,0,1,Hardware Composed: Independent Flip,14367.0096,NA,53.87900000000000,53.43970000000000,0.24940000000000,45.26710000000000,45.2806,14313.3965,53.8625,53.6131,0.2494,45.1725,53.7077,48.6045,5.1032,-0.6752,14313.3965,NA,NA,NA
Stalker2-Win64-Shipping.exe,17996,0x4DE2B640,DXGI,0,0,1,Hardware Composed: Independent Flip,14420.5503,NA,53.54070000000000,54.79630000000000,0.30950000000000,45.74160000000001,46.5362,14367.2590,53.6008,53.2913,0.3095,45.0177,54.0152,49.2186,4.7966,-0.9338,14367.2590,NA,NA,NA
Stalker2-Win64-Shipping.exe,17996,0x4DE2B640,DXGI,0,0,1,Hardware Composed: Independent Flip,14472.0057,NA,51.45540000000000,50.68840000000000,0.25050000000000,45.70340000000000,45.7692,14420.8598,51.3964,51.1459,0.2505,45.4321,51.4172,48.8846,2.5326,2.9124,14420.8598,NA,NA,NA
Stalker2-Win64-Shipping.exe,17996,0x4DE2B640,DXGI,0,0,1,Hardware Composed: Independent Flip,14524.6351,NA,52.62940000000000,52.15960000000000,0.27700000000000,45.26840000000000,45.2994,14472.2562,52.6559,52.3789,0.2770,45.4529,52.1944,48.4655,3.7289,-0.7632,14472.2562,NA,NA,NA
Stalker2-Win64-Shipping.exe,17996,0x4DE2B640,DXGI,0,0,1,Hardware Composed: Independent Flip,14578.7435,NA,54.10840000000000,56.55010000000000,0.25180000000000,46.76040000000000,47.7411,14524.9121,54.0832,53.8314,0.2518,44.9914,55.6004,50.1098,5.4906,-3.8942,14524.9121,NA,NA,NA
Stalker2-Win64-Shipping.exe,17996,0x4DE2B640,DXGI,0,0,1,Hardware Composed: Independent Flip,14630.4547,NA,51.71120000000001,49.81180000000001,0.24500000000000,44.97870000000000,45.8417,14578.9953,51.7044,51.4594,0.2450,46.5086,49.9295,48.7547,1.1748,4.2714,14578.9953,NA,NA,NA
Stalker2-Win64-Shipping.exe,17996,0x4DE2B640,DXGI,0,0,1,Hardware Composed: Independent Flip,14682.9587,NA,52.50400000000000,53.31540000000000,0.26840000000000,46.63710000000000,46.6531,14630.6997,52.5274,52.2590,0.2684,44.7337,54.1624,50.2864,3.8760,-1.6110,14630.6997,NA,NA,NA
Stalker2-Win64-Shipping.exe,17996,0x4DE2B640,DXGI,0,0,1,Hardware Composed: Independent Flip,14735.8890,NA,52.93030000000000,55.18910000000000,0.27970000000000,45.91530000000000,48.9119,14683.2271,52.9416,52.6619,0.2797,46.3687,52.2085,48.9798,3.2287,-2.6617,14683.2271,NA,NA,NA
Stalker2-Win64-Shipping.exe,17996,0x4DE2B640,DXGI,0,0,1,Hardware Composed: Independent Flip,14788.5235,NA,52.63450000000000,49.71580000000000,0.25520000000000,45.98000000000000,45.9932,14736.1687,52.6100,52.3548,0.2552,45.6356,52.6992,49.1693,3.5299,3.2258,14736.1687,NA,NA,NA
Stalker2-Win64-Shipping.exe,17996,0x4DE2B640,DXGI,0,0,1,Hardware Composed: Independent Flip,14842.5988,NA,54.07530000000001,54.43560000000000,0.26420000000000,45.91800000000000,46.3535,14788.7787,54.0843,53.8201,0.2642,45.7248,54.0133,49.1948,4.8185,-1.8256,14788.7787,NA,NA,NA
Stalker2-Win64-Shipping.exe,17996,0x4DE2B640,DXGI,0,0,1,Hardware Composed: Independent Flip,14894.6919,NA,52.09310000000000,52.72000000000001,0.24770000000000,46.52450000000000,46.9804,14842.8630,52.0766,51.8289,0.2477,45.6538,52.6996,49.6679,3.0317,1.3643,14842.8630,NA,NA,NA
Stalker2-Win64-Shipping.exe,17996,0x4DE2B640,DXGI,0,0,1,Hardware Composed: Independent Flip,14947.5176,NA,52.82570000000000,51.39270000000000,0.26610000000000,45.53310000000000,45.5474,14894.9396,52.8441,52.5780,0.2661,46.2768,51.8343,48.7017,3.1326,0.6839,14894.9396,NA,NA,NA
Stalker2-Win64-Shipping.exe,17996,0x4DE2B640,DXGI,0,0,1,Hardware Composed: Independent Flip,15001.2596,NA,53.74200000000000,53.82250000000001,0.25740000000000,45.61140000000000,45.6279,14947.7837,53.7333,53.4759,0.2574,45.2670,53.8203,48.9134,4.9069,-0.9784,14947.7837,NA,NA,NA
Stalker2-Win64-Shipping.exe,17996,0x4DE2B640,DXGI,0,0,1,Hardware Composed: Independent Flip,15052.3314,NA,51.07180000000000,51.30450000000000,0.24040000000000,45.15790000000001,45.8606,15001.5170,51.0548,50.8144,0.2404,45.3540,50.6183,48.8069,1.8114,2.4288,15001.5170,NA,NA,NA
Stalker2-Win64-Shipping.exe,17996,0x4DE2B640,DXGI,0,0,1,Hardware Composed: Independent Flip,15105.6949,NA,53.36350000000000,53.22890000000000,0.25320000000000,45.70710000000000,45.7260,15052.5718,53.3763,53.1231,0.2532,44.9175,53.9127,49.3829,4.5298,-2.1741,15052.5718,NA,NA,NA
Stalker2-Win64-Shipping.exe,17996,0x4DE2B640,DXGI,0,0,1,Hardware Composed: Independent Flip,15158.7156,NA,53.02070000000001,55.16840000000001,0.26520000000000,45.93500000000000,47.8737,15105.9481,53.0327,52.7675,0.2652,45.4539,53.2486,48.9942,4.2544,-1.7921,15105.9481,NA,NA,NA
Stalker2-Win64-Shipping.exe,17996,0x4DE2B640,DXGI,0,0,1,Hardware Composed: Independent Flip,15210.6998,NA,51.98420000000000,51.01390000000000,0.26300000000000,46.87660000000000,46.9034,15158.9808,51.9820,51.7190,0.2630,45.6698,52.9258,50.1143,2.8115,2.0188,15158.9808,NA,NA,NA
Stalker2-Win64-Shipping.exe,17996,0x4DE2B640,DXGI,0,0,1,Hardware Composed: Independent Flip,15263.4217,NA,52.72190000000001,51.84360000000000,0.29420000000000,45.75090000000000,46.0251,15210.9628,52.7531,52.4589,0.2942,46.6136,51.5962,48.7959,2.8003,0.1384,15210.9628,NA,NA,NA
Stalker2-Win64-Shipping.exe,17996,0x4DE2B640,DXGI,0,0,1,Hardware Composed: Independent Flip,15315.7758,NA,52.35410000000000,52.21710000000000,0.28300000000000,45.83410000000000,45.8881,15263.7159,52.3429,52.0599,0.2830,45.4567,52.4373,48.9636,3.4737,0.5360,15263.7159,NA,NA,NA
Stalker2-Win64-Shipping.exe,17996,0x4DE2B640,DXGI,0,0,1,Hardware Composed: Independent Flip,15369.2989,NA,53.52310000000000,53.64290000000000,0.28800000000000,45.59740000000000,46.0079,15316.0588,53.5281,53.2401,0.2880,45.5511,53.2864,49.0503,4.2361,-1.3000,15316.0588,NA,NA,NA
Stalker2-Win64-Shipping.exe,17996,0x4DE2B640,DXGI,0,0,1,Hardware Composed: Independent Flip,15420.9758,NA,51.67690000000000,51.75450000000000,0.27150000000000,45.78990000000000,46.0855,15369.5869,51.6604,51.3889,0.2715,45.3094,51.8694,49.7417,2.1277,1.7736,15369.5869,NA,NA,NA
Stalker2-Win64-Shipping.exe,17996,0x4DE2B640,DXGI,0,0,1,Hardware Composed: Independent Flip,15473.8970,NA,52.92120000000001,52.61800000000000,0.25200000000000,45.76350000000000,45.7823,15421.2473,52.9017,52.6497,0.2520,45.5184,52.8948,49.4342,3.4606,-0.9576,15421.2473,NA,NA,NA
Stalker2-Win64-Shipping.exe,17996,0x4DE2B640,DXGI,0,0,1,Hardware Composed: Independent Flip,15527.1144,NA,53.21740000000000,54.01110000000001,0.26570000000000,45.79840000000000,46.5760,15474.1490,53.2311,52.9654,0.2657,45.5115,53.2523,49.1910,4.0613,-1.1094,15474.1490,NA,NA,NA
Stalker2-Win64-Shipping.exe,17996,0x4DE2B640,DXGI,0,0,1,Hardware Composed: Independent Flip,15580.2017,NA,53.08730000000000,52.67810000000000,0.28520000000000,46.15160000000000,46.1668,15527.3801,53.1068,52.8216,0.2852,45.5327,53.4405,49.3437,4.0968,0.5530,15527.3801,NA,NA,NA
Stalker2-Win64-Shipping.exe,17996,0x4DE2B640,DXGI,0,0,1,Hardware Composed: Independent Flip,15633.1001,NA,52.89840000000000,52.44250000000000,0.26170000000000,45.68280000000000,45.7109,15580.4869,52.8749,52.6132,0.2617,45.8664,52.4296,48.9792,3.4504,0.6643,15580.4869,NA,NA,NA
Stalker2-Win64-Shipping.exe,17996,0x4DE2B640,DXGI,0,0,1,Hardware Composed: Independent Flip,15687.1654,NA,54.06530000000000,54.57620000000000,0.30230000000000,46.19520000000000,46.2218,15633.3618,54.1059,53.8036,0.3023,45.4211,54.5777,49.6026,4.9751,-1.7013,15633.3618,NA,NA,NA
Stalker2-Win64-Shipping.exe,17996,0x4DE2B640,DXGI,0,0,1,Hardware Composed: Independent Flip,15738.4432,NA,51.27780000000000,51.94610000000000,0.25170000000000,45.70390000000000,46.8901,15687.4677,51.2272,50.9755,0.2517,45.8929,50.7865,48.9196,1.8669,2.1598,15687.4677,NA,NA,NA
Stalker2-Win64-Shipping.exe,17996,0x4DE2B640,DXGI,0,0,1,Hardware Composed: Independent Flip,15790.8292,NA,52.38600000000000,51.06890000000000,0.24950000000000,45.55190000000000,45.5730,15738.6949,52.3838,52.1343,0.2495,45.4522,52.2340,48.8592,3.3748,0.1583,15738.6949,NA,NA,NA
Stalker2-Win64-Shipping.exe,17996,0x4DE2B640,DXGI,0,0,1,Hardware Composed: Independent Flip,15843.7992,NA,52.97000000000001,54.75000000000000,0.29420000000000,46.38080000000000,47.3530,15791.0787,53.0147,52.7205,0.2942,45.3024,53.7989,49.9642,3.8347,-2.3662,15791.0787,NA,NA,NA
Stalker2-Win64-Shipping.exe,17996,0x4DE2B640,DXGI,0,0,1,Hardware Composed: Independent Flip,15895.8252,NA,52.02600000000000,50.54580000000000,0.24120000000000,45.71790000000000,45.8728,15844.0934,51.9730,51.7318,0.2412,46.0866,51.3631,48.8660,2.4971,2.4689,15844.0934,NA,NA,NA
Stalker2-Win64-Shipping.exe,17996,0x4DE2B640,DXGI,0,0,1,Hardware Composed: Independent Flip,15949.0347,NA,53.20950000000001,52.71300000000000,0.27780000000000,45.34920000000000,45.3763,15896.0664,53.2461,52.9683,0.2778,45.4767,52.8408,48.5183,4.3225,-0.7400,15896.0664,NA,NA,NA
Stalker2-Win64-Shipping.exe,17996,0x4DE2B640,DXGI,0,0,1,Hardware Composed: Independent Flip,16002.4341,NA,53.39940000000000,55.95740000000000,0.27490000000000,46.48170000000000,47.9343,15949.3125,53.3965,53.1216,0.2749,45.0714,54.5319,49.7165,4.8154,-2.7113,15949.3125,NA,NA,NA
Stalker2-Win64-Shipping.exe,17996,0x4DE2B640,DXGI,0,0,1,Hardware Composed: Independent Flip,16054.0196,NA,51.58550000000000,49.71550000000001,0.24720000000000,45.77420000000000,46.0643,16002.7090,51.5578,51.3106,0.2472,46.2068,50.8780,49.0907,1.7873,3.6810,16002.7090,NA,NA,NA
Stalker2-Win64-Shipping.exe,17996,0x4DE2B640,DXGI,0,0,1,Hardware Composed: Independent Flip,16107.6670,NA,53.64740000000000,54.30830000000000,0.29130000000000,46.69890000000000,46.7252,16054.2668,53.6915,53.4002,0.2913,45.5270,54.5721,49.9215,4.6506,-2.7505,16054.2668,NA,NA,NA
Stalker2-Win64-Shipping.exe,17996,0x4DE2B640,DXGI,0,0,1,Hardware Composed: Independent Flip,16159.9777,NA,52.31070000000000,54.50100000000000,0.26180000000000,46.09560000000000,48.9155,16107.9583,52.2812,52.0194,0.2618,46.4076,51.7074,49.2871,2.4203,-0.8095,16107.9583,NA,NA,NA
Stalker2-Win64-Shipping.exe,17996,0x4DE2B640,DXGI,0,0,1,Hardware Composed: Independent Flip,16212.7809,NA,52.80320000000000,49.18550000000000,0.28510000000000,45.28250000000000,45.2978,16160.2395,52.8265,52.5414,0.2851,45.8338,51.9901,48.6055,3.3846,3.0957,16160.2395,NA,NA,NA
Stalker2-Win64-Shipping.exe,17996,0x4DE2B640,DXGI,0,0,1,Hardware Composed: Independent Flip,16265.7188,NA,52.93790000000000,52.80870000000000,0.27850000000000,44.88790000000000,45.1686,16213.0660,52.9313,52.6528,0.2785,44.9974,52.5433,48.3147,4.2286,0.0178,16213.0660,NA,NA,NA
Stalker2-Win64-Shipping.exe,17996,0x4DE2B640,DXGI,0,0,1,Hardware Composed: Independent Flip,16317.6301,NA,51.91130000000000,52.80390000000001,0.25050000000000,46.03320000000000,46.0612,16265.9973,51.8833,51.6328,0.2505,44.6094,53.0566,49.7096,3.3470,0.1274,16265.9973,NA,NA,NA
Stalker2-Win64-Shipping.exe,17996,0x4DE2B640,DXGI,0,0,1,Hardware Composed: Independent Flip,16371.5049,NA,53.87480000000000,54.33270000000000,0.27560000000000,46.25000000000000,46.5191,16317.8806,53.8999,53.6243,0.2756,45.7827,54.0916,49.6163,4.4753,-2.4494,16317.8806,NA,NA,NA
Stalker2-Win64-Shipping.exe,17996,0x4DE2B640,DXGI,0,0,1,Hardware Composed: Independent Flip,16424.0990,NA,52.59410000000000,52.10250000000000,0.27670000000000,45.50670000000000,46.0275,16371.7805,52.5952,52.3185,0.2767,45.9744,51.8508,48.7751,3.0757,1.7974,16371.7805,NA,NA,NA
Stalker2-Win64-Shipping.exe,17996,0x4DE2B640,DXGI,0,0,1,Hardware Composed: Independent Flip,16477.8953,NA,53.79630000000000,55.13890000000000,0.25960000000000,47.34360000000000,47.3701,16424.3757,53.7792,53.5196,0.2596,45.2300,55.6332,50.6100,5.0232,-2.5437,16424.3757,NA,NA,NA
Stalker2-Win64-Shipping.exe,17996,0x4DE2B640,DXGI,0,0,1,Hardware Composed: Independent Flip,16528.8468,NA,50.95150000000000,51.48770000000000,0.26170000000000,45.84920000000000,47.9063,16478.1549,50.9536,50.6919,0.2617,47.0840,49.4571,48.9420,0.5151,2.2915,16478.1549,NA,NA,NA
Stalker2-Win64-Shipping.exe,17996,0x4DE2B640,DXGI,0,0,1,Hardware Composed: Independent Flip,16581.9629,NA,53.11610000000000,51.98770000000000,0.39570000000000,46.75070000000000,46.7779,16529.1085,53.2501,52.8544,0.3957,45.5875,54.0176,49.8675,4.1501,-1.0341,16529.1085,NA,NA,NA
Stalker2-Win64-Shipping.exe,17996,0x4DE2B640,DXGI,0,0,1,Hardware Composed: Independent Flip,16635.3023,NA,53.33940000000000,54.65310000000000,0.24020000000000,45.26900000000001,48.0916,16582.3586,53.1839,52.9437,0.2402,46.3550,51.8577,49.2031,2.6546,-1.4030,16582.3586,NA,NA,NA
Stalker2-Win64-Shipping.exe,17996,0x4DE2B640,DXGI,0,0,1,Hardware Composed: Independent Flip,16687.6463,NA,52.34400000000000,49.51020000000000,0.25340000000000,45.23650000000000,45.2578,16635.5425,52.3572,52.1038,0.2534,45.0288,52.3115,49.0432,3.2683,3.6737,16635.5425,NA,NA,NA
Stalker2-Win64-Shipping.exe,17996,0x4DE2B640,DXGI,0,0,1,Hardware Composed: Independent Flip,16740.7260,NA,53.07970000000000,53.57290000000000,0.25020000000000,45.34120000000000,45.7510,16687.8997,53.0765,52.8263,0.2502,44.9831,53.1844,49.1775,4.0069,-1.2157,16687.8997,NA,NA,NA
Stalker2-Win64-Shipping.exe,17996,0x4DE2B640,DXGI,0,0,1,Hardware Composed: Independent Flip,16793.9826,NA,53.25660000000001,54.01470000000000,0.26420000000000,46.29870000000000,46.5091,16740.9762,53.2706,53.0064,0.2642,45.0910,54.2141,49.8809,4.3332,-0.9382,16740.9762,NA,NA,NA
Stalker2-Win64-Shipping.exe,17996,0x4DE2B640,DXGI,0,0,1,Hardware Composed: Independent Flip,16846.7395,NA,52.75690000000000,52.00920000000000,0.26520000000000,45.34340000000000,45.7614,16794.2468,52.7579,52.4927,0.2652,46.0345,51.8016,48.5876,3.2140,1.2614,16794.2468,NA,NA,NA
Stalker2-Win64-Shipping.exe,17996,0x4DE2B640,DXGI,0,0,1,Hardware Composed: Independent Flip,16899.9685,NA,53.22900000000000,53.76130000000001,0.28400000000000,46.27860000000000,46.2937,16847.0047,53.2478,52.9638,0.2840,45.0782,54.1642,49.5560,4.6082,-1.0034,16847.0047,NA,NA,NA
Stalker2-Win64-Shipping.exe,17996,0x4DE2B640,DXGI,0,0,1,Hardware Composed: Independent Flip,16952.7825,NA,52.81400000000000,53.79540000000000,0.26970000000000,45.86200000000000,47.2751,16900.2525,52.7997,52.5300,0.2697,45.9946,52.3974,49.2398,3.1576,-0.5476,16900.2525,NA,NA,NA
Stalker2-Win64-Shipping.exe,17996,0x4DE2B640,DXGI,0,0,1,Hardware Composed: Independent Flip,17005.3483,NA,52.56580000000000,50.85800000000000,0.22390000000000,45.55250000000000,45.5673,16953.0522,52.5200,52.2961,0.2239,45.5923,52.2563,48.8936,3.3627,1.9417,16953.0522,NA,NA,NA
Stalker2-Win64-Shipping.exe,17996,0x4DE2B640,DXGI,0,0,1,Hardware Composed: Independent Flip,17058.1497,NA,52.80140000000000,52.82000000000000,0.25120000000000,45.41100000000000,45.5859,17005.5722,52.8287,52.5775,0.2512,45.3286,52.6599,49.1608,3.4991,-0.3000,17005.5722,NA,NA,NA
Stalker2-Win64-Shipping.exe,17996,0x4DE2B640,DXGI,0,0,1,Hardware Composed: Independent Flip,17110.6375,NA,52.48780000000000,53.49270000000000,0.28900000000000,46.57620000000000,46.5908,17058.4009,52.5256,52.2366,0.2890,45.1598,53.6530,50.4587,3.1943,-0.6640,17058.4009,NA,NA,NA
Stalker2-Win64-Shipping.exe,17996,0x4DE2B640,DXGI,0,0,1,Hardware Composed: Independent Flip,17164.1512,NA,53.51370000000000,52.64040000000000,0.25040000000000,45.26240000000000,45.7175,17110.9265,53.4751,53.2247,0.2504,46.2872,52.1999,48.7902,3.4097,-0.1148,17110.9265,NA,NA,NA
Stalker2-Win64-Shipping.exe,17996,0x4DE2B640,DXGI,0,0,1,Hardware Composed: Independent Flip,17216.1934,NA,52.04220000000000,51.90330000000000,0.26590000000000,45.54910000000000,45.5786,17164.4016,52.0577,51.7918,0.2659,45.0120,52.3289,48.7596,3.5693,1.5718,17164.4016,NA,NA,NA
Stalker2-Win64-Shipping.exe,17996,0x4DE2B640,DXGI,0,0,1,Hardware Composed: Independent Flip,17269.4111,NA,53.21770000000000,53.51800000000000,0.26740000000000,45.68280000000000,45.8789,17216.4593,53.2192,52.9518,0.2674,45.2832,53.3514,49.1345,4.2169,-1.4603,17216.4593,NA,NA,NA
Stalker2-Win64-Shipping.exe,17996,0x4DE2B640,DXGI,0,0,1,Hardware Composed: Independent Flip,17321.6340,NA,52.22290000000000,52.68200000000000,0.26590000000000,46.04620000000000,46.3380,17269.6785,52.2214,51.9555,0.2659,45.4154,52.5863,49.2323,3.3540,0.5372,17269.6785,NA,NA,NA
Stalker2-Win64-Shipping.exe,17996,0x4DE2B640,DXGI,0,0,1,Hardware Composed: Independent Flip,17375.1545,NA,53.52050000000001,53.12260000000001,0.31930000000000,45.87350000000000,45.9401,17321.8999,53.5739,53.2546,0.3193,45.7803,53.3478,49.1678,4.1800,-0.9012,17321.8999,NA,NA,NA
Stalker2-Win64-Shipping.exe,17996,0x4DE2B640,DXGI,0,0,1,Hardware Composed: Independent Flip,17428.7660,NA,53.61150000000000,53.11440000000000,0.24430000000000,44.90430000000000,45.4430,17375.4738,53.5365,53.2922,0.2443,45.5542,52.6423,49.0326,3.6097,0.4595,17375.4738,NA,NA,NA
Stalker2-Win64-Shipping.exe,17996,0x4DE2B640,DXGI,0,0,1,Hardware Composed: Independent Flip,17480.9311,NA,52.16510000000000,52.06660000000000,0.27030000000000,45.32540000000000,45.3445,17429.0103,52.1911,51.9208,0.2703,44.6600,52.5862,49.0946,3.4916,1.4699,17429.0103,NA,NA,NA
Stalker2-Win64-Shipping.exe,17996,0x4DE2B640,DXGI,0,0,1,Hardware Composed: Independent Flip,17533.6838,NA,52.75270000000000,53.50040000000000,0.27890000000000,46.07800000000000,46.0922,17481.2014,52.7613,52.4824,0.2789,45.0551,53.5053,49.8050,3.7003,-1.3093,17481.2014,NA,NA,NA
Stalker2-Win64-Shipping.exe,17996,0x4DE2B640,DXGI,0,0,1,Hardware Composed: Independent Flip,17586.4889,NA,52.80510000000000,52.45760000000000,0.25760000000000,45.41940000000000,45.7447,17533.9627,52.7838,52.5262,0.2576,45.7991,52.1465,48.7490,3.3975,0.3037,17533.9627,NA,NA,NA
Stalker2-Win64-Shipping.exe,17996,0x4DE2B640,DXGI,0,0,1,Hardware Composed: Independent Flip,17638.6928,NA,52.20390000000000,52.08580000000000,0.27090000000000,45.59740000000000,45.6266,17586.7465,52.2172,51.9463,0.2709,45.1618,52.3819,49.0167,3.3652,0.6980,17586.7465,NA,NA,NA
Stalker2-Win64-Shipping.exe,17996,0x4DE2B640,DXGI,0,0,1,Hardware Composed: Independent Flip,17691.1356,NA,52.44280000000001,52.80360000000000,0.27480000000000,45.67190000000000,45.9874,17638.9637,52.4467,52.1719,0.2748,45.3265,52.5173,48.9089,3.6084,-0.5864,17638.9637,NA,NA,NA
Stalker2-Win64-Shipping.exe,17996,0x4DE2B640,DXGI,0,0,1,Hardware Composed: Independent Flip,17743.5605,NA,52.42490000000000,52.79040000000001,0.24910000000000,46.28830000000000,46.3529,17691.4104,52.3992,52.1501,0.2491,45.3971,53.0413,49.6590,3.3823,-0.3437,17691.4104,NA,NA,NA
Stalker2-Win64-Shipping.exe,17996,0x4DE2B640,DXGI,0,0,1,Hardware Composed: Independent Flip,17796.1281,NA,52.56760000000001,51.89660000000000,0.25410000000000,45.39560000000000,45.6819,17743.8096,52.5726,52.3185,0.2541,46.0392,51.6749,48.8446,2.8303,0.5026,17743.8096,NA,NA,NA
Stalker2-Win64-Shipping.exe,17996,0x4DE2B640,DXGI,0,0,1,Hardware Composed: Independent Flip,17848.3555,NA,52.22740000000000,51.79260000000000,0.22770000000000,45.23010000000000,45.2471,17796.3822,52.2010,51.9733,0.2277,45.1415,52.0619,49.2097,2.8522,0.7800,17796.3822,NA,NA,NA
Stalker2-Win64-Shipping.exe,17996,0x4DE2B640,DXGI,0,0,1,Hardware Composed: Independent Flip,17901.0703,NA,52.71480000000000,52.96290000000000,0.26550000000000,45.08980000000000,45.4952,17848.5832,52.7526,52.4871,0.2655,45.0024,52.5745,48.6626,3.9119,-0.7619,17848.5832,NA,NA,NA
Stalker2-Win64-Shipping.exe,17996,0x4DE2B640,DXGI,0,0,1,Hardware Composed: Independent Flip,17953.9944,NA,52.92410000000000,52.69750000000001,0.27740000000000,45.25520000000000,45.2686,17901.3358,52.9360,52.6586,0.2774,44.8243,53.0895,48.9968,4.0927,0.0551,17901.3358,NA,NA,NA
Stalker2-Win64-Shipping.exe,17996,0x4DE2B640,DXGI,0,0,1,Hardware Composed: Independent Flip,18007.9219,NA,53.92750000000000,54.21790000000000,0.25690000000000,45.39320000000000,45.5590,17954.2718,53.9070,53.6501,0.2569,44.9778,54.0655,49.0916,4.9739,-1.2819,17954.2718,NA,NA,NA
Stalker2-Win64-Shipping.exe,17996,0x4DE2B640,DXGI,0,0,1,Hardware Composed: Independent Flip,18059.7526,NA,51.83070000000000,52.81260000000000,0.48150000000000,45.85130000000000,46.5409,18008.1788,52.0553,51.5738,0.4815,45.1363,52.2888,49.2277,3.0611,1.0944,18008.1788,NA,NA,NA
Stalker2-Win64-Shipping.exe,17996,0x4DE2B640,DXGI,0,0,1,Hardware Composed: Independent Flip,18112.3286,NA,52.57600000000000,51.74450000000000,0.27210000000000,45.64250000000001,45.7094,18060.2341,52.3666,52.0945,0.2721,45.3698,52.3672,48.7823,3.5849,0.3108,18060.2341,NA,NA,NA
Stalker2-Win64-Shipping.exe,17996,0x4DE2B640,DXGI,0,0,1,Hardware Composed: Independent Flip,18165.9917,NA,53.66310000000000,54.11540000000000,0.27020000000000,45.94740000000000,46.1617,18112.6007,53.6612,53.3910,0.2702,45.3704,53.9680,49.3907,4.5773,-1.7488,18112.6007,NA,NA,NA
Stalker2-Win64-Shipping.exe,17996,0x4DE2B640,DXGI,0,0,1,Hardware Composed: Independent Flip,18217.4459,NA,51.45420000000000,51.83710000000000,0.24670000000000,46.06620000000000,46.5446,18166.2619,51.4307,51.1840,0.2467,45.6772,51.5730,49.1621,2.4109,1.8241,18166.2619,NA,NA,NA
Stalker2-Win64-Shipping.exe,17996,0x4DE2B640,DXGI,0,0,1,Hardware Composed: Independent Flip,18270.2030,NA,52.75710000000000,52.14960000000000,0.24820000000000,45.92310000000001,45.9371,18217.6926,52.7586,52.5104,0.2482,45.8195,52.6140,49.7557,2.8583,-0.7189,18217.6926,NA,NA,NA
Stalker2-Win64-Shipping.exe,17996,0x4DE2B640,DXGI,0,0,1,Hardware Composed: Independent Flip,18322.3190,NA,52.11600000000000,52.21840000000000,0.26990000000000,45.15920000000001,46.0395,18270.4512,52.1377,51.8678,0.2699,45.6749,51.3521,48.2277,3.1244,0.5402,18270.4512,NA,NA,NA
Stalker2-Win64-Shipping.exe,17996,0x4DE2B640,DXGI,0,0,1,Hardware Composed: Independent Flip,18375.6301,NA,53.31110000000000,54.21090000000000,0.26800000000000,46.91220000000001,46.9393,18322.5889,53.3092,53.0412,0.2680,44.8893,55.0641,50.5586,4.5055,-2.0732,18322.5889,NA,NA,NA
Stalker2-Win64-Shipping.exe,17996,0x4DE2B640,DXGI,0,0,1,Hardware Composed: Independent Flip,18428.5912,NA,52.96110000000000,53.53610000000000,0.24920000000000,45.61880000000000,47.5143,18375.8981,52.9423,52.6931,0.2492,46.6442,51.6677,48.9443,2.7234,-0.2269,18375.8981,NA,NA,NA
Stalker2-Win64-Shipping.exe,17996,0x4DE2B640,DXGI,0,0,1,Hardware Composed: Independent Flip,18480.6005,NA,52.00930000000000,50.57680000000001,0.27670000000000,46.05380000000000,46.0818,18428.8404,52.0368,51.7601,0.2767,45.3696,52.4443,49.4202,3.0241,2.3655,18428.8404,NA,NA,NA
Stalker2-Win64-Shipping.exe,17996,0x4DE2B640,DXGI,0,0,1,Hardware Composed: Independent Flip,18534.5450,NA,53.94450000000001,54.41890000000000,0.26130000000000,45.89680000000000,46.5562,18480.8772,53.9291,53.6678,0.2613,45.7771,53.7875,49.2367,4.5508,-2.3821,18480.8772,NA,NA,NA
Stalker2-Win64-Shipping.exe,17996,0x4DE2B640,DXGI,0,0,1,Hardware Composed: Independent Flip,18585.9563,NA,51.41130000000000,50.77360000000000,0.28040000000000,45.60630000000000,45.9185,18534.8063,51.4304,51.1500,0.2804,45.6355,51.1208,48.8844,2.2364,3.1555,18534.8063,NA,NA,NA
Stalker2-Win64-Shipping.exe,17996,0x4DE2B640,DXGI,0,0,1,Hardware Composed: Independent Flip,18640.0816,NA,54.12530000000000,53.38480000000001,0.26070000000000,45.16160000000000,45.1780,18586.2367,54.1056,53.8449,0.2607,45.3259,53.6806,48.6003,5.0803,-1.9544,18586.2367,NA,NA,NA
Stalker2-Win64-Shipping.exe,17996,0x4DE2B640,DXGI,0,0,1,Hardware Composed: Independent Flip,18693.4080,NA,53.32640000000000,55.48990000000001,0.25830000000000,45.56140000000000,47.3415,18640.3423,53.3240,53.0657,0.2583,44.9009,53.7262,49.4046,4.3216,-1.3843,18640.3423,NA,NA,NA
Stalker2-Win64-Shipping.exe,17996,0x4DE2B640,DXGI,0,0,1,Hardware Composed: Independent Flip,18745.3243,NA,51.91630000000000,49.45010000000000,0.25950000000000,44.86140000000000,44.8753,18693.6663,51.9175,51.6580,0.2595,45.3031,51.2163,48.7486,2.4677,3.8739,18693.6663,NA,NA,NA
Stalker2-Win64-Shipping.exe,17996,0x4DE2B640,DXGI,0,0,1,Hardware Composed: Independent Flip,18799.7040,NA,54.37970000000000,55.69190000000000,0.26870000000000,46.15950000000000,46.1875,18745.5838,54.3889,54.1202,0.2687,44.6019,55.6778,49.8743,5.8035,-3.7744,18745.5838,NA,NA,NA
Stalker2-Win64-Shipping.exe,17996,0x4DE2B640,DXGI,0,0,1,Hardware Composed: Independent Flip,18851.1614,NA,51.45740000000000,53.47450000000000,0.26600000000000,45.37700000000000,48.2046,18799.9727,51.4547,51.1887,0.2660,45.8908,50.6749,48.6490,2.0259,0.9144,18799.9727,NA,NA,NA
Stalker2-Win64-Shipping.exe,17996,0x4DE2B640,DXGI,0,0,1,Hardware Composed: Independent Flip,18904.2329,NA,53.07150000000000,50.88660000000000,0.30030000000000,46.00770000000000,46.0197,18851.4274,53.1058,52.8055,0.3003,45.1110,53.7022,49.3961,4.3061,0.5681,18851.4274,NA,NA,NA
Stalker2-Win64-Shipping.exe,17996,0x4DE2B640,DXGI,0,0,1,Hardware Composed: Independent Flip,18956.5537,NA,52.32080000000001,53.75050000000000,0.26660000000000,45.56550000000000,47.4494,18904.5332,52.2871,52.0205,0.2666,45.7074,51.8786,48.8153,3.0633,-0.6447,18904.5332,NA,NA,NA
Stalker2-Win64-Shipping.exe,17996,0x4DE2B640,DXGI,0,0,1,Hardware Composed: Independent Flip,19008.5962,NA,52.04250000000000,51.65660000000000,0.27470000000000,47.04920000000000,47.0635,18956.8203,52.0506,51.7759,0.2747,45.2989,53.5262,50.1600,3.3662,0.6305,18956.8203,NA,NA,NA
Stalker2-Win64-Shipping.exe,17996,0x4DE2B640,DXGI,0,0,1,Hardware Composed: Independent Flip,19062.3632,NA,53.76700000000000,52.64800000000000,0.24630000000000,45.01280000000001,45.9445,19008.8709,53.7386,53.4923,0.2463,46.7745,51.7306,49.0348,2.6958,-0.5974,19008.8709,NA,NA,NA
Stalker2-Win64-Shipping.exe,17996,0x4DE2B640,DXGI,0,0,1,Hardware Composed: Independent Flip,19114.6745,NA,52.31130000000000,51.94940000000000,0.32100000000000,45.56880000000000,45.5826,19062.6095,52.3860,52.0650,0.3210,44.7665,52.8673,49.3500,3.5173,1.7892,19062.6095,NA,NA,NA
Stalker2-Win64-Shipping.exe,17996,0x4DE2B640,DXGI,0,0,1,Hardware Composed: Independent Flip,19168.5476,NA,53.87310000000000,54.31120000000000,0.30360000000000,45.32030000000000,46.0207,19114.9955,53.8557,53.5521,0.3036,45.2478,53.6246,48.8611,4.7635,-1.9252,19114.9955,NA,NA,NA
Stalker2-Win64-Shipping.exe,17996,0x4DE2B640,DXGI,0,0,1,Hardware Composed: Independent Flip,19220.3491,NA,51.80150000000000,51.65550000000000,0.27430000000000,45.70970000000001,45.8747,19168.8512,51.7722,51.4979,0.2743,45.0167,52.1909,49.0687,3.1222,2.2002,19168.8512,NA,NA,NA
Stalker2-Win64-Shipping.exe,17996,0x4DE2B640,DXGI,0,0,1,Hardware Composed: Independent Flip,19273.2430,NA,52.89390000000000,52.50230000000001,0.25340000000000,45.46550000000000,45.4831,19220.6234,52.8730,52.6196,0.2534,45.4354,52.6497,48.7317,3.9180,-0.7301,19220.6234,NA,NA,NA
Stalker2-Win64-Shipping.exe,17996,0x4DE2B640,DXGI,0,0,1,Hardware Composed: Independent Flip,19326.5496,NA,53.30660000000000,53.91570000000000,0.27820000000000,45.43580000000000,46.0922,19273.4964,53.3314,53.0532,0.2782,45.2121,53.2769,48.8227,4.4542,-1.0427,19273.4964,NA,NA,NA
Stalker2-Win64-Shipping.exe,17996,0x4DE2B640,DXGI,0,0,1,Hardware Composed: Independent Flip,19379.1246,NA,52.57500000000000,52.89850000000001,0.30970000000000,46.39550000000001,46.4157,19326.8278,52.6065,52.2968,0.3097,45.1576,53.5347,49.7054,3.8293,0.4329,19326.8278,NA,NA,NA
Stalker2-Win64-Shipping.exe,17996,0x4DE2B640,DXGI,0,0,1,Hardware Composed: Independent Flip,19432.3789,NA,53.25430000000000,52.02520000000001,0.23950000000000,45.11120000000000,45.1866,19379.4343,53.1841,52.9446,0.2395,46.0858,51.9700,48.4356,3.5344,0.5813,19379.4343,NA,NA,NA
Stalker2-Win64-Shipping.exe,17996,0x4DE2B640,DXGI,0,0,1,Hardware Composed: Independent Flip,19485.0721,NA,52.69320000000000,52.21080000000000,0.26910000000000,44.68530000000001,44.7042,19432.6184,52.7228,52.4537,0.2691,44.8717,52.2673,48.4098,3.8575,0.9733,19432.6184,NA,NA,NA
Stalker2-Win64-Shipping.exe,17996,0x4DE2B640,DXGI,0,0,1,Hardware Composed: Independent Flip,19538.2066,NA,53.13450000000000,54.34090000000000,0.24130000000000,45.67030000000000,45.9106,19485.3412,53.1067,52.8654,0.2413,44.4162,54.1195,49.3070,4.8125,-1.6181,19485.3412,NA,NA,NA
Stalker2-Win64-Shipping.exe,17996,0x4DE2B640,DXGI,0,0,1,Hardware Composed: Independent Flip,19590.7295,NA,52.52290000000000,53.17020000000000,0.27100000000000,45.99710000000000,46.5579,19538.4479,52.5526,52.2816,0.2710,45.4290,52.8497,49.4394,3.4103,-0.0635,19538.4479,NA,NA,NA
Stalker2-Win64-Shipping.exe,17996,0x4DE2B640,DXGI,0,0,1,Hardware Composed: Independent Flip,19643.2122,NA,52.48270000000000,52.36350000000000,0.26890000000000,46.42160000000001,46.4387,19591.0005,52.4806,52.2117,0.2689,45.7261,52.9072,49.6752,3.2320,0.1891,19591.0005,NA,NA,NA
Stalker2-Win64-Shipping.exe,17996,0x4DE2B640,DXGI,0,0,1,Hardware Composed: Independent Flip,19695.9378,NA,52.72560000000000,52.21090000000000,0.26210000000000,45.70800000000001,45.9240,19643.4811,52.7188,52.4567,0.2621,46.1527,52.0120,48.9464,3.0656,0.2697,19643.4811,NA,NA,NA
Stalker2-Win64-Shipping.exe,17996,0x4DE2B640,DXGI,0,0,1,Hardware Composed: Independent Flip,19748.3973,NA,52.45950000000001,52.11210000000001,0.27010000000000,45.56190000000000,45.5766,19696.1999,52.4675,52.1974,0.2701,45.4459,52.3134,48.9656,3.3478,0.6067,19696.1999,NA,NA,NA
Stalker2-Win64-Shipping.exe,17996,0x4DE2B640,DXGI,0,0,1,Hardware Composed: Independent Flip,19800.0542,NA,51.65690000000000,52.43720000000000,0.28330000000000,46.03500000000000,46.3569,19748.6674,51.6701,51.3868,0.2833,45.2918,52.1300,49.2243,2.9057,0.0303,19748.6674,NA,NA,NA
Stalker2-Win64-Shipping.exe,17996,0x4DE2B640,DXGI,0,0,1,Hardware Composed: Independent Flip,19853.2040,NA,53.14980000000000,52.38760000000000,0.25360000000000,45.58140000000000,45.5947,19800.3375,53.1201,52.8665,0.2536,45.7517,52.6962,48.8140,3.8822,-0.7175,19800.3375,NA,NA,NA
Stalker2-Win64-Shipping.exe,17996,0x4DE2B640,DXGI,0,0,1,Hardware Composed: Independent Flip,19906.0884,NA,52.88440000000000,52.94150000000000,0.25780000000000,45.28840000000000,45.6518,19853.4576,52.8886,52.6308,0.2578,45.3278,52.5914,48.6648,3.9266,0.1786,19853.4576,NA,NA,NA
Stalker2-Win64-Shipping.exe,17996,0x4DE2B640,DXGI,0,0,1,Hardware Composed: Independent Flip,19959.2765,NA,53.18810000000001,53.85690000000000,0.26960000000000,46.30720000000000,46.3206,19906.3462,53.1999,52.9303,0.2696,45.0306,54.2069,49.9503,4.2566,-0.9683,19906.3462,NA,NA,NA
Stalker2-Win64-Shipping.exe,17996,0x4DE2B640,DXGI,0,0,1,Hardware Composed: Independent Flip,20011.9843,NA,52.70780000000001,52.20340000000000,0.26610000000000,45.08530000000000,45.8162,19959.5461,52.7043,52.4382,0.2661,46.0376,51.4859,48.3291,3.1568,0.9965,19959.5461,NA,NA,NA
Stalker2-Win64-Shipping.exe,17996,0x4DE2B640,DXGI,0,0,1,Hardware Composed: Independent Flip,20065.2000,NA,53.21570000000001,53.19650000000000,0.27000000000000,45.78240000000000,45.7970,20012.2504,53.2196,52.9496,0.2700,44.8192,53.9128,49.3812,4.5316,-0.4922,20012.2504,NA,NA,NA
Stalker2-Win64-Shipping.exe,17996,0x4DE2B640,DXGI,0,0,1,Hardware Composed: Independent Flip,20117.5786,NA,52.37860000000001,53.83170000000000,0.25840000000000,45.87320000000000,47.2501,20065.4700,52.3670,52.1086,0.2584,45.5124,52.4694,49.0754,3.3940,-0.6121,20065.4700,NA,NA,NA
Stalker2-Win64-Shipping.exe,17996,0x4DE2B640,DXGI,0,0,1,Hardware Composed: Independent Flip,20171.2510,NA,53.67240000000000,52.67340000000000,0.26860000000000,46.22470000000001,46.2511,20117.8370,53.6826,53.4140,0.2686,45.6148,54.0239,49.7884,4.2355,-0.3064,20117.8370,NA,NA,NA
Stalker2-Win64-Shipping.exe,17996,0x4DE2B640,DXGI,0,0,1,Hardware Composed: Independent Flip,20224.4720,NA,53.22100000000000,54.26180000000000,0.24290000000000,46.49620000000000,47.2919,20171.5196,53.1953,52.9524,0.2429,45.9561,53.4925,49.7205,3.7720,-0.5792,20171.5196,NA,NA,NA
Stalker2-Win64-Shipping.exe,17996,0x4DE2B640,DXGI,0,0,1,Hardware Composed: Independent Flip,20276.5170,NA,52.04500000000000,51.21380000000000,0.25920000000000,46.43200000000000,46.4607,20224.7149,52.0613,51.8021,0.2592,46.2533,51.9808,50.1186,1.8622,1.9815,20224.7149,NA,NA,NA
Stalker2-Win64-Shipping.exe,17996,0x4DE2B640,DXGI,0,0,1,Hardware Composed: Independent Flip,20328.4069,NA,51.88990000000000,50.92200000000000,0.30820000000000,45.47330000000000,45.4928,20276.7762,51.9389,51.6307,0.3082,46.1728,50.9312,48.8474,2.0838,1.1393,20276.7762,NA,NA,NA
Stalker2-Win64-Shipping.exe,17996,0x4DE2B640,DXGI,0,0,1,Hardware Composed: Independent Flip,20382.6239,NA,54.21700000000001,54.28750000000000,0.24470000000000,45.54980000000000,45.5633,20328.7151,54.1535,53.9088,0.2447,45.1651,54.2935,49.3202,4.9733,-2.3486,20328.7151,NA,NA,NA
Stalker2-Win64-Shipping.exe,17996,0x4DE2B640,DXGI,0,0,1,Hardware Composed: Independent Flip,20434.3129,NA,51.68900000000000,53.01350000000000,0.28040000000000,45.71290000000000,46.8878,20382.8686,51.7247,51.4443,0.2804,45.3051,51.8521,48.8761,2.9760,1.1400,20382.8686,NA,NA,NA
Stalker2-Win64-Shipping.exe,17996,0x4DE2B640,DXGI,0,0,1,Hardware Composed: Independent Flip,20487.8991,NA,53.58620000000001,52.64710000000000,0.26310000000000,45.93130000000000,45.9487,20434.5933,53.5689,53.3058,0.2631,45.4325,53.8046,49.3832,4.4214,-0.9224,20434.5933,NA,NA,NA
Stalker2-Win64-Shipping.exe,17996,0x4DE2B640,DXGI,0,0,1,Hardware Composed: Independent Flip,20541.6894,NA,53.79030000000000,54.94480000000000,0.25090000000000,46.02390000000000,47.1032,20488.1622,53.7781,53.5272,0.2509,45.6682,53.8829,49.1859,4.6970,-1.3759,20488.1622,NA,NA,NA
Stalker2-Win64-Shipping.exe,17996,0x4DE2B640,DXGI,0,0,1,Hardware Composed: Independent Flip,20594.6608,NA,52.97140000000000,51.34640000000000,0.32550000000000,45.46390000000000,45.4782,20541.9403,53.0460,52.7205,0.3255,45.7730,52.4114,48.6785,3.7329,2.4317,20541.9403,NA,NA,NA
Stalker2-Win64-Shipping.exe,17996,0x4DE2B640,DXGI,0,0,1,Hardware Composed: Independent Flip,20648.7445,NA,54.08370000000000,53.59040000000000,0.25840000000000,44.96640000000000,44.9849,20594.9863,54.0166,53.7582,0.2584,45.1384,53.5862,48.4475,5.1387,-0.5444,20594.9863,NA,NA,NA
Stalker2-Win64-Shipping.exe,17996,0x4DE2B640,DXGI,0,0,1,Hardware Composed: Independent Flip,20701.4510,NA,52.70650000000001,54.68730000000000,0.27790000000000,45.80050000000000,46.9657,20649.0029,52.7260,52.4481,0.2779,44.7080,53.5406,49.2782,4.2624,-0.6707,20649.0029,NA,NA,NA
Stalker2-Win64-Shipping.exe,17996,0x4DE2B640,DXGI,0,0,1,Hardware Composed: Independent Flip,20754.7941,NA,53.34310000000000,52.49310000000001,0.30300000000000,46.09950000000000,46.1157,20701.7289,53.3682,53.0652,0.3030,45.5226,53.6421,49.3434,4.2987,0.2329,20701.7289,NA,NA,NA
Stalker2-Win64-Shipping.exe,17996,0x4DE2B640,DXGI,0,0,1,Hardware Composed: Independent Flip,20809.1379,NA,54.34380000000000,54.12650000000000,0.26880000000000,45.88400000000000,45.8984,20755.0971,54.3096,54.0408,0.2688,45.7965,54.1283,49.4129,4.7154,-0.7583,20755.0971,NA,NA,NA
Stalker2-Win64-Shipping.exe,17996,0x4DE2B640,DXGI,0,0,1,Hardware Composed: Independent Flip,20861.7107,NA,52.57280000000000,52.36300000000000,0.31570000000000,45.32910000000000,45.6886,20809.4067,52.6197,52.3040,0.3157,45.6152,52.0179,48.4529,3.5650,1.9466,20809.4067,NA,NA,NA
Stalker2-Win64-Shipping.exe,17996,0x4DE2B640,DXGI,0,0,1,Hardware Composed: Independent Flip,20916.3098,NA,54.59910000000000,55.62350000000000,0.26300000000000,46.65090000000000,46.7130,20862.0264,54.5464,54.2834,0.2630,45.0134,55.9209,50.1305,5.7904,-3.0038,20862.0264,NA,NA,NA
Stalker2-Win64-Shipping.exe,17996,0x4DE2B640,DXGI,0,0,1,Hardware Composed: Independent Flip,20967.6199,NA,51.31010000000001,52.52530000000000,0.28890000000000,45.85440000000001,47.9282,20916.5728,51.3360,51.0471,0.2889,46.3879,50.5136,49.1201,1.3935,2.0211,20916.5728,NA,NA,NA
Stalker2-Win64-Shipping.exe,17996,0x4DE2B640,DXGI,0,0,1,Hardware Composed: Independent Flip,21021.5877,NA,53.96780000000000,51.42320000000000,0.23900000000000,45.36090000000000,45.3836,20967.9088,53.9179,53.6789,0.2390,45.5655,53.4743,48.7707,4.7036,-0.0872,20967.9088,NA,NA,NA
Stalker2-Win64-Shipping.exe,17996,0x4DE2B640,DXGI,0,0,1,Hardware Composed: Independent Flip,21074.4322,NA,52.84450000000000,54.66000000000000,0.26300000000000,45.16000000000000,47.1991,21021.8267,52.8685,52.6055,0.2630,45.1219,52.6436,48.8862,3.7574,-0.7421,21021.8267,NA,NA,NA
Stalker2-Win64-Shipping.exe,17996,0x4DE2B640,DXGI,0,0,1,Hardware Composed: Independent Flip,21128.0989,NA,53.66670000000001,51.90220000000000,0.26190000000000,45.40350000000000,45.4346,21074.6952,53.6656,53.4037,0.2619,44.8970,53.9102,49.1952,4.7150,0.9663,21074.6952,NA,NA,NA
Stalker2-Win64-Shipping.exe,17996,0x4DE2B640,DXGI,0,0,1,Hardware Composed: Independent Flip,21181.5092,NA,53.41030000000000,54.18710000000000,0.27360000000000,45.56470000000000,46.2114,21128.3608,53.4220,53.1484,0.2736,45.1416,53.5715,48.7683,4.8032,-0.5215,21128.3608,NA,NA,NA
Stalker2-Win64-Shipping.exe,17996,0x4DE2B640,DXGI,0,0,1,Hardware Composed: Independent Flip,21234.0104,NA,52.50120000000000,51.69320000000000,0.28320000000000,45.38410000000000,45.4034,21181.7828,52.5108,52.2276,0.2832,45.2911,52.3206,48.7090,3.6116,1.7288,21181.7828,NA,NA,NA
Stalker2-Win64-Shipping.exe,17996,0x4DE2B640,DXGI,0,0,1,Hardware Composed: Independent Flip,21288.4064,NA,54.39600000000000,54.47900000000000,0.29320000000000,45.44870000000000,45.4864,21234.2936,54.4060,54.1128,0.2932,45.1009,54.4606,48.8262,5.6344,-1.9682,21234.2936,NA,NA,NA
Stalker2-Win64-Shipping.exe,17996,0x4DE2B640,DXGI,0,0,1,Hardware Composed: Independent Flip,21340.4187,NA,52.01230000000000,53.70200000000001,0.26870000000000,45.82100000000001,47.1761,21288.6996,51.9878,51.7191,0.2687,45.1555,52.3846,48.9504,3.4342,0.7040,21288.6996,NA,NA,NA
Stalker2-Win64-Shipping.exe,17996,0x4DE2B640,DXGI,0,0,1,Hardware Composed: Independent Flip,21393.1303,NA,52.71160000000000,50.93950000000000,0.25300000000000,45.39020000000000,45.4040,21340.6874,52.6959,52.4429,0.2530,45.5523,52.2808,48.4706,3.8102,1.0483,21340.6874,NA,NA,NA
Stalker2-Win64-Shipping.exe,17996,0x4DE2B640,DXGI,0,0,1,Hardware Composed: Independent Flip,21447.6701,NA,54.53980000000000,54.44800000000000,0.25440000000000,45.29250000000000,45.3122,21393.3833,54.5412,54.2868,0.2544,45.1372,54.4421,49.1149,5.3272,-1.7521,21393.3833,NA,NA,NA
Stalker2-Win64-Shipping.exe,17996,0x4DE2B640,DXGI,0,0,1,Hardware Composed: Independent Flip,21500.9834,NA,53.31330000000001,54.47860000000000,0.32830000000000,45.79210000000000,46.4775,21447.9245,53.3872,53.0589,0.3283,45.0381,53.8129,49.5684,4.2445,0.0626,21447.9245,NA,NA,NA
Stalker2-Win64-Shipping.exe,17996,0x4DE2B640,DXGI,0,0,1,Hardware Composed: Independent Flip,21551.4912,NA,50.50780000000000,51.38330000000001,0.26820000000000,47.32660000000000,47.3530,21501.3117,50.4477,50.1795,0.2682,45.4638,52.0423,50.4968,1.5455,2.0039,21501.3117,NA,NA,NA
Stalker2-Win64-Shipping.exe,17996,0x4DE2B640,DXGI,0,0,1,Hardware Composed: Independent Flip,21604.9108,NA,53.41960000000000,52.26940000000000,0.26050000000000,46.18870000000000,46.2028,21551.7594,53.4119,53.1514,0.2605,47.0584,52.2817,49.4498,2.8319,-1.8217,21551.7594,NA,NA,NA
Stalker2-Win64-Shipping.exe,17996,0x4DE2B640,DXGI,0,0,1,Hardware Composed: Independent Flip,21657.4504,NA,52.53960000000000,53.09890000000000,0.27040000000000,46.24790000000000,46.7621,21605.1713,52.5495,52.2791,0.2704,45.9282,52.5988,49.4845,3.1143,0.3130,21605.1713,NA,NA,NA
Stalker2-Win64-Shipping.exe,17996,0x4DE2B640,DXGI,0,0,1,Hardware Composed: Independent Flip,21710.0571,NA,52.60670000000000,51.61240000000000,0.25820000000000,45.74170000000000,45.7678,21657.7208,52.5945,52.3363,0.2582,45.9775,52.1005,49.1602,2.9403,0.9371,21657.7208,NA,NA,NA
Stalker2-Win64-Shipping.exe,17996,0x4DE2B640,DXGI,0,0,1,Hardware Composed: Independent Flip,21762.6366,NA,52.57950000000000,52.26590000000000,0.24730000000000,45.39250000000001,45.4542,21710.3153,52.5686,52.3213,0.2473,45.4835,52.2303,48.4877,3.7426,0.3286,21710.3153,NA,NA,NA
Stalker2-Win64-Shipping.exe,17996,0x4DE2B640,DXGI,0,0,1,Hardware Composed: Independent Flip,21816.9099,NA,54.27330000000001,54.58360000000000,0.25900000000000,45.66880000000000,45.7645,21762.8839,54.2850,54.0260,0.2590,45.1452,54.5496,49.9988,4.5508,-2.0150,21762.8839,NA,NA,NA
Stalker2-Win64-Shipping.exe,17996,0x4DE2B640,DXGI,0,0,1,Hardware Composed: Independent Flip,21869.0563,NA,52.14640000000000,52.45090000000000,0.24420000000000,45.07100000000001,46.0690,21817.1689,52.1316,51.8874,0.2442,45.4098,51.5486,48.8501,2.6985,1.8341,21817.1689,NA,NA,NA
Stalker2-Win64-Shipping.exe,17996,0x4DE2B640,DXGI,0,0,1,Hardware Composed: Independent Flip,21922.7311,NA,53.67480000000000,53.23040000000000,0.27580000000000,45.38530000000000,45.6246,21869.3005,53.7064,53.4306,0.2758,44.8268,53.9891,48.9650,5.0241,-1.0988,21869.3005,NA,NA,NA
Stalker2-Win64-Shipping.exe,17996,0x4DE2B640,DXGI,0,0,1,Hardware Composed: Independent Flip,21976.3559,NA,53.62480000000000,54.91100000000000,0.31300000000000,45.44860000000000,46.9108,21923.0069,53.6620,53.3490,0.3130,45.1095,53.6881,48.8472,4.8409,-1.2046,21923.0069,NA,NA,NA
Stalker2-Win64-Shipping.exe,17996,0x4DE2B640,DXGI,0,0,1,Hardware Composed: Independent Flip,22029.5818,NA,53.22590000000000,51.87750000000000,0.27000000000000,45.49720000000000,45.5624,21976.6689,53.1829,52.9129,0.2700,45.1356,53.2745,48.9252,4.3493,1.7845,21976.6689,NA,NA,NA
Stalker2-Win64-Shipping.exe,17996,0x4DE2B640,DXGI,0,0,1,Hardware Composed: Independent Flip,22082.3444,NA,52.76260000000000,53.13790000000000,0.26590000000000,45.92150000000000,45.9377,22029.8518,52.7585,52.4926,0.2659,45.2272,53.1869,49.3357,3.8512,0.0450,22029.8518,NA,NA,NA
Stalker2-Win64-Shipping.exe,17996,0x4DE2B640,DXGI,0,0,1,Hardware Composed: Independent Flip,22134.9367,NA,52.59230000000000,52.36640000000001,0.31170000000000,45.51680000000000,45.7118,22082.6103,52.6381,52.3264,0.3117,45.6556,52.1876,48.8002,3.3874,0.3921,22082.6103,NA,NA,NA
Stalker2-Win64-Shipping.exe,17996,0x4DE2B640,DXGI,0,0,1,Hardware Composed: Independent Flip,22188.1113,NA,53.17460000000001,54.31460000000001,0.24810000000000,46.78660000000000,46.8518,22135.2484,53.1110,52.8629,0.2481,45.2051,54.4444,50.1151,4.3293,-1.6765,22135.2484,NA,NA,NA
Stalker2-Win64-Shipping.exe,17996,0x4DE2B640,DXGI,0,0,1,Hardware Composed: Independent Flip,22240.5928,NA,52.48150000000000,52.14580000000000,0.24120000000000,45.27260000000000,46.5161,22188.3594,52.4746,52.2334,0.2412,46.5385,50.9675,49.0338,1.9337,0.9652,22188.3594,NA,NA,NA
Stalker2-Win64-Shipping.exe,17996,0x4DE2B640,DXGI,0,0,1,Hardware Composed: Independent Flip,22294.1416,NA,53.54880000000000,52.82240000000000,0.29030000000000,45.77400000000000,45.7897,22240.8340,53.5979,53.3076,0.2903,45.0314,54.0502,49.4928,4.5574,-0.3478,22240.8340,NA,NA,NA
Stalker2-Win64-Shipping.exe,17996,0x4DE2B640,DXGI,0,0,1,Hardware Composed: Independent Flip,22346.3928,NA,52.25120000000000,53.84460000000000,0.27120000000000,45.52850000000000,47.3831,22294.4319,52.2321,51.9609,0.2712,45.4837,52.0057,48.7529,3.2528,-0.2467,22294.4319,NA,NA,NA
Stalker2-Win64-Shipping.exe,17996,0x4DE2B640,DXGI,0,0,1,Hardware Composed: Independent Flip,22399.6132,NA,53.22040000000001,51.58420000000000,0.26900000000000,45.70800000000001,45.7469,22346.6640,53.2182,52.9492,0.2690,45.2573,53.3999,49.3881,4.0118,0.6479,22346.6640,NA,NA,NA
Stalker2-Win64-Shipping.exe,17996,0x4DE2B640,DXGI,0,0,1,Hardware Composed: Independent Flip,22452.5179,NA,52.90470000000001,53.64260000000000,0.31780000000000,45.66910000000000,46.4848,22399.8822,52.9535,52.6357,0.3178,45.4390,52.8658,48.7743,4.0915,-0.4244,22399.8822,NA,NA,NA
Stalker2-Win64-Shipping.exe,17996,0x4DE2B640,DXGI,0,0,1,Hardware Composed: Independent Flip,22505.2175,NA,52.69960000000000,51.45250000000000,0.25280000000000,45.17370000000000,45.2377,22452.8357,52.6346,52.3818,0.2528,45.3513,52.2042,48.5458,3.6584,1.5010,22452.8357,NA,NA,NA
Stalker2-Win64-Shipping.exe,17996,0x4DE2B640,DXGI,0,0,1,Hardware Composed: Independent Flip,22558.5083,NA,53.29080000000000,53.31360000000000,0.24930000000000,45.24650000000000,45.2605,22505.4703,53.2873,53.0380,0.2493,44.9209,53.3636,48.6137,4.7499,-0.6790,22505.4703,NA,NA,NA
Stalker2-Win64-Shipping.exe,17996,0x4DE2B640,DXGI,0,0,1,Hardware Composed: Independent Flip,22611.1036,NA,52.59530000000000,53.41870000000000,0.26490000000000,45.48200000000000,46.0839,22558.7576,52.6109,52.3460,0.2649,44.9972,52.8308,49.1548,3.6760,-0.1314,22558.7576,NA,NA,NA
Stalker2-Win64-Shipping.exe,17996,0x4DE2B640,DXGI,0,0,1,Hardware Composed: Independent Flip,22665.5305,NA,54.42690000000000,53.88050000000000,0.26550000000000,45.52350000000001,45.5375,22611.3685,54.4275,54.1620,0.2655,45.2171,54.4684,48.9051,5.5633,-1.2696,22611.3685,NA,NA,NA
Stalker2-Win64-Shipping.exe,17996,0x4DE2B640,DXGI,0,0,1,Hardware Composed: Independent Flip,22718.6284,NA,53.09790000000000,54.37150000000000,0.27070000000000,45.98870000000000,46.8111,22665.7960,53.1031,52.8324,0.2707,45.2580,53.5631,49.2950,4.2681,0.0560,22665.7960,NA,NA,NA
Stalker2-Win64-Shipping.exe,17996,0x4DE2B640,DXGI,0,0,1,Hardware Composed: Independent Flip,22771.1649,NA,52.53650000000000,51.28240000000000,0.25620000000000,45.54410000000000,45.5570,22718.8991,52.5220,52.2658,0.2562,45.7180,52.0919,48.9419,3.1500,1.8207,22718.8991,NA,NA,NA
Stalker2-Win64-Shipping.exe,17996,0x4DE2B640,DXGI,0,0,1,Hardware Composed: Independent Flip,22823.0338,NA,51.86890000000000,53.33340000000000,0.26120000000000,47.00510000000000,47.0215,22771.4211,51.8739,51.6127,0.2612,45.2879,53.3299,50.2724,3.0575,-0.8114,22771.4211,NA,NA,NA
Stalker2-Win64-Shipping.exe,17996,0x4DE2B640,DXGI,0,0,1,Hardware Composed: Independent Flip,22875.8673,NA,52.83350000000000,52.84770000000000,0.30660000000000,46.10300000000000,47.0357,22823.2950,52.8789,52.5723,0.3066,46.7439,51.9314,49.3362,2.5952,-0.9738,22823.2950,NA,NA,NA
Stalker2-Win64-Shipping.exe,17996,0x4DE2B640,DXGI,0,0,1,Hardware Composed: Independent Flip,22928.6225,NA,52.75520000000000,51.23360000000000,0.30990000000000,45.48550000000000,45.5141,22876.1739,52.7585,52.4486,0.3099,45.7964,52.1377,48.9692,3.1685,1.6453,22876.1739,NA,NA,NA
Stalker2-Win64-Shipping.exe,17996,0x4DE2B640,DXGI,0,0,1,Hardware Composed: Independent Flip,22981.4618,NA,52.83930000000000,53.15760000000000,0.25220000000000,45.49490000000000,45.8324,22928.9324,52.7816,52.5294,0.2522,45.1756,52.8487,49.4516,3.3971,-0.3991,22928.9324,NA,NA,NA
Stalker2-Win64-Shipping.exe,17996,0x4DE2B640,DXGI,0,0,1,Hardware Composed: Independent Flip,23034.6194,NA,53.15760000000000,52.49770000000000,0.25730000000000,45.15740000000000,45.1725,22981.7140,53.1627,52.9054,0.2573,45.2427,52.8201,48.9077,3.9124,0.2839,22981.7140,NA,NA,NA
Stalker2-Win64-Shipping.exe,17996,0x4DE2B640,DXGI,0,0,1,Hardware Composed: Independent Flip,23087.3428,NA,52.72340000000001,52.77130000000000,0.24590000000000,45.15410000000000,45.2204,23034.8767,52.7120,52.4661,0.2459,44.9001,52.7201,48.6776,4.0425,0.3914,23034.8767,NA,NA,NA
Stalker2-Win64-Shipping.exe,17996,0x4DE2B640,DXGI,0,0,1,Hardware Composed: Independent Flip,23141.2875,NA,53.94470000000000,54.17600000000000,0.27310000000000,45.28150000000000,45.4517,23087.5887,53.9719,53.6988,0.2731,44.9082,54.0721,48.8309,5.2412,-1.4640,23087.5887,NA,NA,NA
Stalker2-Win64-Shipping.exe,17996,0x4DE2B640,DXGI,0,0,1,Hardware Composed: Independent Flip,23193.9285,NA,52.64100000000001,53.75620000000000,0.27050000000000,46.00900000000000,46.5669,23141.5606,52.6384,52.3679,0.2705,45.0084,53.3685,49.2598,4.1087,0.2157,23141.5606,NA,NA,NA
Stalker2-Win64-Shipping.exe,17996,0x4DE2B640,DXGI,0,0,1,Hardware Composed: Independent Flip,23247.3024,NA,53.37390000000000,52.32200000000000,0.26340000000000,45.49900000000000,45.5150,23194.1990,53.3668,53.1034,0.2634,45.7385,52.8639,48.8358,4.0281,0.3164,23194.1990,NA,NA,NA
Stalker2-Win64-Shipping.exe,17996,0x4DE2B640,DXGI,0,0,1,Hardware Composed: Independent Flip,23299.7428,NA,52.44040000000000,53.02190000000000,0.33020000000000,46.03220000000000,46.0965,23247.5658,52.5072,52.1770,0.3302,45.2356,52.9736,49.2694,3.7042,0.3449,23247.5658,NA,NA,NA
Stalker2-Win64-Shipping.exe,17996,0x4DE2B640,DXGI,0,0,1,Hardware Composed: Independent Flip,23352.8627,NA,53.11990000000000,52.48810000000000,0.22640000000000,45.25380000000001,45.4647,23300.0730,53.0161,52.7897,0.2264,45.7020,52.3415,48.3778,3.9637,0.0191,23300.0730,NA,NA,NA
Stalker2-Win64-Shipping.exe,17996,0x4DE2B640,DXGI,0,0,1,Hardware Composed: Independent Flip,23405.4478,NA,52.58510000000000,52.00640000000000,0.25020000000000,44.87230000000000,44.8860,23353.0891,52.6089,52.3587,0.2502,45.0274,52.2036,48.6467,3.5569,1.0097,23353.0891,NA,NA,NA
Stalker2-Win64-Shipping.exe,17996,0x4DE2B640,DXGI,0,0,1,Hardware Composed: Independent Flip,23458.6235,NA,53.17570000000000,55.64090000000000,0.25920000000000,47.29930000000000,47.3512,23405.6980,53.1847,52.9255,0.2592,44.6221,55.6027,50.8926,4.7101,-3.0320,23405.6980,NA,NA,NA
Stalker2-Win64-Shipping.exe,17996,0x4DE2B640,DXGI,0,0,1,Hardware Composed: Independent Flip,23511.3405,NA,52.71700000000001,52.16400000000000,0.25610000000000,45.42290000000001,46.7982,23458.8827,52.7139,52.4578,0.2561,47.0401,50.8406,48.6563,2.1843,1.0207,23458.8827,NA,NA,NA
Stalker2-Win64-Shipping.exe,17996,0x4DE2B640,DXGI,0,0,1,Hardware Composed: Independent Flip,23564.6582,NA,53.31770000000000,51.97240000000000,0.27130000000000,45.42380000000000,45.4529,23511.5966,53.3329,53.0616,0.2713,45.1668,53.3186,48.8234,4.4952,0.7415,23511.5966,NA,NA,NA
Stalker2-Win64-Shipping.exe,17996,0x4DE2B640,DXGI,0,0,1,Hardware Composed: Independent Flip,23617.3086,NA,52.65040000000000,54.56000000000000,0.25580000000000,45.72230000000000,47.3625,23564.9295,52.6349,52.3791,0.2558,45.1525,52.9489,49.0331,3.9158,-1.2271,23564.9295,NA,NA,NA
Stalker2-Win64-Shipping.exe,17996,0x4DE2B640,DXGI,0,0,1,Hardware Composed: Independent Flip,23669.6211,NA,52.31250000000000,50.96910000000000,0.27100000000000,46.00120000000000,46.0191,23617.5644,52.3277,52.0567,0.2710,45.4665,52.5914,49.4180,3.1734,1.6658,23617.5644,NA,NA,NA
Stalker2-Win64-Shipping.exe,17996,0x4DE2B640,DXGI,0,0,1,Hardware Composed: Independent Flip,23722.1469,NA,52.52580000000000,51.92850000000000,0.30940000000000,45.39310000000000,45.4218,23669.8921,52.5642,52.2548,0.3094,45.7302,51.9177,48.6842,3.2335,0.3992,23669.8921,NA,NA,NA
Stalker2-Win64-Shipping.exe,17996,0x4DE2B640,DXGI,0,0,1,Hardware Composed: Independent Flip,23776.6464,NA,54.49950000000000,54.72380000000000,0.25850000000000,45.63020000000000,45.6461,23722.4563,54.4486,54.1901,0.2585,45.0837,54.7366,49.9035,4.8331,-2.1596,23722.4563,NA,NA,NA
Stalker2-Win64-Shipping.exe,17996,0x4DE2B640,DXGI,0,0,1,Hardware Composed: Independent Flip,23827.7646,NA,51.11820000000000,51.77540000000000,0.26230000000000,45.02660000000000,46.3033,23776.9049,51.1220,50.8597,0.2623,45.3717,50.5146,48.8174,1.6972,2.6732,23776.9049,NA,NA,NA
Stalker2-Win64-Shipping.exe,17996,0x4DE2B640,DXGI,0,0,1,Hardware Composed: Independent Flip,23881.2711,NA,53.50650000000000,52.51570000000000,0.24950000000000,45.29760000000000,45.3125,23828.0269,53.4937,53.2442,0.2495,44.7643,53.7775,48.8801,4.8974,-1.3937,23828.0269,NA,NA,NA
Stalker2-Win64-Shipping.exe,17996,0x4DE2B640,DXGI,0,0,1,Hardware Composed: Independent Flip,23933.6268,NA,52.35570000000001,54.20950000000001,0.26370000000000,45.20840000000000,47.1663,23881.5206,52.3699,52.1062,0.2637,45.0481,52.2665,48.9668,3.2997,-0.7158,23881.5206,NA,NA,NA
Stalker2-Win64-Shipping.exe,17996,0x4DE2B640,DXGI,0,0,1,Hardware Composed: Independent Flip,23986.6575,NA,53.03070000000000,51.80740000000000,0.27380000000000,45.91180000000000,45.9430,23933.8905,53.0408,52.7670,0.2738,44.9447,53.7341,49.2449,4.4892,0.5625,23933.8905,NA,NA,NA
Stalker2-Win64-Shipping.exe,17996,0x4DE2B640,DXGI,0,0,1,Hardware Composed: Independent Flip,24039.8560,NA,53.19850000000000,53.68540000000000,0.27440000000000,45.66930000000000,46.4299,23986.9313,53.1991,52.9247,0.2744,45.6380,52.9560,48.7819,4.1741,-0.6446,23986.9313,NA,NA,NA
Stalker2-Win64-Shipping.exe,17996,0x4DE2B640,DXGI,0,0,1,Hardware Composed: Independent Flip,24092.3064,NA,52.45040000000000,53.54450000000000,0.26090000000000,47.50840000000000,47.5240,24040.1304,52.4369,52.1760,0.2609,45.3949,54.2895,50.6782,3.6113,-0.3454,24040.1304,NA,NA,NA
Stalker2-Win64-Shipping.exe,17996,0x4DE2B640,DXGI,0,0,1,Hardware Composed: Independent Flip,24145.5310,NA,53.22460000000000,50.96960000000000,0.25530000000000,44.67500000000000,45.2690,24092.5673,53.2190,52.9637,0.2553,47.2475,50.3912,47.9190,2.4722,1.4673,24092.5673,NA,NA,NA
Stalker2-Win64-Shipping.exe,17996,0x4DE2B640,DXGI,0,0,1,Hardware Composed: Independent Flip,24197.8214,NA,52.29040000000001,52.47580000000000,0.25420000000000,45.43650000000000,45.4544,24145.7863,52.2893,52.0351,0.2542,44.4197,53.0519,49.2368,3.8151,0.7432,24145.7863,NA,NA,NA
Stalker2-Win64-Shipping.exe,17996,0x4DE2B640,DXGI,0,0,1,Hardware Composed: Independent Flip,24250.6728,NA,52.85140000000001,54.33160000000000,0.28540000000000,45.19160000000000,46.9346,24198.0756,52.8826,52.5972,0.2854,45.1823,52.6065,48.4854,4.1211,-2.0423,24198.0756,NA,NA,NA
Stalker2-Win64-Shipping.exe,17996,0x4DE2B640,DXGI,0,0,1,Hardware Composed: Independent Flip,24302.8188,NA,52.14600000000000,50.67610000000001,0.28720000000000,45.44390000000000,45.4647,24250.9582,52.1478,51.8606,0.2872,44.9062,52.3983,48.8646,3.5337,2.2065,24250.9582,NA,NA,NA
Stalker2-Win64-Shipping.exe,17996,0x4DE2B640,DXGI,0,0,1,Hardware Composed: Independent Flip,24356.8773,NA,54.05850000000000,54.59260000000000,0.31390000000000,45.97790000000001,45.9988,24303.1060,54.0852,53.7713,0.3139,45.1567,54.5925,49.1406,5.4519,-2.4448,24303.1060,NA,NA,NA
Stalker2-Win64-Shipping.exe,17996,0x4DE2B640,DXGI,0,0,1,Hardware Composed: Independent Flip,24409.1509,NA,52.27360000000000,53.62090000000001,0.25540000000000,46.20780000000000,47.3461,24357.1912,52.2151,51.9597,0.2554,45.6640,52.5035,49.4800,3.0235,0.4643,24357.1912,NA,NA,NA
Stalker2-Win64-Shipping.exe,17996,0x4DE2B640,DXGI,0,0,1,Hardware Composed: Independent Flip,24462.7975,NA,53.64660000000000,51.94020000000000,0.26240000000000,45.61180000000000,45.6397,24409.4063,53.6536,53.3912,0.2624,45.9524,53.0506,48.7422,4.3084,0.2749,24409.4063,NA,NA,NA
Stalker2-Win64-Shipping.exe,17996,0x4DE2B640,DXGI,0,0,1,Hardware Composed: Independent Flip,24514.0701,NA,51.27260000000000,52.22670000000000,0.29960000000000,46.24200000000000,46.5938,24463.0599,51.3098,51.0102,0.2996,45.3494,51.9028,49.3382,2.5646,1.4269,24463.0599,NA,NA,NA
Stalker2-Win64-Shipping.exe,17996,0x4DE2B640,DXGI,0,0,1,Hardware Composed: Independent Flip,24566.5371,NA,52.46700000000001,50.71490000000000,0.24000000000000,44.81060000000000,44.8417,24514.3697,52.4074,52.1674,0.2400,45.9424,51.0356,48.3109,2.7247,0.5949,24514.3697,NA,NA,NA
Stalker2-Win64-Shipping.exe,17996,0x4DE2B640,DXGI,0,0,1,Hardware Composed: Independent Flip,24619.5263,NA,52.98920000000000,53.88280000000000,0.27420000000000,45.72010000000000,45.7353,24566.7771,53.0234,52.7492,0.2742,44.5706,53.8987,49.2057,4.6930,-1.4754,24566.7771,NA,NA,NA
Stalker2-Win64-Shipping.exe,17996,0x4DE2B640,DXGI,0,0,1,Hardware Composed: Independent Flip,24672.6590,NA,53.13270000000000,54.68030000000000,0.27410000000000,46.13990000000000,47.2829,24619.8005,53.1326,52.8585,0.2741,45.4459,53.5525,49.9983,3.5542,-1.6569,24619.8005,NA,NA,NA
Stalker2-Win64-Shipping.exe,17996,0x4DE2B640,DXGI,0,0,1,Hardware Composed: Independent Flip,24725.3510,NA,52.69200000000000,52.33220000000000,0.25820000000000,46.89700000000001,46.9231,24672.9331,52.6761,52.4179,0.2582,45.8658,53.4491,50.2034,3.2457,0.8004,24672.9331,NA,NA,NA
Stalker2-Win64-Shipping.exe,17996,0x4DE2B640,DXGI,0,0,1,Hardware Composed: Independent Flip,24778.2437,NA,52.89270000000000,51.82360000000000,0.26390000000000,45.83770000000001,45.8540,24725.6092,52.8984,52.6345,0.2639,46.6388,51.8334,49.0464,2.7870,0.8525,24725.6092,NA,NA,NA
Stalker2-Win64-Shipping.exe,17996,0x4DE2B640,DXGI,0,0,1,Hardware Composed: Independent Flip,24831.1153,NA,52.87160000000000,52.68960000000001,0.26990000000000,45.64400000000001,45.6720,24778.5076,52.8776,52.6077,0.2699,45.5738,52.6779,48.8741,3.8038,0.2088,24778.5076,NA,NA,NA
Stalker2-Win64-Shipping.exe,17996,0x4DE2B640,DXGI,0,0,1,Hardware Composed: Independent Flip,24884.4919,NA,53.37660000000000,53.87750000000000,0.25810000000000,45.73830000000000,46.1729,24831.3852,53.3648,53.1067,0.2581,45.3741,53.4709,49.0037,4.4672,-0.9999,24831.3852,NA,NA,NA
Stalker2-Win64-Shipping.exe,17996,0x4DE2B640,DXGI,0,0,1,Hardware Composed: Independent Flip,24936.6682,NA,52.17630000000000,52.65650000000000,0.24890000000000,46.43950000000000,46.6531,24884.7500,52.1671,51.9182,0.2489,45.4802,52.8775,49.7340,3.1435,0.7083,24884.7500,NA,NA,NA
Stalker2-Win64-Shipping.exe,17996,0x4DE2B640,DXGI,0,0,1,Hardware Composed: Independent Flip,24989.9006,NA,53.23240000000001,52.22930000000000,0.27050000000000,45.62910000000000,45.6500,24936.9171,53.2540,52.9835,0.2705,46.1906,52.4220,49.5340,2.8880,-0.0622,24936.9171,NA,NA,NA
Stalker2-Win64-Shipping.exe,17996,0x4DE2B640,DXGI,0,0,1,Hardware Composed: Independent Flip,25044.1236,NA,54.22300000000001,55.16450000000000,0.32930000000000,46.57670000000000,46.5915,24990.1711,54.2818,53.9525,0.3293,45.3586,55.1706,50.0942,5.0764,-1.9105,24990.1711,NA,NA,NA
Stalker2-Win64-Shipping.exe,17996,0x4DE2B640,DXGI,0,0,1,Hardware Composed: Independent Flip,25096.5078,NA,52.38420000000000,52.79890000000000,0.27890000000000,45.89500000000000,47.0062,25044.4529,52.3338,52.0549,0.2789,46.2474,51.7025,49.1606,2.5419,1.4829,25044.4529,NA,NA,NA
Stalker2-Win64-Shipping.exe,17996,0x4DE2B640,DXGI,0,0,1,Hardware Composed: Independent Flip,25150.1773,NA,53.66950000000000,52.28980000000000,0.26220000000000,45.59720000000000,45.6265,25096.7867,53.6528,53.3906,0.2622,45.6161,53.3717,49.0773,4.2944,0.0440,25096.7867,NA,NA,NA
Stalker2-Win64-Shipping.exe,17996,0x4DE2B640,DXGI,0,0,1,Hardware Composed: Independent Flip,25202.9770,NA,52.79970000000000,53.50140000000000,0.28410000000000,45.23610000000000,46.3282,25150.4395,52.8216,52.5375,0.2841,45.3350,52.4386,48.8094,3.6292,0.1514,25150.4395,NA,NA,NA
Stalker2-Win64-Shipping.exe,17996,0x4DE2B640,DXGI,0,0,1,Hardware Composed: Independent Flip,25256.5119,NA,53.53490000000000,53.10060000000000,0.27630000000000,45.86560000000000,45.8939,25203.2611,53.5271,53.2508,0.2763,44.9520,54.1644,49.3414,4.8230,-0.2790,25203.2611,NA,NA,NA
Stalker2-Win64-Shipping.exe,17996,0x4DE2B640,DXGI,0,0,1,Hardware Composed: Independent Flip,25309.4564,NA,52.94450000000001,53.77700000000000,0.25530000000000,45.83070000000000,46.7264,25256.7882,52.9235,52.6682,0.2553,45.5893,52.9096,49.1704,3.7392,-0.2499,25256.7882,NA,NA,NA
Stalker2-Win64-Shipping.exe,17996,0x4DE2B640,DXGI,0,0,1,Hardware Composed: Independent Flip,25363.0091,NA,53.55270000000000,53.15890000000000,0.25080000000000,46.31840000000000,46.3326,25309.7117,53.5482,53.2974,0.2508,45.5754,54.0404,50.3580,3.6824,-0.2354,25309.7117,NA,NA,NA
Stalker2-Win64-Shipping.exe,17996,0x4DE2B640,DXGI,0,0,1,Hardware Composed: Independent Flip,25417.6790,NA,54.66990000000001,54.68950000000000,0.27140000000000,45.76650000000000,46.3522,25363.2599,54.6905,54.4191,0.2714,46.0676,54.1180,49.6325,4.4855,-1.1413,25363.2599,NA,NA,NA
Stalker2-Win64-Shipping.exe,17996,0x4DE2B640,DXGI,0,0,1,Hardware Composed: Independent Flip,25469.4021,NA,51.72310000000000,51.16090000000001,0.27430000000000,45.69750000000001,45.7900,25417.9504,51.7260,51.4517,0.2743,45.4951,51.6541,48.9841,2.6700,3.5296,25417.9504,NA,NA,NA
Stalker2-Win64-Shipping.exe,17996,0x4DE2B640,DXGI,0,0,1,Hardware Composed: Independent Flip,25522.8707,NA,53.46860000000000,53.40880000000000,0.25420000000000,45.71610000000000,45.7302,25469.6764,53.4485,53.1943,0.2542,45.4232,53.4872,49.0664,4.4208,-1.6828,25469.6764,NA,NA,NA
Stalker2-Win64-Shipping.exe,17996,0x4DE2B640,DXGI,0,0,1,Hardware Composed: Independent Flip,25575.2491,NA,52.37840000000000,53.55130000000000,0.25690000000000,45.49580000000000,46.9031,25523.1249,52.3811,52.1242,0.2569,45.4619,52.1581,48.8063,3.3518,-0.1028,25523.1249,NA,NA,NA
Stalker2-Win64-Shipping.exe,17996,0x4DE2B640,DXGI,0,0,1,Hardware Composed: Independent Flip,25628.6608,NA,53.41170000000000,51.96330000000000,0.27230000000000,45.42760000000001,45.4547,25575.5060,53.4271,53.1548,0.2723,45.2389,53.3435,48.9055,4.4380,0.4178,25575.5060,NA,NA,NA
Stalker2-Win64-Shipping.exe,17996,0x4DE2B640,DXGI,0,0,1,Hardware Composed: Independent Flip,25682.1526,NA,53.49180000000000,54.07670000000000,0.34310000000000,45.34130000000000,46.0396,25628.9331,53.5626,53.2195,0.3431,45.1553,53.4055,48.9979,4.4076,-0.6496,25628.9331,NA,NA,NA
Stalker2-Win64-Shipping.exe,17996,0x4DE2B640,DXGI,0,0,1,Hardware Composed: Independent Flip,25735.4300,NA,53.27740000000000,52.27430000000000,0.25600000000000,45.01080000000000,45.0365,25682.4957,53.1903,52.9343,0.2560,44.9982,52.9469,49.2581,3.6888,1.2883,25682.4957,NA,NA,NA
Stalker2-Win64-Shipping.exe,17996,0x4DE2B640,DXGI,0,0,1,Hardware Composed: Independent Flip,25788.6290,NA,53.19900000000001,54.25310000000000,0.29500000000000,46.06210000000000,46.0906,25735.6860,53.2380,52.9430,0.2950,44.7548,54.2503,49.7649,4.4854,-1.0628,25735.6860,NA,NA,NA
Stalker2-Win64-Shipping.exe,17996,0x4DE2B640,DXGI,0,0,1,Hardware Composed: Independent Flip,25842.1838,NA,53.55480000000000,53.41000000000000,0.26990000000000,45.12220000000000,45.9458,25788.9240,53.5297,53.2598,0.2699,45.7671,52.6149,48.3740,4.2409,-0.1720,25788.9240,NA,NA,NA
Stalker2-Win64-Shipping.exe,17996,0x4DE2B640,DXGI,0,0,1,Hardware Composed: Independent Flip,25894.4353,NA,52.25150000000000,51.93510000000001,0.24880000000000,45.61860000000000,45.6294,25842.4537,52.2304,51.9816,0.2488,44.8523,52.7479,48.9598,3.7881,1.5946,25842.4537,NA,NA,NA
Stalker2-Win64-Shipping.exe,17996,0x4DE2B640,DXGI,0,0,1,Hardware Composed: Independent Flip,25948.1009,NA,53.66560000000000,54.07360000000001,0.35820000000000,45.81540000000000,46.0374,25894.6841,53.7750,53.4168,0.3582,45.3698,53.8624,49.1589,4.7035,-1.8432,25894.6841,NA,NA,NA
Stalker2-Win64-Shipping.exe,17996,0x4DE2B640,DXGI,0,0,1,Hardware Composed: Independent Flip,25999.8905,NA,51.78960000000000,53.16590000000000,0.27690000000000,47.06510000000000,47.4137,25948.4591,51.7083,51.4314,0.2769,45.4572,53.0393,50.3284,2.7109,0.6091,25948.4591,NA,NA,NA
Stalker2-Win64-Shipping.exe,17996,0x4DE2B640,DXGI,0,0,1,Hardware Composed: Independent Flip,26052.9281,NA,53.03760000000000,51.62550000000000,0.25380000000000,45.97920000000000,46.0016,26000.1674,53.0145,52.7607,0.2538,46.7882,51.9517,49.2525,2.6992,0.0828,26000.1674,NA,NA,NA
Stalker2-Win64-Shipping.exe,17996,0x4DE2B640,DXGI,0,0,1,Hardware Composed: Independent Flip,26106.3783,NA,53.45020000000000,52.88640000000000,0.24930000000000,45.42280000000000,45.4378,26053.1819,53.4457,53.1964,0.2493,45.7254,52.8938,48.7282,4.1656,0.1281,26053.1819,NA,NA,NA
Stalker2-Win64-Shipping.exe,17996,0x4DE2B640,DXGI,0,0,1,Hardware Composed: Independent Flip,26158.8559,NA,52.47760000000000,53.02120000000000,0.25730000000000,45.51940000000000,45.9814,26106.6276,52.4856,52.2283,0.2573,45.1735,52.5742,49.2007,3.3735,0.4245,26106.6276,NA,NA,NA
Stalker2-Win64-Shipping.exe,17996,0x4DE2B640,DXGI,0,0,1,Hardware Composed: Independent Flip,26211.1140,NA,52.25810000000001,51.52010000000000,0.26020000000000,45.21380000000000,45.2434,26159.1132,52.2610,52.0008,0.2602,45.2621,51.9525,49.0234,2.9291,0.9655,26159.1132,NA,NA,NA
Stalker2-Win64-Shipping.exe,17996,0x4DE2B640,DXGI,0,0,1,Hardware Composed: Independent Flip,26265.0075,NA,53.89350000000000,53.99030000000000,0.27200000000000,45.32710000000000,45.3402,26211.3742,53.9053,53.6333,0.2720,44.9536,54.0068,48.8084,5.1984,-1.7293,26211.3742,NA,NA,NA
Stalker2-Win64-Shipping.exe,17996,0x4DE2B640,DXGI,0,0,1,Hardware Composed: Independent Flip,26319.0692,NA,54.06170000000000,55.49670000000000,0.26550000000000,45.78550000000000,46.7752,26265.2795,54.0552,53.7897,0.2655,45.0551,54.5201,49.3204,5.1997,-1.5914,26265.2795,NA,NA,NA
Stalker2-Win64-Shipping.exe,17996,0x4DE2B640,DXGI,0,0,1,Hardware Composed: Independent Flip,26370.5589,NA,51.48970000000000,51.11490000000001,0.25650000000000,46.15010000000000,46.4004,26319.3347,51.4807,51.2242,0.2565,45.5200,51.8543,49.3734,2.4809,2.9403,26319.3347,NA,NA,NA
Stalker2-Win64-Shipping.exe,17996,0x4DE2B640,DXGI,0,0,1,Hardware Composed: Independent Flip,26424.1977,NA,53.63880000000000,52.75510000000001,0.29020000000000,45.50130000000000,45.5167,26370.8154,53.6725,53.3823,0.2902,45.8936,52.9900,49.0454,3.9446,-1.2744,26370.8154,NA,NA,NA
Stalker2-Win64-Shipping.exe,17996,0x4DE2B640,DXGI,0,0,1,Hardware Composed: Independent Flip,26476.4802,NA,52.28250000000001,54.34760000000000,0.26330000000000,46.25430000000000,47.5818,26424.4879,52.2556,51.9923,0.2633,45.2111,53.0355,49.6180,3.4175,-0.6751,26424.4879,NA,NA,NA
Stalker2-Win64-Shipping.exe,17996,0x4DE2B640,DXGI,0,0,1,Hardware Composed: Independent Flip,26529.2753,NA,52.79510000000001,50.76030000000000,0.28820000000000,45.52750000000000,45.5470,26476.7435,52.8200,52.5318,0.2882,45.9910,52.0683,49.5240,2.5443,1.4953,26476.7435,NA,NA,NA
Stalker2-Win64-Shipping.exe,17996,0x4DE2B640,DXGI,0,0,1,Hardware Composed: Independent Flip,26582.2568,NA,52.98150000000000,53.66070000000001,0.25810000000000,46.21230000000000,46.2262,26529.5635,52.9514,52.6933,0.2581,45.2393,53.6663,49.4544,4.2119,-0.8407,26529.5635,NA,NA,NA
Stalker2-Win64-Shipping.exe,17996,0x4DE2B640,DXGI,0,0,1,Hardware Composed: Independent Flip,26634.9306,NA,52.67380000000000,54.33850000000000,0.25480000000000,46.83390000000000,47.8909,26582.5149,52.6705,52.4157,0.2548,45.9542,53.2954,50.1246,3.1708,-1.3871,26582.5149,NA,NA,NA
Stalker2-Win64-Shipping.exe,17996,0x4DE2B640,DXGI,0,0,1,Hardware Composed: Independent Flip,26688.3778,NA,53.44720000000000,51.31320000000000,0.30070000000000,45.74070000000000,45.7569,26635.1854,53.4931,53.1924,0.3007,46.5791,52.3540,49.1175,3.2365,1.3573,26635.1854,NA,NA,NA
Stalker2-Win64-Shipping.exe,17996,0x4DE2B640,DXGI,0,0,1,Hardware Composed: Independent Flip,26740.8753,NA,52.49750000000000,52.11130000000000,0.25340000000000,45.34330000000000,45.3707,26688.6785,52.4502,52.1968,0.2534,45.4400,52.1001,48.4323,3.6678,1.3818,26688.6785,NA,NA,NA
Stalker2-Win64-Shipping.exe,17996,0x4DE2B640,DXGI,0,0,1,Hardware Composed: Independent Flip,26793.4607,NA,52.58540000000000,53.16530000000000,0.29410000000000,45.73790000000000,45.9506,26741.1287,52.6261,52.3320,0.2941,45.0899,52.9800,49.0414,3.9386,-0.7151,26741.1287,NA,NA,NA
Stalker2-Win64-Shipping.exe,17996,0x4DE2B640,DXGI,0,0,1,Hardware Composed: Independent Flip,26847.0938,NA,53.63310000000001,52.87320000000000,0.32490000000000,45.09200000000000,45.1907,26793.7548,53.6639,53.3390,0.3249,45.4438,52.9872,48.5765,4.4107,-0.2471,26793.7548,NA,NA,NA
Stalker2-Win64-Shipping.exe,17996,0x4DE2B640,DXGI,0,0,1,Hardware Composed: Independent Flip,26899.6565,NA,52.56270000000000,52.54020000000001,0.24300000000000,45.15400000000000,45.1682,26847.4187,52.4808,52.2378,0.2430,44.7671,52.6247,48.6248,3.9999,1.1237,26847.4187,NA,NA,NA
Stalker2-Win64-Shipping.exe,17996,0x4DE2B640,DXGI,0,0,1,Hardware Composed: Independent Flip,26953.1985,NA,53.54200000000000,53.57000000000000,0.28550000000000,45.16690000000001,45.1962,26899.8995,53.5845,53.2990,0.2855,44.9110,53.5549,48.6677,4.8872,-1.0892,26899.8995,NA,NA,NA
Stalker2-Win64-Shipping.exe,17996,0x4DE2B640,DXGI,0,0,1,Hardware Composed: Independent Flip,27005.7816,NA,52.58310000000000,53.45920000000000,0.25900000000000,45.57420000000000,46.0723,26953.4840,52.5566,52.2976,0.2590,44.8814,52.9904,48.8297,4.1607,0.1253,26953.4840,NA,NA,NA
Stalker2-Win64-Shipping.exe,17996,0x4DE2B640,DXGI,0,0,1,Hardware Composed: Independent Flip,27058.7214,NA,52.93980000000001,52.61090000000000,0.27270000000000,45.73050000000000,45.7434,27006.0406,52.9535,52.6808,0.2727,45.3152,53.0961,49.1354,3.9607,-0.0543,27006.0406,NA,NA,NA
Stalker2-Win64-Shipping.exe,17996,0x4DE2B640,DXGI,0,0,1,Hardware Composed: Independent Flip,27112.8348,NA,54.11340000000001,53.91470000000000,0.27200000000000,45.46400000000000,45.5447,27058.9941,54.1127,53.8407,0.2720,45.4578,53.8469,48.8480,4.9989,-0.9612,27058.9941,NA,NA,NA
Stalker2-Win64-Shipping.exe,17996,0x4DE2B640,DXGI,0,0,1,Hardware Composed: Independent Flip,27164.1485,NA,51.31370000000000,51.99340000000000,0.29270000000000,45.81750000000000,46.2244,27113.1068,51.3344,51.0417,0.2927,45.1920,51.6672,48.9619,2.7053,2.1193,27113.1068,NA,NA,NA
Stalker2-Win64-Shipping.exe,17996,0x4DE2B640,DXGI,0,0,1,Hardware Composed: Independent Flip,27216.8163,NA,52.66780000000000,52.51640000000000,0.26040000000000,46.05800000000000,46.0730,27164.4412,52.6355,52.3751,0.2604,45.5248,52.9083,49.3530,3.5553,-1.1820,27164.4412,NA,NA,NA
Stalker2-Win64-Shipping.exe,17996,0x4DE2B640,DXGI,0,0,1,Hardware Composed: Independent Flip,27269.5480,NA,52.73170000000000,53.57310000000000,0.33590000000000,46.10310000000000,46.9144,27217.0767,52.8072,52.4713,0.3359,45.7976,52.7768,49.3835,3.3933,-0.9376,27217.0767,NA,NA,NA
Stalker2-Win64-Shipping.exe,17996,0x4DE2B640,DXGI,0,0,1,Hardware Composed: Independent Flip,27321.7209,NA,52.17290000000001,51.06230000000000,0.24890000000000,45.77660000000000,45.8038,27269.8839,52.0859,51.8370,0.2489,45.7672,51.8464,49.1743,2.6721,1.7449,27269.8839,NA,NA,NA
Stalker2-Win64-Shipping.exe,17996,0x4DE2B640,DXGI,0,0,1,Hardware Composed: Independent Flip,27374.3869,NA,52.66600000000000,52.90690000000000,0.30420000000000,46.03130000000000,46.0447,27321.9698,52.7213,52.4171,0.3042,45.5277,52.9207,49.1162,3.8045,-0.8210,27321.9698,NA,NA,NA
Stalker2-Win64-Shipping.exe,17996,0x4DE2B640,DXGI,0,0,1,Hardware Composed: Independent Flip,27428.1484,NA,53.76150000000001,53.93660000000001,0.28650000000000,45.57480000000000,46.2198,27374.6911,53.7438,53.4573,0.2865,45.7271,53.3050,49.0085,4.2965,-1.2153,27374.6911,NA,NA,NA
Stalker2-Win64-Shipping.exe,17996,0x4DE2B640,DXGI,0,0,1,Hardware Composed: Independent Flip,27479.5937,NA,51.44530000000000,51.09680000000000,0.28330000000000,45.80350000000000,45.8713,27428.4349,51.4421,51.1588,0.2833,45.2883,51.6740,49.1259,2.5481,2.6470,27428.4349,NA,NA,NA
Stalker2-Win64-Shipping.exe,17996,0x4DE2B640,DXGI,0,0,1,Hardware Composed: Independent Flip,27533.5093,NA,53.91560000000000,53.87620000000000,0.26240000000000,45.80240000000000,45.8319,27479.8770,53.8947,53.6323,0.2624,45.5202,53.9145,49.2082,4.7063,-2.4341,27479.8770,NA,NA,NA
Stalker2-Win64-Shipping.exe,17996,0x4DE2B640,DXGI,0,0,1,Hardware Composed: Independent Flip,27587.5340,NA,54.02470000000000,55.16360000000000,0.26070000000000,45.42280000000000,46.9708,27533.7717,54.0230,53.7623,0.2607,45.5400,53.6451,48.7097,4.9354,-1.2689,27533.7717,NA,NA,NA
Stalker2-Win64-Shipping.exe,17996,0x4DE2B640,DXGI,0,0,1,Hardware Composed: Independent Flip,27637.7177,NA,50.18370000000000,49.24600000000000,0.26780000000000,46.01110000000000,46.0331,27587.7947,50.1908,49.9230,0.2678,45.1621,50.7720,49.2425,1.5295,4.7770,27587.7947,NA,NA,NA
Stalker2-Win64-Shipping.exe,17996,0x4DE2B640,DXGI,0,0,1,Hardware Composed: Independent Flip,27691.1051,NA,53.38740000000000,53.10990000000000,0.24980000000000,45.73970000000000,45.7556,27637.9855,53.3694,53.1196,0.2498,45.7433,53.1160,48.9843,4.1317,-2.9191,27637.9855,NA,NA,NA
Stalker2-Win64-Shipping.exe,17996,0x4DE2B640,DXGI,0,0,1,Hardware Composed: Independent Flip,27744.0824,NA,52.97730000000000,54.51760000000000,0.24420000000000,45.44290000000000,47.2959,27691.3549,52.9717,52.7275,0.2442,45.4899,52.6805,49.2692,3.4113,-1.1482,27691.3549,NA,NA,NA
Stalker2-Win64-Shipping.exe,17996,0x4DE2B640,DXGI,0,0,1,Hardware Composed: Independent Flip,27796.3432,NA,52.26080000000000,50.53610000000000,0.26290000000000,45.55800000000000,45.5712,27744.3266,52.2795,52.0166,0.2629,45.1987,52.3759,49.3776,2.9983,2.4356,27744.3266,NA,NA,NA
Stalker2-Win64-Shipping.exe,17996,0x4DE2B640,DXGI,0,0,1,Hardware Composed: Independent Flip,27850.4263,NA,54.08310000000000,54.05340000000000,0.24340000000000,45.52690000000000,45.5415,27796.6061,54.0636,53.8202,0.2434,45.2951,54.0520,49.1947,4.8573,-1.7739,27796.6061,NA,NA,NA
Stalker2-Win64-Shipping.exe,17996,0x4DE2B640,DXGI,0,0,1,Hardware Composed: Independent Flip,27902.3565,NA,51.93020000000000,54.29970000000000,0.29790000000000,46.99990000000000,47.9110,27850.6697,51.9847,51.6868,0.2979,45.2835,53.4032,50.1444,3.2588,-0.2361,27850.6697,NA,NA,NA
Stalker2-Win64-Shipping.exe,17996,0x4DE2B640,DXGI,0,0,1,Hardware Composed: Independent Flip,27955.1604,NA,52.80390000000001,51.01950000000000,0.28000000000000,46.11200000000000,46.1266,27902.6544,52.7860,52.5060,0.2800,46.7020,51.9160,49.4228,2.4932,0.9652,27902.6544,NA,NA,NA
Stalker2-Win64-Shipping.exe,17996,0x4DE2B640,DXGI,0,0,1,Hardware Composed: Independent Flip,28007.7704,NA,52.61000000000000,52.54520000000000,0.24830000000000,46.04620000000000,46.0618,27955.4404,52.5783,52.3300,0.2483,45.8320,52.5442,49.2324,3.3118,0.2408,27955.4404,NA,NA,NA
Stalker2-Win64-Shipping.exe,17996,0x4DE2B640,DXGI,0,0,1,Hardware Composed: Independent Flip,28060.5041,NA,52.73370000000001,52.60960000000000,0.41830000000000,45.21800000000000,45.9377,28008.0187,52.9037,52.4854,0.4183,45.7979,51.9055,48.6131,3.2924,-0.0313,28008.0187,NA,NA,NA
Stalker2-Win64-Shipping.exe,17996,0x4DE2B640,DXGI,0,0,1,Hardware Composed: Independent Flip,28113.2225,NA,52.71840000000000,51.98920000000000,0.25290000000000,45.19300000000000,45.2085,28060.9224,52.5530,52.3001,0.2529,44.7997,52.6934,48.6384,4.0550,0.9145,28060.9224,NA,NA,NA
Stalker2-Win64-Shipping.exe,17996,0x4DE2B640,DXGI,0,0,1,Hardware Composed: Independent Flip,28166.0333,NA,52.81080000000000,53.27600000000000,0.24960000000000,45.17900000000000,45.6737,28113.4754,52.8075,52.5579,0.2496,44.9401,52.7968,48.7370,4.0598,-0.7230,28113.4754,NA,NA,NA
Stalker2-Win64-Shipping.exe,17996,0x4DE2B640,DXGI,0,0,1,Hardware Composed: Independent Flip,28218.8783,NA,52.84500000000001,52.92910000000001,0.26490000000000,45.73210000000000,45.7578,28166.2829,52.8603,52.5954,0.2649,44.9294,53.3981,49.2577,4.1404,-0.1216,28166.2829,NA,NA,NA
Stalker2-Win64-Shipping.exe,17996,0x4DE2B640,DXGI,0,0,1,Hardware Composed: Independent Flip,28272.1815,NA,53.30320000000000,53.72910000000000,0.26460000000000,45.94590000000000,46.1837,28219.1432,53.3029,53.0383,0.2646,45.4672,53.5170,49.3137,4.2033,-0.8688,28219.1432,NA,NA,NA
Stalker2-Win64-Shipping.exe,17996,0x4DE2B640,DXGI,0,0,1,Hardware Composed: Independent Flip,28326.4966,NA,54.31510000000000,53.83850000000000,0.33460000000000,45.45060000000000,45.7071,28272.4461,54.3851,54.0505,0.3346,45.6813,53.8198,49.0035,4.8163,-0.5356,28272.4461,NA,NA,NA
Stalker2-Win64-Shipping.exe,17996,0x4DE2B640,DXGI,0,0,1,Hardware Composed: Independent Flip,28378.4102,NA,51.91360000000000,52.33370000000000,0.24960000000000,45.84890000000000,46.1272,28326.8312,51.8286,51.5790,0.2496,45.1160,52.3119,49.0638,3.2481,2.0514,28326.8312,NA,NA,NA
Stalker2-Win64-Shipping.exe,17996,0x4DE2B640,DXGI,0,0,1,Hardware Composed: Independent Flip,28430.7369,NA,52.32670000000000,51.88200000000001,0.26690000000000,45.66790000000000,45.6825,28378.6598,52.3440,52.0771,0.2669,45.5993,52.1457,48.9826,3.1631,-0.0534,28378.6598,NA,NA,NA
Stalker2-Win64-Shipping.exe,17996,0x4DE2B640,DXGI,0,0,1,Hardware Composed: Independent Flip,28482.7366,NA,51.99970000000000,52.61040000000001,0.22980000000000,45.92050000000000,46.2932,28431.0038,51.9626,51.7328,0.2298,45.4010,52.2523,48.9895,3.2628,-0.2664,28431.0038,NA,NA,NA
Stalker2-Win64-Shipping.exe,17996,0x4DE2B640,DXGI,0,0,1,Hardware Composed: Independent Flip,28535.9495,NA,53.21290000000000,53.42770000000000,0.25590000000000,46.48970000000000,46.5080,28482.9664,53.2390,52.9831,0.2559,45.6907,53.7821,50.2297,3.5524,-1.4651,28482.9664,NA,NA,NA
Stalker2-Win64-Shipping.exe,17996,0x4DE2B640,DXGI,0,0,1,Hardware Composed: Independent Flip,28588.4344,NA,52.48490000000000,52.79300000000000,0.23680000000000,46.01980000000000,46.8161,28536.2054,52.4658,52.2290,0.2368,46.2338,52.0150,49.5079,2.5071,0.4460,28536.2054,NA,NA,NA
Stalker2-Win64-Shipping.exe,17996,0x4DE2B640,DXGI,0,0,1,Hardware Composed: Independent Flip,28641.4813,NA,53.04690000000000,51.61980000000001,0.27410000000000,45.36730000000000,45.3890,28588.6712,53.0842,52.8101,0.2741,45.7830,52.3944,48.4721,3.9223,0.8460,28588.6712,NA,NA,NA
Stalker2-Win64-Shipping.exe,17996,0x4DE2B640,DXGI,0,0,1,Hardware Composed: Independent Flip,28695.2785,NA,53.79720000000000,54.39060000000000,0.25400000000000,45.64760000000000,45.9824,28641.7554,53.7771,53.5231,0.2540,45.0932,54.0775,48.9450,5.1325,-1.3064,28641.7554,NA,NA,NA
Stalker2-Win64-Shipping.exe,17996,0x4DE2B640,DXGI,0,0,1,Hardware Composed: Independent Flip,28747.8631,NA,52.58460000000000,53.14630000000000,0.26540000000000,45.94080000000000,46.5441,28695.5325,52.5960,52.3306,0.2654,45.3936,52.8778,49.2547,3.6231,0.6308,28695.5325,NA,NA,NA
Stalker2-Win64-Shipping.exe,17996,0x4DE2B640,DXGI,0,0,1,Hardware Composed: Independent Flip,28799.6349,NA,51.77180000000000,50.98950000000000,0.27350000000000,45.73470000000000,45.7618,28748.1285,51.7799,51.5064,0.2735,45.6754,51.5657,49.0209,2.5448,1.6065,28748.1285,NA,NA,NA
Stalker2-Win64-Shipping.exe,17996,0x4DE2B640,DXGI,0,0,1,Hardware Composed: Independent Flip,28852.5972,NA,52.96230000000000,52.73270000000000,0.27110000000000,45.47860000000000,45.5322,28799.9084,52.9599,52.6888,0.2711,45.4612,52.7062,48.8159,3.8903,-0.9528,28799.9084,NA,NA,NA
Stalker2-Win64-Shipping.exe,17996,0x4DE2B640,DXGI,0,0,1,Hardware Composed: Independent Flip,28906.1338,NA,53.53660000000000,54.02390000000000,0.36460000000000,45.46550000000000,46.0195,28852.8683,53.6301,53.2655,0.3646,45.2075,53.5235,48.7547,4.7688,-1.0640,28852.8683,NA,NA,NA
Stalker2-Win64-Shipping.exe,17996,0x4DE2B640,DXGI,0,0,1,Hardware Composed: Independent Flip,28959.0176,NA,52.88380000000000,52.30160000000000,0.23310000000000,45.23760000000000,45.4373,28906.4984,52.7523,52.5192,0.2331,45.1009,52.6559,48.8217,3.8342,1.3285,28906.4984,NA,NA,NA
Stalker2-Win64-Shipping.exe,17996,0x4DE2B640,DXGI,0,0,1,Hardware Composed: Independent Flip,29011.1318,NA,52.11420000000000,51.97970000000000,0.26700000000000,45.28220000000000,45.3028,28959.2507,52.1481,51.8811,0.2670,45.0045,52.1588,49.0521,3.1067,0.7726,28959.2507,NA,NA,NA
Stalker2-Win64-Shipping.exe,17996,0x4DE2B640,DXGI,0,0,1,Hardware Composed: Independent Flip,29064.5805,NA,53.44870000000000,53.35960000000000,0.26940000000000,45.12890000000000,45.2137,29011.3988,53.4511,53.1817,0.2694,45.0152,53.2954,48.6692,4.6262,-1.2115,29011.3988,NA,NA,NA
Stalker2-Win64-Shipping.exe,17996,0x4DE2B640,DXGI,0,0,1,Hardware Composed: Independent Flip,29116.7856,NA,52.20510000000000,52.66690000000001,0.25150000000000,45.36350000000000,45.6755,29064.8499,52.1872,51.9357,0.2515,44.8595,52.4397,48.6467,3.7930,0.7842,29064.8499,NA,NA,NA
Stalker2-Win64-Shipping.exe,17996,0x4DE2B640,DXGI,0,0,1,Hardware Composed: Independent Flip,29169.3006,NA,52.51500000000000,53.96010000000000,0.27280000000000,47.09340000000000,47.1206,29117.0371,52.5363,52.2635,0.2728,45.1120,54.2449,50.3537,3.8912,-1.7729,29117.0371,NA,NA,NA
Stalker2-Win64-Shipping.exe,17996,0x4DE2B640,DXGI,0,0,1,Hardware Composed: Independent Flip,29222.7020,NA,53.40140000000000,52.66890000000000,0.29030000000000,45.45260000000000,46.3881,29169.5734,53.4189,53.1286,0.2903,46.8206,51.7606,48.7490,3.0116,-0.1326,29169.5734,NA,NA,NA
Stalker2-Win64-Shipping.exe,17996,0x4DE2B640,DXGI,0,0,1,Hardware Composed: Independent Flip,29274.1645,NA,51.46250000000001,51.08420000000000,0.27210000000000,45.99370000000000,46.0098,29222.9923,51.4443,51.1722,0.2721,45.1623,52.0036,49.3061,2.6975,2.3347,29222.9923,NA,NA,NA
Stalker2-Win64-Shipping.exe,17996,0x4DE2B640,DXGI,0,0,1,Hardware Composed: Independent Flip,29326.0775,NA,51.91300000000000,51.46620000000000,0.24960000000000,45.18050000000000,45.5630,29274.4366,51.8905,51.6409,0.2496,45.7216,51.0998,49.2008,1.8990,-0.0219,29274.4366,NA,NA,NA
Stalker2-Win64-Shipping.exe,17996,0x4DE2B640,DXGI,0,0,1,Hardware Composed: Independent Flip,29378.5595,NA,52.48200000000000,52.63270000000000,0.26710000000000,45.69310000000000,45.7137,29326.3271,52.4995,52.2324,0.2671,44.9309,52.9946,49.4633,3.5313,-0.7422,29326.3271,NA,NA,NA
Stalker2-Win64-Shipping.exe,17996,0x4DE2B640,DXGI,0,0,1,Hardware Composed: Independent Flip,29431.5082,NA,52.94870000000000,53.59710000000000,0.25660000000000,45.25720000000000,46.3621,29378.8266,52.9382,52.6816,0.2566,45.4260,52.5128,48.6650,3.8478,-1.0976,29378.8266,NA,NA,NA
Stalker2-Win64-Shipping.exe,17996,0x4DE2B640,DXGI,0,0,1,Hardware Composed: Independent Flip,29484.0969,NA,52.58870000000000,51.85400000000000,0.31280000000000,45.61370000000000,45.6274,29431.7648,52.6449,52.3321,0.3128,45.0006,52.9452,49.0756,3.8696,1.0842,29431.7648,NA,NA,NA
Stalker2-Win64-Shipping.exe,17996,0x4DE2B640,DXGI,0,0,1,Hardware Composed: Independent Flip,29537.5060,NA,53.40910000000000,53.46310000000000,0.26160000000000,45.52330000000000,45.6814,29484.4097,53.3579,53.0963,0.2616,45.3009,53.3187,48.6836,4.6351,-0.8182,29484.4097,NA,NA,NA
Stalker2-Win64-Shipping.exe,17996,0x4DE2B640,DXGI,0,0,1,Hardware Composed: Independent Flip,29591.1795,NA,53.67350000000000,54.17080000000000,0.27590000000000,45.84670000000001,46.1787,29537.7676,53.6878,53.4119,0.2759,45.2617,53.9969,49.1426,4.8543,-0.8129,29537.7676,NA,NA,NA
Stalker2-Win64-Shipping.exe,17996,0x4DE2B640,DXGI,0,0,1,Hardware Composed: Independent Flip,29643.1505,NA,51.97100000000000,51.90560000000000,0.28170000000000,45.82890000000000,46.1133,29591.4554,51.9768,51.6951,0.2817,45.5708,51.9532,49.0900,2.8632,1.7822,29591.4554,NA,NA,NA
Stalker2-Win64-Shipping.exe,17996,0x4DE2B640,DXGI,0,0,1,Hardware Composed: Independent Flip,29696.5248,NA,53.37430000000001,53.40840000000000,0.24150000000000,46.13290000000000,46.1474,29643.4322,53.3341,53.0926,0.2415,45.5472,53.6783,49.2656,4.4127,-1.4316,29643.4322,NA,NA,NA
Stalker2-Win64-Shipping.exe,17996,0x4DE2B640,DXGI,0,0,1,Hardware Composed: Independent Flip,29747.8269,NA,51.30210000000000,51.43630000000000,0.24300000000000,45.06090000000000,46.2816,29696.7663,51.3036,51.0606,0.2430,45.8914,50.2301,48.7070,1.5231,1.8978,29696.7663,NA,NA,NA
Stalker2-Win64-Shipping.exe,17996,0x4DE2B640,DXGI,0,0,1,Hardware Composed: Independent Flip,29801.5462,NA,53.71930000000000,53.74150000000000,0.26810000000000,46.28520000000000,46.3038,29748.0699,53.7444,53.4763,0.2681,44.8179,54.9436,49.7818,5.1618,-2.4379,29748.0699,NA,NA,NA
Stalker2-Win64-Shipping.exe,17996,0x4DE2B640,DXGI,0,0,1,Hardware Composed: Independent Flip,29853.8411,NA,52.29490000000001,54.63430000000000,0.25610000000000,46.02320000000000,48.6432,29801.8143,52.2829,52.0268,0.2561,46.0171,52.0329,49.7885,2.2444,-0.8899,29801.8143,NA,NA,NA
Stalker2-Win64-Shipping.exe,17996,0x4DE2B640,DXGI,0,0,1,Hardware Composed: Independent Flip,29906.4593,NA,52.61820000000000,49.74040000000000,0.26540000000000,45.72410000000000,45.7654,29854.0972,52.6275,52.3621,0.2654,45.7671,52.3191,49.0984,3.2207,2.5425,29854.0972,NA,NA,NA
