Application,ProcessID,SwapChainAddress,PresentRuntime,SyncInterval,PresentFlags,AllowsTearing,PresentMode,TimeInMs,MsBetweenSimulationStart,MsBetweenPresents,MsBetweenDisplayChange,MsInPresentAPI,MsRenderPresentLatency,MsUntilDisplayed,CPUStartTimeInMs,MsBetweenAppStart,MsCPUBusy,MsCPUWait,MsGPULatency,MsGPUTime,MsGPUBusy,MsGPUWait,MsAnimationError,AnimationTime,MsFlipDelay,MsAllInputToPhotonLatency,MsClickToPhotonLatency
Stalker2-Win64-Shipping.exe,17996,0x4DE2B640,DXGI,0,0,1,Hardware Composed: Independent Flip,190.5695,NA,52.31920000000000,54.46810000000000,0.29510000000000,45.76560000000000,48.7793,138.5305,52.3341,52.0390,0.2951,46.3237,51.4809,48.9425,2.5384,NA,138.5305,NA,NA,NA
Stalker2-Win64-Shipping.exe,17996,0x4DE2B640,DXGI,0,0,1,Hardware Composed: Independent Flip,243.4153,NA,52.84580000000000,51.67810000000000,0.24950000000000,47.59130000000000,47.6116,190.8646,52.8002,52.5507,0.2495,45.4705,54.6715,50.7357,3.9358,0.6560,190.8646,NA,NA,NA
Stalker2-Win64-Shipping.exe,17996,0x4DE2B640,DXGI,0,0,1,Hardware Composed: Independent Flip,298.5423,NA,55.12700000000000,55.95430000000000,0.26880000000000,45.41670000000000,48.4389,243.6648,55.1463,54.8775,0.2688,47.3418,52.9524,48.7158,4.2366,-3.1541,243.6648,NA,NA,NA
Stalker2-Win64-Shipping.exe,17996,0x4DE2B640,DXGI,0,0,1,Hardware Composed: Independent Flip,353.3666,NA,54.82430000000000,52.04280000000000,0.23430000000000,45.63620000000000,45.6574,298.8111,54.7898,54.5555,0.2343,45.1479,55.0438,49.0908,5.9530,3.1035,298.8111,NA,NA,NA
Stalker2-Win64-Shipping.exe,17996,0x4DE2B640,DXGI,0,0,1,Hardware Composed: Independent Flip,408.3341,NA,54.96750000000000,56.59520000000001,0.30660000000000,45.66340000000000,47.2851,353.6009,55.0398,54.7332,0.3066,45.4019,54.9947,48.9874,6.0073,-1.8054,353.6009,NA,NA,NA
Stalker2-Win64-Shipping.exe,17996,0x4DE2B640,DXGI,0,0,1,Hardware Composed: Independent Flip,462.6351,NA,54.30100000000000,52.70080000000000,0.27030000000000,45.57290000000000,45.6849,408.6407,54.2647,53.9944,0.2703,45.3568,54.2105,48.8487,5.3618,2.3390,408.6407,NA,NA,NA
Stalker2-Win64-Shipping.exe,17996,0x4DE2B640,DXGI,0,0,1,Hardware Composed: Independent Flip,517.4729,NA,54.83780000000000,54.77470000000000,0.26850000000000,45.59170000000000,45.6218,462.9054,54.8360,54.5675,0.2685,45.3026,54.8566,48.8624,5.9942,-0.5100,462.9054,NA,NA,NA
Stalker2-Win64-Shipping.exe,17996,0x4DE2B640,DXGI,0,0,1,Hardware Composed: Independent Flip,571.9172,NA,54.44430000000001,55.63410000000000,0.26460000000000,45.71920000000000,46.8116,517.7414,54.4404,54.1758,0.2646,45.3232,54.5718,48.9566,5.6152,-0.7981,517.7414,NA,NA,NA
Stalker2-Win64-Shipping.exe,17996,0x4DE2B640,DXGI,0,0,1,Hardware Composed: Independent Flip,625.6992,NA,53.78200000000000,54.13190000000000,0.26510000000000,47.14280000000000,47.1615,572.1818,53.7825,53.5174,0.2651,45.4546,55.2056,50.3291,4.8765,0.3085,572.1818,NA,NA,NA
Stalker2-Win64-Shipping.exe,17996,0x4DE2B640,DXGI,0,0,1,Hardware Composed: Independent Flip,679.9332,NA,54.23400000000000,52.74820000000000,0.26890000000000,45.38180000000001,45.6757,625.9643,54.2378,53.9689,0.2689,46.8777,52.4730,48.7123,3.7607,1.0343,625.9643,NA,NA,NA
Stalker2-Win64-Shipping.exe,17996,0x4DE2B640,DXGI,0,0,1,Hardware Composed: Independent Flip,732.5461,NA,52.61290000000000,52.31670000000000,0.34050000000000,45.35160000000000,45.3795,680.2021,52.6845,52.3440,0.3405,45.1129,52.5827,48.7418,3.8409,1.9211,680.2021,NA,NA,NA
Stalker2-Win64-Shipping.exe,17996,0x4DE2B640,DXGI,0,0,1,Hardware Composed: Independent Flip,785.8909,NA,53.34480000000000,53.75230000000001,0.28440000000000,45.46760000000000,45.7870,732.8866,53.2887,53.0043,0.2844,45.0111,53.4608,48.7018,4.7590,-1.0678,732.8866,NA,NA,NA
Stalker2-Win64-Shipping.exe,17996,0x4DE2B640,DXGI,0,0,1,Hardware Composed: Independent Flip,840.3906,NA,54.49970000000000,54.60080000000000,0.27080000000000,45.85260000000000,45.8881,786.1753,54.4861,54.2153,0.2708,45.1832,54.8847,49.6546,5.2301,-1.3121,786.1753,NA,NA,NA
Stalker2-Win64-Shipping.exe,17996,0x4DE2B640,DXGI,0,0,1,Hardware Composed: Independent Flip,892.5863,NA,52.19570000000000,53.49200000000000,0.30620000000000,46.48840000000001,47.1844,840.6614,52.2311,51.9249,0.3062,45.5818,52.8315,49.4762,3.3553,0.9941,840.6614,NA,NA,NA
Stalker2-Win64-Shipping.exe,17996,0x4DE2B640,DXGI,0,0,1,Hardware Composed: Independent Flip,945.5657,NA,52.97940000000001,51.56160000000001,0.26640000000000,45.72800000000000,45.7666,892.8925,52.9396,52.6732,0.2664,46.1822,52.2190,48.9292,3.2898,0.6695,892.8925,NA,NA,NA
Stalker2-Win64-Shipping.exe,17996,0x4DE2B640,DXGI,0,0,1,Hardware Composed: Independent Flip,998.6182,NA,53.05250000000000,52.85160000000000,0.28880000000000,45.54970000000000,45.5657,945.8321,53.0749,52.7861,0.2888,45.4616,52.8742,48.7637,4.1105,0.0880,945.8321,NA,NA,NA
Stalker2-Win64-Shipping.exe,17996,0x4DE2B640,DXGI,0,0,1,Hardware Composed: Independent Flip,1052.4070,NA,53.78880000000000,53.92550000000000,0.32630000000000,45.45640000000000,45.7024,998.9070,53.8263,53.5000,0.3263,45.2609,53.6955,49.4300,4.2655,-0.8506,998.9070,NA,NA,NA
Stalker2-Win64-Shipping.exe,17996,0x4DE2B640,DXGI,0,0,1,Hardware Composed: Independent Flip,1104.7158,NA,52.30880000000001,52.23650000000000,0.25230000000000,45.31170000000000,45.6301,1052.7333,52.2348,51.9825,0.2523,45.1301,52.1641,48.9411,3.2230,1.5898,1052.7333,NA,NA,NA
Stalker2-Win64-Shipping.exe,17996,0x4DE2B640,DXGI,0,0,1,Hardware Composed: Independent Flip,1158.0472,NA,53.33140000000000,53.53170000000000,0.26880000000000,45.80890000000000,45.8304,1104.9681,53.3479,53.0791,0.2688,45.0594,53.8286,49.3513,4.4773,-1.2969,1104.9681,NA,NA,NA
Stalker2-Win64-Shipping.exe,17996,0x4DE2B640,DXGI,0,0,1,Hardware Composed: Independent Flip,1210.9510,NA,52.90380000000000,53.69450000000001,0.28230000000000,45.65370000000000,46.6211,1158.3160,52.9173,52.6350,0.2823,45.5401,52.7486,48.6989,4.0497,-0.3466,1158.3160,NA,NA,NA
Stalker2-Win64-Shipping.exe,17996,0x4DE2B640,DXGI,0,0,1,Hardware Composed: Independent Flip,1264.4324,NA,53.48140000000000,52.40320000000001,0.28840000000000,45.50710000000000,45.5429,1211.2333,53.4875,53.1991,0.2884,45.3714,53.3348,48.8149,4.5199,0.5141,1211.2333,NA,NA,NA
Stalker2-Win64-Shipping.exe,17996,0x4DE2B640,DXGI,0,0,1,Hardware Composed: Independent Flip,1317.8283,NA,53.39590000000000,54.10530000000000,0.28270000000000,45.93220000000000,46.2523,1264.7208,53.3902,53.1075,0.2827,45.2187,53.8210,49.1786,4.6424,-0.6178,1264.7208,NA,NA,NA
Stalker2-Win64-Shipping.exe,17996,0x4DE2B640,DXGI,0,0,1,Hardware Composed: Independent Flip,1370.0322,NA,52.20390000000000,52.32100000000001,0.25490000000000,46.02340000000000,46.3694,1318.1110,52.1761,51.9212,0.2549,45.6495,52.2951,49.0903,3.2048,1.0692,1318.1110,NA,NA,NA
Stalker2-Win64-Shipping.exe,17996,0x4DE2B640,DXGI,0,0,1,Hardware Composed: Independent Flip,1423.1219,NA,53.08970000000000,52.50370000000000,0.24910000000000,45.76100000000000,45.7834,1370.2871,53.0839,52.8348,0.2491,45.7685,52.8273,48.8704,3.9569,-0.3276,1370.2871,NA,NA,NA
Stalker2-Win64-Shipping.exe,17996,0x4DE2B640,DXGI,0,0,1,Hardware Composed: Independent Flip,1475.9105,NA,52.78860000000000,52.51780000000000,0.27020000000000,44.91900000000000,45.5126,1423.3710,52.8097,52.5395,0.2702,45.5119,51.9466,48.5407,3.4059,0.5661,1423.3710,NA,NA,NA
Stalker2-Win64-Shipping.exe,17996,0x4DE2B640,DXGI,0,0,1,Hardware Composed: Independent Flip,1529.5441,NA,53.63360000000000,55.20830000000000,0.30730000000000,47.05990000000000,47.0873,1476.1807,53.6707,53.3634,0.3073,44.6488,55.7745,50.7036,5.0709,-2.3986,1476.1807,NA,NA,NA
Stalker2-Win64-Shipping.exe,17996,0x4DE2B640,DXGI,0,0,1,Hardware Composed: Independent Flip,1581.8413,NA,52.29720000000000,52.08970000000000,0.28880000000000,44.95990000000000,46.8798,1529.8514,52.2787,51.9899,0.2888,46.7526,50.1972,48.4041,1.7931,1.5810,1529.8514,NA,NA,NA
Stalker2-Win64-Shipping.exe,17996,0x4DE2B640,DXGI,0,0,1,Hardware Composed: Independent Flip,1635.8105,NA,53.96920000000000,52.85150000000000,0.29590000000000,45.72390000000000,45.7621,1582.1301,53.9763,53.6804,0.2959,44.6711,54.7332,49.2829,5.4503,-0.5728,1582.1301,NA,NA,NA
Stalker2-Win64-Shipping.exe,17996,0x4DE2B640,DXGI,0,0,1,Hardware Composed: Independent Flip,1687.6879,NA,51.87740000000000,54.78160000000000,0.31340000000000,45.99920000000000,48.6663,1636.1064,51.8949,51.5815,0.3134,45.4280,52.1527,49.1045,3.0482,-0.8053,1636.1064,NA,NA,NA
Stalker2-Win64-Shipping.exe,17996,0x4DE2B640,DXGI,0,0,1,Hardware Composed: Independent Flip,1740.0681,NA,52.38020000000000,50.21680000000000,0.29390000000000,46.48340000000000,46.5029,1688.0013,52.3607,52.0668,0.2939,45.6858,52.8644,49.5329,3.3315,1.6781,1688.0013,NA,NA,NA
Stalker2-Win64-Shipping.exe,17996,0x4DE2B640,DXGI,0,0,1,Hardware Composed: Independent Flip,1793.0927,NA,53.02460000000000,52.80510000000000,0.26620000000000,45.77470000000000,46.2834,1740.3620,52.9969,52.7307,0.2662,46.1895,52.3159,48.9317,3.3842,-0.4444,1740.3620,NA,NA,NA
Stalker2-Win64-Shipping.exe,17996,0x4DE2B640,DXGI,0,0,1,Hardware Composed: Independent Flip,1846.2614,NA,53.16870000000000,52.11160000000000,0.27450000000000,45.21130000000000,45.2263,1793.3589,53.1770,52.9025,0.2745,45.5085,52.6053,49.1881,3.4172,0.8853,1793.3589,NA,NA,NA
Stalker2-Win64-Shipping.exe,17996,0x4DE2B640,DXGI,0,0,1,Hardware Composed: Independent Flip,1900.2826,NA,54.02120000000000,54.48250000000000,0.23710000000000,45.45000000000000,45.6876,1846.5359,53.9838,53.7467,0.2371,44.9368,54.2599,48.9439,5.3160,-1.3055,1846.5359,NA,NA,NA
Stalker2-Win64-Shipping.exe,17996,0x4DE2B640,DXGI,0,0,1,Hardware Composed: Independent Flip,1952.1028,NA,51.82020000000000,52.10610000000000,0.25050000000000,45.27470000000000,45.9735,1900.5197,51.8336,51.5831,0.2505,45.2129,51.6449,48.7405,2.9044,1.8777,1900.5197,NA,NA,NA
Stalker2-Win64-Shipping.exe,17996,0x4DE2B640,DXGI,0,0,1,Hardware Composed: Independent Flip,2005.3514,NA,53.24860000000000,53.06280000000000,0.27860000000000,45.76830000000000,45.7877,1952.3533,53.2767,52.9981,0.2786,45.0242,53.7422,49.0344,4.7078,-1.2292,1952.3533,NA,NA,NA
Stalker2-Win64-Shipping.exe,17996,0x4DE2B640,DXGI,0,0,1,Hardware Composed: Independent Flip,2059.1202,NA,53.76880000000001,54.58050000000000,0.27560000000000,45.28260000000000,46.5994,2005.6300,53.7658,53.4902,0.2756,45.4897,53.2831,48.7125,4.5706,-1.3038,2005.6300,NA,NA,NA
Stalker2-Win64-Shipping.exe,17996,0x4DE2B640,DXGI,0,0,1,Hardware Composed: Independent Flip,2110.9273,NA,51.80710000000001,50.66040000000000,0.26760000000000,45.41420000000000,45.4527,2059.3958,51.7991,51.5315,0.2676,45.0070,51.9387,48.6066,3.3321,3.1054,2059.3958,NA,NA,NA
Stalker2-Win64-Shipping.exe,17996,0x4DE2B640,DXGI,0,0,1,Hardware Composed: Independent Flip,2163.7446,NA,52.81730000000000,54.32020000000000,0.26460000000000,46.89360000000000,46.9556,2111.1949,52.8143,52.5497,0.2646,45.1466,54.2967,49.9904,4.3063,-2.5211,2111.1949,NA,NA,NA
Stalker2-Win64-Shipping.exe,17996,0x4DE2B640,DXGI,0,0,1,Hardware Composed: Independent Flip,2216.2428,NA,52.49820000000000,52.32670000000000,0.23970000000000,45.31160000000001,46.7841,2164.0092,52.4733,52.2336,0.2397,46.6290,50.9162,48.7931,2.1231,0.4876,2164.0092,NA,NA,NA
Stalker2-Win64-Shipping.exe,17996,0x4DE2B640,DXGI,0,0,1,Hardware Composed: Independent Flip,2269.6347,NA,53.39190000000000,52.01070000000000,0.27440000000000,45.38100000000000,45.4029,2216.4825,53.4266,53.1522,0.2744,45.0719,53.4613,48.7786,4.6827,0.4626,2216.4825,NA,NA,NA
Stalker2-Win64-Shipping.exe,17996,0x4DE2B640,DXGI,0,0,1,Hardware Composed: Independent Flip,2321.6486,NA,52.01390000000000,53.99210000000000,0.23890000000000,45.83440000000000,47.3811,2269.9091,51.9784,51.7395,0.2389,45.1066,52.4673,49.3763,3.0910,-0.5655,2269.9091,NA,NA,NA
Stalker2-Win64-Shipping.exe,17996,0x4DE2B640,DXGI,0,0,1,Hardware Composed: Independent Flip,2373.7864,NA,52.13780000000001,50.05640000000000,0.27780000000000,45.28650000000000,45.2997,2321.8875,52.1767,51.8989,0.2778,45.5955,51.5899,48.3867,3.2032,1.9220,2321.8875,NA,NA,NA
Stalker2-Win64-Shipping.exe,17996,0x4DE2B640,DXGI,0,0,1,Hardware Composed: Independent Flip,2426.8925,NA,53.10610000000000,53.95130000000000,0.27790000000000,46.12410000000001,46.1449,2374.0642,53.1062,52.8283,0.2779,45.0087,53.9437,49.3130,4.6307,-1.7746,2374.0642,NA,NA,NA
Stalker2-Win64-Shipping.exe,17996,0x4DE2B640,DXGI,0,0,1,Hardware Composed: Independent Flip,2480.2191,NA,53.32660000000000,53.61810000000001,0.26860000000000,45.35110000000000,46.4364,2427.1704,53.3173,53.0487,0.2686,45.8462,52.5536,48.4573,4.0963,-0.5119,2427.1704,NA,NA,NA
Stalker2-Win64-Shipping.exe,17996,0x4DE2B640,DXGI,0,0,1,Hardware Composed: Independent Flip,2532.7113,NA,52.49220000000000,51.87150000000000,0.28620000000000,45.77650000000001,45.8157,2480.4877,52.5098,52.2236,0.2862,45.0825,52.9176,48.9735,3.9441,1.4458,2480.4877,NA,NA,NA
Stalker2-Win64-Shipping.exe,17996,0x4DE2B640,DXGI,0,0,1,Hardware Composed: Independent Flip,2585.3373,NA,52.62600000000000,52.79610000000000,0.24790000000000,45.75720000000000,45.9858,2532.9975,52.5877,52.3398,0.2479,45.4903,52.6067,48.8075,3.7992,-0.2863,2532.9975,NA,NA,NA
Stalker2-Win64-Shipping.exe,17996,0x4DE2B640,DXGI,0,0,1,Hardware Composed: Independent Flip,2639.4376,NA,54.10030000000000,53.21110000000000,0.27680000000000,45.07460000000000,45.0966,2585.5852,54.1292,53.8524,0.2768,45.5093,53.4177,49.2391,4.1786,-0.6234,2585.5852,NA,NA,NA
Stalker2-Win64-Shipping.exe,17996,0x4DE2B640,DXGI,0,0,1,Hardware Composed: Independent Flip,2691.6578,NA,52.22020000000001,53.02300000000000,0.27820000000000,45.51970000000000,45.8994,2639.7144,52.2216,51.9434,0.2782,44.7978,52.6653,49.0665,3.5988,1.1062,2639.7144,NA,NA,NA
Stalker2-Win64-Shipping.exe,17996,0x4DE2B640,DXGI,0,0,1,Hardware Composed: Independent Flip,2744.2027,NA,52.54490000000001,52.28800000000000,0.24210000000000,45.62740000000000,45.6425,2691.9360,52.5088,52.2667,0.2421,45.2415,52.6526,48.8622,3.7904,-0.0664,2691.9360,NA,NA,NA
Stalker2-Win64-Shipping.exe,17996,0x4DE2B640,DXGI,0,0,1,Hardware Composed: Independent Flip,2796.6995,NA,52.49680000000000,54.21600000000000,0.26060000000000,47.33960000000000,47.3617,2744.4448,52.5153,52.2547,0.2606,45.3853,54.2090,51.0352,3.1738,-1.7072,2744.4448,NA,NA,NA
Stalker2-Win64-Shipping.exe,17996,0x4DE2B640,DXGI,0,0,1,Hardware Composed: Independent Flip,2851.1005,NA,54.40100000000000,53.45900000000000,0.30200000000000,45.79500000000000,46.4197,2796.9601,54.4424,54.1404,0.3020,47.0790,52.8564,49.3979,3.4585,-0.9437,2796.9601,NA,NA,NA
Stalker2-Win64-Shipping.exe,17996,0x4DE2B640,DXGI,0,0,1,Hardware Composed: Independent Flip,2901.9297,NA,50.82920000000000,50.34050000000001,0.27490000000000,45.90960000000000,45.9310,2851.4025,50.8021,50.5272,0.2749,45.4930,50.9438,49.2135,1.7303,4.1019,2851.4025,NA,NA,NA
Stalker2-Win64-Shipping.exe,17996,0x4DE2B640,DXGI,0,0,1,Hardware Composed: Independent Flip,2954.0441,NA,52.11440000000000,51.13540000000000,0.27980000000000,44.93630000000000,44.9520,2902.2046,52.1193,51.8395,0.2798,45.6347,51.1411,48.1853,2.9558,-0.3333,2902.2046,NA,NA,NA
Stalker2-Win64-Shipping.exe,17996,0x4DE2B640,DXGI,0,0,1,Hardware Composed: Independent Flip,3007.5380,NA,53.49390000000000,54.61920000000000,0.26070000000000,45.88490000000000,46.0773,2954.3239,53.4748,53.2141,0.2607,44.6565,54.4425,49.1181,5.3244,-2.4999,2954.3239,NA,NA,NA
Stalker2-Win64-Shipping.exe,17996,0x4DE2B640,DXGI,0,0,1,Hardware Composed: Independent Flip,3059.4550,NA,51.91700000000000,52.68940000000000,0.27420000000000,45.81820000000000,46.8497,3007.7987,51.9305,51.6563,0.2742,45.6242,51.8503,48.8792,2.9711,0.7854,3007.7987,NA,NA,NA
Stalker2-Win64-Shipping.exe,17996,0x4DE2B640,DXGI,0,0,1,Hardware Composed: Independent Flip,3113.5193,NA,54.06430000000000,52.95710000000000,0.28620000000000,45.72900000000000,45.7425,3059.7292,54.0763,53.7901,0.2862,45.5440,53.9751,49.0101,4.9650,-1.0266,3059.7292,NA,NA,NA
Stalker2-Win64-Shipping.exe,17996,0x4DE2B640,DXGI,0,0,1,Hardware Composed: Independent Flip,3166.0213,NA,52.50200000000000,53.95780000000001,0.25600000000000,45.98640000000000,47.1983,3113.8055,52.4718,52.2158,0.2560,45.4428,52.7594,49.2974,3.4620,0.1185,3113.8055,NA,NA,NA
Stalker2-Win64-Shipping.exe,17996,0x4DE2B640,DXGI,0,0,1,Hardware Composed: Independent Flip,3219.1645,NA,53.14320000000000,52.07240000000000,0.27930000000000,46.08960000000000,46.1275,3166.2773,53.1665,52.8872,0.2793,45.7304,53.2464,49.2112,4.0352,0.3994,3166.2773,NA,NA,NA
Stalker2-Win64-Shipping.exe,17996,0x4DE2B640,DXGI,0,0,1,Hardware Composed: Independent Flip,3272.1390,NA,52.97450000000000,52.23540000000001,0.23790000000000,45.08900000000000,45.3884,3219.4438,52.9331,52.6952,0.2379,45.8103,51.9739,48.1481,3.8258,0.9311,3219.4438,NA,NA,NA
Stalker2-Win64-Shipping.exe,17996,0x4DE2B640,DXGI,0,0,1,Hardware Composed: Independent Flip,3325.5147,NA,53.37570000000000,53.66460000000000,0.25790000000000,45.65740000000000,45.6773,3272.3769,53.3957,53.1378,0.2579,44.8511,53.9441,49.6484,4.2957,-0.7315,3272.3769,NA,NA,NA
Stalker2-Win64-Shipping.exe,17996,0x4DE2B640,DXGI,0,0,1,Hardware Composed: Independent Flip,3377.9855,NA,52.47080000000000,53.16670000000001,0.28400000000000,45.30380000000000,46.3732,3325.7726,52.4969,52.2129,0.2840,45.3995,52.1172,48.5148,3.6024,0.2290,3325.7726,NA,NA,NA
Stalker2-Win64-Shipping.exe,17996,0x4DE2B640,DXGI,0,0,1,Hardware Composed: Independent Flip,3431.7207,NA,53.73520000000001,54.32030000000000,0.25540000000000,46.93250000000000,46.9583,3378.2695,53.7066,53.4512,0.2554,45.0198,55.3639,50.6292,4.7347,-1.8234,3378.2695,NA,NA,NA
Stalker2-Win64-Shipping.exe,17996,0x4DE2B640,DXGI,0,0,1,Hardware Composed: Independent Flip,3483.5968,NA,51.87610000000000,52.33950000000000,0.27150000000000,45.79930000000000,47.4217,3431.9761,51.8922,51.6207,0.2715,46.6771,50.7429,48.8889,1.8540,1.3671,3431.9761,NA,NA,NA
Stalker2-Win64-Shipping.exe,17996,0x4DE2B640,DXGI,0,0,1,Hardware Composed: Independent Flip,3537.0238,NA,53.42700000000000,52.11100000000000,0.27820000000000,46.09030000000000,46.1057,3483.8683,53.4337,53.1555,0.2782,45.5278,53.7180,49.3847,4.3333,-0.2188,3483.8683,NA,NA,NA
Stalker2-Win64-Shipping.exe,17996,0x4DE2B640,DXGI,0,0,1,Hardware Composed: Independent Flip,3588.8344,NA,51.81060000000000,53.44550000000000,0.27530000000000,45.88240000000000,47.7406,3537.3020,51.8077,51.5324,0.2753,45.8121,51.6027,48.8947,2.7080,-0.0118,3537.3020,NA,NA,NA
Stalker2-Win64-Shipping.exe,17996,0x4DE2B640,DXGI,0,0,1,Hardware Composed: Independent Flip,3641.9327,NA,53.09830000000000,50.99570000000000,0.32990000000000,45.59900000000000,45.6380,3589.1097,53.1529,52.8230,0.3299,45.6071,52.8149,49.0146,3.8003,0.8120,3589.1097,NA,NA,NA
Stalker2-Win64-Shipping.exe,17996,0x4DE2B640,DXGI,0,0,1,Hardware Composed: Independent Flip,3694.6916,NA,52.75890000000000,52.99590000000001,0.25180000000000,45.05160000000000,45.8750,3642.2626,52.6808,52.4290,0.2518,45.2691,52.2115,48.4439,3.7676,0.1570,3642.2626,NA,NA,NA
Stalker2-Win64-Shipping.exe,17996,0x4DE2B640,DXGI,0,0,1,Hardware Composed: Independent Flip,3748.1148,NA,53.42320000000000,52.80600000000000,0.28610000000000,45.23840000000001,45.2578,3694.9434,53.4575,53.1714,0.2861,44.7998,53.6100,48.7273,4.8827,-0.1252,3694.9434,NA,NA,NA
Stalker2-Win64-Shipping.exe,17996,0x4DE2B640,DXGI,0,0,1,Hardware Composed: Independent Flip,3801.2716,NA,53.15680000000000,53.86660000000001,0.28410000000000,45.28020000000000,45.9676,3748.4009,53.1548,52.8707,0.2841,44.9523,53.1986,48.8215,4.3771,-0.4091,3748.4009,NA,NA,NA
Stalker2-Win64-Shipping.exe,17996,0x4DE2B640,DXGI,0,0,1,Hardware Composed: Independent Flip,3854.5380,NA,53.26640000000000,52.54740000000000,0.25880000000000,45.21930000000000,45.2486,3801.5557,53.2411,52.9823,0.2588,44.9961,53.2055,48.6424,4.5631,0.6074,3801.5557,NA,NA,NA
Stalker2-Win64-Shipping.exe,17996,0x4DE2B640,DXGI,0,0,1,Hardware Composed: Independent Flip,3908.6312,NA,54.09320000000000,55.90590000000000,0.30380000000000,46.99930000000001,47.0613,3854.7968,54.1382,53.8344,0.3038,44.9605,55.8732,50.2450,5.6282,-2.6648,3854.7968,NA,NA,NA
Stalker2-Win64-Shipping.exe,17996,0x4DE2B640,DXGI,0,0,1,Hardware Composed: Independent Flip,3960.8716,NA,52.24040000000000,52.80740000000000,0.27290000000000,46.11610000000000,47.6283,3908.9350,52.2095,51.9366,0.2729,46.6955,51.3572,49.3394,2.0178,1.3308,3908.9350,NA,NA,NA
Stalker2-Win64-Shipping.exe,17996,0x4DE2B640,DXGI,0,0,1,Hardware Composed: Independent Flip,4013.5747,NA,52.70310000000000,50.16770000000000,0.29030000000000,45.02580000000000,45.0929,3961.1445,52.7205,52.4302,0.2903,45.8432,51.6128,48.1054,3.5074,2.0418,3961.1445,NA,NA,NA
Stalker2-Win64-Shipping.exe,17996,0x4DE2B640,DXGI,0,0,1,Hardware Composed: Independent Flip,4065.6830,NA,52.10830000000000,53.76780000000000,0.25120000000000,46.27820000000001,46.7524,4013.8650,52.0692,51.8180,0.2512,44.7355,53.3607,49.5114,3.8493,-1.0473,4013.8650,NA,NA,NA
Stalker2-Win64-Shipping.exe,17996,0x4DE2B640,DXGI,0,0,1,Hardware Composed: Independent Flip,4117.6039,NA,51.92090000000000,50.91030000000000,0.24460000000000,45.52100000000000,45.7418,4065.9342,51.9143,51.6697,0.2446,46.0270,51.1637,49.3092,1.8545,1.1589,4065.9342,NA,NA,NA
Stalker2-Win64-Shipping.exe,17996,0x4DE2B640,DXGI,0,0,1,Hardware Composed: Independent Flip,4171.0624,NA,53.45850000000000,53.02310000000000,0.27010000000000,45.28940000000000,45.3064,4117.8485,53.4840,53.2139,0.2701,45.2764,53.2269,48.9113,4.3156,-1.1088,4117.8485,NA,NA,NA
Stalker2-Win64-Shipping.exe,17996,0x4DE2B640,DXGI,0,0,1,Hardware Composed: Independent Flip,4223.5296,NA,52.46720000000001,53.91560000000000,0.29650000000000,45.31600000000000,46.7548,4171.3325,52.4936,52.1971,0.2965,45.0193,52.4938,48.3756,4.1182,-0.4316,4171.3325,NA,NA,NA
Stalker2-Win64-Shipping.exe,17996,0x4DE2B640,DXGI,0,0,1,Hardware Composed: Independent Flip,4275.6653,NA,52.13570000000000,51.02980000000000,0.25030000000000,45.63430000000000,45.6489,4223.8261,52.0895,51.8392,0.2503,45.0195,52.4540,49.2400,3.2140,1.4638,4223.8261,NA,NA,NA
Stalker2-Win64-Shipping.exe,17996,0x4DE2B640,DXGI,0,0,1,Hardware Composed: Independent Flip,4329.4622,NA,53.79690000000000,54.05230000000000,0.30170000000000,45.86780000000000,45.9043,4275.9156,53.8483,53.5466,0.3017,45.3840,54.0304,49.0580,4.9724,-1.9628,4275.9156,NA,NA,NA
Stalker2-Win64-Shipping.exe,17996,0x4DE2B640,DXGI,0,0,1,Hardware Composed: Independent Flip,4381.7228,NA,52.26060000000000,52.88550000000000,0.26960000000000,45.80660000000000,46.5292,4329.7639,52.2285,51.9589,0.2696,45.5661,52.1994,48.9087,3.2907,0.9628,4329.7639,NA,NA,NA
Stalker2-Win64-Shipping.exe,17996,0x4DE2B640,DXGI,0,0,1,Hardware Composed: Independent Flip,4433.5990,NA,51.87620000000000,51.64850000000001,0.27990000000000,46.28580000000000,46.3015,4381.9924,51.8865,51.6066,0.2799,45.5370,52.3554,49.3313,3.0241,0.5800,4381.9924,NA,NA,NA
Stalker2-Win64-Shipping.exe,17996,0x4DE2B640,DXGI,0,0,1,Hardware Composed: Independent Flip,4487.1344,NA,53.53540000000000,53.03160000000000,0.28270000000000,45.65590000000000,45.7977,4433.8789,53.5382,53.2555,0.2827,46.0059,52.9055,49.7659,3.1396,-1.1451,4433.8789,NA,NA,NA
Stalker2-Win64-Shipping.exe,17996,0x4DE2B640,DXGI,0,0,1,Hardware Composed: Independent Flip,4538.8220,NA,51.68760000000000,51.16940000000000,0.26860000000000,45.26070000000000,45.2795,4487.4171,51.6735,51.4049,0.2686,45.3732,51.2924,48.8217,2.4707,2.3688,4487.4171,NA,NA,NA
Stalker2-Win64-Shipping.exe,17996,0x4DE2B640,DXGI,0,0,1,Hardware Composed: Independent Flip,4591.2854,NA,52.46340000000000,52.50870000000000,0.28550000000000,45.30280000000000,45.3248,4539.0906,52.4803,52.1948,0.2855,44.9921,52.5055,49.0732,3.4323,-0.8352,4539.0906,NA,NA,NA
Stalker2-Win64-Shipping.exe,17996,0x4DE2B640,DXGI,0,0,1,Hardware Composed: Independent Flip,4643.3956,NA,52.11020000000000,53.47970000000000,0.28650000000000,45.75960000000000,46.6943,4591.5709,52.1112,51.8247,0.2865,45.0173,52.5670,49.0511,3.5159,-0.9994,4591.5709,NA,NA,NA
Stalker2-Win64-Shipping.exe,17996,0x4DE2B640,DXGI,0,0,1,Hardware Composed: Independent Flip,4696.2574,NA,52.86180000000000,53.26050000000000,0.26250000000000,47.07620000000000,47.0930,4643.6821,52.8378,52.5753,0.2625,45.4731,54.1784,50.2765,3.9019,-1.1493,4643.6821,NA,NA,NA
Stalker2-Win64-Shipping.exe,17996,0x4DE2B640,DXGI,0,0,1,Hardware Composed: Independent Flip,4749.4084,NA,53.15100000000000,52.95050000000001,0.26650000000000,46.19590000000000,46.8925,4696.5199,53.1550,52.8885,0.2665,46.8137,52.2707,49.3366,2.9341,-0.1127,4696.5199,NA,NA,NA
Stalker2-Win64-Shipping.exe,17996,0x4DE2B640,DXGI,0,0,1,Hardware Composed: Independent Flip,4801.7163,NA,52.30790000000000,51.89780000000000,0.27200000000000,46.45420000000000,46.4824,4749.6749,52.3134,52.0414,0.2720,45.9294,52.5662,49.5675,2.9987,1.2572,4749.6749,NA,NA,NA
Stalker2-Win64-Shipping.exe,17996,0x4DE2B640,DXGI,0,0,1,Hardware Composed: Independent Flip,4853.7647,NA,52.04840000000000,51.78480000000000,0.28820000000000,45.94570000000000,46.2188,4801.9883,52.0646,51.7764,0.2882,46.1822,51.5399,49.0348,2.5051,0.5286,4801.9883,NA,NA,NA
Stalker2-Win64-Shipping.exe,17996,0x4DE2B640,DXGI,0,0,1,Hardware Composed: Independent Flip,4906.2588,NA,52.49410000000000,52.32670000000000,0.27590000000000,46.02430000000000,46.0514,4854.0529,52.4818,52.2059,0.2759,45.6575,52.5727,49.0909,3.4818,-0.2621,4854.0529,NA,NA,NA
Stalker2-Win64-Shipping.exe,17996,0x4DE2B640,DXGI,0,0,1,Hardware Composed: Independent Flip,4958.8098,NA,52.55100000000000,53.68560000000000,0.27780000000000,46.52140000000000,47.1860,4906.5347,52.5529,52.2751,0.2778,45.7484,53.0481,50.0822,2.9659,-1.2038,4906.5347,NA,NA,NA
Stalker2-Win64-Shipping.exe,17996,0x4DE2B640,DXGI,0,0,1,Hardware Composed: Independent Flip,5012.1037,NA,53.29390000000000,52.03560000000000,0.25970000000000,45.90570000000000,45.9277,4959.0876,53.2758,53.0161,0.2597,46.2436,52.6782,49.0944,3.5838,0.5173,4959.0876,NA,NA,NA
Stalker2-Win64-Shipping.exe,17996,0x4DE2B640,DXGI,0,0,1,Hardware Composed: Independent Flip,5065.7359,NA,53.63220000000000,54.05250000000000,0.29060000000000,46.32820000000000,46.3480,5012.3634,53.6631,53.3725,0.2906,45.6460,54.0547,50.5367,3.5180,-0.7767,5012.3634,NA,NA,NA
Stalker2-Win64-Shipping.exe,17996,0x4DE2B640,DXGI,0,0,1,Hardware Composed: Independent Flip,5119.5397,NA,53.80380000000000,54.06820000000000,0.30250000000000,45.57630000000000,46.6124,5066.0265,53.8157,53.5132,0.3025,46.0376,53.0519,49.0822,3.9697,-0.4051,5066.0265,NA,NA,NA
Stalker2-Win64-Shipping.exe,17996,0x4DE2B640,DXGI,0,0,1,Hardware Composed: Independent Flip,5171.7171,NA,52.17740000000001,50.99860000000000,0.27380000000000,45.39370000000000,45.4336,5119.8422,52.1487,51.8749,0.2738,45.2738,51.9948,48.6459,3.3489,2.8171,5119.8422,NA,NA,NA
Stalker2-Win64-Shipping.exe,17996,0x4DE2B640,DXGI,0,0,1,Hardware Composed: Independent Flip,5224.5439,NA,52.82680000000001,53.63250000000000,0.28780000000000,46.20470000000000,46.2393,5171.9909,52.8408,52.5530,0.2878,45.1199,53.6378,49.5321,4.1057,-1.4838,5171.9909,NA,NA,NA
Stalker2-Win64-Shipping.exe,17996,0x4DE2B640,DXGI,0,0,1,Hardware Composed: Independent Flip,5277.7195,NA,53.17560000000000,53.14860000000000,0.27200000000000,45.21490000000000,46.2123,5224.8317,53.1598,52.8878,0.2720,45.9169,52.1858,48.5654,3.6204,-0.3078,5224.8317,NA,NA,NA
Stalker2-Win64-Shipping.exe,17996,0x4DE2B640,DXGI,0,0,1,Hardware Composed: Independent Flip,5331.4131,NA,53.69360000000000,54.10050000000000,0.26320000000000,46.58020000000000,46.6192,5277.9915,53.6848,53.4216,0.2632,44.9429,55.0589,49.9514,5.1075,-0.9407,5277.9915,NA,NA,NA
Stalker2-Win64-Shipping.exe,17996,0x4DE2B640,DXGI,0,0,1,Hardware Composed: Independent Flip,5383.4947,NA,52.08160000000000,52.68590000000000,0.28860000000000,45.75810000000000,47.2235,5331.6763,52.1070,51.8184,0.2886,46.3170,51.2595,48.8230,2.4365,0.9989,5331.6763,NA,NA,NA
Stalker2-Win64-Shipping.exe,17996,0x4DE2B640,DXGI,0,0,1,Hardware Composed: Independent Flip,5435.8454,NA,52.35070000000000,50.77300000000000,0.25940000000000,45.62950000000000,45.6458,5383.7833,52.3215,52.0621,0.2594,45.4695,52.2221,48.9001,3.3220,1.3340,5383.7833,NA,NA,NA
Stalker2-Win64-Shipping.exe,17996,0x4DE2B640,DXGI,0,0,1,Hardware Composed: Independent Flip,5488.8930,NA,53.04760000000000,53.79040000000001,0.27730000000000,45.55700000000000,46.3886,5436.1048,53.0655,52.7882,0.2773,45.3701,52.9751,48.9150,4.0601,-1.4689,5436.1048,NA,NA,NA
Stalker2-Win64-Shipping.exe,17996,0x4DE2B640,DXGI,0,0,1,Hardware Composed: Independent Flip,5542.0539,NA,53.16090000000001,52.71610000000000,0.25640000000000,45.92290000000001,45.9438,5489.1703,53.1400,52.8836,0.2564,45.2797,53.5268,49.0033,4.5235,0.3494,5489.1703,NA,NA,NA
Stalker2-Win64-Shipping.exe,17996,0x4DE2B640,DXGI,0,0,1,Hardware Composed: Independent Flip,5594.5590,NA,52.50510000000001,52.03640000000000,0.29530000000000,45.25900000000000,45.4751,5542.3103,52.5440,52.2487,0.2953,45.6665,51.8412,48.3709,3.4703,1.1036,5542.3103,NA,NA,NA
Stalker2-Win64-Shipping.exe,17996,0x4DE2B640,DXGI,0,0,1,Hardware Composed: Independent Flip,5648.8138,NA,54.25480000000000,54.37400000000000,0.35050000000000,45.56380000000000,45.5943,5594.8543,54.3100,53.9595,0.3505,44.9637,54.5596,49.5464,5.0132,-1.8300,5594.8543,NA,NA,NA
Stalker2-Win64-Shipping.exe,17996,0x4DE2B640,DXGI,0,0,1,Hardware Composed: Independent Flip,5700.5531,NA,51.73930000000000,52.70610000000000,0.26640000000000,45.13810000000000,46.5611,5649.1643,51.6552,51.3888,0.2664,45.2133,51.3136,48.3411,2.9725,1.6039,5649.1643,NA,NA,NA
Stalker2-Win64-Shipping.exe,17996,0x4DE2B640,DXGI,0,0,1,Hardware Composed: Independent Flip,5754.0884,NA,53.53530000000000,52.66040000000000,0.29650000000000,45.64480000000000,45.6862,5700.8195,53.5654,53.2689,0.2965,44.8717,54.0420,48.9559,5.0861,-1.0052,5700.8195,NA,NA,NA
Stalker2-Win64-Shipping.exe,17996,0x4DE2B640,DXGI,0,0,1,Hardware Composed: Independent Flip,5806.1235,NA,52.03510000000000,53.42850000000000,0.25010000000000,45.52910000000000,47.0796,5754.3849,51.9887,51.7386,0.2501,45.3483,51.9194,48.5565,3.3629,0.1369,5754.3849,NA,NA,NA
Stalker2-Win64-Shipping.exe,17996,0x4DE2B640,DXGI,0,0,1,Hardware Composed: Independent Flip,5859.1894,NA,53.06590000000000,51.67290000000001,0.26420000000000,45.66470000000000,45.6866,5806.3736,53.0800,52.8158,0.2642,45.2790,53.2015,49.3060,3.8955,0.3158,5806.3736,NA,NA,NA
Stalker2-Win64-Shipping.exe,17996,0x4DE2B640,DXGI,0,0,1,Hardware Composed: Independent Flip,5911.0346,NA,51.84520000000001,52.61030000000000,0.26660000000000,45.66940000000000,46.4517,5859.4536,51.8476,51.5810,0.2666,45.4005,51.8499,49.2349,2.6150,0.4697,5859.4536,NA,NA,NA
Stalker2-Win64-Shipping.exe,17996,0x4DE2B640,DXGI,0,0,1,Hardware Composed: Independent Flip,5963.5384,NA,52.50380000000001,52.68960000000001,0.25050000000000,46.61860000000000,46.6375,5911.3012,52.4877,52.2372,0.2505,45.4028,53.4530,49.7316,3.7214,-0.8420,5911.3012,NA,NA,NA
Stalker2-Win64-Shipping.exe,17996,0x4DE2B640,DXGI,0,0,1,Hardware Composed: Independent Flip,6016.0959,NA,52.55750000000000,52.86080000000000,0.25900000000000,46.02540000000000,46.9408,5963.7889,52.5660,52.3070,0.2590,46.3681,51.9643,49.4528,2.5115,-0.3731,5963.7889,NA,NA,NA
Stalker2-Win64-Shipping.exe,17996,0x4DE2B640,DXGI,0,0,1,Hardware Composed: Independent Flip,6068.8606,NA,52.76470000000000,51.66480000000000,0.26370000000000,45.82760000000000,45.8409,6016.3549,52.7694,52.5057,0.2637,45.7664,52.5669,48.9973,3.5696,0.9012,6016.3549,NA,NA,NA
Stalker2-Win64-Shipping.exe,17996,0x4DE2B640,DXGI,0,0,1,Hardware Composed: Independent Flip,6121.1049,NA,52.24430000000000,52.80720000000000,0.26860000000000,45.95540000000000,46.4038,6069.1243,52.2492,51.9806,0.2686,45.5639,52.3721,49.2334,3.1387,-0.0378,6069.1243,NA,NA,NA
Stalker2-Win64-Shipping.exe,17996,0x4DE2B640,DXGI,0,0,1,Hardware Composed: Independent Flip,6173.1083,NA,52.00340000000000,51.29820000000000,0.26270000000000,45.68240000000000,45.6986,6121.3735,51.9975,51.7348,0.2627,45.6868,51.7304,48.7713,2.9591,0.9510,6121.3735,NA,NA,NA
Stalker2-Win64-Shipping.exe,17996,0x4DE2B640,DXGI,0,0,1,Hardware Composed: Independent Flip,6225.7267,NA,52.61840000000000,54.24050000000000,0.22870000000000,47.30260000000001,47.3207,6173.3710,52.5844,52.3557,0.2287,45.4197,54.2386,50.4152,3.8234,-2.2430,6173.3710,NA,NA,NA
Stalker2-Win64-Shipping.exe,17996,0x4DE2B640,DXGI,0,0,1,Hardware Composed: Independent Flip,6278.9026,NA,53.17590000000001,52.89390000000000,0.27660000000000,45.78140000000000,47.0387,6225.9554,53.2238,52.9472,0.2766,47.0739,51.6547,48.9773,2.6774,-0.3095,6225.9554,NA,NA,NA
Stalker2-Win64-Shipping.exe,17996,0x4DE2B640,DXGI,0,0,1,Hardware Composed: Independent Flip,6331.1928,NA,52.29020000000001,50.38270000000000,0.28590000000000,45.11580000000000,45.1312,6279.1792,52.2995,52.0136,0.2859,45.5048,51.6246,48.2773,3.3473,2.8411,6279.1792,NA,NA,NA
Stalker2-Win64-Shipping.exe,17996,0x4DE2B640,DXGI,0,0,1,Hardware Composed: Independent Flip,6385.1833,NA,53.99050000000000,55.14090000000000,0.25710000000000,46.19360000000000,46.2816,6331.4787,53.9617,53.7046,0.2571,44.8299,55.0683,49.5980,5.4703,-2.8414,6331.4787,NA,NA,NA
Stalker2-Win64-Shipping.exe,17996,0x4DE2B640,DXGI,0,0,1,Hardware Composed: Independent Flip,6437.2965,NA,52.11320000000000,53.01720000000000,0.27220000000000,45.92890000000000,47.1856,6385.4404,52.1283,51.8561,0.2722,45.9365,51.8485,49.1394,2.7091,0.9445,6385.4404,NA,NA,NA
Stalker2-Win64-Shipping.exe,17996,0x4DE2B640,DXGI,0,0,1,Hardware Composed: Independent Flip,6490.6617,NA,53.36520000000000,51.89100000000001,0.29530000000000,45.67140000000001,45.7114,6437.5687,53.3883,53.0930,0.2953,45.6567,53.1077,48.8956,4.2121,0.2373,6437.5687,NA,NA,NA
Stalker2-Win64-Shipping.exe,17996,0x4DE2B640,DXGI,0,0,1,Hardware Composed: Independent Flip,6543.0700,NA,52.40830000000000,53.78090000000000,0.26170000000000,46.19150000000000,47.0840,6490.9570,52.3747,52.1130,0.2617,45.3761,52.9284,49.5246,3.4038,-0.3926,6490.9570,NA,NA,NA
Stalker2-Win64-Shipping.exe,17996,0x4DE2B640,DXGI,0,0,1,Hardware Composed: Independent Flip,6597.3873,NA,54.31730000000000,53.65910000000000,0.34510000000000,46.41170000000000,46.4258,6543.3317,54.4007,54.0556,0.3451,45.9298,54.5375,49.9230,4.6145,-1.2844,6543.3317,NA,NA,NA
Stalker2-Win64-Shipping.exe,17996,0x4DE2B640,DXGI,0,0,1,Hardware Composed: Independent Flip,6648.9071,NA,51.51980000000000,51.29890000000000,0.24770000000000,45.54780000000000,46.2049,6597.7324,51.4224,51.1747,0.2477,46.0666,50.6559,49.3733,1.2826,3.1018,6597.7324,NA,NA,NA
Stalker2-Win64-Shipping.exe,17996,0x4DE2B640,DXGI,0,0,1,Hardware Composed: Independent Flip,6701.6378,NA,52.73070000000001,52.68570000000000,0.25520000000000,46.12510000000000,46.1599,6649.1548,52.7382,52.4830,0.2552,45.3001,53.3080,49.6905,3.6175,-1.2633,6649.1548,NA,NA,NA
Stalker2-Win64-Shipping.exe,17996,0x4DE2B640,DXGI,0,0,1,Hardware Composed: Independent Flip,6753.8244,NA,52.18660000000001,53.25850000000001,0.28190000000000,45.52510000000000,47.2318,6701.8930,52.2133,51.9314,0.2819,45.8699,51.5866,48.5629,3.0237,-0.5203,6701.8930,NA,NA,NA
Stalker2-Win64-Shipping.exe,17996,0x4DE2B640,DXGI,0,0,1,Hardware Composed: Independent Flip,6807.1545,NA,53.33010000000000,51.79260000000000,0.25220000000000,45.67840000000000,45.6943,6754.1063,53.3004,53.0482,0.2522,45.2432,53.4834,49.0710,4.4124,0.4207,6754.1063,NA,NA,NA
Stalker2-Win64-Shipping.exe,17996,0x4DE2B640,DXGI,0,0,1,Hardware Composed: Independent Flip,6860.7425,NA,53.58800000000000,54.39880000000000,0.27550000000000,45.44400000000000,46.5051,6807.4067,53.6113,53.3358,0.2755,45.4262,53.3536,49.0088,4.3448,-1.0984,6807.4067,NA,NA,NA
Stalker2-Win64-Shipping.exe,17996,0x4DE2B640,DXGI,0,0,1,Hardware Composed: Independent Flip,6913.5719,NA,52.82940000000000,52.70240000000000,0.28930000000000,46.35740000000001,46.3781,6861.0180,52.8432,52.5539,0.2893,45.1685,53.7428,49.5725,4.1703,0.9089,6861.0180,NA,NA,NA
Stalker2-Win64-Shipping.exe,17996,0x4DE2B640,DXGI,0,0,1,Hardware Composed: Independent Flip,6966.6510,NA,53.07910000000000,52.88100000000000,0.29280000000000,46.07850000000001,46.1800,6913.8612,53.0826,52.7898,0.2928,46.0681,52.8002,49.1616,3.6386,-0.0378,6913.8612,NA,NA,NA
Stalker2-Win64-Shipping.exe,17996,0x4DE2B640,DXGI,0,0,1,Hardware Composed: Independent Flip,7020.2921,NA,53.64110000000000,53.80750000000000,0.26700000000000,46.32810000000000,46.3464,6966.9438,53.6153,53.3483,0.2670,45.7857,53.8907,49.5571,4.3336,-0.7249,6966.9438,NA,NA,NA
Stalker2-Win64-Shipping.exe,17996,0x4DE2B640,DXGI,0,0,1,Hardware Composed: Independent Flip,7072.9307,NA,52.63860000000000,51.99620000000000,0.25300000000000,45.17320000000000,45.7040,7020.5591,52.6246,52.3716,0.2530,46.0611,51.4837,48.4806,3.0031,1.6191,7020.5591,NA,NA,NA
Stalker2-Win64-Shipping.exe,17996,0x4DE2B640,DXGI,0,0,1,Hardware Composed: Independent Flip,7125.0744,NA,52.14370000000000,51.84880000000000,0.26180000000000,45.38750000000000,45.4091,7073.1837,52.1525,51.8907,0.2618,44.9202,52.3580,48.9833,3.3747,0.7758,7073.1837,NA,NA,NA
Stalker2-Win64-Shipping.exe,17996,0x4DE2B640,DXGI,0,0,1,Hardware Composed: Independent Flip,7178.0686,NA,52.99420000000000,53.64570000000001,0.28100000000000,45.31370000000000,46.0606,7125.3362,53.0134,52.7324,0.2810,45.1257,52.9204,48.9068,4.0136,-1.4932,7125.3362,NA,NA,NA
Stalker2-Win64-Shipping.exe,17996,0x4DE2B640,DXGI,0,0,1,Hardware Composed: Independent Flip,7230.4714,NA,52.40280000000000,53.11360000000001,0.25490000000000,46.75270000000000,46.7714,7178.3496,52.3767,52.1218,0.2549,45.0327,53.8418,49.8664,3.9754,-0.1002,7178.3496,NA,NA,NA
Stalker2-Win64-Shipping.exe,17996,0x4DE2B640,DXGI,0,0,1,Hardware Composed: Independent Flip,7285.0079,NA,54.53650000000000,53.67290000000001,0.28520000000000,45.54720000000000,45.9078,7230.7263,54.5668,54.2816,0.2852,46.4978,53.3310,48.9446,4.3864,-1.2962,7230.7263,NA,NA,NA
Stalker2-Win64-Shipping.exe,17996,0x4DE2B640,DXGI,0,0,1,Hardware Composed: Independent Flip,7336.0255,NA,51.01760000000000,51.40150000000001,0.24960000000000,46.26750000000001,46.2917,7285.2931,50.9820,50.7324,0.2496,45.2620,51.7379,49.3878,2.3501,3.1653,7285.2931,NA,NA,NA
Stalker2-Win64-Shipping.exe,17996,0x4DE2B640,DXGI,0,0,1,Hardware Composed: Independent Flip,7388.8242,NA,52.79870000000000,51.98370000000001,0.30960000000000,45.42310000000001,45.4767,7336.2751,52.8587,52.5491,0.3096,46.0179,51.9543,48.4764,3.4779,-1.0017,7336.2751,NA,NA,NA
Stalker2-Win64-Shipping.exe,17996,0x4DE2B640,DXGI,0,0,1,Hardware Composed: Independent Flip,7441.1979,NA,52.37370000000000,52.33930000000000,0.27950000000000,44.98540000000001,45.4423,7389.1338,52.3436,52.0641,0.2795,45.1135,51.9360,47.9910,3.9450,0.5194,7389.1338,NA,NA,NA
Stalker2-Win64-Shipping.exe,17996,0x4DE2B640,DXGI,0,0,1,Hardware Composed: Independent Flip,7494.2147,NA,53.01680000000000,52.89850000000001,0.25220000000000,45.31050000000000,45.3240,7441.4774,52.9895,52.7373,0.2522,44.7059,53.3419,48.9048,4.4371,-0.5549,7441.4774,NA,NA,NA
Stalker2-Win64-Shipping.exe,17996,0x4DE2B640,DXGI,0,0,1,Hardware Composed: Independent Flip,7547.4166,NA,53.20190000000000,54.82900000000000,0.29220000000000,46.21680000000000,46.9511,7494.4669,53.2419,52.9497,0.2922,45.0583,54.1082,49.4944,4.6138,-1.8395,7494.4669,NA,NA,NA
Stalker2-Win64-Shipping.exe,17996,0x4DE2B640,DXGI,0,0,1,Hardware Composed: Independent Flip,7600.4096,NA,52.99300000000000,52.04340000000001,0.29520000000000,45.68440000000000,46.0015,7547.7088,52.9960,52.7008,0.2952,45.9246,52.4606,48.8203,3.6403,1.1985,7547.7088,NA,NA,NA
Stalker2-Win64-Shipping.exe,17996,0x4DE2B640,DXGI,0,0,1,Hardware Composed: Independent Flip,7654.1182,NA,53.70860000000000,53.33170000000000,0.29780000000000,45.59580000000000,45.6246,7600.7048,53.7112,53.4134,0.2978,45.3892,53.6200,48.8481,4.7719,-0.3357,7600.7048,NA,NA,NA
Stalker2-Win64-Shipping.exe,17996,0x4DE2B640,DXGI,0,0,1,Hardware Composed: Independent Flip,7705.6851,NA,51.56690000000000,52.88650000000001,0.29700000000000,45.96700000000000,46.9442,7654.4160,51.5661,51.2691,0.2970,45.2980,51.9381,48.9982,2.9399,0.8247,7654.4160,NA,NA,NA
Stalker2-Win64-Shipping.exe,17996,0x4DE2B640,DXGI,0,0,1,Hardware Composed: Independent Flip,7758.9436,NA,53.25850000000001,52.28000000000000,0.27200000000000,45.92600000000000,45.9657,7705.9821,53.2335,52.9615,0.2720,45.6700,53.2175,49.2583,3.9592,-0.7139,7705.9821,NA,NA,NA
Stalker2-Win64-Shipping.exe,17996,0x4DE2B640,DXGI,0,0,1,Hardware Composed: Independent Flip,7811.2904,NA,52.34680000000000,53.17920000000000,0.30830000000000,46.00380000000001,46.7981,7759.2156,52.3831,52.0748,0.3083,45.6540,52.4246,49.1665,3.2581,0.0543,7759.2156,NA,NA,NA
Stalker2-Win64-Shipping.exe,17996,0x4DE2B640,DXGI,0,0,1,Hardware Composed: Independent Flip,7863.6727,NA,52.38230000000000,52.09990000000001,0.26710000000000,46.50000000000000,46.5157,7811.5987,52.3411,52.0740,0.2671,45.6955,52.8785,49.5812,3.2973,0.2832,7811.5987,NA,NA,NA
Stalker2-Win64-Shipping.exe,17996,0x4DE2B640,DXGI,0,0,1,Hardware Composed: Independent Flip,7915.8832,NA,52.21050000000000,51.54480000000000,0.25800000000000,45.54570000000000,45.8500,7863.9398,52.2014,51.9434,0.2580,46.2329,51.2562,49.1365,2.1197,0.7963,7863.9398,NA,NA,NA
Stalker2-Win64-Shipping.exe,17996,0x4DE2B640,DXGI,0,0,1,Hardware Composed: Independent Flip,7968.7386,NA,52.85540000000000,52.75040000000000,0.28440000000000,45.72310000000000,45.7450,7916.1412,52.8818,52.5974,0.2844,45.2877,53.0328,49.2122,3.8206,-0.5490,7916.1412,NA,NA,NA
Stalker2-Win64-Shipping.exe,17996,0x4DE2B640,DXGI,0,0,1,Hardware Composed: Independent Flip,8021.2829,NA,52.54430000000000,53.62750000000000,0.27290000000000,45.74570000000000,46.8282,7969.0230,52.5328,52.2599,0.2729,45.4387,52.5669,48.9826,3.5843,-0.7457,7969.0230,NA,NA,NA
Stalker2-Win64-Shipping.exe,17996,0x4DE2B640,DXGI,0,0,1,Hardware Composed: Independent Flip,8073.9832,NA,52.70030000000001,51.51830000000000,0.26610000000000,45.63250000000000,45.6462,8021.5558,52.6935,52.4274,0.2661,45.4728,52.5871,48.7360,3.8511,1.0145,8021.5558,NA,NA,NA
Stalker2-Win64-Shipping.exe,17996,0x4DE2B640,DXGI,0,0,1,Hardware Composed: Independent Flip,8128.9250,NA,54.94180000000000,55.42730000000000,0.30890000000000,46.10390000000000,46.1317,8074.2493,54.9846,54.6757,0.3089,45.3664,55.4132,49.4107,6.0025,-2.7338,8074.2493,NA,NA,NA
Stalker2-Win64-Shipping.exe,17996,0x4DE2B640,DXGI,0,0,1,Hardware Composed: Independent Flip,8180.9142,NA,51.98920000000000,53.28450000000000,0.25630000000000,46.00950000000000,47.4270,8129.2339,51.9366,51.6803,0.2563,45.7950,51.8948,49.1362,2.7586,1.7001,8129.2339,NA,NA,NA
Stalker2-Win64-Shipping.exe,17996,0x4DE2B640,DXGI,0,0,1,Hardware Composed: Independent Flip,8233.5218,NA,52.60760000000001,50.80120000000000,0.28420000000000,45.60150000000000,45.6206,8181.1705,52.6355,52.3513,0.2842,45.7532,52.1996,48.6854,3.5142,1.1354,8181.1705,NA,NA,NA
Stalker2-Win64-Shipping.exe,17996,0x4DE2B640,DXGI,0,0,1,Hardware Composed: Independent Flip,8287.0592,NA,53.53740000000001,54.08400000000000,0.26900000000000,45.86050000000000,46.1672,8233.8060,53.5222,53.2532,0.2690,45.3173,53.7964,49.1676,4.6288,-1.4485,8233.8060,NA,NA,NA
Stalker2-Win64-Shipping.exe,17996,0x4DE2B640,DXGI,0,0,1,Hardware Composed: Independent Flip,8339.0398,NA,51.98060000000000,52.62240000000001,0.26280000000000,46.43170000000000,46.8090,8287.3282,51.9744,51.7116,0.2628,45.5915,52.5518,49.4853,3.0665,0.8998,8287.3282,NA,NA,NA
Stalker2-Win64-Shipping.exe,17996,0x4DE2B640,DXGI,0,0,1,Hardware Composed: Independent Flip,8391.7937,NA,52.75390000000000,52.13220000000000,0.28080000000000,46.15360000000000,46.1873,8339.3026,52.7719,52.4911,0.2808,46.1689,52.4758,49.2653,3.2105,-0.1578,8339.3026,NA,NA,NA
Stalker2-Win64-Shipping.exe,17996,0x4DE2B640,DXGI,0,0,1,Hardware Composed: Independent Flip,8445.0891,NA,53.29540000000000,53.32710000000000,0.26490000000000,45.99090000000000,46.2190,8392.0745,53.2795,53.0146,0.2649,45.8728,53.1327,49.0535,4.0792,-0.5552,8392.0745,NA,NA,NA
Stalker2-Win64-Shipping.exe,17996,0x4DE2B640,DXGI,0,0,1,Hardware Composed: Independent Flip,8497.7921,NA,52.70300000000000,53.64980000000000,0.26080000000000,47.05280000000000,47.1658,8445.3540,52.6989,52.4381,0.2608,45.7260,53.7649,50.2607,3.5042,-0.3703,8445.3540,NA,NA,NA
Stalker2-Win64-Shipping.exe,17996,0x4DE2B640,DXGI,0,0,1,Hardware Composed: Independent Flip,8550.2563,NA,52.46420000000001,51.01370000000000,0.25020000000000,45.42140000000001,45.7153,8498.0529,52.4536,52.2034,0.2502,46.7920,50.8328,48.8282,2.0046,1.6852,8498.0529,NA,NA,NA
Stalker2-Win64-Shipping.exe,17996,0x4DE2B640,DXGI,0,0,1,Hardware Composed: Independent Flip,8603.3951,NA,53.13880000000000,53.77560000000000,0.25840000000000,46.33000000000001,46.3521,8550.5065,53.1470,52.8886,0.2584,45.1712,54.0474,50.0036,4.0438,-1.3220,8550.5065,NA,NA,NA
Stalker2-Win64-Shipping.exe,17996,0x4DE2B640,DXGI,0,0,1,Hardware Composed: Independent Flip,8656.5425,NA,53.14740000000000,54.85700000000000,0.29590000000000,46.13820000000000,48.0617,8603.6535,53.1849,52.8890,0.2959,46.0716,52.9556,49.2780,3.6776,-1.7100,8603.6535,NA,NA,NA
Stalker2-Win64-Shipping.exe,17996,0x4DE2B640,DXGI,0,0,1,Hardware Composed: Independent Flip,8709.7852,NA,53.24270000000000,50.99160000000001,0.27580000000000,45.79070000000000,45.8106,8656.8384,53.2226,52.9468,0.2758,45.8423,52.8952,48.9054,3.9898,2.1933,8656.8384,NA,NA,NA
Stalker2-Win64-Shipping.exe,17996,0x4DE2B640,DXGI,0,0,1,Hardware Composed: Independent Flip,8764.0824,NA,54.29720000000000,53.69050000000000,0.25780000000000,45.18420000000000,45.2039,8710.0610,54.2792,54.0214,0.2578,45.5149,53.6907,48.7872,4.9035,-0.4679,8710.0610,NA,NA,NA
Stalker2-Win64-Shipping.exe,17996,0x4DE2B640,DXGI,0,0,1,Hardware Composed: Independent Flip,8817.2313,NA,53.14890000000000,54.88220000000000,0.26780000000000,46.48500000000000,46.9372,8764.3402,53.1589,52.8911,0.2678,44.9264,54.4497,49.9252,4.5245,-0.6030,8764.3402,NA,NA,NA
Stalker2-Win64-Shipping.exe,17996,0x4DE2B640,DXGI,0,0,1,Hardware Composed: Independent Flip,8870.1163,NA,52.88500000000001,51.65880000000000,0.27860000000000,45.33100000000000,45.7110,8817.4991,52.8958,52.6172,0.2786,46.2172,51.7310,48.4647,3.2663,1.5001,8817.4991,NA,NA,NA
Stalker2-Win64-Shipping.exe,17996,0x4DE2B640,DXGI,0,0,1,Hardware Composed: Independent Flip,8923.9980,NA,53.88170000000000,54.71960000000000,0.25010000000000,46.52540000000000,46.5489,8870.3949,53.8532,53.6031,0.2501,45.0524,55.0761,49.8669,5.2092,-1.8238,8870.3949,NA,NA,NA
Stalker2-Win64-Shipping.exe,17996,0x4DE2B640,DXGI,0,0,1,Hardware Composed: Independent Flip,8976.9252,NA,52.92720000000000,53.75380000000001,0.26930000000000,45.32810000000000,47.3755,8924.2481,52.9464,52.6771,0.2693,46.2753,51.7299,49.0619,2.6680,0.0994,8924.2481,NA,NA,NA
Stalker2-Win64-Shipping.exe,17996,0x4DE2B640,DXGI,0,0,1,Hardware Composed: Independent Flip,9029.7304,NA,52.80520000000000,51.32110000000000,0.26790000000000,45.86920000000000,45.8914,8977.1945,52.8038,52.5359,0.2679,45.0588,53.3463,49.0287,4.3176,1.6253,8977.1945,NA,NA,NA
Stalker2-Win64-Shipping.exe,17996,0x4DE2B640,DXGI,0,0,1,Hardware Composed: Independent Flip,9082.9101,NA,53.17970000000000,53.58360000000000,0.29440000000000,45.22500000000000,46.2953,9029.9983,53.2062,52.9118,0.2944,45.6013,52.5355,48.5469,3.9886,-0.7798,9029.9983,NA,NA,NA
Stalker2-Win64-Shipping.exe,17996,0x4DE2B640,DXGI,0,0,1,Hardware Composed: Independent Flip,9135.7726,NA,52.86250000000000,53.69150000000000,0.25260000000000,47.11080000000000,47.1243,9083.2045,52.8207,52.5681,0.2526,44.9306,54.7483,50.2924,4.4559,-0.4853,9083.2045,NA,NA,NA
Stalker2-Win64-Shipping.exe,17996,0x4DE2B640,DXGI,0,0,1,Hardware Composed: Independent Flip,9188.6835,NA,52.91090000000001,52.21450000000000,0.30900000000000,45.32390000000000,46.4279,9136.0252,52.9673,52.6583,0.3090,46.8582,51.1240,48.3559,2.7681,0.6062,9136.0252,NA,NA,NA
Stalker2-Win64-Shipping.exe,17996,0x4DE2B640,DXGI,0,0,1,Hardware Composed: Independent Flip,9241.4614,NA,52.77790000000000,52.56870000000000,0.25160000000000,46.20310000000000,46.2187,9188.9925,52.7205,52.4689,0.2516,45.0149,53.6571,49.3791,4.2780,0.3986,9188.9925,NA,NA,NA
Stalker2-Win64-Shipping.exe,17996,0x4DE2B640,DXGI,0,0,1,Hardware Composed: Independent Flip,9294.6826,NA,53.22120000000000,53.72060000000000,0.27420000000000,45.16450000000000,46.7181,9241.7130,53.2438,52.9696,0.2742,45.9515,52.1826,48.3810,3.8016,-1.0001,9241.7130,NA,NA,NA
Stalker2-Win64-Shipping.exe,17996,0x4DE2B640,DXGI,0,0,1,Hardware Composed: Independent Flip,9347.0116,NA,52.32900000000000,51.75920000000000,0.26780000000000,46.13290000000000,46.1483,9294.9568,52.3226,52.0548,0.2678,44.8903,53.2974,49.6560,3.6414,1.4846,9294.9568,NA,NA,NA
Stalker2-Win64-Shipping.exe,17996,0x4DE2B640,DXGI,0,0,1,Hardware Composed: Independent Flip,9401.0149,NA,54.00330000000000,54.21040000000000,0.29960000000000,45.64170000000000,46.3554,9347.2794,54.0351,53.7355,0.2996,45.8651,53.5121,49.1994,4.3127,-1.8878,9347.2794,NA,NA,NA
Stalker2-Win64-Shipping.exe,17996,0x4DE2B640,DXGI,0,0,1,Hardware Composed: Independent Flip,9453.9185,NA,52.90360000000000,52.65840000000000,0.27760000000000,46.05990000000000,46.1102,9401.3145,52.8816,52.6040,0.2776,45.3421,53.3218,49.1789,4.1429,1.3767,9401.3145,NA,NA,NA
Stalker2-Win64-Shipping.exe,17996,0x4DE2B640,DXGI,0,0,1,Hardware Composed: Independent Flip,9506.9824,NA,53.06390000000000,53.53540000000000,0.26920000000000,46.52770000000000,46.5817,9454.1961,53.0555,52.7863,0.2692,45.7823,53.5317,49.5786,3.9531,-0.6538,9454.1961,NA,NA,NA
Stalker2-Win64-Shipping.exe,17996,0x4DE2B640,DXGI,0,0,1,Hardware Composed: Independent Flip,9560.1705,NA,53.18810000000001,53.17060000000000,0.29110000000000,46.14230000000000,46.5642,9507.2516,53.2100,52.9189,0.2911,46.2585,52.8027,49.1727,3.6300,-0.1151,9507.2516,NA,NA,NA
Stalker2-Win64-Shipping.exe,17996,0x4DE2B640,DXGI,0,0,1,Hardware Composed: Independent Flip,9612.8667,NA,52.69620000000000,52.11830000000000,0.27130000000000,45.96550000000000,45.9863,9560.4616,52.6764,52.4051,0.2713,45.8512,52.5194,49.2427,3.2767,1.0917,9560.4616,NA,NA,NA
Stalker2-Win64-Shipping.exe,17996,0x4DE2B640,DXGI,0,0,1,Hardware Composed: Independent Flip,9665.6599,NA,52.79320000000001,52.78960000000000,0.25310000000000,45.96170000000000,45.9827,9613.1380,52.7750,52.5219,0.2531,45.6942,52.7894,49.1061,3.6833,-0.1132,9613.1380,NA,NA,NA
Stalker2-Win64-Shipping.exe,17996,0x4DE2B640,DXGI,0,0,1,Hardware Composed: Independent Flip,9718.6653,NA,53.00540000000000,52.15790000000001,0.26820000000000,45.06690000000000,45.1352,9665.9130,53.0205,52.7523,0.2682,45.7086,52.1106,48.6295,3.4811,0.6171,9665.9130,NA,NA,NA
Stalker2-Win64-Shipping.exe,17996,0x4DE2B640,DXGI,0,0,1,Hardware Composed: Independent Flip,9772.0422,NA,53.37690000000000,54.66160000000000,0.31820000000000,46.38260000000000,46.4199,9718.9335,53.4269,53.1087,0.3182,44.7987,54.6926,50.5866,4.1060,-1.6411,9718.9335,NA,NA,NA
Stalker2-Win64-Shipping.exe,17996,0x4DE2B640,DXGI,0,0,1,Hardware Composed: Independent Flip,9824.9970,NA,52.95480000000001,53.92220000000000,0.28080000000000,46.11830000000000,47.3873,9772.3604,52.9174,52.6366,0.2808,46.0644,52.6905,49.1942,3.4963,-0.4953,9772.3604,NA,NA,NA
Stalker2-Win64-Shipping.exe,17996,0x4DE2B640,DXGI,0,0,1,Hardware Composed: Independent Flip,9877.5559,NA,52.55890000000000,51.10460000000000,0.28310000000000,45.89640000000000,45.9330,9825.2778,52.5612,52.2781,0.2831,45.8375,52.3370,49.1657,3.1713,1.8128,9825.2778,NA,NA,NA
Stalker2-Win64-Shipping.exe,17996,0x4DE2B640,DXGI,0,0,1,Hardware Composed: Independent Flip,9930.9341,NA,53.37820000000000,53.30440000000000,0.27610000000000,45.83190000000000,45.8592,9877.8390,53.3712,53.0951,0.2761,45.6133,53.3137,48.9709,4.3428,-0.7432,9877.8390,NA,NA,NA
Stalker2-Win64-Shipping.exe,17996,0x4DE2B640,DXGI,0,0,1,Hardware Composed: Independent Flip,9983.7440,NA,52.80990000000001,53.51800000000000,0.26800000000000,46.29250000000000,46.5673,9931.2102,52.8018,52.5338,0.2680,45.5558,53.2705,49.5327,3.7378,-0.1468,9931.2102,NA,NA,NA
Stalker2-Win64-Shipping.exe,17996,0x4DE2B640,DXGI,0,0,1,Hardware Composed: Independent Flip,10037.7450,NA,54.00100000000000,53.10920000000000,0.26030000000000,45.65350000000000,45.6755,9984.0120,53.9933,53.7330,0.2603,46.0245,53.3620,48.9982,4.3638,-0.3074,9984.0120,NA,NA,NA
Stalker2-Win64-Shipping.exe,17996,0x4DE2B640,DXGI,0,0,1,Hardware Composed: Independent Flip,10090.7044,NA,52.95940000000000,52.64660000000000,0.25140000000000,45.27000000000000,45.3627,10038.0053,52.9505,52.6991,0.2514,45.3932,52.5759,49.1716,3.4043,1.3467,10038.0053,NA,NA,NA
Stalker2-Win64-Shipping.exe,17996,0x4DE2B640,DXGI,0,0,1,Hardware Composed: Independent Flip,10143.7010,NA,52.99660000000000,53.69280000000001,0.29090000000000,46.03630000000000,46.0589,10090.9558,53.0361,52.7452,0.2909,45.0186,53.7629,49.4291,4.3338,-0.7423,10090.9558,NA,NA,NA
Stalker2-Win64-Shipping.exe,17996,0x4DE2B640,DXGI,0,0,1,Hardware Composed: Independent Flip,10197.1381,NA,53.43710000000000,53.55300000000000,0.26870000000000,45.56690000000000,46.1748,10143.9919,53.4149,53.1462,0.2687,45.7454,52.9677,49.2083,3.7594,-0.5169,10143.9919,NA,NA,NA
Stalker2-Win64-Shipping.exe,17996,0x4DE2B640,DXGI,0,0,1,Hardware Composed: Independent Flip,10251.5509,NA,54.41280000000000,53.70020000000000,0.31470000000000,45.44350000000000,45.4622,10197.4068,54.4588,54.1441,0.3147,45.2982,54.2894,48.8099,5.4795,-0.2853,10197.4068,NA,NA,NA
Stalker2-Win64-Shipping.exe,17996,0x4DE2B640,DXGI,0,0,1,Hardware Composed: Independent Flip,10304.2660,NA,52.71510000000000,53.61830000000000,0.27340000000000,45.72130000000000,46.3654,10251.8656,52.6738,52.4004,0.2734,45.1288,52.9929,48.8400,4.1529,0.8405,10251.8656,NA,NA,NA
Stalker2-Win64-Shipping.exe,17996,0x4DE2B640,DXGI,0,0,1,Hardware Composed: Independent Flip,10357.9268,NA,53.66080000000000,52.71220000000000,0.26640000000000,45.37700000000000,45.4168,10304.5394,53.6538,53.3874,0.2664,45.4479,53.3165,48.7225,4.5940,-0.0384,10304.5394,NA,NA,NA
Stalker2-Win64-Shipping.exe,17996,0x4DE2B640,DXGI,0,0,1,Hardware Composed: Independent Flip,10410.6567,NA,52.72990000000000,54.55570000000000,0.25480000000000,46.99630000000001,47.2426,10358.1932,52.7183,52.4635,0.2548,45.1106,54.3492,50.1338,4.2154,-0.9019,10358.1932,NA,NA,NA
Stalker2-Win64-Shipping.exe,17996,0x4DE2B640,DXGI,0,0,1,Hardware Composed: Independent Flip,10463.4376,NA,52.78090000000000,51.96350000000000,0.26700000000000,46.02380000000000,46.4252,10410.9115,52.7931,52.5261,0.2670,46.7415,51.8084,49.7630,2.0454,0.7548,10410.9115,NA,NA,NA
Stalker2-Win64-Shipping.exe,17996,0x4DE2B640,DXGI,0,0,1,Hardware Composed: Independent Flip,10515.1983,NA,51.76070000000000,50.94630000000000,0.25030000000000,45.58840000000000,45.6108,10463.7046,51.7440,51.4937,0.2503,45.7568,51.3253,49.3319,1.9934,1.8468,10463.7046,NA,NA,NA
Stalker2-Win64-Shipping.exe,17996,0x4DE2B640,DXGI,0,0,1,Hardware Composed: Independent Flip,10568.3539,NA,53.15560000000000,52.92340000000000,0.26670000000000,45.13730000000000,45.3786,10515.4486,53.1720,52.9053,0.2667,45.3381,52.7045,48.7086,3.9959,-1.1794,10515.4486,NA,NA,NA
Stalker2-Win64-Shipping.exe,17996,0x4DE2B640,DXGI,0,0,1,Hardware Composed: Independent Flip,10620.8297,NA,52.47580000000000,52.99590000000001,0.27060000000000,45.86760000000000,45.8987,10568.6206,52.4797,52.2091,0.2706,44.8706,53.2061,49.5892,3.6169,0.1761,10568.6206,NA,NA,NA
Stalker2-Win64-Shipping.exe,17996,0x4DE2B640,DXGI,0,0,1,Hardware Composed: Independent Flip,10674.9683,NA,54.13860000000000,54.29680000000000,0.29810000000000,45.82290000000000,46.0569,10621.1003,54.1661,53.8680,0.2981,45.5970,54.0939,49.1119,4.9820,-1.8171,10621.1003,NA,NA,NA
Stalker2-Win64-Shipping.exe,17996,0x4DE2B640,DXGI,0,0,1,Hardware Composed: Independent Flip,10727.7562,NA,52.78790000000000,53.16500000000000,0.26120000000000,45.89850000000001,46.4340,10675.2664,52.7510,52.4898,0.2612,45.5248,52.8635,49.2942,3.5693,1.0011,10675.2664,NA,NA,NA
Stalker2-Win64-Shipping.exe,17996,0x4DE2B640,DXGI,0,0,1,Hardware Composed: Independent Flip,10780.5148,NA,52.75860000000000,52.25090000000000,0.29840000000000,45.89050000000000,45.9263,10728.0174,52.7958,52.4974,0.2984,45.6373,52.7506,49.0297,3.7209,0.5001,10728.0174,NA,NA,NA
Stalker2-Win64-Shipping.exe,17996,0x4DE2B640,DXGI,0,0,1,Hardware Composed: Independent Flip,10833.7425,NA,53.22770000000001,52.61220000000000,0.27230000000000,45.20660000000000,45.3108,10780.8132,53.2016,52.9293,0.2723,45.5921,52.5438,48.2579,4.2859,0.1836,10780.8132,NA,NA,NA
Stalker2-Win64-Shipping.exe,17996,0x4DE2B640,DXGI,0,0,1,Hardware Composed: Independent Flip,10887.1919,NA,53.44940000000000,53.76480000000000,0.28670000000000,45.61310000000000,45.6262,10834.0148,53.4638,53.1771,0.2867,44.9343,53.8559,49.1400,4.7159,-0.5632,10834.0148,NA,NA,NA
Stalker2-Win64-Shipping.exe,17996,0x4DE2B640,DXGI,0,0,1,Hardware Composed: Independent Flip,10939.1728,NA,51.98090000000001,52.60820000000000,0.27740000000000,45.59180000000000,46.2535,10887.4786,51.9716,51.6942,0.2774,45.3264,51.9596,48.7396,3.2200,0.8556,10887.4786,NA,NA,NA
Stalker2-Win64-Shipping.exe,17996,0x4DE2B640,DXGI,0,0,1,Hardware Composed: Independent Flip,10992.7694,NA,53.59660000000000,53.05710000000001,0.26460000000000,45.69310000000000,45.7140,10939.4502,53.5838,53.3192,0.2646,45.3144,53.6979,49.2962,4.4017,-1.0855,10939.4502,NA,NA,NA
Stalker2-Win64-Shipping.exe,17996,0x4DE2B640,DXGI,0,0,1,Hardware Composed: Independent Flip,11045.2513,NA,52.48190000000000,55.04530000000000,0.26790000000000,47.27570000000000,48.2774,10993.0340,52.4852,52.2173,0.2679,45.4285,54.0645,50.3635,3.7010,-1.4615,10993.0340,NA,NA,NA
Stalker2-Win64-Shipping.exe,17996,0x4DE2B640,DXGI,0,0,1,Hardware Composed: Independent Flip,11098.1583,NA,52.90700000000000,50.36600000000000,0.28640000000000,45.69650000000000,45.7364,11045.5192,52.9255,52.6391,0.2864,47.0078,51.3278,49.0527,2.2751,2.1192,11045.5192,NA,NA,NA
Stalker2-Win64-Shipping.exe,17996,0x4DE2B640,DXGI,0,0,1,Hardware Composed: Independent Flip,11150.4515,NA,52.29320000000001,52.44520000000000,0.26680000000000,45.82580000000000,45.8884,11098.4447,52.2736,52.0068,0.2668,45.4101,52.4225,48.8766,3.5459,0.4803,11098.4447,NA,NA,NA
Stalker2-Win64-Shipping.exe,17996,0x4DE2B640,DXGI,0,0,1,Hardware Composed: Independent Flip,11202.6869,NA,52.23540000000001,53.72730000000000,0.40040000000000,45.98410000000001,47.3803,11150.7183,52.3690,51.9686,0.4004,45.5590,52.3937,49.2454,3.1483,-1.4537,11150.7183,NA,NA,NA
Stalker2-Win64-Shipping.exe,17996,0x4DE2B640,DXGI,0,0,1,Hardware Composed: Independent Flip,11255.8917,NA,53.20480000000001,51.21200000000000,0.26310000000000,45.37330000000000,45.3875,11203.0873,53.0675,52.8044,0.2631,45.5837,52.5940,49.2454,3.3486,1.1570,11203.0873,NA,NA,NA
Stalker2-Win64-Shipping.exe,17996,0x4DE2B640,DXGI,0,0,1,Hardware Composed: Independent Flip,11309.2394,NA,53.34770000000000,53.33770000000001,0.27200000000000,45.17890000000000,45.3775,11256.1548,53.3566,53.0846,0.2720,45.1102,53.1533,48.4241,4.7292,-0.2702,11256.1548,NA,NA,NA
Stalker2-Win64-Shipping.exe,17996,0x4DE2B640,DXGI,0,0,1,Hardware Composed: Independent Flip,11362.7054,NA,53.46600000000000,54.52780000000000,0.27350000000000,46.04910000000000,46.4393,11309.5114,53.4675,53.1940,0.2735,44.9069,54.3362,49.6363,4.6999,-1.1712,11309.5114,NA,NA,NA
Stalker2-Win64-Shipping.exe,17996,0x4DE2B640,DXGI,0,0,1,Hardware Composed: Independent Flip,11415.9146,NA,53.20920000000000,52.59200000000001,0.28150000000000,45.29880000000000,45.8221,11362.9789,53.2172,52.9357,0.2815,45.7756,52.4589,48.9185,3.5404,0.8755,11362.9789,NA,NA,NA
Stalker2-Win64-Shipping.exe,17996,0x4DE2B640,DXGI,0,0,1,Hardware Composed: Independent Flip,11469.5715,NA,53.65690000000000,53.23440000000000,0.28400000000000,45.37650000000000,45.3996,11416.1961,53.6594,53.3754,0.2840,45.0173,53.7346,48.6140,5.1206,-0.0172,11416.1961,NA,NA,NA
Stalker2-Win64-Shipping.exe,17996,0x4DE2B640,DXGI,0,0,1,Hardware Composed: Independent Flip,11522.5444,NA,52.97290000000000,54.40670000000000,0.28400000000000,46.03440000000001,46.8334,11469.8555,52.9729,52.6889,0.2840,45.0925,53.6308,49.1876,4.4432,-0.7473,11469.8555,NA,NA,NA
Stalker2-Win64-Shipping.exe,17996,0x4DE2B640,DXGI,0,0,1,Hardware Composed: Independent Flip,11575.7563,NA,53.21190000000000,52.50590000000000,0.36620000000000,46.09120000000000,46.1274,11522.8284,53.2941,52.9279,0.3662,45.7504,53.2687,49.2162,4.0525,0.4670,11522.8284,NA,NA,NA
Stalker2-Win64-Shipping.exe,17996,0x4DE2B640,DXGI,0,0,1,Hardware Composed: Independent Flip,11628.4748,NA,52.71850000000001,51.91630000000000,0.28670000000000,45.28550000000000,45.3252,11576.1225,52.6390,52.3523,0.2867,45.7250,51.9128,48.5548,3.3580,1.3778,11576.1225,NA,NA,NA
Stalker2-Win64-Shipping.exe,17996,0x4DE2B640,DXGI,0,0,1,Hardware Composed: Independent Flip,11681.6320,NA,53.15720000000000,54.76190000000000,0.25540000000000,46.90250000000000,46.9299,11628.7615,53.1259,52.8705,0.2554,44.9988,54.7742,50.6010,4.1732,-2.1229,11628.7615,NA,NA,NA
Stalker2-Win64-Shipping.exe,17996,0x4DE2B640,DXGI,0,0,1,Hardware Composed: Independent Flip,11733.9888,NA,52.35680000000000,52.41610000000000,0.28050000000000,45.63800000000001,46.9892,11681.8874,52.3819,52.1014,0.2805,46.6471,51.0923,48.7711,2.3212,0.7098,11681.8874,NA,NA,NA
Stalker2-Win64-Shipping.exe,17996,0x4DE2B640,DXGI,0,0,1,Hardware Composed: Independent Flip,11787.9727,NA,53.98390000000001,52.67990000000000,0.27570000000000,45.66620000000000,45.6852,11734.2693,53.9791,53.7034,0.2757,45.3575,54.0121,48.9552,5.0569,-0.2980,11734.2693,NA,NA,NA
Stalker2-Win64-Shipping.exe,17996,0x4DE2B640,DXGI,0,0,1,Hardware Composed: Independent Flip,11841.8643,NA,53.89160000000000,55.62460000000000,0.32490000000000,45.65270000000000,47.4182,11788.2484,53.9408,53.6159,0.3249,45.3905,53.8781,49.2564,4.6217,-1.6455,11788.2484,NA,NA,NA
Stalker2-Win64-Shipping.exe,17996,0x4DE2B640,DXGI,0,0,1,Hardware Composed: Independent Flip,11892.9987,NA,51.13440000000000,49.86380000000000,0.27880000000000,46.09570000000000,46.1476,11842.1892,51.0883,50.8095,0.2788,45.3278,51.5774,49.3151,2.2623,4.0770,11842.1892,NA,NA,NA
Stalker2-Win64-Shipping.exe,17996,0x4DE2B640,DXGI,0,0,1,Hardware Composed: Independent Flip,11946.4970,NA,53.49830000000000,52.78790000000000,0.28420000000000,45.42390000000000,45.4372,11893.2775,53.5037,53.2195,0.2842,45.8169,52.8265,48.4820,4.3445,-1.6996,11893.2775,NA,NA,NA
Stalker2-Win64-Shipping.exe,17996,0x4DE2B640,DXGI,0,0,1,Hardware Composed: Independent Flip,12000.3220,NA,53.82500000000000,54.79740000000000,0.29030000000000,45.16380000000000,46.4096,11946.7812,53.8311,53.5408,0.2903,45.1397,53.5649,48.4706,5.0943,-1.2937,11946.7812,NA,NA,NA
Stalker2-Win64-Shipping.exe,17996,0x4DE2B640,DXGI,0,0,1,Hardware Composed: Independent Flip,12053.0119,NA,52.68990000000000,51.57390000000000,0.25450000000000,45.26930000000000,45.2936,12000.6123,52.6541,52.3996,0.2545,44.8735,52.7954,48.8484,3.9470,2.2572,12000.6123,NA,NA,NA
Stalker2-Win64-Shipping.exe,17996,0x4DE2B640,DXGI,0,0,1,Hardware Composed: Independent Flip,12105.6479,NA,52.63600000000000,52.88760000000000,0.27450000000000,45.52510000000000,45.5452,12053.2664,52.6560,52.3815,0.2745,45.0148,52.8918,48.8399,4.0519,-0.2335,12053.2664,NA,NA,NA
Stalker2-Win64-Shipping.exe,17996,0x4DE2B640,DXGI,0,0,1,Hardware Composed: Independent Flip,12158.7753,NA,53.12740000000000,53.71620000000000,0.29170000000000,45.67430000000000,46.1340,12105.9224,53.1446,52.8529,0.2917,45.2506,53.2766,48.9791,4.2975,-1.0602,12105.9224,NA,NA,NA
Stalker2-Win64-Shipping.exe,17996,0x4DE2B640,DXGI,0,0,1,Hardware Composed: Independent Flip,12212.0385,NA,53.26320000000000,52.80700000000000,0.26320000000000,45.66370000000001,45.6778,12159.0670,53.2347,52.9715,0.2632,45.3826,53.2526,48.8049,4.4477,0.3376,12159.0670,NA,NA,NA
Stalker2-Win64-Shipping.exe,17996,0x4DE2B640,DXGI,0,0,1,Hardware Composed: Independent Flip,12264.1908,NA,52.15230000000000,52.40030000000000,0.27850000000000,45.91200000000000,45.9258,12212.3017,52.1676,51.8891,0.2785,45.4005,52.4006,49.0655,3.3351,0.8344,12212.3017,NA,NA,NA
Stalker2-Win64-Shipping.exe,17996,0x4DE2B640,DXGI,0,0,1,Hardware Composed: Independent Flip,12318.1076,NA,53.91680000000000,55.32830000000001,0.27760000000000,47.31010000000001,47.3373,12264.4693,53.9159,53.6383,0.2776,45.6335,55.3149,50.4780,4.8369,-3.1607,12264.4693,NA,NA,NA
Stalker2-Win64-Shipping.exe,17996,0x4DE2B640,DXGI,0,0,1,Hardware Composed: Independent Flip,12369.5551,NA,51.44750000000001,51.52280000000000,0.24630000000000,46.04340000000001,47.4126,12318.3852,51.4162,51.1699,0.2463,47.0325,50.1808,49.1897,0.9911,2.3931,12318.3852,NA,NA,NA
Stalker2-Win64-Shipping.exe,17996,0x4DE2B640,DXGI,0,0,1,Hardware Composed: Independent Flip,12422.5116,NA,52.95650000000001,51.50290000000000,0.28710000000000,45.94460000000000,45.9590,12369.8014,52.9973,52.7102,0.2871,45.7971,52.8577,50.0409,2.8168,-0.0867,12369.8014,NA,NA,NA
Stalker2-Win64-Shipping.exe,17996,0x4DE2B640,DXGI,0,0,1,Hardware Composed: Independent Flip,12475.7089,NA,53.19730000000001,54.46900000000000,0.28370000000000,45.37890000000000,47.2307,12422.7987,53.1939,52.9102,0.2837,45.6575,52.6316,48.9502,3.6814,-1.4717,12422.7987,NA,NA,NA
Stalker2-Win64-Shipping.exe,17996,0x4DE2B640,DXGI,0,0,1,Hardware Composed: Independent Flip,12527.4912,NA,51.78230000000000,50.33260000000000,0.27640000000000,45.74230000000000,45.7810,12475.9926,51.7750,51.4986,0.2764,45.0952,52.1457,49.3320,2.8137,2.8613,12475.9926,NA,NA,NA
Stalker2-Win64-Shipping.exe,17996,0x4DE2B640,DXGI,0,0,1,Hardware Composed: Independent Flip,12580.6574,NA,53.16620000000000,53.23550000000000,0.28580000000000,45.78320000000000,45.8503,12527.7676,53.1756,52.8898,0.2858,45.4659,53.2071,49.1016,4.1055,-1.4605,12527.7676,NA,NA,NA
Stalker2-Win64-Shipping.exe,17996,0x4DE2B640,DXGI,0,0,1,Hardware Composed: Independent Flip,12634.0545,NA,53.39710000000000,54.39000000000000,0.28640000000000,46.19200000000000,46.8432,12580.9432,53.3977,53.1113,0.2864,45.4974,53.8059,49.5712,4.2347,-1.2144,12580.9432,NA,NA,NA
Stalker2-Win64-Shipping.exe,17996,0x4DE2B640,DXGI,0,0,1,Hardware Composed: Independent Flip,12688.6632,NA,54.60870000000001,53.22200000000000,0.28590000000000,45.19900000000001,45.4565,12634.3409,54.6082,54.3223,0.2859,45.9056,53.6157,48.6221,4.9936,0.1757,12634.3409,NA,NA,NA
Stalker2-Win64-Shipping.exe,17996,0x4DE2B640,DXGI,0,0,1,Hardware Composed: Independent Flip,12740.3387,NA,51.67550000000000,52.82950000000000,0.27510000000000,46.59070000000001,46.6105,12688.9491,51.6647,51.3896,0.2751,44.9131,53.0672,49.6371,3.4301,1.7787,12688.9491,NA,NA,NA
Stalker2-Win64-Shipping.exe,17996,0x4DE2B640,DXGI,0,0,1,Hardware Composed: Independent Flip,12793.3537,NA,53.01500000000000,51.68870000000000,0.24040000000000,45.27150000000000,45.2842,12740.6138,52.9803,52.7399,0.2404,46.3156,51.6958,48.3964,3.2994,-0.0240,12740.6138,NA,NA,NA
Stalker2-Win64-Shipping.exe,17996,0x4DE2B640,DXGI,0,0,1,Hardware Composed: Independent Flip,12846.7216,NA,53.36790000000001,53.55220000000000,0.32260000000000,45.45020000000000,45.4685,12793.5941,53.4501,53.1275,0.3226,45.0311,53.5466,49.1592,4.3874,-0.5719,12793.5941,NA,NA,NA
Stalker2-Win64-Shipping.exe,17996,0x4DE2B640,DXGI,0,0,1,Hardware Composed: Independent Flip,12899.9480,NA,53.22640000000001,54.42710000000000,0.26330000000000,45.62270000000000,46.6692,12847.0442,53.1671,52.9038,0.2633,45.1276,53.3989,49.3954,4.0035,-0.9770,12847.0442,NA,NA,NA
Stalker2-Win64-Shipping.exe,17996,0x4DE2B640,DXGI,0,0,1,Hardware Composed: Independent Flip,12952.2960,NA,52.34800000000000,52.10830000000000,0.26650000000000,46.39960000000000,46.4295,12900.2113,52.3512,52.0847,0.2665,45.3594,53.1249,49.8241,3.3008,1.0588,12900.2113,NA,NA,NA
Stalker2-Win64-Shipping.exe,17996,0x4DE2B640,DXGI,0,0,1,Hardware Composed: Independent Flip,13007.1500,NA,54.85400000000000,55.34270000000000,0.27920000000000,46.88160000000000,46.9182,12952.5625,54.8667,54.5875,0.2792,46.1331,55.3360,50.1883,5.1477,-2.9915,12952.5625,NA,NA,NA
Stalker2-Win64-Shipping.exe,17996,0x4DE2B640,DXGI,0,0,1,Hardware Composed: Independent Flip,13059.6389,NA,52.48890000000000,52.83190000000000,0.27870000000000,45.92440000000001,47.2612,13007.4292,52.4884,52.2097,0.2787,46.6024,51.5317,49.0642,2.4675,2.0348,13007.4292,NA,NA,NA
Stalker2-Win64-Shipping.exe,17996,0x4DE2B640,DXGI,0,0,1,Hardware Composed: Independent Flip,13111.5201,NA,51.88120000000000,50.66760000000000,0.29490000000000,45.48670000000000,46.0476,13059.9176,51.8974,51.6025,0.2949,45.6457,51.4435,48.6229,2.8206,1.8208,13059.9176,NA,NA,NA
Stalker2-Win64-Shipping.exe,17996,0x4DE2B640,DXGI,0,0,1,Hardware Composed: Independent Flip,13164.2599,NA,52.73980000000000,53.38650000000001,0.24040000000000,46.28310000000000,46.6943,13111.8150,52.6853,52.4449,0.2404,45.1918,53.5362,49.7057,3.8305,-1.4891,13111.8150,NA,NA,NA
Stalker2-Win64-Shipping.exe,17996,0x4DE2B640,DXGI,0,0,1,Hardware Composed: Independent Flip,13217.2165,NA,52.95660000000000,51.80550000000000,0.27910000000000,45.48240000000001,45.5432,13164.5003,52.9953,52.7162,0.2791,46.0427,52.1559,49.0516,3.1043,0.8798,13164.5003,NA,NA,NA
Stalker2-Win64-Shipping.exe,17996,0x4DE2B640,DXGI,0,0,1,Hardware Composed: Independent Flip,13271.6688,NA,54.45230000000000,54.07030000000000,0.30820000000000,45.13360000000000,45.1612,13217.4956,54.4814,54.1732,0.3082,45.2033,54.1035,49.2192,4.8843,-1.0750,13217.4956,NA,NA,NA
Stalker2-Win64-Shipping.exe,17996,0x4DE2B640,DXGI,0,0,1,Hardware Composed: Independent Flip,13324.3655,NA,52.69670000000000,54.35860000000000,0.29310000000000,45.68200000000000,46.8231,13271.9770,52.6816,52.3885,0.2931,44.8254,53.2451,48.9318,4.3133,0.1228,13271.9770,NA,NA,NA
Stalker2-Win64-Shipping.exe,17996,0x4DE2B640,DXGI,0,0,1,Hardware Composed: Independent Flip,13378.4590,NA,54.09350000000001,53.06150000000000,0.30160000000000,45.77590000000000,45.7911,13324.6586,54.1020,53.8004,0.3016,45.3889,54.1874,49.0733,5.1141,-0.3799,13324.6586,NA,NA,NA
Stalker2-Win64-Shipping.exe,17996,0x4DE2B640,DXGI,0,0,1,Hardware Composed: Independent Flip,13430.9408,NA,52.48180000000000,52.53830000000000,0.27730000000000,45.45210000000000,45.8476,13378.7606,52.4575,52.1802,0.2773,45.4743,52.1580,48.6977,3.4603,1.5637,13378.7606,NA,NA,NA
Stalker2-Win64-Shipping.exe,17996,0x4DE2B640,DXGI,0,0,1,Hardware Composed: Independent Flip,13484.3917,NA,53.45090000000000,53.68990000000000,0.29020000000000,46.06400000000000,46.0866,13431.2181,53.4638,53.1736,0.2902,45.1748,54.0628,49.3728,4.6900,-1.2324,13431.2181,NA,NA,NA
Stalker2-Win64-Shipping.exe,17996,0x4DE2B640,DXGI,0,0,1,Hardware Composed: Independent Flip,13537.2343,NA,52.84260000000000,54.14550000000001,0.26060000000000,46.33950000000000,47.3895,13484.6819,52.8130,52.5524,0.2606,45.7738,53.1181,49.5507,3.5674,-0.6817,13484.6819,NA,NA,NA
Stalker2-Win64-Shipping.exe,17996,0x4DE2B640,DXGI,0,0,1,Hardware Composed: Independent Flip,13591.9492,NA,54.71490000000000,52.98930000000000,0.23710000000000,45.64660000000000,45.6639,13537.4949,54.6914,54.4543,0.2371,46.0789,54.0220,49.3865,4.6355,-0.1763,13537.4949,NA,NA,NA
Stalker2-Win64-Shipping.exe,17996,0x4DE2B640,DXGI,0,0,1,Hardware Composed: Independent Flip,13642.6635,NA,50.71430000000000,51.14510000000000,0.26690000000000,45.61440000000000,46.0947,13592.1863,50.7441,50.4772,0.2669,45.4095,50.6821,49.3033,1.3788,3.5463,13592.1863,NA,NA,NA
Stalker2-Win64-Shipping.exe,17996,0x4DE2B640,DXGI,0,0,1,Hardware Composed: Independent Flip,13696.9737,NA,54.31020000000000,54.49670000000000,0.26080000000000,46.24060000000000,46.2812,13642.9304,54.3041,54.0433,0.2608,45.3475,54.9364,49.4934,5.4430,-3.7526,13642.9304,NA,NA,NA
Stalker2-Win64-Shipping.exe,17996,0x4DE2B640,DXGI,0,0,1,Hardware Composed: Independent Flip,13749.9164,NA,52.94270000000000,54.67630000000000,0.27070000000000,45.58950000000000,48.0148,13697.2345,52.9526,52.6819,0.2707,45.9798,52.2916,48.8171,3.4745,-0.3722,13697.2345,NA,NA,NA
Stalker2-Win64-Shipping.exe,17996,0x4DE2B640,DXGI,0,0,1,Hardware Composed: Independent Flip,13802.0306,NA,52.11420000000000,50.53460000000000,0.29980000000000,46.41920000000000,46.4352,13750.1871,52.1433,51.8435,0.2998,45.3188,52.9439,49.4868,3.4571,2.4180,13750.1871,NA,NA,NA
Stalker2-Win64-Shipping.exe,17996,0x4DE2B640,DXGI,0,0,1,Hardware Composed: Independent Flip,13856.7409,NA,54.71030000000000,54.78950000000000,0.28990000000000,46.04260000000000,46.5144,13802.3304,54.7004,54.4105,0.2899,46.1194,54.3337,49.5288,4.8049,-2.6462,13802.3304,NA,NA,NA
Stalker2-Win64-Shipping.exe,17996,0x4DE2B640,DXGI,0,0,1,Hardware Composed: Independent Flip,13908.5642,NA,51.82330000000000,51.93870000000000,0.33810000000000,46.15850000000000,46.6298,13857.0308,51.8715,51.5334,0.3381,45.7527,51.9392,49.2822,2.6570,2.7617,13857.0308,NA,NA,NA
Stalker2-Win64-Shipping.exe,17996,0x4DE2B640,DXGI,0,0,1,Hardware Composed: Independent Flip,13962.3752,NA,53.81100000000000,52.89670000000000,0.27030000000000,45.69620000000000,45.7155,13908.9023,53.7432,53.4729,0.2703,45.8204,53.3487,49.8718,3.4769,-1.0252,13908.9023,NA,NA,NA
Stalker2-Win64-Shipping.exe,17996,0x4DE2B640,DXGI,0,0,1,Hardware Composed: Independent Flip,14015.1878,NA,52.81260000000000,53.62890000000000,0.26790000000000,45.40580000000000,46.5318,13962.6455,52.8102,52.5423,0.2679,45.4259,52.5222,49.0208,3.5014,0.1143,13962.6455,NA,NA,NA
Stalker2-Win64-Shipping.exe,17996,0x4DE2B640,DXGI,0,0,1,Hardware Composed: Independent Flip,14068.1714,NA,52.98360000000000,51.72260000000000,0.27170000000000,45.25760000000000,45.2708,14015.4557,52.9874,52.7157,0.2717,45.1379,52.8354,48.9667,3.8687,1.0876,14015.4557,NA,NA,NA
Stalker2-Win64-Shipping.exe,17996,0x4DE2B640,DXGI,0,0,1,Hardware Composed: Independent Flip,14121.2750,NA,53.10360000000000,54.63360000000000,0.32610000000000,46.57160000000000,46.8008,14068.4431,53.1580,52.8319,0.3261,44.9859,54.4176,49.9979,4.4197,-1.6462,14068.4431,NA,NA,NA
Stalker2-Win64-Shipping.exe,17996,0x4DE2B640,DXGI,0,0,1,Hardware Composed: Independent Flip,14174.4939,NA,53.21890000000000,52.93220000000000,0.31150000000000,45.90590000000000,46.5141,14121.6011,53.2043,52.8928,0.3115,46.2455,52.5532,49.2186,3.3346,0.2258,14121.6011,NA,NA,NA
Stalker2-Win64-Shipping.exe,17996,0x4DE2B640,DXGI,0,0,1,Hardware Composed: Independent Flip,14228.1332,NA,53.63930000000001,53.68490000000001,0.26440000000000,46.53180000000000,46.5597,14174.8054,53.5922,53.3278,0.2644,45.5944,54.2652,49.6925,4.5727,-0.4806,14174.8054,NA,NA,NA
Stalker2-Win64-Shipping.exe,17996,0x4DE2B640,DXGI,0,0,1,Hardware Composed: Independent Flip,14281.0781,NA,52.94490000000000,53.47740000000000,0.29530000000000,46.03530000000000,47.0922,14228.3976,52.9758,52.6805,0.2953,46.2674,52.4484,49.2906,3.1578,0.1148,14228.3976,NA,NA,NA
Stalker2-Win64-Shipping.exe,17996,0x4DE2B640,DXGI,0,0,1,Hardware Composed: Independent Flip,14332.6761,NA,51.59800000000000,50.93140000000000,0.26780000000000,46.41180000000000,46.4256,14281.3734,51.5705,51.3027,0.2678,45.7400,51.9745,49.6055,2.3690,2.0444,14281.3734,NA,NA,NA
Stalker2-Win64-Shipping.exe,17996,0x4DE2B640,DXGI,0,0,1,Hardware Composed: Independent Flip,14385.5561,NA,52.88000000000000,52.37340000000000,0.26010000000000,45.89760000000000,45.9190,14332.9439,52.8723,52.6122,0.2601,46.1440,52.3658,49.0162,3.3496,-0.8029,14332.9439,NA,NA,NA
Stalker2-Win64-Shipping.exe,17996,0x4DE2B640,DXGI,0,0,1,Hardware Composed: Independent Flip,14438.8404,NA,53.28430000000000,53.86360000000001,0.31900000000000,46.47040000000001,46.4983,14385.8162,53.3432,53.0242,0.3190,45.6375,53.8571,49.5593,4.2978,-0.9913,14385.8162,NA,NA,NA
Stalker2-Win64-Shipping.exe,17996,0x4DE2B640,DXGI,0,0,1,Hardware Composed: Independent Flip,14492.8147,NA,53.97430000000000,53.72780000000000,0.28400000000000,45.48210000000000,46.2518,14439.1594,53.9393,53.6553,0.2840,46.1514,52.9860,48.6944,4.2916,-0.3846,14439.1594,NA,NA,NA
Stalker2-Win64-Shipping.exe,17996,0x4DE2B640,DXGI,0,0,1,Hardware Composed: Independent Flip,14546.7431,NA,53.92840000000000,53.50610000000000,0.30980000000000,45.81230000000000,45.8295,14493.0987,53.9542,53.6444,0.3098,45.1981,54.2586,48.9513,5.3073,0.4332,14493.0987,NA,NA,NA
Stalker2-Win64-Shipping.exe,17996,0x4DE2B640,DXGI,0,0,1,Hardware Composed: Independent Flip,14600.5131,NA,53.77000000000000,53.80840000000001,0.27920000000000,45.27790000000000,45.8679,14547.0529,53.7394,53.4602,0.2792,45.5025,53.2356,48.5604,4.6752,0.1458,14547.0529,NA,NA,NA
Stalker2-Win64-Shipping.exe,17996,0x4DE2B640,DXGI,0,0,1,Hardware Composed: Independent Flip,14653.9799,NA,53.46680000000000,52.98540000000001,0.26480000000000,45.37350000000000,45.3865,14600.7923,53.4524,53.1876,0.2648,44.9987,53.5624,49.0136,4.5488,0.7540,14600.7923,NA,NA,NA
Stalker2-Win64-Shipping.exe,17996,0x4DE2B640,DXGI,0,0,1,Hardware Composed: Independent Flip,14706.6756,NA,52.69570000000000,52.49420000000000,0.31470000000000,45.01110000000000,45.1850,14654.2447,52.7456,52.4309,0.3147,45.1087,52.3333,48.4779,3.8554,0.9582,14654.2447,NA,NA,NA
Stalker2-Win64-Shipping.exe,17996,0x4DE2B640,DXGI,0,0,1,Hardware Composed: Independent Flip,14761.1440,NA,54.46840000000000,55.17340000000000,0.27430000000000,45.87210000000000,45.8900,14706.9903,54.4280,54.1537,0.2743,44.6964,55.3294,49.3121,6.0173,-2.4278,14706.9903,NA,NA,NA
Stalker2-Win64-Shipping.exe,17996,0x4DE2B640,DXGI,0,0,1,Hardware Composed: Independent Flip,14814.2234,NA,53.07940000000000,54.25000000000000,0.28500000000000,45.53040000000000,47.0606,14761.4183,53.0901,52.8051,0.2850,45.5978,52.7377,48.7465,3.9912,0.1780,14761.4183,NA,NA,NA
Stalker2-Win64-Shipping.exe,17996,0x4DE2B640,DXGI,0,0,1,Hardware Composed: Independent Flip,14866.1135,NA,51.89010000000000,51.45170000000000,0.26790000000000,46.58490000000000,46.6222,14814.5084,51.8730,51.6051,0.2679,45.2454,52.9446,49.6731,3.2715,1.6384,14814.5084,NA,NA,NA
Stalker2-Win64-Shipping.exe,17996,0x4DE2B640,DXGI,0,0,1,Hardware Composed: Independent Flip,14918.6533,NA,52.53980000000000,51.98560000000001,0.29280000000000,45.78890000000001,46.0680,14866.3814,52.5647,52.2719,0.2928,46.3170,51.7438,48.8869,2.8569,-0.1126,14866.3814,NA,NA,NA
Stalker2-Win64-Shipping.exe,17996,0x4DE2B640,DXGI,0,0,1,Hardware Composed: Independent Flip,14973.9711,NA,55.31780000000001,55.52850000000000,0.26290000000000,46.25110000000000,46.2787,14918.9461,55.2879,55.0250,0.2629,45.4961,55.7800,49.8340,5.9460,-2.9638,14918.9461,NA,NA,NA
Stalker2-Win64-Shipping.exe,17996,0x4DE2B640,DXGI,0,0,1,Hardware Composed: Independent Flip,15024.7447,NA,50.77360000000000,52.51710000000000,0.26700000000000,45.92920000000000,48.0222,14974.2340,50.7777,50.5107,0.2670,45.9882,50.4517,49.0397,1.4120,2.7708,14974.2340,NA,NA,NA
Stalker2-Win64-Shipping.exe,17996,0x4DE2B640,DXGI,0,0,1,Hardware Composed: Independent Flip,15077.9650,NA,53.22030000000000,50.21660000000000,0.29780000000000,44.95390000000000,45.0185,15025.0117,53.2511,52.9533,0.2978,45.6622,52.2450,48.4384,3.8066,0.5611,15025.0117,NA,NA,NA
Stalker2-Win64-Shipping.exe,17996,0x4DE2B640,DXGI,0,0,1,Hardware Composed: Independent Flip,15131.6984,NA,53.73340000000000,55.49030000000000,0.27540000000000,45.35700000000000,46.7754,15078.2628,53.7110,53.4356,0.2754,44.6561,54.1365,48.8317,5.3048,-2.2392,15078.2628,NA,NA,NA
Stalker2-Win64-Shipping.exe,17996,0x4DE2B640,DXGI,0,0,1,Hardware Composed: Independent Flip,15184.1385,NA,52.44010000000000,51.34240000000000,0.52780000000000,45.62710000000000,45.6777,15131.9738,52.6925,52.1647,0.5278,45.0816,52.7102,48.7829,3.9273,2.3686,15131.9738,NA,NA,NA
Stalker2-Win64-Shipping.exe,17996,0x4DE2B640,DXGI,0,0,1,Hardware Composed: Independent Flip,15239.1980,NA,55.05950000000000,55.35980000000000,0.27890000000000,45.94040000000000,45.9780,15184.6663,54.8106,54.5317,0.2789,45.0993,55.3728,49.2277,6.1451,-2.6673,15184.6663,NA,NA,NA
Stalker2-Win64-Shipping.exe,17996,0x4DE2B640,DXGI,0,0,1,Hardware Composed: Independent Flip,15291.2787,NA,52.08070000000000,53.85130000000000,0.29990000000000,45.70730000000000,47.7486,15239.4769,52.1017,51.8018,0.2999,45.6615,51.8476,48.7386,3.1090,0.9593,15239.4769,NA,NA,NA
Stalker2-Win64-Shipping.exe,17996,0x4DE2B640,DXGI,0,0,1,Hardware Composed: Independent Flip,15345.6952,NA,54.41650000000000,51.93230000000001,0.28920000000000,45.22780000000000,45.2644,15291.5786,54.4058,54.1166,0.2892,45.4074,53.9370,48.7338,5.2032,0.1694,15291.5786,NA,NA,NA
Stalker2-Win64-Shipping.exe,17996,0x4DE2B640,DXGI,0,0,1,Hardware Composed: Independent Flip,15398.2980,NA,52.60280000000000,54.32810000000000,0.27820000000000,45.80230000000000,46.9897,15345.9844,52.5918,52.3136,0.2782,44.9386,53.1773,48.9618,4.2155,0.0777,15345.9844,NA,NA,NA
Stalker2-Win64-Shipping.exe,17996,0x4DE2B640,DXGI,0,0,1,Hardware Composed: Independent Flip,15451.2097,NA,52.91170000000000,50.95340000000000,0.27420000000000,45.01810000000000,45.0314,15398.5762,52.9077,52.6335,0.2742,45.5241,52.1275,48.2095,3.9180,1.6384,15398.5762,NA,NA,NA
Stalker2-Win64-Shipping.exe,17996,0x4DE2B640,DXGI,0,0,1,Hardware Composed: Independent Flip,15504.1102,NA,52.90050000000000,55.28970000000000,0.27550000000000,47.39410000000000,47.4206,15451.4839,52.9018,52.6263,0.2755,44.7439,55.2765,50.8309,4.4456,-2.3820,15451.4839,NA,NA,NA
Stalker2-Win64-Shipping.exe,17996,0x4DE2B640,DXGI,0,0,1,Hardware Composed: Independent Flip,15557.0345,NA,52.92430000000000,53.01050000000000,0.25640000000000,45.90130000000000,47.5068,15504.3857,52.9052,52.6488,0.2564,47.1186,51.4315,48.9033,2.5282,-0.1087,15504.3857,NA,NA,NA
Stalker2-Win64-Shipping.exe,17996,0x4DE2B640,DXGI,0,0,1,Hardware Composed: Independent Flip,15610.6021,NA,53.56760000000001,52.31280000000000,0.30500000000000,46.21110000000000,46.2520,15557.2909,53.6162,53.3112,0.3050,45.6449,53.8774,49.3703,4.5071,0.5924,15557.2909,NA,NA,NA
Stalker2-Win64-Shipping.exe,17996,0x4DE2B640,DXGI,0,0,1,Hardware Composed: Independent Flip,15663.3450,NA,52.74290000000001,53.78390000000000,0.27400000000000,45.77350000000001,47.2930,15610.9071,52.7119,52.4379,0.2740,45.9061,52.3053,48.7684,3.5369,-0.1677,15610.9071,NA,NA,NA
Stalker2-Win64-Shipping.exe,17996,0x4DE2B640,DXGI,0,0,1,Hardware Composed: Independent Flip,15717.4261,NA,54.08110000000000,52.48910000000000,0.28650000000000,45.68060000000001,45.7010,15663.6190,54.0936,53.8071,0.2865,45.4995,53.9882,49.0310,4.9572,0.2228,15663.6190,NA,NA,NA
Stalker2-Win64-Shipping.exe,17996,0x4DE2B640,DXGI,0,0,1,Hardware Composed: Independent Flip,15769.7613,NA,52.33520000000000,52.60630000000000,0.25430000000000,45.04230000000000,45.9721,15717.7126,52.3030,52.0487,0.2543,45.3941,51.6969,48.6397,3.0572,1.4873,15717.7126,NA,NA,NA
Stalker2-Win64-Shipping.exe,17996,0x4DE2B640,DXGI,0,0,1,Hardware Composed: Independent Flip,15823.0403,NA,53.27900000000000,53.92490000000000,0.28990000000000,46.59710000000000,46.6180,15770.0156,53.3146,53.0247,0.2899,44.7880,54.8338,50.1826,4.6512,-1.6219,15770.0156,NA,NA,NA
Stalker2-Win64-Shipping.exe,17996,0x4DE2B640,DXGI,0,0,1,Hardware Composed: Independent Flip,15876.2509,NA,53.21060000000000,53.67800000000000,0.34240000000000,45.36400000000000,47.0854,15823.3302,53.2631,52.9207,0.3424,46.3072,51.9775,48.4065,3.5710,-0.3634,15823.3302,NA,NA,NA
Stalker2-Win64-Shipping.exe,17996,0x4DE2B640,DXGI,0,0,1,Hardware Composed: Independent Flip,15930.0888,NA,53.83790000000000,52.63450000000000,0.26190000000000,45.86660000000001,45.8820,15876.5933,53.7574,53.4955,0.2619,45.0216,54.3405,49.3534,4.9871,0.6286,15876.5933,NA,NA,NA
Stalker2-Win64-Shipping.exe,17996,0x4DE2B640,DXGI,0,0,1,Hardware Composed: Independent Flip,15982.8543,NA,52.76550000000000,54.08340000000000,0.27880000000000,45.89420000000000,47.1999,15930.3507,52.7824,52.5036,0.2788,45.6047,52.7931,48.9184,3.8747,-0.3260,15930.3507,NA,NA,NA
Stalker2-Win64-Shipping.exe,17996,0x4DE2B640,DXGI,0,0,1,Hardware Composed: Independent Flip,16035.6947,NA,52.84040000000000,51.63350000000001,0.27710000000000,45.95710000000000,45.9930,15983.1331,52.8387,52.5616,0.2771,45.6154,52.9033,49.1130,3.7903,1.1489,15983.1331,NA,NA,NA
Stalker2-Win64-Shipping.exe,17996,0x4DE2B640,DXGI,0,0,1,Hardware Composed: Independent Flip,16089.3593,NA,53.66460000000000,52.57620000000000,0.25630000000000,44.75940000000000,44.9046,16035.9718,53.6438,53.3875,0.2563,45.6800,52.4669,47.9456,4.5213,0.2625,16035.9718,NA,NA,NA
Stalker2-Win64-Shipping.exe,17996,0x4DE2B640,DXGI,0,0,1,Hardware Composed: Independent Flip,16142.3790,NA,53.01970000000000,54.97510000000000,0.28930000000000,46.84300000000000,46.8600,16089.6156,53.0527,52.7634,0.2893,44.5031,55.1033,50.9325,4.1708,-1.3313,16089.6156,NA,NA,NA
Stalker2-Win64-Shipping.exe,17996,0x4DE2B640,DXGI,0,0,1,Hardware Composed: Independent Flip,16194.8543,NA,52.47530000000000,51.93610000000000,0.25430000000000,45.00700000000001,46.3208,16142.6683,52.4403,52.1860,0.2543,46.5537,50.6393,48.6137,2.0256,1.1166,16142.6683,NA,NA,NA
Stalker2-Win64-Shipping.exe,17996,0x4DE2B640,DXGI,0,0,1,Hardware Composed: Independent Flip,16248.5830,NA,53.72870000000000,52.17120000000001,0.28670000000000,44.69480000000000,44.7633,16195.1086,53.7611,53.4744,0.2867,44.7527,53.4165,48.2842,5.1323,0.2691,16195.1086,NA,NA,NA
Stalker2-Win64-Shipping.exe,17996,0x4DE2B640,DXGI,0,0,1,Hardware Composed: Independent Flip,16301.3806,NA,52.79760000000000,56.16440000000000,0.28870000000000,46.30690000000000,48.1301,16248.8697,52.7996,52.5109,0.2887,44.4081,54.4097,49.7458,4.6639,-2.4033,16248.8697,NA,NA,NA
Stalker2-Win64-Shipping.exe,17996,0x4DE2B640,DXGI,0,0,1,Hardware Composed: Independent Flip,16354.1454,NA,52.76480000000000,50.41990000000001,0.31330000000000,45.76370000000000,45.7852,16301.6693,52.7894,52.4761,0.3133,46.0182,52.2216,48.9740,3.2476,2.3797,16301.6693,NA,NA,NA
Stalker2-Win64-Shipping.exe,17996,0x4DE2B640,DXGI,0,0,1,Hardware Composed: Independent Flip,16407.0042,NA,52.85880000000000,52.90970000000000,0.31380000000000,45.81850000000000,45.8361,16354.4587,52.8593,52.5455,0.3138,45.4504,52.9136,48.8451,4.0685,-0.1203,16354.4587,NA,NA,NA
Stalker2-Win64-Shipping.exe,17996,0x4DE2B640,DXGI,0,0,1,Hardware Composed: Independent Flip,16460.0362,NA,53.03200000000000,54.52430000000000,0.29760000000000,46.11610000000000,47.3284,16407.3180,53.0158,52.7182,0.2976,45.5047,53.3296,49.2430,4.0866,-1.6650,16407.3180,NA,NA,NA
Stalker2-Win64-Shipping.exe,17996,0x4DE2B640,DXGI,0,0,1,Hardware Composed: Independent Flip,16512.7243,NA,52.68810000000001,50.48960000000000,0.25410000000000,45.06200000000000,45.1299,16460.3338,52.6446,52.3905,0.2541,45.8185,51.6340,49.0023,2.6317,2.5262,16460.3338,NA,NA,NA
Stalker2-Win64-Shipping.exe,17996,0x4DE2B640,DXGI,0,0,1,Hardware Composed: Independent Flip,16566.8921,NA,54.16780000000000,54.07140000000000,0.29200000000000,45.01840000000000,45.0335,16512.9784,54.2057,53.9137,0.2920,44.8079,54.1242,48.5295,5.5947,-1.4268,16512.9784,NA,NA,NA
Stalker2-Win64-Shipping.exe,17996,0x4DE2B640,DXGI,0,0,1,Hardware Composed: Independent Flip,16619.8240,NA,52.93190000000001,54.89540000000000,0.27590000000000,45.46690000000000,46.9970,16567.1841,52.9158,52.6399,0.2759,44.7264,53.3804,48.8175,4.5629,-0.6897,16567.1841,NA,NA,NA
Stalker2-Win64-Shipping.exe,17996,0x4DE2B640,DXGI,0,0,1,Hardware Composed: Independent Flip,16671.6588,NA,51.83480000000000,50.46930000000000,0.31000000000000,45.61900000000000,45.6315,16620.0999,51.8689,51.5589,0.3100,45.1910,51.9869,48.9270,3.0599,2.4465,16620.0999,NA,NA,NA
Stalker2-Win64-Shipping.exe,17996,0x4DE2B640,DXGI,0,0,1,Hardware Composed: Independent Flip,16725.4216,NA,53.76280000000001,54.29690000000000,0.28740000000000,46.12870000000000,46.1656,16671.9688,53.7402,53.4528,0.2874,45.3090,54.2725,49.4312,4.8413,-2.4280,16671.9688,NA,NA,NA
Stalker2-Win64-Shipping.exe,17996,0x4DE2B640,DXGI,0,0,1,Hardware Composed: Independent Flip,16778.2172,NA,52.79560000000000,54.95120000000000,0.27590000000000,46.90250000000000,48.3212,16725.7090,52.7841,52.5082,0.2759,45.8413,53.5694,49.9095,3.6599,-1.2110,16725.7090,NA,NA,NA
Stalker2-Win64-Shipping.exe,17996,0x4DE2B640,DXGI,0,0,1,Hardware Composed: Independent Flip,16830.7347,NA,52.51750000000001,50.04040000000001,0.28040000000000,45.81730000000000,45.8441,16778.4931,52.5220,52.2416,0.2804,46.6266,51.4323,49.2931,2.1392,2.7437,16778.4931,NA,NA,NA
Stalker2-Win64-Shipping.exe,17996,0x4DE2B640,DXGI,0,0,1,Hardware Composed: Independent Flip,16883.3483,NA,52.61360000000001,52.99730000000000,0.26140000000000,46.20810000000000,46.2278,16831.0151,52.5946,52.3332,0.2614,45.5369,53.0044,49.3764,3.6280,-0.4753,16831.0151,NA,NA,NA
Stalker2-Win64-Shipping.exe,17996,0x4DE2B640,DXGI,0,0,1,Hardware Composed: Independent Flip,16936.0919,NA,52.74360000000000,53.39950000000000,0.27000000000000,45.62690000000000,46.8837,16883.6097,52.7522,52.4822,0.2700,45.9467,52.1624,48.7762,3.3862,-0.8049,16883.6097,NA,NA,NA
Stalker2-Win64-Shipping.exe,17996,0x4DE2B640,DXGI,0,0,1,Hardware Composed: Independent Flip,16988.8789,NA,52.78700000000000,51.30810000000000,0.28520000000000,45.34020000000000,45.4048,16936.3619,52.8022,52.5170,0.2852,45.3569,52.5003,49.0078,3.4925,1.4441,16936.3619,NA,NA,NA
Stalker2-Win64-Shipping.exe,17996,0x4DE2B640,DXGI,0,0,1,Hardware Composed: Independent Flip,17042.6635,NA,53.78460000000000,54.40480000000000,0.27640000000000,45.71970000000000,46.0250,16989.1641,53.7758,53.4994,0.2764,45.0550,54.1641,49.2824,4.8817,-1.6026,16989.1641,NA,NA,NA
Stalker2-Win64-Shipping.exe,17996,0x4DE2B640,DXGI,0,0,1,Hardware Composed: Independent Flip,17096.5404,NA,53.87690000000000,54.32980000000001,0.28960000000000,45.84770000000000,46.4779,17042.9399,53.8901,53.6005,0.2896,45.4433,54.0049,49.3417,4.6632,-0.5540,17042.9399,NA,NA,NA
Stalker2-Win64-Shipping.exe,17996,0x4DE2B640,DXGI,0,0,1,Hardware Composed: Independent Flip,17148.9965,NA,52.45610000000000,51.66500000000000,0.27260000000000,45.65440000000000,45.6868,17096.8300,52.4391,52.1665,0.2726,45.5581,52.2628,48.7727,3.4901,2.2251,17096.8300,NA,NA,NA
Stalker2-Win64-Shipping.exe,17996,0x4DE2B640,DXGI,0,0,1,Hardware Composed: Independent Flip,17202.0392,NA,53.04270000000000,53.62100000000000,0.29890000000000,46.23840000000001,46.2651,17149.2691,53.0690,52.7701,0.2989,45.3818,53.6267,49.4132,4.2135,-1.1819,17149.2691,NA,NA,NA
Stalker2-Win64-Shipping.exe,17996,0x4DE2B640,DXGI,0,0,1,Hardware Composed: Independent Flip,17254.3529,NA,52.31370000000000,53.30000000000000,0.27190000000000,46.13750000000000,47.2514,17202.3381,52.2867,52.0148,0.2719,45.9395,52.2128,49.2409,2.9719,-0.2310,17202.3381,NA,NA,NA
Stalker2-Win64-Shipping.exe,17996,0x4DE2B640,DXGI,0,0,1,Hardware Composed: Independent Flip,17308.1253,NA,53.77240000000000,51.55050000000000,0.27130000000000,45.01380000000000,45.0295,17254.6248,53.7718,53.5005,0.2713,45.8656,52.6487,49.2333,3.4154,0.7362,17254.6248,NA,NA,NA
Stalker2-Win64-Shipping.exe,17996,0x4DE2B640,DXGI,0,0,1,Hardware Composed: Independent Flip,17361.5767,NA,53.45140000000000,54.17310000000001,0.33450000000000,45.34580000000000,45.7512,17308.3966,53.5146,53.1801,0.3345,44.7425,53.7834,48.9188,4.8646,-0.4013,17308.3966,NA,NA,NA
Stalker2-Win64-Shipping.exe,17996,0x4DE2B640,DXGI,0,0,1,Hardware Composed: Independent Flip,17413.9849,NA,52.40820000000000,53.66360000000000,0.24680000000000,46.68720000000000,47.0066,17361.9112,52.3205,52.0737,0.2468,45.0113,53.7496,50.0568,3.6928,-0.1490,17361.9112,NA,NA,NA
Stalker2-Win64-Shipping.exe,17996,0x4DE2B640,DXGI,0,0,1,Hardware Composed: Independent Flip,17467.0653,NA,53.08040000000000,52.02270000000000,0.27300000000000,45.91170000000000,45.9489,17414.2317,53.1066,52.8336,0.2730,46.4404,52.3049,49.0679,3.2370,0.2978,17414.2317,NA,NA,NA
Stalker2-Win64-Shipping.exe,17996,0x4DE2B640,DXGI,0,0,1,Hardware Composed: Independent Flip,17520.3808,NA,53.31550000000000,53.18010000000000,0.28380000000000,45.79290000000000,45.8135,17467.3383,53.3263,53.0425,0.2838,45.6387,53.1967,48.9157,4.2810,-0.0735,17467.3383,NA,NA,NA
Stalker2-Win64-Shipping.exe,17996,0x4DE2B640,DXGI,0,0,1,Hardware Composed: Independent Flip,17573.5112,NA,53.13040000000000,53.62780000000000,0.27360000000000,45.61470000000000,46.3109,17520.6646,53.1202,52.8466,0.2736,45.5091,52.9522,48.9576,3.9946,-0.3015,17520.6646,NA,NA,NA
Stalker2-Win64-Shipping.exe,17996,0x4DE2B640,DXGI,0,0,1,Hardware Composed: Independent Flip,17626.5818,NA,53.07060000000001,52.29440000000000,0.34040000000000,45.51730000000000,45.5347,17573.7848,53.1374,52.7970,0.3404,45.3411,52.9732,48.7083,4.2649,0.8258,17573.7848,NA,NA,NA
Stalker2-Win64-Shipping.exe,17996,0x4DE2B640,DXGI,0,0,1,Hardware Composed: Independent Flip,17679.4803,NA,52.89850000000001,52.87050000000000,0.25830000000000,45.48920000000000,45.5067,17626.9222,52.8164,52.5581,0.2583,45.1769,52.8704,48.7230,4.1474,0.2669,17626.9222,NA,NA,NA
Stalker2-Win64-Shipping.exe,17996,0x4DE2B640,DXGI,0,0,1,Hardware Composed: Independent Flip,17733.0435,NA,53.56320000000000,53.85400000000000,0.29280000000000,45.76090000000000,45.7975,17679.7386,53.5977,53.3049,0.2928,45.2309,53.8349,49.3124,4.5225,-1.0376,17679.7386,NA,NA,NA
Stalker2-Win64-Shipping.exe,17996,0x4DE2B640,DXGI,0,0,1,Hardware Composed: Independent Flip,17786.7896,NA,53.74610000000001,53.43290000000000,0.27500000000000,44.99030000000000,45.4843,17733.3363,53.7283,53.4533,0.2750,45.4681,52.9755,48.1247,4.8508,0.1648,17733.3363,NA,NA,NA
Stalker2-Win64-Shipping.exe,17996,0x4DE2B640,DXGI,0,0,1,Hardware Composed: Independent Flip,17839.9307,NA,53.14110000000000,53.30550000000000,0.25900000000000,45.63190000000000,45.6487,17787.0646,53.1251,52.8661,0.2590,44.7153,53.7827,49.0372,4.7455,0.4228,17787.0646,NA,NA,NA
Stalker2-Win64-Shipping.exe,17996,0x4DE2B640,DXGI,0,0,1,Hardware Composed: Independent Flip,17892.5078,NA,52.57710000000000,52.80930000000000,0.27070000000000,45.49580000000000,45.8809,17840.1897,52.5888,52.3181,0.2707,45.3729,52.4410,48.6342,3.8068,0.3158,17840.1897,NA,NA,NA
Stalker2-Win64-Shipping.exe,17996,0x4DE2B640,DXGI,0,0,1,Hardware Composed: Independent Flip,17946.9473,NA,54.43950000000000,53.93990000000000,0.26050000000000,45.36690000000000,45.3813,17892.7785,54.4293,54.1688,0.2605,45.2251,54.3106,48.6707,5.6399,-1.3511,17892.7785,NA,NA,NA
Stalker2-Win64-Shipping.exe,17996,0x4DE2B640,DXGI,0,0,1,Hardware Composed: Independent Flip,17998.4118,NA,51.46450000000000,53.11110000000000,0.29050000000000,46.03070000000000,47.0279,17947.2078,51.4945,51.2040,0.2905,45.1064,52.1283,49.0773,3.0510,1.3182,17947.2078,NA,NA,NA
Stalker2-Win64-Shipping.exe,17996,0x4DE2B640,DXGI,0,0,1,Hardware Composed: Independent Flip,18051.0658,NA,52.65400000000000,52.04640000000001,0.25940000000000,46.35660000000000,46.4203,17998.7023,52.6229,52.3635,0.2594,45.7402,52.9799,49.4788,3.5011,-0.5519,17998.7023,NA,NA,NA
Stalker2-Win64-Shipping.exe,17996,0x4DE2B640,DXGI,0,0,1,Hardware Composed: Independent Flip,18103.9817,NA,52.91590000000000,52.70090000000000,0.25470000000000,45.56820000000000,46.2053,18051.3252,52.9112,52.6565,0.2547,46.0972,52.1275,49.2719,2.8556,-0.0780,18051.3252,NA,NA,NA
Stalker2-Win64-Shipping.exe,17996,0x4DE2B640,DXGI,0,0,1,Hardware Composed: Independent Flip,18156.5211,NA,52.53940000000000,52.48140000000000,0.33780000000000,46.12610000000000,46.1473,18104.2364,52.6225,52.2847,0.3378,45.3135,53.0973,49.7861,3.3112,0.4298,18104.2364,NA,NA,NA
Stalker2-Win64-Shipping.exe,17996,0x4DE2B640,DXGI,0,0,1,Hardware Composed: Independent Flip,18209.3263,NA,52.80520000000000,53.09930000000000,0.30640000000000,45.80210000000000,46.4414,18156.8589,52.7738,52.4674,0.3064,45.7883,52.4812,48.9102,3.5710,-0.4768,18156.8589,NA,NA,NA
Stalker2-Win64-Shipping.exe,17996,0x4DE2B640,DXGI,0,0,1,Hardware Composed: Independent Flip,18262.0109,NA,52.68460000000000,52.29350000000000,0.27460000000000,46.01310000000000,46.0503,18209.6327,52.6528,52.3782,0.2746,45.4957,52.8956,49.2206,3.6750,0.4803,18209.6327,NA,NA,NA
Stalker2-Win64-Shipping.exe,17996,0x4DE2B640,DXGI,0,0,1,Hardware Composed: Independent Flip,18315.6568,NA,53.64590000000000,54.20070000000000,0.31260000000000,46.34060000000000,46.6051,18262.2855,53.6839,53.3713,0.3126,45.7385,53.9734,49.5436,4.4298,-1.5479,18262.2855,NA,NA,NA
Stalker2-Win64-Shipping.exe,17996,0x4DE2B640,DXGI,0,0,1,Hardware Composed: Independent Flip,18367.8970,NA,52.24020000000000,51.68960000000001,0.27550000000000,45.53880000000000,46.0545,18315.9694,52.2031,51.9276,0.2755,46.0280,51.4384,48.6770,2.7614,1.9943,18315.9694,NA,NA,NA
Stalker2-Win64-Shipping.exe,17996,0x4DE2B640,DXGI,0,0,1,Hardware Composed: Independent Flip,18421.7185,NA,53.82150000000000,54.16130000000000,0.26860000000000,46.37780000000000,46.3943,18368.1725,53.8146,53.5460,0.2686,45.2633,54.6605,49.6943,4.9662,-1.9582,18368.1725,NA,NA,NA
Stalker2-Win64-Shipping.exe,17996,0x4DE2B640,DXGI,0,0,1,Hardware Composed: Independent Flip,18474.0696,NA,52.35110000000000,53.63870000000000,0.24400000000000,45.78630000000000,47.6819,18421.9871,52.3265,52.0825,0.2440,46.1092,51.7596,49.5951,2.1645,0.1759,18421.9871,NA,NA,NA
Stalker2-Win64-Shipping.exe,17996,0x4DE2B640,DXGI,0,0,1,Hardware Composed: Independent Flip,18527.0425,NA,52.97290000000000,50.88520000000000,0.30700000000000,45.57180000000000,45.5942,18474.3136,53.0359,52.7289,0.3070,45.5423,52.7584,48.7287,4.0297,1.4413,18474.3136,NA,NA,NA
Stalker2-Win64-Shipping.exe,17996,0x4DE2B640,DXGI,0,0,1,Hardware Composed: Independent Flip,18580.5585,NA,53.51600000000001,54.53600000000000,0.26000000000000,45.99470000000000,46.6142,18527.3495,53.4690,53.2090,0.2600,45.2648,53.9389,49.3087,4.6302,-1.5001,18527.3495,NA,NA,NA
Stalker2-Win64-Shipping.exe,17996,0x4DE2B640,DXGI,0,0,1,Hardware Composed: Independent Flip,18633.4125,NA,52.85400000000000,52.79280000000000,0.25360000000000,46.34320000000000,46.5530,18580.8185,52.8476,52.5940,0.2536,45.7347,53.2025,49.4891,3.7134,0.6762,18580.8185,NA,NA,NA
Stalker2-Win64-Shipping.exe,17996,0x4DE2B640,DXGI,0,0,1,Hardware Composed: Independent Flip,18686.5252,NA,53.11270000000000,53.41880000000000,0.27310000000000,46.83600000000001,46.8591,18633.6661,53.1322,52.8591,0.2731,46.0896,53.6055,50.0010,3.6045,-0.5712,18633.6661,NA,NA,NA
Stalker2-Win64-Shipping.exe,17996,0x4DE2B640,DXGI,0,0,1,Hardware Composed: Independent Flip,18739.9080,NA,53.38280000000000,53.07780000000000,0.29200000000000,46.03060000000000,46.5541,18686.7983,53.4017,53.1097,0.2920,46.5629,52.5774,49.4281,3.1493,0.0544,18686.7983,NA,NA,NA
Stalker2-Win64-Shipping.exe,17996,0x4DE2B640,DXGI,0,0,1,Hardware Composed: Independent Flip,18793.4536,NA,53.54560000000000,52.39860000000000,0.26860000000000,45.38390000000000,45.4071,18740.2000,53.5222,53.2536,0.2686,45.7386,52.8989,48.5589,4.3400,1.0031,18740.2000,NA,NA,NA
Stalker2-Win64-Shipping.exe,17996,0x4DE2B640,DXGI,0,0,1,Hardware Composed: Independent Flip,18846.1365,NA,52.68290000000000,52.46600000000000,0.26950000000000,44.93160000000000,45.1902,18793.7222,52.6838,52.4143,0.2695,45.1153,52.2306,47.9908,4.2398,1.0562,18793.7222,NA,NA,NA
Stalker2-Win64-Shipping.exe,17996,0x4DE2B640,DXGI,0,0,1,Hardware Composed: Independent Flip,18899.2047,NA,53.06820000000000,53.81490000000000,0.26190000000000,45.91530000000000,45.9369,18846.4060,53.0606,52.7987,0.2619,44.6621,54.0519,49.3809,4.6710,-1.1311,18846.4060,NA,NA,NA
Stalker2-Win64-Shipping.exe,17996,0x4DE2B640,DXGI,0,0,1,Hardware Composed: Independent Flip,18952.6113,NA,53.40660000000000,54.33180000000000,0.28950000000000,45.91180000000000,46.8621,18899.4666,53.4342,53.1447,0.2895,45.6534,53.4031,49.0873,4.3158,-1.2712,18899.4666,NA,NA,NA
Stalker2-Win64-Shipping.exe,17996,0x4DE2B640,DXGI,0,0,1,Hardware Composed: Independent Flip,19006.3888,NA,53.77750000000000,51.77340000000000,0.29100000000000,44.83000000000001,44.8580,18952.9008,53.7790,53.4880,0.2910,45.6223,52.6957,48.1436,4.5521,1.6608,18952.9008,NA,NA,NA
Stalker2-Win64-Shipping.exe,17996,0x4DE2B640,DXGI,0,0,1,Hardware Composed: Independent Flip,19059.3857,NA,52.99690000000000,53.65950000000000,0.26070000000000,45.45450000000000,45.5206,19006.6798,52.9666,52.7059,0.2607,44.5390,53.6214,48.6761,4.9453,0.1195,19006.6798,NA,NA,NA
Stalker2-Win64-Shipping.exe,17996,0x4DE2B640,DXGI,0,0,1,Hardware Composed: Independent Flip,19112.5186,NA,53.13290000000000,53.49610000000001,0.26960000000000,45.18280000000000,45.8838,19059.6464,53.1418,52.8722,0.2696,45.1938,52.8612,49.1489,3.7123,-0.5295,19059.6464,NA,NA,NA
Stalker2-Win64-Shipping.exe,17996,0x4DE2B640,DXGI,0,0,1,Hardware Composed: Independent Flip,19165.1020,NA,52.58340000000000,52.11460000000000,0.27930000000000,45.38790000000000,45.4150,19112.7882,52.5931,52.3138,0.2793,44.9132,52.7885,49.0014,3.7871,1.0272,19112.7882,NA,NA,NA
Stalker2-Win64-Shipping.exe,17996,0x4DE2B640,DXGI,0,0,1,Hardware Composed: Independent Flip,19221.9031,NA,56.80110000000001,56.89530000000001,0.29240000000000,45.44410000000000,45.5092,19165.3813,56.8142,56.5218,0.2924,45.1086,56.8573,49.0195,7.8378,-4.3022,19165.3813,NA,NA,NA
Stalker2-Win64-Shipping.exe,17996,0x4DE2B640,DXGI,0,0,1,Hardware Composed: Independent Flip,19271.9759,NA,50.07280000000000,52.13590000000000,0.27870000000000,45.81580000000000,47.5723,19222.1955,50.0591,49.7804,0.2787,45.1517,50.4445,49.1965,1.2480,4.6783,19222.1955,NA,NA,NA
Stalker2-Win64-Shipping.exe,17996,0x4DE2B640,DXGI,0,0,1,Hardware Composed: Independent Flip,19330.3616,NA,58.38570000000000,57.15630000000000,0.28660000000000,46.31530000000000,46.3429,19272.2546,58.3936,58.1070,0.2866,45.5371,58.8852,49.5985,9.2867,-7.0972,19272.2546,NA,NA,NA
Stalker2-Win64-Shipping.exe,17996,0x4DE2B640,DXGI,0,0,1,Hardware Composed: Independent Flip,19377.4206,NA,47.05900000000000,52.04300000000000,0.32360000000000,48.32050000000000,51.3269,19330.6482,47.0960,46.7724,0.3236,46.0287,49.0642,49.0431,0.0211,6.3506,19330.6482,NA,NA,NA
Stalker2-Win64-Shipping.exe,17996,0x4DE2B640,DXGI,0,0,1,Hardware Composed: Independent Flip,19429.1133,NA,51.69270000000000,46.73510000000000,0.25910000000000,46.35730000000000,46.3693,19377.7442,51.6282,51.3691,0.2591,47.9969,49.7295,49.6122,0.1173,0.3609,19377.7442,NA,NA,NA
Stalker2-Win64-Shipping.exe,17996,0x4DE2B640,DXGI,0,0,1,Hardware Composed: Independent Flip,19481.5873,NA,52.47400000000000,54.74500000000000,0.23200000000000,45.66710000000000,48.6403,19429.3724,52.4469,52.2149,0.2320,46.0982,51.7838,48.7947,2.9891,-3.1168,19429.3724,NA,NA,NA
Stalker2-Win64-Shipping.exe,17996,0x4DE2B640,DXGI,0,0,1,Hardware Composed: Independent Flip,19534.3843,NA,52.79700000000000,50.02520000000001,0.26620000000000,45.84850000000000,45.8685,19481.8193,52.8312,52.5650,0.2662,45.4351,52.9784,49.4011,3.5773,2.4217,19481.8193,NA,NA,NA
Stalker2-Win64-Shipping.exe,17996,0x4DE2B640,DXGI,0,0,1,Hardware Composed: Independent Flip,19586.8726,NA,52.48830000000000,52.62940000000000,0.27970000000000,45.35980000000000,46.0096,19534.6505,52.5018,52.2221,0.2797,45.5823,51.9996,48.5219,3.4777,0.2018,19534.6505,NA,NA,NA
Stalker2-Win64-Shipping.exe,17996,0x4DE2B640,DXGI,0,0,1,Hardware Composed: Independent Flip,19640.7007,NA,53.82810000000000,54.12840000000000,0.25800000000000,46.27430000000000,46.3099,19587.1523,53.8064,53.5484,0.2580,45.0801,54.7426,50.2376,4.5050,-1.6266,19587.1523,NA,NA,NA
Stalker2-Win64-Shipping.exe,17996,0x4DE2B640,DXGI,0,0,1,Hardware Composed: Independent Flip,19692.9299,NA,52.22920000000001,53.17170000000000,0.28460000000000,45.99700000000000,47.2524,19640.9587,52.2558,51.9712,0.2846,46.0163,51.9519,49.0752,2.8767,0.6347,19640.9587,NA,NA,NA
Stalker2-Win64-Shipping.exe,17996,0x4DE2B640,DXGI,0,0,1,Hardware Composed: Independent Flip,19745.7134,NA,52.78350000000000,51.31590000000000,0.28950000000000,45.76690000000000,45.7848,19693.2145,52.7884,52.4989,0.2895,45.7124,52.5534,48.9664,3.5870,0.9399,19693.2145,NA,NA,NA
Stalker2-Win64-Shipping.exe,17996,0x4DE2B640,DXGI,0,0,1,Hardware Composed: Independent Flip,19798.6317,NA,52.91830000000000,53.86620000000000,0.29080000000000,46.27230000000000,46.7327,19746.0029,52.9196,52.6288,0.2908,45.4774,53.4237,49.3355,4.0882,-1.0778,19746.0029,NA,NA,NA
Stalker2-Win64-Shipping.exe,17996,0x4DE2B640,DXGI,0,0,1,Hardware Composed: Independent Flip,19851.3058,NA,52.67410000000000,51.98710000000001,0.30770000000000,45.84120000000000,46.0457,19798.9225,52.6910,52.3833,0.3077,45.9815,52.2430,49.2298,3.0132,0.9325,19798.9225,NA,NA,NA
Stalker2-Win64-Shipping.exe,17996,0x4DE2B640,DXGI,0,0,1,Hardware Composed: Independent Flip,19904.3443,NA,53.03850000000000,52.54700000000000,0.27060000000000,45.54060000000000,45.5542,19851.6135,53.0014,52.7308,0.2706,45.5335,52.7379,48.7973,3.9406,0.1440,19851.6135,NA,NA,NA
Stalker2-Win64-Shipping.exe,17996,0x4DE2B640,DXGI,0,0,1,Hardware Composed: Independent Flip,19955.4486,NA,51.10430000000000,53.65810000000000,0.28070000000000,47.57030000000000,48.1080,19904.6149,51.1144,50.8337,0.2807,45.2700,53.1340,50.6642,2.4698,-0.6567,19904.6149,NA,NA,NA
Stalker2-Win64-Shipping.exe,17996,0x4DE2B640,DXGI,0,0,1,Hardware Composed: Independent Flip,20007.9249,NA,52.47630000000000,50.18070000000000,0.26250000000000,45.79660000000001,45.8124,19955.7293,52.4581,52.1956,0.2625,47.2896,50.7026,49.0330,1.6696,0.9337,19955.7293,NA,NA,NA
Stalker2-Win64-Shipping.exe,17996,0x4DE2B640,DXGI,0,0,1,Hardware Composed: Independent Flip,20060.6760,NA,52.75110000000000,52.64480000000000,0.26460000000000,45.68140000000000,45.7061,20008.1874,52.7532,52.4886,0.2646,45.5341,52.6359,49.6224,3.0135,-0.1867,20008.1874,NA,NA,NA
Stalker2-Win64-Shipping.exe,17996,0x4DE2B640,DXGI,0,0,1,Hardware Composed: Independent Flip,20113.4762,NA,52.80020000000000,54.27070000000001,0.27820000000000,45.65100000000000,47.1766,20060.9406,52.8138,52.5356,0.2782,45.4168,52.7698,49.1898,3.5800,-1.5175,20060.9406,NA,NA,NA
Stalker2-Win64-Shipping.exe,17996,0x4DE2B640,DXGI,0,0,1,Hardware Composed: Independent Flip,20165.5127,NA,52.03650000000000,50.48040000000000,0.26720000000000,45.60780000000000,45.6205,20113.7544,52.0255,51.7583,0.2672,45.3728,51.9933,48.7379,3.2554,2.3334,20113.7544,NA,NA,NA
Stalker2-Win64-Shipping.exe,17996,0x4DE2B640,DXGI,0,0,1,Hardware Composed: Independent Flip,20219.2621,NA,53.74940000000000,54.69930000000000,0.31960000000000,46.53480000000000,46.5704,20165.7799,53.8018,53.4822,0.3196,45.3406,54.6764,49.7375,4.9389,-2.6738,20165.7799,NA,NA,NA
Stalker2-Win64-Shipping.exe,17996,0x4DE2B640,DXGI,0,0,1,Hardware Composed: Independent Flip,20272.4976,NA,53.23550000000000,54.46710000000000,0.27950000000000,46.18420000000000,47.8020,20219.5817,53.1954,52.9159,0.2795,46.2152,52.8849,49.2892,3.5957,-0.6653,20219.5817,NA,NA,NA
Stalker2-Win64-Shipping.exe,17996,0x4DE2B640,DXGI,0,0,1,Hardware Composed: Independent Flip,20325.2789,NA,52.78130000000000,50.90180000000000,0.26610000000000,45.87080000000000,45.9225,20272.7771,52.7679,52.5018,0.2661,45.9047,52.4679,48.9624,3.5055,2.2936,20272.7771,NA,NA,NA
Stalker2-Win64-Shipping.exe,17996,0x4DE2B640,DXGI,0,0,1,Hardware Composed: Independent Flip,20378.1197,NA,52.84080000000000,53.01120000000000,0.28920000000000,46.07640000000000,46.0929,20325.5450,52.8639,52.5747,0.2892,45.6047,53.0464,49.1053,3.9411,-0.2433,20325.5450,NA,NA,NA
Stalker2-Win64-Shipping.exe,17996,0x4DE2B640,DXGI,0,0,1,Hardware Composed: Independent Flip,20430.2150,NA,52.09530000000000,51.75690000000000,0.25190000000000,45.42280000000000,45.7545,20378.4089,52.0580,51.8061,0.2519,45.7872,51.4417,48.5073,2.9344,1.1070,20378.4089,NA,NA,NA
Stalker2-Win64-Shipping.exe,17996,0x4DE2B640,DXGI,0,0,1,Hardware Composed: Independent Flip,20483.1360,NA,52.92100000000000,52.65450000000001,0.26890000000000,45.46550000000000,45.4880,20430.4669,52.9380,52.6691,0.2689,45.1709,52.9637,48.9884,3.9753,-0.5965,20430.4669,NA,NA,NA
Stalker2-Win64-Shipping.exe,17996,0x4DE2B640,DXGI,0,0,1,Hardware Composed: Independent Flip,20535.8769,NA,52.74090000000000,53.92350000000000,0.26300000000000,45.66210000000000,46.6706,20483.4049,52.7350,52.4720,0.2630,45.1966,52.9375,49.2413,3.6962,-0.9855,20483.4049,NA,NA,NA
Stalker2-Win64-Shipping.exe,17996,0x4DE2B640,DXGI,0,0,1,Hardware Composed: Independent Flip,20589.8690,NA,53.99210000000000,53.55350000000000,0.25490000000000,46.20610000000000,46.2320,20536.1399,53.9840,53.7291,0.2549,45.3991,54.5361,49.6774,4.8587,-0.8185,20536.1399,NA,NA,NA
Stalker2-Win64-Shipping.exe,17996,0x4DE2B640,DXGI,0,0,1,Hardware Composed: Independent Flip,20641.2552,NA,51.38620000000000,51.69820000000000,0.28620000000000,45.88530000000000,46.5440,20590.1239,51.4175,51.1313,0.2862,45.9512,51.0654,48.9643,2.1011,2.2858,20590.1239,NA,NA,NA
Stalker2-Win64-Shipping.exe,17996,0x4DE2B640,DXGI,0,0,1,Hardware Composed: Independent Flip,20693.6171,NA,52.36190000000001,51.94940000000000,0.27110000000000,46.10740000000001,46.1315,20641.5414,52.3468,52.0757,0.2711,45.5991,52.5840,49.1697,3.4143,-0.5319,20641.5414,NA,NA,NA
Stalker2-Win64-Shipping.exe,17996,0x4DE2B640,DXGI,0,0,1,Hardware Composed: Independent Flip,20746.1613,NA,52.54420000000000,53.04880000000000,0.29190000000000,45.52060000000000,46.6361,20693.8882,52.5650,52.2731,0.2919,45.8363,51.9574,48.5784,3.3790,-0.7020,20693.8882,NA,NA,NA
Stalker2-Win64-Shipping.exe,17996,0x4DE2B640,DXGI,0,0,1,Hardware Composed: Independent Flip,20798.6163,NA,52.45500000000001,52.11160000000000,0.27130000000000,46.27380000000000,46.2927,20746.4532,52.4344,52.1631,0.2713,45.2287,53.2082,49.4451,3.7631,0.4534,20746.4532,NA,NA,NA
Stalker2-Win64-Shipping.exe,17996,0x4DE2B640,DXGI,0,0,1,Hardware Composed: Independent Flip,20851.2398,NA,52.62350000000000,52.90690000000000,0.25040000000000,45.88960000000000,46.5761,20798.8876,52.6026,52.3522,0.2504,46.0025,52.2393,48.9445,3.2948,-0.4725,20798.8876,NA,NA,NA
Stalker2-Win64-Shipping.exe,17996,0x4DE2B640,DXGI,0,0,1,Hardware Composed: Independent Flip,20903.8198,NA,52.58000000000001,51.25680000000001,0.25860000000000,45.23590000000000,45.2529,20851.4902,52.5882,52.3296,0.2586,45.6392,51.9263,48.3688,3.5575,1.3458,20851.4902,NA,NA,NA
Stalker2-Win64-Shipping.exe,17996,0x4DE2B640,DXGI,0,0,1,Hardware Composed: Independent Flip,20956.5621,NA,52.74230000000000,52.72350000000000,0.26300000000000,45.19670000000000,45.2341,20904.0784,52.7467,52.4837,0.2630,44.9773,52.7031,48.6314,4.0717,-0.1353,20904.0784,NA,NA,NA
Stalker2-Win64-Shipping.exe,17996,0x4DE2B640,DXGI,0,0,1,Hardware Composed: Independent Flip,21010.5833,NA,54.02120000000000,54.31100000000000,0.27910000000000,45.23990000000000,45.5239,20956.8251,54.0373,53.7582,0.2791,44.9337,54.0644,48.7157,5.3487,-1.5643,20956.8251,NA,NA,NA
Stalker2-Win64-Shipping.exe,17996,0x4DE2B640,DXGI,0,0,1,Hardware Composed: Independent Flip,21062.4317,NA,51.84840000000001,52.52410000000000,0.27150000000000,45.60670000000000,46.1996,21010.8624,51.8408,51.5693,0.2715,44.9608,52.2152,48.9072,3.3080,1.5132,21010.8624,NA,NA,NA
Stalker2-Win64-Shipping.exe,17996,0x4DE2B640,DXGI,0,0,1,Hardware Composed: Independent Flip,21114.7642,NA,52.33250000000000,51.78250000000001,0.27130000000000,45.61950000000000,45.6496,21062.7032,52.3323,52.0610,0.2713,45.3352,52.3453,48.8989,3.4464,0.0583,21062.7032,NA,NA,NA
Stalker2-Win64-Shipping.exe,17996,0x4DE2B640,DXGI,0,0,1,Hardware Composed: Independent Flip,21167.0768,NA,52.31260000000000,52.32950000000000,0.25910000000000,45.31900000000000,45.6665,21115.0355,52.3004,52.0413,0.2591,45.3482,52.0121,48.3875,3.6246,0.0028,21115.0355,NA,NA,NA
Stalker2-Win64-Shipping.exe,17996,0x4DE2B640,DXGI,0,0,1,Hardware Composed: Independent Flip,21218.9387,NA,51.86190000000001,53.87560000000001,0.28270000000000,47.61530000000000,47.6802,21167.3359,51.8855,51.6028,0.2827,45.0599,54.1582,50.6918,3.4664,-1.5752,21167.3359,NA,NA,NA
Stalker2-Win64-Shipping.exe,17996,0x4DE2B640,DXGI,0,0,1,Hardware Composed: Independent Flip,21270.6357,NA,51.69700000000000,50.46970000000000,0.24510000000000,45.36780000000000,46.4529,21219.2214,51.6594,51.4143,0.2451,47.3326,49.4495,49.2355,0.2140,1.4158,21219.2214,NA,NA,NA
Stalker2-Win64-Shipping.exe,17996,0x4DE2B640,DXGI,0,0,1,Hardware Composed: Independent Flip,21322.8546,NA,52.21890000000000,51.73630000000000,0.23980000000000,45.95170000000000,45.9703,21270.8808,52.2136,51.9738,0.2398,45.1227,52.8028,49.6196,3.1832,-0.0769,21270.8808,NA,NA,NA
Stalker2-Win64-Shipping.exe,17996,0x4DE2B640,DXGI,0,0,1,Hardware Composed: Independent Flip,21375.0991,NA,52.24450000000000,54.33970000000000,0.31090000000000,45.90610000000000,48.0655,21323.0944,52.3156,52.0047,0.3109,45.7119,52.1989,49.4569,2.7420,-2.1261,21323.0944,NA,NA,NA
Stalker2-Win64-Shipping.exe,17996,0x4DE2B640,DXGI,0,0,1,Hardware Composed: Independent Flip,21427.6528,NA,52.55370000000000,50.28090000000000,0.28360000000000,45.75650000000000,45.7927,21375.4100,52.5264,52.2428,0.2836,45.5952,52.4041,49.0347,3.3694,2.0347,21375.4100,NA,NA,NA
Stalker2-Win64-Shipping.exe,17996,0x4DE2B640,DXGI,0,0,1,Hardware Composed: Independent Flip,21480.5900,NA,52.93720000000000,53.68680000000001,0.25820000000000,46.21290000000000,46.5423,21427.9364,52.9118,52.6536,0.2582,45.4729,53.3936,49.3789,4.0147,-1.1604,21427.9364,NA,NA,NA
Stalker2-Win64-Shipping.exe,17996,0x4DE2B640,DXGI,0,0,1,Hardware Composed: Independent Flip,21533.3319,NA,52.74190000000000,52.24030000000000,0.26780000000000,45.47550000000000,46.0407,21480.8482,52.7515,52.4837,0.2678,45.9547,52.0045,48.5300,3.4745,0.6715,21480.8482,NA,NA,NA
Stalker2-Win64-Shipping.exe,17996,0x4DE2B640,DXGI,0,0,1,Hardware Composed: Independent Flip,21586.0845,NA,52.75260000000000,52.26250000000000,0.27290000000000,45.51200000000000,45.5506,21533.5997,52.7577,52.4848,0.2729,45.2077,52.7891,48.6205,4.1686,0.4890,21533.5997,NA,NA,NA
Stalker2-Win64-Shipping.exe,17996,0x4DE2B640,DXGI,0,0,1,Hardware Composed: Independent Flip,21638.5187,NA,52.43420000000000,53.71670000000000,0.26760000000000,46.33440000000000,46.8331,21586.3574,52.4289,52.1613,0.2676,45.2391,53.2566,49.3787,3.8779,-0.9590,21586.3574,NA,NA,NA
Stalker2-Win64-Shipping.exe,17996,0x4DE2B640,DXGI,0,0,1,Hardware Composed: Independent Flip,21691.7401,NA,53.22140000000000,51.77220000000001,0.25480000000000,45.25830000000001,45.3839,21638.7863,53.2086,52.9538,0.2548,46.0668,52.1453,48.6224,3.5229,0.6567,21638.7863,NA,NA,NA
Stalker2-Win64-Shipping.exe,17996,0x4DE2B640,DXGI,0,0,1,Hardware Composed: Independent Flip,21744.8184,NA,53.07830000000001,53.42050000000000,0.25470000000000,45.70640000000000,45.7261,21691.9949,53.0782,52.8235,0.2547,45.0035,53.5264,49.0255,4.5009,-0.2119,21691.9949,NA,NA,NA
Stalker2-Win64-Shipping.exe,17996,0x4DE2B640,DXGI,0,0,1,Hardware Composed: Independent Flip,21797.1075,NA,52.28910000000000,52.96660000000000,0.30310000000000,45.44200000000000,46.4036,21745.0731,52.3375,52.0344,0.3031,45.4517,52.0247,48.6497,3.3750,0.1116,21745.0731,NA,NA,NA
Stalker2-Win64-Shipping.exe,17996,0x4DE2B640,DXGI,0,0,1,Hardware Composed: Independent Flip,21850.2739,NA,53.16640000000000,53.57820000000000,0.26140000000000,46.76260000000000,46.8154,21797.4106,53.1247,52.8633,0.2614,45.1389,54.4870,50.7718,3.7152,-1.2407,21797.4106,NA,NA,NA
Stalker2-Win64-Shipping.exe,17996,0x4DE2B640,DXGI,0,0,1,Hardware Composed: Independent Flip,21901.9998,NA,51.72590000000000,52.33320000000001,0.29110000000000,46.13790000000000,47.4227,21850.5353,51.7556,51.4645,0.2911,46.5012,51.1012,49.2091,1.8921,0.7915,21850.5353,NA,NA,NA
Stalker2-Win64-Shipping.exe,17996,0x4DE2B640,DXGI,0,0,1,Hardware Composed: Independent Flip,21954.1486,NA,52.14880000000000,50.92250000000000,0.29170000000000,46.16030000000000,46.1964,21902.2909,52.1494,51.8577,0.2917,45.8468,52.1712,49.5703,2.6009,0.8331,21902.2909,NA,NA,NA
Stalker2-Win64-Shipping.exe,17996,0x4DE2B640,DXGI,0,0,1,Hardware Composed: Independent Flip,22006.6482,NA,52.49960000000000,52.71390000000000,0.25760000000000,45.58650000000000,46.4107,21954.4403,52.4655,52.2079,0.2576,45.8686,51.9258,48.6061,3.3197,-0.5645,21954.4403,NA,NA,NA
Stalker2-Win64-Shipping.exe,17996,0x4DE2B640,DXGI,0,0,1,Hardware Composed: Independent Flip,22058.9126,NA,52.26440000000000,52.04860000000000,0.27520000000000,46.17480000000000,46.1949,22006.9058,52.2820,52.0068,0.2752,45.3289,52.8527,49.2467,3.6060,0.4169,22006.9058,NA,NA,NA
Stalker2-Win64-Shipping.exe,17996,0x4DE2B640,DXGI,0,0,1,Hardware Composed: Independent Flip,22112.2649,NA,53.35230000000000,53.41340000000000,0.27340000000000,45.74370000000000,46.2560,22059.1878,53.3505,53.0771,0.2734,45.8996,52.9212,48.8618,4.0594,-1.1314,22059.1878,NA,NA,NA
Stalker2-Win64-Shipping.exe,17996,0x4DE2B640,DXGI,0,0,1,Hardware Composed: Independent Flip,22165.3872,NA,53.12230000000000,52.16910000000000,0.24410000000000,45.23160000000000,45.3028,22112.5383,53.0930,52.8489,0.2441,45.4703,52.6102,48.8026,3.8076,1.1814,22112.5383,NA,NA,NA
Stalker2-Win64-Shipping.exe,17996,0x4DE2B640,DXGI,0,0,1,Hardware Composed: Independent Flip,22218.6592,NA,53.27200000000001,54.13370000000000,0.28620000000000,46.14460000000000,46.1645,22165.6313,53.3141,53.0279,0.2862,44.9875,54.1850,49.6285,4.5565,-1.0407,22165.6313,NA,NA,NA
Stalker2-Win64-Shipping.exe,17996,0x4DE2B640,DXGI,0,0,1,Hardware Composed: Independent Flip,22271.0435,NA,52.38430000000000,52.71080000000000,0.27170000000000,45.50660000000000,46.4910,22218.9454,52.3698,52.0981,0.2717,45.8584,51.7463,48.5712,3.1751,0.6033,22218.9454,NA,NA,NA
Stalker2-Win64-Shipping.exe,17996,0x4DE2B640,DXGI,0,0,1,Hardware Composed: Independent Flip,22323.5888,NA,52.54530000000000,51.64460000000000,0.27440000000000,45.56850000000000,45.5903,22271.3152,52.5480,52.2736,0.2744,45.2349,52.6072,49.0943,3.5129,0.7252,22271.3152,NA,NA,NA
Stalker2-Win64-Shipping.exe,17996,0x4DE2B640,DXGI,0,0,1,Hardware Composed: Independent Flip,22376.5326,NA,52.94380000000000,53.46460000000000,0.27690000000000,45.54080000000000,46.1111,22323.8632,52.9463,52.6694,0.2769,45.2941,52.9161,48.7280,4.1881,-0.9166,22323.8632,NA,NA,NA
Stalker2-Win64-Shipping.exe,17996,0x4DE2B640,DXGI,0,0,1,Hardware Composed: Independent Flip,22428.4428,NA,51.91020000000000,52.13430000000000,0.30280000000000,46.32180000000000,46.3352,22376.8095,51.9361,51.6333,0.3028,45.2639,52.6912,49.4268,3.2644,0.8120,22376.8095,NA,NA,NA
Stalker2-Win64-Shipping.exe,17996,0x4DE2B640,DXGI,0,0,1,Hardware Composed: Independent Flip,22484.1634,NA,55.72060000000000,56.55400000000000,0.24750000000000,47.14670000000000,47.1686,22428.7456,55.6653,55.4178,0.2475,46.0190,56.5455,50.6263,5.9192,-4.6179,22428.7456,NA,NA,NA
Stalker2-Win64-Shipping.exe,17996,0x4DE2B640,DXGI,0,0,1,Hardware Composed: Independent Flip,22533.8938,NA,49.73040000000000,50.43230000000001,0.28340000000000,46.01090000000000,47.8705,22484.4109,49.7663,49.4829,0.2834,46.8992,48.5946,48.5847,0.0099,5.2330,22484.4109,NA,NA,NA
Stalker2-Win64-Shipping.exe,17996,0x4DE2B640,DXGI,0,0,1,Hardware Composed: Independent Flip,22586.1169,NA,52.22310000000000,50.07930000000000,0.26680000000000,45.70620000000000,45.7267,22534.1772,52.2065,51.9397,0.2668,45.7275,51.9184,49.2948,2.6236,-0.3130,22534.1772,NA,NA,NA
Stalker2-Win64-Shipping.exe,17996,0x4DE2B640,DXGI,0,0,1,Hardware Composed: Independent Flip,22638.5804,NA,52.46350000000000,55.00130000000000,0.27480000000000,45.79040000000001,48.2645,22586.3837,52.4715,52.1967,0.2748,45.4394,52.5477,49.0065,3.5412,-2.7948,22586.3837,NA,NA,NA
Stalker2-Win64-Shipping.exe,17996,0x4DE2B640,DXGI,0,0,1,Hardware Composed: Independent Flip,22691.9447,NA,53.36430000000000,50.80460000000000,0.27670000000000,45.65520000000000,45.7048,22638.8552,53.3662,53.0895,0.2767,45.5156,53.2291,48.9949,4.2342,1.6669,22638.8552,NA,NA,NA
Stalker2-Win64-Shipping.exe,17996,0x4DE2B640,DXGI,0,0,1,Hardware Composed: Independent Flip,22744.7903,NA,52.84560000000000,52.91820000000001,0.30870000000000,45.52980000000000,45.7774,22692.2214,52.8776,52.5689,0.3087,45.3785,52.7202,48.7776,3.9426,0.4480,22692.2214,NA,NA,NA
Stalker2-Win64-Shipping.exe,17996,0x4DE2B640,DXGI,0,0,1,Hardware Composed: Independent Flip,22799.3883,NA,54.59800000000001,54.56450000000000,0.29180000000000,45.70760000000000,45.7439,22745.0990,54.5811,54.2893,0.2918,45.2211,54.7758,48.9797,5.7961,-1.6869,22745.0990,NA,NA,NA
Stalker2-Win64-Shipping.exe,17996,0x4DE2B640,DXGI,0,0,1,Hardware Composed: Independent Flip,22851.2154,NA,51.82710000000000,52.77970000000001,0.29150000000000,45.81900000000000,46.6965,22799.6801,51.8268,51.5353,0.2915,45.4158,51.9385,48.8846,3.0539,1.8014,22799.6801,NA,NA,NA
Stalker2-Win64-Shipping.exe,17996,0x4DE2B640,DXGI,0,0,1,Hardware Composed: Independent Flip,22904.3366,NA,53.12120000000000,51.56680000000000,0.24250000000000,45.10490000000000,45.1421,22851.5069,53.0722,52.8297,0.2425,45.5275,52.4071,48.3433,4.0638,0.2600,22851.5069,NA,NA,NA
Stalker2-Win64-Shipping.exe,17996,0x4DE2B640,DXGI,0,0,1,Hardware Composed: Independent Flip,22956.7054,NA,52.36880000000000,53.27810000000000,0.27140000000000,45.60480000000000,46.0514,22904.5791,52.3977,52.1263,0.2714,44.8624,52.8687,48.7315,4.1372,-0.2059,22904.5791,NA,NA,NA
Stalker2-Win64-Shipping.exe,17996,0x4DE2B640,DXGI,0,0,1,Hardware Composed: Independent Flip,23010.8165,NA,54.11110000000000,53.63900000000000,0.25420000000000,45.55240000000000,45.5793,22956.9768,54.0939,53.8397,0.2542,45.3334,54.0587,48.9138,5.1449,-1.2413,22956.9768,NA,NA,NA
Stalker2-Win64-Shipping.exe,17996,0x4DE2B640,DXGI,0,0,1,Hardware Composed: Independent Flip,23063.0175,NA,52.20100000000000,53.12090000000001,0.29040000000000,46.03590000000001,46.4992,23011.0707,52.2372,51.9468,0.2904,45.2982,52.6845,49.2967,3.3878,0.9730,23011.0707,NA,NA,NA
Stalker2-Win64-Shipping.exe,17996,0x4DE2B640,DXGI,0,0,1,Hardware Composed: Independent Flip,23115.8358,NA,52.81830000000000,53.48900000000000,0.27570000000000,47.15200000000000,47.1699,23063.3079,52.8036,52.5279,0.2757,45.7455,53.9344,50.3158,3.6186,-1.2518,23063.3079,NA,NA,NA
Stalker2-Win64-Shipping.exe,17996,0x4DE2B640,DXGI,0,0,1,Hardware Composed: Independent Flip,23169.4964,NA,53.66060000000000,52.66860000000000,0.23920000000000,45.52880000000000,46.1779,23116.1115,53.6241,53.3849,0.2392,46.8763,52.0374,48.7161,3.3213,0.1350,23116.1115,NA,NA,NA
Stalker2-Win64-Shipping.exe,17996,0x4DE2B640,DXGI,0,0,1,Hardware Composed: Independent Flip,23221.9809,NA,52.48450000000000,52.31490000000000,0.27890000000000,45.98710000000001,46.0083,23169.7356,52.5242,52.2453,0.2789,45.2896,52.9428,49.2046,3.7382,1.3092,23169.7356,NA,NA,NA
Stalker2-Win64-Shipping.exe,17996,0x4DE2B640,DXGI,0,0,1,Hardware Composed: Independent Flip,23274.6159,NA,52.63500000000001,52.81250000000000,0.25050000000000,45.53930000000000,46.1858,23222.2598,52.6066,52.3561,0.2505,45.7082,52.1872,49.1444,3.0428,-0.2883,23222.2598,NA,NA,NA
Stalker2-Win64-Shipping.exe,17996,0x4DE2B640,DXGI,0,0,1,Hardware Composed: Independent Flip,23327.7653,NA,53.14940000000000,52.54360000000000,0.29190000000000,45.56100000000000,45.5800,23274.8664,53.1908,52.8989,0.2919,45.2888,53.1711,48.9547,4.2164,0.0630,23274.8664,NA,NA,NA
Stalker2-Win64-Shipping.exe,17996,0x4DE2B640,DXGI,0,0,1,Hardware Composed: Independent Flip,23380.4533,NA,52.68800000000000,53.21740000000000,0.26630000000000,45.49270000000000,46.1094,23328.0572,52.6624,52.3961,0.2663,45.2691,52.6197,48.6854,3.9343,-0.0266,23328.0572,NA,NA,NA
Stalker2-Win64-Shipping.exe,17996,0x4DE2B640,DXGI,0,0,1,Hardware Composed: Independent Flip,23434.0822,NA,53.62890000000000,53.16100000000000,0.26130000000000,45.62870000000000,45.6415,23380.7196,53.6239,53.3626,0.2613,45.2264,53.7649,48.9067,4.8582,-0.4986,23380.7196,NA,NA,NA
Stalker2-Win64-Shipping.exe,17996,0x4DE2B640,DXGI,0,0,1,Hardware Composed: Independent Flip,23487.8518,NA,53.76960000000000,54.45430000000000,0.32880000000000,45.79210000000000,46.3262,23434.3435,53.8371,53.5083,0.3288,45.3674,53.9330,48.9722,4.9608,-0.8304,23434.3435,NA,NA,NA
Stalker2-Win64-Shipping.exe,17996,0x4DE2B640,DXGI,0,0,1,Hardware Composed: Independent Flip,23539.8059,NA,51.95410000000000,52.03550000000000,0.24480000000000,46.23590000000000,46.4076,23488.1806,51.8701,51.6253,0.2448,45.4633,52.3979,49.3516,3.0463,1.8016,23488.1806,NA,NA,NA
Stalker2-Win64-Shipping.exe,17996,0x4DE2B640,DXGI,0,0,1,Hardware Composed: Independent Flip,23592.6313,NA,52.82540000000000,51.92740000000001,0.25740000000000,45.49670000000000,45.5096,23540.0507,52.8380,52.5806,0.2574,45.9911,52.0862,48.8709,3.2153,-0.0573,23540.0507,NA,NA,NA
Stalker2-Win64-Shipping.exe,17996,0x4DE2B640,DXGI,0,0,1,Hardware Composed: Independent Flip,23645.3389,NA,52.70760000000000,52.50340000000000,0.35290000000000,45.04570000000000,45.3054,23592.8887,52.8031,52.4502,0.3529,45.2393,52.2566,48.5906,3.6660,0.3346,23592.8887,NA,NA,NA
Stalker2-Win64-Shipping.exe,17996,0x4DE2B640,DXGI,0,0,1,Hardware Composed: Independent Flip,23699.8316,NA,54.49270000000000,55.42150000000000,0.27430000000000,46.21370000000000,46.2342,23645.6918,54.4141,54.1398,0.2743,44.6928,55.6607,49.7225,5.9382,-2.6184,23645.6918,NA,NA,NA
Stalker2-Win64-Shipping.exe,17996,0x4DE2B640,DXGI,0,0,1,Hardware Composed: Independent Flip,23752.4779,NA,52.64630000000000,55.16330000000000,0.28230000000000,47.00270000000000,48.7512,23700.1059,52.6543,52.3720,0.2823,45.9394,53.4353,50.1665,3.2688,-0.7492,23700.1059,NA,NA,NA
Stalker2-Win64-Shipping.exe,17996,0x4DE2B640,DXGI,0,0,1,Hardware Composed: Independent Flip,23805.2469,NA,52.76900000000001,50.02060000000000,0.25180000000000,45.98900000000000,46.0028,23752.7602,52.7385,52.4867,0.2518,46.7204,51.7553,49.1533,2.6020,2.6337,23752.7602,NA,NA,NA
Stalker2-Win64-Shipping.exe,17996,0x4DE2B640,DXGI,0,0,1,Hardware Composed: Independent Flip,23857.5049,NA,52.25800000000000,52.66080000000000,0.28540000000000,46.36900000000000,46.4056,23805.4987,52.2916,52.0062,0.2854,45.7372,52.6380,49.5697,3.0683,0.0777,23805.4987,NA,NA,NA
Stalker2-Win64-Shipping.exe,17996,0x4DE2B640,DXGI,0,0,1,Hardware Composed: Independent Flip,23910.5274,NA,53.02250000000000,52.93920000000000,0.24460000000000,45.62950000000000,46.3223,23857.7903,52.9817,52.7371,0.2446,46.0836,52.2830,48.8309,3.4521,-0.6476,23857.7903,NA,NA,NA
Stalker2-Win64-Shipping.exe,17996,0x4DE2B640,DXGI,0,0,1,Hardware Composed: Independent Flip,23963.0197,NA,52.49230000000000,51.37480000000000,0.26610000000000,45.18940000000000,45.2048,23910.7720,52.5138,52.2477,0.2661,45.3849,52.0522,49.0036,3.0486,1.6069,23910.7720,NA,NA,NA
Stalker2-Win64-Shipping.exe,17996,0x4DE2B640,DXGI,0,0,1,Hardware Composed: Independent Flip,24016.7333,NA,53.71360000000000,53.22730000000000,0.29330000000000,44.65200000000000,44.7185,23963.2858,53.7408,53.4475,0.2933,44.9233,53.1762,48.3707,4.8055,-0.7135,23963.2858,NA,NA,NA
Stalker2-Win64-Shipping.exe,17996,0x4DE2B640,DXGI,0,0,1,Hardware Composed: Independent Flip,24069.4559,NA,52.72260000000000,53.90510000000000,0.24690000000000,45.55900000000000,45.9010,24017.0266,52.6762,52.4293,0.2469,44.3587,53.6296,49.1057,4.5239,-0.1643,24017.0266,NA,NA,NA
Stalker2-Win64-Shipping.exe,17996,0x4DE2B640,DXGI,0,0,1,Hardware Composed: Independent Flip,24122.6929,NA,53.23700000000000,53.64530000000001,0.28880000000000,46.07710000000000,46.3093,24069.7028,53.2789,52.9901,0.2888,45.3121,53.7551,49.4738,4.2813,-0.9691,24069.7028,NA,NA,NA
Stalker2-Win64-Shipping.exe,17996,0x4DE2B640,DXGI,0,0,1,Hardware Composed: Independent Flip,24177.2660,NA,54.57310000000000,54.16070000000001,0.33520000000000,45.71370000000000,45.8969,24122.9817,54.6195,54.2843,0.3352,45.7883,54.2097,49.3845,4.8252,-0.8818,24122.9817,NA,NA,NA
Stalker2-Win64-Shipping.exe,17996,0x4DE2B640,DXGI,0,0,1,Hardware Composed: Independent Flip,24229.2211,NA,51.95510000000000,52.19230000000000,0.26830000000000,45.83280000000000,46.1341,24177.6012,51.8882,51.6199,0.2683,45.3785,52.0742,48.9601,3.1141,2.4272,24177.6012,NA,NA,NA
Stalker2-Win64-Shipping.exe,17996,0x4DE2B640,DXGI,0,0,1,Hardware Composed: Independent Flip,24283.2594,NA,54.03830000000000,53.56190000000000,0.31090000000000,45.62180000000000,45.6577,24229.4894,54.0809,53.7700,0.3109,45.5645,53.8273,49.0167,4.8106,-1.6737,24229.4894,NA,NA,NA
Stalker2-Win64-Shipping.exe,17996,0x4DE2B640,DXGI,0,0,1,Hardware Composed: Independent Flip,24335.0712,NA,51.81180000000001,52.53150000000000,0.26230000000000,45.24420000000000,46.3774,24283.5703,51.7632,51.5009,0.2623,45.3109,51.4342,49.0541,2.3801,1.5494,24283.5703,NA,NA,NA
Stalker2-Win64-Shipping.exe,17996,0x4DE2B640,DXGI,0,0,1,Hardware Composed: Independent Flip,24387.4530,NA,52.38180000000001,53.14480000000000,0.27550000000000,47.11340000000001,47.1404,24335.3335,52.3950,52.1195,0.2755,44.9819,54.2510,50.6849,3.5661,-1.3816,24335.3335,NA,NA,NA
Stalker2-Win64-Shipping.exe,17996,0x4DE2B640,DXGI,0,0,1,Hardware Composed: Independent Flip,24440.6648,NA,53.21180000000000,53.39130000000000,0.29370000000000,45.69010000000000,47.3199,24387.7285,53.2300,52.9363,0.2937,46.8379,51.7885,49.0075,2.7810,-0.9963,24387.7285,NA,NA,NA
Stalker2-Win64-Shipping.exe,17996,0x4DE2B640,DXGI,0,0,1,Hardware Composed: Independent Flip,24494.1485,NA,53.48370000000001,51.67490000000000,0.29910000000000,45.49090000000000,45.5111,24440.9585,53.4891,53.1900,0.2991,45.3964,53.2845,48.5834,4.7011,1.5551,24440.9585,NA,NA,NA
Stalker2-Win64-Shipping.exe,17996,0x4DE2B640,DXGI,0,0,1,Hardware Composed: Independent Flip,24545.9656,NA,51.81710000000000,52.40250000000000,0.27600000000000,45.13410000000000,46.0965,24494.4476,51.7940,51.5180,0.2760,45.1918,51.4603,48.2032,3.2571,1.0866,24494.4476,NA,NA,NA
Stalker2-Win64-Shipping.exe,17996,0x4DE2B640,DXGI,0,0,1,Hardware Composed: Independent Flip,24599.2629,NA,53.29730000000000,53.30680000000000,0.26720000000000,46.06760000000000,46.1060,24546.2416,53.2885,53.0213,0.2672,44.8581,54.2308,49.3986,4.8322,-1.5128,24546.2416,NA,NA,NA
Stalker2-Win64-Shipping.exe,17996,0x4DE2B640,DXGI,0,0,1,Hardware Composed: Independent Flip,24652.4656,NA,53.20270000000000,54.54210000000000,0.28170000000000,45.97810000000000,47.4454,24599.5301,53.2172,52.9355,0.2817,45.8004,53.1132,49.0979,4.0153,-1.2536,24599.5301,NA,NA,NA
Stalker2-Win64-Shipping.exe,17996,0x4DE2B640,DXGI,0,0,1,Hardware Composed: Independent Flip,24705.3177,NA,52.85210000000000,50.88310000000000,0.27330000000000,45.46130000000000,45.4764,24652.7473,52.8437,52.5704,0.2733,45.6964,52.3353,48.4918,3.8435,2.3341,24652.7473,NA,NA,NA
Stalker2-Win64-Shipping.exe,17996,0x4DE2B640,DXGI,0,0,1,Hardware Composed: Independent Flip,24758.2429,NA,52.92520000000000,53.04290000000000,0.26340000000000,45.57210000000000,45.5941,24705.5910,52.9153,52.6519,0.2634,45.1880,53.0360,48.9109,4.1251,-0.1992,24705.5910,NA,NA,NA
Stalker2-Win64-Shipping.exe,17996,0x4DE2B640,DXGI,0,0,1,Hardware Composed: Independent Flip,24811.3241,NA,53.08120000000000,53.51590000000000,0.27230000000000,45.53660000000000,46.0288,24758.5063,53.0901,52.8178,0.2723,45.3087,53.0457,49.0939,3.9518,-0.6006,24758.5063,NA,NA,NA
Stalker2-Win64-Shipping.exe,17996,0x4DE2B640,DXGI,0,0,1,Hardware Composed: Independent Flip,24864.0694,NA,52.74530000000000,52.29720000000000,0.28190000000000,45.56820000000000,45.5807,24811.5964,52.7549,52.4730,0.2819,45.2643,52.7769,49.0475,3.7294,0.7929,24811.5964,NA,NA,NA
Stalker2-Win64-Shipping.exe,17996,0x4DE2B640,DXGI,0,0,1,Hardware Composed: Independent Flip,24917.3927,NA,53.32330000000000,54.00130000000000,0.28610000000000,46.23950000000000,46.2587,24864.3513,53.3275,53.0414,0.2861,45.2863,53.9946,49.4949,4.4997,-1.2464,24864.3513,NA,NA,NA
Stalker2-Win64-Shipping.exe,17996,0x4DE2B640,DXGI,0,0,1,Hardware Composed: Independent Flip,24970.0830,NA,52.69030000000000,53.13780000000001,0.25570000000000,46.05000000000000,46.7062,24917.6788,52.6599,52.4042,0.2557,45.9534,52.5008,49.3468,3.1540,0.1897,24917.6788,NA,NA,NA
Stalker2-Win64-Shipping.exe,17996,0x4DE2B640,DXGI,0,0,1,Hardware Composed: Independent Flip,25023.2274,NA,53.14440000000000,53.40660000000000,0.25070000000000,46.93900000000000,46.9684,24970.3387,53.1394,52.8887,0.2507,45.7943,54.0334,49.9805,4.0529,-0.7467,24970.3387,NA,NA,NA
Stalker2-Win64-Shipping.exe,17996,0x4DE2B640,DXGI,0,0,1,Hardware Composed: Independent Flip,25075.6754,NA,52.44800000000000,52.03480000000000,0.30310000000000,45.68170000000000,46.5552,25023.4781,52.5004,52.1973,0.3031,46.6883,51.1907,48.7619,2.4288,1.1046,25023.4781,NA,NA,NA
Stalker2-Win64-Shipping.exe,17996,0x4DE2B640,DXGI,0,0,1,Hardware Composed: Independent Flip,25129.5643,NA,53.88890000000000,52.95580000000000,0.28420000000000,45.60520000000000,45.6221,25075.9785,53.8700,53.5858,0.2842,45.3786,53.8124,48.9773,4.8351,-0.4554,25075.9785,NA,NA,NA
Stalker2-Win64-Shipping.exe,17996,0x4DE2B640,DXGI,0,0,1,Hardware Composed: Independent Flip,25180.7807,NA,51.21640000000000,52.86470000000000,0.24920000000000,45.69410000000000,47.2704,25129.8485,51.1814,50.9322,0.2492,45.3210,51.3053,49.1551,2.1502,1.0053,25129.8485,NA,NA,NA
Stalker2-Win64-Shipping.exe,17996,0x4DE2B640,DXGI,0,0,1,Hardware Composed: Independent Flip,25235.0668,NA,54.28610000000000,53.30450000000000,0.25800000000000,46.25470000000000,46.2888,25181.0299,54.2949,54.0369,0.2580,45.4449,54.8467,49.5576,5.2891,-2.1231,25181.0299,NA,NA,NA
Stalker2-Win64-Shipping.exe,17996,0x4DE2B640,DXGI,0,0,1,Hardware Composed: Independent Flip,25287.5319,NA,52.46510000000000,53.42280000000000,0.28580000000000,45.32490000000000,47.2465,25235.3248,52.4929,52.2071,0.2858,45.9967,51.5353,48.4213,3.1140,0.8721,25235.3248,NA,NA,NA
Stalker2-Win64-Shipping.exe,17996,0x4DE2B640,DXGI,0,0,1,Hardware Composed: Independent Flip,25340.6122,NA,53.08030000000000,51.92620000000000,0.26500000000000,46.07660000000000,46.0924,25287.8177,53.0595,52.7945,0.2650,45.0391,53.8320,49.5883,4.2437,0.5667,25287.8177,NA,NA,NA
Stalker2-Win64-Shipping.exe,17996,0x4DE2B640,DXGI,0,0,1,Hardware Composed: Independent Flip,25393.9132,NA,53.30100000000000,54.30150000000000,0.30520000000000,45.76400000000000,47.0929,25340.8772,53.3412,53.0360,0.3052,45.8116,52.9884,48.9349,4.0535,-1.2420,25340.8772,NA,NA,NA
Stalker2-Win64-Shipping.exe,17996,0x4DE2B640,DXGI,0,0,1,Hardware Composed: Independent Flip,25446.4127,NA,52.49950000000000,51.32650000000000,0.33370000000000,45.89950000000000,45.9199,25394.2184,52.5280,52.1943,0.3337,45.4588,52.6350,49.0452,3.5898,2.0147,25394.2184,NA,NA,NA
Stalker2-Win64-Shipping.exe,17996,0x4DE2B640,DXGI,0,0,1,Hardware Composed: Independent Flip,25499.7271,NA,53.31440000000000,53.05160000000000,0.27090000000000,45.64100000000001,45.6571,25446.7464,53.2516,52.9807,0.2709,45.5658,53.0559,48.6989,4.3570,-0.5236,25446.7464,NA,NA,NA
Stalker2-Win64-Shipping.exe,17996,0x4DE2B640,DXGI,0,0,1,Hardware Composed: Independent Flip,25553.2446,NA,53.51750000000001,53.08460000000000,0.25540000000000,44.95860000000000,45.2242,25499.9980,53.5020,53.2466,0.2554,45.3701,52.8351,48.6032,4.2319,0.1670,25499.9980,NA,NA,NA
Stalker2-Win64-Shipping.exe,17996,0x4DE2B640,DXGI,0,0,1,Hardware Composed: Independent Flip,25605.4938,NA,52.24920000000000,52.15210000000000,0.26690000000000,45.11390000000000,45.1271,25553.5000,52.2607,51.9938,0.2669,44.7032,52.4045,48.8261,3.5784,1.3499,25553.5000,NA,NA,NA
Stalker2-Win64-Shipping.exe,17996,0x4DE2B640,DXGI,0,0,1,Hardware Composed: Independent Flip,25659.1725,NA,53.67870000000000,55.44350000000000,0.32490000000000,46.85510000000000,46.8919,25605.7607,53.7367,53.4118,0.3249,44.8470,55.4199,50.2402,5.1797,-3.1828,25605.7607,NA,NA,NA
Stalker2-Win64-Shipping.exe,17996,0x4DE2B640,DXGI,0,0,1,Hardware Composed: Independent Flip,25713.3813,NA,54.20880000000000,54.57180000000000,0.33360000000000,45.85440000000001,47.2549,25659.4974,54.2175,53.8839,0.3336,46.5302,53.2081,49.0210,4.1871,-0.8351,25659.4974,NA,NA,NA
Stalker2-Win64-Shipping.exe,17996,0x4DE2B640,DXGI,0,0,1,Hardware Composed: Independent Flip,25764.8229,NA,51.44160000000000,49.51850000000000,0.28530000000000,45.29200000000000,45.3318,25713.7149,51.3933,51.1080,0.2853,45.5208,50.8792,48.4155,2.4637,4.6990,25713.7149,NA,NA,NA
Stalker2-Win64-Shipping.exe,17996,0x4DE2B640,DXGI,0,0,1,Hardware Composed: Independent Flip,25817.4992,NA,52.67630000000000,53.86300000000000,0.29540000000000,46.47680000000000,46.5185,25765.1082,52.6864,52.3910,0.2954,45.0067,53.8611,49.5967,4.2644,-2.4697,25765.1082,NA,NA,NA
Stalker2-Win64-Shipping.exe,17996,0x4DE2B640,DXGI,0,0,1,Hardware Composed: Independent Flip,25870.1151,NA,52.61590000000000,53.37340000000000,0.24010000000000,45.62770000000000,47.2760,25817.7946,52.5606,52.3205,0.2401,46.1814,51.7668,48.7312,3.0356,-0.6870,25817.7946,NA,NA,NA
Stalker2-Win64-Shipping.exe,17996,0x4DE2B640,DXGI,0,0,1,Hardware Composed: Independent Flip,25923.2214,NA,53.10630000000000,50.79450000000000,0.28290000000000,44.95120000000000,44.9642,25870.3552,53.1491,52.8662,0.2829,45.3876,52.4298,48.7302,3.6996,1.7661,25870.3552,NA,NA,NA
Stalker2-Win64-Shipping.exe,17996,0x4DE2B640,DXGI,0,0,1,Hardware Composed: Independent Flip,25976.6300,NA,53.40860000000000,54.03830000000000,0.25970000000000,45.14430000000000,45.5939,25923.5043,53.3854,53.1257,0.2597,44.6683,53.6017,48.7259,4.8758,-0.8892,25923.5043,NA,NA,NA
Stalker2-Win64-Shipping.exe,17996,0x4DE2B640,DXGI,0,0,1,Hardware Composed: Independent Flip,26029.8287,NA,53.19870000000000,53.25950000000000,0.26410000000000,45.38850000000000,45.6547,25976.8897,53.2031,52.9390,0.2641,44.8846,53.4429,48.6494,4.7935,0.1259,25976.8897,NA,NA,NA
Stalker2-Win64-Shipping.exe,17996,0x4DE2B640,DXGI,0,0,1,Hardware Composed: Independent Flip,26082.6563,NA,52.82760000000000,52.54160000000000,0.28230000000000,45.32840000000000,45.3687,26030.0928,52.8458,52.5635,0.2823,45.1244,52.7675,48.7192,4.0483,0.6615,26030.0928,NA,NA,NA
Stalker2-Win64-Shipping.exe,17996,0x4DE2B640,DXGI,0,0,1,Hardware Composed: Independent Flip,26135.6531,NA,52.99680000000000,53.33860000000000,0.35710000000000,45.67500000000000,45.7105,26082.9386,53.0716,52.7145,0.3571,45.0461,53.3434,48.7762,4.5672,-0.4928,26082.9386,NA,NA,NA
Stalker2-Win64-Shipping.exe,17996,0x4DE2B640,DXGI,0,0,1,Hardware Composed: Independent Flip,26188.5613,NA,52.90820000000000,53.44580000000001,0.27970000000000,45.87920000000000,46.2481,26136.0102,52.8308,52.5511,0.2797,45.3179,53.1124,48.9687,4.1437,-0.3742,26136.0102,NA,NA,NA
Stalker2-Win64-Shipping.exe,17996,0x4DE2B640,DXGI,0,0,1,Hardware Composed: Independent Flip,26241.2589,NA,52.69760000000000,52.63550000000000,0.26530000000000,46.14870000000001,46.1860,26188.8410,52.6832,52.4179,0.2653,45.5995,52.9671,49.4325,3.5346,0.1953,26188.8410,NA,NA,NA
Stalker2-Win64-Shipping.exe,17996,0x4DE2B640,DXGI,0,0,1,Hardware Composed: Independent Flip,26293.4441,NA,52.18520000000000,52.45660000000000,0.26200000000000,46.44190000000000,46.4574,26241.5242,52.1819,51.9199,0.2620,45.8834,52.4784,49.4135,3.0649,0.2266,26241.5242,NA,NA,NA
Stalker2-Win64-Shipping.exe,17996,0x4DE2B640,DXGI,0,0,1,Hardware Composed: Independent Flip,26345.7000,NA,52.25590000000000,51.70610000000000,0.27000000000000,45.88700000000000,45.9076,26293.7061,52.2639,51.9939,0.2700,46.1799,51.7010,49.2314,2.4696,0.4758,26293.7061,NA,NA,NA
Stalker2-Win64-Shipping.exe,17996,0x4DE2B640,DXGI,0,0,1,Hardware Composed: Independent Flip,26398.1417,NA,52.44170000000000,52.17990000000000,0.33730000000000,45.61660000000001,45.6458,26345.9700,52.5090,52.1717,0.3373,45.6170,52.1713,49.1257,3.0456,0.0840,26345.9700,NA,NA,NA
Stalker2-Win64-Shipping.exe,17996,0x4DE2B640,DXGI,0,0,1,Hardware Composed: Independent Flip,26450.8813,NA,52.73960000000000,53.24020000000000,0.26610000000000,45.80450000000000,46.1464,26398.4790,52.6684,52.4023,0.2661,45.2793,52.9275,49.3974,3.5301,-0.7312,26398.4790,NA,NA,NA
Stalker2-Win64-Shipping.exe,17996,0x4DE2B640,DXGI,0,0,1,Hardware Composed: Independent Flip,26504.8459,NA,53.96460000000000,53.84270000000000,0.27480000000000,45.77740000000000,46.0245,26451.1474,53.9733,53.6985,0.2748,45.5384,53.9375,48.9593,4.9782,-1.1743,26451.1474,NA,NA,NA
Stalker2-Win64-Shipping.exe,17996,0x4DE2B640,DXGI,0,0,1,Hardware Composed: Independent Flip,26557.8568,NA,53.01090000000000,53.41180000000000,0.26840000000000,45.99940000000000,46.4254,26505.1207,53.0045,52.7361,0.2684,45.5026,53.2329,49.0723,4.1606,0.5615,26505.1207,NA,NA,NA
Stalker2-Win64-Shipping.exe,17996,0x4DE2B640,DXGI,0,0,1,Hardware Composed: Independent Flip,26609.6395,NA,51.78270000000001,51.61110000000000,0.28650000000000,46.23150000000000,46.2538,26558.1252,51.8008,51.5143,0.2865,45.7310,52.0148,49.4135,2.6013,1.3934,26558.1252,NA,NA,NA
Stalker2-Win64-Shipping.exe,17996,0x4DE2B640,DXGI,0,0,1,Hardware Composed: Independent Flip,26662.3155,NA,52.67600000000000,52.25810000000001,0.36190000000000,45.79780000000000,45.8359,26609.9260,52.7514,52.3895,0.3619,45.9450,52.2423,48.8605,3.3818,-0.4573,26609.9260,NA,NA,NA
Stalker2-Win64-Shipping.exe,17996,0x4DE2B640,DXGI,0,0,1,Hardware Composed: Independent Flip,26715.4023,NA,53.08680000000000,52.57390000000000,0.23720000000000,44.98550000000000,45.3230,26662.6774,52.9621,52.7249,0.2372,45.4359,52.2745,48.1833,4.0912,0.1775,26662.6774,NA,NA,NA
Stalker2-Win64-Shipping.exe,17996,0x4DE2B640,DXGI,0,0,1,Hardware Composed: Independent Flip,26769.5369,NA,54.13460000000001,54.23770000000000,0.29070000000000,45.39730000000000,45.4261,26715.6395,54.1881,53.8974,0.2907,44.7483,54.5464,48.9608,5.5856,-1.2756,26715.6395,NA,NA,NA
Stalker2-Win64-Shipping.exe,17996,0x4DE2B640,DXGI,0,0,1,Hardware Composed: Independent Flip,26821.6951,NA,52.15820000000000,53.80420000000000,0.27950000000000,45.93690000000000,47.0721,26769.8276,52.1470,51.8675,0.2795,45.1066,52.6978,49.5724,3.1254,0.3839,26769.8276,NA,NA,NA
Stalker2-Win64-Shipping.exe,17996,0x4DE2B640,DXGI,0,0,1,Hardware Composed: Independent Flip,26874.3277,NA,52.63260000000000,51.24760000000001,0.27500000000000,45.66030000000000,45.6871,26821.9746,52.6281,52.3531,0.2750,45.6574,52.3560,48.8892,3.4668,0.8994,26821.9746,NA,NA,NA
Stalker2-Win64-Shipping.exe,17996,0x4DE2B640,DXGI,0,0,1,Hardware Composed: Independent Flip,26927.9418,NA,53.61410000000000,55.11510000000001,0.26100000000000,47.17400000000000,47.1881,26874.6027,53.6001,53.3391,0.2610,45.3853,55.1278,50.4603,4.6675,-2.4870,26874.6027,NA,NA,NA
Stalker2-Win64-Shipping.exe,17996,0x4DE2B640,DXGI,0,0,1,Hardware Composed: Independent Flip,26980.9783,NA,53.03650000000000,53.06900000000000,0.24480000000000,46.03420000000001,47.2206,26928.2028,53.0203,52.7755,0.2448,46.9130,51.8967,49.1704,2.7263,0.5311,26928.2028,NA,NA,NA
Stalker2-Win64-Shipping.exe,17996,0x4DE2B640,DXGI,0,0,1,Hardware Composed: Independent Flip,27034.3801,NA,53.40180000000000,52.56300000000000,0.28360000000000,46.37280000000001,46.3818,26981.2231,53.4406,53.1570,0.2836,45.7894,53.7404,49.5759,4.1645,0.4573,26981.2231,NA,NA,NA
Stalker2-Win64-Shipping.exe,17996,0x4DE2B640,DXGI,0,0,1,Hardware Composed: Independent Flip,27087.0615,NA,52.68140000000000,52.60670000000000,0.25950000000000,45.16950000000000,46.3071,27034.6637,52.6573,52.3978,0.2595,46.0892,51.4781,48.5434,2.9347,0.8339,27034.6637,NA,NA,NA
Stalker2-Win64-Shipping.exe,17996,0x4DE2B640,DXGI,0,0,1,Hardware Composed: Independent Flip,27138.9920,NA,51.93050000000000,51.12930000000000,0.27280000000000,45.49280000000000,45.5059,27087.3210,51.9438,51.6710,0.2728,44.9100,52.2538,49.1987,3.0551,1.5280,27087.3210,NA,NA,NA
Stalker2-Win64-Shipping.exe,17996,0x4DE2B640,DXGI,0,0,1,Hardware Composed: Independent Flip,27193.5564,NA,54.56440000000000,53.76280000000001,0.28060000000000,43.98880000000000,44.7043,27139.2648,54.5722,54.2916,0.2806,45.2200,53.0604,48.1700,4.8904,-1.8190,27139.2648,NA,NA,NA
Stalker2-Win64-Shipping.exe,17996,0x4DE2B640,DXGI,0,0,1,Hardware Composed: Independent Flip,27245.6748,NA,52.11840000000000,52.88670000000000,0.28050000000000,45.45810000000000,45.4726,27193.8370,52.1183,51.8378,0.2805,43.7082,53.5877,49.0645,4.5232,1.6855,27193.8370,NA,NA,NA
Stalker2-Win64-Shipping.exe,17996,0x4DE2B640,DXGI,0,0,1,Hardware Composed: Independent Flip,27299.0390,NA,53.36420000000000,53.76740000000000,0.28670000000000,45.73490000000000,45.8758,27245.9553,53.3704,53.0837,0.2867,45.1776,53.6410,49.3753,4.2657,-1.6491,27245.9553,NA,NA,NA
Stalker2-Win64-Shipping.exe,17996,0x4DE2B640,DXGI,0,0,1,Hardware Composed: Independent Flip,27351.8908,NA,52.85180000000000,52.97840000000000,0.26060000000000,45.69750000000001,46.0024,27299.3257,52.8257,52.5651,0.2606,45.4482,52.8144,48.9497,3.8647,0.3920,27299.3257,NA,NA,NA
Stalker2-Win64-Shipping.exe,17996,0x4DE2B640,DXGI,0,0,1,Hardware Composed: Independent Flip,27406.0997,NA,54.20890000000000,53.62070000000000,0.30510000000000,45.39810000000000,45.4142,27352.1514,54.2534,53.9483,0.3051,45.4369,53.9095,48.8534,5.0561,-0.7950,27352.1514,NA,NA,NA
Stalker2-Win64-Shipping.exe,17996,0x4DE2B640,DXGI,0,0,1,Hardware Composed: Independent Flip,27458.3197,NA,52.22000000000001,53.74200000000000,0.27370000000000,46.29080000000000,46.9362,27406.4048,52.1886,51.9149,0.2737,45.0930,53.1127,49.5975,3.5152,0.5114,27406.4048,NA,NA,NA
Stalker2-Win64-Shipping.exe,17996,0x4DE2B640,DXGI,0,0,1,Hardware Composed: Independent Flip,27510.3616,NA,52.04190000000001,50.03760000000000,0.24290000000000,44.90890000000000,44.9319,27458.5934,52.0111,51.7682,0.2429,46.0171,50.6600,48.7006,1.9594,2.1510,27458.5934,NA,NA,NA
Stalker2-Win64-Shipping.exe,17996,0x4DE2B640,DXGI,0,0,1,Hardware Composed: Independent Flip,27564.1194,NA,53.75780000000000,54.38550000000000,0.31310000000000,45.54270000000000,45.5596,27510.6045,53.8280,53.5149,0.3131,44.6660,54.3916,49.5834,4.8082,-2.3744,27510.6045,NA,NA,NA
Stalker2-Win64-Shipping.exe,17996,0x4DE2B640,DXGI,0,0,1,Hardware Composed: Independent Flip,27615.7159,NA,51.59650000000000,54.07780000000000,0.25430000000000,45.94600000000001,48.0409,27564.4325,51.5377,51.2834,0.2543,45.2296,51.9998,49.3435,2.6563,-0.2498,27564.4325,NA,NA,NA
Stalker2-Win64-Shipping.exe,17996,0x4DE2B640,DXGI,0,0,1,Hardware Composed: Independent Flip,27668.7374,NA,53.02150000000000,50.74650000000000,0.27350000000000,45.75220000000000,45.7659,27615.9702,53.0407,52.7672,0.2735,45.6917,52.8277,48.9564,3.8713,0.7912,27615.9702,NA,NA,NA
Stalker2-Win64-Shipping.exe,17996,0x4DE2B640,DXGI,0,0,1,Hardware Composed: Independent Flip,27721.0381,NA,52.30070000000000,52.53240000000000,0.32070000000000,45.40200000000000,45.9976,27669.0109,52.3479,52.0272,0.3207,45.4787,51.9505,48.6684,3.2821,0.5083,27669.0109,NA,NA,NA
Stalker2-Win64-Shipping.exe,17996,0x4DE2B640,DXGI,0,0,1,Hardware Composed: Independent Flip,27774.1271,NA,53.08900000000001,52.88140000000000,0.27380000000000,45.75080000000001,45.7900,27721.3588,53.0421,52.7683,0.2738,45.0813,53.4378,48.8932,4.5446,-0.5335,27721.3588,NA,NA,NA
Stalker2-Win64-Shipping.exe,17996,0x4DE2B640,DXGI,0,0,1,Hardware Composed: Independent Flip,27826.6959,NA,52.56880000000000,53.27830000000000,0.26050000000000,45.68190000000000,46.4995,27774.4009,52.5555,52.2950,0.2605,45.4770,52.4999,48.7085,3.7914,-0.2362,27774.4009,NA,NA,NA
Stalker2-Win64-Shipping.exe,17996,0x4DE2B640,DXGI,0,0,1,Hardware Composed: Independent Flip,27879.8864,NA,53.19050000000000,51.99640000000000,0.25860000000000,45.28230000000000,45.3054,27826.9564,53.1886,52.9300,0.2586,45.4214,52.7909,48.3997,4.3912,0.5591,27826.9564,NA,NA,NA
Stalker2-Win64-Shipping.exe,17996,0x4DE2B640,DXGI,0,0,1,Hardware Composed: Independent Flip,27932.4052,NA,52.51880000000001,52.57330000000000,0.24540000000000,45.17260000000000,45.3599,27880.1450,52.5056,52.2602,0.2454,45.0237,52.4091,48.7268,3.6823,0.6153,27880.1450,NA,NA,NA
Stalker2-Win64-Shipping.exe,17996,0x4DE2B640,DXGI,0,0,1,Hardware Composed: Independent Flip,27986.4303,NA,54.02510000000000,53.73760000000000,0.26180000000000,45.05720000000000,45.0724,27932.6506,54.0415,53.7797,0.2618,44.9272,53.9097,48.6173,5.2924,-1.2320,27932.6506,NA,NA,NA
Stalker2-Win64-Shipping.exe,17996,0x4DE2B640,DXGI,0,0,1,Hardware Composed: Independent Flip,28039.8566,NA,53.42630000000000,55.28530000000000,0.30120000000000,46.23650000000000,46.9314,27986.6921,53.4657,53.1645,0.3012,44.7954,54.6056,49.6358,4.9698,-1.2438,27986.6921,NA,NA,NA
Stalker2-Win64-Shipping.exe,17996,0x4DE2B640,DXGI,0,0,1,Hardware Composed: Independent Flip,28091.5045,NA,51.64790000000000,50.83760000000000,0.28470000000000,45.66770000000000,46.1211,28040.1578,51.6314,51.3467,0.2847,45.9353,51.0791,48.9222,2.1569,2.6281,28040.1578,NA,NA,NA
Stalker2-Win64-Shipping.exe,17996,0x4DE2B640,DXGI,0,0,1,Hardware Composed: Independent Flip,28144.4514,NA,52.94690000000000,52.58930000000000,0.27400000000000,45.74060000000000,45.7635,28091.7892,52.9362,52.6622,0.2740,45.3830,53.0198,48.8553,4.1645,-0.9579,28091.7892,NA,NA,NA
Stalker2-Win64-Shipping.exe,17996,0x4DE2B640,DXGI,0,0,1,Hardware Composed: Independent Flip,28196.7005,NA,52.24910000000001,55.41040000000000,0.24920000000000,47.34510000000000,48.9248,28144.7254,52.2243,51.9751,0.2492,45.4666,53.8536,50.4450,3.4086,-2.4742,28144.7254,NA,NA,NA
Stalker2-Win64-Shipping.exe,17996,0x4DE2B640,DXGI,0,0,1,Hardware Composed: Independent Flip,28249.1619,NA,52.46140000000000,49.70900000000000,0.32250000000000,46.13210000000000,46.1724,28196.9497,52.5347,52.2122,0.3225,47.0959,51.2484,49.3017,1.9467,2.5153,28196.9497,NA,NA,NA
Stalker2-Win64-Shipping.exe,17996,0x4DE2B640,DXGI,0,0,1,Hardware Composed: Independent Flip,28302.0661,NA,52.90420000000000,52.07290000000000,0.27040000000000,45.32120000000000,45.3411,28249.4844,52.8521,52.5817,0.2704,45.8096,52.0933,48.5410,3.5523,0.4618,28249.4844,NA,NA,NA
Stalker2-Win64-Shipping.exe,17996,0x4DE2B640,DXGI,0,0,1,Hardware Composed: Independent Flip,28354.5729,NA,52.50680000000001,53.73250000000000,0.25580000000000,45.32270000000000,46.5668,28302.3365,52.4922,52.2364,0.2558,45.0508,52.5083,48.8753,3.6330,-0.8804,28302.3365,NA,NA,NA
Stalker2-Win64-Shipping.exe,17996,0x4DE2B640,DXGI,0,0,1,Hardware Composed: Independent Flip,28408.1791,NA,53.60620000000000,52.42850000000000,0.27650000000000,45.36560000000000,45.3891,28354.8287,53.6269,53.3504,0.2765,45.0669,53.6491,49.0919,4.5572,0.0637,28354.8287,NA,NA,NA
Stalker2-Win64-Shipping.exe,17996,0x4DE2B640,DXGI,0,0,1,Hardware Composed: Independent Flip,28460.3014,NA,52.12230000000000,53.03880000000000,0.24290000000000,45.81580000000000,46.3056,28408.4556,52.0887,51.8458,0.2429,45.0891,52.5725,49.4740,3.0985,0.5881,28408.4556,NA,NA,NA
Stalker2-Win64-Shipping.exe,17996,0x4DE2B640,DXGI,0,0,1,Hardware Composed: Independent Flip,28514.2033,NA,53.90190000000000,53.75260000000000,0.30830000000000,46.09300000000000,46.1563,28460.5443,53.9673,53.6590,0.3083,45.5729,54.1791,49.3352,4.8439,-1.6639,28460.5443,NA,NA,NA
Stalker2-Win64-Shipping.exe,17996,0x4DE2B640,DXGI,0,0,1,Hardware Composed: Independent Flip,28567.3357,NA,53.13240000000000,53.20930000000001,0.29690000000000,45.43590000000000,46.2332,28514.5116,53.1210,52.8241,0.2969,45.7847,52.4753,48.5627,3.9126,0.7580,28514.5116,NA,NA,NA
Stalker2-Win64-Shipping.exe,17996,0x4DE2B640,DXGI,0,0,1,Hardware Composed: Independent Flip,28620.5539,NA,53.21820000000000,53.35640000000000,0.26250000000000,46.35730000000000,46.3714,28567.6326,53.1838,52.9213,0.2625,45.1390,54.1396,49.5419,4.5977,-0.2354,28567.6326,NA,NA,NA
Stalker2-Win64-Shipping.exe,17996,0x4DE2B640,DXGI,0,0,1,Hardware Composed: Independent Flip,28673.1746,NA,52.62070000000000,52.39960000000000,0.26380000000000,45.28580000000000,46.1503,28620.8164,52.6220,52.3582,0.2638,46.0948,51.5492,48.3770,3.1722,0.7842,28620.8164,NA,NA,NA
Stalker2-Win64-Shipping.exe,17996,0x4DE2B640,DXGI,0,0,1,Hardware Composed: Independent Flip,28726.1091,NA,52.93450000000000,51.94810000000000,0.26170000000000,45.15060000000000,45.1639,28673.4384,52.9324,52.6707,0.2617,45.0220,52.7993,48.9627,3.8366,0.6739,28673.4384,NA,NA,NA
Stalker2-Win64-Shipping.exe,17996,0x4DE2B640,DXGI,0,0,1,Hardware Composed: Independent Flip,28779.6464,NA,53.53730000000000,55.16300000000000,0.28540000000000,45.90150000000001,46.7896,28726.3708,53.5610,53.2756,0.2854,44.8889,54.2882,49.3885,4.8997,-2.2306,28726.3708,NA,NA,NA
Stalker2-Win64-Shipping.exe,17996,0x4DE2B640,DXGI,0,0,1,Hardware Composed: Independent Flip,28832.9968,NA,53.35040000000000,54.28270000000001,0.25730000000000,47.38110000000000,47.7219,28779.9318,53.3223,53.0650,0.2573,45.6161,54.8300,50.9058,3.9242,-0.7217,28779.9318,NA,NA,NA
Stalker2-Win64-Shipping.exe,17996,0x4DE2B640,DXGI,0,0,1,Hardware Composed: Independent Flip,28885.6592,NA,52.66240000000001,51.03500000000000,0.26780000000000,45.77910000000000,46.0945,28833.2541,52.6729,52.4051,0.2678,47.1238,51.0604,48.9231,2.1373,2.2873,28833.2541,NA,NA,NA
Stalker2-Win64-Shipping.exe,17996,0x4DE2B640,DXGI,0,0,1,Hardware Composed: Independent Flip,28938.5974,NA,52.93820000000000,52.83730000000000,0.25460000000000,45.95610000000000,45.9936,28885.9270,52.9250,52.6704,0.2546,45.5113,53.1152,49.0213,4.0939,-0.1644,28885.9270,NA,NA,NA
Stalker2-Win64-Shipping.exe,17996,0x4DE2B640,DXGI,0,0,1,Hardware Composed: Independent Flip,28991.0817,NA,52.48430000000000,53.96510000000000,0.25300000000000,45.82300000000000,47.4744,28938.8520,52.4827,52.2297,0.2530,45.7015,52.3512,48.8649,3.4863,-1.0401,28938.8520,NA,NA,NA
Stalker2-Win64-Shipping.exe,17996,0x4DE2B640,DXGI,0,0,1,Hardware Composed: Independent Flip,29043.9401,NA,52.85840000000000,50.98050000000000,0.23930000000000,45.56730000000000,45.5965,28991.3347,52.8447,52.6054,0.2393,45.5700,52.6027,48.8754,3.7273,1.5022,28991.3347,NA,NA,NA
Stalker2-Win64-Shipping.exe,17996,0x4DE2B640,DXGI,0,0,1,Hardware Composed: Independent Flip,29097.9148,NA,53.97470000000001,53.46740000000000,0.29430000000000,44.83780000000000,45.0892,29044.1794,54.0297,53.7354,0.2943,45.3280,53.2452,48.2607,4.9845,-0.6227,29044.1794,NA,NA,NA
Stalker2-Win64-Shipping.exe,17996,0x4DE2B640,DXGI,0,0,1,Hardware Composed: Independent Flip,29150.8734,NA,52.95860000000000,53.65190000000000,0.26680000000000,45.61850000000000,45.7825,29098.2091,52.9311,52.6643,0.2668,44.5435,53.7393,49.1214,4.6179,0.3778,29098.2091,NA,NA,NA
Stalker2-Win64-Shipping.exe,17996,0x4DE2B640,DXGI,0,0,1,Hardware Composed: Independent Flip,29204.8616,NA,53.98820000000000,53.16770000000000,0.30430000000000,44.75540000000000,44.9620,29151.1402,54.0257,53.7214,0.3043,45.3517,53.1251,48.2382,4.8869,-0.2366,29151.1402,NA,NA,NA
Stalker2-Win64-Shipping.exe,17996,0x4DE2B640,DXGI,0,0,1,Hardware Composed: Independent Flip,29257.6259,NA,52.76430000000001,53.28170000000000,0.29520000000000,45.45980000000000,45.4794,29205.1659,52.7552,52.4600,0.2952,44.4511,53.4687,48.8430,4.6257,0.7440,29205.1659,NA,NA,NA
Stalker2-Win64-Shipping.exe,17996,0x4DE2B640,DXGI,0,0,1,Hardware Composed: Independent Flip,29310.6524,NA,53.02650000000001,53.44200000000000,0.28640000000000,45.69540000000000,45.8949,29257.9211,53.0177,52.7313,0.2864,45.1646,53.2621,48.8727,4.3894,-0.6868,29257.9211,NA,NA,NA
Stalker2-Win64-Shipping.exe,17996,0x4DE2B640,DXGI,0,0,1,Hardware Composed: Independent Flip,29365.0748,NA,54.42240000000000,53.50390000000000,0.29090000000000,44.94060000000000,44.9764,29310.9388,54.4269,54.1360,0.2909,45.4090,53.6676,48.3935,5.2741,-0.4862,29310.9388,NA,NA,NA
Stalker2-Win64-Shipping.exe,17996,0x4DE2B640,DXGI,0,0,1,Hardware Composed: Independent Flip,29416.4301,NA,51.35530000000000,52.92550000000000,0.28270000000000,46.23890000000000,46.5466,29365.3657,51.3471,51.0644,0.2827,44.6497,52.6536,49.2734,3.3802,1.5014,29365.3657,NA,NA,NA
Stalker2-Win64-Shipping.exe,17996,0x4DE2B640,DXGI,0,0,1,Hardware Composed: Independent Flip,29469.1727,NA,52.74260000000000,52.58250000000000,0.25280000000000,46.36830000000000,46.3865,29416.7128,52.7127,52.4599,0.2528,45.9562,52.8720,50.2371,2.6349,-1.2354,29416.7128,NA,NA,NA
Stalker2-Win64-Shipping.exe,17996,0x4DE2B640,DXGI,0,0,1,Hardware Composed: Independent Flip,29521.5893,NA,52.41660000000000,51.41110000000000,0.26000000000000,45.14060000000000,45.3810,29469.4255,52.4238,52.1638,0.2600,46.1155,51.1889,48.6697,2.5192,1.3016,29469.4255,NA,NA,NA
Stalker2-Win64-Shipping.exe,17996,0x4DE2B640,DXGI,0,0,1,Hardware Composed: Independent Flip,29574.6599,NA,53.07060000000001,53.57380000000001,0.26900000000000,45.86560000000000,45.8842,29521.8493,53.0796,52.8106,0.2690,44.8806,53.7956,49.5887,4.2069,-1.1500,29521.8493,NA,NA,NA
Stalker2-Win64-Shipping.exe,17996,0x4DE2B640,DXGI,0,0,1,Hardware Composed: Independent Flip,29626.5053,NA,51.84540000000001,53.19300000000000,0.27200000000000,45.69230000000000,47.2318,29574.9289,51.8484,51.5764,0.2720,45.5966,51.6721,48.7277,2.9444,-0.1134,29574.9289,NA,NA,NA
Stalker2-Win64-Shipping.exe,17996,0x4DE2B640,DXGI,0,0,1,Hardware Composed: Independent Flip,29679.8999,NA,53.39460000000000,52.34950000000000,0.27540000000000,46.10020000000000,46.1867,29626.7773,53.3980,53.1226,0.2754,45.4203,53.8025,49.3475,4.4550,-0.5011,29626.7773,NA,NA,NA
Stalker2-Win64-Shipping.exe,17996,0x4DE2B640,DXGI,0,0,1,Hardware Composed: Independent Flip,29732.4544,NA,52.55450000000000,53.81580000000000,0.28140000000000,46.24740000000000,47.4480,29680.1753,52.5605,52.2791,0.2814,45.8248,52.7017,49.3291,3.3726,-0.4178,29680.1753,NA,NA,NA
Stalker2-Win64-Shipping.exe,17996,0x4DE2B640,DXGI,0,0,1,Hardware Composed: Independent Flip,29786.1337,NA,53.67930000000000,52.02980000000000,0.31240000000000,45.74830000000000,45.7985,29732.7358,53.7103,53.3979,0.3124,45.9660,53.1802,48.9382,4.2420,0.5307,29732.7358,NA,NA,NA
Stalker2-Win64-Shipping.exe,17996,0x4DE2B640,DXGI,0,0,1,Hardware Composed: Independent Flip,29838.5851,NA,52.45140000000000,52.47460000000000,0.24360000000000,45.56280000000000,45.8217,29786.4461,52.3826,52.1390,0.2436,45.4359,52.2659,48.5791,3.6868,1.2357,29786.4461,NA,NA,NA
Stalker2-Win64-Shipping.exe,17996,0x4DE2B640,DXGI,0,0,1,Hardware Composed: Independent Flip,29891.4741,NA,52.88900000000000,52.50800000000000,0.26330000000000,45.42640000000000,45.4407,29838.8287,52.9087,52.6454,0.2633,45.3192,52.7526,49.1357,3.6169,-0.1254,29838.8287,NA,NA,NA
