Application,ProcessID,SwapChainAddress,PresentRuntime,SyncInterval,PresentFlags,AllowsTearing,PresentMode,TimeInMs,MsBetweenSimulationStart,MsBetweenPresents,MsBetweenDisplayChange,MsInPresentAPI,MsRenderPresentLatency,MsUntilDisplayed,CPUStartTimeInMs,MsBetweenAppStart,MsCPUBusy,MsCPUWait,MsGPULatency,MsGPUTime,MsGPUBusy,MsGPUWait,MsAnimationError,AnimationTime,MsFlipDelay,MsAllInputToPhotonLatency,MsClickToPhotonLatency
Stalker2-Win64-Shipping.exe,17996,0x4DE2B640,DXGI,0,0,1,Hardware Composed: Independent Flip,175.4641,NA,50.75210000000001,53.27990000000000,0.22940000000000,45.60300000000000,48.6406,125.0311,50.6624,50.4330,0.2294,45.5493,50.4867,48.7657,1.7210,NA,125.0311,NA,NA,NA
Stalker2-Win64-Shipping.exe,17996,0x4DE2B640,DXGI,0,0,1,Hardware Composed: Independent Flip,228.3773,NA,52.91320000000000,49.69760000000000,0.29680000000000,45.40670000000000,45.4250,175.6935,52.9806,52.6838,0.2968,45.3736,52.7169,49.3462,3.3707,0.9648,175.6935,NA,NA,NA
Stalker2-Win64-Shipping.exe,17996,0x4DE2B640,DXGI,0,0,1,Hardware Composed: Independent Flip,283.0946,NA,54.71730000000000,57.49570000000000,0.31200000000000,45.20680000000000,48.2034,228.6741,54.7325,54.4205,0.3120,45.1099,54.5174,48.7200,5.7974,-4.5151,228.6741,NA,NA,NA
Stalker2-Win64-Shipping.exe,17996,0x4DE2B640,DXGI,0,0,1,Hardware Composed: Independent Flip,337.4543,NA,54.35970000000000,51.03400000000000,0.26720000000000,44.85840000000000,44.8777,283.4066,54.3149,54.0477,0.2672,44.8948,54.0113,48.5479,5.4634,3.6985,283.4066,NA,NA,NA
Stalker2-Win64-Shipping.exe,17996,0x4DE2B640,DXGI,0,0,1,Hardware Composed: Independent Flip,392.2274,NA,54.77310000000000,57.02320000000000,0.40220000000000,45.43680000000001,47.1278,337.7215,54.9081,54.5059,0.4022,44.5912,55.3515,48.8408,6.5107,-2.7083,337.7215,NA,NA,NA
Stalker2-Win64-Shipping.exe,17996,0x4DE2B640,DXGI,0,0,1,Hardware Composed: Independent Flip,445.4282,NA,53.20080000000000,51.59940000000000,0.29300000000000,45.25140000000000,45.5264,392.6296,53.0916,52.7986,0.2930,45.0346,53.0154,48.8371,4.1783,3.3087,392.6296,NA,NA,NA
Stalker2-Win64-Shipping.exe,17996,0x4DE2B640,DXGI,0,0,1,Hardware Composed: Independent Flip,500.1880,NA,54.75980000000001,55.11810000000001,0.33900000000000,45.82410000000000,45.8847,445.7212,54.8058,54.4668,0.3390,44.9584,55.3325,49.1784,6.1541,-2.0265,445.7212,NA,NA,NA
Stalker2-Win64-Shipping.exe,17996,0x4DE2B640,DXGI,0,0,1,Hardware Composed: Independent Flip,552.2914,NA,52.10340000000000,53.19590000000000,0.23410000000000,44.96870000000001,46.9772,500.5270,51.9985,51.7644,0.2341,45.4851,51.2480,48.1277,3.1203,1.6099,500.5270,NA,NA,NA
Stalker2-Win64-Shipping.exe,17996,0x4DE2B640,DXGI,0,0,1,Hardware Composed: Independent Flip,604.5776,NA,52.28620000000000,50.31660000000000,0.30760000000000,44.99310000000001,45.0076,552.5255,52.3597,52.0521,0.3076,44.7346,52.3106,48.6356,3.6750,1.6819,552.5255,NA,NA,NA
Stalker2-Win64-Shipping.exe,17996,0x4DE2B640,DXGI,0,0,1,Hardware Composed: Independent Flip,658.2696,NA,53.69200000000000,56.34200000000001,0.34690000000000,46.61520000000000,47.6576,604.8852,53.7313,53.3844,0.3469,44.6855,55.3141,50.5947,4.7194,-3.9823,604.8852,NA,NA,NA
Stalker2-Win64-Shipping.exe,17996,0x4DE2B640,DXGI,0,0,1,Hardware Composed: Independent Flip,710.1513,NA,51.88170000000000,50.20400000000000,0.30140000000000,45.26610000000000,45.9799,658.6165,51.8362,51.5348,0.3014,46.2683,50.5326,48.4577,2.0749,3.5273,658.6165,NA,NA,NA
Stalker2-Win64-Shipping.exe,17996,0x4DE2B640,DXGI,0,0,1,Hardware Composed: Independent Flip,762.4837,NA,52.33240000000000,51.91030000000000,0.31210000000000,45.54380000000000,45.5578,710.4527,52.3431,52.0310,0.3121,44.9647,52.6101,48.8915,3.7186,-0.0741,710.4527,NA,NA,NA
Stalker2-Win64-Shipping.exe,17996,0x4DE2B640,DXGI,0,0,1,Hardware Composed: Independent Flip,814.5783,NA,52.09460000000000,54.03260000000000,0.29450000000000,45.63890000000000,47.4958,762.7958,52.0770,51.7825,0.2945,45.2317,52.1897,48.7596,3.4301,-1.6895,762.7958,NA,NA,NA
Stalker2-Win64-Shipping.exe,17996,0x4DE2B640,DXGI,0,0,1,Hardware Composed: Independent Flip,867.2891,NA,52.71080000000000,50.44750000000001,0.30260000000000,45.20350000000001,45.2325,814.8728,52.7189,52.4163,0.3026,45.3444,52.2754,48.2739,4.0015,1.6295,814.8728,NA,NA,NA
Stalker2-Win64-Shipping.exe,17996,0x4DE2B640,DXGI,0,0,1,Hardware Composed: Independent Flip,919.8318,NA,52.54270000000000,53.20890000000000,0.26580000000000,45.74560000000000,45.8987,867.5917,52.5059,52.2401,0.2658,44.9009,53.0848,48.8909,4.1939,-0.4900,867.5917,NA,NA,NA
Stalker2-Win64-Shipping.exe,17996,0x4DE2B640,DXGI,0,0,1,Hardware Composed: Independent Flip,972.4098,NA,52.57800000000000,51.74250000000000,0.23230000000000,44.78270000000001,45.0632,920.0976,52.5445,52.3122,0.2323,45.4798,51.6151,47.9653,3.6498,0.7634,920.0976,NA,NA,NA
Stalker2-Win64-Shipping.exe,17996,0x4DE2B640,DXGI,0,0,1,Hardware Composed: Independent Flip,1025.0331,NA,52.62330000000000,52.97090000000000,0.26330000000000,45.38310000000000,45.4108,972.6421,52.6543,52.3910,0.2633,44.5504,53.2237,48.7806,4.4431,-0.4264,972.6421,NA,NA,NA
Stalker2-Win64-Shipping.exe,17996,0x4DE2B640,DXGI,0,0,1,Hardware Composed: Independent Flip,1078.2329,NA,53.19980000000000,53.88190000000000,0.30500000000000,45.11500000000000,46.0929,1025.2964,53.2415,52.9365,0.3050,45.1198,52.9317,48.4441,4.4876,-1.2276,1025.2964,NA,NA,NA
Stalker2-Win64-Shipping.exe,17996,0x4DE2B640,DXGI,0,0,1,Hardware Composed: Independent Flip,1129.9297,NA,51.69680000000000,51.44590000000000,0.31650000000000,45.82780000000000,45.8420,1078.5379,51.7083,51.3918,0.3165,44.8100,52.4096,49.0482,3.3614,1.7956,1078.5379,NA,NA,NA
Stalker2-Win64-Shipping.exe,17996,0x4DE2B640,DXGI,0,0,1,Hardware Composed: Independent Flip,1182.0870,NA,52.15730000000000,51.70120000000000,0.30870000000000,45.32520000000000,45.3859,1130.2462,52.1495,51.8408,0.3087,45.5113,51.6547,48.4555,3.1992,0.0071,1130.2462,NA,NA,NA
Stalker2-Win64-Shipping.exe,17996,0x4DE2B640,DXGI,0,0,1,Hardware Composed: Independent Flip,1234.0290,NA,51.94200000000000,51.78370000000000,0.26380000000000,45.21490000000000,45.2276,1182.3957,51.8971,51.6333,0.2638,45.0165,51.8317,48.4336,3.3981,0.3658,1182.3957,NA,NA,NA
Stalker2-Win64-Shipping.exe,17996,0x4DE2B640,DXGI,0,0,1,Hardware Composed: Independent Flip,1285.7876,NA,51.75860000000000,53.32220000000000,0.27440000000000,46.75740000000000,46.7912,1234.2928,51.7692,51.4948,0.2744,44.9511,53.3011,49.8848,3.4163,-1.4251,1234.2928,NA,NA,NA
Stalker2-Win64-Shipping.exe,17996,0x4DE2B640,DXGI,0,0,1,Hardware Composed: Independent Flip,1337.6675,NA,51.87990000000000,51.56550000000000,0.27180000000000,45.75850000000001,46.4768,1286.0620,51.8773,51.6055,0.2718,46.4830,50.8810,48.9036,1.9774,0.2037,1286.0620,NA,NA,NA
Stalker2-Win64-Shipping.exe,17996,0x4DE2B640,DXGI,0,0,1,Hardware Composed: Independent Flip,1389.9010,NA,52.23350000000000,50.97610000000000,0.23320000000000,45.18560000000000,45.2194,1337.9393,52.1949,51.9617,0.2332,45.4867,51.6606,48.3059,3.3547,0.9012,1337.9393,NA,NA,NA
Stalker2-Win64-Shipping.exe,17996,0x4DE2B640,DXGI,0,0,1,Hardware Composed: Independent Flip,1442.4208,NA,52.51980000000000,52.61460000000000,0.25810000000000,44.73850000000000,45.3142,1390.1342,52.5447,52.2866,0.2581,44.9524,52.0727,48.6351,3.4376,-0.4197,1390.1342,NA,NA,NA
Stalker2-Win64-Shipping.exe,17996,0x4DE2B640,DXGI,0,0,1,Hardware Composed: Independent Flip,1494.1455,NA,51.72470000000001,50.96730000000000,0.29120000000000,44.54120000000000,44.5568,1442.6789,51.7578,51.4666,0.2912,44.4804,51.5274,48.1689,3.3585,1.5774,1442.6789,NA,NA,NA
Stalker2-Win64-Shipping.exe,17996,0x4DE2B640,DXGI,0,0,1,Hardware Composed: Independent Flip,1546.2544,NA,52.10890000000001,52.22920000000001,0.27860000000000,44.65860000000000,44.6771,1494.4367,52.0963,51.8177,0.2786,44.2500,52.2263,48.2277,3.9986,-0.4714,1494.4367,NA,NA,NA
Stalker2-Win64-Shipping.exe,17996,0x4DE2B640,DXGI,0,0,1,Hardware Composed: Independent Flip,1599.0431,NA,52.78870000000001,54.35100000000000,0.35130000000000,45.70860000000000,46.2394,1546.5330,52.8614,52.5101,0.3513,44.3800,53.8387,49.1950,4.6437,-2.2547,1546.5330,NA,NA,NA
Stalker2-Win64-Shipping.exe,17996,0x4DE2B640,DXGI,0,0,1,Hardware Composed: Independent Flip,1650.9590,NA,51.91590000000000,52.45460000000000,0.27110000000000,46.07030000000000,46.7781,1599.3944,51.8357,51.5646,0.2711,45.3573,52.2776,49.1551,3.1225,0.4068,1599.3944,NA,NA,NA
Stalker2-Win64-Shipping.exe,17996,0x4DE2B640,DXGI,0,0,1,Hardware Composed: Independent Flip,1703.0654,NA,52.10640000000000,51.05970000000000,0.29480000000000,45.70350000000001,45.7314,1651.2301,52.1301,51.8353,0.2948,45.7992,51.7396,48.7742,2.9654,0.7760,1651.2301,NA,NA,NA
Stalker2-Win64-Shipping.exe,17996,0x4DE2B640,DXGI,0,0,1,Hardware Composed: Independent Flip,1754.7393,NA,51.67390000000000,51.59830000000000,0.30130000000000,45.59370000000001,45.6558,1703.3602,51.6804,51.3791,0.3013,45.4087,51.5641,48.6860,2.8781,0.5318,1703.3602,NA,NA,NA
Stalker2-Win64-Shipping.exe,17996,0x4DE2B640,DXGI,0,0,1,Hardware Composed: Independent Flip,1806.6947,NA,51.95540000000000,51.78920000000000,0.32880000000000,45.46310000000000,45.4896,1755.0406,51.9829,51.6541,0.3288,45.2924,51.8248,48.8001,3.0247,-0.1088,1755.0406,NA,NA,NA
Stalker2-Win64-Shipping.exe,17996,0x4DE2B640,DXGI,0,0,1,Hardware Composed: Independent Flip,1858.4233,NA,51.72860000000000,51.58300000000001,0.26060000000000,45.15190000000000,45.3440,1807.0235,51.6604,51.3998,0.2606,45.1343,51.4174,48.2546,3.1628,0.3999,1807.0235,NA,NA,NA
Stalker2-Win64-Shipping.exe,17996,0x4DE2B640,DXGI,0,0,1,Hardware Composed: Independent Flip,1911.3762,NA,52.95290000000000,54.56280000000000,0.26910000000000,46.92770000000000,46.9539,1858.6839,52.9614,52.6923,0.2691,44.8913,54.7287,50.3141,4.4146,-2.9024,1858.6839,NA,NA,NA
Stalker2-Win64-Shipping.exe,17996,0x4DE2B640,DXGI,0,0,1,Hardware Composed: Independent Flip,1963.3972,NA,52.02100000000000,52.29600000000000,0.26480000000000,45.50810000000000,47.2289,1911.6453,52.0167,51.7519,0.2648,46.6586,50.6014,48.6170,1.9844,0.6654,1911.6453,NA,NA,NA
Stalker2-Win64-Shipping.exe,17996,0x4DE2B640,DXGI,0,0,1,Hardware Composed: Independent Flip,2017.4914,NA,54.09420000000000,52.18820000000000,0.25960000000000,45.31320000000000,45.3229,1963.6620,54.0890,53.8294,0.2596,45.2433,53.8993,48.8457,5.0536,-0.1715,1963.6620,NA,NA,NA
Stalker2-Win64-Shipping.exe,17996,0x4DE2B640,DXGI,0,0,1,Hardware Composed: Independent Flip,2068.6932,NA,51.20180000000001,52.83350000000000,0.30600000000000,45.08670000000000,46.9546,2017.7510,51.2482,50.9422,0.3060,45.0536,50.9753,48.3127,2.6626,1.2555,2017.7510,NA,NA,NA
Stalker2-Win64-Shipping.exe,17996,0x4DE2B640,DXGI,0,0,1,Hardware Composed: Independent Flip,2122.0147,NA,53.32150000000000,53.20310000000000,0.29440000000000,46.82180000000000,46.8362,2068.9992,53.3099,53.0155,0.2944,44.7807,55.0566,50.0662,4.9904,-1.9549,2068.9992,NA,NA,NA
Stalker2-Win64-Shipping.exe,17996,0x4DE2B640,DXGI,0,0,1,Hardware Composed: Independent Flip,2175.5099,NA,53.49520000000000,54.03880000000000,0.28640000000000,45.17310000000001,47.3798,2122.3091,53.4872,53.2008,0.2864,46.5274,51.8465,48.3473,3.4992,-0.7289,2122.3091,NA,NA,NA
Stalker2-Win64-Shipping.exe,17996,0x4DE2B640,DXGI,0,0,1,Hardware Composed: Independent Flip,2226.7855,NA,51.27560000000000,49.81170000000000,0.29240000000000,45.89660000000000,45.9159,2175.7963,51.2816,50.9892,0.2924,44.8867,51.9991,49.0347,2.9644,3.6755,2175.7963,NA,NA,NA
Stalker2-Win64-Shipping.exe,17996,0x4DE2B640,DXGI,0,0,1,Hardware Composed: Independent Flip,2280.6369,NA,53.85140000000001,53.48560000000001,0.27380000000000,45.36360000000001,45.5501,2227.0779,53.8328,53.5590,0.2738,45.6042,53.3184,48.7668,4.5516,-2.2040,2227.0779,NA,NA,NA
Stalker2-Win64-Shipping.exe,17996,0x4DE2B640,DXGI,0,0,1,Hardware Composed: Independent Flip,2332.3928,NA,51.75590000000000,51.51240000000000,0.26940000000000,44.97230000000000,45.3066,2280.9107,51.7515,51.4821,0.2694,45.0898,51.3646,48.6270,2.7376,2.3204,2280.9107,NA,NA,NA
Stalker2-Win64-Shipping.exe,17996,0x4DE2B640,DXGI,0,0,1,Hardware Composed: Independent Flip,2384.8638,NA,52.47100000000000,51.82040000000000,0.30430000000000,44.64320000000000,44.6560,2332.6622,52.5059,52.2016,0.3043,44.7029,52.1419,48.3248,3.8171,-0.0689,2332.6622,NA,NA,NA
Stalker2-Win64-Shipping.exe,17996,0x4DE2B640,DXGI,0,0,1,Hardware Composed: Independent Flip,2437.9481,NA,53.08430000000001,54.84480000000000,0.23730000000000,45.69940000000000,46.4165,2385.1681,53.0173,52.7800,0.2373,44.3389,54.1405,49.3747,4.7658,-2.3389,2385.1681,NA,NA,NA
Stalker2-Win64-Shipping.exe,17996,0x4DE2B640,DXGI,0,0,1,Hardware Composed: Independent Flip,2490.0807,NA,52.13260000000000,52.21130000000000,0.29690000000000,45.85240000000000,46.4952,2438.1854,52.1922,51.8953,0.2969,45.4621,52.2856,48.9800,3.3056,0.8060,2438.1854,NA,NA,NA
Stalker2-Win64-Shipping.exe,17996,0x4DE2B640,DXGI,0,0,1,Hardware Composed: Independent Flip,2542.8593,NA,52.77860000000000,53.31050000000000,0.27420000000000,47.00090000000000,47.0271,2490.3776,52.7559,52.4817,0.2742,45.5555,53.9271,50.1668,3.7603,-1.1183,2490.3776,NA,NA,NA
Stalker2-Win64-Shipping.exe,17996,0x4DE2B640,DXGI,0,0,1,Hardware Composed: Independent Flip,2595.1206,NA,52.26130000000001,51.67300000000000,0.29180000000000,45.19330000000000,46.4388,2543.1335,52.2789,51.9871,0.2918,46.7267,50.4537,48.2731,2.1806,1.0829,2543.1335,NA,NA,NA
Stalker2-Win64-Shipping.exe,17996,0x4DE2B640,DXGI,0,0,1,Hardware Composed: Independent Flip,2646.4025,NA,51.28190000000000,50.57570000000000,0.28130000000000,45.71680000000000,45.7326,2595.4124,51.2714,50.9901,0.2813,44.9015,51.8054,48.8523,2.9531,1.7032,2595.4124,NA,NA,NA
Stalker2-Win64-Shipping.exe,17996,0x4DE2B640,DXGI,0,0,1,Hardware Composed: Independent Flip,2699.2847,NA,52.88220000000000,53.51310000000000,0.25230000000000,45.44380000000000,46.3635,2646.6838,52.8532,52.6009,0.2523,45.4355,52.6092,48.6842,3.9250,-2.2417,2646.6838,NA,NA,NA
Stalker2-Win64-Shipping.exe,17996,0x4DE2B640,DXGI,0,0,1,Hardware Composed: Independent Flip,2751.1708,NA,51.88610000000000,50.48810000000000,0.24620000000000,44.95140000000000,44.9655,2699.5370,51.8800,51.6338,0.2462,45.1915,51.3937,48.5951,2.7986,2.3651,2699.5370,NA,NA,NA
Stalker2-Win64-Shipping.exe,17996,0x4DE2B640,DXGI,0,0,1,Hardware Composed: Independent Flip,2804.7127,NA,53.54190000000001,53.88010000000001,0.27940000000000,45.28800000000000,45.3037,2751.4170,53.5751,53.2957,0.2794,44.7052,53.8785,48.7341,5.1444,-2.0001,2751.4170,NA,NA,NA
Stalker2-Win64-Shipping.exe,17996,0x4DE2B640,DXGI,0,0,1,Hardware Composed: Independent Flip,2857.0171,NA,52.30440000000000,54.06280000000000,0.26410000000000,45.54510000000001,47.0621,2804.9921,52.2891,52.0250,0.2641,45.0086,52.5615,48.6252,3.9363,-0.4877,2804.9921,NA,NA,NA
Stalker2-Win64-Shipping.exe,17996,0x4DE2B640,DXGI,0,0,1,Hardware Composed: Independent Flip,2909.8425,NA,52.82540000000000,51.57080000000001,0.30120000000000,45.79260000000000,45.8075,2857.2812,52.8625,52.5613,0.3012,45.2810,53.0729,48.9386,4.1343,0.7183,2857.2812,NA,NA,NA
Stalker2-Win64-Shipping.exe,17996,0x4DE2B640,DXGI,0,0,1,Hardware Composed: Independent Flip,2962.5011,NA,52.65860000000000,52.64010000000000,0.31090000000000,45.52140000000000,45.7890,2910.1437,52.6683,52.3574,0.3109,45.4914,52.3874,48.6673,3.7201,0.2224,2910.1437,NA,NA,NA
Stalker2-Win64-Shipping.exe,17996,0x4DE2B640,DXGI,0,0,1,Hardware Composed: Independent Flip,3015.5762,NA,53.07510000000000,53.07890000000000,0.26200000000000,45.76670000000000,45.7928,2962.8120,53.0262,52.7642,0.2620,45.2105,53.3204,49.1869,4.1335,-0.4106,2962.8120,NA,NA,NA
Stalker2-Win64-Shipping.exe,17996,0x4DE2B640,DXGI,0,0,1,Hardware Composed: Independent Flip,3066.8723,NA,51.29610000000000,51.34110000000000,0.26450000000000,45.33650000000000,45.8378,3015.8382,51.2986,51.0341,0.2645,45.5047,50.8659,48.6678,2.1981,1.6851,3015.8382,NA,NA,NA
Stalker2-Win64-Shipping.exe,17996,0x4DE2B640,DXGI,0,0,1,Hardware Composed: Independent Flip,3120.4984,NA,53.62610000000000,52.95790000000000,0.25630000000000,45.15630000000000,45.1696,3067.1368,53.6179,53.3616,0.2563,45.0720,53.4459,48.4668,4.9791,-1.6593,3067.1368,NA,NA,NA
Stalker2-Win64-Shipping.exe,17996,0x4DE2B640,DXGI,0,0,1,Hardware Composed: Independent Flip,3171.7286,NA,51.23020000000000,53.78790000000000,0.23720000000000,46.18000000000000,47.7273,3120.7547,51.2111,50.9739,0.2372,44.9000,52.2539,49.7702,2.4837,-0.1700,3120.7547,NA,NA,NA
Stalker2-Win64-Shipping.exe,17996,0x4DE2B640,DXGI,0,0,1,Hardware Composed: Independent Flip,3223.8330,NA,52.10440000000001,49.89930000000000,0.27010000000000,45.50880000000000,45.5222,3171.9658,52.1373,51.8672,0.2701,45.9428,51.4332,49.3101,2.1231,1.3118,3171.9658,NA,NA,NA
Stalker2-Win64-Shipping.exe,17996,0x4DE2B640,DXGI,0,0,1,Hardware Composed: Independent Flip,3277.4803,NA,53.64730000000000,53.46650000000000,0.37080000000000,45.30050000000000,45.3414,3224.1031,53.7480,53.3772,0.3708,45.2387,53.4390,48.4736,4.9654,-1.3292,3224.1031,NA,NA,NA
Stalker2-Win64-Shipping.exe,17996,0x4DE2B640,DXGI,0,0,1,Hardware Composed: Independent Flip,3329.1500,NA,51.66970000000001,53.39440000000000,0.25500000000000,46.10680000000000,47.0661,3277.8511,51.5539,51.2989,0.2550,44.9297,52.4760,49.1512,3.3248,0.3536,3277.8511,NA,NA,NA
Stalker2-Win64-Shipping.exe,17996,0x4DE2B640,DXGI,0,0,1,Hardware Composed: Independent Flip,3381.7236,NA,52.57360000000000,50.92400000000000,0.29840000000000,45.40310000000000,45.4165,3329.4050,52.6170,52.3186,0.2984,45.8518,51.8699,48.5263,3.3436,0.6299,3329.4050,NA,NA,NA
Stalker2-Win64-Shipping.exe,17996,0x4DE2B640,DXGI,0,0,1,Hardware Composed: Independent Flip,3435.2139,NA,53.49030000000000,53.55960000000000,0.37370000000000,45.47130000000000,45.4858,3382.0220,53.5656,53.1919,0.3737,45.1047,53.5585,48.6317,4.9268,-0.9426,3382.0220,NA,NA,NA
Stalker2-Win64-Shipping.exe,17996,0x4DE2B640,DXGI,0,0,1,Hardware Composed: Independent Flip,3488.6828,NA,53.46890000000000,53.75150000000000,0.49660000000000,44.86640000000000,45.7684,3435.5876,53.5918,53.0952,0.4966,45.0976,52.8640,48.1189,4.7451,-0.1859,3435.5876,NA,NA,NA
Stalker2-Win64-Shipping.exe,17996,0x4DE2B640,DXGI,0,0,1,Hardware Composed: Independent Flip,3540.7104,NA,52.02760000000000,51.66690000000001,0.28510000000000,45.39250000000001,45.4077,3489.1794,51.8161,51.5310,0.2851,44.3698,52.5537,48.4575,4.0962,1.9249,3489.1794,NA,NA,NA
Stalker2-Win64-Shipping.exe,17996,0x4DE2B640,DXGI,0,0,1,Hardware Composed: Independent Flip,3593.5693,NA,52.85890000000001,52.31630000000001,0.28920000000000,44.84440000000000,44.8651,3540.9955,52.8630,52.5738,0.2892,45.1074,52.3108,48.4891,3.8217,-0.5002,3540.9955,NA,NA,NA
Stalker2-Win64-Shipping.exe,17996,0x4DE2B640,DXGI,0,0,1,Hardware Composed: Independent Flip,3646.7146,NA,53.14530000000001,53.61890000000000,0.26300000000000,45.31140000000000,45.3387,3593.8585,53.1191,52.8561,0.2630,44.5552,53.6123,48.8720,4.7403,-0.7559,3593.8585,NA,NA,NA
Stalker2-Win64-Shipping.exe,17996,0x4DE2B640,DXGI,0,0,1,Hardware Composed: Independent Flip,3699.7564,NA,53.04180000000000,53.78670000000000,0.32740000000000,45.58380000000000,46.0836,3646.9776,53.1062,52.7788,0.3274,45.0484,53.3142,48.8564,4.4578,-0.6676,3646.9776,NA,NA,NA
Stalker2-Win64-Shipping.exe,17996,0x4DE2B640,DXGI,0,0,1,Hardware Composed: Independent Flip,3752.9725,NA,53.21610000000000,52.59070000000001,0.26410000000000,45.44460000000000,45.4582,3700.0838,53.1528,52.8887,0.2641,45.2564,53.0769,48.6025,4.4744,0.5155,3700.0838,NA,NA,NA
Stalker2-Win64-Shipping.exe,17996,0x4DE2B640,DXGI,0,0,1,Hardware Composed: Independent Flip,3804.7523,NA,51.77980000000000,53.20820000000001,0.26880000000000,46.85940000000000,46.8866,3753.2366,51.7845,51.5157,0.2688,45.1805,53.1946,49.9045,3.2901,-0.0554,3753.2366,NA,NA,NA
Stalker2-Win64-Shipping.exe,17996,0x4DE2B640,DXGI,0,0,1,Hardware Composed: Independent Flip,3857.6731,NA,52.92080000000000,51.77190000000000,0.26460000000000,45.42440000000001,45.7377,3805.0211,52.9166,52.6520,0.2646,46.5906,51.4858,48.6667,2.8191,0.0126,3805.0211,NA,NA,NA
Stalker2-Win64-Shipping.exe,17996,0x4DE2B640,DXGI,0,0,1,Hardware Composed: Independent Flip,3909.5112,NA,51.83810000000000,51.94120000000000,0.28540000000000,45.82720000000000,45.8408,3857.9377,51.8589,51.5735,0.2854,45.1598,52.2409,48.9554,3.2855,0.9754,3857.9377,NA,NA,NA
Stalker2-Win64-Shipping.exe,17996,0x4DE2B640,DXGI,0,0,1,Hardware Composed: Independent Flip,3963.4939,NA,53.98270000000000,53.45270000000000,0.39150000000000,44.73220000000000,45.3108,3909.7966,54.0888,53.6973,0.3915,45.5418,52.8877,48.9333,3.9544,-1.5938,3909.7966,NA,NA,NA
Stalker2-Win64-Shipping.exe,17996,0x4DE2B640,DXGI,0,0,1,Hardware Composed: Independent Flip,4014.8611,NA,51.36720000000000,50.81890000000000,0.27000000000000,44.74740000000000,44.7625,3963.8854,51.2457,50.9757,0.2700,44.3407,51.3824,48.3940,2.9884,3.2699,3963.8854,NA,NA,NA
Stalker2-Win64-Shipping.exe,17996,0x4DE2B640,DXGI,0,0,1,Hardware Composed: Independent Flip,4067.7992,NA,52.93810000000001,53.41250000000000,0.36520000000000,45.21560000000000,45.2369,4015.1311,53.0333,52.6681,0.3652,44.4774,53.4063,48.5941,4.8122,-2.1668,4015.1311,NA,NA,NA
Stalker2-Win64-Shipping.exe,17996,0x4DE2B640,DXGI,0,0,1,Hardware Composed: Independent Flip,4121.5486,NA,53.74940000000000,55.48230000000000,0.27480000000000,45.61640000000000,46.9698,4068.1644,53.6590,53.3842,0.2748,44.8504,54.1502,48.9953,5.1549,-2.4490,4068.1644,NA,NA,NA
Stalker2-Win64-Shipping.exe,17996,0x4DE2B640,DXGI,0,0,1,Hardware Composed: Independent Flip,4173.8981,NA,52.34950000000000,50.62320000000000,0.26410000000000,45.09660000000000,45.2435,4121.8234,52.3388,52.0747,0.2641,45.3416,51.8297,48.6312,3.1985,3.0358,4121.8234,NA,NA,NA
Stalker2-Win64-Shipping.exe,17996,0x4DE2B640,DXGI,0,0,1,Hardware Composed: Independent Flip,4226.6724,NA,52.77430000000000,53.11860000000000,0.29950000000000,45.56810000000000,45.5878,4174.1622,52.8097,52.5102,0.2995,44.8325,53.2458,48.7069,4.5389,-0.7798,4174.1622,NA,NA,NA
Stalker2-Win64-Shipping.exe,17996,0x4DE2B640,DXGI,0,0,1,Hardware Composed: Independent Flip,4278.9692,NA,52.29680000000000,53.79070000000000,0.31690000000000,45.57540000000000,47.0817,4226.9719,52.3142,51.9973,0.3169,45.2686,52.3041,48.6816,3.6225,-0.9810,4226.9719,NA,NA,NA
Stalker2-Win64-Shipping.exe,17996,0x4DE2B640,DXGI,0,0,1,Hardware Composed: Independent Flip,4331.4059,NA,52.43670000000000,50.97610000000000,0.24180000000000,45.60510000000000,45.6211,4279.2861,52.3616,52.1198,0.2418,45.2585,52.4664,48.8682,3.5982,1.3381,4279.2861,NA,NA,NA
Stalker2-Win64-Shipping.exe,17996,0x4DE2B640,DXGI,0,0,1,Hardware Composed: Independent Flip,4384.2548,NA,52.84890000000000,52.55040000000000,0.31650000000000,45.18940000000000,45.3226,4331.6477,52.9236,52.6071,0.3165,45.3633,52.4332,48.7710,3.6622,-0.1888,4331.6477,NA,NA,NA
Stalker2-Win64-Shipping.exe,17996,0x4DE2B640,DXGI,0,0,1,Hardware Composed: Independent Flip,4437.1763,NA,52.92150000000000,54.37860000000001,0.25770000000000,46.76700000000000,46.7797,4384.5713,52.8627,52.6050,0.2577,44.8729,54.4991,50.3972,4.1019,-1.4550,4384.5713,NA,NA,NA
Stalker2-Win64-Shipping.exe,17996,0x4DE2B640,DXGI,0,0,1,Hardware Composed: Independent Flip,4489.5803,NA,52.40400000000000,51.59530000000000,0.29570000000000,44.92970000000000,45.9710,4437.4340,52.4420,52.1463,0.2957,46.5093,50.5667,48.3413,2.2254,1.2674,4437.4340,NA,NA,NA
Stalker2-Win64-Shipping.exe,17996,0x4DE2B640,DXGI,0,0,1,Hardware Composed: Independent Flip,4541.7384,NA,52.15810000000000,51.47640000000001,0.30390000000000,45.27450000000000,45.2893,4489.8760,52.1663,51.8624,0.3039,44.6340,52.5029,48.8590,3.6439,0.9656,4489.8760,NA,NA,NA
Stalker2-Win64-Shipping.exe,17996,0x4DE2B640,DXGI,0,0,1,Hardware Composed: Independent Flip,4594.5212,NA,52.78280000000000,54.04660000000001,0.30030000000000,45.37870000000000,46.5531,4542.0423,52.7792,52.4789,0.3003,44.9706,52.8870,48.5812,4.3058,-1.8803,4542.0423,NA,NA,NA
Stalker2-Win64-Shipping.exe,17996,0x4DE2B640,DXGI,0,0,1,Hardware Composed: Independent Flip,4646.9675,NA,52.44630000000000,51.27500000000001,0.30610000000000,45.36580000000000,45.3818,4594.8215,52.4521,52.1460,0.3061,45.0784,52.4334,48.4268,4.0066,1.5042,4594.8215,NA,NA,NA
Stalker2-Win64-Shipping.exe,17996,0x4DE2B640,DXGI,0,0,1,Hardware Composed: Independent Flip,4699.5139,NA,52.54640000000001,53.34830000000000,0.32910000000000,46.16950000000000,46.1837,4647.2736,52.5694,52.2403,0.3291,45.0597,53.3501,49.2814,4.0687,-0.8962,4647.2736,NA,NA,NA
Stalker2-Win64-Shipping.exe,17996,0x4DE2B640,DXGI,0,0,1,Hardware Composed: Independent Flip,4753.4903,NA,53.97640000000001,53.46360000000000,0.28220000000000,45.02090000000000,45.6709,4699.8430,53.9295,53.6473,0.2822,45.8404,52.8278,48.1766,4.6512,-0.8942,4699.8430,NA,NA,NA
Stalker2-Win64-Shipping.exe,17996,0x4DE2B640,DXGI,0,0,1,Hardware Composed: Independent Flip,4805.1571,NA,51.66680000000000,50.96600000000000,0.25530000000000,44.95550000000000,44.9701,4753.7725,51.6399,51.3846,0.2553,44.7387,51.6014,48.2952,3.3062,2.9635,4753.7725,NA,NA,NA
Stalker2-Win64-Shipping.exe,17996,0x4DE2B640,DXGI,0,0,1,Hardware Composed: Independent Flip,4857.9087,NA,52.75160000000000,53.03820000000000,0.33120000000000,45.23670000000000,45.2567,4805.4124,52.8275,52.4963,0.3312,44.7002,53.0328,48.8153,4.2175,-1.3983,4805.4124,NA,NA,NA
Stalker2-Win64-Shipping.exe,17996,0x4DE2B640,DXGI,0,0,1,Hardware Composed: Independent Flip,4910.4291,NA,52.52040000000000,53.48250000000000,0.25730000000000,45.31350000000000,46.2188,4858.2399,52.4465,52.1892,0.2573,44.9055,52.5972,48.9023,3.6949,-0.6550,4858.2399,NA,NA,NA
Stalker2-Win64-Shipping.exe,17996,0x4DE2B640,DXGI,0,0,1,Hardware Composed: Independent Flip,4963.6770,NA,53.24790000000000,51.93000000000000,0.32060000000000,44.88460000000000,44.9009,4910.6864,53.3112,52.9906,0.3206,45.0562,52.8190,48.2551,4.5639,0.5165,4910.6864,NA,NA,NA
Stalker2-Win64-Shipping.exe,17996,0x4DE2B640,DXGI,0,0,1,Hardware Composed: Independent Flip,5016.3882,NA,52.71120000000001,53.46260000000000,0.28810000000000,45.49880000000000,45.6523,4963.9976,52.6787,52.3906,0.2881,44.5640,53.3254,48.9324,4.3930,-0.1514,4963.9976,NA,NA,NA
Stalker2-Win64-Shipping.exe,17996,0x4DE2B640,DXGI,0,0,1,Hardware Composed: Independent Flip,5067.9058,NA,51.51760000000000,52.30710000000001,0.27370000000000,46.15270000000000,46.4418,5016.6763,51.5032,51.2295,0.2737,45.2107,52.1715,49.5882,2.5833,0.3716,5016.6763,NA,NA,NA
Stalker2-Win64-Shipping.exe,17996,0x4DE2B640,DXGI,0,0,1,Hardware Composed: Independent Flip,5120.6425,NA,52.73670000000000,51.67700000000000,0.33580000000000,45.35300000000000,45.3821,5068.1795,52.7988,52.4630,0.3358,45.8790,51.9370,48.5313,3.4057,-0.1738,5068.1795,NA,NA,NA
Stalker2-Win64-Shipping.exe,17996,0x4DE2B640,DXGI,0,0,1,Hardware Composed: Independent Flip,5172.9891,NA,52.34660000000000,52.19070000000000,0.27250000000000,45.00800000000000,45.2262,5120.9783,52.2833,52.0108,0.2725,45.0172,52.0016,48.1183,3.8833,0.6081,5120.9783,NA,NA,NA
Stalker2-Win64-Shipping.exe,17996,0x4DE2B640,DXGI,0,0,1,Hardware Composed: Independent Flip,5224.5115,NA,51.52240000000000,51.24200000000000,0.24600000000000,44.92970000000000,44.9458,5173.2616,51.4959,51.2499,0.2460,44.7355,51.4441,48.5059,2.9382,1.0413,5173.2616,NA,NA,NA
Stalker2-Win64-Shipping.exe,17996,0x4DE2B640,DXGI,0,0,1,Hardware Composed: Independent Flip,5277.5656,NA,53.05410000000001,53.98800000000000,0.44280000000000,45.86460000000000,45.8797,5224.7575,53.2509,52.8081,0.4428,44.6837,53.9890,49.2970,4.6920,-2.4921,5224.7575,NA,NA,NA
Stalker2-Win64-Shipping.exe,17996,0x4DE2B640,DXGI,0,0,1,Hardware Composed: Independent Flip,5329.9581,NA,52.39250000000001,53.20120000000000,0.28850000000000,45.53490000000000,46.6884,5278.0084,52.2382,51.9497,0.2885,45.4218,52.0628,48.6719,3.3909,0.0497,5278.0084,NA,NA,NA
Stalker2-Win64-Shipping.exe,17996,0x4DE2B640,DXGI,0,0,1,Hardware Composed: Independent Flip,5383.1619,NA,53.20380000000000,52.27110000000000,0.28460000000000,45.74180000000000,45.7557,5330.2466,53.1999,52.9153,0.2846,45.2464,53.4107,49.0639,4.3468,-0.0329,5330.2466,NA,NA,NA
Stalker2-Win64-Shipping.exe,17996,0x4DE2B640,DXGI,0,0,1,Hardware Composed: Independent Flip,5435.6409,NA,52.47900000000000,52.90630000000000,0.30440000000000,45.46340000000000,46.1830,5383.4465,52.4988,52.1944,0.3044,45.4572,52.2006,48.4931,3.7075,0.2936,5383.4465,NA,NA,NA
Stalker2-Win64-Shipping.exe,17996,0x4DE2B640,DXGI,0,0,1,Hardware Composed: Independent Flip,5487.6437,NA,52.00280000000000,51.41610000000000,0.37420000000000,45.57850000000001,45.5963,5435.9453,52.0726,51.6984,0.3742,45.1590,52.1179,48.6635,3.4544,1.0827,5435.9453,NA,NA,NA
Stalker2-Win64-Shipping.exe,17996,0x4DE2B640,DXGI,0,0,1,Hardware Composed: Independent Flip,5540.1840,NA,52.54030000000000,52.64410000000000,0.32280000000000,45.68500000000000,45.7001,5488.0179,52.4889,52.1661,0.3228,45.2043,52.6468,48.7896,3.8572,-0.5715,5488.0179,NA,NA,NA
Stalker2-Win64-Shipping.exe,17996,0x4DE2B640,DXGI,0,0,1,Hardware Composed: Independent Flip,5592.4303,NA,52.24630000000001,51.36140000000000,0.24340000000000,44.70160000000000,44.8152,5540.5068,52.1669,51.9235,0.2434,45.3622,51.2629,47.9746,3.2883,1.1275,5540.5068,NA,NA,NA
Stalker2-Win64-Shipping.exe,17996,0x4DE2B640,DXGI,0,0,1,Hardware Composed: Independent Flip,5645.0643,NA,52.63400000000000,52.30500000000000,0.24530000000000,44.44480000000000,44.4862,5592.6737,52.6359,52.3906,0.2453,44.4582,52.3772,48.1979,4.1793,-0.1381,5592.6737,NA,NA,NA
Stalker2-Win64-Shipping.exe,17996,0x4DE2B640,DXGI,0,0,1,Hardware Composed: Independent Flip,5697.1705,NA,52.10620000000000,54.81910000000001,0.27920000000000,46.47580000000000,47.1991,5645.3096,52.1401,51.8609,0.2792,44.1995,54.1372,50.1829,3.9543,-2.1832,5645.3096,NA,NA,NA
Stalker2-Win64-Shipping.exe,17996,0x4DE2B640,DXGI,0,0,1,Hardware Composed: Independent Flip,5751.3984,NA,54.22790000000001,52.95880000000000,0.31660000000000,45.29170000000000,45.9300,5697.4497,54.2653,53.9487,0.3166,46.1966,53.0438,49.2392,3.8046,-0.8187,5697.4497,NA,NA,NA
Stalker2-Win64-Shipping.exe,17996,0x4DE2B640,DXGI,0,0,1,Hardware Composed: Independent Flip,5804.0166,NA,52.61820000000000,52.15630000000000,0.30510000000000,45.45230000000000,45.4681,5751.7150,52.6067,52.3016,0.3051,44.9751,52.7788,48.6199,4.1589,2.1090,5751.7150,NA,NA,NA
Stalker2-Win64-Shipping.exe,17996,0x4DE2B640,DXGI,0,0,1,Hardware Composed: Independent Flip,5856.1497,NA,52.13310000000001,53.73160000000000,0.31480000000000,46.84770000000000,47.0666,5804.3217,52.1428,51.8280,0.3148,45.1472,53.5285,49.9701,3.5584,-1.1249,5804.3217,NA,NA,NA
Stalker2-Win64-Shipping.exe,17996,0x4DE2B640,DXGI,0,0,1,Hardware Composed: Independent Flip,5908.8107,NA,52.66100000000000,50.84510000000000,0.26320000000000,45.00070000000000,45.2507,5856.4645,52.6094,52.3462,0.2632,46.5329,50.8140,48.3695,2.4445,1.2977,5856.4645,NA,NA,NA
Stalker2-Win64-Shipping.exe,17996,0x4DE2B640,DXGI,0,0,1,Hardware Composed: Independent Flip,5960.5042,NA,51.69350000000000,52.24190000000000,0.27310000000000,45.76920000000000,45.7991,5909.0739,51.7034,51.4303,0.2731,44.7375,52.4620,48.8854,3.5766,0.3675,5909.0739,NA,NA,NA
Stalker2-Win64-Shipping.exe,17996,0x4DE2B640,DXGI,0,0,1,Hardware Composed: Independent Flip,6012.8484,NA,52.34420000000000,53.15770000000001,0.28800000000000,45.35730000000000,46.6126,5960.7773,52.3591,52.0711,0.2880,45.4961,51.9323,48.4080,3.5243,-1.4543,5960.7773,NA,NA,NA
Stalker2-Win64-Shipping.exe,17996,0x4DE2B640,DXGI,0,0,1,Hardware Composed: Independent Flip,6065.7256,NA,52.87720000000000,51.59610000000000,0.25040000000000,45.30510000000000,45.3315,6013.1364,52.8396,52.5892,0.2504,45.0693,52.8250,48.6642,4.1608,0.7630,6013.1364,NA,NA,NA
Stalker2-Win64-Shipping.exe,17996,0x4DE2B640,DXGI,0,0,1,Hardware Composed: Independent Flip,6118.7663,NA,53.04070000000000,54.13040000000000,0.31240000000000,45.94500000000000,46.4212,6065.9760,53.1027,52.7903,0.3124,45.0547,53.6806,49.1901,4.4905,-1.2908,6065.9760,NA,NA,NA
Stalker2-Win64-Shipping.exe,17996,0x4DE2B640,DXGI,0,0,1,Hardware Composed: Independent Flip,6171.9310,NA,53.16470000000000,52.40700000000000,0.30820000000000,45.26190000000000,45.6635,6119.0787,53.1605,52.8523,0.3082,45.6326,52.4816,48.4452,4.0364,0.6957,6119.0787,NA,NA,NA
Stalker2-Win64-Shipping.exe,17996,0x4DE2B640,DXGI,0,0,1,Hardware Composed: Independent Flip,6225.2856,NA,53.35460000000000,53.07630000000000,0.26480000000000,45.36750000000000,45.3852,6172.2392,53.3112,53.0464,0.2648,44.9537,53.4602,48.7494,4.7108,0.0842,6172.2392,NA,NA,NA
Stalker2-Win64-Shipping.exe,17996,0x4DE2B640,DXGI,0,0,1,Hardware Composed: Independent Flip,6278.6183,NA,53.33270000000000,54.57800000000000,0.37290000000000,45.89120000000000,46.6305,6225.5504,53.4408,53.0679,0.3729,45.1027,53.8564,48.9737,4.8827,-1.2668,6225.5504,NA,NA,NA
Stalker2-Win64-Shipping.exe,17996,0x4DE2B640,DXGI,0,0,1,Hardware Composed: Independent Flip,6330.8478,NA,52.22950000000000,52.70560000000000,0.24850000000000,47.01520000000000,47.1066,6278.9912,52.1051,51.8566,0.2485,45.5183,53.3535,50.2022,3.1513,0.7352,6278.9912,NA,NA,NA
Stalker2-Win64-Shipping.exe,17996,0x4DE2B640,DXGI,0,0,1,Hardware Composed: Independent Flip,6383.9014,NA,53.05360000000000,51.07980000000001,0.28640000000000,45.09530000000000,45.1328,6331.0963,53.0915,52.8051,0.2864,46.7667,51.1337,48.2767,2.8570,1.0253,6331.0963,NA,NA,NA
Stalker2-Win64-Shipping.exe,17996,0x4DE2B640,DXGI,0,0,1,Hardware Composed: Independent Flip,6437.6863,NA,53.78490000000000,53.90770000000001,0.25490000000000,45.24120000000000,45.2556,6384.1878,53.7534,53.4985,0.2549,44.8089,53.9308,49.6147,4.3161,-0.8162,6384.1878,NA,NA,NA
Stalker2-Win64-Shipping.exe,17996,0x4DE2B640,DXGI,0,0,1,Hardware Composed: Independent Flip,6489.1034,NA,51.41710000000000,52.70960000000000,0.23640000000000,45.19450000000001,46.5481,6437.9412,51.3986,51.1622,0.2364,44.9863,51.3704,48.7773,2.5931,1.0438,6437.9412,NA,NA,NA
Stalker2-Win64-Shipping.exe,17996,0x4DE2B640,DXGI,0,0,1,Hardware Composed: Independent Flip,6541.5239,NA,52.42050000000000,51.33710000000000,0.30880000000000,45.44750000000001,45.4647,6489.3398,52.4929,52.1841,0.3088,44.9581,52.6735,48.9715,3.7020,0.0615,6489.3398,NA,NA,NA
Stalker2-Win64-Shipping.exe,17996,0x4DE2B640,DXGI,0,0,1,Hardware Composed: Independent Flip,6595.1275,NA,53.60360000000000,54.29900000000000,0.37830000000000,45.33560000000000,46.1601,6541.8327,53.6731,53.2948,0.3783,45.1387,53.4917,48.5681,4.9236,-1.8061,6541.8327,NA,NA,NA
Stalker2-Win64-Shipping.exe,17996,0x4DE2B640,DXGI,0,0,1,Hardware Composed: Independent Flip,6647.9523,NA,52.82480000000000,51.87320000000000,0.27770000000000,45.15990000000000,45.2085,6595.5058,52.7242,52.4465,0.2777,44.9573,52.6491,48.4102,4.2389,1.7999,6595.5058,NA,NA,NA
Stalker2-Win64-Shipping.exe,17996,0x4DE2B640,DXGI,0,0,1,Hardware Composed: Independent Flip,6701.1126,NA,53.16030000000000,54.04410000000000,0.26350000000000,46.07780000000000,46.0923,6648.2300,53.1461,52.8826,0.2635,44.8822,54.0782,49.4865,4.5917,-1.3199,6648.2300,NA,NA,NA
Stalker2-Win64-Shipping.exe,17996,0x4DE2B640,DXGI,0,0,1,Hardware Composed: Independent Flip,6753.9513,NA,52.83870000000000,52.88760000000000,0.29350000000000,45.05170000000000,46.1412,6701.3761,52.8687,52.5752,0.2935,45.8143,51.8126,48.2246,3.5880,0.2585,6701.3761,NA,NA,NA
Stalker2-Win64-Shipping.exe,17996,0x4DE2B640,DXGI,0,0,1,Hardware Composed: Independent Flip,6807.1203,NA,53.16900000000000,51.83170000000000,0.28470000000000,44.78980000000000,44.8039,6754.2448,53.1602,52.8755,0.2847,44.7582,52.9071,47.9935,4.9136,1.0370,6754.2448,NA,NA,NA
Stalker2-Win64-Shipping.exe,17996,0x4DE2B640,DXGI,0,0,1,Hardware Composed: Independent Flip,6859.8165,NA,52.69620000000000,54.06540000000000,0.29280000000000,45.44040000000000,46.1731,6807.4050,52.7043,52.4115,0.2928,44.5051,53.3468,49.0095,4.3373,-0.9052,6807.4050,NA,NA,NA
Stalker2-Win64-Shipping.exe,17996,0x4DE2B640,DXGI,0,0,1,Hardware Composed: Independent Flip,6912.7062,NA,52.88970000000000,51.83670000000000,0.25800000000000,45.10440000000001,45.1201,6860.1093,52.8549,52.5969,0.2580,45.1476,52.5537,48.3499,4.2038,0.8676,6860.1093,NA,NA,NA
Stalker2-Win64-Shipping.exe,17996,0x4DE2B640,DXGI,0,0,1,Hardware Composed: Independent Flip,6965.1112,NA,52.40500000000000,53.72670000000000,0.27540000000000,46.42610000000001,46.4418,6912.9642,52.4224,52.1470,0.2754,44.8464,53.7267,49.7503,3.9764,-0.8718,6912.9642,NA,NA,NA
Stalker2-Win64-Shipping.exe,17996,0x4DE2B640,DXGI,0,0,1,Hardware Composed: Independent Flip,7017.5467,NA,52.43550000000000,52.61600000000000,0.28670000000000,45.69700000000000,46.6223,6965.3866,52.4468,52.1601,0.2867,46.1507,51.7064,48.7415,2.9649,-0.1936,6965.3866,NA,NA,NA
Stalker2-Win64-Shipping.exe,17996,0x4DE2B640,DXGI,0,0,1,Hardware Composed: Independent Flip,7070.2881,NA,52.74140000000001,51.08190000000000,0.29700000000000,44.93480000000000,44.9628,7017.8334,52.7517,52.4547,0.2970,45.4103,51.9792,48.0994,3.8798,1.3649,7017.8334,NA,NA,NA
Stalker2-Win64-Shipping.exe,17996,0x4DE2B640,DXGI,0,0,1,Hardware Composed: Independent Flip,7122.4018,NA,52.11370000000000,52.79400000000000,0.28870000000000,45.35400000000000,45.6431,7070.5851,52.1054,51.8167,0.2887,44.6378,52.5329,48.5167,4.0162,-0.0423,7070.5851,NA,NA,NA
Stalker2-Win64-Shipping.exe,17996,0x4DE2B640,DXGI,0,0,1,Hardware Composed: Independent Flip,7174.8858,NA,52.48400000000000,51.91390000000001,0.29610000000000,45.05780000000000,45.0730,7122.6905,52.4914,52.1953,0.2961,45.0653,52.1878,48.1623,4.0255,0.1915,7122.6905,NA,NA,NA
Stalker2-Win64-Shipping.exe,17996,0x4DE2B640,DXGI,0,0,1,Hardware Composed: Independent Flip,7227.6778,NA,52.79200000000000,52.76660000000000,0.27110000000000,45.03220000000000,45.0476,7175.1819,52.7670,52.4959,0.2711,44.7617,52.7664,48.2025,4.5639,-0.2752,7175.1819,NA,NA,NA
Stalker2-Win64-Shipping.exe,17996,0x4DE2B640,DXGI,0,0,1,Hardware Composed: Independent Flip,7280.5484,NA,52.87060000000000,53.12400000000000,0.26800000000000,44.90280000000000,45.3010,7227.9489,52.8675,52.5995,0.2680,44.7611,52.7412,48.6386,4.1026,-0.3570,7227.9489,NA,NA,NA
Stalker2-Win64-Shipping.exe,17996,0x4DE2B640,DXGI,0,0,1,Hardware Composed: Independent Flip,7332.9590,NA,52.41060000000000,52.06140000000000,0.35310000000000,44.93260000000000,44.9518,7280.8164,52.4957,52.1426,0.3531,44.6348,52.4404,48.6179,3.8225,0.8061,7280.8164,NA,NA,NA
Stalker2-Win64-Shipping.exe,17996,0x4DE2B640,DXGI,0,0,1,Hardware Composed: Independent Flip,7386.0899,NA,53.13090000000000,53.41360000000000,0.38100000000000,45.21990000000000,45.2345,7333.3121,53.1588,52.7778,0.3810,44.5795,53.4182,48.4008,5.0174,-0.9179,7333.3121,NA,NA,NA
Stalker2-Win64-Shipping.exe,17996,0x4DE2B640,DXGI,0,0,1,Hardware Composed: Independent Flip,7438.3695,NA,52.27960000000000,53.17210000000000,0.29890000000000,45.43380000000001,46.1270,7386.4709,52.1975,51.8986,0.2989,44.8389,52.4935,48.6088,3.8847,-0.0133,7386.4709,NA,NA,NA
Stalker2-Win64-Shipping.exe,17996,0x4DE2B640,DXGI,0,0,1,Hardware Composed: Independent Flip,7491.5286,NA,53.15910000000000,52.44550000000000,0.26670000000000,45.38530000000000,45.4134,7438.6684,53.1269,52.8602,0.2667,45.1349,53.1106,48.6968,4.4138,-0.2480,7438.6684,NA,NA,NA
Stalker2-Win64-Shipping.exe,17996,0x4DE2B640,DXGI,0,0,1,Hardware Composed: Independent Flip,7543.1471,NA,51.61850000000000,52.42510000000000,0.32400000000000,45.86480000000000,46.2200,7491.7953,51.6758,51.3518,0.3240,45.1186,52.0980,48.9859,3.1121,0.7018,7491.7953,NA,NA,NA
Stalker2-Win64-Shipping.exe,17996,0x4DE2B640,DXGI,0,0,1,Hardware Composed: Independent Flip,7595.1687,NA,52.02160000000000,52.75070000000000,0.33880000000000,46.89430000000000,46.9491,7543.4711,52.0364,51.6976,0.3388,45.5408,53.0511,49.9675,3.0836,-1.0749,7543.4711,NA,NA,NA
Stalker2-Win64-Shipping.exe,17996,0x4DE2B640,DXGI,0,0,1,Hardware Composed: Independent Flip,7647.7696,NA,52.60090000000000,51.13220000000000,0.32230000000000,44.93400000000000,45.4804,7595.5075,52.5844,52.2621,0.3223,46.5555,50.6406,48.8321,1.8085,0.9042,7595.5075,NA,NA,NA
Stalker2-Win64-Shipping.exe,17996,0x4DE2B640,DXGI,0,0,1,Hardware Composed: Independent Flip,7700.5598,NA,52.79020000000001,52.57720000000000,0.30030000000000,45.24150000000000,45.2674,7648.0919,52.7682,52.4679,0.3003,44.6117,53.0977,48.9217,4.1760,0.0072,7648.0919,NA,NA,NA
Stalker2-Win64-Shipping.exe,17996,0x4DE2B640,DXGI,0,0,1,Hardware Composed: Independent Flip,7752.2078,NA,51.64800000000000,53.00060000000001,0.27310000000000,45.18950000000000,46.6200,7700.8601,51.6208,51.3477,0.2731,44.9412,51.5960,48.5771,3.0189,-0.2324,7700.8601,NA,NA,NA
Stalker2-Win64-Shipping.exe,17996,0x4DE2B640,DXGI,0,0,1,Hardware Composed: Independent Flip,7806.3147,NA,54.10690000000000,53.03980000000000,0.26900000000000,45.53890000000001,45.5529,7752.4809,54.1028,53.8338,0.2690,44.9164,54.4563,49.0824,5.3739,-1.4190,7752.4809,NA,NA,NA
Stalker2-Win64-Shipping.exe,17996,0x4DE2B640,DXGI,0,0,1,Hardware Composed: Independent Flip,7858.1595,NA,51.84480000000000,53.63620000000000,0.28740000000000,45.84060000000000,47.3443,7806.5837,51.8632,51.5758,0.2874,45.2699,52.1465,49.0767,3.0698,0.4666,7806.5837,NA,NA,NA
Stalker2-Win64-Shipping.exe,17996,0x4DE2B640,DXGI,0,0,1,Hardware Composed: Independent Flip,7911.4500,NA,53.29050000000000,51.44060000000000,0.30370000000000,45.46440000000000,45.4944,7858.4469,53.3068,53.0031,0.3037,45.5532,52.9143,48.5960,4.3183,0.4226,7858.4469,NA,NA,NA
Stalker2-Win64-Shipping.exe,17996,0x4DE2B640,DXGI,0,0,1,Hardware Composed: Independent Flip,7965.3378,NA,53.88780000000001,53.88130000000000,0.30540000000000,45.02940000000000,45.4879,7911.7537,53.8895,53.5841,0.3054,45.1607,53.4528,48.2815,5.1713,-0.5745,7911.7537,NA,NA,NA
Stalker2-Win64-Shipping.exe,17996,0x4DE2B640,DXGI,0,0,1,Hardware Composed: Independent Flip,8016.5844,NA,51.24660000000000,51.88770000000000,0.25390000000000,45.97530000000000,46.1290,7965.6432,51.1951,50.9412,0.2539,44.7240,52.1925,49.2516,2.9409,2.0018,7965.6432,NA,NA,NA
Stalker2-Win64-Shipping.exe,17996,0x4DE2B640,DXGI,0,0,1,Hardware Composed: Independent Flip,8069.2108,NA,52.62640000000000,51.27110000000000,0.25120000000000,44.76280000000001,44.7737,8016.8383,52.6237,52.3725,0.2512,45.7214,51.4139,48.6743,2.7396,-0.0760,8016.8383,NA,NA,NA
Stalker2-Win64-Shipping.exe,17996,0x4DE2B640,DXGI,0,0,1,Hardware Composed: Independent Flip,8121.9223,NA,52.71150000000000,53.56950000000001,0.30960000000000,45.61210000000001,45.6317,8069.4620,52.7699,52.4603,0.3096,44.5116,53.5608,49.0722,4.4886,-0.9458,8069.4620,NA,NA,NA
Stalker2-Win64-Shipping.exe,17996,0x4DE2B640,DXGI,0,0,1,Hardware Composed: Independent Flip,8174.7533,NA,52.83100000000000,53.05050000000000,0.29320000000000,45.23510000000000,45.8512,8122.2319,52.8146,52.5214,0.2932,45.3025,52.4540,48.2989,4.1551,-0.2806,8122.2319,NA,NA,NA
Stalker2-Win64-Shipping.exe,17996,0x4DE2B640,DXGI,0,0,1,Hardware Composed: Independent Flip,8227.9564,NA,53.20310000000000,53.77390000000000,0.28910000000000,46.40850000000000,46.4220,8175.0465,53.1990,52.9099,0.2891,44.9419,54.3765,49.5676,4.8089,-0.9593,8175.0465,NA,NA,NA
Stalker2-Win64-Shipping.exe,17996,0x4DE2B640,DXGI,0,0,1,Hardware Composed: Independent Flip,8280.3174,NA,52.36100000000000,53.10220000000000,0.24550000000000,46.21300000000000,47.1632,8228.2455,52.3174,52.0719,0.2455,46.1194,52.1655,49.2789,2.8866,0.0968,8228.2455,NA,NA,NA
Stalker2-Win64-Shipping.exe,17996,0x4DE2B640,DXGI,0,0,1,Hardware Composed: Independent Flip,8333.1170,NA,52.79960000000001,51.31300000000000,0.29960000000000,45.66130000000000,45.6766,8280.5629,52.8537,52.5541,0.2996,45.9675,52.2479,48.8919,3.3560,1.0044,8280.5629,NA,NA,NA
Stalker2-Win64-Shipping.exe,17996,0x4DE2B640,DXGI,0,0,1,Hardware Composed: Independent Flip,8385.9689,NA,52.85190000000000,53.11710000000000,0.33520000000000,45.79160000000000,45.9418,8333.4166,52.8875,52.5523,0.3352,45.3617,52.9822,48.8946,4.0876,-0.2634,8333.4166,NA,NA,NA
Stalker2-Win64-Shipping.exe,17996,0x4DE2B640,DXGI,0,0,1,Hardware Composed: Independent Flip,8438.0151,NA,52.04620000000001,51.04180000000000,0.28050000000000,44.83100000000000,44.9374,8386.3041,51.9915,51.7110,0.2805,45.4564,51.0856,47.9387,3.1469,1.8457,8386.3041,NA,NA,NA
Stalker2-Win64-Shipping.exe,17996,0x4DE2B640,DXGI,0,0,1,Hardware Composed: Independent Flip,8492.5483,NA,54.53320000000000,54.46460000000000,0.26550000000000,44.85440000000001,44.8688,8438.2956,54.5182,54.2527,0.2655,44.5505,54.5566,48.4660,6.0906,-2.4731,8438.2956,NA,NA,NA
Stalker2-Win64-Shipping.exe,17996,0x4DE2B640,DXGI,0,0,1,Hardware Composed: Independent Flip,8544.0012,NA,51.45290000000000,53.55210000000000,0.32200000000000,45.01010000000000,46.9680,8492.8138,51.5094,51.1874,0.3220,44.5889,51.6086,48.5851,3.0235,0.9661,8492.8138,NA,NA,NA
Stalker2-Win64-Shipping.exe,17996,0x4DE2B640,DXGI,0,0,1,Hardware Composed: Independent Flip,8597.2130,NA,53.21180000000000,51.25430000000000,0.28810000000000,44.99240000000000,45.0105,8544.3232,53.1779,52.8898,0.2881,44.6881,53.1941,48.5833,4.6108,0.2551,8544.3232,NA,NA,NA
Stalker2-Win64-Shipping.exe,17996,0x4DE2B640,DXGI,0,0,1,Hardware Composed: Independent Flip,8650.1131,NA,52.90010000000000,54.47820000000000,0.30070000000000,45.63270000000000,46.5886,8597.5011,52.9127,52.6120,0.3007,44.7043,53.5404,49.1152,4.4252,-1.3003,8597.5011,NA,NA,NA
Stalker2-Win64-Shipping.exe,17996,0x4DE2B640,DXGI,0,0,1,Hardware Composed: Independent Flip,8702.9159,NA,52.80280000000000,51.42020000000000,0.25630000000000,45.18800000000000,45.2060,8650.4138,52.7584,52.5021,0.2563,45.3320,52.3581,48.2601,4.0980,1.4925,8650.4138,NA,NA,NA
Stalker2-Win64-Shipping.exe,17996,0x4DE2B640,DXGI,0,0,1,Hardware Composed: Independent Flip,8756.0357,NA,53.11980000000001,53.34570000000000,0.31600000000000,45.40390000000000,45.4319,8703.1722,53.1795,52.8635,0.3160,44.9317,53.3357,48.5682,4.7675,-0.5873,8703.1722,NA,NA,NA
Stalker2-Win64-Shipping.exe,17996,0x4DE2B640,DXGI,0,0,1,Hardware Composed: Independent Flip,8808.4096,NA,52.37390000000000,53.64560000000000,0.31510000000000,45.69850000000000,46.7036,8756.3517,52.3730,52.0579,0.3151,45.0879,52.6685,48.7701,3.8984,-0.4661,8756.3517,NA,NA,NA
Stalker2-Win64-Shipping.exe,17996,0x4DE2B640,DXGI,0,0,1,Hardware Composed: Independent Flip,8860.3810,NA,51.97140000000000,50.96230000000000,0.26030000000000,45.67930000000000,45.6945,8808.7247,51.9166,51.6563,0.2603,45.3834,51.9522,48.8000,3.1522,1.4107,8808.7247,NA,NA,NA
Stalker2-Win64-Shipping.exe,17996,0x4DE2B640,DXGI,0,0,1,Hardware Composed: Independent Flip,8913.2207,NA,52.83970000000000,52.53690000000000,0.26700000000000,45.37830000000000,45.3917,8860.6413,52.8464,52.5794,0.2670,45.4190,52.5387,49.0429,3.4958,-0.6203,8860.6413,NA,NA,NA
Stalker2-Win64-Shipping.exe,17996,0x4DE2B640,DXGI,0,0,1,Hardware Composed: Independent Flip,8965.2226,NA,52.00190000000000,51.59540000000001,0.31390000000000,44.64280000000000,44.9852,8913.4877,52.0488,51.7349,0.3139,45.1113,51.2664,48.2318,3.0346,1.2510,8913.4877,NA,NA,NA
Stalker2-Win64-Shipping.exe,17996,0x4DE2B640,DXGI,0,0,1,Hardware Composed: Independent Flip,9018.0527,NA,52.83010000000000,53.28070000000000,0.25530000000000,45.42150000000000,45.4358,8965.5365,52.7715,52.5162,0.2553,44.3289,53.6088,48.7279,4.8809,-1.2319,8965.5365,NA,NA,NA
Stalker2-Win64-Shipping.exe,17996,0x4DE2B640,DXGI,0,0,1,Hardware Composed: Independent Flip,9069.7782,NA,51.72550000000000,52.66890000000000,0.26550000000000,45.07850000000001,46.3792,9018.3080,51.7357,51.4702,0.2655,45.1662,51.3825,48.1336,3.2489,0.1026,9018.3080,NA,NA,NA
Stalker2-Win64-Shipping.exe,17996,0x4DE2B640,DXGI,0,0,1,Hardware Composed: Independent Flip,9122.2630,NA,52.48480000000000,51.53300000000000,0.32350000000000,45.41450000000000,45.4274,9070.0437,52.5428,52.2193,0.3235,44.8130,52.8208,48.5882,4.2326,0.2027,9070.0437,NA,NA,NA
Stalker2-Win64-Shipping.exe,17996,0x4DE2B640,DXGI,0,0,1,Hardware Composed: Independent Flip,9174.1557,NA,51.89270000000000,52.58640000000000,0.29270000000000,45.25970000000000,46.1211,9122.5865,51.8619,51.5692,0.2927,45.0910,51.7379,48.3316,3.4063,-0.0436,9122.5865,NA,NA,NA
Stalker2-Win64-Shipping.exe,17996,0x4DE2B640,DXGI,0,0,1,Hardware Composed: Independent Flip,9227.4085,NA,53.25280000000000,53.09810000000000,0.35360000000000,45.93880000000000,45.9664,9174.4484,53.3137,52.9601,0.3536,44.9670,53.9319,49.0987,4.8332,-1.2362,9174.4484,NA,NA,NA
Stalker2-Win64-Shipping.exe,17996,0x4DE2B640,DXGI,0,0,1,Hardware Composed: Independent Flip,9278.9213,NA,51.51280000000001,51.77130000000000,0.24620000000000,45.14830000000000,46.2249,9227.7621,51.4054,51.1592,0.2462,45.5852,50.7223,48.2389,2.4834,1.5424,9227.7621,NA,NA,NA
Stalker2-Win64-Shipping.exe,17996,0x4DE2B640,DXGI,0,0,1,Hardware Composed: Independent Flip,9330.1867,NA,51.26540000000000,50.18750000000000,0.24300000000000,45.13180000000001,45.1470,9279.1675,51.2622,51.0192,0.2430,44.9021,51.2489,48.5098,2.7391,1.2179,9279.1675,NA,NA,NA
Stalker2-Win64-Shipping.exe,17996,0x4DE2B640,DXGI,0,0,1,Hardware Composed: Independent Flip,9381.7529,NA,51.56620000000000,52.40560000000000,0.26220000000000,45.35400000000000,45.9864,9330.4297,51.5854,51.3232,0.2622,44.8888,51.7884,48.6160,3.1724,-1.1434,9330.4297,NA,NA,NA
Stalker2-Win64-Shipping.exe,17996,0x4DE2B640,DXGI,0,0,1,Hardware Composed: Independent Flip,9434.7504,NA,52.99750000000000,52.69170000000000,0.30720000000000,45.66660000000000,45.6806,9382.0151,53.0425,52.7353,0.3072,45.0918,53.3101,48.7942,4.5159,-1.1063,9382.0151,NA,NA,NA
Stalker2-Win64-Shipping.exe,17996,0x4DE2B640,DXGI,0,0,1,Hardware Composed: Independent Flip,9486.2987,NA,51.54830000000000,53.45970000000001,0.26120000000000,46.88500000000001,47.5920,9435.0576,51.5023,51.2411,0.2612,45.3594,52.7667,50.0259,2.7408,-0.4172,9435.0576,NA,NA,NA
Stalker2-Win64-Shipping.exe,17996,0x4DE2B640,DXGI,0,0,1,Hardware Composed: Independent Flip,9538.0726,NA,51.77390000000000,50.18010000000000,0.32790000000000,45.98370000000000,45.9982,9486.5599,51.8406,51.5127,0.3279,46.6238,50.8726,49.2123,1.6603,1.3222,9486.5599,NA,NA,NA
Stalker2-Win64-Shipping.exe,17996,0x4DE2B640,DXGI,0,0,1,Hardware Composed: Independent Flip,9590.2611,NA,52.18850000000000,51.67830000000000,0.30420000000000,45.47300000000000,45.4880,9538.4005,52.1648,51.8606,0.3042,45.6558,51.6778,48.5268,3.1510,0.1623,9538.4005,NA,NA,NA
Stalker2-Win64-Shipping.exe,17996,0x4DE2B640,DXGI,0,0,1,Hardware Composed: Independent Flip,9642.7828,NA,52.52170000000000,52.78110000000000,0.32650000000000,44.88940000000000,45.7474,9590.5653,52.5440,52.2175,0.3265,45.1688,51.9381,48.0364,3.9017,-0.6163,9590.5653,NA,NA,NA
Stalker2-Win64-Shipping.exe,17996,0x4DE2B640,DXGI,0,0,1,Hardware Composed: Independent Flip,9694.4551,NA,51.67230000000000,51.45650000000001,0.30720000000000,45.50220000000000,45.5316,9643.1093,51.6530,51.3458,0.3072,44.5629,52.2851,48.5640,3.7211,1.0875,9643.1093,NA,70.1981,NA
Stalker2-Win64-Shipping.exe,17996,0x4DE2B640,DXGI,0,0,1,Hardware Composed: Independent Flip,9746.6200,NA,52.16490000000000,51.24830000000000,0.26420000000000,44.42340000000000,44.6150,9694.7623,52.1219,51.8577,0.2642,45.1950,51.0861,47.6191,3.4670,0.4047,9694.7623,NA,NA,NA
Stalker2-Win64-Shipping.exe,17996,0x4DE2B640,DXGI,0,0,1,Hardware Composed: Independent Flip,9799.3182,NA,52.69820000000000,53.82890000000000,0.35820000000000,45.73050000000000,45.7457,9746.8842,52.7922,52.4340,0.3582,44.1592,54.0053,49.2191,4.7862,-1.7070,9746.8842,NA,NA,NA
Stalker2-Win64-Shipping.exe,17996,0x4DE2B640,DXGI,0,0,1,Hardware Composed: Independent Flip,9852.7832,NA,53.46500000000000,54.63480000000001,0.29940000000000,45.38540000000000,46.9155,9799.6764,53.4062,53.1068,0.2994,45.3723,53.1199,48.8465,4.2734,-1.8426,9799.6764,NA,NA,NA
Stalker2-Win64-Shipping.exe,17996,0x4DE2B640,DXGI,0,0,1,Hardware Composed: Independent Flip,9905.2255,NA,52.44230000000000,52.12840000000000,0.28870000000000,46.57240000000000,46.6016,9853.0826,52.4316,52.1429,0.2887,45.0860,53.6293,49.7619,3.8674,1.2778,9853.0826,NA,NA,NA
Stalker2-Win64-Shipping.exe,17996,0x4DE2B640,DXGI,0,0,1,Hardware Composed: Independent Flip,9957.3174,NA,52.09190000000000,51.19890000000000,0.30530000000000,45.50900000000000,45.7086,9905.5142,52.1085,51.8032,0.3053,46.2837,51.0285,48.5907,2.4378,1.2327,9905.5142,NA,NA,NA
Stalker2-Win64-Shipping.exe,17996,0x4DE2B640,DXGI,0,0,1,Hardware Composed: Independent Flip,10009.4827,NA,52.16530000000000,51.91730000000000,0.30590000000000,45.42750000000000,45.4606,9957.6227,52.1659,51.8600,0.3059,45.2037,52.0838,48.7435,3.3403,0.1912,9957.6227,NA,NA,NA
Stalker2-Win64-Shipping.exe,17996,0x4DE2B640,DXGI,0,0,1,Hardware Composed: Independent Flip,10062.8417,NA,53.35900000000000,53.87520000000000,0.28970000000000,45.25690000000000,45.9768,10009.7886,53.3428,53.0531,0.2897,45.1216,53.1884,48.8831,4.3053,-1.7093,10009.7886,NA,NA,NA
Stalker2-Win64-Shipping.exe,17996,0x4DE2B640,DXGI,0,0,1,Hardware Composed: Independent Flip,10114.1332,NA,51.29150000000000,52.19310000000000,0.26900000000000,46.78880000000000,46.8784,10063.1314,51.2708,51.0018,0.2690,44.9672,52.8234,49.8446,2.9788,1.1497,10063.1314,NA,NA,NA
Stalker2-Win64-Shipping.exe,17996,0x4DE2B640,DXGI,0,0,1,Hardware Composed: Independent Flip,10167.3895,NA,53.25630000000000,51.33190000000000,0.24900000000000,44.93260000000000,44.9540,10114.4022,53.2363,52.9873,0.2490,46.5198,51.4001,48.2921,3.1080,-0.0611,10114.4022,NA,NA,NA
Stalker2-Win64-Shipping.exe,17996,0x4DE2B640,DXGI,0,0,1,Hardware Composed: Independent Flip,10219.7942,NA,52.40470000000001,52.89100000000001,0.29240000000000,45.42690000000000,45.4403,10167.6385,52.4481,52.1557,0.2924,44.6836,52.8990,48.9395,3.9595,0.3453,10167.6385,NA,NA,NA
Stalker2-Win64-Shipping.exe,17996,0x4DE2B640,DXGI,0,0,1,Hardware Composed: Independent Flip,10273.1403,NA,53.34610000000000,53.87210000000000,0.34770000000000,45.29020000000000,45.9663,10220.0866,53.4014,53.0537,0.3477,45.1345,53.2094,48.7711,4.4383,-1.4240,10220.0866,NA,NA,NA
Stalker2-Win64-Shipping.exe,17996,0x4DE2B640,DXGI,0,0,1,Hardware Composed: Independent Flip,10325.9438,NA,52.80350000000000,52.61720000000000,0.30420000000000,45.71680000000000,45.7800,10273.4880,52.7600,52.4558,0.3042,44.9425,53.2301,48.7950,4.4351,0.7842,10273.4880,NA,NA,NA
Stalker2-Win64-Shipping.exe,17996,0x4DE2B640,DXGI,0,0,1,Hardware Composed: Independent Flip,10378.8135,NA,52.86970000000000,52.97600000000000,0.31170000000000,45.85780000000000,45.8863,10326.2480,52.8772,52.5655,0.3117,45.4126,53.0107,49.0279,3.9828,-0.2160,10326.2480,NA,NA,NA
Stalker2-Win64-Shipping.exe,17996,0x4DE2B640,DXGI,0,0,1,Hardware Composed: Independent Flip,10432.1259,NA,53.31240000000000,53.33580000000001,0.30150000000000,45.79920000000000,45.9097,10379.1252,53.3022,53.0007,0.3015,45.5461,53.2538,48.9750,4.2788,-0.4586,10379.1252,NA,NA,NA
Stalker2-Win64-Shipping.exe,17996,0x4DE2B640,DXGI,0,0,1,Hardware Composed: Independent Flip,10484.4903,NA,52.36440000000000,51.94160000000000,0.29290000000000,45.30520000000000,45.4869,10432.4274,52.3558,52.0629,0.2929,45.4977,51.8704,48.4862,3.3842,1.3606,10432.4274,NA,NA,NA
Stalker2-Win64-Shipping.exe,17996,0x4DE2B640,DXGI,0,0,1,Hardware Composed: Independent Flip,10537.1535,NA,52.66320000000000,52.90680000000000,0.28930000000000,45.70900000000000,45.7305,10484.7832,52.6596,52.3703,0.2893,45.0123,53.0670,48.8531,4.2139,-0.5510,10484.7832,NA,NA,NA
Stalker2-Win64-Shipping.exe,17996,0x4DE2B640,DXGI,0,0,1,Hardware Composed: Independent Flip,10589.7949,NA,52.64140000000000,52.38360000000000,0.31550000000000,44.70560000000000,45.4727,10537.4428,52.6676,52.3521,0.3155,45.4197,51.6380,48.6773,2.9607,0.2760,10537.4428,NA,NA,NA
Stalker2-Win64-Shipping.exe,17996,0x4DE2B640,DXGI,0,0,1,Hardware Composed: Independent Flip,10642.9853,NA,53.19040000000000,53.51110000000001,0.29950000000000,45.76590000000000,45.7934,10590.1104,53.1744,52.8749,0.2995,44.3901,54.2507,49.2021,5.0486,-0.8435,10590.1104,NA,NA,NA
Stalker2-Win64-Shipping.exe,17996,0x4DE2B640,DXGI,0,0,1,Hardware Composed: Independent Flip,10695.1910,NA,52.20570000000000,53.17100000000000,0.30340000000000,45.31780000000001,46.7587,10643.2848,52.2096,51.9062,0.3034,45.4664,51.7576,48.4081,3.3495,0.0034,10643.2848,NA,NA,NA
Stalker2-Win64-Shipping.exe,17996,0x4DE2B640,DXGI,0,0,1,Hardware Composed: Independent Flip,10748.9571,NA,53.76610000000000,53.43050000000000,0.30300000000000,46.40800000000000,46.4231,10695.4944,53.7657,53.4627,0.3030,45.0144,54.8563,49.8345,5.0218,-1.2209,10695.4944,NA,NA,NA
Stalker2-Win64-Shipping.exe,17996,0x4DE2B640,DXGI,0,0,1,Hardware Composed: Independent Flip,10801.1661,NA,52.20900000000000,53.23210000000000,0.30390000000000,45.78560000000000,47.4462,10749.2601,52.2099,51.9060,0.3039,46.1050,51.5866,48.8814,2.7052,0.5336,10749.2601,NA,NA,NA
Stalker2-Win64-Shipping.exe,17996,0x4DE2B640,DXGI,0,0,1,Hardware Composed: Independent Flip,10853.7225,NA,52.55640000000000,50.13540000000000,0.31980000000000,45.01050000000000,45.0252,10801.4700,52.5723,52.2525,0.3198,45.4817,51.7813,48.2173,3.5640,2.0745,10801.4700,NA,NA,NA
Stalker2-Win64-Shipping.exe,17996,0x4DE2B640,DXGI,0,0,1,Hardware Composed: Independent Flip,10907.1634,NA,53.44090000000000,54.25750000000000,0.31540000000000,45.54140000000000,45.8418,10854.0423,53.4365,53.1211,0.3154,44.6907,53.9718,48.7568,5.2150,-1.6852,10854.0423,NA,NA,NA
Stalker2-Win64-Shipping.exe,17996,0x4DE2B640,DXGI,0,0,1,Hardware Composed: Independent Flip,10959.7839,NA,52.62050000000000,52.38870000000000,0.28730000000000,45.06980000000000,45.6100,10907.4788,52.5924,52.3051,0.2873,45.2260,52.1489,48.1588,3.9901,1.0478,10907.4788,NA,NA,NA
Stalker2-Win64-Shipping.exe,17996,0x4DE2B640,DXGI,0,0,1,Hardware Composed: Independent Flip,11011.4605,NA,51.67660000000000,50.75110000000000,0.29070000000000,44.66990000000001,44.6845,10960.0712,51.6800,51.3893,0.2907,44.7825,51.2767,48.2261,3.0506,1.8413,10960.0712,NA,NA,NA
Stalker2-Win64-Shipping.exe,17996,0x4DE2B640,DXGI,0,0,1,Hardware Composed: Independent Flip,11065.2064,NA,53.74590000000001,53.86990000000000,0.28360000000000,44.74250000000000,44.8085,11011.7512,53.7388,53.4552,0.2836,44.3792,53.8185,48.3054,5.5131,-2.1899,11011.7512,NA,NA,NA
Stalker2-Win64-Shipping.exe,17996,0x4DE2B640,DXGI,0,0,1,Hardware Composed: Independent Flip,11117.6005,NA,52.39410000000000,54.12120000000000,0.29400000000000,45.60090000000000,46.5356,11065.4900,52.4045,52.1105,0.2940,44.4589,53.2525,48.7488,4.5037,-0.3824,11065.4900,NA,NA,NA
Stalker2-Win64-Shipping.exe,17996,0x4DE2B640,DXGI,0,0,1,Hardware Composed: Independent Flip,11171.2711,NA,53.67060000000000,52.37660000000000,0.27700000000000,45.17720000000000,45.2416,11117.8945,53.6536,53.3766,0.2770,45.3069,53.2469,48.4337,4.8132,0.0279,11117.8945,NA,NA,NA
Stalker2-Win64-Shipping.exe,17996,0x4DE2B640,DXGI,0,0,1,Hardware Composed: Independent Flip,11222.9022,NA,51.63110000000000,52.00910000000000,0.33530000000000,45.59170000000000,45.6196,11171.5481,51.6894,51.3541,0.3353,44.9002,52.0456,48.7432,3.3024,1.6445,11171.5481,NA,NA,NA
Stalker2-Win64-Shipping.exe,17996,0x4DE2B640,DXGI,0,0,1,Hardware Composed: Independent Flip,11276.1417,NA,53.23950000000000,52.79190000000001,0.27600000000000,45.15700000000000,45.1720,11223.2375,53.1802,52.9042,0.2760,45.2564,52.8048,48.4160,4.3888,-1.1025,11223.2375,NA,NA,NA
Stalker2-Win64-Shipping.exe,17996,0x4DE2B640,DXGI,0,0,1,Hardware Composed: Independent Flip,11327.4032,NA,51.26150000000001,52.18700000000000,0.29170000000000,45.61140000000000,46.0975,11276.4177,51.2772,50.9855,0.2917,44.8810,51.7159,48.7449,2.9710,0.9932,11276.4177,NA,NA,NA
Stalker2-Win64-Shipping.exe,17996,0x4DE2B640,DXGI,0,0,1,Hardware Composed: Independent Flip,11380.2770,NA,52.87380000000000,52.82300000000000,0.23970000000000,46.03080000000000,46.0467,11327.6949,52.8218,52.5821,0.2397,45.3197,53.2932,49.1441,4.1491,-1.5458,11327.6949,NA,NA,NA
Stalker2-Win64-Shipping.exe,17996,0x4DE2B640,DXGI,0,0,1,Hardware Composed: Independent Flip,11432.5588,NA,52.28180000000000,52.12950000000000,0.29740000000000,45.01450000000001,45.8944,11380.5167,52.3395,52.0421,0.2974,45.7911,51.2655,48.6184,2.6471,0.6923,11380.5167,NA,NA,NA
Stalker2-Win64-Shipping.exe,17996,0x4DE2B640,DXGI,0,0,1,Hardware Composed: Independent Flip,11485.0571,NA,52.49830000000000,51.88900000000000,0.29450000000000,45.22130000000000,45.2851,11432.8562,52.4954,52.2009,0.2945,44.7171,52.7051,48.8880,3.8171,0.4505,11432.8562,NA,NA,NA
Stalker2-Win64-Shipping.exe,17996,0x4DE2B640,DXGI,0,0,1,Hardware Composed: Independent Flip,11537.3326,NA,52.27550000000000,53.47380000000000,0.26960000000000,45.59900000000000,46.4834,11485.3516,52.2506,51.9810,0.2696,44.9268,52.6532,48.7597,3.8935,-0.9784,11485.3516,NA,NA,NA
Stalker2-Win64-Shipping.exe,17996,0x4DE2B640,DXGI,0,0,1,Hardware Composed: Independent Flip,11591.5552,NA,54.22260000000000,53.14460000000000,0.31860000000000,45.37730000000001,45.4054,11537.6022,54.2716,53.9530,0.3186,45.3294,54.0009,48.5834,5.4175,-0.8940,11537.6022,NA,NA,NA
Stalker2-Win64-Shipping.exe,17996,0x4DE2B640,DXGI,0,0,1,Hardware Composed: Independent Flip,11643.3733,NA,51.81810000000000,52.49990000000000,0.25900000000000,45.38880000000000,46.0872,11591.8738,51.7585,51.4995,0.2590,45.0587,51.8296,48.5082,3.3214,1.7717,11591.8738,NA,NA,NA
Stalker2-Win64-Shipping.exe,17996,0x4DE2B640,DXGI,0,0,1,Hardware Composed: Independent Flip,11696.3427,NA,52.96940000000000,52.71770000000000,0.30580000000000,45.82370000000000,45.8355,11643.6323,53.0162,52.7104,0.3058,45.1298,53.4043,49.0386,4.3657,-0.9592,11643.6323,NA,NA,NA
Stalker2-Win64-Shipping.exe,17996,0x4DE2B640,DXGI,0,0,1,Hardware Composed: Independent Flip,11749.1556,NA,52.81290000000000,52.72010000000000,0.32700000000000,44.82770000000000,45.7427,11696.6485,52.8341,52.5071,0.3270,45.5179,51.8169,48.2452,3.5717,0.2961,11696.6485,NA,NA,NA
Stalker2-Win64-Shipping.exe,17996,0x4DE2B640,DXGI,0,0,1,Hardware Composed: Independent Flip,11801.1305,NA,51.97490000000001,50.86850000000000,0.23520000000000,44.62040000000000,44.6363,11749.4826,51.8831,51.6479,0.2352,44.5007,51.7676,47.7114,4.0562,1.9656,11749.4826,NA,NA,NA
Stalker2-Win64-Shipping.exe,17996,0x4DE2B640,DXGI,0,0,1,Hardware Composed: Independent Flip,11853.6961,NA,52.56560000000000,53.69770000000000,0.32390000000000,45.59550000000000,45.7684,11801.3657,52.6543,52.3304,0.3239,44.3852,53.5407,49.0340,4.5067,-1.8146,11801.3657,NA,NA,NA
Stalker2-Win64-Shipping.exe,17996,0x4DE2B640,DXGI,0,0,1,Hardware Composed: Independent Flip,11906.4484,NA,52.75230000000001,52.32890000000000,0.24970000000000,44.80610000000000,45.3450,11854.0200,52.6781,52.4284,0.2497,45.2716,51.9629,48.4816,3.4813,0.3254,11854.0200,NA,NA,NA
Stalker2-Win64-Shipping.exe,17996,0x4DE2B640,DXGI,0,0,1,Hardware Composed: Independent Flip,11959.4734,NA,53.02500000000001,53.28140000000000,0.30390000000000,45.58710000000000,45.6014,11906.6981,53.0792,52.7753,0.3039,44.5564,53.8060,49.1806,4.6254,-0.6033,11906.6981,NA,NA,NA
Stalker2-Win64-Shipping.exe,17996,0x4DE2B640,DXGI,0,0,1,Hardware Composed: Independent Flip,12011.2734,NA,51.80000000000000,54.38660000000000,0.27370000000000,47.15330000000000,48.1880,11959.7773,51.7698,51.4961,0.2737,45.2832,53.3662,50.2147,3.1515,-1.3074,11959.7773,NA,NA,NA
Stalker2-Win64-Shipping.exe,17996,0x4DE2B640,DXGI,0,0,1,Hardware Composed: Independent Flip,12063.7390,NA,52.46560000000000,49.98670000000000,0.24790000000000,45.64740000000000,45.7091,12011.5471,52.4398,52.1919,0.2479,46.8796,50.9597,48.9605,1.9992,1.7831,12011.5471,NA,NA,NA
Stalker2-Win64-Shipping.exe,17996,0x4DE2B640,DXGI,0,0,1,Hardware Composed: Independent Flip,12115.1189,NA,51.37990000000000,51.16360000000000,0.27070000000000,45.43040000000000,45.4928,12063.9869,51.4027,51.1320,0.2707,45.3995,51.1629,48.5304,2.6325,1.2762,12063.9869,NA,NA,NA
Stalker2-Win64-Shipping.exe,17996,0x4DE2B640,DXGI,0,0,1,Hardware Composed: Independent Flip,12166.7437,NA,51.62480000000000,52.11040000000001,0.27900000000000,45.40740000000000,45.9784,12115.3896,51.6331,51.3541,0.2790,45.1597,51.6018,48.6558,2.9460,-0.7077,12115.3896,NA,NA,NA
Stalker2-Win64-Shipping.exe,17996,0x4DE2B640,DXGI,0,0,1,Hardware Composed: Independent Flip,12218.9379,NA,52.19420000000000,51.75830000000001,0.26670000000000,45.52720000000000,45.5425,12167.0227,52.1819,51.9152,0.2667,45.1284,52.3140,48.6365,3.6775,-0.1252,12167.0227,NA,NA,NA
Stalker2-Win64-Shipping.exe,17996,0x4DE2B640,DXGI,0,0,1,Hardware Composed: Independent Flip,12271.9642,NA,53.02630000000000,53.08800000000000,0.29550000000000,45.16990000000001,45.6042,12219.2046,53.0551,52.7596,0.2955,45.2605,52.6690,48.7637,3.9053,-0.9061,12219.2046,NA,NA,NA
Stalker2-Win64-Shipping.exe,17996,0x4DE2B640,DXGI,0,0,1,Hardware Composed: Independent Flip,12325.5333,NA,53.56910000000001,53.42100000000000,0.28700000000000,45.35330000000000,45.4561,12272.2597,53.5606,53.2736,0.2870,44.8744,53.7525,48.8454,4.9071,-0.3659,12272.2597,NA,NA,NA
Stalker2-Win64-Shipping.exe,17996,0x4DE2B640,DXGI,0,0,1,Hardware Composed: Independent Flip,12377.7178,NA,52.18450000000000,53.03040000000000,0.25610000000000,45.77620000000000,46.3020,12325.8203,52.1536,51.8975,0.2561,45.0663,52.6074,48.9486,3.6588,0.5302,12325.8203,NA,NA,NA
Stalker2-Win64-Shipping.exe,17996,0x4DE2B640,DXGI,0,0,1,Hardware Composed: Independent Flip,12431.0687,NA,53.35090000000000,52.36380000000000,0.31140000000000,45.30090000000001,45.3149,12377.9739,53.4062,53.0948,0.3114,45.5201,52.8756,48.5677,4.3079,-0.2102,12377.9739,NA,NA,NA
Stalker2-Win64-Shipping.exe,17996,0x4DE2B640,DXGI,0,0,1,Hardware Composed: Independent Flip,12484.9410,NA,53.87230000000000,54.04460000000000,0.28180000000000,45.27990000000000,45.4872,12431.3801,53.8427,53.5609,0.2818,44.9895,53.8513,48.5468,5.3045,-0.6384,12431.3801,NA,NA,NA
Stalker2-Win64-Shipping.exe,17996,0x4DE2B640,DXGI,0,0,1,Hardware Composed: Independent Flip,12536.8439,NA,51.90290000000000,52.71720000000001,0.31200000000000,45.86350000000000,46.3015,12485.2228,51.9331,51.6211,0.3120,44.9981,52.4865,49.0964,3.3901,1.1255,12485.2228,NA,NA,NA
Stalker2-Win64-Shipping.exe,17996,0x4DE2B640,DXGI,0,0,1,Hardware Composed: Independent Flip,12588.1284,NA,51.28450000000000,51.06680000000000,0.30660000000000,46.06880000000000,46.0838,12537.1559,51.2791,50.9725,0.3066,45.5515,51.4898,49.2390,2.2508,0.8663,12537.1559,NA,NA,NA
Stalker2-Win64-Shipping.exe,17996,0x4DE2B640,DXGI,0,0,1,Hardware Composed: Independent Flip,12641.1987,NA,53.07030000000000,52.61740000000000,0.27050000000000,45.61580000000000,45.6309,12588.4350,53.0342,52.7637,0.2705,45.7622,52.6173,48.7879,3.8294,-1.3383,12588.4350,NA,NA,NA
Stalker2-Win64-Shipping.exe,17996,0x4DE2B640,DXGI,0,0,1,Hardware Composed: Independent Flip,12693.5381,NA,52.33940000000000,52.20340000000000,0.28970000000000,45.10120000000000,45.4949,12641.4692,52.3586,52.0689,0.2897,45.3453,51.8248,48.7156,3.1092,0.8308,12641.4692,NA,NA,NA
Stalker2-Win64-Shipping.exe,17996,0x4DE2B640,DXGI,0,0,1,Hardware Composed: Independent Flip,12746.0805,NA,52.54240000000000,51.85510000000000,0.34360000000000,44.79320000000000,44.8076,12693.8278,52.5963,52.2527,0.3436,44.8115,52.2344,48.6777,3.5567,0.5035,12693.8278,NA,NA,NA
Stalker2-Win64-Shipping.exe,17996,0x4DE2B640,DXGI,0,0,1,Hardware Composed: Independent Flip,12799.4688,NA,53.38830000000000,54.32470000000000,0.30150000000000,45.46850000000000,45.7440,12746.4241,53.3462,53.0447,0.3015,44.4496,54.0636,49.1652,4.8984,-1.7284,12746.4241,NA,NA,NA
Stalker2-Win64-Shipping.exe,17996,0x4DE2B640,DXGI,0,0,1,Hardware Composed: Independent Flip,12856.3782,NA,56.90940000000001,57.08750000000001,0.29600000000000,45.23370000000000,45.9221,12799.7703,56.9039,56.6079,0.2960,45.1670,56.6746,48.7729,7.9017,-3.7413,12799.7703,NA,NA,NA
Stalker2-Win64-Shipping.exe,17996,0x4DE2B640,DXGI,0,0,1,Hardware Composed: Independent Flip,12905.9429,NA,49.56470000000000,50.44340000000000,0.28730000000000,45.31770000000000,46.8008,12856.6742,49.5560,49.2687,0.2873,44.9377,49.6487,48.6234,1.0253,6.4605,12856.6742,NA,NA,NA
Stalker2-Win64-Shipping.exe,17996,0x4DE2B640,DXGI,0,0,1,Hardware Composed: Independent Flip,12964.2399,NA,58.29700000000000,56.05600000000000,0.33160000000000,44.49700000000000,44.5598,12906.2302,58.3413,58.0097,0.3316,45.0304,57.4763,47.8286,9.6477,-6.5000,12906.2302,NA,NA,NA
Stalker2-Win64-Shipping.exe,17996,0x4DE2B640,DXGI,0,0,1,Hardware Composed: Independent Flip,13012.1148,NA,47.87490000000000,52.21850000000001,0.22850000000000,45.87830000000000,48.9034,12964.5715,47.7718,47.5433,0.2285,44.1654,49.2562,48.9953,0.2609,6.1228,12964.5715,NA,NA,NA
Stalker2-Win64-Shipping.exe,17996,0x4DE2B640,DXGI,0,0,1,Hardware Composed: Independent Flip,13064.1136,NA,51.99880000000000,47.82190000000000,0.28470000000000,44.71150000000000,44.7265,13012.3433,52.0550,51.7703,0.2847,45.6498,50.8320,48.1614,2.6706,-0.0501,13012.3433,NA,NA,NA
Stalker2-Win64-Shipping.exe,17996,0x4DE2B640,DXGI,0,0,1,Hardware Composed: Independent Flip,13117.2902,NA,53.17660000000000,57.19820000000000,0.25100000000000,45.74290000000000,48.7481,13064.3983,53.1429,52.8919,0.2510,44.4268,54.2080,49.2979,4.9101,-5.1432,13064.3983,NA,NA,NA
Stalker2-Win64-Shipping.exe,17996,0x4DE2B640,DXGI,0,0,1,Hardware Composed: Independent Flip,13171.1318,NA,53.84160000000000,50.02700000000000,0.30850000000000,44.90480000000000,44.9335,13117.5412,53.8991,53.5906,0.3085,45.4919,53.0035,48.2110,4.7925,3.1159,13117.5412,NA,NA,NA
Stalker2-Win64-Shipping.exe,17996,0x4DE2B640,DXGI,0,0,1,Hardware Composed: Independent Flip,13222.2571,NA,51.12530000000000,51.69110000000001,0.27920000000000,45.46840000000000,45.4993,13171.4403,51.0960,50.8168,0.2792,44.5963,51.6889,48.5630,3.1259,2.2080,13171.4403,NA,NA,NA
Stalker2-Win64-Shipping.exe,17996,0x4DE2B640,DXGI,0,0,1,Hardware Composed: Independent Flip,13275.3602,NA,53.10310000000000,55.37910000000000,0.29070000000000,47.44470000000000,47.7753,13222.5363,53.1146,52.8239,0.2907,45.1892,55.0794,50.6895,4.3899,-4.2831,13222.5363,NA,NA,NA
Stalker2-Win64-Shipping.exe,17996,0x4DE2B640,DXGI,0,0,1,Hardware Composed: Independent Flip,13327.9113,NA,52.55110000000001,51.51020000000000,0.25680000000000,45.53480000000000,46.7344,13275.6509,52.5172,52.2604,0.2568,47.1540,50.6412,48.6988,1.9424,1.6044,13275.6509,NA,NA,NA
Stalker2-Win64-Shipping.exe,17996,0x4DE2B640,DXGI,0,0,1,Hardware Composed: Independent Flip,13380.3698,NA,52.45850000000000,51.36230000000000,0.29500000000000,45.61240000000000,45.6382,13328.1681,52.4967,52.2017,0.2950,45.2780,52.5361,48.7254,3.8107,1.1549,13328.1681,NA,NA,NA
Stalker2-Win64-Shipping.exe,17996,0x4DE2B640,DXGI,0,0,1,Hardware Composed: Independent Flip,13433.3840,NA,53.01420000000000,53.89810000000000,0.29480000000000,45.15780000000000,46.5221,13380.6648,53.0140,52.7192,0.2948,45.3174,52.5596,48.1951,4.3645,-1.4014,13380.6648,NA,NA,NA
Stalker2-Win64-Shipping.exe,17996,0x4DE2B640,DXGI,0,0,1,Hardware Composed: Independent Flip,13485.7744,NA,52.39040000000000,50.64550000000001,0.28030000000000,44.76260000000000,44.7772,13433.6788,52.3759,52.0956,0.2803,44.8630,51.9952,48.4561,3.5391,2.3685,13433.6788,NA,NA,NA
Stalker2-Win64-Shipping.exe,17996,0x4DE2B640,DXGI,0,0,1,Hardware Composed: Independent Flip,13538.9975,NA,53.22310000000000,53.46630000000000,0.30170000000000,45.00660000000000,45.0204,13486.0547,53.2445,52.9428,0.3017,44.4823,53.4671,48.6156,4.8515,-1.0904,13486.0547,NA,NA,NA
Stalker2-Win64-Shipping.exe,17996,0x4DE2B640,DXGI,0,0,1,Hardware Composed: Independent Flip,13592.6540,NA,53.65650000000000,54.68730000000000,0.28230000000000,45.18730000000000,46.0512,13539.2992,53.6371,53.3548,0.2823,44.7049,53.8372,48.8438,4.9934,-1.4428,13539.2992,NA,NA,NA
Stalker2-Win64-Shipping.exe,17996,0x4DE2B640,DXGI,0,0,1,Hardware Composed: Independent Flip,13645.9430,NA,53.28900000000000,52.51410000000000,0.27270000000000,45.08800000000000,45.2763,13592.9363,53.2794,53.0067,0.2727,44.9050,53.1897,48.5227,4.6670,1.1230,13592.9363,NA,NA,NA
Stalker2-Win64-Shipping.exe,17996,0x4DE2B640,DXGI,0,0,1,Hardware Composed: Independent Flip,13700.0244,NA,54.08140000000000,54.62040000000000,0.30740000000000,45.80370000000000,45.8153,13646.2157,54.1161,53.8087,0.3074,44.8153,54.7971,49.1054,5.6917,-1.3410,13646.2157,NA,NA,NA
Stalker2-Win64-Shipping.exe,17996,0x4DE2B640,DXGI,0,0,1,Hardware Composed: Independent Flip,13750.9301,NA,50.90570000000000,51.96270000000001,0.25400000000000,45.66020000000000,46.8723,13700.3318,50.8523,50.5983,0.2540,45.4963,50.7622,48.8960,1.8662,2.1534,13700.3318,NA,NA,NA
Stalker2-Win64-Shipping.exe,17996,0x4DE2B640,DXGI,0,0,1,Hardware Composed: Independent Flip,13803.9122,NA,52.98210000000000,51.11230000000000,0.30500000000000,44.98860000000001,45.0025,13751.1841,53.0331,52.7281,0.3050,45.4062,52.3105,48.6414,3.6691,-0.2600,13751.1841,NA,NA,NA
Stalker2-Win64-Shipping.exe,17996,0x4DE2B640,DXGI,0,0,1,Hardware Composed: Independent Flip,13857.5886,NA,53.67640000000000,55.23450000000000,0.27300000000000,45.48400000000000,46.5606,13804.2172,53.6444,53.3714,0.2730,44.6836,54.1718,48.7399,5.4319,-2.2014,13804.2172,NA,NA,NA
Stalker2-Win64-Shipping.exe,17996,0x4DE2B640,DXGI,0,0,1,Hardware Composed: Independent Flip,13908.8312,NA,51.24260000000000,52.07530000000001,0.26140000000000,47.18760000000000,47.3933,13857.8616,51.2310,50.9696,0.2614,45.2110,52.9462,50.3958,2.5504,1.5691,13857.8616,NA,NA,NA
Stalker2-Win64-Shipping.exe,17996,0x4DE2B640,DXGI,0,0,1,Hardware Composed: Independent Flip,13961.6341,NA,52.80290000000000,49.93880000000000,0.29650000000000,44.51300000000001,44.5292,13909.0926,52.8380,52.5415,0.2965,46.9262,50.1283,47.6355,2.4928,1.2922,13909.0926,NA,NA,NA
Stalker2-Win64-Shipping.exe,17996,0x4DE2B640,DXGI,0,0,1,Hardware Composed: Independent Flip,14014.7198,NA,53.08570000000000,54.05040000000000,0.25350000000000,45.48050000000000,45.4939,13961.9306,53.0427,52.7892,0.2535,44.2165,54.0532,48.9945,5.0587,-1.2124,13961.9306,NA,NA,NA
Stalker2-Win64-Shipping.exe,17996,0x4DE2B640,DXGI,0,0,1,Hardware Composed: Independent Flip,14067.5901,NA,52.87030000000000,53.91040000000000,0.36820000000000,44.87430000000001,46.5340,14014.9733,52.9850,52.6168,0.3682,45.2270,52.2641,48.5186,3.7455,-0.8677,14014.9733,NA,NA,NA
Stalker2-Win64-Shipping.exe,17996,0x4DE2B640,DXGI,0,0,1,Hardware Composed: Independent Flip,14119.7209,NA,52.13080000000000,51.41510000000000,0.29010000000000,45.78950000000000,45.8183,14067.9583,52.0527,51.7626,0.2901,44.5061,53.0460,49.4475,3.5985,1.5699,14067.9583,NA,NA,NA
Stalker2-Win64-Shipping.exe,17996,0x4DE2B640,DXGI,0,0,1,Hardware Composed: Independent Flip,14172.9335,NA,53.21260000000000,53.02400000000000,0.29930000000000,45.15870000000000,45.6297,14120.0110,53.2218,52.9225,0.2993,45.4994,52.5818,48.2958,4.2860,-0.9713,14120.0110,NA,NA,NA
Stalker2-Win64-Shipping.exe,17996,0x4DE2B640,DXGI,0,0,1,Hardware Composed: Independent Flip,14226.1520,NA,53.21850000000001,52.88050000000000,0.26290000000000,45.26410000000000,45.2917,14173.2328,53.1821,52.9192,0.2629,44.8594,53.3239,48.6370,4.6869,0.3413,14173.2328,NA,NA,NA
Stalker2-Win64-Shipping.exe,17996,0x4DE2B640,DXGI,0,0,1,Hardware Composed: Independent Flip,14278.8641,NA,52.71210000000000,53.44840000000000,0.27370000000000,45.55320000000000,46.0280,14226.4149,52.7229,52.4492,0.2737,45.0012,53.0012,48.6389,4.3623,-0.2663,14226.4149,NA,NA,NA
Stalker2-Win64-Shipping.exe,17996,0x4DE2B640,DXGI,0,0,1,Hardware Composed: Independent Flip,14331.1662,NA,52.30210000000000,51.90230000000000,0.25260000000000,45.61420000000000,45.6282,14279.1378,52.2810,52.0284,0.2526,45.2795,52.3631,48.6690,3.6941,0.8206,14279.1378,NA,NA,NA
Stalker2-Win64-Shipping.exe,17996,0x4DE2B640,DXGI,0,0,1,Hardware Composed: Independent Flip,14385.3426,NA,54.17640000000000,53.52950000000001,0.28790000000000,44.96720000000001,44.9813,14331.4188,54.2117,53.9238,0.2879,45.3616,53.5294,48.2708,5.2586,-1.2485,14331.4188,NA,NA,NA
Stalker2-Win64-Shipping.exe,17996,0x4DE2B640,DXGI,0,0,1,Hardware Composed: Independent Flip,14437.1864,NA,51.84380000000000,53.25220000000000,0.23940000000000,45.70860000000000,46.3897,14385.6305,51.7953,51.5559,0.2394,44.6793,52.5852,49.7917,2.7935,0.9595,14385.6305,NA,NA,NA
Stalker2-Win64-Shipping.exe,17996,0x4DE2B640,DXGI,0,0,1,Hardware Composed: Independent Flip,14489.8264,NA,52.64000000000000,51.20300000000000,0.33290000000000,44.93820000000000,44.9527,14437.4258,52.7335,52.4006,0.3329,45.4692,51.8696,48.7413,3.1283,0.5923,14437.4258,NA,NA,NA
Stalker2-Win64-Shipping.exe,17996,0x4DE2B640,DXGI,0,0,1,Hardware Composed: Independent Flip,14541.7859,NA,51.95950000000001,53.22770000000001,0.28190000000000,46.19210000000000,46.2209,14490.1593,51.9085,51.6266,0.2819,44.6053,53.2134,49.7769,3.4365,-0.4942,14490.1593,NA,NA,NA
Stalker2-Win64-Shipping.exe,17996,0x4DE2B640,DXGI,0,0,1,Hardware Composed: Independent Flip,14595.4124,NA,53.62650000000000,53.75530000000001,0.25940000000000,45.76370000000000,46.3497,14542.0678,53.6040,53.3446,0.2594,45.9102,53.1981,48.8625,4.3356,-1.8468,14542.0678,NA,NA,NA
Stalker2-Win64-Shipping.exe,17996,0x4DE2B640,DXGI,0,0,1,Hardware Composed: Independent Flip,14646.6117,NA,51.19930000000000,50.07430000000000,0.26960000000000,45.20970000000001,45.2247,14595.6718,51.2095,50.9399,0.2696,45.5043,50.6453,48.4428,2.2025,3.5297,14595.6718,NA,NA,NA
Stalker2-Win64-Shipping.exe,17996,0x4DE2B640,DXGI,0,0,1,Hardware Composed: Independent Flip,14699.0906,NA,52.47890000000000,52.64570000000001,0.28610000000000,45.37760000000000,45.3915,14646.8813,52.4954,52.2093,0.2861,44.9401,52.6468,48.5269,4.1199,-1.4362,14646.8813,NA,NA,NA
Stalker2-Win64-Shipping.exe,17996,0x4DE2B640,DXGI,0,0,1,Hardware Composed: Independent Flip,14751.3654,NA,52.27480000000000,55.12590000000000,0.26270000000000,46.66700000000000,48.2426,14699.3767,52.2514,51.9887,0.2627,45.0915,53.5642,49.8421,3.7221,-2.6305,14699.3767,NA,NA,NA
Stalker2-Win64-Shipping.exe,17996,0x4DE2B640,DXGI,0,0,1,Hardware Composed: Independent Flip,14803.4004,NA,52.03500000000000,48.50410000000000,0.28290000000000,44.69780000000000,44.7117,14751.6281,52.0552,51.7723,0.2829,46.4043,50.0658,48.2392,1.8266,3.7473,14751.6281,NA,NA,NA
Stalker2-Win64-Shipping.exe,17996,0x4DE2B640,DXGI,0,0,1,Hardware Composed: Independent Flip,14856.8107,NA,53.41030000000000,54.03540000000000,0.30360000000000,45.31780000000001,45.3368,14803.6833,53.4310,53.1274,0.3036,44.4149,54.0303,48.7930,5.2373,-1.9802,14803.6833,NA,NA,NA
Stalker2-Win64-Shipping.exe,17996,0x4DE2B640,DXGI,0,0,1,Hardware Composed: Independent Flip,14908.8274,NA,52.01670000000000,54.04020000000001,0.25570000000000,44.45370000000000,47.3603,14857.1143,51.9688,51.7131,0.2557,45.0142,51.1526,48.2505,2.9021,-0.6092,14857.1143,NA,NA,NA
Stalker2-Win64-Shipping.exe,17996,0x4DE2B640,DXGI,0,0,1,Hardware Composed: Independent Flip,14961.6309,NA,52.80350000000000,50.11520000000000,0.31180000000000,44.64330000000000,44.6720,14909.0831,52.8596,52.5478,0.3118,44.1980,52.9931,48.1477,4.8454,1.8536,14909.0831,NA,NA,NA
Stalker2-Win64-Shipping.exe,17996,0x4DE2B640,DXGI,0,0,1,Hardware Composed: Independent Flip,15015.6340,NA,54.00310000000000,55.72130000000000,0.30130000000000,45.31530000000000,46.3902,14961.9427,53.9926,53.6913,0.3013,44.3315,54.6751,48.4753,6.1998,-2.8617,14961.9427,NA,NA,NA
Stalker2-Win64-Shipping.exe,17996,0x4DE2B640,DXGI,0,0,1,Hardware Composed: Independent Flip,15067.8756,NA,52.24160000000001,51.64870000000001,0.28740000000000,45.28960000000000,45.7973,15015.9353,52.2277,51.9403,0.2874,45.0140,52.2159,48.6893,3.5266,2.3439,15015.9353,NA,NA,NA
Stalker2-Win64-Shipping.exe,17996,0x4DE2B640,DXGI,0,0,1,Hardware Composed: Independent Flip,15120.0127,NA,52.13710000000000,51.82760000000000,0.31130000000000,45.19550000000000,45.4878,15068.1630,52.1610,51.8497,0.3113,45.0022,52.0430,48.3841,3.6589,0.4001,15068.1630,NA,NA,NA
Stalker2-Win64-Shipping.exe,17996,0x4DE2B640,DXGI,0,0,1,Hardware Composed: Independent Flip,15172.8520,NA,52.83930000000000,55.24210000000000,0.24240000000000,47.21240000000000,47.8906,15120.3240,52.7704,52.5280,0.2424,44.8842,54.8562,50.5237,4.3325,-3.0811,15120.3240,NA,NA,NA
Stalker2-Win64-Shipping.exe,17996,0x4DE2B640,DXGI,0,0,1,Hardware Composed: Independent Flip,15225.3750,NA,52.52300000000000,51.10800000000000,0.29800000000000,45.64520000000000,46.4756,15173.0944,52.5786,52.2806,0.2980,46.9700,50.9558,49.1025,1.8533,1.6624,15173.0944,NA,NA,NA
Stalker2-Win64-Shipping.exe,17996,0x4DE2B640,DXGI,0,0,1,Hardware Composed: Independent Flip,15277.4792,NA,52.10420000000001,51.07110000000000,0.26220000000000,45.42810000000000,45.4425,15225.6730,52.0684,51.8062,0.2622,45.3472,51.8871,48.6821,3.2050,1.5075,15225.6730,NA,NA,NA
Stalker2-Win64-Shipping.exe,17996,0x4DE2B640,DXGI,0,0,1,Hardware Composed: Independent Flip,15330.6626,NA,53.18340000000001,54.22020000000001,0.29570000000000,45.42810000000000,46.4793,15277.7414,53.2169,52.9212,0.2957,45.1659,53.1834,48.8533,4.3301,-2.1518,15277.7414,NA,NA,NA
Stalker2-Win64-Shipping.exe,17996,0x4DE2B640,DXGI,0,0,1,Hardware Composed: Independent Flip,15382.2792,NA,51.61660000000001,50.56580000000000,0.27650000000000,45.39850000000001,45.4285,15330.9583,51.5974,51.3209,0.2765,45.1324,51.5870,48.5111,3.0759,2.6511,15330.9583,NA,NA,NA
Stalker2-Win64-Shipping.exe,17996,0x4DE2B640,DXGI,0,0,1,Hardware Composed: Independent Flip,15434.9839,NA,52.70470000000000,52.92140000000001,0.31190000000000,45.61530000000000,45.6452,15382.5557,52.7401,52.4282,0.3119,45.1220,52.9215,48.7065,4.2150,-1.3240,15382.5557,NA,NA,NA
Stalker2-Win64-Shipping.exe,17996,0x4DE2B640,DXGI,0,0,1,Hardware Composed: Independent Flip,15488.2759,NA,53.29200000000000,54.64010000000000,0.26900000000000,45.79200000000000,46.9933,15435.2958,53.2491,52.9801,0.2690,45.3034,53.4687,48.8974,4.5713,-1.9000,15435.2958,NA,NA,NA
Stalker2-Win64-Shipping.exe,17996,0x4DE2B640,DXGI,0,0,1,Hardware Composed: Independent Flip,15540.1982,NA,51.92230000000000,50.68980000000001,0.29660000000000,45.73330000000000,45.7608,15488.5449,51.9499,51.6533,0.2966,45.5230,51.8636,48.8878,2.9758,2.5593,15488.5449,NA,NA,NA
Stalker2-Win64-Shipping.exe,17996,0x4DE2B640,DXGI,0,0,1,Hardware Composed: Independent Flip,15593.8078,NA,53.60960000000000,54.26640000000000,0.31960000000000,46.40390000000000,46.4176,15540.4948,53.6326,53.3130,0.3196,45.4367,54.2802,49.6261,4.6541,-2.3165,15540.4948,NA,NA,NA
Stalker2-Win64-Shipping.exe,17996,0x4DE2B640,DXGI,0,0,1,Hardware Composed: Independent Flip,15647.4690,NA,53.66120000000000,54.04600000000000,0.27830000000000,44.99500000000000,46.8024,15594.1274,53.6199,53.3416,0.2783,46.0843,52.2523,48.6605,3.5918,-0.4134,15594.1274,NA,NA,NA
Stalker2-Win64-Shipping.exe,17996,0x4DE2B640,DXGI,0,0,1,Hardware Composed: Independent Flip,15698.9844,NA,51.51540000000000,50.47710000000000,0.30130000000000,45.74930000000001,45.7641,15647.7473,51.5384,51.2371,0.3013,44.7167,52.2697,49.3920,2.8777,3.1428,15647.7473,NA,NA,NA
Stalker2-Win64-Shipping.exe,17996,0x4DE2B640,DXGI,0,0,1,Hardware Composed: Independent Flip,15751.6097,NA,52.62530000000000,52.52400000000000,0.27380000000000,45.56830000000000,45.6628,15699.2857,52.5978,52.3240,0.2738,45.4480,52.4443,48.7650,3.6793,-0.9856,15699.2857,NA,NA,NA
Stalker2-Win64-Shipping.exe,17996,0x4DE2B640,DXGI,0,0,1,Hardware Composed: Independent Flip,15804.5698,NA,52.96010000000000,54.05660000000000,0.26390000000000,46.73220000000000,46.7593,15751.8835,52.9502,52.6863,0.2639,45.2945,54.1240,49.9791,4.1449,-1.4588,15751.8835,NA,NA,NA
Stalker2-Win64-Shipping.exe,17996,0x4DE2B640,DXGI,0,0,1,Hardware Composed: Independent Flip,15857.5701,NA,53.00030000000000,53.14790000000000,0.33290000000000,46.05900000000000,46.9069,15804.8337,53.0693,52.7364,0.3329,46.4683,52.3271,49.1534,3.1737,-0.1977,15804.8337,NA,NA,NA
Stalker2-Win64-Shipping.exe,17996,0x4DE2B640,DXGI,0,0,1,Hardware Composed: Independent Flip,15910.2520,NA,52.68190000000001,51.34950000000000,0.29480000000000,45.54620000000000,45.5745,15857.9030,52.6438,52.3490,0.2948,45.7261,52.1691,48.7436,3.4255,1.7198,15857.9030,NA,NA,NA
Stalker2-Win64-Shipping.exe,17996,0x4DE2B640,DXGI,0,0,1,Hardware Composed: Independent Flip,15962.6791,NA,52.42710000000000,52.23350000000000,0.28760000000000,45.35210000000000,45.3809,15910.5468,52.4199,52.1323,0.2876,45.2514,52.2330,48.4162,3.8168,0.4103,15910.5468,NA,NA,NA
Stalker2-Win64-Shipping.exe,17996,0x4DE2B640,DXGI,0,0,1,Hardware Composed: Independent Flip,16015.4079,NA,52.72880000000000,53.15580000000000,0.23310000000000,45.79230000000000,45.8079,15962.9667,52.6743,52.4412,0.2331,45.0645,53.1690,48.8478,4.3212,-0.7359,15962.9667,NA,NA,NA
Stalker2-Win64-Shipping.exe,17996,0x4DE2B640,DXGI,0,0,1,Hardware Composed: Independent Flip,16068.1771,NA,52.76920000000000,52.21910000000000,0.26690000000000,44.73500000000000,45.2578,16015.6410,52.8030,52.5361,0.2669,45.5592,51.7119,48.3986,3.3133,0.4552,16015.6410,NA,NA,NA
Stalker2-Win64-Shipping.exe,17996,0x4DE2B640,DXGI,0,0,1,Hardware Composed: Independent Flip,16121.5198,NA,53.34270000000000,54.03810000000000,0.37510000000000,45.93810000000001,45.9532,16068.4440,53.4509,53.0758,0.3751,44.4681,54.5458,49.3441,5.2017,-1.2351,16068.4440,NA,NA,NA
Stalker2-Win64-Shipping.exe,17996,0x4DE2B640,DXGI,0,0,1,Hardware Composed: Independent Flip,16174.7514,NA,53.23160000000000,54.05470000000000,0.29450000000000,45.25650000000000,46.7763,16121.8949,53.1510,52.8565,0.2945,45.5630,52.5500,48.3101,4.2399,-0.6038,16121.8949,NA,NA,NA
Stalker2-Win64-Shipping.exe,17996,0x4DE2B640,DXGI,0,0,1,Hardware Composed: Independent Flip,16227.7682,NA,53.01680000000000,51.78400000000001,0.34930000000000,45.53330000000000,45.5435,16175.0459,53.0716,52.7223,0.3493,44.9620,53.2936,48.7960,4.4976,1.3670,16175.0459,NA,NA,NA
Stalker2-Win64-Shipping.exe,17996,0x4DE2B640,DXGI,0,0,1,Hardware Composed: Independent Flip,16281.5038,NA,53.73560000000001,53.44140000000000,0.39530000000000,44.81480000000001,45.2493,16228.1175,53.7816,53.3863,0.3953,45.1840,53.0171,48.1243,4.8928,-0.3698,16228.1175,NA,NA,NA
Stalker2-Win64-Shipping.exe,17996,0x4DE2B640,DXGI,0,0,1,Hardware Composed: Independent Flip,16333.7621,NA,52.25830000000001,52.68950000000000,0.28960000000000,45.66610000000000,45.6805,16281.8991,52.1526,51.8630,0.2896,44.4195,53.1096,48.8883,4.2213,1.0921,16281.8991,NA,NA,NA
Stalker2-Win64-Shipping.exe,17996,0x4DE2B640,DXGI,0,0,1,Hardware Composed: Independent Flip,16386.2364,NA,52.47430000000000,52.28110000000000,0.25560000000000,45.46820000000000,45.4873,16334.0517,52.4403,52.1847,0.2556,45.3765,52.2764,48.8228,3.4536,-0.1285,16334.0517,NA,NA,NA
Stalker2-Win64-Shipping.exe,17996,0x4DE2B640,DXGI,0,0,1,Hardware Composed: Independent Flip,16439.3204,NA,53.08400000000000,53.74230000000000,0.24100000000000,46.13250000000000,46.1456,16386.4920,53.0694,52.8284,0.2410,45.2126,53.7483,50.1419,3.6064,-1.3020,16386.4920,NA,NA,NA
Stalker2-Win64-Shipping.exe,17996,0x4DE2B640,DXGI,0,0,1,Hardware Composed: Independent Flip,16492.0137,NA,52.69330000000000,51.67880000000000,0.26370000000000,44.24870000000000,45.1311,16439.5614,52.7160,52.4523,0.2637,45.8915,50.8095,47.8598,2.9497,1.3906,16439.5614,NA,NA,NA
Stalker2-Win64-Shipping.exe,17996,0x4DE2B640,DXGI,0,0,1,Hardware Composed: Independent Flip,16544.9551,NA,52.94140000000000,52.87040000000000,0.30600000000000,45.02460000000000,45.0601,16492.2774,52.9837,52.6777,0.3060,43.9850,53.7173,48.5230,5.1943,-0.1544,16492.2774,NA,NA,NA
Stalker2-Win64-Shipping.exe,17996,0x4DE2B640,DXGI,0,0,1,Hardware Composed: Independent Flip,16596.9736,NA,52.01850000000000,53.97820000000000,0.29760000000000,45.36290000000000,47.0198,16545.2611,52.0101,51.7125,0.2976,44.7186,52.3568,48.3707,3.9861,-0.9945,16545.2611,NA,NA,NA
Stalker2-Win64-Shipping.exe,17996,0x4DE2B640,DXGI,0,0,1,Hardware Composed: Independent Flip,16650.0499,NA,53.07630000000000,51.22710000000000,0.26130000000000,45.15410000000000,45.1706,16597.2712,53.0400,52.7787,0.2613,45.0653,52.8675,48.3062,4.5613,0.7830,16597.2712,NA,NA,NA
Stalker2-Win64-Shipping.exe,17996,0x4DE2B640,DXGI,0,0,1,Hardware Composed: Independent Flip,16702.7231,NA,52.67320000000000,52.95040000000000,0.29500000000000,45.13450000000000,45.4478,16650.3112,52.7069,52.4119,0.2950,44.8928,52.6536,48.3849,4.2687,0.0896,16650.3112,NA,NA,NA
Stalker2-Win64-Shipping.exe,17996,0x4DE2B640,DXGI,0,0,1,Hardware Composed: Independent Flip,16755.0850,NA,52.36190000000001,52.99900000000000,0.27510000000000,46.07010000000000,46.0849,16703.0181,52.3420,52.0669,0.2751,44.8395,53.2975,49.1990,4.0985,-0.2921,16703.0181,NA,NA,NA
Stalker2-Win64-Shipping.exe,17996,0x4DE2B640,DXGI,0,0,1,Hardware Composed: Independent Flip,16807.5490,NA,52.46400000000001,51.79120000000000,0.26040000000000,45.05620000000000,45.4121,16755.3601,52.4493,52.1889,0.2604,45.7950,51.4501,48.1436,3.3065,0.5508,16755.3601,NA,NA,NA
Stalker2-Win64-Shipping.exe,17996,0x4DE2B640,DXGI,0,0,1,Hardware Composed: Independent Flip,16859.3477,NA,51.79870000000000,51.14650000000000,0.22970000000000,44.74470000000000,44.7599,16807.8094,51.7680,51.5383,0.2297,44.7958,51.4872,48.7601,2.7271,1.3028,16807.8094,NA,NA,NA
Stalker2-Win64-Shipping.exe,17996,0x4DE2B640,DXGI,0,0,1,Hardware Composed: Independent Flip,16912.0564,NA,52.70870000000000,54.01430000000001,0.37860000000000,45.87440000000000,46.0655,16859.5774,52.8576,52.4790,0.3786,44.5150,53.8384,49.2146,4.6238,-2.2463,16859.5774,NA,NA,NA
Stalker2-Win64-Shipping.exe,17996,0x4DE2B640,DXGI,0,0,1,Hardware Composed: Independent Flip,16964.2867,NA,52.23030000000000,52.55380000000000,0.41350000000000,45.68580000000000,46.3890,16912.4350,52.2652,51.8517,0.4135,45.4958,52.0417,48.8207,3.2210,0.3038,16912.4350,NA,NA,NA
Stalker2-Win64-Shipping.exe,17996,0x4DE2B640,DXGI,0,0,1,Hardware Composed: Independent Flip,17016.9387,NA,52.65200000000000,52.18930000000000,0.25390000000000,45.90010000000000,45.9263,16964.7002,52.4924,52.2385,0.2539,45.2723,52.8663,49.1814,3.6849,0.0759,16964.7002,NA,NA,NA
Stalker2-Win64-Shipping.exe,17996,0x4DE2B640,DXGI,0,0,1,Hardware Composed: Independent Flip,17068.5826,NA,51.64390000000000,52.60730000000000,0.26290000000000,46.30850000000000,46.8897,17017.1926,51.6529,51.3900,0.2629,45.6462,52.0523,49.4269,2.6254,-0.1149,17017.1926,NA,NA,NA
Stalker2-Win64-Shipping.exe,17996,0x4DE2B640,DXGI,0,0,1,Hardware Composed: Independent Flip,17120.7607,NA,52.17810000000000,50.94770000000000,0.31300000000000,45.64380000000000,45.6593,17068.8455,52.2282,51.9152,0.3130,46.0456,51.5134,48.7845,2.7289,0.7052,17068.8455,NA,NA,NA
Stalker2-Win64-Shipping.exe,17996,0x4DE2B640,DXGI,0,0,1,Hardware Composed: Independent Flip,17173.0974,NA,52.33670000000000,52.43420000000000,0.30610000000000,45.72910000000000,45.7568,17121.0737,52.3298,52.0237,0.3061,45.3308,52.4220,48.8810,3.5410,-0.2060,17121.0737,NA,NA,NA
Stalker2-Win64-Shipping.exe,17996,0x4DE2B640,DXGI,0,0,1,Hardware Composed: Independent Flip,17224.8360,NA,51.73860000000001,52.26720000000000,0.33220000000000,45.96280000000000,46.2854,17173.4035,51.7647,51.4325,0.3322,45.4230,51.9723,49.0356,2.9367,0.0626,17173.4035,NA,NA,NA
Stalker2-Win64-Shipping.exe,17996,0x4DE2B640,DXGI,0,0,1,Hardware Composed: Independent Flip,17277.6983,NA,52.86230000000000,51.96280000000000,0.28260000000000,45.37120000000000,45.3859,17225.1682,52.8127,52.5301,0.2826,45.6306,52.2707,48.5605,3.7102,-0.1981,17225.1682,NA,NA,NA
Stalker2-Win64-Shipping.exe,17996,0x4DE2B640,DXGI,0,0,1,Hardware Composed: Independent Flip,17330.1913,NA,52.49300000000000,52.24330000000000,0.24740000000000,44.94360000000000,45.1362,17277.9809,52.4578,52.2104,0.2474,45.0886,52.0654,48.5037,3.5617,0.5694,17277.9809,NA,NA,NA
Stalker2-Win64-Shipping.exe,17996,0x4DE2B640,DXGI,0,0,1,Hardware Composed: Independent Flip,17383.4641,NA,53.27280000000000,53.23910000000000,0.50610000000000,45.07450000000000,45.1025,17330.4387,53.5315,53.0254,0.5061,44.6962,53.4037,48.6539,4.7498,-0.7813,17330.4387,NA,NA,NA
Stalker2-Win64-Shipping.exe,17996,0x4DE2B640,DXGI,0,0,1,Hardware Composed: Independent Flip,17436.5528,NA,53.08870000000000,54.34400000000000,0.36210000000000,45.68190000000000,46.3578,17383.9702,52.9447,52.5826,0.3621,44.5684,53.6961,49.0893,4.6068,-0.8125,17383.9702,NA,NA,NA
Stalker2-Win64-Shipping.exe,17996,0x4DE2B640,DXGI,0,0,1,Hardware Composed: Independent Flip,17490.3434,NA,53.79060000000000,53.61930000000000,0.24900000000000,45.95450000000000,46.1865,17436.9149,53.6775,53.4285,0.2490,45.3198,54.0632,49.2206,4.8426,-0.6746,17436.9149,NA,NA,NA
Stalker2-Win64-Shipping.exe,17996,0x4DE2B640,DXGI,0,0,1,Hardware Composed: Independent Flip,17541.2913,NA,50.94790000000000,50.67580000000000,0.30640000000000,45.74060000000000,45.9144,17490.5924,51.0053,50.6989,0.3064,45.7055,50.7340,48.8680,1.8660,3.0017,17490.5924,NA,NA,NA
Stalker2-Win64-Shipping.exe,17996,0x4DE2B640,DXGI,0,0,1,Hardware Composed: Independent Flip,17594.3551,NA,53.06380000000000,53.47510000000000,0.31760000000000,46.29870000000000,46.3257,17541.5977,53.0750,52.7574,0.3176,45.4342,53.6219,49.5465,4.0754,-2.4698,17541.5977,NA,NA,NA
Stalker2-Win64-Shipping.exe,17996,0x4DE2B640,DXGI,0,0,1,Hardware Composed: Independent Flip,17645.8907,NA,51.53560000000000,52.66750000000000,0.25330000000000,45.63530000000000,47.4576,17594.6727,51.4713,51.2180,0.2533,45.9811,50.8722,48.7592,2.1130,0.4075,17594.6727,NA,NA,NA
Stalker2-Win64-Shipping.exe,17996,0x4DE2B640,DXGI,0,0,1,Hardware Composed: Independent Flip,17698.0121,NA,52.12140000000000,50.90250000000000,0.29750000000000,46.22520000000000,46.2387,17646.1440,52.1656,51.8681,0.2975,45.3820,52.7113,50.1482,2.5631,0.5688,17646.1440,NA,NA,NA
Stalker2-Win64-Shipping.exe,17996,0x4DE2B640,DXGI,0,0,1,Hardware Composed: Independent Flip,17751.0242,NA,53.01210000000000,52.62460000000000,0.24570000000000,44.74030000000000,45.8512,17698.3096,52.9603,52.7146,0.2457,45.9277,51.5272,48.3123,3.2149,-0.4590,17698.3096,NA,NA,NA
Stalker2-Win64-Shipping.exe,17996,0x4DE2B640,DXGI,0,0,1,Hardware Composed: Independent Flip,17802.1263,NA,51.10210000000000,51.00400000000000,0.26260000000000,45.73370000000000,45.7531,17751.2699,51.1190,50.8564,0.2626,44.4946,52.0955,49.3506,2.7449,1.9563,17751.2699,NA,NA,NA
Stalker2-Win64-Shipping.exe,17996,0x4DE2B640,DXGI,0,0,1,Hardware Composed: Independent Flip,17855.2869,NA,53.16060000000000,52.86920000000000,0.31570000000000,45.10250000000000,45.4617,17802.3889,53.2137,52.8980,0.3157,45.4711,52.5294,48.1574,4.3720,-1.7502,17802.3889,NA,NA,NA
Stalker2-Win64-Shipping.exe,17996,0x4DE2B640,DXGI,0,0,1,Hardware Composed: Independent Flip,17907.9054,NA,52.61850000000000,52.95210000000000,0.26490000000000,45.72830000000000,45.7953,17855.6026,52.5677,52.3028,0.2649,44.7868,53.2443,48.8836,4.3607,0.2616,17855.6026,NA,NA,NA
Stalker2-Win64-Shipping.exe,17996,0x4DE2B640,DXGI,0,0,1,Hardware Composed: Independent Flip,17960.8808,NA,52.97540000000000,52.66990000000001,0.31020000000000,45.16280000000000,45.4898,17908.1703,53.0207,52.7105,0.3102,45.4634,52.4099,48.2630,4.1469,-0.1022,17908.1703,NA,NA,NA
Stalker2-Win64-Shipping.exe,17996,0x4DE2B640,DXGI,0,0,1,Hardware Composed: Independent Flip,18013.5636,NA,52.68280000000000,52.86030000000000,0.31500000000000,45.60420000000000,45.6673,17961.1910,52.6876,52.3726,0.3150,44.8526,53.1242,48.7421,4.3821,0.1604,17961.1910,NA,NA,NA
Stalker2-Win64-Shipping.exe,17996,0x4DE2B640,DXGI,0,0,1,Hardware Composed: Independent Flip,18065.8966,NA,52.33300000000001,52.31890000000000,0.26410000000000,45.19200000000000,45.6532,18013.8786,52.2821,52.0180,0.2641,45.2892,51.9208,48.5538,3.3670,0.3687,18013.8786,NA,NA,NA
Stalker2-Win64-Shipping.exe,17996,0x4DE2B640,DXGI,0,0,1,Hardware Composed: Independent Flip,18118.8394,NA,52.94280000000001,52.73970000000000,0.26160000000000,45.37280000000001,45.4501,18066.1607,52.9403,52.6787,0.2616,44.9279,53.1236,48.8280,4.2956,-0.4576,18066.1607,NA,NA,NA
Stalker2-Win64-Shipping.exe,17996,0x4DE2B640,DXGI,0,0,1,Hardware Composed: Independent Flip,18171.4030,NA,52.56360000000000,52.79190000000001,0.26730000000000,44.93840000000000,45.6784,18119.1010,52.5693,52.3020,0.2673,45.1112,52.1292,48.5411,3.5881,0.1484,18119.1010,NA,NA,NA
Stalker2-Win64-Shipping.exe,17996,0x4DE2B640,DXGI,0,0,1,Hardware Composed: Independent Flip,18223.8718,NA,52.46880000000000,52.20580000000000,0.31700000000000,45.40070000000000,45.4154,18171.6703,52.5185,52.2015,0.3170,44.6711,52.9311,49.1225,3.8086,0.3635,18171.6703,NA,NA,NA
Stalker2-Win64-Shipping.exe,17996,0x4DE2B640,DXGI,0,0,1,Hardware Composed: Independent Flip,18276.4124,NA,52.54060000000000,52.86110000000000,0.31380000000000,45.23380000000000,45.7359,18224.1888,52.5374,52.2236,0.3138,45.0837,52.3737,48.4070,3.9667,-0.3426,18224.1888,NA,NA,NA
Stalker2-Win64-Shipping.exe,17996,0x4DE2B640,DXGI,0,0,1,Hardware Composed: Independent Flip,18330.0434,NA,53.63100000000000,54.49540000000000,0.42680000000000,46.58520000000000,46.6003,18276.7262,53.7440,53.3172,0.4268,44.9200,54.9824,50.0658,4.9166,-1.9580,18276.7262,NA,NA,NA
Stalker2-Win64-Shipping.exe,17996,0x4DE2B640,DXGI,0,0,1,Hardware Composed: Independent Flip,18382.5136,NA,52.47020000000001,51.87330000000000,0.24820000000000,44.67350000000000,46.0034,18330.4702,52.2916,52.0434,0.2482,46.1584,50.5585,48.4921,2.0664,1.8707,18330.4702,NA,NA,NA
Stalker2-Win64-Shipping.exe,17996,0x4DE2B640,DXGI,0,0,1,Hardware Composed: Independent Flip,18434.6235,NA,52.10990000000000,51.97770000000001,0.26040000000000,45.85620000000000,45.8712,18382.7618,52.1221,51.8617,0.2604,44.4253,53.2926,49.5906,3.7020,0.3139,18382.7618,NA,NA,NA
Stalker2-Win64-Shipping.exe,17996,0x4DE2B640,DXGI,0,0,1,Hardware Composed: Independent Flip,18487.5333,NA,52.90980000000000,53.98590000000000,0.28960000000000,45.31130000000000,46.9473,18434.8839,52.9390,52.6494,0.2896,45.5958,52.3649,48.4946,3.8703,-1.8638,18434.8839,NA,NA,NA
Stalker2-Win64-Shipping.exe,17996,0x4DE2B640,DXGI,0,0,1,Hardware Composed: Independent Flip,18540.8017,NA,53.26840000000000,51.42810000000000,0.31260000000000,45.08020000000000,45.1070,18487.8229,53.2914,52.9788,0.3126,45.0217,53.0373,48.3490,4.6883,1.5109,18487.8229,NA,NA,NA
Stalker2-Win64-Shipping.exe,17996,0x4DE2B640,DXGI,0,0,1,Hardware Composed: Independent Flip,18593.1714,NA,52.36970000000000,53.52910000000000,0.26510000000000,45.89640000000000,46.2664,18541.1143,52.3222,52.0571,0.2651,44.7676,53.1859,48.9800,4.2059,-0.2377,18541.1143,NA,NA,NA
Stalker2-Win64-Shipping.exe,17996,0x4DE2B640,DXGI,0,0,1,Hardware Composed: Independent Flip,18646.7097,NA,53.53830000000000,53.03110000000000,0.30850000000000,45.69650000000000,45.7592,18593.4365,53.5817,53.2732,0.3085,45.6313,53.3384,48.8499,4.4885,-0.7089,18593.4365,NA,NA,NA
Stalker2-Win64-Shipping.exe,17996,0x4DE2B640,DXGI,0,0,1,Hardware Composed: Independent Flip,18697.9067,NA,51.19700000000000,51.18860000000000,0.30160000000000,45.67900000000000,45.7508,18647.0182,51.1901,50.8885,0.3016,45.3880,51.1795,48.7580,2.4215,2.3931,18647.0182,NA,NA,NA
Stalker2-Win64-Shipping.exe,17996,0x4DE2B640,DXGI,0,0,1,Hardware Composed: Independent Flip,18750.7318,NA,52.82510000000000,52.55940000000000,0.30110000000000,45.45760000000000,45.4851,18698.2083,52.8246,52.5235,0.3011,45.3774,52.6037,48.6028,4.0009,-1.3693,18698.2083,NA,NA,NA
Stalker2-Win64-Shipping.exe,17996,0x4DE2B640,DXGI,0,0,1,Hardware Composed: Independent Flip,18803.5278,NA,52.79600000000000,53.53300000000000,0.28750000000000,45.30090000000001,46.2221,18751.0329,52.7824,52.4949,0.2875,45.1565,52.6393,48.5498,4.0895,-0.7084,18751.0329,NA,NA,NA
Stalker2-Win64-Shipping.exe,17996,0x4DE2B640,DXGI,0,0,1,Hardware Composed: Independent Flip,18856.4234,NA,52.89560000000000,52.31250000000000,0.32440000000000,45.62430000000001,45.6390,18803.8153,52.9325,52.6081,0.3244,45.0134,53.2190,48.8670,4.3520,0.4699,18803.8153,NA,NA,NA
Stalker2-Win64-Shipping.exe,17996,0x4DE2B640,DXGI,0,0,1,Hardware Composed: Independent Flip,18908.8885,NA,52.46510000000000,52.78510000000000,0.26810000000000,45.62590000000000,45.9590,18856.7478,52.4088,52.1407,0.2681,45.2999,52.4667,48.9505,3.5162,0.1474,18856.7478,NA,NA,NA
Stalker2-Win64-Shipping.exe,17996,0x4DE2B640,DXGI,0,0,1,Hardware Composed: Independent Flip,18963.0341,NA,54.14560000000000,54.71010000000000,0.35720000000000,46.49620000000000,46.5235,18909.1566,54.2347,53.8775,0.3572,45.3578,55.0159,49.8509,5.1650,-2.3013,18909.1566,NA,NA,NA
Stalker2-Win64-Shipping.exe,17996,0x4DE2B640,DXGI,0,0,1,Hardware Composed: Independent Flip,19015.0155,NA,51.98140000000000,52.90170000000001,0.30350000000000,46.13550000000000,47.4438,18963.3913,51.9277,51.6242,0.3035,46.1390,51.6207,49.4114,2.2093,1.3330,18963.3913,NA,NA,NA
Stalker2-Win64-Shipping.exe,17996,0x4DE2B640,DXGI,0,0,1,Hardware Composed: Independent Flip,19068.1261,NA,53.11060000000001,50.60690000000000,0.28530000000000,44.92560000000000,44.9401,19015.3190,53.0924,52.8071,0.2853,45.8320,51.9007,48.9119,2.9888,1.3208,19015.3190,NA,NA,NA
Stalker2-Win64-Shipping.exe,17996,0x4DE2B640,DXGI,0,0,1,Hardware Composed: Independent Flip,19120.9829,NA,52.85680000000000,53.17020000000000,0.29640000000000,44.92600000000000,45.2535,19068.4114,52.8679,52.5715,0.2964,44.6403,52.8572,48.2730,4.5842,-0.0778,19068.4114,NA,NA,NA
Stalker2-Win64-Shipping.exe,17996,0x4DE2B640,DXGI,0,0,1,Hardware Composed: Independent Flip,19173.4311,NA,52.44820000000000,52.71140000000000,0.28150000000000,45.50480000000000,45.5167,19121.2793,52.4333,52.1518,0.2815,44.6296,53.0270,48.8622,4.1648,0.1565,19121.2793,NA,NA,NA
Stalker2-Win64-Shipping.exe,17996,0x4DE2B640,DXGI,0,0,1,Hardware Composed: Independent Flip,19226.9247,NA,53.49360000000000,53.91170000000000,0.36750000000000,45.86680000000000,45.9348,19173.7126,53.5796,53.2121,0.3675,45.2233,53.8556,49.1780,4.6776,-1.4784,19173.7126,NA,NA,NA
Stalker2-Win64-Shipping.exe,17996,0x4DE2B640,DXGI,0,0,1,Hardware Composed: Independent Flip,19280.6861,NA,53.76140000000000,52.93480000000000,0.27630000000000,44.59330000000000,45.1082,19227.2922,53.6702,53.3939,0.2763,45.4993,52.4879,47.6775,4.8104,0.6448,19227.2922,NA,NA,NA
Stalker2-Win64-Shipping.exe,17996,0x4DE2B640,DXGI,0,0,1,Hardware Composed: Independent Flip,19334.3765,NA,53.69040000000000,54.27650000000001,0.33110000000000,45.67990000000000,45.6943,19280.9624,53.7452,53.4141,0.3311,44.3170,54.7770,49.0495,5.7275,-0.6063,19280.9624,NA,NA,NA
Stalker2-Win64-Shipping.exe,17996,0x4DE2B640,DXGI,0,0,1,Hardware Composed: Independent Flip,19386.5694,NA,52.19290000000000,52.93140000000000,0.26980000000000,45.25770000000000,46.4328,19334.7076,52.1316,51.8618,0.2698,45.3488,51.7707,48.4364,3.3343,0.8138,19334.7076,NA,NA,NA
Stalker2-Win64-Shipping.exe,17996,0x4DE2B640,DXGI,0,0,1,Hardware Composed: Independent Flip,19439.1495,NA,52.58010000000000,51.88810000000000,0.29190000000000,45.72470000000001,45.7408,19386.8392,52.6022,52.3103,0.2919,44.9879,53.0471,48.9001,4.1470,0.2435,19386.8392,NA,NA,NA
Stalker2-Win64-Shipping.exe,17996,0x4DE2B640,DXGI,0,0,1,Hardware Composed: Independent Flip,19492.7593,NA,53.60980000000000,54.39600000000000,0.30110000000000,45.64060000000000,46.5270,19439.4414,53.6190,53.3179,0.3011,45.4328,53.5257,49.2756,4.2501,-1.7938,19439.4414,NA,NA,NA
Stalker2-Win64-Shipping.exe,17996,0x4DE2B640,DXGI,0,0,1,Hardware Composed: Independent Flip,19544.8252,NA,52.06590000000000,50.30060000000000,0.33670000000000,44.73330000000000,44.7617,19493.0604,52.1015,51.7648,0.3367,45.3395,51.1586,47.8314,3.3272,3.3184,19493.0604,NA,NA,NA
Stalker2-Win64-Shipping.exe,17996,0x4DE2B640,DXGI,0,0,1,Hardware Composed: Independent Flip,19598.6019,NA,53.77670000000001,55.56230000000000,0.26760000000000,46.48420000000000,46.5473,19545.1619,53.7076,53.4400,0.2676,44.3966,55.5276,49.6693,5.8583,-3.4608,19545.1619,NA,NA,NA
Stalker2-Win64-Shipping.exe,17996,0x4DE2B640,DXGI,0,0,1,Hardware Composed: Independent Flip,19649.7944,NA,51.19250000000000,52.39170000000000,0.25400000000000,45.03920000000000,47.7465,19598.8695,51.1789,50.9249,0.2540,46.2166,49.7475,48.5442,1.2033,1.3159,19598.8695,NA,NA,NA
Stalker2-Win64-Shipping.exe,17996,0x4DE2B640,DXGI,0,0,1,Hardware Composed: Independent Flip,19703.1140,NA,53.31960000000000,50.73420000000000,0.25430000000000,45.13810000000000,45.1611,19650.0484,53.3199,53.0656,0.2543,44.7852,53.4185,48.5463,4.8722,0.4447,19650.0484,NA,NA,NA
Stalker2-Win64-Shipping.exe,17996,0x4DE2B640,DXGI,0,0,1,Hardware Composed: Independent Flip,19756.0081,NA,52.89410000000000,55.32530000000001,0.28450000000000,45.37190000000000,47.5923,19703.3683,52.9243,52.6398,0.2845,44.8838,53.1279,48.6925,4.4354,-2.0054,19703.3683,NA,NA,NA
Stalker2-Win64-Shipping.exe,17996,0x4DE2B640,DXGI,0,0,1,Hardware Composed: Independent Flip,19807.9882,NA,51.98010000000000,50.24680000000000,0.28720000000000,45.84390000000000,45.8590,19756.2926,51.9828,51.6956,0.2872,45.0874,52.4521,49.7376,2.7145,2.6775,19756.2926,NA,NA,NA
Stalker2-Win64-Shipping.exe,17996,0x4DE2B640,DXGI,0,0,1,Hardware Composed: Independent Flip,19860.7765,NA,52.78830000000000,52.14660000000000,0.28560000000000,45.18800000000000,45.2173,19808.2754,52.7867,52.5011,0.2856,45.5567,52.1324,48.2947,3.8377,-0.1638,19808.2754,NA,NA,NA
Stalker2-Win64-Shipping.exe,17996,0x4DE2B640,DXGI,0,0,1,Hardware Composed: Independent Flip,19913.1497,NA,52.37320000000000,53.18210000000001,0.30870000000000,45.83820000000000,46.0262,19861.0621,52.3963,52.0876,0.3087,44.9024,53.0234,48.9404,4.0830,-0.3954,19861.0621,NA,NA,NA
Stalker2-Win64-Shipping.exe,17996,0x4DE2B640,DXGI,0,0,1,Hardware Composed: Independent Flip,19965.7832,NA,52.63350000000001,52.19320000000000,0.27120000000000,45.37620000000000,45.5859,19913.4584,52.5960,52.3248,0.2712,45.5295,52.1715,48.5749,3.5966,0.2031,19913.4584,NA,NA,NA
Stalker2-Win64-Shipping.exe,17996,0x4DE2B640,DXGI,0,0,1,Hardware Composed: Independent Flip,20019.0881,NA,53.30490000000000,53.44150000000000,0.25330000000000,45.70760000000000,45.7225,19966.0544,53.2870,53.0337,0.2533,45.1050,53.6363,48.9313,4.7050,-0.8455,19966.0544,NA,NA,NA
Stalker2-Win64-Shipping.exe,17996,0x4DE2B640,DXGI,0,0,1,Hardware Composed: Independent Flip,20071.9770,NA,52.88890000000000,53.61120000000000,0.36440000000000,45.57790000000000,46.4448,20019.3414,53.0000,52.6356,0.3644,45.4543,52.7592,48.8108,3.9484,-0.3242,20019.3414,NA,NA,NA
Stalker2-Win64-Shipping.exe,17996,0x4DE2B640,DXGI,0,0,1,Hardware Composed: Independent Flip,20126.4011,NA,54.42410000000000,53.27090000000000,0.28310000000000,45.28280000000000,45.2916,20072.3414,54.3428,54.0597,0.2831,45.2135,54.1290,48.8327,5.2963,-0.2709,20072.3414,NA,NA,NA
Stalker2-Win64-Shipping.exe,17996,0x4DE2B640,DXGI,0,0,1,Hardware Composed: Independent Flip,20177.5992,NA,51.19810000000000,52.12630000000000,0.29710000000000,45.51880000000000,46.2198,20126.6842,51.2121,50.9150,0.2971,44.9997,51.4341,48.6574,2.7767,2.2165,20126.6842,NA,NA,NA
Stalker2-Win64-Shipping.exe,17996,0x4DE2B640,DXGI,0,0,1,Hardware Composed: Independent Flip,20231.8131,NA,54.21390000000000,55.68550000000000,0.27890000000000,47.67600000000000,47.6914,20177.8963,54.1957,53.9168,0.2789,45.2217,56.3711,51.0026,5.3685,-4.4734,20177.8963,NA,NA,NA
Stalker2-Win64-Shipping.exe,17996,0x4DE2B640,DXGI,0,0,1,Hardware Composed: Independent Flip,20283.5276,NA,51.71450000000000,51.43310000000000,0.24670000000000,44.75930000000000,47.4100,20232.0920,51.6823,51.4356,0.2467,47.3971,48.7978,48.2267,0.5711,2.7626,20232.0920,NA,NA,NA
Stalker2-Win64-Shipping.exe,17996,0x4DE2B640,DXGI,0,0,1,Hardware Composed: Independent Flip,20336.2716,NA,52.74400000000000,50.32430000000000,0.27210000000000,44.97490000000001,44.9903,20283.7743,52.7694,52.4973,0.2721,44.5126,52.9596,48.4268,4.5328,1.3580,20283.7743,NA,NA,NA
Stalker2-Win64-Shipping.exe,17996,0x4DE2B640,DXGI,0,0,1,Hardware Composed: Independent Flip,20388.7344,NA,52.46280000000000,55.46610000000000,0.30630000000000,45.42880000000000,47.9936,20336.5437,52.4970,52.1907,0.3063,44.7028,52.9167,49.0386,3.8781,-2.6967,20336.5437,NA,NA,NA
Stalker2-Win64-Shipping.exe,17996,0x4DE2B640,DXGI,0,0,1,Hardware Composed: Independent Flip,20441.3949,NA,52.66050000000000,50.49930000000001,0.31780000000000,45.81720000000000,45.8324,20389.0407,52.6720,52.3542,0.3178,45.1225,53.0489,49.1217,3.9272,1.9977,20389.0407,NA,NA,NA
Stalker2-Win64-Shipping.exe,17996,0x4DE2B640,DXGI,0,0,1,Hardware Composed: Independent Flip,20494.5894,NA,53.19450000000001,53.14190000000000,0.30450000000000,45.71280000000000,45.7798,20441.7127,53.1812,52.8767,0.3045,45.4994,53.0901,48.7009,4.3892,-0.4699,20441.7127,NA,NA,NA
Stalker2-Win64-Shipping.exe,17996,0x4DE2B640,DXGI,0,0,1,Hardware Composed: Independent Flip,20547.5414,NA,52.95200000000001,52.96200000000000,0.30810000000000,45.62140000000000,45.7898,20494.8939,52.9556,52.6475,0.3081,45.4083,52.8606,48.7819,4.0787,0.2192,20494.8939,NA,NA,NA
Stalker2-Win64-Shipping.exe,17996,0x4DE2B640,DXGI,0,0,1,Hardware Composed: Independent Flip,20600.6236,NA,53.08220000000000,52.81980000000000,0.33830000000000,45.51340000000000,45.5274,20547.8495,53.1124,52.7741,0.3383,45.3133,52.9742,48.6951,4.2791,0.1358,20547.8495,NA,NA,NA
Stalker2-Win64-Shipping.exe,17996,0x4DE2B640,DXGI,0,0,1,Hardware Composed: Independent Flip,20652.9937,NA,52.37010000000000,52.46320000000000,0.35120000000000,45.47360000000000,45.6205,20600.9619,52.3830,52.0318,0.3512,45.1751,52.3303,48.6190,3.7113,0.6492,20600.9619,NA,NA,NA
Stalker2-Win64-Shipping.exe,17996,0x4DE2B640,DXGI,0,0,1,Hardware Composed: Independent Flip,20705.7552,NA,52.76150000000001,52.61010000000000,0.29200000000000,45.44190000000000,45.4691,20653.3449,52.7023,52.4103,0.2920,45.1224,52.7298,48.8213,3.9085,-0.2271,20653.3449,NA,NA,NA
Stalker2-Win64-Shipping.exe,17996,0x4DE2B640,DXGI,0,0,1,Hardware Composed: Independent Flip,20758.7379,NA,52.98270000000000,53.18240000000000,0.28620000000000,45.35850000000000,45.6688,20706.0472,52.9769,52.6907,0.2862,45.1499,52.8993,48.5424,4.3569,-0.4801,20706.0472,NA,NA,NA
Stalker2-Win64-Shipping.exe,17996,0x4DE2B640,DXGI,0,0,1,Hardware Composed: Independent Flip,20812.0121,NA,53.27420000000000,53.83100000000000,0.27580000000000,46.19630000000000,46.2256,20759.0241,53.2638,52.9880,0.2758,45.0723,54.1120,49.4180,4.6940,-0.8541,20759.0241,NA,NA,NA
Stalker2-Win64-Shipping.exe,17996,0x4DE2B640,DXGI,0,0,1,Hardware Composed: Independent Flip,20864.1854,NA,52.17330000000000,53.30800000000000,0.25280000000000,46.82890000000000,47.3603,20812.2879,52.1503,51.8975,0.2528,45.9205,52.8059,49.9776,2.8283,-0.0442,20812.2879,NA,NA,NA
Stalker2-Win64-Shipping.exe,17996,0x4DE2B640,DXGI,0,0,1,Hardware Composed: Independent Flip,20917.5115,NA,53.32610000000000,51.32350000000000,0.30240000000000,45.33660000000000,45.3577,20864.4382,53.3757,53.0733,0.3024,46.5761,51.8338,48.5338,3.3000,0.8268,20864.4382,NA,NA,NA
Stalker2-Win64-Shipping.exe,17996,0x4DE2B640,DXGI,0,0,1,Hardware Composed: Independent Flip,20969.8349,NA,52.32340000000000,51.99280000000000,0.25120000000000,45.01210000000000,45.0271,20917.8139,52.2722,52.0210,0.2512,45.0342,51.9989,48.5042,3.4947,1.3829,20917.8139,NA,NA,NA
Stalker2-Win64-Shipping.exe,17996,0x4DE2B640,DXGI,0,0,1,Hardware Composed: Independent Flip,21022.7113,NA,52.87640000000000,52.88870000000000,0.32980000000000,45.01090000000000,45.0394,20970.0861,52.9550,52.6252,0.3298,44.7609,52.8752,48.5543,4.3209,-0.6165,20970.0861,NA,NA,NA
Stalker2-Win64-Shipping.exe,17996,0x4DE2B640,DXGI,0,0,1,Hardware Composed: Independent Flip,21075.8796,NA,53.16830000000000,53.90660000000000,0.27120000000000,45.62670000000000,45.7777,21023.0411,53.1097,52.8385,0.2712,44.6811,53.7841,48.8766,4.9075,-0.9516,21023.0411,NA,NA,NA
Stalker2-Win64-Shipping.exe,17996,0x4DE2B640,DXGI,0,0,1,Hardware Composed: Independent Flip,21128.9525,NA,53.07290000000000,53.66310000000000,0.29780000000000,45.82830000000000,46.3679,21076.1508,53.0995,52.8017,0.2978,45.3555,53.2745,49.0629,4.2116,-0.5534,21076.1508,NA,NA,NA
Stalker2-Win64-Shipping.exe,17996,0x4DE2B640,DXGI,0,0,1,Hardware Composed: Independent Flip,21182.5962,NA,53.64370000000000,52.67580000000000,0.29460000000000,45.38990000000000,45.4000,21129.2503,53.6405,53.3459,0.2946,45.5305,53.2053,48.8028,4.4025,0.4237,21129.2503,NA,NA,NA
Stalker2-Win64-Shipping.exe,17996,0x4DE2B640,DXGI,0,0,1,Hardware Composed: Independent Flip,21234.7928,NA,52.19660000000000,52.16130000000000,0.30010000000000,45.35040000000000,45.3647,21182.8908,52.2021,51.9020,0.3001,45.0953,52.1571,48.4849,3.6722,1.4792,21182.8908,NA,NA,NA
Stalker2-Win64-Shipping.exe,17996,0x4DE2B640,DXGI,0,0,1,Hardware Composed: Independent Flip,21289.1612,NA,54.36840000000000,53.81470000000000,0.25250000000000,44.79630000000000,44.8110,21235.0929,54.3208,54.0683,0.2525,45.0503,53.8143,48.0405,5.7738,-1.6126,21235.0929,NA,NA,NA
Stalker2-Win64-Shipping.exe,17996,0x4DE2B640,DXGI,0,0,1,Hardware Composed: Independent Flip,21340.7621,NA,51.60090000000000,52.65970000000000,0.29620000000000,44.89550000000001,45.8698,21289.4137,51.6446,51.3484,0.2962,44.5438,51.7001,48.5032,3.1969,1.6611,21289.4137,NA,NA,NA
Stalker2-Win64-Shipping.exe,17996,0x4DE2B640,DXGI,0,0,1,Hardware Composed: Independent Flip,21393.6926,NA,52.93050000000000,52.68160000000000,0.29080000000000,45.60930000000000,45.6209,21341.0583,52.9251,52.6343,0.2908,44.5993,53.6443,49.1626,4.4817,-1.0370,21341.0583,NA,NA,NA
Stalker2-Win64-Shipping.exe,17996,0x4DE2B640,DXGI,0,0,1,Hardware Composed: Independent Flip,21447.2927,NA,53.60010000000000,54.31090000000000,0.36710000000000,45.18650000000000,46.3317,21393.9834,53.6764,53.3093,0.3671,45.3185,53.1773,48.5122,4.6651,-1.3858,21393.9834,NA,NA,NA
Stalker2-Win64-Shipping.exe,17996,0x4DE2B640,DXGI,0,0,1,Hardware Composed: Independent Flip,21498.7578,NA,51.46510000000000,51.72020000000001,0.26340000000000,46.55800000000000,46.5868,21447.6598,51.3614,51.0980,0.2634,44.8194,52.8366,49.7998,3.0368,1.9562,21447.6598,NA,NA,NA
Stalker2-Win64-Shipping.exe,17996,0x4DE2B640,DXGI,0,0,1,Hardware Composed: Independent Flip,21551.1634,NA,52.40560000000000,50.94950000000000,0.31250000000000,45.10330000000000,45.1307,21499.0212,52.4547,52.1422,0.3125,46.2946,50.9509,48.2451,2.7058,0.4119,21499.0212,NA,NA,NA
Stalker2-Win64-Shipping.exe,17996,0x4DE2B640,DXGI,0,0,1,Hardware Composed: Independent Flip,21604.4001,NA,53.23670000000000,54.00360000000001,0.40030000000000,45.88210000000000,45.8976,21551.4759,53.3245,52.9242,0.4003,44.7908,54.0155,49.0575,4.9580,-1.5489,21551.4759,NA,NA,NA
Stalker2-Win64-Shipping.exe,17996,0x4DE2B640,DXGI,0,0,1,Hardware Composed: Independent Flip,21656.1181,NA,51.71800000000000,52.88730000000000,0.26300000000000,45.52520000000001,47.0669,21604.8004,51.5807,51.3177,0.2630,45.4818,51.3611,48.5823,2.7788,0.4372,21604.8004,NA,NA,NA
Stalker2-Win64-Shipping.exe,17996,0x4DE2B640,DXGI,0,0,1,Hardware Composed: Independent Flip,21708.3590,NA,52.24090000000000,50.48320000000000,0.24360000000000,45.29650000000000,45.3092,21656.3811,52.2215,51.9779,0.2436,45.2622,52.0122,48.4906,3.5216,1.0975,21656.3811,NA,NA,NA
Stalker2-Win64-Shipping.exe,17996,0x4DE2B640,DXGI,0,0,1,Hardware Composed: Independent Flip,21761.8809,NA,53.52190000000000,53.36090000000000,0.38970000000000,44.66890000000000,45.1482,21708.6026,53.6680,53.2783,0.3897,45.0529,52.8943,48.5547,4.3396,-1.1394,21708.6026,NA,NA,NA
Stalker2-Win64-Shipping.exe,17996,0x4DE2B640,DXGI,0,0,1,Hardware Composed: Independent Flip,21814.3671,NA,52.48620000000000,52.81700000000000,0.25830000000000,45.23750000000000,45.4790,21762.2706,52.3548,52.0965,0.2583,44.2792,53.0548,48.8889,4.1659,0.8510,21762.2706,NA,NA,NA
Stalker2-Win64-Shipping.exe,17996,0x4DE2B640,DXGI,0,0,1,Hardware Composed: Independent Flip,21867.7279,NA,53.36080000000000,52.95760000000000,0.38570000000000,45.02610000000000,45.0758,21814.6254,53.4882,53.1025,0.3857,44.9792,53.1494,48.5661,4.5833,-0.6028,21814.6254,NA,NA,NA
Stalker2-Win64-Shipping.exe,17996,0x4DE2B640,DXGI,0,0,1,Hardware Composed: Independent Flip,21919.1189,NA,51.39100000000001,51.83400000000000,0.29000000000000,45.31340000000000,45.5188,21868.1136,51.2953,51.0053,0.2900,44.6404,51.6783,48.6913,2.9870,1.6542,21868.1136,NA,NA,NA
Stalker2-Win64-Shipping.exe,17996,0x4DE2B640,DXGI,0,0,1,Hardware Composed: Independent Flip,21971.0945,NA,51.97560000000000,51.69010000000000,0.28220000000000,45.20470000000000,45.2333,21919.4089,51.9678,51.6856,0.2822,45.0234,51.8669,48.4126,3.4543,-0.3948,21919.4089,NA,NA,NA
Stalker2-Win64-Shipping.exe,17996,0x4DE2B640,DXGI,0,0,1,Hardware Composed: Independent Flip,22024.4415,NA,53.34700000000000,53.84900000000000,0.36710000000000,45.40080000000000,45.7353,21971.3767,53.4319,53.0648,0.3671,44.9225,53.5431,48.6197,4.9234,-1.8812,21971.3767,NA,NA,NA
Stalker2-Win64-Shipping.exe,17996,0x4DE2B640,DXGI,0,0,1,Hardware Composed: Independent Flip,22075.8843,NA,51.44280000000001,51.79270000000000,0.26360000000000,45.60150000000000,46.0852,22024.8086,51.3393,51.0757,0.2636,45.0337,51.6435,48.7807,2.8628,1.6392,22024.8086,NA,NA,NA
Stalker2-Win64-Shipping.exe,17996,0x4DE2B640,DXGI,0,0,1,Hardware Composed: Independent Flip,22127.7876,NA,51.90330000000000,52.09390000000000,0.28060000000000,46.25260000000000,46.2758,22076.1479,51.9203,51.6397,0.2806,45.3379,52.5544,49.3617,3.1927,-0.7546,22076.1479,NA,NA,NA
Stalker2-Win64-Shipping.exe,17996,0x4DE2B640,DXGI,0,0,1,Hardware Composed: Independent Flip,22180.3269,NA,52.53930000000000,51.79060000000000,0.26100000000000,44.80450000000000,45.5271,22128.0682,52.5197,52.2587,0.2610,45.9720,51.0912,48.4269,2.6643,0.1297,22128.0682,NA,NA,NA
Stalker2-Win64-Shipping.exe,17996,0x4DE2B640,DXGI,0,0,1,Hardware Composed: Independent Flip,22232.6286,NA,52.30170000000000,52.21770000000000,0.32750000000000,45.42940000000000,45.4431,22180.5879,52.3682,52.0407,0.3275,44.5435,52.9266,49.1690,3.7576,0.3020,22180.5879,NA,NA,NA
Stalker2-Win64-Shipping.exe,17996,0x4DE2B640,DXGI,0,0,1,Hardware Composed: Independent Flip,22284.3709,NA,51.74230000000000,52.90670000000000,0.28190000000000,45.55400000000000,46.6075,22232.9561,51.6967,51.4148,0.2819,45.1019,51.8669,48.9144,2.9525,-0.5385,22232.9561,NA,NA,NA
Stalker2-Win64-Shipping.exe,17996,0x4DE2B640,DXGI,0,0,1,Hardware Composed: Independent Flip,22337.4287,NA,53.05780000000000,51.57990000000000,0.30000000000000,45.10240000000000,45.1296,22284.6528,53.0759,52.7759,0.3000,45.2721,52.6062,48.2790,4.3272,0.1168,22284.6528,NA,NA,NA
Stalker2-Win64-Shipping.exe,17996,0x4DE2B640,DXGI,0,0,1,Hardware Composed: Independent Flip,22391.3855,NA,53.95680000000000,54.14130000000000,0.28490000000000,44.89380000000000,45.3141,22337.7287,53.9417,53.6568,0.2849,44.8024,53.7482,48.1930,5.5552,-1.0654,22337.7287,NA,NA,NA
Stalker2-Win64-Shipping.exe,17996,0x4DE2B640,DXGI,0,0,1,Hardware Composed: Independent Flip,22442.6153,NA,51.22980000000000,51.79990000000000,0.30450000000000,45.41190000000000,45.8842,22391.6704,51.2494,50.9449,0.3045,44.6089,51.7479,49.0249,2.7230,2.1418,22391.6704,NA,NA,NA
Stalker2-Win64-Shipping.exe,17996,0x4DE2B640,DXGI,0,0,1,Hardware Composed: Independent Flip,22496.1820,NA,53.56670000000000,53.40130000000000,0.33600000000000,45.70380000000000,45.7188,22442.9198,53.5982,53.2622,0.3360,45.1074,53.8586,48.9432,4.9154,-2.1519,22442.9198,NA,NA,NA
Stalker2-Win64-Shipping.exe,17996,0x4DE2B640,DXGI,0,0,1,Hardware Composed: Independent Flip,22548.3354,NA,52.15340000000000,53.11990000000000,0.27400000000000,45.36470000000000,46.6853,22496.5180,52.0914,51.8174,0.2740,45.3678,51.8143,48.4800,3.3343,0.4783,22496.5180,NA,NA,NA
Stalker2-Win64-Shipping.exe,17996,0x4DE2B640,DXGI,0,0,1,Hardware Composed: Independent Flip,22601.2021,NA,52.86670000000000,51.08760000000000,0.30600000000000,44.89220000000000,44.9062,22548.6094,52.8987,52.5927,0.3060,45.0907,52.3942,48.5080,3.8862,1.0038,22548.6094,NA,NA,NA
Stalker2-Win64-Shipping.exe,17996,0x4DE2B640,DXGI,0,0,1,Hardware Composed: Independent Flip,22653.3610,NA,52.15890000000000,53.70880000000000,0.27370000000000,46.01050000000000,46.4561,22601.5081,52.1266,51.8529,0.2737,44.5862,53.2772,49.7749,3.5023,-0.8101,22601.5081,NA,NA,NA
Stalker2-Win64-Shipping.exe,17996,0x4DE2B640,DXGI,0,0,1,Hardware Composed: Independent Flip,22706.1001,NA,52.73910000000000,52.49290000000001,0.25780000000000,46.02110000000000,46.2099,22653.6347,52.7232,52.4654,0.2578,45.7368,52.7497,49.2449,3.5048,-0.3663,22653.6347,NA,NA,NA
Stalker2-Win64-Shipping.exe,17996,0x4DE2B640,DXGI,0,0,1,Hardware Composed: Independent Flip,22758.9805,NA,52.88040000000000,53.10520000000000,0.27520000000000,46.37140000000000,46.4347,22706.3579,52.8978,52.6226,0.2752,45.7633,53.2307,49.5579,3.6728,-0.3820,22706.3579,NA,NA,NA
Stalker2-Win64-Shipping.exe,17996,0x4DE2B640,DXGI,0,0,1,Hardware Composed: Independent Flip,22811.4186,NA,52.43810000000001,52.72800000000000,0.25760000000000,46.21900000000000,46.7246,22759.2557,52.4205,52.1629,0.2576,46.0962,52.2857,49.2944,2.9913,0.1698,22759.2557,NA,NA,NA
Stalker2-Win64-Shipping.exe,17996,0x4DE2B640,DXGI,0,0,1,Hardware Composed: Independent Flip,22864.4693,NA,53.05070000000000,51.97760000000000,0.29730000000000,45.58650000000000,45.6515,22811.6762,53.0904,52.7931,0.2973,45.9614,52.4182,48.7059,3.7123,0.4429,22811.6762,NA,NA,NA
Stalker2-Win64-Shipping.exe,17996,0x4DE2B640,DXGI,0,0,1,Hardware Composed: Independent Flip,22916.4573,NA,51.98800000000000,51.76650000000000,0.30010000000000,45.22530000000000,45.4300,22864.7666,51.9908,51.6907,0.3001,45.2892,51.6268,48.4394,3.1874,1.3239,22864.7666,NA,NA,NA
Stalker2-Win64-Shipping.exe,17996,0x4DE2B640,DXGI,0,0,1,Hardware Composed: Independent Flip,22969.9988,NA,53.54150000000000,53.35200000000000,0.34670000000000,45.22770000000000,45.2405,22916.7574,53.5881,53.2414,0.3467,44.9252,53.5439,48.5442,4.9997,-1.3612,22916.7574,NA,NA,NA
Stalker2-Win64-Shipping.exe,17996,0x4DE2B640,DXGI,0,0,1,Hardware Composed: Independent Flip,23023.2301,NA,53.23130000000000,54.02700000000000,0.40620000000000,44.93500000000000,46.0362,22970.3455,53.2908,52.8846,0.4062,44.8810,52.9386,48.1705,4.7681,-0.4389,22970.3455,NA,NA,NA
Stalker2-Win64-Shipping.exe,17996,0x4DE2B640,DXGI,0,0,1,Hardware Composed: Independent Flip,23076.3142,NA,53.08410000000000,52.14810000000000,0.30240000000000,45.08380000000000,45.1002,23023.6363,52.9803,52.6779,0.3024,44.5288,53.2329,48.5181,4.7148,1.1427,23023.6363,NA,NA,NA
Stalker2-Win64-Shipping.exe,17996,0x4DE2B640,DXGI,0,0,1,Hardware Composed: Independent Flip,23128.8385,NA,52.52430000000000,53.64050000000000,0.28750000000000,46.08360000000000,46.2164,23076.6166,52.5094,52.2219,0.2875,44.7814,53.5241,49.6883,3.8358,-0.6602,23076.6166,NA,NA,NA
Stalker2-Win64-Shipping.exe,17996,0x4DE2B640,DXGI,0,0,1,Hardware Composed: Independent Flip,23183.2347,NA,54.39620000000000,53.71350000000000,0.39350000000000,45.25810000000000,45.5337,23129.1260,54.5022,54.1087,0.3935,45.7961,53.5707,48.6006,4.9701,-1.2041,23129.1260,NA,NA,NA
Stalker2-Win64-Shipping.exe,17996,0x4DE2B640,DXGI,0,0,1,Hardware Composed: Independent Flip,23235.1438,NA,51.90910000000000,52.21660000000000,0.25000000000000,45.74890000000000,45.8412,23183.6282,51.7656,51.5156,0.2500,44.8646,52.3999,48.9182,3.4817,2.2856,23183.6282,NA,NA,NA
Stalker2-Win64-Shipping.exe,17996,0x4DE2B640,DXGI,0,0,1,Hardware Composed: Independent Flip,23288.3530,NA,53.20920000000000,53.02910000000000,0.28010000000000,45.59760000000000,45.6611,23235.3938,53.2393,52.9592,0.2801,45.4989,53.0579,48.7659,4.2920,-1.2635,23235.3938,NA,NA,NA
Stalker2-Win64-Shipping.exe,17996,0x4DE2B640,DXGI,0,0,1,Hardware Composed: Independent Flip,23340.6842,NA,52.33120000000000,51.89430000000000,0.27880000000000,44.65700000000000,45.2242,23288.6331,52.3299,52.0511,0.2788,45.3175,51.3906,47.8356,3.5550,1.3450,23288.6331,NA,NA,NA
Stalker2-Win64-Shipping.exe,17996,0x4DE2B640,DXGI,0,0,1,Hardware Composed: Independent Flip,23393.4439,NA,52.75970000000000,54.21210000000000,0.23850000000000,46.66360000000000,46.6766,23340.9630,52.7194,52.4809,0.2385,44.3782,54.7663,50.3434,4.4229,-1.8822,23340.9630,NA,NA,NA
Stalker2-Win64-Shipping.exe,17996,0x4DE2B640,DXGI,0,0,1,Hardware Composed: Independent Flip,23445.8176,NA,52.37370000000000,52.74160000000001,0.26020000000000,45.16920000000000,47.0445,23393.6824,52.3954,52.1352,0.2602,46.4251,50.8793,48.6207,2.2586,-0.0222,23393.6824,NA,NA,NA
Stalker2-Win64-Shipping.exe,17996,0x4DE2B640,DXGI,0,0,1,Hardware Composed: Independent Flip,23498.9211,NA,53.10350000000000,50.72000000000001,0.30820000000000,44.64450000000000,44.6610,23446.0778,53.1515,52.8433,0.3082,44.9090,52.5788,48.0333,4.5455,1.6754,23446.0778,NA,NA,NA
Stalker2-Win64-Shipping.exe,17996,0x4DE2B640,DXGI,0,0,1,Hardware Composed: Independent Flip,23552.2375,NA,53.31640000000000,55.27950000000001,0.28170000000000,45.52090000000000,46.6241,23499.2293,53.2899,53.0082,0.2817,44.3363,54.1928,49.0422,5.1506,-2.1280,23499.2293,NA,NA,NA
Stalker2-Win64-Shipping.exe,17996,0x4DE2B640,DXGI,0,0,1,Hardware Composed: Independent Flip,23605.1095,NA,52.87200000000000,53.19290000000000,0.31690000000000,46.70390000000000,46.9450,23552.5192,52.9072,52.5903,0.3169,45.2392,54.0550,49.9274,4.1276,0.0970,23552.5192,NA,NA,NA
Stalker2-Win64-Shipping.exe,17996,0x4DE2B640,DXGI,0,0,1,Hardware Composed: Independent Flip,23656.1796,NA,51.07010000000000,49.50700000000001,0.25170000000000,45.34780000000000,45.3819,23605.4264,51.0049,50.7532,0.2517,46.3870,49.7140,48.4317,1.2823,3.4002,23605.4264,NA,NA,NA
Stalker2-Win64-Shipping.exe,17996,0x4DE2B640,DXGI,0,0,1,Hardware Composed: Independent Flip,23710.1151,NA,53.93550000000000,54.05030000000000,0.26980000000000,45.46870000000001,45.4967,23656.4313,53.9536,53.6838,0.2698,45.0961,54.0564,48.6616,5.3948,-3.0454,23656.4313,NA,NA,NA
Stalker2-Win64-Shipping.exe,17996,0x4DE2B640,DXGI,0,0,1,Hardware Composed: Independent Flip,23761.9672,NA,51.85210000000000,53.96910000000000,0.38590000000000,45.08370000000000,47.6137,23710.3849,51.9682,51.5823,0.3859,45.1989,51.4671,48.2466,3.2205,-0.0155,23710.3849,NA,NA,NA
Stalker2-Win64-Shipping.exe,17996,0x4DE2B640,DXGI,0,0,1,Hardware Composed: Independent Flip,23814.9884,NA,53.02120000000000,51.07530000000001,0.28350000000000,45.65350000000000,45.6678,23762.3531,52.9188,52.6353,0.2835,44.6978,53.5910,49.1691,4.4219,0.8929,23762.3531,NA,NA,NA
Stalker2-Win64-Shipping.exe,17996,0x4DE2B640,DXGI,0,0,1,Hardware Composed: Independent Flip,23866.9620,NA,51.97360000000000,52.47080000000000,0.30360000000000,44.94990000000000,46.1650,23815.2719,51.9937,51.6901,0.3036,45.3700,51.2700,48.0888,3.1812,0.4480,23815.2719,NA,NA,NA
Stalker2-Win64-Shipping.exe,17996,0x4DE2B640,DXGI,0,0,1,Hardware Composed: Independent Flip,23920.2890,NA,53.32700000000001,52.02420000000000,0.24340000000000,44.84960000000000,44.8622,23867.2656,53.2668,53.0234,0.2434,44.6463,53.2267,48.1407,5.0860,-0.0305,23867.2656,NA,NA,NA
Stalker2-Win64-Shipping.exe,17996,0x4DE2B640,DXGI,0,0,1,Hardware Composed: Independent Flip,23973.7437,NA,53.45470000000000,55.15070000000000,0.30770000000000,45.43420000000000,46.5582,23920.5324,53.5190,53.2113,0.3077,44.6062,54.0393,48.9896,5.0497,-1.8839,23920.5324,NA,NA,NA
Stalker2-Win64-Shipping.exe,17996,0x4DE2B640,DXGI,0,0,1,Hardware Composed: Independent Flip,24027.0508,NA,53.30710000000001,53.66130000000000,0.27180000000000,46.75360000000000,46.9124,23974.0514,53.2712,52.9994,0.2718,45.1265,54.6265,50.0967,4.5298,-0.1423,23974.0514,NA,NA,NA
Stalker2-Win64-Shipping.exe,17996,0x4DE2B640,DXGI,0,0,1,Hardware Composed: Independent Flip,24078.9091,NA,51.85830000000000,50.23520000000000,0.29500000000000,45.08360000000000,45.2893,24027.3226,51.8815,51.5865,0.2950,46.4818,50.1883,48.2344,1.9539,3.0360,24027.3226,NA,NA,NA
Stalker2-Win64-Shipping.exe,17996,0x4DE2B640,DXGI,0,0,1,Hardware Composed: Independent Flip,24131.1334,NA,52.22430000000000,52.95190000000000,0.32160000000000,45.99930000000001,46.0169,24079.2041,52.2509,51.9293,0.3216,44.7886,53.1400,49.0827,4.0573,-1.0704,24079.2041,NA,NA,NA
Stalker2-Win64-Shipping.exe,17996,0x4DE2B640,DXGI,0,0,1,Hardware Composed: Independent Flip,24183.3745,NA,52.24110000000000,53.35070000000000,0.25480000000000,45.26500000000000,47.1265,24131.4550,52.1743,51.9195,0.2548,45.6777,51.5068,48.4484,3.0584,-1.0998,24131.4550,NA,NA,NA
Stalker2-Win64-Shipping.exe,17996,0x4DE2B640,DXGI,0,0,1,Hardware Composed: Independent Flip,24235.9650,NA,52.59050000000001,50.96400000000001,0.29190000000000,45.48320000000000,45.5000,24183.6293,52.6276,52.3357,0.2919,45.0102,52.8087,48.7983,4.0104,1.2103,24183.6293,NA,NA,NA
Stalker2-Win64-Shipping.exe,17996,0x4DE2B640,DXGI,0,0,1,Hardware Composed: Independent Flip,24288.0420,NA,52.07700000000001,52.41380000000000,0.29990000000000,45.04130000000000,45.8368,24236.2569,52.0850,51.7851,0.2999,45.1913,51.6351,48.3883,3.2468,0.2138,24236.2569,NA,NA,NA
Stalker2-Win64-Shipping.exe,17996,0x4DE2B640,DXGI,0,0,1,Hardware Composed: Independent Flip,24341.0960,NA,53.05400000000000,52.54040000000001,0.26750000000000,45.29330000000000,45.3232,24288.3419,53.0216,52.7541,0.2675,44.7414,53.3060,48.8509,4.4551,-0.4554,24288.3419,NA,NA,NA
Stalker2-Win64-Shipping.exe,17996,0x4DE2B640,DXGI,0,0,1,Hardware Composed: Independent Flip,24394.3300,NA,53.23400000000000,54.62400000000000,0.29470000000000,45.80460000000000,46.7132,24341.3635,53.2612,52.9665,0.2947,45.0258,53.7453,48.9776,4.7677,-1.6024,24341.3635,NA,NA,NA
Stalker2-Win64-Shipping.exe,17996,0x4DE2B640,DXGI,0,0,1,Hardware Composed: Independent Flip,24447.6320,NA,53.30200000000000,52.24110000000000,0.31400000000000,45.40850000000000,45.6523,24394.6247,53.3213,53.0073,0.3140,45.5099,52.9059,48.6122,4.2937,1.0201,24394.6247,NA,NA,NA
Stalker2-Win64-Shipping.exe,17996,0x4DE2B640,DXGI,0,0,1,Hardware Composed: Independent Flip,24499.7768,NA,52.14480000000000,51.91720000000000,0.29450000000000,45.39990000000000,45.4247,24447.9460,52.1253,51.8308,0.2945,45.0945,52.1362,48.6322,3.5040,1.4041,24447.9460,NA,NA,NA
Stalker2-Win64-Shipping.exe,17996,0x4DE2B640,DXGI,0,0,1,Hardware Composed: Independent Flip,24552.3587,NA,52.58190000000000,53.35930000000000,0.30590000000000,46.04990000000000,46.2021,24500.0713,52.5933,52.2874,0.3059,45.1054,53.2319,49.2947,3.9372,-1.2340,24500.0713,NA,NA,NA
Stalker2-Win64-Shipping.exe,17996,0x4DE2B640,DXGI,0,0,1,Hardware Composed: Independent Flip,24605.3863,NA,53.02760000000000,52.01560000000000,0.30490000000000,44.95290000000000,45.1901,24552.6646,53.0266,52.7217,0.3049,45.7440,51.9306,48.8763,3.0543,0.5777,24552.6646,NA,NA,NA
Stalker2-Win64-Shipping.exe,17996,0x4DE2B640,DXGI,0,0,1,Hardware Composed: Independent Flip,24657.9304,NA,52.54410000000000,54.23890000000000,0.28770000000000,46.87070000000000,46.8849,24605.6912,52.5269,52.2392,0.2877,44.6480,54.4619,50.4947,3.9672,-1.2123,24605.6912,NA,NA,NA
Stalker2-Win64-Shipping.exe,17996,0x4DE2B640,DXGI,0,0,1,Hardware Composed: Independent Flip,24711.3417,NA,53.41130000000000,53.95480000000001,0.30070000000000,45.99330000000000,47.4284,24658.2181,53.4243,53.1236,0.3007,46.5830,52.5339,49.1989,3.3350,-1.4279,24658.2181,NA,NA,NA
Stalker2-Win64-Shipping.exe,17996,0x4DE2B640,DXGI,0,0,1,Hardware Composed: Independent Flip,24763.2816,NA,51.93990000000000,50.11690000000000,0.26010000000000,45.59040000000000,45.6054,24711.6424,51.8993,51.6392,0.2601,45.6926,51.5370,48.7138,2.8232,3.3074,24711.6424,NA,NA,NA
Stalker2-Win64-Shipping.exe,17996,0x4DE2B640,DXGI,0,0,1,Hardware Composed: Independent Flip,24816.2169,NA,52.93530000000001,52.84360000000000,0.27060000000000,45.48540000000001,45.5137,24763.5417,52.9458,52.6752,0.2706,45.3303,52.8303,48.9465,3.8838,-0.9443,24763.5417,NA,NA,NA
Stalker2-Win64-Shipping.exe,17996,0x4DE2B640,DXGI,0,0,1,Hardware Composed: Independent Flip,24869.1650,NA,52.94810000000000,53.57380000000001,0.29850000000000,45.52250000000000,46.1394,24816.4875,52.9760,52.6775,0.2985,45.2148,52.9852,48.8346,4.1506,-0.6280,24816.4875,NA,NA,NA
Stalker2-Win64-Shipping.exe,17996,0x4DE2B640,DXGI,0,0,1,Hardware Composed: Independent Flip,24921.7188,NA,52.55380000000000,51.71950000000000,0.30270000000000,45.27630000000000,45.3051,24869.4635,52.5580,52.2553,0.3027,45.2240,52.3076,48.4021,3.9055,1.2565,24869.4635,NA,NA,NA
Stalker2-Win64-Shipping.exe,17996,0x4DE2B640,DXGI,0,0,1,Hardware Composed: Independent Flip,24975.7663,NA,54.04750000000000,54.05960000000000,0.25220000000000,45.30280000000000,45.3172,24922.0215,53.9970,53.7448,0.2522,44.9736,54.0740,48.5570,5.5170,-1.5016,24922.0215,NA,NA,NA
Stalker2-Win64-Shipping.exe,17996,0x4DE2B640,DXGI,0,0,1,Hardware Composed: Independent Flip,25028.8360,NA,53.06970000000000,54.57980000000001,0.26460000000000,45.69760000000000,46.8273,24976.0185,53.0821,52.8175,0.2646,45.0506,53.4645,48.8191,4.6454,-0.5828,24976.0185,NA,NA,NA
Stalker2-Win64-Shipping.exe,17996,0x4DE2B640,DXGI,0,0,1,Hardware Composed: Independent Flip,25081.2284,NA,52.39240000000000,50.60750000000000,0.26000000000000,45.02990000000000,45.0424,25029.1006,52.3878,52.1278,0.2600,45.4330,51.7247,48.2672,3.4575,2.4746,25029.1006,NA,NA,NA
Stalker2-Win64-Shipping.exe,17996,0x4DE2B640,DXGI,0,0,1,Hardware Composed: Independent Flip,25135.3588,NA,54.13040000000000,54.68510000000001,0.27870000000000,45.56720000000000,45.5971,25081.4884,54.1491,53.8704,0.2787,44.7699,54.6677,49.0757,5.5920,-2.2973,25081.4884,NA,NA,NA
Stalker2-Win64-Shipping.exe,17996,0x4DE2B640,DXGI,0,0,1,Hardware Composed: Independent Flip,25189.7772,NA,54.41840000000001,55.26370000000000,0.25970000000000,44.57530000000000,46.4424,25135.6375,54.3994,54.1397,0.2597,45.2885,53.4265,48.1892,5.2373,-1.1146,25135.6375,NA,NA,NA
Stalker2-Win64-Shipping.exe,17996,0x4DE2B640,DXGI,0,0,1,Hardware Composed: Independent Flip,25239.8360,NA,50.05880000000001,49.02240000000000,0.29190000000000,45.37610000000000,45.4060,25190.0369,50.0910,49.7991,0.2919,44.3156,50.8596,48.5316,2.3280,5.3770,25190.0369,NA,NA,NA
Stalker2-Win64-Shipping.exe,17996,0x4DE2B640,DXGI,0,0,1,Hardware Composed: Independent Flip,25293.8404,NA,54.00440000000000,55.35090000000000,0.28900000000000,46.73710000000001,46.7525,25240.1279,54.0015,53.7125,0.2890,45.0842,55.3654,49.9807,5.3847,-5.2599,25240.1279,NA,NA,NA
Stalker2-Win64-Shipping.exe,17996,0x4DE2B640,DXGI,0,0,1,Hardware Composed: Independent Flip,25345.6925,NA,51.85210000000000,53.18140000000000,0.24540000000000,45.51520000000000,48.0818,25294.1294,51.8085,51.5631,0.2454,46.4481,50.6302,48.6405,1.9897,0.8201,25294.1294,NA,NA,NA
Stalker2-Win64-Shipping.exe,17996,0x4DE2B640,DXGI,0,0,1,Hardware Composed: Independent Flip,25398.5788,NA,52.88630000000001,49.35570000000001,0.24810000000000,44.53680000000000,44.5512,25345.9379,52.8890,52.6409,0.2481,45.2698,51.9079,48.5682,3.3397,2.4528,25345.9379,NA,NA,NA
Stalker2-Win64-Shipping.exe,17996,0x4DE2B640,DXGI,0,0,1,Hardware Composed: Independent Flip,25450.5487,NA,51.96990000000000,53.29910000000000,0.27020000000000,44.95770000000000,45.8804,25398.8269,51.9920,51.7218,0.2702,44.2887,52.3908,48.6871,3.7037,-0.4101,25398.8269,NA,NA,NA
Stalker2-Win64-Shipping.exe,17996,0x4DE2B640,DXGI,0,0,1,Hardware Composed: Independent Flip,25503.5675,NA,53.01880000000001,52.38030000000001,0.29100000000000,45.22870000000000,45.2419,25450.8189,53.0396,52.7486,0.2910,44.6875,53.2898,48.7401,4.5497,-0.3883,25450.8189,NA,NA,NA
Stalker2-Win64-Shipping.exe,17996,0x4DE2B640,DXGI,0,0,1,Hardware Composed: Independent Flip,25556.3375,NA,52.77000000000000,52.74100000000000,0.30840000000000,44.76440000000000,45.2129,25503.8585,52.7874,52.4790,0.3084,44.9377,52.3057,47.9146,4.3911,0.2986,25503.8585,NA,NA,NA
Stalker2-Win64-Shipping.exe,17996,0x4DE2B640,DXGI,0,0,1,Hardware Composed: Independent Flip,25609.4504,NA,53.11290000000000,53.28810000000000,0.32290000000000,45.36620000000000,45.3881,25556.6459,53.1274,52.8045,0.3229,44.4560,53.7147,48.5756,5.1391,-0.5007,25556.6459,NA,NA,NA
Stalker2-Win64-Shipping.exe,17996,0x4DE2B640,DXGI,0,0,1,Hardware Composed: Independent Flip,25662.2200,NA,52.76960000000000,53.34580000000000,0.29880000000000,45.23770000000000,45.9643,25609.7733,52.7455,52.4467,0.2988,45.0433,52.6411,48.4121,4.2290,-0.2184,25609.7733,NA,NA,NA
Stalker2-Win64-Shipping.exe,17996,0x4DE2B640,DXGI,0,0,1,Hardware Composed: Independent Flip,25714.6184,NA,52.39840000000000,52.02660000000000,0.35190000000000,45.57340000000000,45.5925,25662.5188,52.4515,52.0996,0.3519,44.9389,52.7341,48.6698,4.0643,0.7189,25662.5188,NA,NA,NA
Stalker2-Win64-Shipping.exe,17996,0x4DE2B640,DXGI,0,0,1,Hardware Composed: Independent Flip,25767.0133,NA,52.39490000000000,51.84200000000001,0.24270000000000,44.94360000000000,45.0396,25714.9703,52.2857,52.0430,0.2427,45.2215,51.7651,48.1388,3.6263,0.6095,25714.9703,NA,NA,NA
Stalker2-Win64-Shipping.exe,17996,0x4DE2B640,DXGI,0,0,1,Hardware Composed: Independent Flip,25819.6758,NA,52.66250000000000,52.60300000000000,0.28370000000000,44.96630000000000,44.9801,25767.2560,52.7035,52.4198,0.2837,44.7009,52.6852,49.1906,3.4946,-0.3173,25767.2560,NA,NA,NA
Stalker2-Win64-Shipping.exe,17996,0x4DE2B640,DXGI,0,0,1,Hardware Composed: Independent Flip,25872.7619,NA,53.08610000000000,53.67180000000000,0.40330000000000,45.00360000000000,45.5658,25819.9595,53.2057,52.8024,0.4033,44.6826,53.1234,48.4101,4.7133,-0.9683,25819.9595,NA,NA,NA
Stalker2-Win64-Shipping.exe,17996,0x4DE2B640,DXGI,0,0,1,Hardware Composed: Independent Flip,25925.0399,NA,52.27800000000001,53.79220000000000,0.24790000000000,47.05080000000000,47.0800,25873.1652,52.1226,51.8747,0.2479,44.6003,54.3252,50.2290,4.0962,-0.5865,25873.1652,NA,NA,NA
Stalker2-Win64-Shipping.exe,17996,0x4DE2B640,DXGI,0,0,1,Hardware Composed: Independent Flip,25976.2894,NA,51.24950000000000,49.94930000000000,0.28580000000000,45.24930000000001,45.7798,25925.2878,51.2874,51.0016,0.2858,46.8029,49.4480,48.4420,1.0060,2.1733,25925.2878,NA,NA,NA
Stalker2-Win64-Shipping.exe,17996,0x4DE2B640,DXGI,0,0,1,Hardware Composed: Independent Flip,26028.1626,NA,51.87320000000000,52.08410000000000,0.30670000000000,45.97620000000001,45.9907,25976.5752,51.8941,51.5874,0.3067,44.9635,52.6001,49.1489,3.4512,-0.7967,25976.5752,NA,NA,NA
Stalker2-Win64-Shipping.exe,17996,0x4DE2B640,DXGI,0,0,1,Hardware Composed: Independent Flip,26080.4081,NA,52.24550000000000,53.30820000000000,0.38860000000000,45.09070000000001,47.0534,26028.4693,52.3274,51.9388,0.3886,45.6695,51.3600,48.1360,3.2240,-1.4141,26028.4693,NA,NA,NA
Stalker2-Win64-Shipping.exe,17996,0x4DE2B640,DXGI,0,0,1,Hardware Composed: Independent Flip,26132.6772,NA,52.26910000000000,50.76120000000000,0.30830000000000,45.51710000000000,45.5455,26080.7967,52.1888,51.8805,0.3083,44.7021,52.6955,48.6186,4.0769,1.5662,26080.7967,NA,NA,NA
Stalker2-Win64-Shipping.exe,17996,0x4DE2B640,DXGI,0,0,1,Hardware Composed: Independent Flip,26186.4421,NA,53.76490000000000,54.44010000000000,0.37150000000000,45.46920000000000,46.2207,26132.9855,53.8281,53.4566,0.3715,45.2088,53.7170,48.7734,4.9436,-2.2513,26132.9855,NA,NA,NA
Stalker2-Win64-Shipping.exe,17996,0x4DE2B640,DXGI,0,0,1,Hardware Composed: Independent Flip,26238.2096,NA,51.76750000000001,50.87140000000000,0.27620000000000,44.97180000000000,45.3246,26186.8136,51.6722,51.3960,0.2762,45.0977,51.2701,48.7681,2.5020,2.9567,26186.8136,NA,NA,NA
Stalker2-Win64-Shipping.exe,17996,0x4DE2B640,DXGI,0,0,1,Hardware Composed: Independent Flip,26291.5184,NA,53.30880000000001,53.55630000000000,0.38660000000000,45.55810000000000,45.5721,26238.4858,53.4192,53.0326,0.3866,44.6956,53.8951,49.0625,4.8326,-1.8841,26238.4858,NA,NA,NA
Stalker2-Win64-Shipping.exe,17996,0x4DE2B640,DXGI,0,0,1,Hardware Composed: Independent Flip,26343.8450,NA,52.32660000000000,53.91410000000000,0.25070000000000,45.34290000000000,47.1596,26291.9050,52.1907,51.9400,0.2507,45.1715,52.1114,48.5852,3.5262,-0.4949,26291.9050,NA,NA,NA
Stalker2-Win64-Shipping.exe,17996,0x4DE2B640,DXGI,0,0,1,Hardware Composed: Independent Flip,26396.6218,NA,52.77680000000000,51.10760000000001,0.30310000000000,45.47660000000000,45.4904,26344.0957,52.8292,52.5261,0.3031,45.0922,52.9105,48.7180,4.1925,1.0831,26344.0957,NA,NA,NA
Stalker2-Win64-Shipping.exe,17996,0x4DE2B640,DXGI,0,0,1,Hardware Composed: Independent Flip,26449.3078,NA,52.68600000000000,52.98320000000000,0.31110000000000,45.32200000000000,45.7876,26396.9249,52.6940,52.3829,0.3111,45.1735,52.5314,48.6018,3.9296,-0.1540,26396.9249,NA,NA,NA
Stalker2-Win64-Shipping.exe,17996,0x4DE2B640,DXGI,0,0,1,Hardware Composed: Independent Flip,26501.5404,NA,52.23260000000001,52.05410000000001,0.25880000000000,45.58210000000000,45.6091,26449.6189,52.1803,51.9215,0.2588,45.0109,52.4927,48.7426,3.7501,0.6399,26449.6189,NA,NA,NA
Stalker2-Win64-Shipping.exe,17996,0x4DE2B640,DXGI,0,0,1,Hardware Composed: Independent Flip,26555.5498,NA,54.00940000000000,54.83890000000000,0.36150000000000,46.42450000000000,46.4386,26501.7992,54.1121,53.7506,0.3615,45.3233,54.8518,49.6720,5.1798,-2.6586,26501.7992,NA,NA,NA
Stalker2-Win64-Shipping.exe,17996,0x4DE2B640,DXGI,0,0,1,Hardware Composed: Independent Flip,26607.3462,NA,51.79640000000001,51.20840000000000,0.28420000000000,44.73130000000000,45.8506,26555.9113,51.7191,51.4349,0.2842,46.0630,50.1032,47.8142,2.2890,2.9037,26555.9113,NA,NA,NA
Stalker2-Win64-Shipping.exe,17996,0x4DE2B640,DXGI,0,0,1,Hardware Composed: Independent Flip,26659.1152,NA,51.76900000000001,50.68140000000000,0.27430000000000,44.74520000000000,44.7630,26607.6304,51.7591,51.4848,0.2743,44.4471,51.7829,48.6144,3.1685,1.0377,26607.6304,NA,NA,NA
Stalker2-Win64-Shipping.exe,17996,0x4DE2B640,DXGI,0,0,1,Hardware Composed: Independent Flip,26711.9854,NA,52.87020000000000,54.76480000000000,0.28690000000000,45.46750000000000,46.6576,26659.3895,52.8828,52.5959,0.2869,44.4709,53.5925,48.8583,4.7342,-3.0057,26659.3895,NA,NA,NA
Stalker2-Win64-Shipping.exe,17996,0x4DE2B640,DXGI,0,0,1,Hardware Composed: Independent Flip,26764.8525,NA,52.86710000000000,51.27360000000000,0.31200000000000,44.96470000000000,45.0641,26712.2723,52.8922,52.5802,0.3120,45.1806,52.3643,48.3740,3.9903,1.6092,26712.2723,NA,NA,NA
Stalker2-Win64-Shipping.exe,17996,0x4DE2B640,DXGI,0,0,1,Hardware Composed: Independent Flip,26817.6979,NA,52.84540000000001,53.22300000000001,0.32680000000000,45.42620000000000,45.4417,26765.1645,52.8602,52.5334,0.3268,44.6527,53.3069,48.9767,4.3302,-0.3308,26765.1645,NA,NA,NA
Stalker2-Win64-Shipping.exe,17996,0x4DE2B640,DXGI,0,0,1,Hardware Composed: Independent Flip,26870.4275,NA,52.72960000000000,54.25970000000000,0.31000000000000,45.90180000000000,46.9718,26818.0247,52.7128,52.4028,0.3100,45.0994,53.2052,49.0493,4.1559,-1.3995,26818.0247,NA,NA,NA
Stalker2-Win64-Shipping.exe,17996,0x4DE2B640,DXGI,0,0,1,Hardware Composed: Independent Flip,26922.9863,NA,52.55880000000001,51.59620000000000,0.30960000000000,45.98110000000000,46.0092,26870.7375,52.5584,52.2488,0.3096,45.5918,52.6381,49.1750,3.4631,1.1166,26870.7375,NA,NA,NA
Stalker2-Win64-Shipping.exe,17996,0x4DE2B640,DXGI,0,0,1,Hardware Composed: Independent Flip,26975.3110,NA,52.32470000000000,51.80040000000000,0.26900000000000,45.47130000000000,45.4849,26923.2959,52.2841,52.0151,0.2690,45.6715,51.8149,48.5971,3.2178,0.7580,26923.2959,NA,NA,NA
Stalker2-Win64-Shipping.exe,17996,0x4DE2B640,DXGI,0,0,1,Hardware Composed: Independent Flip,27029.2860,NA,53.97500000000000,53.60480000000000,0.24870000000000,45.09730000000000,45.1147,26975.5800,53.9547,53.7060,0.2487,45.2023,53.6010,48.4185,5.1825,-1.3207,26975.5800,NA,NA,NA
Stalker2-Win64-Shipping.exe,17996,0x4DE2B640,DXGI,0,0,1,Hardware Composed: Independent Flip,27081.4556,NA,52.16960000000000,52.84340000000000,0.27910000000000,45.15110000000000,45.7885,27029.5347,52.2000,51.9209,0.2791,44.8486,52.2234,48.9117,3.3117,1.1113,27029.5347,NA,NA,NA
Stalker2-Win64-Shipping.exe,17996,0x4DE2B640,DXGI,0,0,1,Hardware Composed: Independent Flip,27132.6587,NA,51.20310000000000,51.13110000000000,0.31390000000000,45.69990000000000,45.7165,27081.7347,51.2379,50.9240,0.3139,44.8720,51.7519,49.0511,2.7008,1.0689,27081.7347,NA,NA,NA
Stalker2-Win64-Shipping.exe,17996,0x4DE2B640,DXGI,0,0,1,Hardware Composed: Independent Flip,27185.1467,NA,52.48800000000000,53.08210000000000,0.26710000000000,46.29740000000000,46.3106,27132.9726,52.4412,52.1741,0.2671,45.3860,53.0855,49.4271,3.6584,-1.8442,27132.9726,NA,NA,NA
Stalker2-Win64-Shipping.exe,17996,0x4DE2B640,DXGI,0,0,1,Hardware Composed: Independent Flip,27237.7981,NA,52.65140000000000,51.34780000000000,0.29670000000000,44.53670000000000,45.0070,27185.4138,52.6810,52.3843,0.2967,46.0303,50.8907,47.7889,3.1018,1.0934,27185.4138,NA,NA,NA
Stalker2-Win64-Shipping.exe,17996,0x4DE2B640,DXGI,0,0,1,Hardware Composed: Independent Flip,27290.6938,NA,52.89570000000001,53.21550000000001,0.26980000000000,45.29590000000000,45.3268,27238.0948,52.8688,52.5990,0.2698,44.2400,53.6549,48.6592,4.9957,-0.5345,27238.0948,NA,NA,NA
Stalker2-Win64-Shipping.exe,17996,0x4DE2B640,DXGI,0,0,1,Hardware Composed: Independent Flip,27341.7934,NA,51.09960000000000,53.29090000000000,0.28320000000000,45.97760000000000,47.5181,27290.9636,51.1130,50.8298,0.2832,45.0261,51.7813,49.0363,2.7450,-0.4221,27290.9636,NA,NA,NA
Stalker2-Win64-Shipping.exe,17996,0x4DE2B640,DXGI,0,0,1,Hardware Composed: Independent Flip,27394.6110,NA,52.81760000000001,50.96400000000001,0.26950000000000,45.65030000000000,45.6645,27342.0766,52.8039,52.5344,0.2695,45.6944,52.4903,48.8553,3.6350,0.1490,27342.0766,NA,NA,NA
Stalker2-Win64-Shipping.exe,17996,0x4DE2B640,DXGI,0,0,1,Hardware Composed: Independent Flip,27447.4667,NA,52.85570000000001,53.58080000000000,0.27050000000000,45.92680000000000,46.3896,27394.8805,52.8567,52.5862,0.2705,45.3808,53.1322,49.1970,3.9352,-0.7769,27394.8805,NA,NA,NA
Stalker2-Win64-Shipping.exe,17996,0x4DE2B640,DXGI,0,0,1,Hardware Composed: Independent Flip,27499.2464,NA,51.77970000000001,50.42180000000000,0.24170000000000,44.84020000000000,45.0317,27447.7372,51.7509,51.5092,0.2417,45.6563,50.6931,48.4785,2.2146,2.4349,27447.7372,NA,NA,NA
Stalker2-Win64-Shipping.exe,17996,0x4DE2B640,DXGI,0,0,1,Hardware Composed: Independent Flip,27551.1000,NA,51.85360000000000,52.18050000000000,0.31080000000000,45.34090000000000,45.3586,27499.4881,51.9227,51.6119,0.3108,44.5985,52.3543,48.8292,3.5251,-0.4296,27499.4881,NA,NA,NA
Stalker2-Win64-Shipping.exe,17996,0x4DE2B640,DXGI,0,0,1,Hardware Composed: Independent Flip,27604.7207,NA,53.62070000000000,55.15840000000000,0.28230000000000,45.55610000000000,46.8963,27551.4108,53.5922,53.3099,0.2823,45.0301,53.8359,49.2412,4.5947,-3.2357,27551.4108,NA,NA,NA
Stalker2-Win64-Shipping.exe,17996,0x4DE2B640,DXGI,0,0,1,Hardware Composed: Independent Flip,27655.5771,NA,50.85640000000000,49.83850000000000,0.26620000000000,45.66330000000000,45.8784,27605.0030,50.8403,50.5741,0.2662,45.2738,50.9636,48.8922,2.0714,3.7537,27605.0030,NA,NA,NA
Stalker2-Win64-Shipping.exe,17996,0x4DE2B640,DXGI,0,0,1,Hardware Composed: Independent Flip,27708.4352,NA,52.85810000000000,52.15830000000000,0.31460000000000,45.16400000000000,45.1786,27655.8433,52.9065,52.5919,0.3146,45.3971,52.3588,48.3092,4.0496,-1.3180,27655.8433,NA,NA,NA
Stalker2-Win64-Shipping.exe,17996,0x4DE2B640,DXGI,0,0,1,Hardware Composed: Independent Flip,27760.3866,NA,51.95140000000000,53.59540000000001,0.31930000000000,45.28620000000000,46.8226,27708.7498,51.9561,51.6368,0.3193,44.8494,52.0736,48.4492,3.6244,-0.6889,27708.7498,NA,NA,NA
Stalker2-Win64-Shipping.exe,17996,0x4DE2B640,DXGI,0,0,1,Hardware Composed: Independent Flip,27812.2851,NA,51.89850000000001,52.27680000000000,0.25910000000000,47.17250000000000,47.2009,27760.7059,51.8383,51.5792,0.2591,44.9669,53.7848,50.3588,3.4260,-0.3207,27760.7059,NA,NA,NA
Stalker2-Win64-Shipping.exe,17996,0x4DE2B640,DXGI,0,0,1,Hardware Composed: Independent Flip,27864.9535,NA,52.66840000000001,51.56920000000000,0.33000000000000,45.21070000000000,46.1017,27812.5442,52.7393,52.4093,0.3300,46.9134,50.7066,48.4608,2.2458,0.2691,27812.5442,NA,NA,NA
Stalker2-Win64-Shipping.exe,17996,0x4DE2B640,DXGI,0,0,1,Hardware Composed: Independent Flip,27916.8244,NA,51.87090000000001,50.93080000000000,0.25360000000000,45.14960000000000,45.1616,27865.2835,51.7945,51.5409,0.2536,44.8807,51.8098,48.5299,3.2799,1.8085,27865.2835,NA,NA,NA
Stalker2-Win64-Shipping.exe,17996,0x4DE2B640,DXGI,0,0,1,Hardware Composed: Independent Flip,27969.7368,NA,52.91240000000001,53.66460000000000,0.28670000000000,45.16230000000000,45.9138,27917.0780,52.9455,52.6588,0.2867,44.8960,52.9251,48.6586,4.2665,-1.8701,27917.0780,NA,NA,NA
Stalker2-Win64-Shipping.exe,17996,0x4DE2B640,DXGI,0,0,1,Hardware Composed: Independent Flip,28023.1206,NA,53.38380000000000,52.49090000000000,0.32590000000000,44.83350000000000,45.0209,27970.0235,53.4230,53.0971,0.3259,44.8756,53.0550,48.3229,4.7321,0.4546,27970.0235,NA,NA,NA
Stalker2-Win64-Shipping.exe,17996,0x4DE2B640,DXGI,0,0,1,Hardware Composed: Independent Flip,28076.0817,NA,52.96110000000000,53.26860000000000,0.27200000000000,45.31400000000000,45.3284,28023.4465,52.9072,52.6352,0.2720,44.5076,53.4416,48.8001,4.6415,0.1544,28023.4465,NA,NA,NA
Stalker2-Win64-Shipping.exe,17996,0x4DE2B640,DXGI,0,0,1,Hardware Composed: Independent Flip,28127.5226,NA,51.44090000000000,52.29610000000000,0.30010000000000,45.76060000000000,46.1836,28076.3537,51.4690,51.1689,0.3001,45.0420,51.8875,48.9003,2.9872,0.6111,28076.3537,NA,NA,NA
Stalker2-Win64-Shipping.exe,17996,0x4DE2B640,DXGI,0,0,1,Hardware Composed: Independent Flip,28180.3497,NA,52.82710000000000,52.00280000000000,0.30990000000000,45.29600000000000,45.3593,28127.8227,52.8369,52.5270,0.3099,45.4605,52.3625,48.3961,3.9664,-0.5338,28127.8227,NA,NA,NA
Stalker2-Win64-Shipping.exe,17996,0x4DE2B640,DXGI,0,0,1,Hardware Composed: Independent Flip,28234.5552,NA,54.20550000000000,54.67280000000000,0.31730000000000,45.40830000000000,45.8266,28180.6596,54.2129,53.8956,0.3173,44.9861,54.3178,48.9147,5.4031,-1.8359,28180.6596,NA,NA,NA
Stalker2-Win64-Shipping.exe,17996,0x4DE2B640,DXGI,0,0,1,Hardware Composed: Independent Flip,28286.0417,NA,51.48650000000000,52.05160000000000,0.23920000000000,45.67200000000000,46.3917,28234.8725,51.4084,51.1692,0.2392,45.0910,51.7502,48.8373,2.9129,2.1613,28234.8725,NA,NA,NA
Stalker2-Win64-Shipping.exe,17996,0x4DE2B640,DXGI,0,0,1,Hardware Composed: Independent Flip,28338.5588,NA,52.51710000000000,51.14740000000000,0.29420000000000,44.96030000000000,45.0220,28286.2809,52.5721,52.2779,0.2942,45.4328,51.8054,48.8868,2.9186,0.2610,28286.2809,NA,NA,NA
Stalker2-Win64-Shipping.exe,17996,0x4DE2B640,DXGI,0,0,1,Hardware Composed: Independent Flip,28391.3619,NA,52.80310000000000,53.74070000000000,0.31160000000000,45.57270000000000,45.9596,28338.8530,52.8205,52.5089,0.3116,44.6661,53.4155,49.0430,4.3725,-1.1686,28338.8530,NA,NA,NA
Stalker2-Win64-Shipping.exe,17996,0x4DE2B640,DXGI,0,0,1,Hardware Composed: Independent Flip,28443.8556,NA,52.49370000000000,53.76130000000001,0.26500000000000,46.95410000000000,47.2272,28391.6735,52.4471,52.1821,0.2650,45.2611,53.8751,50.5872,3.2879,-0.9408,28391.6735,NA,NA,NA
Stalker2-Win64-Shipping.exe,17996,0x4DE2B640,DXGI,0,0,1,Hardware Composed: Independent Flip,28496.4358,NA,52.58020000000000,50.87980000000000,0.30770000000000,45.25310000000000,45.5268,28444.1206,52.6229,52.3152,0.3077,46.6891,50.8792,48.4284,2.4508,1.5673,28444.1206,NA,NA,NA
Stalker2-Win64-Shipping.exe,17996,0x4DE2B640,DXGI,0,0,1,Hardware Composed: Independent Flip,28549.6886,NA,53.25280000000000,53.59000000000000,0.32190000000000,45.85010000000000,45.8640,28496.7435,53.2670,52.9451,0.3219,44.9454,53.8498,48.9724,4.8774,-0.9671,28496.7435,NA,NA,NA
Stalker2-Win64-Shipping.exe,17996,0x4DE2B640,DXGI,0,0,1,Hardware Composed: Independent Flip,28602.3211,NA,52.63250000000000,54.40760000000000,0.26840000000000,45.77330000000000,47.6391,28550.0105,52.5790,52.3106,0.2684,45.5282,52.5557,48.9358,3.6199,-1.1406,28550.0105,NA,NA,NA
Stalker2-Win64-Shipping.exe,17996,0x4DE2B640,DXGI,0,0,1,Hardware Composed: Independent Flip,28655.1705,NA,52.84940000000000,50.53130000000000,0.31020000000000,45.30080000000000,45.3210,28602.5895,52.8912,52.5810,0.3102,45.5049,52.3769,48.3952,3.9817,2.0477,28602.5895,NA,NA,NA
Stalker2-Win64-Shipping.exe,17996,0x4DE2B640,DXGI,0,0,1,Hardware Composed: Independent Flip,28708.5167,NA,53.34620000000000,53.60470000000000,0.35870000000000,45.56510000000000,45.5795,28655.4807,53.3947,53.0360,0.3587,44.9906,53.6105,48.7300,4.8805,-0.7135,28655.4807,NA,NA,NA
Stalker2-Win64-Shipping.exe,17996,0x4DE2B640,DXGI,0,0,1,Hardware Composed: Independent Flip,28761.1407,NA,52.62400000000000,52.67920000000000,0.26320000000000,45.07980000000000,45.6347,28708.8754,52.5285,52.2653,0.2632,45.2064,52.1387,48.7167,3.4220,0.7155,28708.8754,NA,NA,NA
Stalker2-Win64-Shipping.exe,17996,0x4DE2B640,DXGI,0,0,1,Hardware Composed: Independent Flip,28813.9554,NA,52.81470000000000,52.62800000000000,0.27720000000000,45.42090000000000,45.4480,28761.4039,52.8287,52.5515,0.2772,44.8166,53.1558,49.1774,3.9784,-0.0995,28761.4039,NA,NA,NA
Stalker2-Win64-Shipping.exe,17996,0x4DE2B640,DXGI,0,0,1,Hardware Composed: Independent Flip,28867.8149,NA,53.85950000000000,54.21200000000000,0.30010000000000,45.18280000000000,45.8005,28814.2326,53.8824,53.5823,0.3001,45.1437,53.6214,48.5234,5.0980,-1.3833,28814.2326,NA,NA,NA
Stalker2-Win64-Shipping.exe,17996,0x4DE2B640,DXGI,0,0,1,Hardware Composed: Independent Flip,28921.5679,NA,53.75300000000000,53.60420000000001,0.27170000000000,45.44720000000000,45.6517,28868.1150,53.7246,53.4529,0.2717,44.8827,54.0174,48.7119,5.3055,0.2782,28868.1150,NA,NA,NA
Stalker2-Win64-Shipping.exe,17996,0x4DE2B640,DXGI,0,0,1,Hardware Composed: Independent Flip,28973.5838,NA,52.01590000000000,51.91970000000001,0.29980000000000,45.46490000000000,45.5555,28921.8396,52.0440,51.7442,0.2998,45.1755,52.0336,48.6808,3.3528,1.8049,28921.8396,NA,NA,NA
Stalker2-Win64-Shipping.exe,17996,0x4DE2B640,DXGI,0,0,1,Hardware Composed: Independent Flip,29026.2553,NA,52.67150000000000,53.43820000000000,0.26920000000000,46.30740000000000,46.3222,28973.8836,52.6409,52.3717,0.2692,45.1651,53.5140,49.5131,4.0009,-1.3942,28973.8836,NA,NA,NA
Stalker2-Win64-Shipping.exe,17996,0x4DE2B640,DXGI,0,0,1,Hardware Composed: Independent Flip,29079.1957,NA,52.94040000000000,54.38530000000000,0.23810000000000,46.78690000000000,47.7671,29026.5245,52.9093,52.6712,0.2381,46.0382,53.4199,49.9296,3.4903,-1.7444,29026.5245,NA,NA,NA
Stalker2-Win64-Shipping.exe,17996,0x4DE2B640,DXGI,0,0,1,Hardware Composed: Independent Flip,29131.9895,NA,52.79380000000000,50.30880000000001,0.29360000000000,45.21640000000000,45.2821,29079.4338,52.8493,52.5557,0.2936,46.5488,51.2233,48.8211,2.4022,2.6005,29079.4338,NA,NA,NA
Stalker2-Win64-Shipping.exe,17996,0x4DE2B640,DXGI,0,0,1,Hardware Composed: Independent Flip,29184.1524,NA,52.16290000000000,51.96140000000000,0.29540000000000,45.06410000000000,45.0806,29132.2831,52.1647,51.8693,0.2954,44.9228,52.0106,48.7058,3.3048,0.8879,29132.2831,NA,NA,NA
Stalker2-Win64-Shipping.exe,17996,0x4DE2B640,DXGI,0,0,1,Hardware Composed: Independent Flip,29237.3993,NA,53.24690000000000,54.01190000000000,0.35870000000000,45.11700000000000,45.8456,29184.4478,53.3102,52.9515,0.3587,44.7687,53.2998,48.6301,4.6697,-1.8472,29184.4478,NA,NA,NA
Stalker2-Win64-Shipping.exe,17996,0x4DE2B640,DXGI,0,0,1,Hardware Composed: Independent Flip,29294.4353,NA,57.03600000000000,56.44750000000001,0.31270000000000,45.19520000000000,45.2571,29237.7580,56.9900,56.6773,0.3127,44.7583,57.1142,48.4154,8.6988,-3.1373,29237.7580,NA,NA,NA
Stalker2-Win64-Shipping.exe,17996,0x4DE2B640,DXGI,0,0,1,Hardware Composed: Independent Flip,29344.3949,NA,49.95960000000000,52.10450000000000,0.30020000000000,45.55150000000000,47.4020,29294.7480,49.9471,49.6469,0.3002,44.8825,50.3159,48.6479,1.6680,4.8855,29294.7480,NA,NA,NA
Stalker2-Win64-Shipping.exe,17996,0x4DE2B640,DXGI,0,0,1,Hardware Composed: Independent Flip,29396.3951,NA,52.00020000000000,49.86800000000000,0.30440000000000,45.25260000000000,45.2698,29344.6951,52.0044,51.7000,0.3044,45.2513,51.7013,48.4079,3.2934,0.0791,29344.6951,NA,NA,NA
Stalker2-Win64-Shipping.exe,17996,0x4DE2B640,DXGI,0,0,1,Hardware Composed: Independent Flip,29449.9843,NA,53.58920000000001,55.06440000000000,0.32180000000000,45.66120000000000,46.7450,29396.6995,53.6066,53.2848,0.3218,44.9482,53.9978,49.0084,4.9894,-3.0600,29396.6995,NA,NA,NA
Stalker2-Win64-Shipping.exe,17996,0x4DE2B640,DXGI,0,0,1,Hardware Composed: Independent Flip,29502.5744,NA,52.59010000000000,51.53660000000000,0.22880000000000,45.54970000000000,45.6915,29450.3061,52.4971,52.2683,0.2288,45.3394,52.4786,48.8247,3.6539,2.0700,29450.3061,NA,NA,NA
Stalker2-Win64-Shipping.exe,17996,0x4DE2B640,DXGI,0,0,1,Hardware Composed: Independent Flip,29554.5799,NA,52.00550000000000,51.15830000000000,0.29430000000000,44.82820000000000,44.8443,29502.8032,52.0710,51.7767,0.2943,45.3209,51.2840,48.4519,2.8321,1.3388,29502.8032,NA,NA,NA
Stalker2-Win64-Shipping.exe,17996,0x4DE2B640,DXGI,0,0,1,Hardware Composed: Independent Flip,29607.4663,NA,52.88640000000000,53.65300000000001,0.37090000000000,45.49680000000000,45.6109,29554.8742,52.9630,52.5921,0.3709,44.5339,53.5550,48.9366,4.6184,-1.5820,29554.8742,NA,NA,NA
Stalker2-Win64-Shipping.exe,17996,0x4DE2B640,DXGI,0,0,1,Hardware Composed: Independent Flip,29659.9831,NA,52.51680000000000,52.52470000000000,0.28050000000000,45.04280000000000,45.6188,29607.8372,52.4264,52.1459,0.2805,45.1259,52.0628,48.6380,3.4248,0.4383,29607.8372,NA,NA,NA
Stalker2-Win64-Shipping.exe,17996,0x4DE2B640,DXGI,0,0,1,Hardware Composed: Independent Flip,29713.1706,NA,53.18750000000000,54.31920000000000,0.26760000000000,46.72480000000000,46.7505,29660.2636,53.1746,52.9070,0.2676,44.7623,54.8695,49.9954,4.8741,-1.8928,29660.2636,NA,NA,NA
Stalker2-Win64-Shipping.exe,17996,0x4DE2B640,DXGI,0,0,1,Hardware Composed: Independent Flip,29765.5026,NA,52.33200000000000,52.42100000000000,0.26560000000000,45.31140000000000,46.8395,29713.4382,52.3300,52.0644,0.2656,46.4572,50.9186,48.5453,2.3733,0.7536,29713.4382,NA,NA,NA
Stalker2-Win64-Shipping.exe,17996,0x4DE2B640,DXGI,0,0,1,Hardware Composed: Independent Flip,29818.2232,NA,52.72060000000000,51.85880000000000,0.26970000000000,45.94570000000000,45.9777,29765.7682,52.7247,52.4550,0.2697,45.0458,53.3549,49.1128,4.2421,0.4712,29765.7682,NA,NA,NA
Stalker2-Win64-Shipping.exe,17996,0x4DE2B640,DXGI,0,0,1,Hardware Composed: Independent Flip,29870.7974,NA,52.57420000000000,53.82230000000001,0.30990000000000,45.76390000000000,47.2258,29818.4929,52.6144,52.3045,0.3099,45.6760,52.3924,48.8186,3.5738,-1.0976,29818.4929,NA,NA,NA
