Application,ProcessID,SwapChainAddress,PresentRuntime,SyncInterval,PresentFlags,AllowsTearing,PresentMode,TimeInMs,MsBetweenSimulationStart,MsBetweenPresents,MsBetweenDisplayChange,MsInPresentAPI,MsRenderPresentLatency,MsUntilDisplayed,CPUStartTimeInMs,MsBetweenAppStart,MsCPUBusy,MsCPUWait,MsGPULatency,MsGPUTime,MsGPUBusy,MsGPUWait,MsAnimationError,AnimationTime,MsFlipDelay,MsAllInputToPhotonLatency,MsClickToPhotonLatency
Stalker2-Win64-Shipping.exe,13648,0x4E568280,DXGI,0,0,1,Hardware Composed: Independent Flip,148.0318,NA,48.88600000000000,51.47220000000000,0.29830000000000,42.98280000000000,46.0161,99.4658,48.8643,48.5660,0.2983,43.0435,48.5053,46.5917,1.9136,NA,99.4658,NA,NA,NA
Stalker2-Win64-Shipping.exe,13648,0x4E568280,DXGI,0,0,1,Hardware Composed: Independent Flip,199.0204,NA,50.98860000000001,48.91210000000000,0.28280000000000,43.87310000000000,43.9396,148.3301,50.9731,50.6903,0.2828,42.6845,51.8789,47.1320,4.7469,-0.0478,148.3301,NA,NA,NA
Stalker2-Win64-Shipping.exe,13648,0x4E568280,DXGI,0,0,1,Hardware Composed: Independent Flip,251.1568,NA,52.13640000000000,54.39490000000000,0.36710000000000,43.18070000000000,46.1981,199.3032,52.2207,51.8536,0.3671,43.5903,51.4440,46.5128,4.9312,-3.4218,199.3032,NA,NA,NA
Stalker2-Win64-Shipping.exe,13648,0x4E568280,DXGI,0,0,1,Hardware Composed: Independent Flip,303.7364,NA,52.57960000000000,49.37570000000000,0.31970000000000,42.92930000000000,42.9942,251.5239,52.5322,52.2125,0.3197,42.8136,52.3282,46.2168,6.1114,2.8450,251.5239,NA,NA,NA
Stalker2-Win64-Shipping.exe,13648,0x4E568280,DXGI,0,0,1,Hardware Composed: Independent Flip,355.4919,NA,51.75550000000000,52.21370000000000,0.29340000000000,43.11560000000000,43.4524,304.0561,51.7292,51.4358,0.2934,42.6096,51.9418,46.2917,5.6501,0.3185,304.0561,NA,NA,NA
Stalker2-Win64-Shipping.exe,13648,0x4E568280,DXGI,0,0,1,Hardware Composed: Independent Flip,406.8922,NA,51.40030000000000,51.67640000000000,0.31900000000000,43.42190000000000,43.7285,355.7853,51.4259,51.1069,0.3190,42.8222,51.7066,46.5989,5.1077,0.0528,355.7853,NA,NA,NA
Stalker2-Win64-Shipping.exe,13648,0x4E568280,DXGI,0,0,1,Hardware Composed: Independent Flip,458.2946,NA,51.40240000000000,51.44330000000000,0.33210000000000,43.75420000000000,43.7694,407.2112,51.4155,51.0834,0.3321,43.1029,51.7347,46.9885,4.7462,-0.0174,407.2112,NA,NA,NA
Stalker2-Win64-Shipping.exe,13648,0x4E568280,DXGI,0,0,1,Hardware Composed: Independent Flip,509.3010,NA,51.00640000000000,50.95540000000000,0.31340000000000,43.42830000000000,43.7184,458.6267,50.9877,50.6743,0.3134,43.4221,50.6805,46.4809,4.1996,0.4601,458.6267,NA,NA,NA
Stalker2-Win64-Shipping.exe,13648,0x4E568280,DXGI,0,0,1,Hardware Composed: Independent Flip,560.5442,NA,51.24320000000000,52.95880000000000,0.30430000000000,45.42090000000000,45.4340,509.6144,51.2341,50.9298,0.3043,43.1149,53.2358,48.7054,4.5304,-1.9711,509.6144,NA,NA,NA
Stalker2-Win64-Shipping.exe,13648,0x4E568280,DXGI,0,0,1,Hardware Composed: Independent Flip,610.7572,NA,50.21300000000000,48.95240000000000,0.24360000000000,42.85140000000001,44.1734,560.8485,50.1523,49.9087,0.2436,45.1166,47.6435,46.4343,1.2092,2.2817,560.8485,NA,NA,NA
Stalker2-Win64-Shipping.exe,13648,0x4E568280,DXGI,0,0,1,Hardware Composed: Independent Flip,660.7814,NA,50.02420000000000,48.79220000000000,0.29270000000000,42.92710000000000,42.9414,611.0008,50.0733,49.7806,0.2927,42.6078,50.0999,46.5634,3.5365,1.3601,611.0008,NA,NA,NA
Stalker2-Win64-Shipping.exe,13648,0x4E568280,DXGI,0,0,1,Hardware Composed: Independent Flip,710.7722,NA,49.99080000000000,51.77140000000000,0.28810000000000,43.04740000000000,44.7220,661.0741,49.9862,49.6981,0.2881,42.6344,50.1111,46.0830,4.0281,-1.6981,661.0741,NA,NA,NA
Stalker2-Win64-Shipping.exe,13648,0x4E568280,DXGI,0,0,1,Hardware Composed: Independent Flip,761.2437,NA,50.47150000000000,49.09050000000001,0.27040000000000,43.31180000000001,43.3410,711.0603,50.4538,50.1834,0.2704,42.7593,50.7359,46.5500,4.1859,0.8957,711.0603,NA,NA,NA
Stalker2-Win64-Shipping.exe,13648,0x4E568280,DXGI,0,0,1,Hardware Composed: Independent Flip,812.1617,NA,50.91800000000000,51.98460000000000,0.27080000000000,44.07150000000000,44.4076,761.5141,50.9184,50.6476,0.2708,43.0414,51.6777,47.2334,4.4443,-1.5308,761.5141,NA,NA,NA
Stalker2-Win64-Shipping.exe,13648,0x4E568280,DXGI,0,0,1,Hardware Composed: Independent Flip,862.3848,NA,50.22310000000000,49.68430000000000,0.30940000000000,43.44300000000000,43.8688,812.4325,50.2617,49.9523,0.3094,43.8007,49.5946,46.5273,3.0673,1.2341,812.4325,NA,NA,NA
Stalker2-Win64-Shipping.exe,13648,0x4E568280,DXGI,0,0,1,Hardware Composed: Independent Flip,912.2833,NA,49.89850000000001,48.80510000000000,0.30090000000000,42.74780000000001,42.7754,862.6942,49.8900,49.5891,0.3009,43.1336,49.2033,45.8262,3.3771,1.4566,862.6942,NA,NA,NA
Stalker2-Win64-Shipping.exe,13648,0x4E568280,DXGI,0,0,1,Hardware Composed: Independent Flip,962.9775,NA,50.69420000000000,51.21240000000000,0.29730000000000,43.07080000000001,43.2936,912.5842,50.6906,50.3933,0.2973,42.4469,51.0172,46.1714,4.8458,-1.3224,912.5842,NA,NA,NA
Stalker2-Win64-Shipping.exe,13648,0x4E568280,DXGI,0,0,1,Hardware Composed: Independent Flip,1012.7562,NA,49.77870000000000,49.17690000000000,0.30310000000000,42.31450000000000,42.6918,963.2748,49.7845,49.4814,0.3031,42.7735,49.0224,45.3768,3.6456,1.5137,963.2748,NA,NA,NA
Stalker2-Win64-Shipping.exe,13648,0x4E568280,DXGI,0,0,1,Hardware Composed: Independent Flip,1064.9360,NA,52.17980000000000,52.80770000000000,0.26350000000000,43.30640000000000,43.3197,1013.0593,52.1402,51.8767,0.2635,42.0114,53.1717,46.4573,6.7144,-3.0232,1013.0593,NA,NA,NA
Stalker2-Win64-Shipping.exe,13648,0x4E568280,DXGI,0,0,1,Hardware Composed: Independent Flip,1113.6437,NA,48.70770000000000,50.57670000000000,0.30000000000000,42.87140000000000,45.1887,1065.1995,48.7442,48.4442,0.3000,43.0429,48.2727,45.8745,2.3982,1.5635,1065.1995,NA,NA,NA
Stalker2-Win64-Shipping.exe,13648,0x4E568280,DXGI,0,0,1,Hardware Composed: Independent Flip,1163.9492,NA,50.30550000000000,47.80930000000000,0.26430000000000,42.67660000000000,42.6925,1113.9437,50.2698,50.0055,0.2643,42.5714,50.1107,45.7644,4.3463,0.9349,1113.9437,NA,NA,NA
Stalker2-Win64-Shipping.exe,13648,0x4E568280,DXGI,0,0,1,Hardware Composed: Independent Flip,1213.4813,NA,49.53210000000000,50.84400000000000,0.31030000000000,42.80280000000000,44.0044,1164.2135,49.5781,49.2678,0.3103,42.4123,49.6583,45.8437,3.8146,-0.5742,1164.2135,NA,NA,NA
Stalker2-Win64-Shipping.exe,13648,0x4E568280,DXGI,0,0,1,Hardware Composed: Independent Flip,1263.6196,NA,50.13830000000000,49.48690000000001,0.28050000000000,43.33360000000000,43.3530,1213.7916,50.1085,49.8280,0.2805,42.4925,50.6691,46.4955,4.1736,0.0912,1213.7916,NA,NA,NA
Stalker2-Win64-Shipping.exe,13648,0x4E568280,DXGI,0,0,1,Hardware Composed: Independent Flip,1313.5534,NA,49.93380000000001,50.13320000000000,0.31400000000000,43.01200000000000,43.5524,1263.9001,49.9673,49.6533,0.3140,43.0531,49.6122,46.0999,3.5123,-0.0247,1263.9001,NA,NA,NA
Stalker2-Win64-Shipping.exe,13648,0x4E568280,DXGI,0,0,1,Hardware Composed: Independent Flip,1363.2598,NA,49.70640000000000,49.31630000000001,0.31730000000000,43.14650000000000,43.1623,1313.8674,49.7097,49.3924,0.3173,42.6980,49.8409,46.2604,3.5805,0.6510,1313.8674,NA,NA,NA
Stalker2-Win64-Shipping.exe,13648,0x4E568280,DXGI,0,0,1,Hardware Composed: Independent Flip,1413.3942,NA,50.13440000000000,51.50010000000000,0.27980000000000,44.32670000000000,44.5280,1363.5771,50.0969,49.8171,0.2798,42.8292,51.3146,47.3705,3.9441,-1.7904,1363.5771,NA,NA,NA
Stalker2-Win64-Shipping.exe,13648,0x4E568280,DXGI,0,0,1,Hardware Composed: Independent Flip,1463.0017,NA,49.60750000000000,49.42940000000000,0.29730000000000,43.79200000000000,44.3499,1413.6740,49.6250,49.3277,0.2973,44.0469,49.0728,46.8693,2.2035,0.6675,1413.6740,NA,NA,NA
Stalker2-Win64-Shipping.exe,13648,0x4E568280,DXGI,0,0,1,Hardware Composed: Independent Flip,1512.7827,NA,49.78100000000001,48.99510000000000,0.29880000000000,43.54840000000000,43.5640,1463.2990,49.7825,49.4837,0.2988,43.4947,49.5374,46.7460,2.7914,0.6299,1463.2990,NA,NA,NA
Stalker2-Win64-Shipping.exe,13648,0x4E568280,DXGI,0,0,1,Hardware Composed: Independent Flip,1562.5898,NA,49.80710000000001,50.49060000000000,0.30640000000000,43.70220000000000,44.2475,1513.0815,49.8147,49.5083,0.3064,43.2496,49.9609,46.7431,3.2178,-0.7081,1513.0815,NA,NA,NA
Stalker2-Win64-Shipping.exe,13648,0x4E568280,DXGI,0,0,1,Hardware Composed: Independent Flip,1612.8407,NA,50.25090000000000,49.07500000000000,0.29400000000000,43.04220000000000,43.0716,1562.8962,50.2385,49.9445,0.2940,43.3958,49.5909,46.1490,3.4419,0.7397,1562.8962,NA,NA,NA
Stalker2-Win64-Shipping.exe,13648,0x4E568280,DXGI,0,0,1,Hardware Composed: Independent Flip,1663.0769,NA,50.23620000000000,50.63220000000000,0.30180000000000,43.45350000000001,43.4676,1613.1347,50.2440,49.9422,0.3018,42.7482,50.6475,46.5362,4.1113,-0.3937,1613.1347,NA,NA,NA
Stalker2-Win64-Shipping.exe,13648,0x4E568280,DXGI,0,0,1,Hardware Composed: Independent Flip,1714.4251,NA,51.34820000000001,51.01050000000000,0.24470000000000,42.46270000000001,43.1299,1663.3787,51.2911,51.0464,0.2447,43.1517,50.3574,45.8602,4.4972,-0.7665,1663.3787,NA,NA,NA
Stalker2-Win64-Shipping.exe,13648,0x4E568280,DXGI,0,0,1,Hardware Composed: Independent Flip,1765.8884,NA,51.46330000000000,51.40820000000000,0.25270000000000,43.04690000000000,43.0748,1714.6698,51.4713,51.2186,0.2527,42.2180,52.0475,46.9066,5.1409,-0.1171,1714.6698,NA,NA,NA
Stalker2-Win64-Shipping.exe,13648,0x4E568280,DXGI,0,0,1,Hardware Composed: Independent Flip,1815.8301,NA,49.94170000000000,50.31730000000000,0.25290000000000,42.62220000000000,43.4504,1766.1411,49.9419,49.6890,0.2529,42.7942,49.5170,45.6201,3.8969,1.1540,1766.1411,NA,NA,NA
Stalker2-Win64-Shipping.exe,13648,0x4E568280,DXGI,0,0,1,Hardware Composed: Independent Flip,1866.8461,NA,51.01600000000001,51.13480000000001,0.33700000000000,43.55410000000001,43.5692,1816.0830,51.1001,50.7631,0.3370,42.3693,51.9479,46.8369,5.1110,-1.1929,1816.0830,NA,NA,NA
Stalker2-Win64-Shipping.exe,13648,0x4E568280,DXGI,0,0,1,Hardware Composed: Independent Flip,1917.1424,NA,50.29630000000000,50.61110000000000,0.30080000000000,42.53270000000001,43.8840,1867.1831,50.2601,49.9593,0.3008,43.2171,49.2749,45.7639,3.5110,0.4890,1867.1831,NA,NA,NA
Stalker2-Win64-Shipping.exe,13648,0x4E568280,DXGI,0,0,1,Hardware Composed: Independent Flip,1967.3924,NA,50.25000000000000,49.06590000000000,0.33410000000000,42.68660000000000,42.6999,1917.4432,50.2833,49.9492,0.3341,42.2319,50.4039,45.8369,4.5670,1.1942,1917.4432,NA,NA,NA
Stalker2-Win64-Shipping.exe,13648,0x4E568280,DXGI,0,0,1,Hardware Composed: Independent Flip,2018.2097,NA,50.81730000000000,53.15720000000000,0.35380000000000,44.29760000000000,45.0398,1967.7265,50.8370,50.4832,0.3538,42.3525,52.4283,47.5524,4.8759,-2.8739,1967.7265,NA,NA,NA
Stalker2-Win64-Shipping.exe,13648,0x4E568280,DXGI,0,0,1,Hardware Composed: Independent Flip,2067.4025,NA,49.19280000000001,47.57300000000000,0.26630000000000,42.81120000000000,43.4200,2018.5635,49.1053,48.8390,0.2663,43.9438,47.7064,45.9157,1.7907,3.2640,2018.5635,NA,NA,NA
Stalker2-Win64-Shipping.exe,13648,0x4E568280,DXGI,0,0,1,Hardware Composed: Independent Flip,2117.2856,NA,49.88310000000000,49.69240000000000,0.26400000000000,43.21460000000000,43.2293,2067.6688,49.8808,49.6168,0.2640,42.5449,50.2865,46.2743,4.0122,-0.5871,2067.6688,NA,NA,NA
Stalker2-Win64-Shipping.exe,13648,0x4E568280,DXGI,0,0,1,Hardware Composed: Independent Flip,2166.1855,NA,48.89990000000000,51.05450000000000,0.27810000000000,43.26560000000000,45.3839,2117.5496,48.9140,48.6359,0.2781,42.9506,48.9509,46.2472,2.7037,-1.1737,2117.5496,NA,NA,NA
Stalker2-Win64-Shipping.exe,13648,0x4E568280,DXGI,0,0,1,Hardware Composed: Independent Flip,2216.3567,NA,50.17120000000000,48.23900000000000,0.28720000000000,43.38610000000000,43.4517,2166.4636,50.1803,49.8931,0.2872,42.9875,50.2917,46.4069,3.8848,0.6750,2166.4636,NA,NA,NA
Stalker2-Win64-Shipping.exe,13648,0x4E568280,DXGI,0,0,1,Hardware Composed: Independent Flip,2265.9144,NA,49.55770000000000,50.06210000000000,0.29840000000000,43.12710000000000,43.9561,2216.6439,49.5689,49.2705,0.2984,43.0989,49.2987,46.1247,3.1740,0.1182,2216.6439,NA,NA,NA
Stalker2-Win64-Shipping.exe,13648,0x4E568280,DXGI,0,0,1,Hardware Composed: Independent Flip,2316.3117,NA,50.39730000000000,49.49660000000000,0.31570000000000,42.98170000000000,43.0554,2266.2128,50.4146,50.0989,0.3157,42.8287,50.2519,46.0569,4.1950,0.0723,2266.2128,NA,NA,NA
Stalker2-Win64-Shipping.exe,13648,0x4E568280,DXGI,0,0,1,Hardware Composed: Independent Flip,2366.1677,NA,49.85600000000000,50.07870000000000,0.24350000000000,42.66950000000000,43.2781,2316.6274,49.7838,49.5403,0.2435,42.6660,49.5438,45.7192,3.8246,0.3359,2316.6274,NA,NA,NA
Stalker2-Win64-Shipping.exe,13648,0x4E568280,DXGI,0,0,1,Hardware Composed: Independent Flip,2417.3700,NA,51.20230000000000,50.92400000000000,0.32430000000000,42.98190000000000,42.9998,2366.4112,51.2831,50.9588,0.3243,42.4260,51.5147,46.2721,5.2426,-1.1402,2366.4112,NA,NA,NA
Stalker2-Win64-Shipping.exe,13648,0x4E568280,DXGI,0,0,1,Hardware Composed: Independent Flip,2466.4199,NA,49.04990000000000,50.08020000000000,0.27640000000000,43.04020000000000,44.0301,2417.6943,49.0020,48.7256,0.2764,42.6576,49.1082,46.2218,2.8864,1.2029,2417.6943,NA,NA,NA
Stalker2-Win64-Shipping.exe,13648,0x4E568280,DXGI,0,0,1,Hardware Composed: Independent Flip,2517.0990,NA,50.67910000000001,49.53170000000000,0.30990000000000,42.84220000000001,42.8827,2466.6963,50.7126,50.4027,0.3099,42.7638,50.4811,46.0437,4.4374,-0.5297,2466.6963,NA,NA,NA
Stalker2-Win64-Shipping.exe,13648,0x4E568280,DXGI,0,0,1,Hardware Composed: Independent Flip,2567.1935,NA,50.09450000000000,50.81560000000000,0.27160000000000,42.77970000000001,43.6038,2517.4089,50.0562,49.7846,0.2716,42.5323,50.0320,45.8164,4.2156,-0.1030,2517.4089,NA,NA,NA
Stalker2-Win64-Shipping.exe,13648,0x4E568280,DXGI,0,0,1,Hardware Composed: Independent Flip,2617.1283,NA,49.93480000000000,50.67540000000000,0.26930000000000,44.31960000000000,44.3444,2567.4651,49.9325,49.6632,0.2693,42.5081,51.4747,47.4211,4.0536,-0.6192,2567.4651,NA,NA,NA
Stalker2-Win64-Shipping.exe,13648,0x4E568280,DXGI,0,0,1,Hardware Composed: Independent Flip,2666.7014,NA,49.57310000000000,48.89260000000000,0.30700000000000,43.00640000000000,43.6639,2617.3976,49.6108,49.3038,0.3070,44.0503,48.2599,46.1088,2.1511,1.0399,2617.3976,NA,NA,NA
Stalker2-Win64-Shipping.exe,13648,0x4E568280,DXGI,0,0,1,Hardware Composed: Independent Flip,2716.8540,NA,50.15260000000000,49.30250000000000,0.32390000000000,42.74560000000000,42.8138,2667.0084,50.1695,49.8456,0.3239,42.6994,49.8918,45.7977,4.0941,0.3083,2667.0084,NA,NA,NA
Stalker2-Win64-Shipping.exe,13648,0x4E568280,DXGI,0,0,1,Hardware Composed: Independent Flip,2766.0155,NA,49.16150000000000,50.48140000000000,0.31410000000000,42.94650000000000,44.1337,2717.1779,49.1517,48.8376,0.3141,42.4217,49.3624,45.9881,3.3743,-0.3119,2717.1779,NA,NA,NA
Stalker2-Win64-Shipping.exe,13648,0x4E568280,DXGI,0,0,1,Hardware Composed: Independent Flip,2815.8658,NA,49.85030000000000,48.82150000000000,0.26110000000000,43.07570000000000,43.1049,2766.3296,49.7973,49.5362,0.2611,42.6324,49.9795,46.1726,3.8069,0.3302,2766.3296,NA,NA,NA
Stalker2-Win64-Shipping.exe,13648,0x4E568280,DXGI,0,0,1,Hardware Composed: Independent Flip,2866.0993,NA,50.23350000000000,50.99040000000000,0.30710000000000,43.46230000000000,43.8618,2816.1269,50.2795,49.9724,0.3071,42.8146,50.6201,46.5273,4.0928,-1.1931,2816.1269,NA,NA,NA
Stalker2-Win64-Shipping.exe,13648,0x4E568280,DXGI,0,0,1,Hardware Composed: Independent Flip,2916.8042,NA,50.70490000000000,50.03520000000000,0.31950000000000,42.95640000000000,43.1921,2866.4064,50.7173,50.3978,0.3195,43.1552,50.1990,46.0918,4.1072,0.2443,2866.4064,NA,NA,NA
Stalker2-Win64-Shipping.exe,13648,0x4E568280,DXGI,0,0,1,Hardware Composed: Independent Flip,2965.7428,NA,48.93860000000000,49.32290000000000,0.28270000000000,43.54880000000000,43.5764,2917.1237,48.9018,48.6191,0.2827,42.6369,49.5310,46.6495,2.8815,1.3944,2917.1237,NA,NA,NA
Stalker2-Win64-Shipping.exe,13648,0x4E568280,DXGI,0,0,1,Hardware Composed: Independent Flip,3017.2019,NA,51.45910000000000,50.66540000000001,0.29140000000000,42.76650000000000,42.7827,2966.0255,51.4678,51.1764,0.2914,43.2661,50.6768,46.0440,4.6328,-1.7636,2966.0255,NA,NA,NA
Stalker2-Win64-Shipping.exe,13648,0x4E568280,DXGI,0,0,1,Hardware Composed: Independent Flip,3065.7147,NA,48.51280000000001,49.43740000000000,0.27400000000000,43.18420000000000,43.7073,3017.4933,48.4954,48.2214,0.2740,42.4751,48.9305,46.3061,2.6244,2.0304,3017.4933,NA,NA,NA
Stalker2-Win64-Shipping.exe,13648,0x4E568280,DXGI,0,0,1,Hardware Composed: Independent Flip,3115.6609,NA,49.94620000000000,48.87560000000001,0.25420000000000,42.58980000000000,42.6367,3065.9887,49.9264,49.6722,0.2542,42.9102,49.3518,45.7094,3.6424,-0.3802,3065.9887,NA,NA,NA
Stalker2-Win64-Shipping.exe,13648,0x4E568280,DXGI,0,0,1,Hardware Composed: Independent Flip,3165.8277,NA,50.16680000000000,50.99180000000000,0.28460000000000,43.04530000000000,43.4617,3115.9151,50.1972,49.9126,0.2846,42.3356,50.6223,46.6092,4.0131,-1.0654,3115.9151,NA,NA,NA
Stalker2-Win64-Shipping.exe,13648,0x4E568280,DXGI,0,0,1,Hardware Composed: Independent Flip,3216.9567,NA,51.12900000000000,51.91860000000000,0.27730000000000,43.92450000000000,44.2513,3166.1123,51.1217,50.8444,0.2773,42.7607,52.0082,47.2109,4.7973,-1.7214,3166.1123,NA,NA,NA
Stalker2-Win64-Shipping.exe,13648,0x4E568280,DXGI,0,0,1,Hardware Composed: Independent Flip,3265.8006,NA,48.84390000000000,48.65570000000000,0.40190000000000,43.47290000000000,44.0631,3217.2340,48.9685,48.5666,0.4019,43.6472,48.3923,46.5376,1.8547,2.4660,3217.2340,NA,NA,NA
Stalker2-Win64-Shipping.exe,13648,0x4E568280,DXGI,0,0,1,Hardware Composed: Independent Flip,3315.4366,NA,49.63600000000000,48.60510000000000,0.30000000000000,43.01150000000001,43.0322,3266.2025,49.5341,49.2341,0.3000,43.0710,49.1746,46.0791,3.0955,0.3634,3266.2025,NA,NA,NA
Stalker2-Win64-Shipping.exe,13648,0x4E568280,DXGI,0,0,1,Hardware Composed: Independent Flip,3365.4658,NA,50.02920000000000,50.53510000000000,0.26120000000000,42.61330000000000,43.5381,3315.7366,49.9904,49.7292,0.2612,42.7115,49.6310,45.5702,4.0608,-1.0010,3315.7366,NA,NA,NA
Stalker2-Win64-Shipping.exe,13648,0x4E568280,DXGI,0,0,1,Hardware Composed: Independent Flip,3416.5990,NA,51.13320000000000,50.49980000000000,0.30730000000000,42.88970000000000,42.9047,3365.7270,51.1793,50.8720,0.3073,42.3521,51.4096,46.1534,5.2562,-0.5094,3365.7270,NA,NA,NA
Stalker2-Win64-Shipping.exe,13648,0x4E568280,DXGI,0,0,1,Hardware Composed: Independent Flip,3465.4511,NA,48.85210000000000,49.92370000000000,0.27170000000000,43.18420000000000,43.9763,3416.9063,48.8165,48.5448,0.2717,42.5824,49.1466,46.3313,2.8153,1.2556,3416.9063,NA,NA,NA
Stalker2-Win64-Shipping.exe,13648,0x4E568280,DXGI,0,0,1,Hardware Composed: Independent Flip,3515.7254,NA,50.27430000000000,49.30680000000000,0.24710000000000,42.99320000000000,43.0088,3465.7228,50.2497,50.0026,0.2471,42.9125,50.0833,46.0776,4.0057,-0.4903,3465.7228,NA,NA,NA
Stalker2-Win64-Shipping.exe,13648,0x4E568280,DXGI,0,0,1,Hardware Composed: Independent Flip,3565.3735,NA,49.64810000000000,50.61780000000000,0.30770000000000,43.36890000000000,43.9785,3515.9725,49.7087,49.4010,0.3077,42.7461,50.0238,46.3230,3.7008,-0.3681,3515.9725,NA,NA,NA
Stalker2-Win64-Shipping.exe,13648,0x4E568280,DXGI,0,0,1,Hardware Composed: Independent Flip,3615.9011,NA,50.52760000000000,49.75540000000000,0.30060000000000,43.19110000000000,43.2063,3565.6812,50.5205,50.2199,0.3006,43.0612,50.3498,46.2253,4.1245,-0.0467,3565.6812,NA,NA,NA
Stalker2-Win64-Shipping.exe,13648,0x4E568280,DXGI,0,0,1,Hardware Composed: Independent Flip,3665.1600,NA,49.25890000000000,48.94090000000000,0.29340000000000,42.74740000000000,42.8883,3616.2017,49.2517,48.9583,0.2934,42.8905,48.8152,45.7707,3.0445,1.5796,3616.2017,NA,NA,NA
Stalker2-Win64-Shipping.exe,13648,0x4E568280,DXGI,0,0,1,Hardware Composed: Independent Flip,3717.2886,NA,52.12860000000001,51.65760000000000,0.30290000000000,42.40230000000000,42.4173,3665.4534,52.1381,51.8352,0.3029,42.4540,51.7835,46.1772,5.6063,-2.4059,3665.4534,NA,NA,NA
Stalker2-Win64-Shipping.exe,13648,0x4E568280,DXGI,0,0,1,Hardware Composed: Independent Flip,3765.0836,NA,47.79500000000000,49.33960000000000,0.25470000000000,42.40020000000001,43.9619,3717.5915,47.7468,47.4921,0.2547,42.0994,47.7929,45.3726,2.4203,2.7985,3717.5915,NA,NA,NA
Stalker2-Win64-Shipping.exe,13648,0x4E568280,DXGI,0,0,1,Hardware Composed: Independent Flip,3815.0374,NA,49.95380000000000,50.35130000000000,0.28150000000000,44.31820000000000,44.3594,3765.3383,49.9806,49.6991,0.2815,42.1455,51.8718,47.5509,4.3209,-2.6045,3765.3383,NA,NA,NA
Stalker2-Win64-Shipping.exe,13648,0x4E568280,DXGI,0,0,1,Hardware Composed: Independent Flip,3865.5636,NA,50.52620000000000,51.59640000000000,0.28530000000000,43.14130000000000,45.4296,3815.3189,50.5300,50.2447,0.2853,44.0367,49.3493,46.1413,3.2080,-1.6158,3815.3189,NA,NA,NA
Stalker2-Win64-Shipping.exe,13648,0x4E568280,DXGI,0,0,1,Hardware Composed: Independent Flip,3915.0627,NA,49.49910000000001,47.01460000000000,0.28380000000000,42.93020000000000,42.9451,3865.8489,49.4976,49.2138,0.2838,42.8560,49.2880,46.0228,3.2652,3.5154,3865.8489,NA,NA,NA
Stalker2-Win64-Shipping.exe,13648,0x4E568280,DXGI,0,0,1,Hardware Composed: Independent Flip,3965.9065,NA,50.84380000000000,50.96960000000000,0.34460000000000,42.90080000000000,43.0709,3915.3465,50.9046,50.5600,0.3446,42.6464,50.8144,46.0009,4.8135,-1.4720,3915.3465,NA,NA,NA
Stalker2-Win64-Shipping.exe,13648,0x4E568280,DXGI,0,0,1,Hardware Composed: Independent Flip,4014.9103,NA,49.00380000000001,49.39740000000000,0.25700000000000,42.95660000000000,43.4645,3966.2511,48.9162,48.6592,0.2570,42.5562,49.0596,46.0082,3.0514,1.5072,3966.2511,NA,NA,NA
Stalker2-Win64-Shipping.exe,13648,0x4E568280,DXGI,0,0,1,Hardware Composed: Independent Flip,4065.5136,NA,50.60330000000000,50.64340000000000,0.29750000000000,43.48940000000000,43.5046,4015.1673,50.6438,50.3463,0.2975,42.6996,51.1361,46.5916,4.5445,-1.7272,4015.1673,NA,NA,NA
Stalker2-Win64-Shipping.exe,13648,0x4E568280,DXGI,0,0,1,Hardware Composed: Independent Flip,4115.4733,NA,49.95970000000001,50.73570000000000,0.30510000000000,43.07150000000000,44.2806,4065.8111,49.9673,49.6622,0.3051,43.1919,49.5418,46.1826,3.3592,-0.0919,4065.8111,NA,NA,NA
Stalker2-Win64-Shipping.exe,13648,0x4E568280,DXGI,0,0,1,Hardware Composed: Independent Flip,4165.8992,NA,50.42590000000001,49.42440000000001,0.31940000000000,43.26340000000000,43.2791,4115.7784,50.4402,50.1208,0.3194,42.7664,50.6178,46.3918,4.2260,0.5429,4115.7784,NA,NA,NA
Stalker2-Win64-Shipping.exe,13648,0x4E568280,DXGI,0,0,1,Hardware Composed: Independent Flip,4215.4712,NA,49.57200000000000,49.66880000000000,0.27600000000000,42.77090000000000,43.3759,4166.2186,49.5286,49.2526,0.2760,42.9440,49.0795,45.7660,3.3135,0.7714,4166.2186,NA,NA,NA
Stalker2-Win64-Shipping.exe,13648,0x4E568280,DXGI,0,0,1,Hardware Composed: Independent Flip,4266.3048,NA,50.83360000000000,50.83720000000000,0.26150000000000,43.36150000000000,43.3795,4215.7472,50.8191,50.5576,0.2615,42.4949,51.4242,46.6025,4.8217,-1.3086,4215.7472,NA,NA,NA
Stalker2-Win64-Shipping.exe,13648,0x4E568280,DXGI,0,0,1,Hardware Composed: Independent Flip,4315.8856,NA,49.58080000000000,50.31580000000000,0.32810000000000,42.84470000000000,44.1145,4266.5663,49.6474,49.3193,0.3281,43.1000,49.0640,45.8644,3.1996,0.5033,4266.5663,NA,NA,NA
Stalker2-Win64-Shipping.exe,13648,0x4E568280,DXGI,0,0,1,Hardware Composed: Independent Flip,4366.5076,NA,50.62200000000000,50.42920000000000,0.27560000000000,43.90580000000000,43.9217,4316.2137,50.5695,50.2939,0.2756,42.5166,51.6831,47.0478,4.6353,-0.7818,4316.2137,NA,NA,NA
Stalker2-Win64-Shipping.exe,13648,0x4E568280,DXGI,0,0,1,Hardware Composed: Independent Flip,4416.6373,NA,50.12970000000000,51.26790000000000,0.30120000000000,43.63270000000000,45.0599,4366.7832,50.1553,49.8541,0.3012,43.6302,49.8566,47.0264,2.8302,-0.6984,4366.7832,NA,NA,NA
Stalker2-Win64-Shipping.exe,13648,0x4E568280,DXGI,0,0,1,Hardware Composed: Independent Flip,4467.1039,NA,50.46660000000000,48.38680000000000,0.24470000000000,42.95490000000000,42.9801,4416.9385,50.4101,50.1654,0.2447,43.3315,49.7888,46.0272,3.7616,1.7685,4416.9385,NA,NA,NA
Stalker2-Win64-Shipping.exe,13648,0x4E568280,DXGI,0,0,1,Hardware Composed: Independent Flip,4518.0754,NA,50.97150000000000,50.83500000000000,0.24150000000000,42.82980000000000,42.8436,4467.3486,50.9683,50.7268,0.2415,42.7102,50.8464,46.5340,4.3124,-0.4249,4467.3486,NA,NA,NA
Stalker2-Win64-Shipping.exe,13648,0x4E568280,DXGI,0,0,1,Hardware Composed: Independent Flip,4567.0566,NA,48.98120000000000,49.75850000000001,0.32920000000000,43.26900000000001,43.6209,4518.3169,49.0689,48.7397,0.3292,42.5883,49.4204,46.3879,3.0325,1.2098,4518.3169,NA,NA,NA
Stalker2-Win64-Shipping.exe,13648,0x4E568280,DXGI,0,0,1,Hardware Composed: Independent Flip,4617.3292,NA,50.27260000000000,49.61420000000000,0.26150000000000,42.89770000000000,42.9625,4567.3858,50.2049,49.9434,0.2615,42.9398,49.9013,46.0829,3.8184,-0.5453,4567.3858,NA,NA,NA
Stalker2-Win64-Shipping.exe,13648,0x4E568280,DXGI,0,0,1,Hardware Composed: Independent Flip,4669.1775,NA,51.84830000000000,54.39850000000001,0.27220000000000,45.07970000000000,45.5127,4617.5907,51.8590,51.5868,0.2722,42.6362,54.0303,48.6743,5.3560,-4.1936,4617.5907,NA,NA,NA
Stalker2-Win64-Shipping.exe,13648,0x4E568280,DXGI,0,0,1,Hardware Composed: Independent Flip,4718.7748,NA,49.59730000000000,48.63680000000000,0.26410000000000,42.73590000000000,44.5522,4669.4497,49.5892,49.3251,0.2641,44.8075,47.2535,45.9655,1.2880,3.2222,4669.4497,NA,NA,NA
Stalker2-Win64-Shipping.exe,13648,0x4E568280,DXGI,0,0,1,Hardware Composed: Independent Flip,4768.6363,NA,49.86150000000000,48.37310000000000,0.31010000000000,43.04840000000000,43.0638,4719.0389,49.9075,49.5974,0.3101,42.4718,50.1740,46.1819,3.9921,1.2161,4719.0389,NA,NA,NA
Stalker2-Win64-Shipping.exe,13648,0x4E568280,DXGI,0,0,1,Hardware Composed: Independent Flip,4818.1988,NA,49.56250000000000,51.52930000000000,0.30960000000000,42.95890000000000,45.0306,4768.9464,49.5620,49.2524,0.3096,42.7383,49.4730,45.9820,3.4910,-1.6218,4768.9464,NA,NA,NA
Stalker2-Win64-Shipping.exe,13648,0x4E568280,DXGI,0,0,1,Hardware Composed: Independent Flip,4869.0382,NA,50.83940000000000,48.91600000000000,0.29470000000000,43.07800000000000,43.1072,4818.5084,50.8245,50.5298,0.2947,42.6493,50.9585,46.1971,4.7614,0.6460,4818.5084,NA,NA,NA
Stalker2-Win64-Shipping.exe,13648,0x4E568280,DXGI,0,0,1,Hardware Composed: Independent Flip,4919.7894,NA,50.75120000000000,51.48160000000000,0.31300000000000,43.04070000000000,43.8376,4869.3329,50.7695,50.4565,0.3130,42.7833,50.7139,46.1828,4.5311,-0.6571,4869.3329,NA,NA,NA
Stalker2-Win64-Shipping.exe,13648,0x4E568280,DXGI,0,0,1,Hardware Composed: Independent Flip,4970.0113,NA,50.22190000000001,49.70600000000000,0.29880000000000,43.30770000000000,43.3217,4920.1024,50.2077,49.9089,0.2988,42.7277,50.4889,46.4650,4.0239,1.0635,4920.1024,NA,NA,NA
Stalker2-Win64-Shipping.exe,13648,0x4E568280,DXGI,0,0,1,Hardware Composed: Independent Flip,5019.3746,NA,49.36330000000000,50.27300000000000,0.28110000000000,44.21670000000000,44.2314,4970.3101,49.3456,49.0645,0.2811,43.0089,50.2723,47.1986,3.0737,-0.0653,4970.3101,NA,NA,NA
Stalker2-Win64-Shipping.exe,13648,0x4E568280,DXGI,0,0,1,Hardware Composed: Independent Flip,5069.4935,NA,50.11890000000000,48.74500000000000,0.29310000000000,42.72120000000000,42.8575,5019.6557,50.1309,49.8378,0.2931,43.9356,48.6234,45.8057,2.8177,0.6006,5019.6557,NA,NA,NA
Stalker2-Win64-Shipping.exe,13648,0x4E568280,DXGI,0,0,1,Hardware Composed: Independent Flip,5120.3031,NA,50.80960000000000,50.64680000000000,0.28990000000000,42.67550000000000,42.6947,5069.7866,50.8064,50.5165,0.2899,42.4281,50.7639,45.8693,4.8946,-0.5159,5069.7866,NA,NA,NA
Stalker2-Win64-Shipping.exe,13648,0x4E568280,DXGI,0,0,1,Hardware Composed: Independent Flip,5170.5215,NA,50.21840000000000,52.16880000000000,0.24470000000000,43.38080000000000,44.6451,5120.5930,50.1732,49.9285,0.2447,42.3856,50.9237,46.9525,3.9712,-1.3624,5120.5930,NA,NA,NA
Stalker2-Win64-Shipping.exe,13648,0x4E568280,DXGI,0,0,1,Hardware Composed: Independent Flip,5220.5936,NA,50.07210000000000,48.45380000000000,0.26690000000000,43.01420000000000,43.0268,5170.7662,50.0943,49.8274,0.2669,43.1361,49.7055,46.1759,3.5296,1.7194,5170.7662,NA,NA,NA
Stalker2-Win64-Shipping.exe,13648,0x4E568280,DXGI,0,0,1,Hardware Composed: Independent Flip,5271.6417,NA,51.04810000000001,51.46850000000001,0.35930000000000,43.43430000000000,43.4472,5220.8605,51.1405,50.7812,0.3593,42.7473,51.4682,46.7417,4.7265,-1.3742,5220.8605,NA,NA,NA
Stalker2-Win64-Shipping.exe,13648,0x4E568280,DXGI,0,0,1,Hardware Composed: Independent Flip,5322.3095,NA,50.66780000000000,51.45940000000000,0.32300000000000,42.86580000000000,44.2388,5272.0010,50.6315,50.3085,0.3230,43.0750,50.0993,45.8736,4.2257,-0.3189,5272.0010,NA,NA,NA
Stalker2-Win64-Shipping.exe,13648,0x4E568280,DXGI,0,0,1,Hardware Composed: Independent Flip,5373.8710,NA,51.56150000000000,50.32530000000001,0.31210000000000,42.98540000000001,43.0026,5322.6325,51.5506,51.2385,0.3121,42.5428,51.6811,46.1374,5.5437,0.3062,5322.6325,NA,NA,NA
Stalker2-Win64-Shipping.exe,13648,0x4E568280,DXGI,0,0,1,Hardware Composed: Independent Flip,5423.0583,NA,49.18730000000000,50.53100000000001,0.25760000000000,43.51000000000001,44.3463,5374.1831,49.1328,48.8752,0.2576,42.6733,49.7119,46.6550,3.0569,1.0196,5374.1831,NA,NA,NA
Stalker2-Win64-Shipping.exe,13648,0x4E568280,DXGI,0,0,1,Hardware Composed: Independent Flip,5472.7256,NA,49.66730000000000,49.16420000000000,0.31760000000000,43.82500000000000,43.8432,5423.3159,49.7273,49.4097,0.3176,43.2524,49.9823,47.0449,2.9374,-0.0314,5423.3159,NA,NA,NA
Stalker2-Win64-Shipping.exe,13648,0x4E568280,DXGI,0,0,1,Hardware Composed: Independent Flip,5522.4616,NA,49.73600000000000,49.53600000000000,0.28810000000000,43.37090000000000,43.6432,5473.0432,49.7065,49.4184,0.2881,43.5074,49.2819,46.3943,2.8876,0.1913,5473.0432,NA,NA,NA
Stalker2-Win64-Shipping.exe,13648,0x4E568280,DXGI,0,0,1,Hardware Composed: Independent Flip,5572.4166,NA,49.95500000000001,49.39130000000000,0.29530000000000,43.06460000000000,43.0795,5522.7497,49.9622,49.6669,0.2953,43.0828,49.6487,46.2337,3.4150,0.3152,5522.7497,NA,NA,NA
Stalker2-Win64-Shipping.exe,13648,0x4E568280,DXGI,0,0,1,Hardware Composed: Independent Flip,5621.7997,NA,49.38310000000000,50.39060000000000,0.26560000000000,43.78460000000000,44.0870,5572.7119,49.3534,49.0878,0.2656,42.7693,50.1031,46.8231,3.2800,-0.4284,5572.7119,NA,NA,NA
Stalker2-Win64-Shipping.exe,13648,0x4E568280,DXGI,0,0,1,Hardware Composed: Independent Flip,5671.3655,NA,49.56580000000000,48.67790000000000,0.30030000000000,43.17090000000000,43.1991,5622.0653,49.6005,49.3002,0.3003,43.5190,48.9521,46.2288,2.7233,0.6755,5622.0653,NA,NA,NA
Stalker2-Win64-Shipping.exe,13648,0x4E568280,DXGI,0,0,1,Hardware Composed: Independent Flip,5722.3994,NA,51.03390000000000,50.74750000000000,0.33540000000000,42.89700000000001,42.9127,5671.6658,51.0690,50.7336,0.3354,42.8706,50.7600,46.0723,4.6877,-1.1470,5671.6658,NA,NA,NA
Stalker2-Win64-Shipping.exe,13648,0x4E568280,DXGI,0,0,1,Hardware Composed: Independent Flip,5771.9366,NA,49.53720000000001,50.18140000000000,0.29020000000000,42.41380000000000,43.5569,5722.7348,49.4920,49.2018,0.2902,42.5616,49.0540,45.4948,3.5592,0.8876,5722.7348,NA,NA,NA
Stalker2-Win64-Shipping.exe,13648,0x4E568280,DXGI,0,0,1,Hardware Composed: Independent Flip,5821.9093,NA,49.97270000000000,49.67510000000000,0.24920000000000,43.20710000000000,43.2593,5772.2268,49.9317,49.6825,0.2492,42.1236,50.7660,46.2940,4.4720,-0.1831,5772.2268,NA,NA,NA
Stalker2-Win64-Shipping.exe,13648,0x4E568280,DXGI,0,0,1,Hardware Composed: Independent Flip,5872.6113,NA,50.70200000000001,51.19390000000000,0.28990000000000,42.78780000000000,43.7512,5822.1585,50.7427,50.4528,0.2899,42.9579,50.2827,46.0066,4.2761,-1.2622,5822.1585,NA,NA,NA
Stalker2-Win64-Shipping.exe,13648,0x4E568280,DXGI,0,0,1,Hardware Composed: Independent Flip,5923.0331,NA,50.42180000000000,50.14100000000001,0.31240000000000,43.44980000000000,43.4704,5872.9012,50.4443,50.1319,0.3124,42.4979,51.0838,46.7606,4.3232,0.6017,5872.9012,NA,NA,NA
Stalker2-Win64-Shipping.exe,13648,0x4E568280,DXGI,0,0,1,Hardware Composed: Independent Flip,5974.4017,NA,51.36860000000000,51.62840000000000,0.28710000000000,43.42370000000000,43.7302,5923.3455,51.3433,51.0562,0.2871,43.1374,51.3425,46.6200,4.7225,-1.1841,5923.3455,NA,NA,NA
Stalker2-Win64-Shipping.exe,13648,0x4E568280,DXGI,0,0,1,Hardware Composed: Independent Flip,6023.7881,NA,49.38640000000000,49.20210000000000,0.29980000000000,43.17490000000000,43.5459,5974.6888,49.3991,49.0993,0.2998,43.1366,49.1376,46.2149,2.9227,2.1412,5974.6888,NA,NA,NA
Stalker2-Win64-Shipping.exe,13648,0x4E568280,DXGI,0,0,1,Hardware Composed: Independent Flip,6074.1736,NA,50.38550000000000,50.72610000000000,0.32840000000000,43.85960000000000,43.8865,6024.0879,50.4141,50.0857,0.3284,42.8751,51.0702,46.9239,4.1463,-1.3270,6024.0879,NA,NA,NA
Stalker2-Win64-Shipping.exe,13648,0x4E568280,DXGI,0,0,1,Hardware Composed: Independent Flip,6124.3785,NA,50.20490000000000,50.85690000000000,0.28370000000000,43.23870000000000,44.5385,6074.5020,50.1602,49.8765,0.2837,43.5312,49.5840,46.3685,3.2155,-0.4428,6074.5020,NA,NA,NA
Stalker2-Win64-Shipping.exe,13648,0x4E568280,DXGI,0,0,1,Hardware Composed: Independent Flip,6174.8108,NA,50.43230000000001,49.38600000000000,0.27710000000000,43.47600000000000,43.4922,6124.6622,50.4257,50.1486,0.2771,42.9550,50.6696,46.5985,4.0711,0.7742,6124.6622,NA,NA,NA
Stalker2-Win64-Shipping.exe,13648,0x4E568280,DXGI,0,0,1,Hardware Composed: Independent Flip,6224.8476,NA,50.03680000000000,50.91900000000000,0.30630000000000,43.73950000000000,44.3744,6175.0879,50.0660,49.7597,0.3063,43.1989,50.3003,46.7244,3.5759,-0.4933,6175.0879,NA,NA,NA
Stalker2-Win64-Shipping.exe,13648,0x4E568280,DXGI,0,0,1,Hardware Composed: Independent Flip,6274.8272,NA,49.97960000000000,49.23200000000000,0.26560000000000,43.61050000000000,43.6268,6225.1539,49.9389,49.6733,0.2656,43.4332,49.8506,46.6410,3.2096,0.8340,6225.1539,NA,NA,NA
Stalker2-Win64-Shipping.exe,13648,0x4E568280,DXGI,0,0,1,Hardware Composed: Independent Flip,6325.2379,NA,50.41070000000001,49.80580000000000,0.36960000000000,43.00370000000000,43.0219,6275.0928,50.5147,50.1451,0.3696,43.3449,49.8039,46.1814,3.6225,0.1331,6275.0928,NA,NA,NA
Stalker2-Win64-Shipping.exe,13648,0x4E568280,DXGI,0,0,1,Hardware Composed: Independent Flip,6375.3172,NA,50.07930000000000,50.87730000000001,0.25510000000000,43.72360000000000,43.8199,6325.6075,49.9648,49.7097,0.2551,42.6341,50.7992,46.7352,4.0640,-0.3626,6325.6075,NA,NA,NA
Stalker2-Win64-Shipping.exe,13648,0x4E568280,DXGI,0,0,1,Hardware Composed: Independent Flip,6425.4846,NA,50.16740000000000,48.96420000000001,0.28740000000000,42.26170000000000,42.6167,6375.5723,50.1997,49.9123,0.2874,43.4685,48.7055,45.3168,3.3887,1.0006,6375.5723,NA,NA,NA
Stalker2-Win64-Shipping.exe,13648,0x4E568280,DXGI,0,0,1,Hardware Composed: Independent Flip,6477.1120,NA,51.62740000000000,52.18410000000000,0.25980000000000,43.14580000000000,43.1734,6425.7720,51.5998,51.3400,0.2598,41.9743,52.5115,46.5674,5.9441,-1.9844,6425.7720,NA,NA,NA
Stalker2-Win64-Shipping.exe,13648,0x4E568280,DXGI,0,0,1,Hardware Composed: Independent Flip,6527.3282,NA,50.21620000000000,52.25850000000001,0.30320000000000,43.11380000000000,45.2157,6477.3718,50.2596,49.9564,0.3032,42.8860,50.1842,46.1511,4.0331,-0.6587,6477.3718,NA,NA,NA
Stalker2-Win64-Shipping.exe,13648,0x4E568280,DXGI,0,0,1,Hardware Composed: Independent Flip,6577.5659,NA,50.23770000000000,48.36630000000000,0.33110000000000,43.31680000000000,43.3443,6527.6314,50.2656,49.9345,0.3311,42.8106,50.4407,46.4585,3.9822,1.8933,6527.6314,NA,NA,NA
Stalker2-Win64-Shipping.exe,13648,0x4E568280,DXGI,0,0,1,Hardware Composed: Independent Flip,6627.7122,NA,50.14630000000000,50.08200000000000,0.28560000000000,43.09010000000000,43.2800,6577.8970,50.1008,49.8152,0.2856,42.9857,49.9196,46.2485,3.6711,0.1836,6577.8970,NA,NA,NA
Stalker2-Win64-Shipping.exe,13648,0x4E568280,DXGI,0,0,1,Hardware Composed: Independent Flip,6677.9562,NA,50.24400000000000,50.27070000000001,0.36090000000000,43.28890000000001,43.3067,6627.9978,50.3193,49.9584,0.3609,42.8045,50.4428,46.5364,3.9064,-0.1699,6627.9978,NA,NA,NA
Stalker2-Win64-Shipping.exe,13648,0x4E568280,DXGI,0,0,1,Hardware Composed: Independent Flip,6728.1252,NA,50.16900000000000,50.15060000000000,0.29790000000000,42.95520000000000,43.2883,6678.3171,50.1060,49.8081,0.2979,42.9280,49.8353,46.0602,3.7751,0.1687,6678.3171,NA,NA,NA
Stalker2-Win64-Shipping.exe,13648,0x4E568280,DXGI,0,0,1,Hardware Composed: Independent Flip,6777.5467,NA,49.42150000000000,49.50300000000000,0.28850000000000,43.35500000000000,43.3698,6728.4231,49.4121,49.1236,0.2885,42.6573,49.8213,46.5349,3.2864,0.6030,6728.4231,NA,NA,NA
Stalker2-Win64-Shipping.exe,13648,0x4E568280,DXGI,0,0,1,Hardware Composed: Independent Flip,6827.4043,NA,49.85760000000001,50.67920000000000,0.27590000000000,44.12840000000000,44.1914,6777.8352,49.8450,49.5691,0.2759,43.0665,50.6310,47.3268,3.3042,-1.2671,6777.8352,NA,NA,NA
Stalker2-Win64-Shipping.exe,13648,0x4E568280,DXGI,0,0,1,Hardware Composed: Independent Flip,6877.3765,NA,49.97220000000000,49.39690000000000,0.26670000000000,43.33380000000000,43.6161,6827.6802,49.9630,49.6963,0.2667,43.8525,49.1776,46.4018,2.7758,0.4481,6827.6802,NA,NA,NA
Stalker2-Win64-Shipping.exe,13648,0x4E568280,DXGI,0,0,1,Hardware Composed: Independent Flip,6927.1460,NA,49.76950000000000,49.52280000000000,0.27860000000000,43.35560000000000,43.3694,6877.6432,49.7814,49.5028,0.2786,43.0671,49.7913,46.5722,3.2191,0.4402,6877.6432,NA,NA,NA
Stalker2-Win64-Shipping.exe,13648,0x4E568280,DXGI,0,0,1,Hardware Composed: Independent Flip,6977.0924,NA,49.94640000000000,50.28110000000000,0.26180000000000,43.19770000000000,43.7041,6927.4246,49.9296,49.6678,0.2618,43.0770,49.7885,46.2972,3.4913,-0.4997,6927.4246,NA,NA,NA
Stalker2-Win64-Shipping.exe,13648,0x4E568280,DXGI,0,0,1,Hardware Composed: Independent Flip,7026.4758,NA,49.38340000000000,48.96740000000000,0.28720000000000,43.26030000000000,43.2881,6977.3542,49.4088,49.1216,0.2872,42.9359,49.4460,46.2963,3.1497,0.9622,6977.3542,NA,NA,NA
Stalker2-Win64-Shipping.exe,13648,0x4E568280,DXGI,0,0,1,Hardware Composed: Independent Flip,7077.6578,NA,51.18200000000000,51.14280000000000,0.22730000000000,43.22000000000000,43.2489,7026.7630,51.1221,50.8948,0.2273,42.9731,51.1417,46.6224,4.5193,-1.7340,7026.7630,NA,NA,NA
Stalker2-Win64-Shipping.exe,13648,0x4E568280,DXGI,0,0,1,Hardware Composed: Independent Flip,7128.4235,NA,50.76570000000000,51.54280000000000,0.25170000000000,43.16170000000000,44.0260,7077.8851,50.7901,50.5384,0.2517,42.9927,50.7074,46.3692,4.3382,-0.4207,7077.8851,NA,NA,NA
Stalker2-Win64-Shipping.exe,13648,0x4E568280,DXGI,0,0,1,Hardware Composed: Independent Flip,7178.5826,NA,50.15910000000000,49.20400000000000,0.26000000000000,43.05890000000000,43.0709,7128.6752,50.1674,49.9074,0.2600,42.9100,50.0563,46.2869,3.7694,1.5861,7128.6752,NA,NA,NA
Stalker2-Win64-Shipping.exe,13648,0x4E568280,DXGI,0,0,1,Hardware Composed: Independent Flip,7229.5398,NA,50.95720000000000,50.87060000000000,0.26220000000000,42.96780000000000,42.9843,7178.8426,50.9594,50.6972,0.2622,42.7989,50.8661,46.4280,4.4381,-0.7032,7178.8426,NA,NA,NA
Stalker2-Win64-Shipping.exe,13648,0x4E568280,DXGI,0,0,1,Hardware Composed: Independent Flip,7278.3999,NA,48.86010000000000,49.64570000000001,0.28650000000000,43.08920000000001,43.7699,7229.8020,48.8844,48.5979,0.2865,42.7056,48.9815,46.3360,2.6455,1.3137,7229.8020,NA,NA,NA
Stalker2-Win64-Shipping.exe,13648,0x4E568280,DXGI,0,0,1,Hardware Composed: Independent Flip,7328.4652,NA,50.06530000000000,49.34660000000000,0.26170000000000,43.01710000000000,43.0512,7278.6864,50.0405,49.7788,0.2617,42.8027,49.9932,46.3240,3.6692,-0.4622,7278.6864,NA,NA,NA
Stalker2-Win64-Shipping.exe,13648,0x4E568280,DXGI,0,0,1,Hardware Composed: Independent Flip,7379.2429,NA,50.77770000000000,51.13750000000000,0.26140000000000,42.69320000000000,43.4110,7328.7269,50.7774,50.5160,0.2614,42.7554,50.4538,45.9549,4.4989,-1.0970,7328.7269,NA,NA,NA
Stalker2-Win64-Shipping.exe,13648,0x4E568280,DXGI,0,0,1,Hardware Composed: Independent Flip,7427.8255,NA,48.58260000000000,49.03800000000000,0.25250000000000,43.85070000000000,43.8664,7379.5043,48.5737,48.3212,0.2525,42.4318,49.7401,46.9771,2.7630,1.7394,7379.5043,NA,NA,NA
Stalker2-Win64-Shipping.exe,13648,0x4E568280,DXGI,0,0,1,Hardware Composed: Independent Flip,7477.6757,NA,49.85020000000000,49.39950000000000,0.27710000000000,43.40160000000000,43.4157,7428.0780,49.8748,49.5977,0.2771,43.5982,49.4011,46.5613,2.8398,-0.8258,7428.0780,NA,NA,NA
Stalker2-Win64-Shipping.exe,13648,0x4E568280,DXGI,0,0,1,Hardware Composed: Independent Flip,7527.1538,NA,49.47810000000000,49.38870000000000,0.25440000000000,43.16980000000000,43.3263,7477.9528,49.4554,49.2010,0.2544,43.1245,49.2463,46.3634,2.8829,0.4861,7477.9528,NA,NA,NA
Stalker2-Win64-Shipping.exe,13648,0x4E568280,DXGI,0,0,1,Hardware Composed: Independent Flip,7577.4962,NA,50.34240000000000,50.49730000000000,0.27470000000000,43.46100000000001,43.4812,7527.4082,50.3627,50.0880,0.2747,42.9154,50.6336,46.5977,4.0359,-1.0419,7527.4082,NA,NA,NA
Stalker2-Win64-Shipping.exe,13648,0x4E568280,DXGI,0,0,1,Hardware Composed: Independent Flip,7627.5214,NA,50.02520000000001,50.30950000000000,0.25860000000000,42.99410000000000,43.7655,7577.7709,50.0091,49.7505,0.2586,43.1863,49.5583,46.2453,3.3130,0.0532,7577.7709,NA,NA,NA
Stalker2-Win64-Shipping.exe,13648,0x4E568280,DXGI,0,0,1,Hardware Composed: Independent Flip,7677.6346,NA,50.11320000000000,49.70340000000000,0.27900000000000,43.33970000000000,43.3557,7627.7800,50.1336,49.8546,0.2790,42.7355,50.4588,46.6998,3.7590,0.3057,7627.7800,NA,NA,NA
Stalker2-Win64-Shipping.exe,13648,0x4E568280,DXGI,0,0,1,Hardware Composed: Independent Flip,7728.5416,NA,50.90700000000000,50.80870000000000,0.27070000000000,42.77320000000000,43.2574,7677.9136,50.8987,50.6280,0.2707,43.0607,50.3405,46.0884,4.2521,-0.6751,7677.9136,NA,NA,NA
Stalker2-Win64-Shipping.exe,13648,0x4E568280,DXGI,0,0,1,Hardware Composed: Independent Flip,7778.1750,NA,49.63340000000000,49.93400000000000,0.24760000000000,43.53740000000001,43.5580,7728.8123,49.6103,49.3627,0.2476,42.5025,50.3976,46.6574,3.7402,0.9647,7728.8123,NA,NA,NA
Stalker2-Win64-Shipping.exe,13648,0x4E568280,DXGI,0,0,1,Hardware Composed: Independent Flip,7828.1694,NA,49.99440000000001,49.42400000000000,0.24500000000000,42.97250000000000,42.9876,7778.4226,49.9918,49.7468,0.2450,43.2898,49.4295,46.3232,3.1063,0.1863,7778.4226,NA,NA,NA
Stalker2-Win64-Shipping.exe,13648,0x4E568280,DXGI,0,0,1,Hardware Composed: Independent Flip,7878.8535,NA,50.68410000000000,50.30190000000000,0.28070000000000,42.57700000000001,42.6054,7828.4144,50.7198,50.4391,0.2807,42.7275,50.2886,45.8971,4.3915,-0.3101,7828.4144,NA,NA,NA
Stalker2-Win64-Shipping.exe,13648,0x4E568280,DXGI,0,0,1,Hardware Composed: Independent Flip,7928.7548,NA,49.90130000000000,50.63250000000000,0.25990000000000,42.84020000000000,43.3366,7879.1342,49.8805,49.6206,0.2599,42.2963,50.1645,46.0859,4.0786,0.0873,7879.1342,NA,NA,NA
Stalker2-Win64-Shipping.exe,13648,0x4E568280,DXGI,0,0,1,Hardware Composed: Independent Flip,7978.9884,NA,50.23360000000000,50.12550000000000,0.35690000000000,43.21510000000000,43.2285,7929.0147,50.3306,49.9737,0.3569,42.5803,50.6085,46.7331,3.8754,-0.2450,7929.0147,NA,NA,NA
Stalker2-Win64-Shipping.exe,13648,0x4E568280,DXGI,0,0,1,Hardware Composed: Independent Flip,8028.2352,NA,49.24680000000000,50.24910000000001,0.26640000000000,44.01660000000000,44.2308,7979.3453,49.1563,48.8899,0.2664,42.8582,50.0483,47.1401,2.9082,0.0815,7979.3453,NA,NA,NA
Stalker2-Win64-Shipping.exe,13648,0x4E568280,DXGI,0,0,1,Hardware Composed: Independent Flip,8078.0023,NA,49.76710000000000,48.83390000000000,0.27600000000000,43.27950000000000,43.2976,8028.5016,49.7767,49.5007,0.2760,43.7502,49.0300,46.5670,2.4630,0.3224,8028.5016,NA,NA,NA
Stalker2-Win64-Shipping.exe,13648,0x4E568280,DXGI,0,0,1,Hardware Composed: Independent Flip,8131.2033,NA,53.20100000000000,52.75390000000000,0.27370000000000,42.83520000000000,42.8505,8078.2783,53.1987,52.9250,0.2737,43.0035,52.7567,46.0743,6.6824,-2.9772,8078.2783,NA,NA,NA
Stalker2-Win64-Shipping.exe,13648,0x4E568280,DXGI,0,0,1,Hardware Composed: Independent Flip,8176.9131,NA,45.70980000000000,47.86800000000000,0.27230000000000,43.14870000000001,45.0087,8131.4770,45.7084,45.4361,0.2723,42.5615,46.0233,46.0073,0.0160,5.3307,8131.4770,NA,NA,NA
Stalker2-Win64-Shipping.exe,13648,0x4E568280,DXGI,0,0,1,Hardware Composed: Independent Flip,8232.1468,NA,55.23370000000001,53.48240000000001,0.27330000000000,43.21900000000000,43.2574,8177.1854,55.2347,54.9614,0.2733,42.8764,55.3040,46.7383,8.5657,-7.7740,8177.1854,NA,NA,NA
Stalker2-Win64-Shipping.exe,13648,0x4E568280,DXGI,0,0,1,Hardware Composed: Independent Flip,8277.0617,NA,44.91490000000000,49.44200000000000,0.24830000000000,44.77280000000000,47.7845,8232.4201,44.8899,44.6416,0.2483,42.9457,46.4687,46.4568,0.0119,5.7927,8232.4201,NA,NA,NA
Stalker2-Win64-Shipping.exe,13648,0x4E568280,DXGI,0,0,1,Hardware Composed: Independent Flip,8327.1820,NA,50.12030000000000,45.25860000000000,0.26790000000000,42.90590000000000,42.9228,8277.3100,50.1399,49.8720,0.2679,44.5245,48.2534,46.1707,2.0827,-0.3687,8277.3100,NA,NA,NA
Stalker2-Win64-Shipping.exe,13648,0x4E568280,DXGI,0,0,1,Hardware Composed: Independent Flip,8376.9549,NA,49.77290000000000,52.94530000000000,0.25350000000000,43.08210000000000,46.0952,8327.4499,49.7585,49.5050,0.2535,42.6380,49.9491,46.5359,3.4132,-2.8054,8327.4499,NA,NA,NA
Stalker2-Win64-Shipping.exe,13648,0x4E568280,DXGI,0,0,1,Hardware Composed: Independent Flip,8427.1054,NA,50.15050000000000,46.79580000000000,0.27330000000000,42.72550000000000,42.7405,8377.2084,50.1703,49.8970,0.2733,42.8286,49.7939,46.0156,3.7783,2.9627,8377.2084,NA,NA,NA
Stalker2-Win64-Shipping.exe,13648,0x4E568280,DXGI,0,0,1,Hardware Composed: Independent Flip,8477.5723,NA,50.46690000000000,51.22570000000000,0.29350000000000,43.04610000000000,43.4993,8427.3787,50.4871,50.1936,0.2935,42.4522,50.7875,46.7172,4.0703,-1.0554,8427.3787,NA,NA,NA
Stalker2-Win64-Shipping.exe,13648,0x4E568280,DXGI,0,0,1,Hardware Composed: Independent Flip,8527.6820,NA,50.10970000000000,49.27480000000000,0.24080000000000,42.23120000000000,42.6644,8477.8658,50.0570,49.8162,0.2408,42.7526,49.2948,45.5063,3.7885,1.2123,8477.8658,NA,NA,NA
Stalker2-Win64-Shipping.exe,13648,0x4E568280,DXGI,0,0,1,Hardware Composed: Independent Flip,8577.9484,NA,50.26640000000000,50.87240000000000,0.25110000000000,43.25500000000000,43.2704,8527.9228,50.2767,50.0256,0.2511,41.9904,51.2902,47.2658,4.0244,-0.8154,8527.9228,NA,NA,NA
Stalker2-Win64-Shipping.exe,13648,0x4E568280,DXGI,0,0,1,Hardware Composed: Independent Flip,8628.4913,NA,50.54290000000000,52.70730000000000,0.27900000000000,44.13820000000000,45.4348,8578.1995,50.5708,50.2918,0.2790,43.0039,51.4261,47.3583,4.0678,-2.4306,8578.1995,NA,NA,NA
Stalker2-Win64-Shipping.exe,13648,0x4E568280,DXGI,0,0,1,Hardware Composed: Independent Flip,8678.1133,NA,49.62200000000000,47.23640000000000,0.27300000000000,43.01720000000000,43.0492,8628.7703,49.6160,49.3430,0.2730,43.8592,48.5010,46.2444,2.2566,3.3344,8628.7703,NA,NA,NA
Stalker2-Win64-Shipping.exe,13648,0x4E568280,DXGI,0,0,1,Hardware Composed: Independent Flip,8728.5943,NA,50.48100000000000,50.36570000000000,0.27500000000000,42.90610000000000,42.9339,8678.3863,50.4830,50.2080,0.2750,42.7442,50.3699,46.1588,4.2111,-0.7497,8678.3863,NA,NA,NA
Stalker2-Win64-Shipping.exe,13648,0x4E568280,DXGI,0,0,1,Hardware Composed: Independent Flip,8778.7878,NA,50.19350000000000,52.10640000000000,0.26810000000000,43.01810000000000,44.8468,8728.8693,50.1866,49.9185,0.2681,42.6311,50.3055,46.1155,4.1900,-1.6234,8728.8693,NA,NA,NA
Stalker2-Win64-Shipping.exe,13648,0x4E568280,DXGI,0,0,1,Hardware Composed: Independent Flip,8828.9170,NA,50.12920000000000,48.57960000000000,0.25090000000000,43.26730000000000,43.2972,8779.0559,50.1120,49.8611,0.2509,42.7500,50.3784,46.3687,4.0097,1.6070,8779.0559,NA,NA,NA
Stalker2-Win64-Shipping.exe,13648,0x4E568280,DXGI,0,0,1,Hardware Composed: Independent Flip,8879.4426,NA,50.52560000000000,50.89130000000000,0.28760000000000,43.64730000000000,43.6629,8829.1679,50.5623,50.2747,0.2876,43.0164,50.9056,46.9611,3.9445,-0.7793,8829.1679,NA,NA,NA
Stalker2-Win64-Shipping.exe,13648,0x4E568280,DXGI,0,0,1,Hardware Composed: Independent Flip,8929.0753,NA,49.63270000000000,49.28870000000001,0.29520000000000,42.94070000000000,43.3189,8879.7302,49.6403,49.3451,0.2952,43.3597,48.9261,45.9498,2.9763,1.2736,8879.7302,NA,NA,NA
Stalker2-Win64-Shipping.exe,13648,0x4E568280,DXGI,0,0,1,Hardware Composed: Independent Flip,8978.8642,NA,49.78890000000001,50.08450000000001,0.26770000000000,43.59920000000000,43.6145,8929.3705,49.7614,49.4937,0.2677,42.6455,50.4474,46.6621,3.7853,-0.4442,8929.3705,NA,NA,NA
Stalker2-Win64-Shipping.exe,13648,0x4E568280,DXGI,0,0,1,Hardware Composed: Independent Flip,9029.1366,NA,50.27240000000000,50.69400000000000,0.25680000000000,43.14220000000000,44.0361,8979.1319,50.2615,50.0047,0.2568,43.3315,49.8154,46.1138,3.7016,-0.9326,8979.1319,NA,NA,NA
Stalker2-Win64-Shipping.exe,13648,0x4E568280,DXGI,0,0,1,Hardware Composed: Independent Flip,9079.2955,NA,50.15890000000000,49.55210000000000,0.31450000000000,43.41450000000000,43.4293,9029.3934,50.2166,49.9021,0.3145,42.8854,50.4312,46.4882,3.9430,0.7094,9029.3934,NA,NA,NA
Stalker2-Win64-Shipping.exe,13648,0x4E568280,DXGI,0,0,1,Hardware Composed: Independent Flip,9128.8942,NA,49.59870000000000,49.48120000000000,0.27060000000000,42.97180000000000,43.3118,9079.6100,49.5548,49.2842,0.2706,43.1000,49.1560,45.9980,3.1580,0.7354,9079.6100,NA,NA,NA
Stalker2-Win64-Shipping.exe,13648,0x4E568280,DXGI,0,0,1,Hardware Composed: Independent Flip,9178.9259,NA,50.03170000000000,50.36970000000000,0.25930000000000,43.63610000000000,43.6498,9129.1648,50.0204,49.7611,0.2593,42.7012,50.6960,46.7859,3.9101,-0.8149,9129.1648,NA,NA,NA
Stalker2-Win64-Shipping.exe,13648,0x4E568280,DXGI,0,0,1,Hardware Composed: Independent Flip,9228.7767,NA,49.85080000000000,51.05480000000000,0.24370000000000,43.98250000000000,44.8538,9179.1852,49.8352,49.5915,0.2437,43.3768,50.1972,47.0945,3.1027,-1.0344,9179.1852,NA,NA,NA
Stalker2-Win64-Shipping.exe,13648,0x4E568280,DXGI,0,0,1,Hardware Composed: Independent Flip,9278.9327,NA,50.15600000000001,48.13020000000000,0.25250000000000,42.79690000000000,42.8280,9229.0204,50.1648,49.9123,0.2525,43.7388,48.9704,45.8420,3.1284,1.7050,9229.0204,NA,NA,NA
Stalker2-Win64-Shipping.exe,13648,0x4E568280,DXGI,0,0,1,Hardware Composed: Independent Flip,9329.7770,NA,50.84430000000000,50.72210000000000,0.26900000000000,42.69250000000000,42.7058,9279.1852,50.8608,50.5918,0.2690,42.5444,50.7399,46.0232,4.7167,-0.5573,9279.1852,NA,NA,NA
Stalker2-Win64-Shipping.exe,13648,0x4E568280,DXGI,0,0,1,Hardware Composed: Independent Flip,9378.5283,NA,48.75130000000000,49.96470000000000,0.31550000000000,42.83980000000000,43.9192,9330.0460,48.7978,48.4823,0.3155,42.4235,48.8986,46.1109,2.7877,0.8961,9330.0460,NA,NA,NA
Stalker2-Win64-Shipping.exe,13648,0x4E568280,DXGI,0,0,1,Hardware Composed: Independent Flip,9430.0615,NA,51.53320000000000,50.84260000000000,0.25330000000000,43.21450000000000,43.2286,9378.8438,51.4710,51.2177,0.2533,42.5243,51.9079,46.5511,5.3568,-2.0448,9378.8438,NA,NA,NA
Stalker2-Win64-Shipping.exe,13648,0x4E568280,DXGI,0,0,1,Hardware Composed: Independent Flip,9479.6259,NA,49.56440000000000,51.40890000000000,0.31180000000000,43.52440000000000,45.0731,9430.3148,49.6229,49.3111,0.3118,42.9612,49.8743,46.7336,3.1407,0.0621,9430.3148,NA,NA,NA
Stalker2-Win64-Shipping.exe,13648,0x4E568280,DXGI,0,0,1,Hardware Composed: Independent Flip,9529.7796,NA,50.15370000000000,48.04740000000000,0.28070000000000,42.95180000000000,42.9668,9479.9377,50.1226,49.8419,0.2807,43.2126,49.5811,46.2716,3.3095,1.5755,9479.9377,NA,NA,NA
Stalker2-Win64-Shipping.exe,13648,0x4E568280,DXGI,0,0,1,Hardware Composed: Independent Flip,9578.9937,NA,49.21410000000000,49.20270000000000,0.27160000000000,42.94100000000000,42.9554,9530.0603,49.2050,48.9334,0.2716,42.6711,49.2033,46.0267,3.1766,0.9199,9530.0603,NA,NA,NA
Stalker2-Win64-Shipping.exe,13648,0x4E568280,DXGI,0,0,1,Hardware Composed: Independent Flip,9628.8148,NA,49.82110000000000,50.44410000000001,0.30550000000000,43.56430000000000,43.5784,9579.2653,49.8550,49.5495,0.3055,42.6694,50.4444,46.6740,3.7704,-1.2391,9579.2653,NA,NA,NA
Stalker2-Win64-Shipping.exe,13648,0x4E568280,DXGI,0,0,1,Hardware Composed: Independent Flip,9678.4952,NA,49.68040000000001,50.07770000000000,0.27010000000000,43.28180000000000,43.9757,9629.1203,49.6450,49.3749,0.2701,43.2588,49.3979,46.4081,2.9898,-0.2227,9629.1203,NA,NA,NA
Stalker2-Win64-Shipping.exe,13648,0x4E568280,DXGI,0,0,1,Hardware Composed: Independent Flip,9728.5562,NA,50.06100000000000,49.14710000000000,0.27030000000000,43.03540000000000,43.0618,9678.7653,50.0612,49.7909,0.2703,43.0117,49.8146,46.3901,3.4245,0.4979,9678.7653,NA,NA,NA
Stalker2-Win64-Shipping.exe,13648,0x4E568280,DXGI,0,0,1,Hardware Composed: Independent Flip,9778.5331,NA,49.97690000000000,50.27010000000000,0.26440000000000,43.06140000000000,43.3550,9728.8265,49.9710,49.7066,0.2644,42.7651,50.0029,46.3374,3.6655,-0.2089,9728.8265,NA,NA,NA
Stalker2-Win64-Shipping.exe,13648,0x4E568280,DXGI,0,0,1,Hardware Composed: Independent Flip,9828.2682,NA,49.73510000000000,50.25770000000000,0.27800000000000,43.86040000000001,43.8776,9778.7975,49.7487,49.4707,0.2780,42.7970,50.5341,47.0052,3.5289,-0.2867,9778.7975,NA,NA,NA
Stalker2-Win64-Shipping.exe,13648,0x4E568280,DXGI,0,0,1,Hardware Composed: Independent Flip,9878.3283,NA,50.06010000000001,49.63470000000000,0.24190000000000,43.24480000000001,43.4522,9828.5462,50.0240,49.7821,0.2419,43.5824,49.4445,46.3548,3.0897,0.1140,9828.5462,NA,NA,NA
Stalker2-Win64-Shipping.exe,13648,0x4E568280,DXGI,0,0,1,Hardware Composed: Independent Flip,9928.7159,NA,50.38760000000000,49.84730000000000,0.27250000000000,42.89190000000000,42.9119,9878.5702,50.4182,50.1457,0.2725,43.0029,50.0347,46.1085,3.9262,0.1767,9878.5702,NA,NA,NA
Stalker2-Win64-Shipping.exe,13648,0x4E568280,DXGI,0,0,1,Hardware Composed: Independent Flip,9978.5319,NA,49.81600000000000,50.55380000000000,0.25500000000000,43.28560000000000,43.6497,9928.9884,49.7985,49.5435,0.2550,42.6194,50.2097,46.8923,3.3174,-0.1356,9928.9884,NA,NA,NA
Stalker2-Win64-Shipping.exe,13648,0x4E568280,DXGI,0,0,1,Hardware Composed: Independent Flip,10028.3818,NA,49.84990000000001,48.88940000000000,0.26560000000000,42.67550000000000,42.6892,9978.7869,49.8605,49.5949,0.2656,43.0306,49.2398,45.9214,3.3184,0.9091,9978.7869,NA,NA,NA
Stalker2-Win64-Shipping.exe,13648,0x4E568280,DXGI,0,0,1,Hardware Composed: Independent Flip,10079.0659,NA,50.68410000000000,50.98050000000000,0.30910000000000,42.95860000000000,42.9856,10028.6474,50.7276,50.4185,0.3091,42.4099,50.9672,46.2474,4.7198,-1.1200,10028.6474,NA,NA,NA
Stalker2-Win64-Shipping.exe,13648,0x4E568280,DXGI,0,0,1,Hardware Composed: Independent Flip,10130.2285,NA,51.16260000000000,52.27840000000000,0.28010000000000,42.98190000000000,44.1014,10079.3750,51.1336,50.8535,0.2801,42.6495,51.1859,46.2918,4.8941,-1.5508,10079.3750,NA,NA,NA
Stalker2-Win64-Shipping.exe,13648,0x4E568280,DXGI,0,0,1,Hardware Composed: Independent Flip,10179.9073,NA,49.67880000000000,48.73480000000000,0.24210000000000,43.11740000000000,43.1574,10130.5086,49.6408,49.3987,0.2421,42.7018,49.8143,46.5765,3.2378,2.3988,10130.5086,NA,NA,NA
Stalker2-Win64-Shipping.exe,13648,0x4E568280,DXGI,0,0,1,Hardware Composed: Independent Flip,10229.8051,NA,49.89780000000000,49.56580000000000,0.26910000000000,42.79810000000001,42.8254,10180.1494,49.9248,49.6557,0.2691,42.8753,49.5785,45.9205,3.6580,0.0750,10180.1494,NA,NA,NA
Stalker2-Win64-Shipping.exe,13648,0x4E568280,DXGI,0,0,1,Hardware Composed: Independent Flip,10281.0500,NA,51.24490000000000,52.42540000000000,0.26470000000000,43.48370000000000,44.0059,10230.0742,51.2405,50.9758,0.2647,42.5290,51.9305,46.8113,5.1192,-2.5006,10230.0742,NA,NA,NA
Stalker2-Win64-Shipping.exe,13648,0x4E568280,DXGI,0,0,1,Hardware Composed: Independent Flip,10331.1163,NA,50.06630000000001,49.69850000000000,0.29490000000000,42.93810000000000,43.6381,10281.3147,50.0965,49.8016,0.2949,43.2190,49.5207,46.3394,3.1813,1.5420,10281.3147,NA,NA,NA
Stalker2-Win64-Shipping.exe,13648,0x4E568280,DXGI,0,0,1,Hardware Composed: Independent Flip,10379.1067,NA,47.99040000000000,48.25270000000000,0.26930000000000,43.88780000000000,43.9004,10331.4112,47.9648,47.6955,0.2693,42.6432,48.9401,46.9390,2.0011,1.8438,10331.4112,NA,NA,NA
Stalker2-Win64-Shipping.exe,13648,0x4E568280,DXGI,0,0,1,Hardware Composed: Independent Flip,10428.6208,NA,49.51410000000000,49.96690000000000,0.26530000000000,44.25070000000000,44.3532,10379.3760,49.5101,49.2448,0.2653,43.6185,49.8770,47.3260,2.5510,-2.0021,10379.3760,NA,NA,NA
Stalker2-Win64-Shipping.exe,13648,0x4E568280,DXGI,0,0,1,Hardware Composed: Independent Flip,10478.7229,NA,50.10210000000000,49.44050000000000,0.26750000000000,43.67040000000000,43.6916,10428.8861,50.1043,49.8368,0.2675,43.9854,49.5218,46.9485,2.5733,0.0696,10428.8861,NA,NA,NA
Stalker2-Win64-Shipping.exe,13648,0x4E568280,DXGI,0,0,1,Hardware Composed: Independent Flip,10528.7201,NA,49.99720000000000,49.57790000000000,0.26120000000000,43.24200000000000,43.2723,10478.9904,49.9909,49.7297,0.2612,43.4029,49.5688,46.4006,3.1682,0.5264,10478.9904,NA,NA,NA
Stalker2-Win64-Shipping.exe,13648,0x4E568280,DXGI,0,0,1,Hardware Composed: Independent Flip,10578.9203,NA,50.20020000000000,50.94870000000000,0.23820000000000,43.88940000000000,44.0208,10528.9813,50.1772,49.9390,0.2382,42.9808,50.8476,47.0580,3.7896,-0.9578,10528.9813,NA,NA,NA
Stalker2-Win64-Shipping.exe,13648,0x4E568280,DXGI,0,0,1,Hardware Composed: Independent Flip,10629.4015,NA,50.48120000000000,49.93900000000000,0.25480000000000,42.92410000000000,43.4786,10579.1585,50.4978,50.2430,0.2548,43.6512,49.5159,46.7396,2.7763,0.2382,10579.1585,NA,NA,NA
Stalker2-Win64-Shipping.exe,13648,0x4E568280,DXGI,0,0,1,Hardware Composed: Independent Flip,10680.0960,NA,50.69450000000001,50.21100000000001,0.25200000000000,42.98090000000001,42.9951,10629.6563,50.6917,50.4397,0.2520,42.6693,50.7513,46.3582,4.3931,0.2868,10629.6563,NA,NA,NA
Stalker2-Win64-Shipping.exe,13648,0x4E568280,DXGI,0,0,1,Hardware Composed: Independent Flip,10730.7747,NA,50.67870000000000,51.38390000000000,0.27110000000000,42.95240000000000,43.7003,10680.3480,50.6978,50.4267,0.2711,42.7289,50.6502,46.2282,4.4220,-0.6922,10680.3480,NA,NA,NA
Stalker2-Win64-Shipping.exe,13648,0x4E568280,DXGI,0,0,1,Hardware Composed: Independent Flip,10782.0787,NA,51.30400000000000,51.01920000000000,0.23970000000000,43.40130000000000,43.4155,10731.0458,51.2726,51.0329,0.2397,42.6813,51.7529,46.7538,4.9991,-0.3214,10731.0458,NA,NA,NA
Stalker2-Win64-Shipping.exe,13648,0x4E568280,DXGI,0,0,1,Hardware Composed: Independent Flip,10832.3250,NA,50.24630000000001,50.61590000000000,0.31600000000000,43.29020000000000,43.7851,10782.3184,50.3226,50.0066,0.3160,43.1616,50.1352,46.4288,3.7064,0.6567,10782.3184,NA,NA,NA
Stalker2-Win64-Shipping.exe,13648,0x4E568280,DXGI,0,0,1,Hardware Composed: Independent Flip,10882.8686,NA,50.54360000000000,50.41380000000000,0.25220000000000,43.64060000000000,43.6553,10832.6410,50.4798,50.2276,0.2522,42.9742,50.8940,46.9088,3.9852,-0.0912,10832.6410,NA,NA,NA
Stalker2-Win64-Shipping.exe,13648,0x4E568280,DXGI,0,0,1,Hardware Composed: Independent Flip,10933.1089,NA,50.24030000000000,50.43610000000000,0.28120000000000,43.41480000000000,43.8511,10883.1208,50.2693,49.9881,0.2812,43.3884,50.0145,46.7608,3.2537,0.0437,10883.1208,NA,NA,NA
Stalker2-Win64-Shipping.exe,13648,0x4E568280,DXGI,0,0,1,Hardware Composed: Independent Flip,10982.9906,NA,49.88170000000000,49.49530000000000,0.25080000000000,43.44980000000000,43.4647,10933.3901,49.8513,49.6005,0.2508,43.1336,49.9167,46.6883,3.2284,0.7740,10933.3901,NA,NA,NA
Stalker2-Win64-Shipping.exe,13648,0x4E568280,DXGI,0,0,1,Hardware Composed: Independent Flip,11033.2075,NA,50.21690000000000,50.79820000000000,0.26530000000000,43.98160000000000,44.0460,10983.2414,50.2314,49.9661,0.2653,43.1990,50.7487,47.1336,3.6151,-0.9469,10983.2414,NA,NA,NA
Stalker2-Win64-Shipping.exe,13648,0x4E568280,DXGI,0,0,1,Hardware Composed: Independent Flip,11082.6465,NA,49.43900000000000,48.57130000000000,0.27500000000000,42.97970000000000,43.1783,11033.4728,49.4487,49.1737,0.2750,43.7163,48.4371,46.2247,2.2124,1.6601,11033.4728,NA,NA,NA
Stalker2-Win64-Shipping.exe,13648,0x4E568280,DXGI,0,0,1,Hardware Composed: Independent Flip,11133.2124,NA,50.56590000000000,50.41880000000000,0.25560000000000,43.01670000000000,43.0312,11082.9215,50.5465,50.2909,0.2556,42.7047,50.6029,46.3672,4.2357,-0.9701,11082.9215,NA,NA,NA
Stalker2-Win64-Shipping.exe,13648,0x4E568280,DXGI,0,0,1,Hardware Composed: Independent Flip,11182.7455,NA,49.53310000000000,50.71180000000000,0.27720000000000,42.77820000000001,44.2099,11133.4680,49.5547,49.2775,0.2772,42.7611,49.2946,46.2041,3.0905,-0.1653,11133.4680,NA,NA,NA
Stalker2-Win64-Shipping.exe,13648,0x4E568280,DXGI,0,0,1,Hardware Composed: Independent Flip,11233.7459,NA,51.00040000000000,49.34420000000000,0.24320000000000,42.52500000000000,42.5537,11183.0227,50.9664,50.7232,0.2432,42.5010,50.7472,45.9068,4.8404,0.2105,11183.0227,NA,NA,NA
Stalker2-Win64-Shipping.exe,13648,0x4E568280,DXGI,0,0,1,Hardware Composed: Independent Flip,11284.3286,NA,50.58270000000000,51.98410000000001,0.25090000000000,43.14480000000000,43.9551,11233.9891,50.5904,50.3395,0.2509,42.2818,51.2025,46.9956,4.2069,-1.0177,11233.9891,NA,NA,NA
Stalker2-Win64-Shipping.exe,13648,0x4E568280,DXGI,0,0,1,Hardware Composed: Independent Flip,11335.7672,NA,51.43860000000000,50.90020000000001,0.28060000000000,43.21760000000000,43.4167,11284.5795,51.4683,51.1877,0.2806,42.8939,51.5114,46.4347,5.0767,-0.3098,11284.5795,NA,NA,NA
Stalker2-Win64-Shipping.exe,13648,0x4E568280,DXGI,0,0,1,Hardware Composed: Independent Flip,11385.5888,NA,49.82160000000000,49.48850000000000,0.26510000000000,43.06830000000000,43.0836,11336.0478,49.8061,49.5410,0.2651,42.9370,49.6723,46.3394,3.3329,1.9798,11336.0478,NA,NA,NA
Stalker2-Win64-Shipping.exe,13648,0x4E568280,DXGI,0,0,1,Hardware Composed: Independent Flip,11435.2462,NA,49.65740000000000,49.54860000000000,0.27250000000000,42.94650000000000,42.9748,11385.8539,49.6648,49.3923,0.2725,42.8032,49.5356,46.2186,3.3170,0.2575,11385.8539,NA,NA,NA
Stalker2-Win64-Shipping.exe,13648,0x4E568280,DXGI,0,0,1,Hardware Composed: Independent Flip,11485.7293,NA,50.48310000000000,50.91340000000000,0.26300000000000,43.13940000000000,43.4051,11435.5187,50.4736,50.2106,0.2630,42.6740,50.6760,46.3243,4.3517,-1.2486,11435.5187,NA,NA,NA
Stalker2-Win64-Shipping.exe,13648,0x4E568280,DXGI,0,0,1,Hardware Composed: Independent Flip,11535.2408,NA,49.51150000000001,49.60880000000000,0.26350000000000,43.32550000000001,43.5024,11485.9923,49.5120,49.2485,0.2635,42.8764,49.6976,46.5700,3.1276,0.8648,11485.9923,NA,NA,NA
Stalker2-Win64-Shipping.exe,13648,0x4E568280,DXGI,0,0,1,Hardware Composed: Independent Flip,11585.4817,NA,50.24090000000000,49.81130000000000,0.28340000000000,43.05800000000000,43.0728,11535.5043,50.2608,49.9774,0.2834,43.0620,49.9734,46.2686,3.7048,-0.2993,11535.5043,NA,NA,NA
Stalker2-Win64-Shipping.exe,13648,0x4E568280,DXGI,0,0,1,Hardware Composed: Independent Flip,11634.9052,NA,49.42350000000000,50.72600000000000,0.24780000000000,44.04430000000000,44.3753,11585.7651,49.3879,49.1401,0.2478,42.7746,50.4098,47.2568,3.1530,-0.4652,11585.7651,NA,NA,NA
Stalker2-Win64-Shipping.exe,13648,0x4E568280,DXGI,0,0,1,Hardware Composed: Independent Flip,11685.0985,NA,50.19330000000000,49.26180000000000,0.26210000000000,43.42900000000000,43.4438,11635.1530,50.2076,49.9455,0.2621,43.7965,49.5780,46.7053,2.8727,0.1261,11635.1530,NA,NA,NA
Stalker2-Win64-Shipping.exe,13648,0x4E568280,DXGI,0,0,1,Hardware Composed: Independent Flip,11734.4540,NA,49.35550000000000,48.94170000000000,0.27050000000000,43.00880000000000,43.0300,11685.3606,49.3639,49.0934,0.2705,43.1669,48.9353,46.1211,2.8142,1.2659,11685.3606,NA,NA,NA
Stalker2-Win64-Shipping.exe,13648,0x4E568280,DXGI,0,0,1,Hardware Composed: Independent Flip,11785.6994,NA,51.24540000000000,51.63370000000000,0.29890000000000,43.40370000000000,43.4183,11734.7245,51.2738,50.9749,0.2989,42.7383,51.6403,46.7020,4.9383,-2.2698,11734.7245,NA,NA,NA
Stalker2-Win64-Shipping.exe,13648,0x4E568280,DXGI,0,0,1,Hardware Composed: Independent Flip,11834.2710,NA,48.57160000000000,49.28890000000001,0.25000000000000,43.10820000000000,44.1356,11785.9983,48.5227,48.2727,0.2500,43.1048,48.2761,46.1432,2.1329,1.9849,11785.9983,NA,NA,NA
Stalker2-Win64-Shipping.exe,13648,0x4E568280,DXGI,0,0,1,Hardware Composed: Independent Flip,11885.2077,NA,50.93670000000000,49.87060000000000,0.25380000000000,43.04170000000000,43.0695,11834.5210,50.9405,50.6867,0.2538,42.8582,50.8702,46.4121,4.4581,-1.3479,11834.5210,NA,NA,NA
Stalker2-Win64-Shipping.exe,13648,0x4E568280,DXGI,0,0,1,Hardware Composed: Independent Flip,11937.0370,NA,51.82930000000000,53.22400000000000,0.23810000000000,42.96920000000000,44.4642,11885.4615,51.8136,51.5755,0.2381,42.7879,51.7568,46.2278,5.5290,-2.2835,11885.4615,NA,NA,NA
Stalker2-Win64-Shipping.exe,13648,0x4E568280,DXGI,0,0,1,Hardware Composed: Independent Flip,11987.0721,NA,50.03510000000000,48.85770000000000,0.27460000000000,43.27450000000000,43.2868,11937.2751,50.0716,49.7970,0.2746,42.7311,50.3404,46.4873,3.8531,2.9559,11937.2751,NA,NA,NA
Stalker2-Win64-Shipping.exe,13648,0x4E568280,DXGI,0,0,1,Hardware Composed: Independent Flip,12036.5483,NA,49.47620000000001,49.17250000000000,0.27380000000000,42.96080000000000,42.9831,11987.3467,49.4754,49.2016,0.2738,42.9999,49.1625,46.1263,3.0362,0.8991,11987.3467,NA,NA,NA
Stalker2-Win64-Shipping.exe,13648,0x4E568280,DXGI,0,0,1,Hardware Composed: Independent Flip,12086.6326,NA,50.08430000000000,50.51540000000000,0.36750000000000,43.09760000000000,43.4142,12036.8221,50.1780,49.8105,0.3675,42.6870,50.2211,46.0965,4.1246,-1.0400,12036.8221,NA,NA,NA
Stalker2-Win64-Shipping.exe,13648,0x4E568280,DXGI,0,0,1,Hardware Composed: Independent Flip,12137.3828,NA,50.75020000000000,50.34540000000001,0.27520000000000,42.98760000000000,43.0094,12087.0001,50.6579,50.3827,0.2752,42.7301,50.6402,46.4073,4.2329,-0.1674,12087.0001,NA,NA,NA
Stalker2-Win64-Shipping.exe,13648,0x4E568280,DXGI,0,0,1,Hardware Composed: Independent Flip,12186.8694,NA,49.48660000000000,49.53780000000000,0.24670000000000,42.87680000000000,43.0606,12137.6580,49.4581,49.2114,0.2467,42.7124,49.3758,46.3307,3.0451,1.1201,12137.6580,NA,NA,NA
Stalker2-Win64-Shipping.exe,13648,0x4E568280,DXGI,0,0,1,Hardware Composed: Independent Flip,12237.8185,NA,50.94910000000000,52.24270000000000,0.30470000000000,44.32530000000000,44.3542,12187.1161,51.0071,50.7024,0.3047,42.6301,52.3976,47.5785,4.8191,-2.7846,12187.1161,NA,NA,NA
Stalker2-Win64-Shipping.exe,13648,0x4E568280,DXGI,0,0,1,Hardware Composed: Independent Flip,12286.0004,NA,48.18190000000000,48.69270000000000,0.25630000000000,43.35460000000000,44.8650,12238.1232,48.1335,47.8772,0.2563,44.0206,47.2112,46.4305,0.7807,2.3144,12238.1232,NA,NA,NA
Stalker2-Win64-Shipping.exe,13648,0x4E568280,DXGI,0,0,1,Hardware Composed: Independent Flip,12335.7223,NA,49.72190000000001,48.02460000000000,0.27550000000000,43.14590000000000,43.1677,12286.2567,49.7411,49.4656,0.2755,43.0983,49.5132,46.2965,3.2167,0.1089,12286.2567,NA,NA,NA
Stalker2-Win64-Shipping.exe,13648,0x4E568280,DXGI,0,0,1,Hardware Composed: Independent Flip,12384.9415,NA,49.21920000000000,50.72050000000000,0.24660000000000,42.97990000000000,44.6690,12335.9978,49.1903,48.9437,0.2466,42.8704,49.0532,46.0043,3.0489,-0.9794,12335.9978,NA,NA,NA
Stalker2-Win64-Shipping.exe,13648,0x4E568280,DXGI,0,0,1,Hardware Composed: Independent Flip,12434.9733,NA,50.03180000000000,48.52850000000000,0.27390000000000,43.14460000000000,43.1657,12385.1881,50.0591,49.7852,0.2739,42.7333,50.1965,46.2732,3.9233,0.6618,12385.1881,NA,NA,NA
Stalker2-Win64-Shipping.exe,13648,0x4E568280,DXGI,0,0,1,Hardware Composed: Independent Flip,12485.7843,NA,50.81100000000000,51.91750000000000,0.26160000000000,43.66680000000000,44.2722,12435.2472,50.7987,50.5371,0.2616,42.8707,51.3332,46.8829,4.4503,-1.8584,12435.2472,NA,NA,NA
Stalker2-Win64-Shipping.exe,13648,0x4E568280,DXGI,0,0,1,Hardware Composed: Independent Flip,12535.7852,NA,50.00090000000000,49.36530000000000,0.28820000000000,43.07090000000000,43.6366,12486.0459,50.0275,49.7393,0.2882,43.4052,49.4050,46.1836,3.2214,1.4334,12486.0459,NA,NA,NA
Stalker2-Win64-Shipping.exe,13648,0x4E568280,DXGI,0,0,1,Hardware Composed: Independent Flip,12586.4295,NA,50.64430000000000,50.20240000000000,0.23630000000000,43.17410000000000,43.1947,12536.0734,50.5924,50.3561,0.2363,42.7827,50.7475,46.4193,4.3282,-0.1749,12536.0734,NA,NA,NA
Stalker2-Win64-Shipping.exe,13648,0x4E568280,DXGI,0,0,1,Hardware Composed: Independent Flip,12637.1704,NA,50.74090000000000,51.61230000000000,0.24970000000000,43.03710000000000,44.0661,12586.6658,50.7543,50.5046,0.2497,42.9378,50.6039,46.2451,4.3588,-1.0199,12586.6658,NA,NA,NA
Stalker2-Win64-Shipping.exe,13648,0x4E568280,DXGI,0,0,1,Hardware Composed: Independent Flip,12686.4735,NA,49.30310000000000,48.62200000000000,0.27130000000000,43.36970000000000,43.3850,12637.4201,49.3247,49.0534,0.2713,42.7874,49.6357,46.5975,3.0382,2.1323,12637.4201,NA,NA,NA
Stalker2-Win64-Shipping.exe,13648,0x4E568280,DXGI,0,0,1,Hardware Composed: Independent Flip,12736.4972,NA,50.02370000000001,49.62550000000000,0.27680000000000,42.96920000000000,42.9868,12686.7448,50.0292,49.7524,0.2768,43.0984,49.6232,46.1661,3.4571,-0.3008,12686.7448,NA,NA,NA
Stalker2-Win64-Shipping.exe,13648,0x4E568280,DXGI,0,0,1,Hardware Composed: Independent Flip,12786.2466,NA,49.74940000000000,50.61460000000000,0.27650000000000,43.53090000000000,43.8520,12736.7740,49.7491,49.4726,0.2765,42.6924,50.3111,46.6790,3.6321,-0.5854,12736.7740,NA,NA,NA
Stalker2-Win64-Shipping.exe,13648,0x4E568280,DXGI,0,0,1,Hardware Composed: Independent Flip,12836.7778,NA,50.53120000000001,50.80080000000000,0.26040000000000,44.08060000000000,44.1216,12786.5231,50.5151,50.2547,0.2604,43.2544,51.0809,47.2469,3.8340,-1.0517,12786.5231,NA,NA,NA
Stalker2-Win64-Shipping.exe,13648,0x4E568280,DXGI,0,0,1,Hardware Composed: Independent Flip,12887.7344,NA,50.95660000000000,50.22050000000000,0.28620000000000,43.10080000000000,43.3855,12837.0382,50.9824,50.6962,0.2862,43.8202,49.9768,46.1751,3.8017,0.2946,12837.0382,NA,NA,NA
Stalker2-Win64-Shipping.exe,13648,0x4E568280,DXGI,0,0,1,Hardware Composed: Independent Flip,12936.4095,NA,48.67510000000000,48.75560000000000,0.26670000000000,43.40260000000000,43.4660,12888.0206,48.6556,48.3889,0.2667,42.8146,48.9769,46.5467,2.4302,2.2268,12888.0206,NA,NA,NA
Stalker2-Win64-Shipping.exe,13648,0x4E568280,DXGI,0,0,1,Hardware Composed: Independent Flip,12985.6617,NA,49.25220000000000,48.89230000000001,0.26240000000000,43.08410000000000,43.1061,12936.6762,49.2479,48.9855,0.2624,43.1359,48.9337,46.1639,2.7698,-0.2367,12936.6762,NA,NA,NA
Stalker2-Win64-Shipping.exe,13648,0x4E568280,DXGI,0,0,1,Hardware Composed: Independent Flip,13036.0063,NA,50.34460000000000,50.00540000000000,0.36440000000000,42.75140000000000,42.7669,12985.9241,50.4466,50.0822,0.3644,42.8217,50.0119,45.9664,4.0455,-0.7575,12985.9241,NA,NA,NA
Stalker2-Win64-Shipping.exe,13648,0x4E568280,DXGI,0,0,1,Hardware Composed: Independent Flip,13086.2321,NA,50.22580000000000,51.46610000000000,0.25320000000000,43.66570000000000,44.0072,13036.3707,50.1146,49.8614,0.2532,42.3870,51.1401,46.7289,4.4112,-1.0195,13036.3707,NA,NA,NA
Stalker2-Win64-Shipping.exe,13648,0x4E568280,DXGI,0,0,1,Hardware Composed: Independent Flip,13136.8695,NA,50.63740000000000,50.18040000000001,0.27450000000000,42.95920000000000,43.5502,13086.4853,50.6587,50.3842,0.2745,43.4125,49.9309,46.1060,3.8249,-0.0658,13086.4853,NA,NA,NA
Stalker2-Win64-Shipping.exe,13648,0x4E568280,DXGI,0,0,1,Hardware Composed: Independent Flip,13187.0945,NA,50.22500000000000,49.48520000000000,0.28280000000000,42.78250000000000,42.8104,13137.1440,50.2333,49.9505,0.2828,42.6847,50.0483,45.9676,4.0807,1.1735,13137.1440,NA,NA,NA
Stalker2-Win64-Shipping.exe,13648,0x4E568280,DXGI,0,0,1,Hardware Composed: Independent Flip,13237.0156,NA,49.92110000000000,50.41550000000000,0.30370000000000,43.03360000000000,43.3048,13187.3773,49.9420,49.6383,0.3037,42.4997,50.1722,46.1579,4.0143,-0.1822,13187.3773,NA,NA,NA
Stalker2-Win64-Shipping.exe,13648,0x4E568280,DXGI,0,0,1,Hardware Composed: Independent Flip,13287.4252,NA,50.40960000000000,49.61620000000000,0.26460000000000,42.48370000000000,42.5114,13237.3193,50.3705,50.1059,0.2646,42.7299,49.8597,45.6910,4.1687,0.3258,13237.3193,NA,NA,NA
Stalker2-Win64-Shipping.exe,13648,0x4E568280,DXGI,0,0,1,Hardware Composed: Independent Flip,13338.1169,NA,50.69170000000000,51.65510000000000,0.24620000000000,43.46100000000001,43.4748,13287.6898,50.6733,50.4271,0.2462,42.2191,51.6690,46.9806,4.6884,-1.2846,13287.6898,NA,NA,NA
Stalker2-Win64-Shipping.exe,13648,0x4E568280,DXGI,0,0,1,Hardware Composed: Independent Flip,13387.5984,NA,49.48150000000000,49.93430000000000,0.26170000000000,42.98940000000000,43.9276,13338.3631,49.4970,49.2353,0.2617,43.2148,49.0099,46.1540,2.8559,0.7390,13338.3631,NA,NA,NA
Stalker2-Win64-Shipping.exe,13648,0x4E568280,DXGI,0,0,1,Hardware Composed: Independent Flip,13438.5752,NA,50.97680000000000,51.03470000000000,0.25660000000000,43.97190000000001,43.9855,13387.8601,50.9717,50.7151,0.2566,42.7277,51.9593,47.1963,4.7630,-1.5377,13387.8601,NA,NA,NA
Stalker2-Win64-Shipping.exe,13648,0x4E568280,DXGI,0,0,1,Hardware Composed: Independent Flip,13487.7788,NA,49.20360000000000,49.80900000000000,0.27580000000000,42.97080000000000,44.5909,13438.8318,49.2228,48.9470,0.2758,43.7153,48.2025,46.0357,2.1668,1.1627,13438.8318,NA,NA,NA
Stalker2-Win64-Shipping.exe,13648,0x4E568280,DXGI,0,0,1,Hardware Composed: Independent Flip,13537.7011,NA,49.92230000000000,48.35860000000000,0.28320000000000,43.01370000000000,43.0272,13488.0546,49.9297,49.6465,0.2832,42.6950,49.9652,46.1690,3.7962,0.8642,13488.0546,NA,NA,NA
Stalker2-Win64-Shipping.exe,13648,0x4E568280,DXGI,0,0,1,Hardware Composed: Independent Flip,13587.6332,NA,49.93210000000001,50.72500000000000,0.26870000000000,42.56990000000000,43.8201,13537.9843,49.9176,49.6489,0.2687,42.7305,49.4883,45.9104,3.5779,-0.7953,13537.9843,NA,NA,NA
Stalker2-Win64-Shipping.exe,13648,0x4E568280,DXGI,0,0,1,Hardware Composed: Independent Flip,13638.4222,NA,50.78900000000000,50.52480000000000,0.28030000000000,43.48800000000000,43.5559,13587.9019,50.8006,50.5203,0.2803,42.3012,51.7071,46.7428,4.9643,-0.6072,13587.9019,NA,NA,NA
Stalker2-Win64-Shipping.exe,13648,0x4E568280,DXGI,0,0,1,Hardware Composed: Independent Flip,13687.6864,NA,49.26420000000000,49.79670000000000,0.26590000000000,42.98370000000000,44.0884,13638.7025,49.2498,48.9839,0.2659,43.2077,48.7599,46.1131,2.6468,1.0039,13638.7025,NA,NA,NA
Stalker2-Win64-Shipping.exe,13648,0x4E568280,DXGI,0,0,1,Hardware Composed: Independent Flip,13737.7138,NA,50.02740000000000,48.88640000000000,0.27800000000000,42.92570000000000,42.9474,13687.9523,50.0395,49.7615,0.2780,42.7178,49.9694,46.1134,3.8560,0.3634,13687.9523,NA,NA,NA
Stalker2-Win64-Shipping.exe,13648,0x4E568280,DXGI,0,0,1,Hardware Composed: Independent Flip,13787.4192,NA,49.70540000000000,50.66580000000000,0.28400000000000,43.02240000000000,43.9078,13737.9918,49.7114,49.4274,0.2840,42.6477,49.8021,46.0737,3.7284,-0.6263,13737.9918,NA,NA,NA
Stalker2-Win64-Shipping.exe,13648,0x4E568280,DXGI,0,0,1,Hardware Composed: Independent Flip,13837.7932,NA,50.37400000000000,49.69290000000000,0.27320000000000,43.16340000000000,43.2267,13787.7032,50.3632,50.0900,0.2732,42.7384,50.5150,46.4349,4.0801,0.0185,13787.7032,NA,NA,NA
Stalker2-Win64-Shipping.exe,13648,0x4E568280,DXGI,0,0,1,Hardware Composed: Independent Flip,13887.5720,NA,49.77880000000000,50.07360000000000,0.27780000000000,43.16450000000000,43.5215,13838.0664,49.7834,49.5056,0.2778,42.8902,49.7799,46.3553,3.4246,0.2896,13838.0664,NA,NA,NA
Stalker2-Win64-Shipping.exe,13648,0x4E568280,DXGI,0,0,1,Hardware Composed: Independent Flip,13938.3347,NA,50.76270000000000,50.73880000000000,0.30700000000000,43.48280000000000,43.4976,13887.8498,50.7919,50.4849,0.3070,42.8867,51.0810,46.7035,4.3775,-0.9554,13887.8498,NA,NA,NA
Stalker2-Win64-Shipping.exe,13648,0x4E568280,DXGI,0,0,1,Hardware Composed: Independent Flip,13988.3845,NA,50.04980000000000,49.63540000000000,0.25340000000000,42.38760000000000,43.0832,13938.6417,49.9962,49.7428,0.2534,43.1758,48.9546,45.4866,3.4680,1.1565,13938.6417,NA,NA,NA
Stalker2-Win64-Shipping.exe,13648,0x4E568280,DXGI,0,0,1,Hardware Composed: Independent Flip,14037.9479,NA,49.56340000000000,50.81480000000001,0.23970000000000,44.31930000000001,44.3346,13988.6379,49.5497,49.3100,0.2397,42.1342,51.4951,47.9416,3.5535,-0.8186,13988.6379,NA,NA,NA
Stalker2-Win64-Shipping.exe,13648,0x4E568280,DXGI,0,0,1,Hardware Composed: Independent Flip,14088.5588,NA,50.61090000000000,50.78710000000000,0.27560000000000,43.10950000000000,44.5108,14038.1876,50.6468,50.3712,0.2756,44.0796,49.4011,46.2690,3.1321,-1.2374,14038.1876,NA,NA,NA
Stalker2-Win64-Shipping.exe,13648,0x4E568280,DXGI,0,0,1,Hardware Composed: Independent Flip,14138.5081,NA,49.94930000000000,48.52800000000001,0.28310000000000,43.07180000000000,43.0895,14088.8344,49.9568,49.6737,0.2831,42.8339,49.9116,46.1404,3.7712,2.1188,14088.8344,NA,NA,NA
Stalker2-Win64-Shipping.exe,13648,0x4E568280,DXGI,0,0,1,Hardware Composed: Independent Flip,14188.4504,NA,49.94230000000000,50.27890000000000,0.26770000000000,43.00600000000000,43.4261,14138.7912,49.9269,49.6592,0.2677,42.7887,49.8765,46.1101,3.7664,-0.3221,14138.7912,NA,NA,NA
Stalker2-Win64-Shipping.exe,13648,0x4E568280,DXGI,0,0,1,Hardware Composed: Independent Flip,14238.7974,NA,50.34700000000000,49.85080000000000,0.27300000000000,42.90170000000001,42.9299,14188.7181,50.3523,50.0793,0.2730,42.7383,50.2427,46.0878,4.1549,0.0761,14188.7181,NA,NA,NA
Stalker2-Win64-Shipping.exe,13648,0x4E568280,DXGI,0,0,1,Hardware Composed: Independent Flip,14290.8797,NA,52.08230000000000,52.15630000000000,0.27670000000000,42.78920000000000,43.0039,14239.0704,52.0860,51.8093,0.2767,42.6287,51.9698,46.0508,5.9190,-1.8040,14239.0704,NA,NA,NA
Stalker2-Win64-Shipping.exe,13648,0x4E568280,DXGI,0,0,1,Hardware Composed: Independent Flip,14339.9957,NA,49.11600000000000,50.12940000000000,0.28490000000000,43.14800000000000,44.0173,14291.1564,49.1242,48.8393,0.2849,42.5125,49.4748,46.2704,3.2044,1.9566,14291.1564,NA,NA,NA
Stalker2-Win64-Shipping.exe,13648,0x4E568280,DXGI,0,0,1,Hardware Composed: Independent Flip,14390.0752,NA,50.07950000000000,48.80060000000000,0.25950000000000,42.67550000000000,42.7384,14340.2806,50.0541,49.7946,0.2595,42.8631,49.6070,45.9548,3.6522,0.3236,14340.2806,NA,NA,NA
Stalker2-Win64-Shipping.exe,13648,0x4E568280,DXGI,0,0,1,Hardware Composed: Independent Flip,14441.3505,NA,51.27530000000000,52.31410000000000,0.30000000000000,43.46180000000000,43.7772,14390.3347,51.3158,51.0158,0.3000,42.4160,52.0616,46.7641,5.2975,-2.2600,14390.3347,NA,NA,NA
Stalker2-Win64-Shipping.exe,13648,0x4E568280,DXGI,0,0,1,Hardware Composed: Independent Flip,14490.3606,NA,49.01010000000000,49.44450000000001,0.26510000000000,43.46260000000000,44.2116,14441.6505,48.9752,48.7101,0.2651,43.1618,49.0109,46.8758,2.1351,1.8713,14441.6505,NA,NA,NA
Stalker2-Win64-Shipping.exe,13648,0x4E568280,DXGI,0,0,1,Hardware Composed: Independent Flip,14540.3364,NA,49.97580000000000,49.03230000000000,0.29170000000000,43.25160000000000,43.2681,14490.6257,50.0024,49.7107,0.2917,43.1975,49.7648,46.4801,3.2847,-0.0571,14490.6257,NA,NA,NA
Stalker2-Win64-Shipping.exe,13648,0x4E568280,DXGI,0,0,1,Hardware Composed: Independent Flip,14589.9956,NA,49.65920000000001,50.60220000000000,0.26890000000000,43.41430000000000,44.2111,14540.6281,49.6364,49.3675,0.2689,42.9599,49.8219,46.5045,3.3174,-0.5998,14540.6281,NA,NA,NA
Stalker2-Win64-Shipping.exe,13648,0x4E568280,DXGI,0,0,1,Hardware Composed: Independent Flip,14639.6203,NA,49.62470000000000,49.43840000000000,0.23910000000000,44.01020000000000,44.0248,14590.2645,49.5949,49.3558,0.2391,43.1454,50.2206,47.0227,3.1979,0.1980,14590.2645,NA,NA,NA
Stalker2-Win64-Shipping.exe,13648,0x4E568280,DXGI,0,0,1,Hardware Composed: Independent Flip,14690.0301,NA,50.40980000000000,49.97230000000000,0.23070000000000,43.38020000000000,43.5873,14639.8594,50.4014,50.1707,0.2307,43.7711,49.7798,46.9291,2.8507,-0.3774,14639.8594,NA,NA,NA
Stalker2-Win64-Shipping.exe,13648,0x4E568280,DXGI,0,0,1,Hardware Composed: Independent Flip,14740.4420,NA,50.41190000000000,50.01760000000000,0.26970000000000,43.17690000000000,43.1930,14690.2608,50.4509,50.1812,0.2697,43.1495,50.2086,46.2238,3.9848,0.3838,14690.2608,NA,NA,NA
Stalker2-Win64-Shipping.exe,13648,0x4E568280,DXGI,0,0,1,Hardware Composed: Independent Flip,14791.3180,NA,50.87600000000000,51.14180000000000,0.27820000000000,43.17620000000000,43.4588,14740.7117,50.8845,50.6063,0.2782,42.9072,50.8753,46.3580,4.5173,-0.6909,14740.7117,NA,NA,NA
Stalker2-Win64-Shipping.exe,13648,0x4E568280,DXGI,0,0,1,Hardware Composed: Independent Flip,14841.7589,NA,50.44090000000000,50.49710000000000,0.26140000000000,43.20120000000000,43.5150,14791.5962,50.4241,50.1627,0.2614,42.8980,50.4659,46.3082,4.1577,0.3874,14791.5962,NA,NA,NA
Stalker2-Win64-Shipping.exe,13648,0x4E568280,DXGI,0,0,1,Hardware Composed: Independent Flip,14893.6013,NA,51.84240000000000,51.35370000000000,0.25810000000000,43.00390000000000,43.0263,14842.0203,51.8391,51.5810,0.2581,42.9398,51.6451,46.1816,5.4635,-0.9296,14842.0203,NA,NA,NA
Stalker2-Win64-Shipping.exe,13648,0x4E568280,DXGI,0,0,1,Hardware Composed: Independent Flip,14955.8249,NA,62.22360000000000,63.97640000000001,0.27660000000000,43.36300000000000,44.7791,14893.8594,62.2421,61.9655,0.2766,42.7458,62.5827,46.4620,16.1207,-12.1373,14893.8594,NA,NA,NA
Stalker2-Win64-Shipping.exe,13648,0x4E568280,DXGI,0,0,1,Hardware Composed: Independent Flip,14993.7544,NA,37.92950000000000,44.41810000000000,0.26200000000000,51.25320000000000,51.2677,14956.1015,37.9149,37.6529,0.2620,43.0864,45.8197,45.8073,0.0124,17.8240,14956.1015,NA,NA,NA
Stalker2-Win64-Shipping.exe,13648,0x4E568280,DXGI,0,0,1,Hardware Composed: Independent Flip,15044.4395,NA,50.68510000000001,48.83860000000000,0.28830000000000,46.40910000000000,49.4212,14994.0164,50.7114,50.4231,0.2883,50.9912,45.8410,45.8288,0.0122,-10.9237,14994.0164,NA,NA,NA
Stalker2-Win64-Shipping.exe,13648,0x4E568280,DXGI,0,0,1,Hardware Composed: Independent Flip,15094.5492,NA,50.10970000000000,43.54900000000000,0.25190000000000,42.83810000000000,42.8605,15044.7278,50.0733,49.8214,0.2519,46.1208,46.5387,46.3187,0.2200,7.1624,15044.7278,NA,NA,NA
Stalker2-Win64-Shipping.exe,13648,0x4E568280,DXGI,0,0,1,Hardware Composed: Independent Flip,15144.7647,NA,50.21550000000001,53.30720000000000,0.27780000000000,42.95120000000000,45.9522,15094.8011,50.2414,49.9636,0.2778,42.5862,50.3286,46.1302,4.1984,-3.2339,15094.8011,NA,NA,NA
Stalker2-Win64-Shipping.exe,13648,0x4E568280,DXGI,0,0,1,Hardware Composed: Independent Flip,15194.8804,NA,50.11570000000000,47.20690000000000,0.25540000000000,42.97860000000000,43.0434,15145.0425,50.0933,49.8379,0.2554,42.6734,50.1431,46.1853,3.9578,3.0345,15145.0425,NA,NA,NA
Stalker2-Win64-Shipping.exe,13648,0x4E568280,DXGI,0,0,1,Hardware Composed: Independent Flip,15246.3640,NA,51.48360000000000,55.29470000000001,0.27000000000000,45.98220000000000,46.8545,15195.1358,51.4982,51.2282,0.2700,42.7232,54.4872,49.3233,5.1639,-5.2014,15195.1358,NA,NA,NA
Stalker2-Win64-Shipping.exe,13648,0x4E568280,DXGI,0,0,1,Hardware Composed: Independent Flip,15296.0348,NA,49.67080000000000,47.26140000000000,0.23080000000000,42.43670000000000,44.4451,15246.6340,49.6316,49.4008,0.2308,45.7122,46.1253,45.5982,0.5271,4.2368,15246.6340,NA,NA,NA
Stalker2-Win64-Shipping.exe,13648,0x4E568280,DXGI,0,0,1,Hardware Composed: Independent Flip,15347.3408,NA,51.30600000000000,49.97950000000000,0.28360000000000,43.10100000000000,43.1186,15296.2656,51.3588,51.0752,0.2836,42.2059,51.9703,46.6998,5.2705,-0.3479,15296.2656,NA,NA,NA
Stalker2-Win64-Shipping.exe,13648,0x4E568280,DXGI,0,0,1,Hardware Composed: Independent Flip,15397.4555,NA,50.11470000000000,52.66700000000000,0.26290000000000,42.65450000000000,45.6709,15347.6244,50.0940,49.8311,0.2629,42.8174,49.6682,45.7777,3.8905,-1.3082,15347.6244,NA,NA,NA
Stalker2-Win64-Shipping.exe,13648,0x4E568280,DXGI,0,0,1,Hardware Composed: Independent Flip,15448.0009,NA,50.54540000000000,47.71040000000000,0.26540000000000,42.81910000000000,42.8359,15397.7184,50.5479,50.2825,0.2654,42.3916,50.7100,46.0343,4.6757,2.3836,15397.7184,NA,NA,NA
Stalker2-Win64-Shipping.exe,13648,0x4E568280,DXGI,0,0,1,Hardware Composed: Independent Flip,15499.2433,NA,51.24240000000000,52.62610000000000,0.24400000000000,42.81060000000000,44.2196,15448.2663,51.2210,50.9770,0.2440,42.5537,51.2339,46.0336,5.2003,-2.0782,15448.2663,NA,NA,NA
Stalker2-Win64-Shipping.exe,13648,0x4E568280,DXGI,0,0,1,Hardware Composed: Independent Flip,15549.8522,NA,50.60890000000001,49.57200000000000,0.27130000000000,43.16120000000000,43.1827,15499.4873,50.6362,50.3649,0.2713,42.5666,50.9595,46.4637,4.4958,1.6490,15499.4873,NA,NA,NA
Stalker2-Win64-Shipping.exe,13648,0x4E568280,DXGI,0,0,1,Hardware Composed: Independent Flip,15600.0445,NA,50.19230000000000,50.86190000000001,0.26730000000000,43.82900000000000,43.8523,15550.1235,50.1883,49.9210,0.2673,42.8899,50.8601,46.9304,3.9297,-0.2257,15550.1235,NA,NA,NA
Stalker2-Win64-Shipping.exe,13648,0x4E568280,DXGI,0,0,1,Hardware Composed: Independent Flip,15650.1468,NA,50.10230000000000,50.16220000000001,0.24690000000000,43.52170000000000,43.9122,15600.3118,50.0819,49.8350,0.2469,43.5617,49.7950,46.5332,3.2618,0.0261,15600.3118,NA,NA,NA
Stalker2-Win64-Shipping.exe,13648,0x4E568280,DXGI,0,0,1,Hardware Composed: Independent Flip,15700.3950,NA,50.24820000000000,49.58070000000000,0.26610000000000,43.22300000000000,43.2447,15650.3937,50.2674,50.0013,0.2661,43.2748,49.9495,46.3181,3.6314,0.5012,15650.3937,NA,NA,NA
Stalker2-Win64-Shipping.exe,13648,0x4E568280,DXGI,0,0,1,Hardware Composed: Independent Flip,15750.7708,NA,50.37580000000001,50.85710000000000,0.24980000000000,43.48510000000000,43.7260,15700.6611,50.3595,50.1097,0.2498,42.9569,50.6379,46.6801,3.9578,-0.5897,15700.6611,NA,NA,NA
Stalker2-Win64-Shipping.exe,13648,0x4E568280,DXGI,0,0,1,Hardware Composed: Independent Flip,15800.1837,NA,49.41290000000000,49.27360000000000,0.28060000000000,43.27360000000000,43.5867,15751.0206,49.4437,49.1631,0.2806,43.2353,49.2014,46.4277,2.7737,1.0859,15751.0206,NA,NA,NA
Stalker2-Win64-Shipping.exe,13648,0x4E568280,DXGI,0,0,1,Hardware Composed: Independent Flip,15850.5115,NA,50.32780000000000,51.15660000000000,0.23920000000000,44.40200000000000,44.4155,15800.4643,50.2864,50.0472,0.2392,42.9930,51.4562,47.5448,3.9114,-1.7129,15800.4643,NA,NA,NA
Stalker2-Win64-Shipping.exe,13648,0x4E568280,DXGI,0,0,1,Hardware Composed: Independent Flip,15901.1483,NA,50.63680000000000,50.55540000000001,0.23370000000000,42.96000000000000,44.3341,15850.7507,50.6313,50.3976,0.2337,44.1628,49.1948,46.1233,3.0715,-0.2690,15850.7507,NA,NA,NA
Stalker2-Win64-Shipping.exe,13648,0x4E568280,DXGI,0,0,1,Hardware Composed: Independent Flip,15951.0850,NA,49.93670000000000,48.59580000000000,0.29710000000000,42.96980000000000,42.9932,15901.3820,50.0001,49.7030,0.2971,42.7263,49.9465,46.6914,3.2551,2.0355,15901.3820,NA,NA,NA
Stalker2-Win64-Shipping.exe,13648,0x4E568280,DXGI,0,0,1,Hardware Composed: Independent Flip,16003.7031,NA,52.61810000000001,53.21120000000001,0.27920000000000,43.10840000000000,43.5863,15951.3821,52.6002,52.3210,0.2792,42.6727,52.7567,46.3728,6.3839,-3.2111,15951.3821,NA,NA,NA
Stalker2-Win64-Shipping.exe,13648,0x4E568280,DXGI,0,0,1,Hardware Composed: Independent Flip,16052.3154,NA,48.61230000000000,48.53510000000000,0.25870000000000,42.49290000000000,43.5091,16003.9823,48.5918,48.3331,0.2587,42.8292,47.9968,45.7030,2.2938,4.0651,16003.9823,NA,NA,NA
Stalker2-Win64-Shipping.exe,13648,0x4E568280,DXGI,0,0,1,Hardware Composed: Independent Flip,16103.3871,NA,51.07170000000000,50.48460000000000,0.24460000000000,42.90670000000000,42.9220,16052.5741,51.0576,50.8130,0.2446,42.2342,51.4855,46.1184,5.3671,-1.8928,16052.5741,NA,NA,NA
Stalker2-Win64-Shipping.exe,13648,0x4E568280,DXGI,0,0,1,Hardware Composed: Independent Flip,16154.3071,NA,50.92000000000000,53.64240000000000,0.26180000000000,43.31440000000000,45.6444,16103.6317,50.9372,50.6754,0.2618,42.6621,51.3277,46.4864,4.8413,-2.5848,16103.6317,NA,NA,NA
Stalker2-Win64-Shipping.exe,13648,0x4E568280,DXGI,0,0,1,Hardware Composed: Independent Flip,16204.5488,NA,50.24170000000000,48.15090000000000,0.26800000000000,43.51570000000000,43.5536,16154.5689,50.2479,49.9799,0.2680,43.0526,50.4430,46.6012,3.8418,2.7863,16154.5689,NA,NA,NA
Stalker2-Win64-Shipping.exe,13648,0x4E568280,DXGI,0,0,1,Hardware Composed: Independent Flip,16255.3444,NA,50.79560000000000,50.31480000000001,0.27350000000000,43.05310000000000,43.0728,16204.8168,50.8011,50.5276,0.2735,43.2477,50.3330,46.3950,3.9380,-0.0669,16204.8168,NA,NA,NA
Stalker2-Win64-Shipping.exe,13648,0x4E568280,DXGI,0,0,1,Hardware Composed: Independent Flip,16305.1787,NA,49.83430000000000,50.28630000000000,0.25430000000000,43.08630000000000,43.5248,16255.6179,49.8151,49.5608,0.2543,42.7796,49.8675,46.1263,3.7412,0.5148,16255.6179,NA,NA,NA
Stalker2-Win64-Shipping.exe,13648,0x4E568280,DXGI,0,0,1,Hardware Composed: Independent Flip,16355.3028,NA,50.12410000000001,49.56190000000000,0.26330000000000,42.94280000000001,42.9626,16305.4330,50.1331,49.8698,0.2633,42.8320,49.9806,46.1609,3.8197,0.2532,16305.4330,NA,NA,NA
Stalker2-Win64-Shipping.exe,13648,0x4E568280,DXGI,0,0,1,Hardware Composed: Independent Flip,16404.8915,NA,49.58870000000000,49.52550000000000,0.25540000000000,42.72050000000000,42.8994,16355.5661,49.5808,49.3254,0.2554,42.6795,49.3664,45.7203,3.6461,0.6076,16355.5661,NA,NA,NA
Stalker2-Win64-Shipping.exe,13648,0x4E568280,DXGI,0,0,1,Hardware Composed: Independent Flip,16455.3865,NA,50.49500000000000,52.15390000000000,0.28130000000000,44.54330000000000,44.5583,16405.1469,50.5209,50.2396,0.2813,42.4651,52.3178,47.8990,4.4188,-2.5731,16405.1469,NA,NA,NA
Stalker2-Win64-Shipping.exe,13648,0x4E568280,DXGI,0,0,1,Hardware Composed: Independent Flip,16505.9235,NA,50.53700000000000,50.25660000000001,0.27720000000000,42.73950000000000,44.2779,16455.6678,50.5329,50.2557,0.2772,44.2620,48.7332,45.8054,2.9278,0.2643,16455.6678,NA,NA,NA
Stalker2-Win64-Shipping.exe,13648,0x4E568280,DXGI,0,0,1,Hardware Composed: Independent Flip,16556.0665,NA,50.14300000000000,48.61000000000000,0.24160000000000,42.70190000000000,42.7449,16506.2007,50.1074,49.8658,0.2416,42.4623,50.1054,46.3200,3.7854,1.9229,16506.2007,NA,NA,NA
Stalker2-Win64-Shipping.exe,13648,0x4E568280,DXGI,0,0,1,Hardware Composed: Independent Flip,16606.1716,NA,50.10510000000000,51.12090000000000,0.27530000000000,42.85370000000000,43.7607,16556.3081,50.1388,49.8635,0.2753,42.4603,50.2569,45.9781,4.2788,-1.0135,16556.3081,NA,NA,NA
Stalker2-Win64-Shipping.exe,13648,0x4E568280,DXGI,0,0,1,Hardware Composed: Independent Flip,16656.5179,NA,50.34630000000000,50.16710000000000,0.26220000000000,43.55990000000000,43.5815,16606.4469,50.3332,50.0710,0.2622,42.5784,51.0525,46.9518,4.1007,-0.0283,16606.4469,NA,NA,NA
Stalker2-Win64-Shipping.exe,13648,0x4E568280,DXGI,0,0,1,Hardware Composed: Independent Flip,16707.2654,NA,50.74750000000000,50.27350000000001,0.28080000000000,42.71740000000000,43.1075,16656.7801,50.7661,50.4853,0.2808,43.2977,49.9050,45.8331,4.0719,0.0597,16656.7801,NA,NA,NA
Stalker2-Win64-Shipping.exe,13648,0x4E568280,DXGI,0,0,1,Hardware Composed: Independent Flip,16757.7873,NA,50.52190000000000,50.45110000000000,0.27000000000000,43.01260000000000,43.0367,16707.5462,50.5111,50.2411,0.2700,42.4366,50.8171,46.2285,4.5886,0.3150,16707.5462,NA,NA,NA
Stalker2-Win64-Shipping.exe,13648,0x4E568280,DXGI,0,0,1,Hardware Composed: Independent Flip,16808.0088,NA,50.22150000000000,50.47510000000000,0.26910000000000,42.75570000000000,43.2903,16758.0573,50.2206,49.9515,0.2691,42.7426,49.9646,45.8274,4.1372,0.0360,16758.0573,NA,NA,NA
Stalker2-Win64-Shipping.exe,13648,0x4E568280,DXGI,0,0,1,Hardware Composed: Independent Flip,16858.4075,NA,50.39870000000001,49.98640000000000,0.27330000000000,42.86060000000001,42.8780,16808.2779,50.4029,50.1296,0.2733,42.4866,50.5036,46.1876,4.3160,0.2342,16808.2779,NA,NA,NA
Stalker2-Win64-Shipping.exe,13648,0x4E568280,DXGI,0,0,1,Hardware Composed: Independent Flip,16908.1010,NA,49.69350000000000,49.98120000000000,0.27150000000000,42.83880000000000,43.1657,16858.6808,49.6917,49.4202,0.2715,42.5873,49.6717,45.9703,3.7014,0.4217,16858.6808,NA,NA,NA
Stalker2-Win64-Shipping.exe,13648,0x4E568280,DXGI,0,0,1,Hardware Composed: Independent Flip,16959.0284,NA,50.92740000000001,52.94510000000000,0.27700000000000,45.15980000000000,45.1834,16908.3725,50.9329,50.6559,0.2770,42.5673,53.2484,48.5089,4.7395,-3.2534,16908.3725,NA,NA,NA
Stalker2-Win64-Shipping.exe,13648,0x4E568280,DXGI,0,0,1,Hardware Composed: Independent Flip,17008.7373,NA,49.70890000000000,49.73430000000000,0.24870000000000,43.36210000000001,45.2088,16959.3054,49.6806,49.4319,0.2487,44.8828,47.9112,46.6224,1.2888,1.1986,16959.3054,NA,NA,NA
Stalker2-Win64-Shipping.exe,13648,0x4E568280,DXGI,0,0,1,Hardware Composed: Independent Flip,17059.1800,NA,50.44270000000000,49.38260000000000,0.28160000000000,44.13240000000000,44.1487,17008.9860,50.4756,50.1940,0.2816,43.1134,51.2130,47.4399,3.7731,0.2980,17008.9860,NA,NA,NA
Stalker2-Win64-Shipping.exe,13648,0x4E568280,DXGI,0,0,1,Hardware Composed: Independent Flip,17108.2190,NA,49.03900000000000,50.10330000000000,0.25010000000000,43.24530000000000,45.2130,17059.4616,49.0075,48.7574,0.2501,43.8508,48.1519,46.3470,1.8049,0.3723,17059.4616,NA,NA,NA
Stalker2-Win64-Shipping.exe,13648,0x4E568280,DXGI,0,0,1,Hardware Composed: Independent Flip,17158.1596,NA,49.94060000000000,47.99260000000000,0.25380000000000,43.25070000000000,43.2650,17108.4691,49.9443,49.6905,0.2538,42.9952,49.9460,46.5871,3.3589,1.0149,17108.4691,NA,NA,NA
Stalker2-Win64-Shipping.exe,13648,0x4E568280,DXGI,0,0,1,Hardware Composed: Independent Flip,17209.6535,NA,51.49390000000000,52.30460000000000,0.24810000000000,42.91400000000000,44.0757,17158.4134,51.4882,51.2401,0.2481,42.9969,51.1572,46.1951,4.9621,-2.3603,17158.4134,NA,NA,NA
Stalker2-Win64-Shipping.exe,13648,0x4E568280,DXGI,0,0,1,Hardware Composed: Independent Flip,17259.6448,NA,49.99130000000000,49.90650000000000,0.23970000000000,43.96980000000000,43.9909,17209.9016,49.9829,49.7432,0.2397,42.6659,51.0471,47.1824,3.8647,1.5817,17209.9016,NA,NA,NA
Stalker2-Win64-Shipping.exe,13648,0x4E568280,DXGI,0,0,1,Hardware Composed: Independent Flip,17310.9043,NA,51.25950000000000,50.85950000000000,0.25640000000000,43.57540000000000,43.5909,17259.8845,51.2762,51.0198,0.2564,43.7301,50.8651,46.5856,4.2795,-0.8766,17259.8845,NA,NA,NA
Stalker2-Win64-Shipping.exe,13648,0x4E568280,DXGI,0,0,1,Hardware Composed: Independent Flip,17361.1705,NA,50.26620000000000,49.71710000000000,0.27160000000000,42.63680000000000,43.0418,17311.1607,50.2814,50.0098,0.2716,43.3190,49.3276,45.8754,3.4522,1.5591,17311.1607,NA,NA,NA
Stalker2-Win64-Shipping.exe,13648,0x4E568280,DXGI,0,0,1,Hardware Composed: Independent Flip,17412.0062,NA,50.83570000000000,50.99540000000000,0.26960000000000,43.18110000000000,43.2015,17361.4421,50.8337,50.5641,0.2696,42.3652,51.3800,46.4692,4.9108,-0.7140,17361.4421,NA,NA,NA
Stalker2-Win64-Shipping.exe,13648,0x4E568280,DXGI,0,0,1,Hardware Composed: Independent Flip,17462.3755,NA,50.36930000000000,51.73390000000001,0.25720000000000,43.40940000000001,44.5661,17412.2758,50.3569,50.0997,0.2572,42.9115,50.5976,46.6258,3.9718,-0.9002,17412.2758,NA,NA,NA
Stalker2-Win64-Shipping.exe,13648,0x4E568280,DXGI,0,0,1,Hardware Composed: Independent Flip,17513.1201,NA,50.74460000000001,49.30300000000000,0.27340000000000,43.10050000000000,43.1245,17462.6327,50.7608,50.4874,0.2734,43.1522,50.4357,46.2806,4.1551,1.0539,17462.6327,NA,NA,NA
Stalker2-Win64-Shipping.exe,13648,0x4E568280,DXGI,0,0,1,Hardware Composed: Independent Flip,17563.5324,NA,50.41230000000000,50.42500000000000,0.25070000000000,43.06700000000000,43.1372,17513.3935,50.3896,50.1389,0.2507,42.8271,50.3788,46.2002,4.1786,0.3358,17513.3935,NA,NA,NA
Stalker2-Win64-Shipping.exe,13648,0x4E568280,DXGI,0,0,1,Hardware Composed: Independent Flip,17614.4003,NA,50.86790000000001,50.71950000000000,0.26550000000000,42.91280000000000,42.9888,17563.7831,50.8827,50.6172,0.2655,42.8163,50.7137,46.3822,4.3315,-0.3299,17563.7831,NA,NA,NA
Stalker2-Win64-Shipping.exe,13648,0x4E568280,DXGI,0,0,1,Hardware Composed: Independent Flip,17664.2714,NA,49.87110000000001,51.41670000000001,0.25420000000000,44.34870000000000,44.5344,17614.6658,49.8598,49.6056,0.2542,42.6473,51.3070,47.5530,3.7540,-0.5340,17614.6658,NA,NA,NA
Stalker2-Win64-Shipping.exe,13648,0x4E568280,DXGI,0,0,1,Hardware Composed: Independent Flip,17714.8938,NA,50.62240000000000,49.20060000000000,0.26270000000000,42.84680000000000,43.1126,17664.5256,50.6309,50.3682,0.2627,44.0945,49.1205,46.1159,3.0046,0.6592,17664.5256,NA,NA,NA
Stalker2-Win64-Shipping.exe,13648,0x4E568280,DXGI,0,0,1,Hardware Composed: Independent Flip,17765.3418,NA,50.44800000000000,50.42920000000000,0.25650000000000,43.07810000000000,43.0938,17715.1565,50.4418,50.1853,0.2565,42.5841,50.6793,46.3126,4.3667,0.2017,17715.1565,NA,NA,NA
Stalker2-Win64-Shipping.exe,13648,0x4E568280,DXGI,0,0,1,Hardware Composed: Independent Flip,17815.7681,NA,50.42630000000000,51.22430000000000,0.23950000000000,42.85480000000000,43.8918,17765.5983,50.4093,50.1698,0.2395,42.8216,50.2030,46.1092,4.0938,-0.7825,17765.5983,NA,NA,NA
Stalker2-Win64-Shipping.exe,13648,0x4E568280,DXGI,0,0,1,Hardware Composed: Independent Flip,17865.9511,NA,50.18300000000000,49.42990000000000,0.25920000000000,43.12450000000000,43.1387,17816.0076,50.2027,49.9435,0.2592,42.6153,50.4527,46.2989,4.1538,0.9794,17816.0076,NA,NA,NA
Stalker2-Win64-Shipping.exe,13648,0x4E568280,DXGI,0,0,1,Hardware Composed: Independent Flip,17916.6988,NA,50.74770000000000,50.39370000000000,0.25920000000000,42.59860000000000,42.7847,17866.2103,50.7477,50.4885,0.2592,42.8653,50.2218,45.8877,4.3341,-0.1910,17866.2103,NA,NA,NA
Stalker2-Win64-Shipping.exe,13648,0x4E568280,DXGI,0,0,1,Hardware Composed: Independent Flip,17967.6707,NA,50.97190000000001,50.94510000000000,0.30020000000000,42.69340000000000,42.7579,17916.9580,51.0129,50.7127,0.3002,42.3394,51.0667,45.9578,5.1089,-0.1974,17916.9580,NA,NA,NA
Stalker2-Win64-Shipping.exe,13648,0x4E568280,DXGI,0,0,1,Hardware Composed: Independent Flip,18018.0587,NA,50.38800000000001,51.14430000000000,0.25300000000000,43.04190000000001,43.5142,17967.9709,50.3408,50.0878,0.2530,42.3932,50.7365,46.3631,4.3734,-0.1314,17967.9709,NA,NA,NA
Stalker2-Win64-Shipping.exe,13648,0x4E568280,DXGI,0,0,1,Hardware Composed: Independent Flip,18067.1751,NA,49.11640000000001,48.75340000000000,0.27300000000000,43.13430000000000,43.1512,18018.3117,49.1364,48.8634,0.2730,42.7889,49.2088,46.2577,2.9511,1.5874,18018.3117,NA,NA,NA
Stalker2-Win64-Shipping.exe,13648,0x4E568280,DXGI,0,0,1,Hardware Composed: Independent Flip,18117.2309,NA,50.05580000000000,49.74830000000000,0.26210000000000,42.82910000000000,42.8437,18067.4481,50.0449,49.7828,0.2621,42.8613,49.7506,45.9643,3.7863,-0.6119,18067.4481,NA,NA,NA
Stalker2-Win64-Shipping.exe,13648,0x4E568280,DXGI,0,0,1,Hardware Composed: Independent Flip,18166.5390,NA,49.30810000000000,50.51650000000000,0.28080000000000,43.44490000000000,44.0521,18117.4930,49.3268,49.0460,0.2808,42.5670,49.9239,46.7078,3.2161,-0.4716,18117.4930,NA,NA,NA
Stalker2-Win64-Shipping.exe,13648,0x4E568280,DXGI,0,0,1,Hardware Composed: Independent Flip,18216.6306,NA,50.09160000000000,49.93040000000001,0.26240000000000,43.86300000000000,43.8909,18166.8198,50.0732,49.8108,0.2624,43.1641,50.5097,47.1590,3.3507,-0.6036,18166.8198,NA,NA,NA
Stalker2-Win64-Shipping.exe,13648,0x4E568280,DXGI,0,0,1,Hardware Composed: Independent Flip,18265.1083,NA,48.47770000000001,49.31160000000001,0.26410000000000,44.42410000000000,44.7248,18216.8930,48.4794,48.2153,0.2641,43.6006,49.0388,47.5411,1.4977,0.7616,18216.8930,NA,NA,NA
Stalker2-Win64-Shipping.exe,13648,0x4E568280,DXGI,0,0,1,Hardware Composed: Independent Flip,18314.5675,NA,49.45920000000000,47.78850000000000,0.25670000000000,43.03820000000000,43.0541,18265.3724,49.4518,49.1951,0.2567,44.1600,48.0733,46.2018,1.8715,0.6909,18265.3724,NA,NA,NA
Stalker2-Win64-Shipping.exe,13648,0x4E568280,DXGI,0,0,1,Hardware Composed: Independent Flip,18363.8366,NA,49.26910000000000,49.85710000000000,0.27720000000000,43.62840000000000,43.6421,18314.8242,49.2896,49.0124,0.2772,42.7815,49.8593,46.7474,3.1119,-0.4053,18314.8242,NA,NA,NA
Stalker2-Win64-Shipping.exe,13648,0x4E568280,DXGI,0,0,1,Hardware Composed: Independent Flip,18413.6718,NA,49.83520000000000,49.82690000000000,0.24280000000000,43.09500000000000,43.6338,18364.1138,49.8008,49.5580,0.2428,43.3512,49.3018,46.0967,3.2051,-0.5373,18364.1138,NA,NA,NA
Stalker2-Win64-Shipping.exe,13648,0x4E568280,DXGI,0,0,1,Hardware Composed: Independent Flip,18463.9782,NA,50.30640000000000,49.53220000000000,0.24120000000000,42.79570000000000,42.8596,18413.9146,50.3048,50.0636,0.2412,42.8522,50.0071,45.9421,4.0650,0.2686,18413.9146,NA,NA,NA
Stalker2-Win64-Shipping.exe,13648,0x4E568280,DXGI,0,0,1,Hardware Composed: Independent Flip,18514.6284,NA,50.65020000000001,50.51230000000000,0.22390000000000,42.31950000000001,42.7217,18464.2194,50.6329,50.4090,0.2239,42.5545,50.1740,45.5059,4.6681,-0.2075,18464.2194,NA,NA,NA
Stalker2-Win64-Shipping.exe,13648,0x4E568280,DXGI,0,0,1,Hardware Composed: Independent Flip,18565.0215,NA,50.39310000000000,51.00490000000000,0.25370000000000,43.23110000000000,43.3335,18514.8523,50.4229,50.1692,0.2537,42.0956,51.3047,46.6417,4.6630,-0.3720,18514.8523,NA,NA,NA
Stalker2-Win64-Shipping.exe,13648,0x4E568280,DXGI,0,0,1,Hardware Composed: Independent Flip,18615.4992,NA,50.47770000000001,50.68720000000000,0.26790000000000,42.98270000000000,43.5430,18565.2752,50.4919,50.2240,0.2679,42.9774,50.2293,46.2361,3.9932,-0.2643,18565.2752,NA,NA,NA
Stalker2-Win64-Shipping.exe,13648,0x4E568280,DXGI,0,0,1,Hardware Composed: Independent Flip,18665.6702,NA,50.17100000000000,49.93490000000000,0.25960000000000,43.28600000000000,43.3069,18615.7671,50.1627,49.9031,0.2596,42.7148,50.4743,46.5628,3.9115,0.5570,18615.7671,NA,NA,NA
Stalker2-Win64-Shipping.exe,13648,0x4E568280,DXGI,0,0,1,Hardware Composed: Independent Flip,18716.3857,NA,50.71550000000001,50.51310000000000,0.27690000000000,42.94360000000000,43.1045,18665.9298,50.7328,50.4559,0.2769,43.0264,50.3731,46.3264,4.0467,-0.3504,18665.9298,NA,NA,NA
Stalker2-Win64-Shipping.exe,13648,0x4E568280,DXGI,0,0,1,Hardware Composed: Independent Flip,18765.6387,NA,49.25300000000000,48.87150000000000,0.24500000000000,42.69380000000000,42.7230,18716.6626,49.2211,48.9761,0.2450,42.6667,49.0032,45.9014,3.1018,1.8613,18716.6626,NA,NA,NA
Stalker2-Win64-Shipping.exe,13648,0x4E568280,DXGI,0,0,1,Hardware Composed: Independent Flip,18815.4515,NA,49.81280000000000,50.02480000000000,0.26330000000000,42.91740000000000,42.9350,18765.8837,49.8311,49.5678,0.2633,42.4488,50.0364,46.2339,3.8025,-0.8037,18765.8837,NA,NA,NA
Stalker2-Win64-Shipping.exe,13648,0x4E568280,DXGI,0,0,1,Hardware Composed: Independent Flip,18865.9365,NA,50.48500000000000,52.55120000000000,0.27650000000000,44.23530000000000,45.0012,18815.7148,50.4982,50.2217,0.2765,42.6541,51.8029,47.2606,4.5423,-2.7201,18815.7148,NA,NA,NA
Stalker2-Win64-Shipping.exe,13648,0x4E568280,DXGI,0,0,1,Hardware Composed: Independent Flip,18914.8109,NA,48.87440000000000,47.06920000000000,0.25200000000000,42.60490000000000,43.1960,18866.2130,48.8499,48.5979,0.2520,43.9588,47.2440,45.8699,1.3741,3.4290,18866.2130,NA,NA,NA
Stalker2-Win64-Shipping.exe,13648,0x4E568280,DXGI,0,0,1,Hardware Composed: Independent Flip,18964.6673,NA,49.85640000000000,49.97640000000001,0.27090000000000,43.29920000000000,43.3160,18915.0629,49.8753,49.6044,0.2709,42.3529,50.5507,46.4957,4.0550,-1.1265,18915.0629,NA,NA,NA
Stalker2-Win64-Shipping.exe,13648,0x4E568280,DXGI,0,0,1,Hardware Composed: Independent Flip,19014.3420,NA,49.67470000000000,51.82660000000000,0.25660000000000,43.12950000000000,45.4679,18964.9382,49.6604,49.4038,0.2566,43.0283,49.5050,46.2070,3.2980,-1.9513,18964.9382,NA,NA,NA
Stalker2-Win64-Shipping.exe,13648,0x4E568280,DXGI,0,0,1,Hardware Composed: Independent Flip,19063.9613,NA,49.61930000000000,47.26170000000000,0.27430000000000,43.09360000000000,43.1103,19014.5986,49.6370,49.3627,0.2743,42.8729,49.5834,46.2404,3.3430,2.3987,19014.5986,NA,NA,NA
Stalker2-Win64-Shipping.exe,13648,0x4E568280,DXGI,0,0,1,Hardware Composed: Independent Flip,19114.0171,NA,50.05580000000000,50.52870000000000,0.28730000000000,43.29030000000000,43.5832,19064.2356,50.0688,49.7815,0.2873,42.8193,50.2525,46.2842,3.9683,-0.8917,19064.2356,NA,NA,NA
Stalker2-Win64-Shipping.exe,13648,0x4E568280,DXGI,0,0,1,Hardware Composed: Independent Flip,19164.2014,NA,50.18430000000000,50.32130000000000,0.25250000000000,43.47430000000000,43.7202,19114.3044,50.1495,49.8970,0.2525,43.0030,50.3683,46.7078,3.6605,-0.2525,19114.3044,NA,NA,NA
Stalker2-Win64-Shipping.exe,13648,0x4E568280,DXGI,0,0,1,Hardware Composed: Independent Flip,19214.3261,NA,50.12470000000000,49.48900000000000,0.25400000000000,42.78350000000000,43.0845,19164.4539,50.1262,49.8722,0.2540,43.2218,49.4339,45.9925,3.4414,0.6605,19164.4539,NA,NA,NA
Stalker2-Win64-Shipping.exe,13648,0x4E568280,DXGI,0,0,1,Hardware Composed: Independent Flip,19264.3894,NA,50.06330000000001,50.46780000000000,0.26460000000000,43.42340000000000,43.4890,19214.5801,50.0739,49.8093,0.2646,42.5295,50.7032,46.5935,4.1097,-0.3416,19214.5801,NA,NA,NA
Stalker2-Win64-Shipping.exe,13648,0x4E568280,DXGI,0,0,1,Hardware Composed: Independent Flip,19314.4363,NA,50.04690000000000,50.46170000000000,0.27540000000000,43.09930000000000,43.9038,19264.6540,50.0577,49.7823,0.2754,43.1588,49.7228,46.2178,3.5050,-0.3878,19264.6540,NA,NA,NA
Stalker2-Win64-Shipping.exe,13648,0x4E568280,DXGI,0,0,1,Hardware Composed: Independent Flip,19364.8727,NA,50.43640000000000,49.79910000000000,0.26400000000000,43.22190000000001,43.2665,19314.7117,50.4250,50.1610,0.2640,42.8239,50.5590,46.3264,4.2326,0.2586,19314.7117,NA,NA,NA
Stalker2-Win64-Shipping.exe,13648,0x4E568280,DXGI,0,0,1,Hardware Composed: Independent Flip,19414.5971,NA,49.72440000000000,49.48980000000000,0.23420000000000,42.54830000000000,43.0319,19365.1367,49.6946,49.4604,0.2342,42.9579,49.0508,45.5363,3.5145,0.9352,19365.1367,NA,NA,NA
Stalker2-Win64-Shipping.exe,13648,0x4E568280,DXGI,0,0,1,Hardware Composed: Independent Flip,19464.5878,NA,49.99070000000000,51.15130000000000,0.24040000000000,44.17130000000000,44.1925,19414.8313,49.9969,49.7565,0.2404,42.3141,51.6137,47.3467,4.2670,-1.4567,19414.8313,NA,NA,NA
Stalker2-Win64-Shipping.exe,13648,0x4E568280,DXGI,0,0,1,Hardware Composed: Independent Flip,19514.8997,NA,50.31190000000000,50.50600000000000,0.24800000000000,42.98810000000000,44.3866,19464.8282,50.3195,50.0715,0.2480,43.9309,49.1287,46.1314,2.9973,-0.5091,19464.8282,NA,NA,NA
Stalker2-Win64-Shipping.exe,13648,0x4E568280,DXGI,0,0,1,Hardware Composed: Independent Flip,19565.9753,NA,51.07560000000000,49.84730000000000,0.30240000000000,43.14310000000000,43.1583,19515.1477,51.1300,50.8276,0.3024,42.7401,51.2306,46.4376,4.7930,0.4722,19515.1477,NA,NA,NA
Stalker2-Win64-Shipping.exe,13648,0x4E568280,DXGI,0,0,1,Hardware Composed: Independent Flip,19615.2852,NA,49.30990000000000,50.51190000000000,0.27300000000000,43.16000000000000,44.3603,19566.2777,49.2805,49.0075,0.2730,42.8407,49.3268,46.2277,3.0991,0.6181,19566.2777,NA,NA,NA
Stalker2-Win64-Shipping.exe,13648,0x4E568280,DXGI,0,0,1,Hardware Composed: Independent Flip,19665.0243,NA,49.73910000000000,48.37350000000000,0.25820000000000,42.97640000000001,42.9947,19615.5582,49.7243,49.4661,0.2582,42.8870,49.5555,46.1655,3.3900,0.9070,19615.5582,NA,NA,NA
Stalker2-Win64-Shipping.exe,13648,0x4E568280,DXGI,0,0,1,Hardware Composed: Independent Flip,19715.9113,NA,50.88700000000000,50.91060000000000,0.26520000000000,42.76470000000000,43.0183,19665.2825,50.8940,50.6288,0.2652,42.7182,50.6753,46.0615,4.6138,-1.1863,19665.2825,NA,NA,NA
Stalker2-Win64-Shipping.exe,13648,0x4E568280,DXGI,0,0,1,Hardware Composed: Independent Flip,19765.9154,NA,50.00410000000000,50.38800000000001,0.27290000000000,43.12870000000000,43.4022,19716.1765,50.0118,49.7389,0.2729,42.4995,50.3681,46.3701,3.9980,0.5060,19716.1765,NA,NA,NA
Stalker2-Win64-Shipping.exe,13648,0x4E568280,DXGI,0,0,1,Hardware Composed: Independent Flip,19816.3288,NA,50.41340000000000,50.61620000000000,0.33910000000000,43.58460000000000,43.6050,19766.1883,50.4796,50.1405,0.3391,42.8558,50.8693,46.9453,3.9240,-0.6044,19766.1883,NA,NA,NA
Stalker2-Win64-Shipping.exe,13648,0x4E568280,DXGI,0,0,1,Hardware Composed: Independent Flip,19866.4472,NA,50.11840000000000,49.77690000000000,0.23670000000000,42.93600000000000,43.2635,19816.6679,50.0160,49.7793,0.2367,43.2455,49.4698,46.1553,3.3145,0.7027,19816.6679,NA,NA,NA
Stalker2-Win64-Shipping.exe,13648,0x4E568280,DXGI,0,0,1,Hardware Composed: Independent Flip,19916.2956,NA,49.84840000000001,49.66440000000000,0.27980000000000,43.03780000000000,43.0795,19866.6839,49.8915,49.6117,0.2798,42.6993,49.9502,46.2489,3.7013,0.3516,19866.6839,NA,NA,NA
Stalker2-Win64-Shipping.exe,13648,0x4E568280,DXGI,0,0,1,Hardware Composed: Independent Flip,19966.3090,NA,50.01340000000000,50.15610000000000,0.26110000000000,42.82810000000000,43.2222,19916.5754,49.9947,49.7336,0.2611,42.7580,49.8037,45.9423,3.8614,-0.2646,19916.5754,NA,NA,NA
Stalker2-Win64-Shipping.exe,13648,0x4E568280,DXGI,0,0,1,Hardware Composed: Independent Flip,20016.4614,NA,50.15240000000000,49.77670000000001,0.28400000000000,42.83070000000000,42.8465,19966.5701,50.1753,49.8913,0.2840,42.5670,50.1550,46.0309,4.1241,0.2180,19966.5701,NA,NA,NA
Stalker2-Win64-Shipping.exe,13648,0x4E568280,DXGI,0,0,1,Hardware Composed: Independent Flip,20066.4856,NA,50.02420000000000,51.78920000000000,0.28220000000000,44.38580000000000,44.6115,20016.7454,50.0224,49.7402,0.2822,42.5467,51.5793,47.6103,3.9690,-1.6139,20016.7454,NA,NA,NA
Stalker2-Win64-Shipping.exe,13648,0x4E568280,DXGI,0,0,1,Hardware Composed: Independent Flip,20116.3522,NA,49.86660000000001,47.97490000000001,0.27770000000000,41.99700000000000,42.7198,20066.7678,49.8621,49.5844,0.2777,44.1036,47.4778,45.6067,1.8711,2.0475,20066.7678,NA,NA,NA
Stalker2-Win64-Shipping.exe,13648,0x4E568280,DXGI,0,0,1,Hardware Composed: Independent Flip,20167.3307,NA,50.97850000000000,51.09100000000000,0.27150000000000,42.81850000000000,42.8323,20116.6299,50.9723,50.7008,0.2715,41.7193,51.8000,46.7730,5.0270,-1.2289,20116.6299,NA,NA,NA
Stalker2-Win64-Shipping.exe,13648,0x4E568280,DXGI,0,0,1,Hardware Composed: Independent Flip,20216.2074,NA,48.87670000000000,51.48300000000000,0.25520000000000,42.89170000000000,45.4386,20167.6022,48.8604,48.6052,0.2552,42.5470,48.9499,45.9314,3.0185,-0.5107,20167.6022,NA,NA,NA
Stalker2-Win64-Shipping.exe,13648,0x4E568280,DXGI,0,0,1,Hardware Composed: Independent Flip,20265.8560,NA,49.64860000000000,47.64570000000001,0.27560000000000,43.39800000000000,43.4357,20216.4626,49.6690,49.3934,0.2756,42.6365,50.1549,46.5009,3.6540,1.2147,20216.4626,NA,NA,NA
Stalker2-Win64-Shipping.exe,13648,0x4E568280,DXGI,0,0,1,Hardware Composed: Independent Flip,20316.5415,NA,50.68550000000000,50.89760000000000,0.30720000000000,42.89960000000000,43.6478,20266.1316,50.7171,50.4099,0.3072,43.1224,50.1871,46.0578,4.1293,-1.2286,20266.1316,NA,NA,NA
Stalker2-Win64-Shipping.exe,13648,0x4E568280,DXGI,0,0,1,Hardware Composed: Independent Flip,20367.2883,NA,50.74680000000000,50.32660000000000,0.26440000000000,43.21400000000000,43.2276,20316.8487,50.7040,50.4396,0.2644,42.5924,51.0612,46.5495,4.5117,0.3905,20316.8487,NA,NA,NA
Stalker2-Win64-Shipping.exe,13648,0x4E568280,DXGI,0,0,1,Hardware Composed: Independent Flip,20416.8383,NA,49.55000000000000,49.84210000000000,0.27600000000000,43.12820000000000,43.5197,20367.5527,49.5616,49.2856,0.2760,42.9496,49.4642,46.2229,3.2413,0.8619,20367.5527,NA,NA,NA
Stalker2-Win64-Shipping.exe,13648,0x4E568280,DXGI,0,0,1,Hardware Composed: Independent Flip,20466.3834,NA,49.54510000000001,49.67770000000000,0.25290000000000,43.63300000000000,43.6523,20417.1143,49.5220,49.2691,0.2529,42.8522,50.0499,46.7419,3.3080,-0.1161,20417.1143,NA,NA,NA
Stalker2-Win64-Shipping.exe,13648,0x4E568280,DXGI,0,0,1,Hardware Composed: Independent Flip,20516.4257,NA,50.04230000000000,49.53350000000000,0.33420000000000,42.77330000000000,43.1435,20466.6363,50.1236,49.7894,0.3342,43.3801,49.1826,45.9011,3.2815,-0.0115,20466.6363,NA,NA,NA
Stalker2-Win64-Shipping.exe,13648,0x4E568280,DXGI,0,0,1,Hardware Composed: Independent Flip,20566.3702,NA,49.94450000000001,50.20020000000000,0.27500000000000,43.36150000000000,43.3992,20516.7599,49.8853,49.6103,0.2750,42.4391,50.5327,46.5508,3.9819,-0.0766,20516.7599,NA,NA,NA
Stalker2-Win64-Shipping.exe,13648,0x4E568280,DXGI,0,0,1,Hardware Composed: Independent Flip,20616.1305,NA,49.76030000000000,50.17060000000000,0.27490000000000,43.05980000000000,43.8095,20566.6452,49.7602,49.4853,0.2749,43.0865,49.4586,46.1120,3.3466,-0.2853,20566.6452,NA,NA,NA
Stalker2-Win64-Shipping.exe,13648,0x4E568280,DXGI,0,0,1,Hardware Composed: Independent Flip,20666.3976,NA,50.26710000000000,51.06120000000000,0.28770000000000,44.58900000000000,44.6036,20616.4054,50.2799,49.9922,0.2877,42.7849,51.7963,47.7585,4.0378,-1.3010,20616.4054,NA,NA,NA
Stalker2-Win64-Shipping.exe,13648,0x4E568280,DXGI,0,0,1,Hardware Composed: Independent Flip,20716.2348,NA,49.83720000000000,49.40190000000000,0.27020000000000,42.94580000000001,44.1683,20666.6853,49.8197,49.5495,0.2702,44.3013,48.1940,46.0913,2.1027,0.8780,20666.6853,NA,NA,NA
Stalker2-Win64-Shipping.exe,13648,0x4E568280,DXGI,0,0,1,Hardware Composed: Independent Flip,20765.7946,NA,49.55980000000000,48.52890000000000,0.25270000000000,43.11000000000000,43.1374,20716.5050,49.5423,49.2896,0.2527,42.6756,49.7240,46.2720,3.4520,1.2908,20716.5050,NA,NA,NA
Stalker2-Win64-Shipping.exe,13648,0x4E568280,DXGI,0,0,1,Hardware Composed: Independent Flip,20817.9740,NA,52.17940000000000,52.71730000000000,0.26030000000000,42.69040000000000,43.6753,20766.0473,52.1870,51.9267,0.2603,42.8573,51.7598,46.0613,5.6985,-3.1750,20766.0473,NA,NA,NA
Stalker2-Win64-Shipping.exe,13648,0x4E568280,DXGI,0,0,1,Hardware Composed: Independent Flip,20866.3777,NA,48.40370000000000,47.86320000000000,0.24520000000000,42.70550000000000,43.1348,20818.2343,48.3886,48.1434,0.2452,42.4301,48.4188,45.9452,2.4736,4.3238,20818.2343,NA,NA,NA
Stalker2-Win64-Shipping.exe,13648,0x4E568280,DXGI,0,0,1,Hardware Composed: Independent Flip,20917.3693,NA,50.99160000000001,50.61610000000000,0.26840000000000,42.73700000000000,42.7593,20866.6229,51.0148,50.7464,0.2684,42.4603,51.0231,46.0604,4.9627,-2.2275,20866.6229,NA,NA,NA
Stalker2-Win64-Shipping.exe,13648,0x4E568280,DXGI,0,0,1,Hardware Composed: Independent Flip,20967.2267,NA,49.85740000000001,52.49800000000000,0.31850000000000,43.38050000000000,45.3999,20917.6377,49.9075,49.5890,0.3185,42.4686,50.5009,46.3563,4.1446,-1.4832,20917.6377,NA,NA,NA
Stalker2-Win64-Shipping.exe,13648,0x4E568280,DXGI,0,0,1,Hardware Composed: Independent Flip,21018.5591,NA,51.33240000000000,49.25890000000000,0.25940000000000,43.30350000000000,43.3264,20967.5452,51.2733,51.0139,0.2594,43.0620,51.2554,46.3894,4.8660,0.6486,20967.5452,NA,NA,NA
Stalker2-Win64-Shipping.exe,13648,0x4E568280,DXGI,0,0,1,Hardware Composed: Independent Flip,21069.4434,NA,50.88430000000000,51.42240000000000,0.26550000000000,43.55600000000000,43.8645,21018.8185,50.8904,50.6249,0.2655,43.0441,51.1368,46.8043,4.3325,-0.1491,21018.8185,NA,NA,NA
Stalker2-Win64-Shipping.exe,13648,0x4E568280,DXGI,0,0,1,Hardware Composed: Independent Flip,21117.9981,NA,48.55470000000000,48.00680000000001,0.25750000000000,43.09490000000000,43.3166,21069.7089,48.5467,48.2892,0.2575,43.2905,48.0936,46.1934,1.9002,2.8836,21069.7089,NA,NA,NA
Stalker2-Win64-Shipping.exe,13648,0x4E568280,DXGI,0,0,1,Hardware Composed: Independent Flip,21169.0789,NA,51.08080000000000,51.47620000000001,0.27270000000000,43.69810000000000,43.7120,21118.2556,51.0960,50.8233,0.2727,42.8374,51.6840,46.8991,4.7849,-2.9295,21118.2556,NA,NA,NA
Stalker2-Win64-Shipping.exe,13648,0x4E568280,DXGI,0,0,1,Hardware Composed: Independent Flip,21217.9083,NA,48.82940000000000,50.24510000000000,0.26070000000000,42.94450000000001,45.1277,21169.3516,48.8174,48.5567,0.2607,43.4254,48.0758,46.0440,2.0318,0.8509,21169.3516,NA,NA,NA
Stalker2-Win64-Shipping.exe,13648,0x4E568280,DXGI,0,0,1,Hardware Composed: Independent Flip,21267.8254,NA,49.91710000000000,49.44220000000000,0.27440000000000,44.63900000000000,44.6528,21218.1690,49.9308,49.6564,0.2744,42.6838,51.6116,47.7266,3.8850,-0.6248,21218.1690,NA,NA,NA
Stalker2-Win64-Shipping.exe,13648,0x4E568280,DXGI,0,0,1,Hardware Composed: Independent Flip,21318.0845,NA,50.25910000000000,50.26900000000001,0.29200000000000,42.65300000000000,44.6627,21268.0998,50.2767,49.9847,0.2920,44.3646,48.2731,45.8523,2.4208,-0.3382,21268.0998,NA,NA,NA
Stalker2-Win64-Shipping.exe,13648,0x4E568280,DXGI,0,0,1,Hardware Composed: Independent Flip,21369.1518,NA,51.06730000000000,49.53180000000000,0.25490000000000,43.11210000000001,43.1272,21318.3765,51.0302,50.7753,0.2549,42.3610,51.5264,46.3697,5.1567,0.7449,21318.3765,NA,NA,NA
Stalker2-Win64-Shipping.exe,13648,0x4E568280,DXGI,0,0,1,Hardware Composed: Independent Flip,21418.3259,NA,49.17410000000000,50.87310000000000,0.33420000000000,43.01070000000000,44.8262,21369.4067,49.2534,48.9192,0.3342,42.8572,49.0727,46.0098,3.0629,0.1571,21369.4067,NA,NA,NA
Stalker2-Win64-Shipping.exe,13648,0x4E568280,DXGI,0,0,1,Hardware Composed: Independent Flip,21468.5009,NA,50.17500000000000,48.76540000000000,0.24670000000000,43.39610000000000,43.4166,21418.6601,50.0875,49.8408,0.2467,42.6765,50.5604,46.3936,4.1668,0.4880,21418.6601,NA,NA,NA
Stalker2-Win64-Shipping.exe,13648,0x4E568280,DXGI,0,0,1,Hardware Composed: Independent Flip,21518.9630,NA,50.46210000000000,50.51600000000001,0.29750000000000,42.60060000000000,43.4705,21468.7476,50.5129,50.2154,0.2975,43.1494,49.6666,45.7596,3.9070,-0.4285,21468.7476,NA,NA,NA
Stalker2-Win64-Shipping.exe,13648,0x4E568280,DXGI,0,0,1,Hardware Composed: Independent Flip,21569.4408,NA,50.47780000000000,50.37040000000000,0.26520000000000,43.32680000000000,43.3631,21519.2605,50.4455,50.1803,0.2652,42.3031,51.2040,46.5853,4.6187,0.1425,21519.2605,NA,NA,NA
Stalker2-Win64-Shipping.exe,13648,0x4E568280,DXGI,0,0,1,Hardware Composed: Independent Flip,21619.5292,NA,50.08840000000000,50.45040000000000,0.27510000000000,42.94690000000000,43.7251,21569.7060,50.0983,49.8232,0.2751,43.0616,49.7085,46.0072,3.7013,-0.0049,21569.7060,NA,NA,NA
Stalker2-Win64-Shipping.exe,13648,0x4E568280,DXGI,0,0,1,Hardware Composed: Independent Flip,21670.6001,NA,51.07090000000000,50.39580000000000,0.26770000000000,42.98160000000000,43.0500,21619.8043,51.0635,50.7958,0.2677,42.6718,51.1056,46.1609,4.9447,-0.2975,21619.8043,NA,NA,NA
Stalker2-Win64-Shipping.exe,13648,0x4E568280,DXGI,0,0,1,Hardware Composed: Independent Flip,21723.0054,NA,52.40530000000000,54.95910000000000,0.27530000000000,44.79500000000000,45.6038,21670.8678,52.4129,52.1376,0.2753,42.7139,54.2187,48.0694,6.1493,-3.8956,21670.8678,NA,NA,NA
Stalker2-Win64-Shipping.exe,13648,0x4E568280,DXGI,0,0,1,Hardware Composed: Independent Flip,21770.0461,NA,47.04070000000000,46.76210000000000,0.27010000000000,44.02560000000000,45.3252,21723.2807,47.0355,46.7654,0.2701,44.5197,46.2713,46.2540,0.0173,5.6508,21723.2807,NA,NA,NA
Stalker2-Win64-Shipping.exe,13648,0x4E568280,DXGI,0,0,1,Hardware Composed: Independent Flip,21819.9674,NA,49.92130000000000,47.59090000000000,0.27390000000000,42.97380000000000,42.9948,21770.3162,49.9251,49.6512,0.2739,43.7555,48.8695,46.0908,2.7787,-0.5554,21770.3162,NA,NA,NA
Stalker2-Win64-Shipping.exe,13648,0x4E568280,DXGI,0,0,1,Hardware Composed: Independent Flip,21870.0857,NA,50.11830000000000,54.13550000000000,0.28470000000000,44.43490000000000,47.0120,21820.2413,50.1291,49.8444,0.2847,42.6999,51.5794,47.5480,4.0314,-4.2104,21820.2413,NA,NA,NA
Stalker2-Win64-Shipping.exe,13648,0x4E568280,DXGI,0,0,1,Hardware Composed: Independent Flip,21919.9153,NA,49.82960000000000,45.39480000000000,0.24390000000000,42.54840000000000,42.5772,21870.3704,49.7888,49.5449,0.2439,44.1502,47.9431,45.7863,2.1568,4.7343,21870.3704,NA,NA,NA
Stalker2-Win64-Shipping.exe,13648,0x4E568280,DXGI,0,0,1,Hardware Composed: Independent Flip,21971.5104,NA,51.59510000000000,51.97540000000000,0.24980000000000,42.94240000000000,42.9575,21920.1592,51.6010,51.3512,0.2498,42.3045,51.9891,46.3237,5.6654,-2.1866,21920.1592,NA,NA,NA
Stalker2-Win64-Shipping.exe,13648,0x4E568280,DXGI,0,0,1,Hardware Composed: Independent Flip,22020.9900,NA,49.47960000000000,52.59900000000000,0.26800000000000,43.05390000000000,46.0769,21971.7602,49.4978,49.2298,0.2680,42.6926,49.5911,46.2410,3.3501,-0.9980,21971.7602,NA,NA,NA
Stalker2-Win64-Shipping.exe,13648,0x4E568280,DXGI,0,0,1,Hardware Composed: Independent Flip,22071.0670,NA,50.07700000000001,47.22840000000000,0.26380000000000,43.20010000000000,43.2283,22021.2580,50.0728,49.8090,0.2638,42.7859,50.2232,46.2289,3.9943,2.2694,22021.2580,NA,NA,NA
Stalker2-Win64-Shipping.exe,13648,0x4E568280,DXGI,0,0,1,Hardware Composed: Independent Flip,22122.0091,NA,50.94210000000000,51.09350000000001,0.27190000000000,42.73370000000000,43.3797,22071.3308,50.9502,50.6783,0.2719,42.9363,50.4757,45.9373,4.5384,-1.0207,22071.3308,NA,NA,NA
Stalker2-Win64-Shipping.exe,13648,0x4E568280,DXGI,0,0,1,Hardware Composed: Independent Flip,22172.8111,NA,50.80200000000000,50.25980000000001,0.27530000000000,42.77330000000000,42.8375,22122.2810,50.8054,50.5301,0.2753,42.4618,50.8416,46.0301,4.8115,0.6904,22122.2810,NA,NA,NA
Stalker2-Win64-Shipping.exe,13648,0x4E568280,DXGI,0,0,1,Hardware Composed: Independent Flip,22222.2575,NA,49.44640000000000,49.85140000000001,0.28180000000000,43.09250000000000,43.2425,22173.0864,49.4529,49.1711,0.2818,42.4980,49.7656,46.2709,3.4947,0.9540,22173.0864,NA,NA,NA
Stalker2-Win64-Shipping.exe,13648,0x4E568280,DXGI,0,0,1,Hardware Composed: Independent Flip,22271.9369,NA,49.67940000000000,49.61120000000000,0.26990000000000,43.15220000000000,43.1743,22222.5393,49.6675,49.3976,0.2699,42.8107,49.7391,46.4210,3.3181,-0.1583,22222.5393,NA,NA,NA
Stalker2-Win64-Shipping.exe,13648,0x4E568280,DXGI,0,0,1,Hardware Composed: Independent Flip,22322.1119,NA,50.17500000000000,49.82060000000000,0.25830000000000,42.71110000000000,42.8199,22272.2068,50.1634,49.9051,0.2583,42.8823,49.7339,45.9518,3.7821,-0.1531,22272.2068,NA,NA,NA
Stalker2-Win64-Shipping.exe,13648,0x4E568280,DXGI,0,0,1,Hardware Composed: Independent Flip,22373.4329,NA,51.32100000000001,51.13240000000000,0.27490000000000,42.61720000000000,42.6313,22322.3702,51.3376,51.0627,0.2749,42.4528,51.2271,45.9553,5.2718,-0.9690,22322.3702,NA,NA,NA
Stalker2-Win64-Shipping.exe,13648,0x4E568280,DXGI,0,0,1,Hardware Composed: Independent Flip,22422.5802,NA,49.14730000000000,50.23270000000000,0.25070000000000,42.98230000000000,43.7167,22373.7078,49.1231,48.8724,0.2507,42.3423,49.5124,46.1570,3.3554,1.1049,22373.7078,NA,NA,NA
Stalker2-Win64-Shipping.exe,13648,0x4E568280,DXGI,0,0,1,Hardware Composed: Independent Flip,22471.7879,NA,49.20770000000000,49.80530000000000,0.25600000000000,44.30050000000000,44.3143,22422.8309,49.2130,48.9570,0.2560,42.7316,50.5259,47.3368,3.1891,-0.6822,22422.8309,NA,NA,NA
Stalker2-Win64-Shipping.exe,13648,0x4E568280,DXGI,0,0,1,Hardware Composed: Independent Flip,22521.3672,NA,49.57930000000000,49.03700000000000,0.29680000000000,43.15940000000001,43.7720,22472.0439,49.6201,49.3233,0.2968,44.0445,48.4382,46.1730,2.2652,0.1760,22472.0439,NA,NA,NA
Stalker2-Win64-Shipping.exe,13648,0x4E568280,DXGI,0,0,1,Hardware Composed: Independent Flip,22571.2455,NA,49.87830000000000,49.14180000000000,0.25830000000000,43.02070000000001,43.0355,22521.6640,49.8398,49.5815,0.2583,42.8626,49.7396,46.1314,3.6082,0.4783,22521.6640,NA,NA,NA
Stalker2-Win64-Shipping.exe,13648,0x4E568280,DXGI,0,0,1,Hardware Composed: Independent Flip,22620.5119,NA,49.26640000000000,49.98780000000000,0.27380000000000,42.93580000000000,43.7569,22571.5038,49.2819,49.0081,0.2738,42.7624,49.1815,46.0313,3.1502,-0.1480,22571.5038,NA,NA,NA
Stalker2-Win64-Shipping.exe,13648,0x4E568280,DXGI,0,0,1,Hardware Composed: Independent Flip,22670.6517,NA,50.13980000000000,49.19760000000000,0.26230000000000,42.79160000000000,42.8147,22620.7857,50.1283,49.8660,0.2623,42.6620,49.9956,46.1475,3.8481,0.0843,22620.7857,NA,NA,NA
Stalker2-Win64-Shipping.exe,13648,0x4E568280,DXGI,0,0,1,Hardware Composed: Independent Flip,22720.7313,NA,50.07960000000000,50.69340000000000,0.27640000000000,42.97200000000000,43.4285,22670.9140,50.0937,49.8173,0.2764,42.5293,50.2600,46.1252,4.1348,-0.5651,22670.9140,NA,NA,NA
Stalker2-Win64-Shipping.exe,13648,0x4E568280,DXGI,0,0,1,Hardware Composed: Independent Flip,22771.7500,NA,51.01870000000000,50.86610000000000,0.34090000000000,43.19590000000000,43.2759,22721.0077,51.0832,50.7423,0.3409,42.6956,51.2426,46.4093,4.8333,-0.7724,22721.0077,NA,NA,NA
Stalker2-Win64-Shipping.exe,13648,0x4E568280,DXGI,0,0,1,Hardware Composed: Independent Flip,22821.3862,NA,49.63620000000000,49.53160000000000,0.25420000000000,42.68300000000000,43.1713,22772.0909,49.5495,49.2953,0.2542,42.8550,49.1233,45.7879,3.3354,1.5516,22772.0909,NA,NA,NA
Stalker2-Win64-Shipping.exe,13648,0x4E568280,DXGI,0,0,1,Hardware Composed: Independent Flip,22871.6825,NA,50.29630000000000,50.16720000000000,0.25060000000000,43.02850000000000,43.0422,22821.6404,50.2927,50.0421,0.2506,42.4288,50.6418,46.2018,4.4400,-0.6177,22821.6404,NA,NA,NA
Stalker2-Win64-Shipping.exe,13648,0x4E568280,DXGI,0,0,1,Hardware Composed: Independent Flip,22921.2924,NA,49.60990000000000,50.56790000000000,0.26210000000000,43.08680000000000,44.0002,22871.9331,49.6214,49.3593,0.2621,42.7779,49.6682,46.2106,3.4576,-0.2752,22871.9331,NA,NA,NA
Stalker2-Win64-Shipping.exe,13648,0x4E568280,DXGI,0,0,1,Hardware Composed: Independent Flip,22971.7143,NA,50.42190000000000,49.48740000000000,0.26560000000000,43.05190000000000,43.0657,22921.5545,50.4254,50.1598,0.2656,42.8247,50.3870,46.2382,4.1488,0.1340,22921.5545,NA,NA,NA
Stalker2-Win64-Shipping.exe,13648,0x4E568280,DXGI,0,0,1,Hardware Composed: Independent Flip,23021.0976,NA,49.38330000000001,49.69360000000000,0.25860000000000,42.94190000000000,43.3760,22971.9799,49.3763,49.1177,0.2586,42.7863,49.2733,46.0743,3.1990,0.7318,22971.9799,NA,NA,NA
Stalker2-Win64-Shipping.exe,13648,0x4E568280,DXGI,0,0,1,Hardware Composed: Independent Flip,23071.0254,NA,49.92780000000000,50.97010000000000,0.25900000000000,44.39930000000000,44.4183,23021.3562,49.9282,49.6692,0.2590,42.6833,51.3852,47.4461,3.9391,-1.5938,23021.3562,NA,NA,NA
Stalker2-Win64-Shipping.exe,13648,0x4E568280,DXGI,0,0,1,Hardware Composed: Independent Flip,23121.2086,NA,50.18320000000000,49.79840000000000,0.28360000000000,42.90100000000000,44.0335,23071.2844,50.2078,49.9242,0.2836,44.1403,48.6849,45.9439,2.7410,0.1298,23071.2844,NA,NA,NA
Stalker2-Win64-Shipping.exe,13648,0x4E568280,DXGI,0,0,1,Hardware Composed: Independent Flip,23170.6455,NA,49.43690000000000,48.60760000000001,0.30650000000000,43.18000000000000,43.2042,23121.4922,49.4598,49.1533,0.3065,42.6174,49.7159,46.4656,3.2503,1.6002,23121.4922,NA,NA,NA
Stalker2-Win64-Shipping.exe,13648,0x4E568280,DXGI,0,0,1,Hardware Composed: Independent Flip,23220.6396,NA,49.99410000000000,50.33290000000000,0.27080000000000,42.83500000000000,43.5430,23170.9520,49.9584,49.6876,0.2708,42.8735,49.6491,45.9715,3.6776,-0.8731,23170.9520,NA,NA,NA
Stalker2-Win64-Shipping.exe,13648,0x4E568280,DXGI,0,0,1,Hardware Composed: Independent Flip,23270.3782,NA,49.73860000000001,49.38980000000000,0.24250000000000,43.16440000000000,43.1942,23220.9104,49.7103,49.4678,0.2425,42.5642,50.0680,46.2516,3.8164,0.5686,23220.9104,NA,NA,NA
Stalker2-Win64-Shipping.exe,13648,0x4E568280,DXGI,0,0,1,Hardware Composed: Independent Flip,23321.7742,NA,51.39600000000000,51.52000000000000,0.28140000000000,43.07580000000000,43.3182,23270.6207,51.4349,51.1535,0.2814,42.9219,51.3074,46.4883,4.8191,-1.8097,23270.6207,NA,NA,NA
Stalker2-Win64-Shipping.exe,13648,0x4E568280,DXGI,0,0,1,Hardware Composed: Independent Flip,23372.6605,NA,50.88630000000001,50.99180000000000,0.26840000000000,42.86910000000000,43.4237,23322.0556,50.8733,50.6049,0.2684,42.7944,50.6796,45.9667,4.7129,0.4431,23322.0556,NA,NA,NA
Stalker2-Win64-Shipping.exe,13648,0x4E568280,DXGI,0,0,1,Hardware Composed: Independent Flip,23421.6764,NA,49.01590000000000,48.58120000000000,0.25610000000000,42.96790000000000,42.9890,23372.9289,49.0036,48.7475,0.2561,42.6007,49.1147,46.0703,3.0444,2.2921,23372.9289,NA,NA,NA
Stalker2-Win64-Shipping.exe,13648,0x4E568280,DXGI,0,0,1,Hardware Composed: Independent Flip,23471.8971,NA,50.22070000000000,50.44140000000000,0.27570000000000,43.19160000000000,43.2097,23421.9325,50.2403,49.9646,0.2757,42.7118,50.4444,46.3357,4.1087,-1.4378,23421.9325,NA,NA,NA
Stalker2-Win64-Shipping.exe,13648,0x4E568280,DXGI,0,0,1,Hardware Composed: Independent Flip,23522.0515,NA,50.15440000000000,50.79090000000000,0.27040000000000,42.90440000000000,43.8462,23472.1728,50.1491,49.8787,0.2704,42.9159,49.8672,46.0042,3.8630,-0.5506,23472.1728,NA,NA,NA
Stalker2-Win64-Shipping.exe,13648,0x4E568280,DXGI,0,0,1,Hardware Composed: Independent Flip,23572.9825,NA,50.93100000000000,51.09210000000000,0.26530000000000,43.99300000000000,44.0073,23522.3219,50.9259,50.6606,0.2653,42.6340,52.0196,47.2638,4.7558,-0.9430,23522.3219,NA,NA,NA
Stalker2-Win64-Shipping.exe,13648,0x4E568280,DXGI,0,0,1,Hardware Composed: Independent Flip,23621.9779,NA,48.99540000000000,48.99540000000000,0.26610000000000,42.93380000000001,44.0073,23573.2478,48.9962,48.7301,0.2661,43.7277,47.9362,46.0280,1.9082,1.9305,23573.2478,NA,NA,NA
Stalker2-Win64-Shipping.exe,13648,0x4E568280,DXGI,0,0,1,Hardware Composed: Independent Flip,23672.1864,NA,50.20850000000000,50.26110000000000,0.25170000000000,44.04330000000000,44.0599,23622.2440,50.1941,49.9424,0.2517,42.6677,51.3180,47.2759,4.0421,-1.2649,23622.2440,NA,NA,NA
Stalker2-Win64-Shipping.exe,13648,0x4E568280,DXGI,0,0,1,Hardware Composed: Independent Flip,23721.2043,NA,49.01790000000000,49.77090000000000,0.26170000000000,42.84280000000000,44.8129,23672.4381,49.0279,48.7662,0.2617,43.7916,47.8174,45.9952,1.8222,0.4232,23672.4381,NA,NA,NA
Stalker2-Win64-Shipping.exe,13648,0x4E568280,DXGI,0,0,1,Hardware Composed: Independent Flip,23772.7659,NA,51.56160000000001,49.64330000000000,0.28110000000000,42.87840000000000,42.8946,23721.4660,51.5810,51.2999,0.2811,42.5811,51.5972,46.2597,5.3375,-0.6154,23721.4660,NA,NA,NA
Stalker2-Win64-Shipping.exe,13648,0x4E568280,DXGI,0,0,1,Hardware Composed: Independent Flip,23821.7741,NA,49.00820000000000,51.30960000000000,0.25350000000000,43.08810000000000,45.1960,23773.0470,48.9806,48.7271,0.2535,42.5973,49.2179,46.1938,3.0241,0.2714,23773.0470,NA,NA,NA
Stalker2-Win64-Shipping.exe,13648,0x4E568280,DXGI,0,0,1,Hardware Composed: Independent Flip,23871.3917,NA,49.61760000000000,47.41740000000000,0.26850000000000,42.96420000000001,42.9958,23822.0276,49.6326,49.3641,0.2685,42.8346,49.4937,46.1169,3.3768,1.5632,23822.0276,NA,NA,NA
Stalker2-Win64-Shipping.exe,13648,0x4E568280,DXGI,0,0,1,Hardware Composed: Independent Flip,23923.1364,NA,51.74470000000000,54.10340000000000,0.23580000000000,45.09120000000000,45.3545,23871.6602,51.7120,51.4762,0.2358,42.6957,53.8717,48.5727,5.2990,-4.4708,23871.6602,NA,NA,NA
Stalker2-Win64-Shipping.exe,13648,0x4E568280,DXGI,0,0,1,Hardware Composed: Independent Flip,23972.6191,NA,49.48270000000000,48.80960000000000,0.27600000000000,42.92760000000001,44.6814,23923.3722,49.5229,49.2469,0.2760,44.8554,47.3191,46.0399,1.2792,2.9024,23923.3722,NA,NA,NA
Stalker2-Win64-Shipping.exe,13648,0x4E568280,DXGI,0,0,1,Hardware Composed: Independent Flip,24024.0995,NA,51.48040000000000,49.68310000000000,0.26040000000000,42.86240000000000,42.8841,23972.8951,51.4648,51.2044,0.2604,42.6516,51.4152,46.1256,5.2896,-0.1602,23972.8951,NA,NA,NA
Stalker2-Win64-Shipping.exe,13648,0x4E568280,DXGI,0,0,1,Hardware Composed: Independent Flip,24073.5697,NA,49.47020000000001,52.57470000000000,0.27320000000000,43.35830000000000,45.9886,24024.3599,49.4830,49.2098,0.2732,42.6020,49.9661,46.4015,3.5646,-1.1099,24024.3599,NA,NA,NA
Stalker2-Win64-Shipping.exe,13648,0x4E568280,DXGI,0,0,1,Hardware Composed: Independent Flip,24124.0971,NA,50.52740000000000,47.43380000000001,0.26770000000000,42.86720000000000,42.8950,24073.8429,50.5219,50.2542,0.2677,43.0851,50.0363,46.0797,3.9566,2.0492,24073.8429,NA,NA,NA
Stalker2-Win64-Shipping.exe,13648,0x4E568280,DXGI,0,0,1,Hardware Composed: Independent Flip,24175.7339,NA,51.63680000000000,51.96950000000000,0.27880000000000,42.90820000000000,43.2277,24124.3648,51.6479,51.3691,0.2788,42.5995,51.6778,46.2119,5.4659,-1.4476,24124.3648,NA,NA,NA
Stalker2-Win64-Shipping.exe,13648,0x4E568280,DXGI,0,0,1,Hardware Composed: Independent Flip,24224.9392,NA,49.20530000000000,49.50590000000000,0.26130000000000,42.81010000000001,43.5283,24176.0127,49.1878,48.9265,0.2613,42.6294,49.1072,45.9136,3.1936,2.1420,24176.0127,NA,NA,NA
Stalker2-Win64-Shipping.exe,13648,0x4E568280,DXGI,0,0,1,Hardware Composed: Independent Flip,24274.9662,NA,50.02700000000000,51.32460000000000,0.38110000000000,44.80990000000000,44.8259,24225.2005,50.1468,49.7657,0.3811,42.5488,52.0268,47.9581,4.0687,-2.1368,24225.2005,NA,NA,NA
Stalker2-Win64-Shipping.exe,13648,0x4E568280,DXGI,0,0,1,Hardware Composed: Independent Flip,24325.9106,NA,50.94440000000000,50.90700000000000,0.26550000000000,43.11800000000000,44.7885,24275.3473,50.8288,50.5633,0.2655,44.4288,49.2525,46.2399,3.0126,-0.7602,24275.3473,NA,NA,NA
Stalker2-Win64-Shipping.exe,13648,0x4E568280,DXGI,0,0,1,Hardware Composed: Independent Flip,24376.1083,NA,50.19770000000000,48.27050000000001,0.25340000000000,42.83780000000000,42.8613,24326.1761,50.1856,49.9322,0.2534,42.8525,49.9175,46.0108,3.9067,2.5583,24326.1761,NA,NA,NA
Stalker2-Win64-Shipping.exe,13648,0x4E568280,DXGI,0,0,1,Hardware Composed: Independent Flip,24426.2543,NA,50.14600000000000,50.45670000000000,0.25520000000000,42.68160000000000,43.1720,24376.3617,50.1478,49.8926,0.2552,42.5844,49.9898,46.3272,3.6626,-0.2711,24376.3617,NA,NA,NA
Stalker2-Win64-Shipping.exe,13648,0x4E568280,DXGI,0,0,1,Hardware Composed: Independent Flip,24476.3276,NA,50.07330000000000,49.99030000000000,0.28710000000000,43.05970000000000,43.0890,24426.5095,50.1052,49.8181,0.2871,42.4264,50.4514,46.2989,4.1525,0.1575,24426.5095,NA,NA,NA
Stalker2-Win64-Shipping.exe,13648,0x4E568280,DXGI,0,0,1,Hardware Composed: Independent Flip,24527.3595,NA,51.03190000000000,51.32910000000000,0.28150000000000,43.13190000000000,43.3862,24476.6147,51.0263,50.7448,0.2815,42.7726,51.1041,46.4311,4.6730,-1.2239,24476.6147,NA,NA,NA
Stalker2-Win64-Shipping.exe,13648,0x4E568280,DXGI,0,0,1,Hardware Composed: Independent Flip,24577.9702,NA,50.61070000000000,51.05270000000000,0.24010000000000,43.53230000000000,43.8282,24527.6410,50.5693,50.3292,0.2401,42.8504,51.0111,46.8611,4.1500,-0.0264,24527.6410,NA,NA,NA
Stalker2-Win64-Shipping.exe,13648,0x4E568280,DXGI,0,0,1,Hardware Composed: Independent Flip,24628.2299,NA,50.25970000000000,50.09230000000000,0.27420000000000,43.63820000000000,43.6608,24578.2103,50.2938,50.0196,0.2742,43.2922,50.3656,46.7187,3.6469,0.4770,24578.2103,NA,NA,NA
Stalker2-Win64-Shipping.exe,13648,0x4E568280,DXGI,0,0,1,Hardware Composed: Independent Flip,24678.1780,NA,49.94810000000000,50.35780000000000,0.27220000000000,44.02660000000000,44.0705,24628.5041,49.9461,49.6739,0.2722,43.3640,50.3365,47.0652,3.2713,-0.0640,24628.5041,NA,NA,NA
Stalker2-Win64-Shipping.exe,13648,0x4E568280,DXGI,0,0,1,Hardware Composed: Independent Flip,24728.3293,NA,50.15130000000000,49.08570000000000,0.27180000000000,42.79370000000000,43.0049,24678.4502,50.1509,49.8791,0.2718,43.7544,48.9184,45.8395,3.0789,0.8604,24678.4502,NA,NA,NA
Stalker2-Win64-Shipping.exe,13648,0x4E568280,DXGI,0,0,1,Hardware Composed: Independent Flip,24779.3011,NA,50.97180000000000,51.34720000000000,0.25390000000000,43.36520000000000,43.3803,24728.6011,50.9539,50.7000,0.2539,42.5219,51.5433,46.8577,4.6856,-1.1963,24728.6011,NA,NA,NA
Stalker2-Win64-Shipping.exe,13648,0x4E568280,DXGI,0,0,1,Hardware Composed: Independent Flip,24828.3668,NA,49.06570000000000,50.15330000000000,0.24840000000000,42.99470000000000,44.4679,24779.5550,49.0602,48.8118,0.2484,43.1113,48.6952,45.9586,2.7366,0.8006,24779.5550,NA,NA,NA
Stalker2-Win64-Shipping.exe,13648,0x4E568280,DXGI,0,0,1,Hardware Composed: Independent Flip,24878.8407,NA,50.47390000000000,50.37400000000000,0.27880000000000,44.35430000000000,44.3680,24828.6152,50.5043,50.2255,0.2788,42.7463,51.8335,47.4708,4.3627,-1.3138,24828.6152,NA,NA,NA
Stalker2-Win64-Shipping.exe,13648,0x4E568280,DXGI,0,0,1,Hardware Composed: Independent Flip,24928.4271,NA,49.58640000000000,49.60130000000000,0.28780000000000,42.62710000000000,44.3829,24879.1195,49.5954,49.3076,0.2878,44.0755,47.8592,45.7189,2.1403,0.9030,24879.1195,NA,NA,NA
Stalker2-Win64-Shipping.exe,13648,0x4E568280,DXGI,0,0,1,Hardware Composed: Independent Flip,24978.6733,NA,50.24620000000000,49.17160000000001,0.25940000000000,43.28550000000000,43.3083,24928.7149,50.2178,49.9584,0.2594,42.3393,50.9046,46.5237,4.3809,0.4238,24928.7149,NA,NA,NA
Stalker2-Win64-Shipping.exe,13648,0x4E568280,DXGI,0,0,1,Hardware Composed: Independent Flip,25028.6071,NA,49.93380000000001,51.43460000000000,0.24640000000000,43.01540000000000,44.8091,24978.9327,49.9208,49.6744,0.2464,43.0261,49.6637,46.0136,3.6501,-1.2168,24978.9327,NA,NA,NA
Stalker2-Win64-Shipping.exe,13648,0x4E568280,DXGI,0,0,1,Hardware Composed: Independent Flip,25079.7451,NA,51.13800000000001,49.29450000000000,0.27250000000000,42.94420000000000,42.9656,25028.8535,51.1641,50.8916,0.2725,42.7690,51.0668,46.2679,4.7989,0.6263,25028.8535,NA,NA,NA
Stalker2-Win64-Shipping.exe,13648,0x4E568280,DXGI,0,0,1,Hardware Composed: Independent Flip,25129.8976,NA,50.15250000000000,50.88320000000000,0.27440000000000,42.97970000000000,43.6963,25080.0176,50.1544,49.8800,0.2744,42.6717,50.1880,46.1965,3.9915,0.2809,25080.0176,NA,NA,NA
Stalker2-Win64-Shipping.exe,13648,0x4E568280,DXGI,0,0,1,Hardware Composed: Independent Flip,25180.1891,NA,50.29150000000000,49.59830000000000,0.24420000000000,42.97410000000000,43.0031,25130.1720,50.2613,50.0171,0.2442,42.7053,50.2859,46.7526,3.5333,0.5561,25130.1720,NA,NA,NA
Stalker2-Win64-Shipping.exe,13648,0x4E568280,DXGI,0,0,1,Hardware Composed: Independent Flip,25231.0740,NA,50.88490000000000,51.04980000000000,0.27570000000000,43.14840000000000,43.1680,25180.4333,50.9164,50.6407,0.2757,42.7299,51.0592,46.2932,4.7660,-0.7885,25180.4333,NA,NA,NA
Stalker2-Win64-Shipping.exe,13648,0x4E568280,DXGI,0,0,1,Hardware Composed: Independent Flip,25281.3897,NA,50.31570000000000,50.75680000000001,0.28680000000000,43.27040000000000,43.6091,25231.3497,50.3268,50.0400,0.2868,42.8727,50.4377,46.3903,4.0474,0.1596,25231.3497,NA,NA,NA
Stalker2-Win64-Shipping.exe,13648,0x4E568280,DXGI,0,0,1,Hardware Composed: Independent Flip,25331.0691,NA,49.67940000000000,49.13060000000000,0.30250000000000,43.03220000000000,43.0603,25281.6765,49.6951,49.3926,0.3025,42.9836,49.4412,46.0852,3.3560,1.1962,25281.6765,NA,NA,NA
Stalker2-Win64-Shipping.exe,13648,0x4E568280,DXGI,0,0,1,Hardware Composed: Independent Flip,25382.0409,NA,50.97180000000000,50.82050000000000,0.25110000000000,42.88970000000000,42.9090,25331.3716,50.9204,50.6693,0.2511,42.7297,50.8293,46.1812,4.6481,-1.1254,25331.3716,NA,NA,NA
Stalker2-Win64-Shipping.exe,13648,0x4E568280,DXGI,0,0,1,Hardware Composed: Independent Flip,25431.7284,NA,49.68750000000000,50.60340000000000,0.28120000000000,43.01000000000001,43.8249,25382.2920,49.7176,49.4364,0.2812,42.6386,49.8078,46.1183,3.6895,0.3170,25382.2920,NA,NA,NA
Stalker2-Win64-Shipping.exe,13648,0x4E568280,DXGI,0,0,1,Hardware Composed: Independent Flip,25482.0547,NA,50.32630000000000,50.43750000000000,0.29190000000000,43.92130000000000,43.9361,25432.0096,50.3370,50.0451,0.2919,42.7288,51.2376,47.0527,4.1849,-0.7199,25432.0096,NA,NA,NA
Stalker2-Win64-Shipping.exe,13648,0x4E568280,DXGI,0,0,1,Hardware Composed: Independent Flip,25531.9887,NA,49.93400000000000,49.60800000000000,0.25960000000000,42.82130000000000,43.6101,25482.3466,49.9017,49.6421,0.2596,43.6294,48.8340,45.8833,2.9507,0.7290,25482.3466,NA,NA,NA
Stalker2-Win64-Shipping.exe,13648,0x4E568280,DXGI,0,0,1,Hardware Composed: Independent Flip,25582.5450,NA,50.55630000000000,49.97580000000000,0.27470000000000,43.01010000000000,43.0296,25532.2483,50.5714,50.2967,0.2747,42.5617,50.7451,46.2438,4.5013,-0.0741,25532.2483,NA,NA,NA
Stalker2-Win64-Shipping.exe,13648,0x4E568280,DXGI,0,0,1,Hardware Composed: Independent Flip,25632.4143,NA,49.86930000000000,51.20470000000000,0.23580000000000,43.24220000000000,44.3650,25582.8197,49.8304,49.5946,0.2358,42.7354,50.1014,46.3523,3.7491,-0.6333,25582.8197,NA,NA,NA
Stalker2-Win64-Shipping.exe,13648,0x4E568280,DXGI,0,0,1,Hardware Composed: Independent Flip,25682.7455,NA,50.33120000000000,48.74920000000000,0.24120000000000,42.75230000000001,42.7830,25632.6501,50.3366,50.0954,0.2412,43.0064,49.8413,45.9351,3.9062,1.0812,25632.6501,NA,NA,NA
Stalker2-Win64-Shipping.exe,13648,0x4E568280,DXGI,0,0,1,Hardware Composed: Independent Flip,25732.6873,NA,49.94180000000000,49.89330000000000,0.24260000000000,42.70650000000001,42.7345,25682.9867,49.9432,49.7006,0.2426,42.5111,49.8960,46.6396,3.2564,0.4433,25682.9867,NA,NA,NA
Stalker2-Win64-Shipping.exe,13648,0x4E568280,DXGI,0,0,1,Hardware Composed: Independent Flip,25783.6665,NA,50.97920000000001,51.62850000000000,0.28070000000000,43.14190000000000,43.3838,25732.9299,51.0173,50.7366,0.2807,42.4639,51.4146,46.5363,4.8783,-1.6853,25732.9299,NA,NA,NA
Stalker2-Win64-Shipping.exe,13648,0x4E568280,DXGI,0,0,1,Hardware Composed: Independent Flip,25833.2877,NA,49.62120000000000,50.15150000000001,0.27340000000000,43.22870000000000,43.9141,25783.9472,49.6139,49.3405,0.2734,42.8612,49.7080,46.3521,3.3559,0.8658,25783.9472,NA,NA,NA
Stalker2-Win64-Shipping.exe,13648,0x4E568280,DXGI,0,0,1,Hardware Composed: Independent Flip,25883.7123,NA,50.42460000000001,49.91140000000000,0.24490000000000,43.38570000000000,43.4009,25833.5611,50.3961,50.1512,0.2449,42.9553,50.5816,46.4834,4.0982,-0.2975,25833.5611,NA,NA,NA
Stalker2-Win64-Shipping.exe,13648,0x4E568280,DXGI,0,0,1,Hardware Composed: Independent Flip,25933.5172,NA,49.80490000000000,49.82760000000000,0.27200000000000,42.88080000000000,43.4236,25883.9572,49.8320,49.5600,0.2720,43.1408,49.3000,45.9680,3.3320,0.5685,25883.9572,NA,NA,NA
Stalker2-Win64-Shipping.exe,13648,0x4E568280,DXGI,0,0,1,Hardware Composed: Independent Flip,25983.6309,NA,50.11370000000000,49.98170000000000,0.24830000000000,43.25270000000000,43.2916,25933.7892,50.0900,49.8417,0.2483,42.6088,50.4856,47.0628,3.4228,-0.1497,25933.7892,NA,NA,NA
Stalker2-Win64-Shipping.exe,13648,0x4E568280,DXGI,0,0,1,Hardware Composed: Independent Flip,26033.4814,NA,49.85050000000000,50.27650000000001,0.26630000000000,43.04340000000001,43.7176,25983.8792,49.8685,49.6022,0.2663,43.0044,49.6412,46.0302,3.6110,-0.1865,25983.8792,NA,NA,NA
Stalker2-Win64-Shipping.exe,13648,0x4E568280,DXGI,0,0,1,Hardware Composed: Independent Flip,26083.5725,NA,50.09110000000000,50.80870000000000,0.26290000000000,44.41850000000000,44.4352,26033.7477,50.0877,49.8248,0.2629,42.7771,51.4662,47.5339,3.9323,-0.9402,26033.7477,NA,NA,NA
Stalker2-Win64-Shipping.exe,13648,0x4E568280,DXGI,0,0,1,Hardware Composed: Independent Flip,26133.4029,NA,49.83040000000000,49.36040000000001,0.24600000000000,43.02870000000000,43.9652,26083.8354,49.8135,49.5675,0.2460,44.1556,48.4406,46.0922,2.3484,0.7273,26083.8354,NA,NA,NA
Stalker2-Win64-Shipping.exe,13648,0x4E568280,DXGI,0,0,1,Hardware Composed: Independent Flip,26183.3462,NA,49.94330000000000,49.51450000000001,0.27680000000000,43.51390000000000,43.5364,26133.6489,49.9741,49.6973,0.2768,42.7827,50.4285,46.5521,3.8764,0.2990,26133.6489,NA,NA,NA
Stalker2-Win64-Shipping.exe,13648,0x4E568280,DXGI,0,0,1,Hardware Composed: Independent Flip,26233.5296,NA,50.18340000000000,51.19550000000000,0.25100000000000,43.37780000000000,44.5485,26183.6230,50.1576,49.9066,0.2510,43.2371,50.0473,46.3888,3.6585,-1.2214,26183.6230,NA,NA,NA
Stalker2-Win64-Shipping.exe,13648,0x4E568280,DXGI,0,0,1,Hardware Composed: Independent Flip,26284.2573,NA,50.72770000000001,48.79040000000001,0.28150000000000,42.58290000000000,42.6112,26233.7806,50.7582,50.4767,0.2815,43.1268,49.9328,45.7866,4.1462,1.3672,26233.7806,NA,NA,NA
Stalker2-Win64-Shipping.exe,13648,0x4E568280,DXGI,0,0,1,Hardware Composed: Independent Flip,26334.5528,NA,50.29550000000000,50.49970000000000,0.26970000000000,42.79510000000001,42.8154,26284.5388,50.2837,50.0140,0.2697,42.3014,50.5077,45.9143,4.5934,0.2585,26284.5388,NA,NA,NA
Stalker2-Win64-Shipping.exe,13648,0x4E568280,DXGI,0,0,1,Hardware Composed: Independent Flip,26386.1349,NA,51.58210000000000,52.47070000000000,0.24900000000000,43.39220000000000,43.7040,26334.8225,51.5614,51.3124,0.2490,42.5254,52.1792,46.6636,5.5156,-2.1870,26334.8225,NA,NA,NA
Stalker2-Win64-Shipping.exe,13648,0x4E568280,DXGI,0,0,1,Hardware Composed: Independent Flip,26435.8722,NA,49.73730000000000,49.94400000000000,0.26710000000000,43.00690000000000,43.9107,26386.3839,49.7554,49.4883,0.2671,43.1432,49.3520,46.0971,3.2549,1.6174,26386.3839,NA,NA,NA
Stalker2-Win64-Shipping.exe,13648,0x4E568280,DXGI,0,0,1,Hardware Composed: Independent Flip,26486.3225,NA,50.45030000000001,49.68740000000000,0.25680000000000,43.13360000000000,43.1478,26436.1393,50.4400,50.1832,0.2568,42.7398,50.5770,46.2762,4.3008,0.0680,26436.1393,NA,NA,NA
Stalker2-Win64-Shipping.exe,13648,0x4E568280,DXGI,0,0,1,Hardware Composed: Independent Flip,26535.6855,NA,49.36300000000000,50.57650000000000,0.27820000000000,43.46720000000001,44.3613,26486.5793,49.3844,49.1062,0.2782,42.8768,49.6966,46.6323,3.0643,-0.1365,26486.5793,NA,NA,NA
Stalker2-Win64-Shipping.exe,13648,0x4E568280,DXGI,0,0,1,Hardware Composed: Independent Flip,26585.7681,NA,50.08260000000000,48.59550000000000,0.25850000000000,42.85400000000000,42.8742,26535.9637,50.0629,49.8044,0.2585,43.1890,49.4694,46.1175,3.3519,0.7889,26535.9637,NA,NA,NA
Stalker2-Win64-Shipping.exe,13648,0x4E568280,DXGI,0,0,1,Hardware Composed: Independent Flip,26635.6094,NA,49.84130000000000,51.07270000000000,0.24840000000000,44.08210000000000,44.1056,26586.0266,49.8312,49.5828,0.2484,42.5955,51.0694,47.2324,3.8370,-1.0098,26586.0266,NA,NA,NA
Stalker2-Win64-Shipping.exe,13648,0x4E568280,DXGI,0,0,1,Hardware Composed: Independent Flip,26685.7710,NA,50.16160000000000,51.20000000000000,0.28400000000000,44.57540000000000,45.1440,26635.8578,50.1972,49.9132,0.2840,43.8337,50.6549,47.7535,2.9014,-1.3688,26635.8578,NA,NA,NA
Stalker2-Win64-Shipping.exe,13648,0x4E568280,DXGI,0,0,1,Hardware Composed: Independent Flip,26735.9334,NA,50.16240000000001,48.21410000000000,0.27490000000000,43.17270000000000,43.1957,26686.0550,50.1533,49.8784,0.2749,44.2914,48.7597,46.3124,2.4473,1.9831,26686.0550,NA,NA,NA
Stalker2-Win64-Shipping.exe,13648,0x4E568280,DXGI,0,0,1,Hardware Composed: Independent Flip,26786.2957,NA,50.36230000000000,50.65220000000000,0.27610000000000,43.42460000000001,43.4856,26736.2083,50.3635,50.0874,0.2761,42.8978,50.6142,46.6245,3.9897,-0.4989,26736.2083,NA,NA,NA
Stalker2-Win64-Shipping.exe,13648,0x4E568280,DXGI,0,0,1,Hardware Composed: Independent Flip,26836.0641,NA,49.76840000000000,50.63730000000000,0.25340000000000,42.99160000000001,44.3545,26786.5718,49.7457,49.4923,0.2534,43.1485,49.3354,46.1529,3.1825,-0.2738,26786.5718,NA,NA,NA
Stalker2-Win64-Shipping.exe,13648,0x4E568280,DXGI,0,0,1,Hardware Composed: Independent Flip,26886.7796,NA,50.71550000000001,48.94220000000000,0.28100000000000,42.55260000000001,42.5812,26836.3175,50.7431,50.4621,0.2810,42.7382,50.2765,45.9312,4.3453,0.8035,26836.3175,NA,NA,NA
Stalker2-Win64-Shipping.exe,13648,0x4E568280,DXGI,0,0,1,Hardware Composed: Independent Flip,26937.5743,NA,50.79470000000001,52.05750000000000,0.26160000000000,43.26800000000000,43.8440,26887.0606,50.7753,50.5137,0.2616,42.2716,51.5101,46.5569,4.9532,-1.3144,26887.0606,NA,NA,NA
Stalker2-Win64-Shipping.exe,13648,0x4E568280,DXGI,0,0,1,Hardware Composed: Independent Flip,26988.0717,NA,50.49740000000000,49.98650000000000,0.31000000000000,42.89920000000000,43.3331,26937.8359,50.5458,50.2358,0.3100,43.0064,50.1286,46.1419,3.9867,0.7888,26937.8359,NA,NA,NA
Stalker2-Win64-Shipping.exe,13648,0x4E568280,DXGI,0,0,1,Hardware Composed: Independent Flip,27038.2952,NA,50.22350000000000,50.47160000000000,0.27150000000000,43.54770000000000,43.5812,26988.3817,50.1850,49.9135,0.2715,42.5892,50.8720,46.6459,4.2261,0.0742,26988.3817,NA,NA,NA
Stalker2-Win64-Shipping.exe,13648,0x4E568280,DXGI,0,0,1,Hardware Composed: Independent Flip,27089.3651,NA,51.06990000000000,51.20200000000001,0.25960000000000,43.01840000000000,43.7133,27038.5667,51.0580,50.7984,0.2596,43.2762,50.5406,46.1663,4.3743,-1.0170,27038.5667,NA,NA,NA
Stalker2-Win64-Shipping.exe,13648,0x4E568280,DXGI,0,0,1,Hardware Composed: Independent Flip,27138.7298,NA,49.36470000000000,48.92410000000000,0.25640000000000,43.24070000000000,43.2727,27089.6247,49.3615,49.1051,0.2564,42.7588,49.5870,46.4505,3.1365,2.1339,27089.6247,NA,NA,NA
Stalker2-Win64-Shipping.exe,13648,0x4E568280,DXGI,0,0,1,Hardware Composed: Independent Flip,27189.7526,NA,51.02280000000000,50.66420000000000,0.25920000000000,42.89880000000000,42.9141,27138.9862,51.0256,50.7664,0.2592,42.9843,50.6809,46.2492,4.4317,-1.3027,27138.9862,NA,NA,NA
Stalker2-Win64-Shipping.exe,13648,0x4E568280,DXGI,0,0,1,Hardware Composed: Independent Flip,27238.4018,NA,48.64920000000000,49.47000000000000,0.27450000000000,43.09920000000000,43.7349,27190.0118,48.6645,48.3900,0.2745,42.6396,48.8496,46.1619,2.6877,1.5556,27190.0118,NA,NA,NA
Stalker2-Win64-Shipping.exe,13648,0x4E568280,DXGI,0,0,1,Hardware Composed: Independent Flip,27288.3399,NA,49.93810000000001,50.53980000000000,0.27040000000000,44.31840000000000,44.3366,27238.6763,49.9340,49.6636,0.2704,42.8247,51.1573,47.4803,3.6770,-1.8753,27238.6763,NA,NA,NA
Stalker2-Win64-Shipping.exe,13648,0x4E568280,DXGI,0,0,1,Hardware Composed: Independent Flip,27338.3121,NA,49.97220000000000,49.82410000000000,0.26990000000000,42.87180000000000,44.1885,27288.6103,49.9717,49.7018,0.2699,44.0480,48.5256,45.9036,2.6220,0.1099,27288.6103,NA,NA,NA
Stalker2-Win64-Shipping.exe,13648,0x4E568280,DXGI,0,0,1,Hardware Composed: Independent Flip,27388.1837,NA,49.87160000000000,49.20650000000001,0.26820000000000,43.50910000000000,43.5234,27338.5820,49.8699,49.6017,0.2682,42.6019,50.5089,46.5493,3.9596,0.7652,27338.5820,NA,NA,NA
Stalker2-Win64-Shipping.exe,13648,0x4E568280,DXGI,0,0,1,Hardware Composed: Independent Flip,27438.0657,NA,49.88200000000001,50.55020000000000,0.26560000000000,43.01750000000001,44.1916,27388.4519,49.8794,49.6138,0.2656,43.2409,49.3904,46.2783,3.1121,-0.6803,27388.4519,NA,NA,NA
Stalker2-Win64-Shipping.exe,13648,0x4E568280,DXGI,0,0,1,Hardware Composed: Independent Flip,27488.4408,NA,50.37510000000000,48.77730000000000,0.27870000000000,42.56760000000000,42.5938,27438.3313,50.3882,50.1095,0.2787,42.7519,49.9252,45.7620,4.1632,1.1021,27438.3313,NA,NA,NA
Stalker2-Win64-Shipping.exe,13648,0x4E568280,DXGI,0,0,1,Hardware Composed: Independent Flip,27538.7851,NA,50.34430000000000,50.82670000000000,0.25250000000000,42.73420000000000,43.0762,27488.7195,50.3181,50.0656,0.2525,42.2889,50.5109,46.4109,4.1000,-0.4385,27488.7195,NA,NA,NA
Stalker2-Win64-Shipping.exe,13648,0x4E568280,DXGI,0,0,1,Hardware Composed: Independent Flip,27588.8632,NA,50.07810000000000,50.19350000000000,0.27470000000000,42.99790000000000,43.1916,27539.0376,50.1003,49.8256,0.2747,42.4817,50.3418,46.2549,4.0869,0.1246,27539.0376,NA,NA,NA
Stalker2-Win64-Shipping.exe,13648,0x4E568280,DXGI,0,0,1,Hardware Composed: Independent Flip,27639.8283,NA,50.96510000000000,50.89110000000000,0.24610000000000,43.10240000000000,43.1176,27589.1379,50.9365,50.6904,0.2461,42.7232,51.0696,46.4754,4.5942,-0.7908,27589.1379,NA,NA,NA
Stalker2-Win64-Shipping.exe,13648,0x4E568280,DXGI,0,0,1,Hardware Composed: Independent Flip,27689.0662,NA,49.23790000000000,49.56550000000000,0.27460000000000,42.99730000000000,43.4452,27640.0744,49.2664,48.9918,0.2746,42.8563,49.1328,46.1329,2.9999,1.3710,27640.0744,NA,NA,NA
Stalker2-Win64-Shipping.exe,13648,0x4E568280,DXGI,0,0,1,Hardware Composed: Independent Flip,27739.6993,NA,50.63310000000000,50.17610000000001,0.27380000000000,42.97280000000000,42.9882,27689.3408,50.6323,50.3585,0.2738,42.7227,50.6086,46.3151,4.2935,-0.9097,27689.3408,NA,NA,NA
Stalker2-Win64-Shipping.exe,13648,0x4E568280,DXGI,0,0,1,Hardware Composed: Independent Flip,27788.5243,NA,48.82500000000000,49.74650000000000,0.26530000000000,43.01970000000000,43.9097,27739.9731,48.8165,48.5512,0.2653,42.6990,48.8719,46.0884,2.7835,0.8858,27739.9731,NA,NA,NA
Stalker2-Win64-Shipping.exe,13648,0x4E568280,DXGI,0,0,1,Hardware Composed: Independent Flip,27838.2383,NA,49.71400000000001,49.61830000000000,0.26480000000000,43.79320000000000,43.8140,27788.7896,49.7135,49.4487,0.2648,42.7544,50.4875,46.8186,3.6689,-0.8018,27788.7896,NA,NA,NA
Stalker2-Win64-Shipping.exe,13648,0x4E568280,DXGI,0,0,1,Hardware Composed: Independent Flip,27889.0973,NA,50.85900000000000,52.05480000000000,0.27800000000000,44.06730000000000,45.0098,27838.5031,50.8722,50.5942,0.2780,43.5284,51.1331,47.4980,3.6351,-2.3413,27838.5031,NA,NA,NA
Stalker2-Win64-Shipping.exe,13648,0x4E568280,DXGI,0,0,1,Hardware Composed: Independent Flip,27939.7330,NA,50.63570000000000,48.63740000000000,0.23070000000000,42.83810000000000,43.0115,27889.3753,50.5884,50.3577,0.2307,43.7893,49.4065,46.0053,3.4012,2.2348,27889.3753,NA,NA,NA
Stalker2-Win64-Shipping.exe,13648,0x4E568280,DXGI,0,0,1,Hardware Composed: Independent Flip,27988.2773,NA,48.54430000000000,48.33760000000000,0.24760000000000,42.78070000000000,42.8048,27939.9637,48.5612,48.3136,0.2476,42.6074,48.4869,46.3852,2.1017,2.2508,27939.9637,NA,NA,NA
Stalker2-Win64-Shipping.exe,13648,0x4E568280,DXGI,0,0,1,Hardware Composed: Independent Flip,28039.0991,NA,50.82180000000000,51.07540000000000,0.27760000000000,42.92140000000001,43.0584,27988.5249,50.8518,50.5742,0.2776,42.5331,50.9625,46.2057,4.7568,-2.5142,27988.5249,NA,NA,NA
Stalker2-Win64-Shipping.exe,13648,0x4E568280,DXGI,0,0,1,Hardware Composed: Independent Flip,28088.9016,NA,49.80250000000000,50.70130000000000,0.26780000000000,43.35160000000000,43.9572,28039.3767,49.7927,49.5249,0.2678,42.6438,50.2327,46.5389,3.6938,0.1505,28039.3767,NA,NA,NA
Stalker2-Win64-Shipping.exe,13648,0x4E568280,DXGI,0,0,1,Hardware Composed: Independent Flip,28139.4448,NA,50.54320000000001,49.39750000000000,0.26070000000000,42.74430000000000,42.8115,28089.1694,50.5361,50.2754,0.2607,43.0838,49.9359,45.9972,3.9387,0.3952,28089.1694,NA,NA,NA
Stalker2-Win64-Shipping.exe,13648,0x4E568280,DXGI,0,0,1,Hardware Composed: Independent Flip,28190.2479,NA,50.80310000000000,51.23210000000000,0.25830000000000,43.22680000000000,43.2405,28139.7055,50.8007,50.5424,0.2583,42.4836,51.2856,46.9559,4.3297,-0.6960,28139.7055,NA,NA,NA
Stalker2-Win64-Shipping.exe,13648,0x4E568280,DXGI,0,0,1,Hardware Composed: Independent Flip,28239.4302,NA,49.18230000000001,49.30160000000000,0.26080000000000,42.64860000000000,43.3598,28190.5062,49.1848,48.9240,0.2608,42.9685,48.6041,45.7461,2.8580,1.4991,28190.5062,NA,NA,NA
Stalker2-Win64-Shipping.exe,13648,0x4E568280,DXGI,0,0,1,Hardware Composed: Independent Flip,28290.0684,NA,50.63820000000000,50.27220000000001,0.26290000000000,42.97640000000001,42.9938,28239.6910,50.6403,50.3774,0.2629,42.3878,50.9660,46.2221,4.7439,-1.0874,28239.6910,NA,NA,NA
Stalker2-Win64-Shipping.exe,13648,0x4E568280,DXGI,0,0,1,Hardware Composed: Independent Flip,28339.9131,NA,49.84470000000000,51.25990000000000,0.26480000000000,43.06720000000000,44.4090,28290.3313,49.8466,49.5818,0.2648,42.7135,49.9355,46.1881,3.7474,-0.6196,28290.3313,NA,NA,NA
Stalker2-Win64-Shipping.exe,13648,0x4E568280,DXGI,0,0,1,Hardware Composed: Independent Flip,28390.6042,NA,50.69110000000001,49.61480000000000,0.29200000000000,43.31600000000000,43.3327,28340.1779,50.7183,50.4263,0.2920,42.8024,50.9399,46.5146,4.4253,0.2318,28340.1779,NA,NA,NA
Stalker2-Win64-Shipping.exe,13648,0x4E568280,DXGI,0,0,1,Hardware Composed: Independent Flip,28440.6069,NA,50.00270000000000,50.20010000000000,0.27650000000000,42.98050000000000,43.5301,28390.8962,49.9872,49.7107,0.2765,43.0240,49.6672,46.1765,3.4907,0.5182,28390.8962,NA,NA,NA
Stalker2-Win64-Shipping.exe,13648,0x4E568280,DXGI,0,0,1,Hardware Composed: Independent Flip,28490.9078,NA,50.30090000000001,51.30020000000000,0.33080000000000,44.51440000000000,44.5294,28440.8834,50.3552,50.0244,0.3308,42.7040,51.8348,47.6823,4.1525,-1.3130,28440.8834,NA,NA,NA
Stalker2-Win64-Shipping.exe,13648,0x4E568280,DXGI,0,0,1,Hardware Composed: Independent Flip,28540.0269,NA,49.11910000000000,49.18100000000000,0.25720000000000,43.40900000000000,44.5913,28491.2386,49.0455,48.7883,0.2572,44.1836,48.0137,46.5294,1.4843,1.1742,28491.2386,NA,NA,NA
Stalker2-Win64-Shipping.exe,13648,0x4E568280,DXGI,0,0,1,Hardware Composed: Independent Flip,28589.7815,NA,49.75460000000000,47.85820000000000,0.26380000000000,42.67570000000000,42.6949,28540.2841,49.7612,49.4974,0.2638,43.1518,49.0213,46.0017,3.0196,1.1873,28540.2841,NA,NA,NA
Stalker2-Win64-Shipping.exe,13648,0x4E568280,DXGI,0,0,1,Hardware Composed: Independent Flip,28639.6964,NA,49.91490000000000,50.59370000000001,0.26300000000000,42.61290000000000,43.3737,28590.0453,49.9141,49.6511,0.2630,42.4119,49.8521,45.8386,4.0135,-0.8325,28590.0453,NA,NA,NA
Stalker2-Win64-Shipping.exe,13648,0x4E568280,DXGI,0,0,1,Hardware Composed: Independent Flip,28690.2704,NA,50.57400000000001,50.42130000000000,0.27560000000000,43.20360000000000,43.2210,28639.9594,50.5866,50.3110,0.2756,42.3499,51.1647,46.4552,4.7095,-0.5072,28639.9594,NA,NA,NA
Stalker2-Win64-Shipping.exe,13648,0x4E568280,DXGI,0,0,1,Hardware Composed: Independent Flip,28740.3374,NA,50.06700000000000,50.81570000000000,0.27760000000000,43.36290000000000,43.9697,28690.5460,50.0690,49.7914,0.2776,42.9280,50.2263,46.4430,3.7833,-0.2291,28690.5460,NA,NA,NA
Stalker2-Win64-Shipping.exe,13648,0x4E568280,DXGI,0,0,1,Hardware Composed: Independent Flip,28791.0977,NA,50.76030000000000,50.11810000000001,0.28700000000000,43.25810000000000,43.3275,28740.6150,50.7697,50.4827,0.2870,43.0853,50.6555,46.4658,4.1897,-0.0491,28740.6150,NA,NA,NA
Stalker2-Win64-Shipping.exe,13648,0x4E568280,DXGI,0,0,1,Hardware Composed: Independent Flip,28842.2161,NA,51.11840000000000,50.73930000000000,0.27290000000000,42.71310000000000,42.9484,28791.3847,51.1043,50.8314,0.2729,42.9711,50.5734,45.9645,4.6089,0.0304,28791.3847,NA,NA,NA
Stalker2-Win64-Shipping.exe,13648,0x4E568280,DXGI,0,0,1,Hardware Composed: Independent Flip,28892.3774,NA,50.16130000000000,50.16040000000000,0.26390000000000,42.93280000000000,42.9475,28842.4890,50.1523,49.8884,0.2639,42.4402,50.3810,46.0674,4.3136,0.9439,28842.4890,NA,NA,NA
Stalker2-Win64-Shipping.exe,13648,0x4E568280,DXGI,0,0,1,Hardware Composed: Independent Flip,28941.3007,NA,48.92330000000000,49.11560000000000,0.28610000000000,43.12470000000000,43.1398,28892.6413,48.9455,48.6594,0.2861,42.6689,49.1152,46.2627,2.8525,1.0367,28892.6413,NA,NA,NA
Stalker2-Win64-Shipping.exe,13648,0x4E568280,DXGI,0,0,1,Hardware Composed: Independent Flip,28990.9915,NA,49.69080000000000,49.78140000000000,0.25700000000000,43.21090000000000,43.2304,28941.5868,49.6617,49.4047,0.2570,42.8386,49.7770,46.3475,3.4295,-0.8359,28941.5868,NA,NA,NA
Stalker2-Win64-Shipping.exe,13648,0x4E568280,DXGI,0,0,1,Hardware Composed: Independent Flip,29041.1998,NA,50.20830000000000,50.60380000000000,0.26370000000000,43.26740000000000,43.6259,28991.2485,50.2150,49.9513,0.2637,42.9539,50.2648,46.2943,3.9705,-0.9421,28991.2485,NA,NA,NA
Stalker2-Win64-Shipping.exe,13648,0x4E568280,DXGI,0,0,1,Hardware Composed: Independent Flip,29091.4736,NA,50.27380000000000,50.63170000000000,0.22930000000000,43.96290000000000,43.9838,29041.4635,50.2394,50.0101,0.2293,43.0037,50.9693,47.0364,3.9329,-0.4167,29041.4635,NA,NA,NA
Stalker2-Win64-Shipping.exe,13648,0x4E568280,DXGI,0,0,1,Hardware Composed: Independent Flip,29141.4847,NA,50.01110000000000,49.05340000000000,0.26890000000000,42.68540000000000,43.0261,29091.7029,50.0507,49.7818,0.2689,43.7336,48.7336,45.8049,2.9287,1.1860,29091.7029,NA,NA,NA
Stalker2-Win64-Shipping.exe,13648,0x4E568280,DXGI,0,0,1,Hardware Composed: Independent Flip,29191.2769,NA,49.79220000000000,49.59810000000000,0.31700000000000,42.81830000000000,42.8320,29141.7536,49.8403,49.5233,0.3170,42.4165,49.9251,45.9687,3.9564,0.4526,29141.7536,NA,NA,NA
Stalker2-Win64-Shipping.exe,13648,0x4E568280,DXGI,0,0,1,Hardware Composed: Independent Flip,29242.2889,NA,51.01200000000000,52.10850000000000,0.26700000000000,43.17690000000000,43.9285,29191.5939,50.9620,50.6950,0.2670,42.5013,51.3706,46.3738,4.9968,-2.2682,29191.5939,NA,NA,NA
Stalker2-Win64-Shipping.exe,13648,0x4E568280,DXGI,0,0,1,Hardware Composed: Independent Flip,29292.9124,NA,50.62350000000000,49.93910000000000,0.27170000000000,42.91930000000000,43.2441,29242.5559,50.6282,50.3565,0.2717,42.9099,50.3659,46.1689,4.1970,1.0229,29242.5559,NA,NA,NA
Stalker2-Win64-Shipping.exe,13648,0x4E568280,DXGI,0,0,1,Hardware Composed: Independent Flip,29342.7786,NA,49.86620000000000,49.93370000000000,0.27580000000000,43.28590000000001,43.3116,29293.1841,49.8703,49.5945,0.2758,42.6476,50.2328,46.5259,3.7069,0.6945,29293.1841,NA,NA,NA
Stalker2-Win64-Shipping.exe,13648,0x4E568280,DXGI,0,0,1,Hardware Composed: Independent Flip,29392.6119,NA,49.83330000000000,49.78880000000000,0.27620000000000,42.91190000000000,43.2671,29343.0544,49.8337,49.5575,0.2762,43.0101,49.4593,46.0313,3.4280,0.0815,29343.0544,NA,NA,NA
Stalker2-Win64-Shipping.exe,13648,0x4E568280,DXGI,0,0,1,Hardware Composed: Independent Flip,29442.2873,NA,49.67540000000000,49.56380000000000,0.26430000000000,43.12690000000000,43.1555,29392.8881,49.6635,49.3992,0.2643,42.6357,49.8904,46.2511,3.6393,0.2699,29392.8881,NA,NA,NA
Stalker2-Win64-Shipping.exe,13648,0x4E568280,DXGI,0,0,1,Hardware Composed: Independent Flip,29492.7641,NA,50.47680000000000,50.55780000000000,0.27000000000000,42.87770000000000,43.2365,29442.5516,50.4825,50.2125,0.2700,42.8626,50.2276,45.9593,4.2683,-0.8943,29442.5516,NA,NA,NA
Stalker2-Win64-Shipping.exe,13648,0x4E568280,DXGI,0,0,1,Hardware Composed: Independent Flip,29542.6564,NA,49.89230000000001,49.68700000000000,0.26190000000000,43.00010000000000,43.0312,29493.0341,49.8842,49.6223,0.2619,42.6077,50.0147,46.1202,3.8945,0.7955,29493.0341,NA,NA,NA
Stalker2-Win64-Shipping.exe,13648,0x4E568280,DXGI,0,0,1,Hardware Composed: Independent Flip,29593.6241,NA,50.96770000000000,50.96670000000000,0.24690000000000,43.01230000000000,43.0302,29542.9183,50.9527,50.7058,0.2469,42.7382,50.9799,46.4979,4.4820,-1.0825,29542.9183,NA,NA,NA
Stalker2-Win64-Shipping.exe,13648,0x4E568280,DXGI,0,0,1,Hardware Composed: Independent Flip,29642.5153,NA,48.89120000000000,49.54580000000000,0.26530000000000,43.09060000000000,43.6848,29593.8710,48.9096,48.6443,0.2653,42.7654,48.9695,46.1811,2.7884,1.4069,29593.8710,NA,NA,NA
Stalker2-Win64-Shipping.exe,13648,0x4E568280,DXGI,0,0,1,Hardware Composed: Independent Flip,29692.5310,NA,50.01570000000000,50.53240000000000,0.28590000000000,44.18610000000000,44.2015,29642.7806,50.0363,49.7504,0.2859,42.8253,51.1112,47.3403,3.7709,-1.6228,29642.7806,NA,NA,NA
Stalker2-Win64-Shipping.exe,13648,0x4E568280,DXGI,0,0,1,Hardware Composed: Independent Flip,29741.9479,NA,49.41690000000001,49.31580000000000,0.22950000000000,42.88940000000000,44.1004,29692.8169,49.3605,49.1310,0.2295,43.9002,48.1202,45.9159,2.2043,0.7205,29692.8169,NA,NA,NA
Stalker2-Win64-Shipping.exe,13648,0x4E568280,DXGI,0,0,1,Hardware Composed: Independent Flip,29792.8386,NA,50.89070000000000,49.82160000000000,0.28100000000000,42.98880000000000,43.0313,29742.1774,50.9422,50.6612,0.2810,42.6599,50.9901,46.3513,4.6388,-0.4611,29742.1774,NA,NA,NA
Stalker2-Win64-Shipping.exe,13648,0x4E568280,DXGI,0,0,1,Hardware Composed: Independent Flip,29842.8945,NA,50.05590000000000,51.61000000000000,0.24700000000000,42.93510000000001,44.5854,29793.1196,50.0219,49.7749,0.2470,42.7078,50.0022,46.0908,3.9114,-0.6678,29793.1196,NA,NA,NA
Stalker2-Win64-Shipping.exe,13648,0x4E568280,DXGI,0,0,1,Hardware Composed: Independent Flip,29893.7120,NA,50.81750000000000,49.50120000000000,0.27770000000000,43.24600000000000,43.2691,29843.1415,50.8482,50.5705,0.2777,42.6881,51.1284,46.3717,4.7567,0.5207,29843.1415,NA,NA,NA
