Application,ProcessID,SwapChainAddress,PresentRuntime,SyncInterval,PresentFlags,AllowsTearing,PresentMode,TimeInMs,MsBetweenSimulationStart,MsBetweenPresents,MsBetweenDisplayChange,MsInPresentAPI,MsRenderPresentLatency,MsUntilDisplayed,CPUStartTimeInMs,MsBetweenAppStart,MsCPUBusy,MsCPUWait,MsGPULatency,MsGPUTime,MsGPUBusy,MsGPUWait,MsAnimationError,AnimationTime,MsFlipDelay,MsAllInputToPhotonLatency,MsClickToPhotonLatency
Stalker2-Win64-Shipping.exe,13648,0x4E568280,DXGI,0,0,1,Hardware Composed: Independent Flip,169.0538,NA,50.97100000000000,52.56150000000000,0.27610000000000,44.48930000000000,47.4923,118.3796,50.9503,50.6742,0.2761,45.5899,49.5736,47.6021,1.9715,NA,118.3796,NA,NA,NA
Stalker2-Win64-Shipping.exe,13648,0x4E568280,DXGI,0,0,1,Hardware Composed: Independent Flip,220.9112,NA,51.85740000000001,49.35130000000000,0.26540000000000,44.97060000000000,44.9862,169.3299,51.8467,51.5813,0.2654,44.2132,52.3387,48.2787,4.0600,1.5990,169.3299,NA,NA,NA
Stalker2-Win64-Shipping.exe,13648,0x4E568280,DXGI,0,0,1,Hardware Composed: Independent Flip,274.9973,NA,54.08610000000000,55.80610000000000,0.25340000000000,43.86370000000000,46.7062,221.1766,54.0741,53.8207,0.2534,44.7052,52.9792,47.2314,5.7478,-3.9594,221.1766,NA,NA,NA
Stalker2-Win64-Shipping.exe,13648,0x4E568280,DXGI,0,0,1,Hardware Composed: Independent Flip,328.6838,NA,53.68650000000000,51.40020000000001,0.31270000000000,44.40410000000000,44.4199,275.2507,53.7458,53.4331,0.3127,43.6103,54.2269,47.6257,6.6012,2.6739,275.2507,NA,NA,NA
Stalker2-Win64-Shipping.exe,13648,0x4E568280,DXGI,0,0,1,Hardware Composed: Independent Flip,382.7270,NA,54.04320000000001,54.16380000000000,0.25770000000000,44.15540000000000,44.5405,328.9965,53.9882,53.7305,0.2577,44.0914,53.7945,47.5767,6.2178,-0.4180,328.9965,NA,NA,NA
Stalker2-Win64-Shipping.exe,13648,0x4E568280,DXGI,0,0,1,Hardware Composed: Independent Flip,435.2232,NA,52.49620000000000,52.98240000000001,0.26430000000000,44.46310000000000,45.0267,382.9847,52.5028,52.2385,0.2643,43.8977,52.8039,47.8702,4.9337,1.0058,382.9847,NA,NA,NA
Stalker2-Win64-Shipping.exe,13648,0x4E568280,DXGI,0,0,1,Hardware Composed: Independent Flip,488.1116,NA,52.88840000000000,51.21900000000000,0.27360000000000,43.32840000000000,43.3573,435.4875,52.8977,52.6241,0.2736,44.1988,51.7537,46.6148,5.1389,1.2838,435.4875,NA,NA,NA
Stalker2-Win64-Shipping.exe,13648,0x4E568280,DXGI,0,0,1,Hardware Composed: Independent Flip,539.9090,NA,51.79740000000000,54.83770000000001,0.22960000000000,46.38530000000000,46.3976,488.3852,51.7534,51.5238,0.2296,43.0548,54.8543,49.5660,5.2883,-1.9400,488.3852,NA,NA,NA
Stalker2-Win64-Shipping.exe,13648,0x4E568280,DXGI,0,0,1,Hardware Composed: Independent Flip,591.0756,NA,51.16660000000000,50.45800000000001,0.24250000000000,44.13330000000001,45.6890,540.1386,51.1795,50.9370,0.2425,46.1557,48.9146,47.3290,1.5856,1.2954,540.1386,NA,NA,NA
Stalker2-Win64-Shipping.exe,13648,0x4E568280,DXGI,0,0,1,Hardware Composed: Independent Flip,643.4022,NA,52.32660000000000,50.73540000000001,0.26950000000000,44.08350000000000,44.0978,591.3181,52.3536,52.0841,0.2695,43.8908,52.2768,47.4409,4.8359,0.4441,591.3181,NA,NA,NA
Stalker2-Win64-Shipping.exe,13648,0x4E568280,DXGI,0,0,1,Hardware Composed: Independent Flip,693.8950,NA,50.49280000000000,52.60420000000001,0.29390000000000,44.12300000000000,46.2092,643.6717,50.5172,50.2233,0.2939,43.8140,50.5323,47.3305,3.2018,-0.2506,643.6717,NA,NA,NA
Stalker2-Win64-Shipping.exe,13648,0x4E568280,DXGI,0,0,1,Hardware Composed: Independent Flip,744.9290,NA,51.03400000000000,49.37880000000001,0.28990000000000,44.53740000000001,44.5540,694.1889,51.0300,50.7401,0.2899,43.8291,51.4484,47.6098,3.8386,1.1384,694.1889,NA,NA,NA
Stalker2-Win64-Shipping.exe,13648,0x4E568280,DXGI,0,0,1,Hardware Composed: Independent Flip,796.5112,NA,51.58220000000000,51.89780000000000,0.27220000000000,44.23540000000001,44.8696,745.2189,51.5645,51.2923,0.2722,44.2475,51.2802,47.4182,3.8620,-0.8678,745.2189,NA,NA,NA
Stalker2-Win64-Shipping.exe,13648,0x4E568280,DXGI,0,0,1,Hardware Composed: Independent Flip,849.2173,NA,52.70610000000000,52.17600000000000,0.32420000000000,44.32090000000000,44.3395,796.7834,52.7581,52.4339,0.3242,43.9632,52.7916,47.8238,4.9678,-0.6115,796.7834,NA,NA,NA
Stalker2-Win64-Shipping.exe,13648,0x4E568280,DXGI,0,0,1,Hardware Composed: Independent Flip,899.8382,NA,50.62090000000000,51.16140000000000,0.27810000000000,44.10690000000000,44.8800,849.5415,50.5748,50.2967,0.2781,43.9967,50.4069,47.1860,3.2209,1.5967,849.5415,NA,NA,NA
Stalker2-Win64-Shipping.exe,13648,0x4E568280,DXGI,0,0,1,Hardware Composed: Independent Flip,949.9164,NA,50.07820000000000,49.58630000000000,0.25770000000000,44.37260000000001,44.3881,900.1163,50.0578,49.8001,0.2577,43.8288,50.3439,47.5100,2.8339,0.9885,900.1163,NA,NA,NA
Stalker2-Win64-Shipping.exe,13648,0x4E568280,DXGI,0,0,1,Hardware Composed: Independent Flip,1000.9582,NA,51.04180000000000,51.49750000000000,0.29990000000000,44.73000000000000,44.8438,950.1741,51.0840,50.7841,0.2999,44.1149,51.3992,47.8960,3.5032,-1.4397,950.1741,NA,NA,NA
Stalker2-Win64-Shipping.exe,13648,0x4E568280,DXGI,0,0,1,Hardware Composed: Independent Flip,1051.9839,NA,51.02570000000000,50.73170000000000,0.27020000000000,44.43250000000000,44.5498,1001.2581,50.9960,50.7258,0.2702,44.4301,50.7282,47.9006,2.8276,0.3523,1001.2581,NA,NA,NA
Stalker2-Win64-Shipping.exe,13648,0x4E568280,DXGI,0,0,1,Hardware Composed: Independent Flip,1102.8920,NA,50.90810000000000,50.92960000000000,0.25570000000000,44.55610000000000,44.5713,1052.2541,50.8936,50.6379,0.2557,44.1623,51.0317,47.9395,3.0922,0.0664,1052.2541,NA,NA,NA
Stalker2-Win64-Shipping.exe,13648,0x4E568280,DXGI,0,0,1,Hardware Composed: Independent Flip,1153.9115,NA,51.01950000000000,51.96250000000001,0.26190000000000,45.24110000000000,45.5143,1103.1477,51.0257,50.7638,0.2619,44.3004,51.7045,48.4267,3.2778,-1.0689,1103.1477,NA,NA,NA
Stalker2-Win64-Shipping.exe,13648,0x4E568280,DXGI,0,0,1,Hardware Composed: Independent Flip,1204.5413,NA,50.62980000000000,49.54510000000001,0.26600000000000,44.19210000000000,44.4296,1154.1734,50.6339,50.3679,0.2660,44.9792,49.5808,47.4520,2.1288,1.4806,1154.1734,NA,NA,NA
Stalker2-Win64-Shipping.exe,13648,0x4E568280,DXGI,0,0,1,Hardware Composed: Independent Flip,1257.2942,NA,52.75290000000000,54.62110000000001,0.26670000000000,46.28150000000000,46.2978,1204.8073,52.7536,52.4869,0.2667,43.9261,54.8423,49.7791,5.0632,-3.9872,1204.8073,NA,NA,NA
Stalker2-Win64-Shipping.exe,13648,0x4E568280,DXGI,0,0,1,Hardware Composed: Independent Flip,1306.7394,NA,49.44520000000000,50.53920000000000,0.27240000000000,44.46340000000000,47.3918,1257.5609,49.4509,49.1785,0.2724,46.0148,47.6271,47.6058,0.0213,2.2144,1257.5609,NA,NA,NA
Stalker2-Win64-Shipping.exe,13648,0x4E568280,DXGI,0,0,1,Hardware Composed: Independent Flip,1358.3397,NA,51.60030000000000,49.11630000000000,0.27110000000000,44.88410000000000,44.9078,1307.0118,51.5990,51.3279,0.2711,44.1910,52.0210,48.0994,3.9216,0.3346,1307.0118,NA,NA,NA
Stalker2-Win64-Shipping.exe,13648,0x4E568280,DXGI,0,0,1,Hardware Composed: Independent Flip,1410.2106,NA,51.87090000000001,53.81180000000001,0.25520000000000,44.23620000000000,46.8487,1358.6108,51.8550,51.5998,0.2552,44.6130,51.2230,47.3873,3.8357,-2.2128,1358.6108,NA,NA,NA
Stalker2-Win64-Shipping.exe,13648,0x4E568280,DXGI,0,0,1,Hardware Composed: Independent Flip,1460.9758,NA,50.76520000000000,48.16600000000000,0.29090000000000,44.22090000000000,44.2495,1410.4658,50.8009,50.5100,0.2909,43.9810,50.7499,47.2790,3.4709,3.6890,1410.4658,NA,NA,NA
Stalker2-Win64-Shipping.exe,13648,0x4E568280,DXGI,0,0,1,Hardware Composed: Independent Flip,1512.7598,NA,51.78400000000001,52.14300000000000,0.26320000000000,44.58480000000000,44.6085,1461.2667,51.7563,51.4931,0.2632,43.9300,52.1479,47.7551,4.3928,-1.3421,1461.2667,NA,NA,NA
Stalker2-Win64-Shipping.exe,13648,0x4E568280,DXGI,0,0,1,Hardware Composed: Independent Flip,1564.9214,NA,52.16160000000000,52.22020000000001,0.28620000000000,43.88450000000000,44.6671,1513.0230,52.1846,51.8984,0.2862,44.3216,51.4613,47.1067,4.3546,-0.4639,1513.0230,NA,NA,NA
Stalker2-Win64-Shipping.exe,13648,0x4E568280,DXGI,0,0,1,Hardware Composed: Independent Flip,1616.0742,NA,51.15280000000000,51.09190000000000,0.25210000000000,44.59110000000000,44.6062,1565.2076,51.1187,50.8666,0.2521,43.5983,51.8594,47.7342,4.1252,1.0927,1565.2076,NA,NA,NA
Stalker2-Win64-Shipping.exe,13648,0x4E568280,DXGI,0,0,1,Hardware Composed: Independent Flip,1667.7650,NA,51.69080000000000,51.71100000000001,0.25480000000000,44.49330000000000,44.6264,1616.3263,51.6935,51.4387,0.2548,44.3390,51.5930,47.9446,3.6484,-0.5923,1616.3263,NA,NA,NA
Stalker2-Win64-Shipping.exe,13648,0x4E568280,DXGI,0,0,1,Hardware Composed: Independent Flip,1718.6852,NA,50.92020000000000,50.07420000000000,0.30670000000000,43.75090000000000,43.7804,1668.0198,50.9721,50.6654,0.3067,44.2385,50.1778,46.9073,3.2705,1.6193,1668.0198,NA,NA,NA
Stalker2-Win64-Shipping.exe,13648,0x4E568280,DXGI,0,0,1,Hardware Composed: Independent Flip,1770.5366,NA,51.85140000000001,53.38530000000000,0.25990000000000,45.29030000000000,45.3143,1718.9919,51.8046,51.5447,0.2599,43.4442,53.3908,48.4782,4.9126,-2.4132,1718.9919,NA,NA,NA
Stalker2-Win64-Shipping.exe,13648,0x4E568280,DXGI,0,0,1,Hardware Composed: Independent Flip,1822.5152,NA,51.97860000000000,52.67240000000000,0.28530000000000,44.22660000000000,46.0081,1770.7965,52.0040,51.7187,0.2853,45.0304,50.9149,47.3234,3.5915,-0.8678,1770.7965,NA,NA,NA
Stalker2-Win64-Shipping.exe,13648,0x4E568280,DXGI,0,0,1,Hardware Composed: Independent Flip,1873.8607,NA,51.34550000000000,49.26590000000000,0.28180000000000,43.91100000000000,43.9285,1822.8005,51.3420,51.0602,0.2818,43.9413,51.0299,47.1800,3.8499,2.7381,1822.8005,NA,NA,NA
Stalker2-Win64-Shipping.exe,13648,0x4E568280,DXGI,0,0,1,Hardware Composed: Independent Flip,1923.1133,NA,49.25260000000000,50.38890000000000,0.26460000000000,44.71210000000000,45.0648,1874.1425,49.2354,48.9708,0.2646,43.6292,50.0537,47.8987,2.1550,0.9531,1874.1425,NA,NA,NA
Stalker2-Win64-Shipping.exe,13648,0x4E568280,DXGI,0,0,1,Hardware Composed: Independent Flip,1974.4281,NA,51.31480000000001,50.82600000000000,0.29020000000000,44.56110000000000,44.5760,1923.3779,51.3404,51.0502,0.2902,44.4475,51.1638,47.7221,3.4417,-1.5906,1923.3779,NA,NA,NA
Stalker2-Win64-Shipping.exe,13648,0x4E568280,DXGI,0,0,1,Hardware Composed: Independent Flip,2025.4131,NA,50.98500000000000,51.30160000000000,0.27060000000000,44.20060000000000,44.8926,1974.7183,50.9654,50.6948,0.2706,44.2709,50.6245,47.3941,3.2304,0.0388,1974.7183,NA,NA,NA
Stalker2-Win64-Shipping.exe,13648,0x4E568280,DXGI,0,0,1,Hardware Composed: Independent Flip,2076.2659,NA,50.85280000000000,50.37520000000000,0.27470000000000,44.39230000000000,44.4150,2025.6837,50.8569,50.5822,0.2747,43.9300,51.0445,47.5370,3.5075,0.5902,2025.6837,NA,NA,NA
Stalker2-Win64-Shipping.exe,13648,0x4E568280,DXGI,0,0,1,Hardware Composed: Independent Flip,2127.2904,NA,51.02450000000000,50.92100000000000,0.26030000000000,44.06230000000000,44.3115,2076.5406,51.0101,50.7498,0.2603,44.1176,50.6945,47.1135,3.5810,-0.0641,2076.5406,NA,NA,NA
Stalker2-Win64-Shipping.exe,13648,0x4E568280,DXGI,0,0,1,Hardware Composed: Independent Flip,2178.0024,NA,50.71200000000000,50.77470000000000,0.25200000000000,44.35230000000000,44.3742,2127.5507,50.7037,50.4517,0.2520,43.8020,51.0020,48.1645,2.8375,0.2354,2127.5507,NA,NA,NA
Stalker2-Win64-Shipping.exe,13648,0x4E568280,DXGI,0,0,1,Hardware Composed: Independent Flip,2229.2415,NA,51.23910000000000,51.30650000000000,0.28830000000000,44.23130000000000,44.4416,2178.2544,51.2754,50.9871,0.2883,44.1003,51.1181,47.3975,3.7206,-0.6028,2178.2544,NA,NA,NA
Stalker2-Win64-Shipping.exe,13648,0x4E568280,DXGI,0,0,1,Hardware Composed: Independent Flip,2280.5733,NA,51.33180000000000,51.50260000000000,0.29470000000000,44.59160000000000,44.6124,2229.5298,51.3382,51.0435,0.2947,43.9430,51.6921,47.8686,3.8235,-0.2272,2229.5298,NA,NA,NA
Stalker2-Win64-Shipping.exe,13648,0x4E568280,DXGI,0,0,1,Hardware Composed: Independent Flip,2331.5401,NA,50.96680000000000,50.88670000000000,0.27660000000000,44.24750000000000,44.5323,2280.8680,50.9487,50.6721,0.2766,44.2969,50.6227,47.3118,3.3109,0.4515,2280.8680,NA,NA,NA
Stalker2-Win64-Shipping.exe,13648,0x4E568280,DXGI,0,0,1,Hardware Composed: Independent Flip,2382.5451,NA,51.00500000000000,52.31220000000000,0.27950000000000,45.82710000000000,45.8395,2331.8167,51.0079,50.7284,0.2795,43.9709,52.5846,48.9131,3.6715,-1.3635,2331.8167,NA,NA,NA
Stalker2-Win64-Shipping.exe,13648,0x4E568280,DXGI,0,0,1,Hardware Composed: Independent Flip,2433.2582,NA,50.71310000000000,50.28770000000000,0.27630000000000,44.34830000000000,45.4141,2382.8246,50.7099,50.4336,0.2763,45.5476,49.2343,47.4807,1.7536,0.7202,2382.8246,NA,NA,NA
Stalker2-Win64-Shipping.exe,13648,0x4E568280,DXGI,0,0,1,Hardware Composed: Independent Flip,2485.7662,NA,52.50800000000000,51.38190000000000,0.27860000000000,44.27270000000000,44.2880,2433.5345,52.5103,52.2317,0.2786,44.0720,52.4324,47.5073,4.9251,-0.6720,2433.5345,NA,NA,NA
Stalker2-Win64-Shipping.exe,13648,0x4E568280,DXGI,0,0,1,Hardware Composed: Independent Flip,2535.1445,NA,49.37830000000000,51.43520000000000,0.28620000000000,44.54310000000000,46.3449,2486.0448,49.3859,49.0997,0.2862,43.9941,49.6487,47.6252,2.0235,1.0751,2486.0448,NA,NA,NA
Stalker2-Win64-Shipping.exe,13648,0x4E568280,DXGI,0,0,1,Hardware Composed: Independent Flip,2586.0930,NA,50.94850000000000,49.37650000000000,0.27510000000000,44.72750000000000,44.7729,2535.4307,50.9374,50.6623,0.2751,44.2569,51.1329,47.8966,3.2363,0.0094,2535.4307,NA,NA,NA
Stalker2-Win64-Shipping.exe,13648,0x4E568280,DXGI,0,0,1,Hardware Composed: Independent Flip,2637.8126,NA,51.71960000000000,52.52080000000000,0.32380000000000,44.67190000000000,45.5741,2586.3681,51.7683,51.4445,0.3238,44.4524,51.6640,48.0191,3.6449,-1.5834,2586.3681,NA,NA,NA
Stalker2-Win64-Shipping.exe,13648,0x4E568280,DXGI,0,0,1,Hardware Composed: Independent Flip,2689.0969,NA,51.28430000000000,50.29760000000000,0.27070000000000,44.56670000000000,44.5874,2638.1364,51.2312,50.9605,0.2707,44.3481,51.1791,47.7252,3.4539,1.4707,2638.1364,NA,NA,NA
Stalker2-Win64-Shipping.exe,13648,0x4E568280,DXGI,0,0,1,Hardware Composed: Independent Flip,2740.3627,NA,51.26580000000001,51.52260000000000,0.26110000000000,44.82310000000000,44.8442,2689.3676,51.2562,50.9951,0.2611,44.2960,51.5222,47.9724,3.5498,-0.2914,2689.3676,NA,NA,NA
Stalker2-Win64-Shipping.exe,13648,0x4E568280,DXGI,0,0,1,Hardware Composed: Independent Flip,2791.8507,NA,51.48800000000000,51.22810000000000,0.26840000000000,44.07920000000000,44.5843,2740.6238,51.4953,51.2269,0.2684,44.5620,50.7441,47.1750,3.5691,0.0281,2740.6238,NA,NA,NA
Stalker2-Win64-Shipping.exe,13648,0x4E568280,DXGI,0,0,1,Hardware Composed: Independent Flip,2843.0067,NA,51.15600000000001,50.71120000000001,0.31690000000000,44.11640000000000,44.1395,2792.1191,51.2045,50.8876,0.3169,43.8108,51.1932,47.3016,3.8916,0.7841,2792.1191,NA,NA,NA
Stalker2-Win64-Shipping.exe,13648,0x4E568280,DXGI,0,0,1,Hardware Composed: Independent Flip,2894.4261,NA,51.41940000000000,52.24200000000000,0.26870000000000,44.66410000000000,44.9621,2843.3236,51.3712,51.1025,0.2687,43.7995,51.9671,47.7963,4.1708,-1.0375,2843.3236,NA,NA,NA
Stalker2-Win64-Shipping.exe,13648,0x4E568280,DXGI,0,0,1,Hardware Composed: Independent Flip,2945.5562,NA,51.13010000000001,50.59710000000000,0.30310000000000,44.09450000000000,44.4291,2894.6948,51.1645,50.8614,0.3031,44.3954,50.5605,47.1842,3.3763,0.7741,2894.6948,NA,NA,NA
Stalker2-Win64-Shipping.exe,13648,0x4E568280,DXGI,0,0,1,Hardware Composed: Independent Flip,2996.7195,NA,51.16330000000000,52.09690000000001,0.25330000000000,45.34640000000000,45.3627,2945.8593,51.1135,50.8602,0.2533,43.7914,52.4152,48.6800,3.7352,-0.9324,2945.8593,NA,NA,NA
Stalker2-Win64-Shipping.exe,13648,0x4E568280,DXGI,0,0,1,Hardware Composed: Independent Flip,3047.2292,NA,50.50970000000000,50.67060000000000,0.26470000000000,44.35960000000000,45.5236,2996.9728,50.5211,50.2564,0.2647,45.0931,49.5229,47.6186,1.9043,0.4429,2996.9728,NA,NA,NA
Stalker2-Win64-Shipping.exe,13648,0x4E568280,DXGI,0,0,1,Hardware Composed: Independent Flip,3097.5952,NA,50.36600000000000,49.24230000000000,0.25850000000000,44.37900000000000,44.3999,3047.4939,50.3598,50.1013,0.2585,44.0949,50.3854,47.6461,2.7393,1.2788,3047.4939,NA,NA,NA
Stalker2-Win64-Shipping.exe,13648,0x4E568280,DXGI,0,0,1,Hardware Composed: Independent Flip,3148.5845,NA,50.98930000000000,51.58580000000000,0.27180000000000,44.37520000000000,44.9964,3097.8537,51.0026,50.7308,0.2718,44.1205,50.9855,47.4028,3.5827,-1.2260,3097.8537,NA,NA,NA
Stalker2-Win64-Shipping.exe,13648,0x4E568280,DXGI,0,0,1,Hardware Composed: Independent Flip,3200.9602,NA,52.37570000000000,51.64510000000000,0.23180000000000,44.24360000000000,44.2658,3148.8563,52.3357,52.1039,0.2318,44.1034,52.2441,47.5373,4.7068,-0.6425,3148.8563,NA,NA,NA
Stalker2-Win64-Shipping.exe,13648,0x4E568280,DXGI,0,0,1,Hardware Composed: Independent Flip,3251.7349,NA,50.77470000000000,51.65100000000000,0.27360000000000,44.56140000000000,45.1421,3201.1920,50.8165,50.5429,0.2736,44.0118,51.0925,48.1619,2.9306,0.6847,3201.1920,NA,NA,NA
Stalker2-Win64-Shipping.exe,13648,0x4E568280,DXGI,0,0,1,Hardware Composed: Independent Flip,3303.0510,NA,51.31610000000001,50.71560000000000,0.26280000000000,44.52750000000000,44.5416,3252.0085,51.3053,51.0425,0.2628,44.2878,51.2822,47.7114,3.5708,0.1009,3252.0085,NA,NA,NA
Stalker2-Win64-Shipping.exe,13648,0x4E568280,DXGI,0,0,1,Hardware Composed: Independent Flip,3355.3670,NA,52.31600000000000,52.34390000000000,0.28090000000000,44.36540000000000,44.5695,3303.3138,52.3341,52.0532,0.2809,44.2647,52.1539,47.6233,4.5306,-1.0386,3303.3138,NA,NA,NA
Stalker2-Win64-Shipping.exe,13648,0x4E568280,DXGI,0,0,1,Hardware Composed: Independent Flip,3405.8960,NA,50.52900000000000,50.84410000000000,0.28580000000000,44.49270000000000,44.8846,3355.6479,50.5339,50.2481,0.2858,44.0845,50.6563,47.6564,2.9999,1.4900,3355.6479,NA,NA,NA
Stalker2-Win64-Shipping.exe,13648,0x4E568280,DXGI,0,0,1,Hardware Composed: Independent Flip,3455.7332,NA,49.83720000000000,49.22730000000000,0.27110000000000,44.24600000000000,44.2747,3406.1818,49.8225,49.5514,0.2711,44.2069,49.5905,47.3293,2.2612,1.3066,3406.1818,NA,NA,NA
Stalker2-Win64-Shipping.exe,13648,0x4E568280,DXGI,0,0,1,Hardware Composed: Independent Flip,3507.5693,NA,51.83610000000000,52.24270000000000,0.29820000000000,44.66020000000000,44.6813,3456.0043,51.8632,51.5650,0.2982,43.9749,52.2503,47.8503,4.4000,-2.4202,3456.0043,NA,NA,NA
Stalker2-Win64-Shipping.exe,13648,0x4E568280,DXGI,0,0,1,Hardware Composed: Independent Flip,3558.0166,NA,50.44730000000001,51.12450000000000,0.26580000000000,44.33340000000000,45.3585,3507.8675,50.4149,50.1491,0.2658,44.3620,50.1205,47.4057,2.7148,0.7387,3507.8675,NA,NA,NA
Stalker2-Win64-Shipping.exe,13648,0x4E568280,DXGI,0,0,1,Hardware Composed: Independent Flip,3609.4666,NA,51.45000000000000,52.22460000000000,0.28680000000000,46.11910000000000,46.1331,3558.2824,51.4710,51.1842,0.2868,44.0676,53.2357,49.3382,3.8975,-1.8097,3558.2824,NA,NA,NA
Stalker2-Win64-Shipping.exe,13648,0x4E568280,DXGI,0,0,1,Hardware Composed: Independent Flip,3660.7777,NA,51.31110000000000,51.01810000000000,0.26340000000000,44.19360000000000,45.8401,3609.7534,51.2877,51.0243,0.2634,45.8323,49.3856,47.2933,2.0923,0.4529,3609.7534,NA,NA,NA
Stalker2-Win64-Shipping.exe,13648,0x4E568280,DXGI,0,0,1,Hardware Composed: Independent Flip,3711.6531,NA,50.87540000000000,49.56960000000000,0.30140000000000,44.51820000000000,44.5343,3661.0411,50.9134,50.6120,0.3014,43.9302,51.2000,47.6611,3.5389,1.7181,3661.0411,NA,NA,NA
Stalker2-Win64-Shipping.exe,13648,0x4E568280,DXGI,0,0,1,Hardware Composed: Independent Flip,3761.9667,NA,50.31360000000000,50.53550000000000,0.26140000000000,43.64010000000000,44.7562,3711.9545,50.2736,50.0122,0.2614,44.2168,49.4355,46.7465,2.6890,0.3779,3711.9545,NA,NA,NA
Stalker2-Win64-Shipping.exe,13648,0x4E568280,DXGI,0,0,1,Hardware Composed: Independent Flip,3812.9731,NA,51.00640000000000,50.96170000000000,0.28160000000000,44.69780000000000,44.7115,3762.2281,51.0266,50.7450,0.2816,43.3787,52.0641,48.3762,3.6879,-0.6881,3762.2281,NA,NA,NA
Stalker2-Win64-Shipping.exe,13648,0x4E568280,DXGI,0,0,1,Hardware Composed: Independent Flip,3865.9192,NA,52.94610000000000,54.16430000000000,0.29710000000000,44.45030000000000,45.9297,3813.2547,52.9616,52.6645,0.2971,44.4162,52.6986,47.7494,4.9492,-3.1377,3813.2547,NA,NA,NA
Stalker2-Win64-Shipping.exe,13648,0x4E568280,DXGI,0,0,1,Hardware Composed: Independent Flip,3916.8467,NA,50.92750000000000,49.80810000000000,0.28480000000000,44.78830000000000,44.8103,3866.2163,50.9152,50.6304,0.2848,44.1532,51.2655,47.8956,3.3699,3.1535,3866.2163,NA,NA,NA
Stalker2-Win64-Shipping.exe,13648,0x4E568280,DXGI,0,0,1,Hardware Composed: Independent Flip,3968.5404,NA,51.69370000000000,51.31940000000000,0.30960000000000,44.41450000000000,44.4360,3917.1315,51.7185,51.4089,0.3096,44.5035,51.3199,47.4318,3.8881,-0.4042,3917.1315,NA,NA,NA
Stalker2-Win64-Shipping.exe,13648,0x4E568280,DXGI,0,0,1,Hardware Composed: Independent Flip,4019.7504,NA,51.21000000000000,51.89960000000000,0.28670000000000,44.26670000000000,45.1256,3968.8500,51.1871,50.9004,0.2867,44.1049,51.0622,47.3096,3.7526,-0.1811,3968.8500,NA,NA,NA
Stalker2-Win64-Shipping.exe,13648,0x4E568280,DXGI,0,0,1,Hardware Composed: Independent Flip,4071.2072,NA,51.45680000000000,50.83330000000000,0.30420000000000,44.47100000000000,44.5021,4020.0371,51.4743,51.1701,0.3042,43.9800,51.6611,47.5870,4.0741,0.3538,4020.0371,NA,NA,NA
Stalker2-Win64-Shipping.exe,13648,0x4E568280,DXGI,0,0,1,Hardware Composed: Independent Flip,4122.2280,NA,51.02080000000000,51.50330000000000,0.30420000000000,44.65570000000000,44.9846,4071.5114,51.0208,50.7166,0.3042,44.1668,51.2055,47.8260,3.3795,-0.0290,4071.5114,NA,NA,NA
Stalker2-Win64-Shipping.exe,13648,0x4E568280,DXGI,0,0,1,Hardware Composed: Independent Flip,4173.5732,NA,51.34520000000001,50.72270000000000,0.27490000000000,44.34620000000000,44.3621,4122.5322,51.3159,51.0410,0.2749,44.3515,51.0357,47.4590,3.5767,0.2981,4122.5322,NA,NA,NA
Stalker2-Win64-Shipping.exe,13648,0x4E568280,DXGI,0,0,1,Hardware Composed: Independent Flip,4224.3651,NA,50.79190000000001,52.29160000000000,0.33920000000000,45.79860000000000,45.8618,4173.8481,50.8562,50.5170,0.3392,44.0713,52.2443,48.9364,3.3079,-0.9757,4173.8481,NA,NA,NA
Stalker2-Win64-Shipping.exe,13648,0x4E568280,DXGI,0,0,1,Hardware Composed: Independent Flip,4275.8968,NA,51.53170000000000,50.35000000000000,0.26420000000000,44.09240000000000,44.6801,4224.7043,51.4567,51.1925,0.2642,45.4594,49.8255,47.6650,2.1605,0.5062,4224.7043,NA,NA,NA
Stalker2-Win64-Shipping.exe,13648,0x4E568280,DXGI,0,0,1,Hardware Composed: Independent Flip,4327.2147,NA,51.31790000000000,51.18100000000000,0.27320000000000,44.52080000000000,44.5432,4276.1610,51.3269,51.0537,0.2732,43.8282,51.7463,47.5981,4.1482,0.2757,4276.1610,NA,NA,NA
Stalker2-Win64-Shipping.exe,13648,0x4E568280,DXGI,0,0,1,Hardware Composed: Independent Flip,4378.5383,NA,51.32360000000000,52.20080000000000,0.29290000000000,44.25350000000000,45.4204,4327.4879,51.3433,51.0504,0.2929,44.2476,51.0563,47.3787,3.6776,-0.8739,4327.4879,NA,NA,NA
Stalker2-Win64-Shipping.exe,13648,0x4E568280,DXGI,0,0,1,Hardware Composed: Independent Flip,4430.6812,NA,52.14290000000000,51.13700000000000,0.29170000000000,44.39940000000000,44.4145,4378.8312,52.1417,51.8500,0.2917,43.9606,52.2888,47.6941,4.5947,0.2063,4378.8312,NA,NA,NA
Stalker2-Win64-Shipping.exe,13648,0x4E568280,DXGI,0,0,1,Hardware Composed: Independent Flip,4482.8152,NA,52.13400000000000,52.55310000000000,0.29880000000000,44.22990000000000,44.8336,4430.9729,52.1411,51.8423,0.2988,44.1077,51.9645,47.3610,4.6035,-0.4114,4430.9729,NA,NA,NA
Stalker2-Win64-Shipping.exe,13648,0x4E568280,DXGI,0,0,1,Hardware Composed: Independent Flip,4533.6160,NA,50.80080000000000,50.78100000000001,0.33290000000000,44.80040000000000,44.8138,4483.1140,50.8349,50.5020,0.3329,43.9311,51.3713,47.9713,3.4000,1.3601,4483.1140,NA,NA,NA
Stalker2-Win64-Shipping.exe,13648,0x4E568280,DXGI,0,0,1,Hardware Composed: Independent Flip,4584.9797,NA,51.36370000000000,50.83070000000000,0.25890000000000,44.25660000000000,44.2808,4533.9489,51.2897,51.0308,0.2589,44.4675,50.8199,47.3879,3.4320,0.0042,4533.9489,NA,NA,NA
Stalker2-Win64-Shipping.exe,13648,0x4E568280,DXGI,0,0,1,Hardware Composed: Independent Flip,4636.5381,NA,51.55840000000001,51.85170000000000,0.26430000000000,44.55330000000000,44.5741,4585.2386,51.5638,51.2995,0.2643,43.9977,51.8551,48.1011,3.7540,-0.5620,4585.2386,NA,NA,NA
Stalker2-Win64-Shipping.exe,13648,0x4E568280,DXGI,0,0,1,Hardware Composed: Independent Flip,4687.5167,NA,50.97860000000000,51.00420000000000,0.29180000000000,44.26990000000000,44.5997,4636.8024,51.0061,50.7143,0.2918,44.2890,50.6952,47.4351,3.2601,0.5596,4636.8024,NA,NA,NA
Stalker2-Win64-Shipping.exe,13648,0x4E568280,DXGI,0,0,1,Hardware Composed: Independent Flip,4740.1634,NA,52.64670000000000,52.12360000000000,0.25540000000000,44.06450000000000,44.0766,4687.8085,52.6103,52.3549,0.2554,43.9781,52.4413,47.6530,4.7883,-1.1175,4687.8085,NA,NA,NA
Stalker2-Win64-Shipping.exe,13648,0x4E568280,DXGI,0,0,1,Hardware Composed: Independent Flip,4790.1508,NA,49.98740000000000,51.45580000000000,0.26110000000000,44.62030000000000,45.5450,4740.4188,49.9931,49.7320,0.2611,43.8091,50.5432,47.7006,2.8426,1.1545,4740.4188,NA,NA,NA
Stalker2-Win64-Shipping.exe,13648,0x4E568280,DXGI,0,0,1,Hardware Composed: Independent Flip,4841.4457,NA,51.29490000000001,51.12580000000001,0.27760000000000,45.36010000000000,45.3759,4790.4119,51.3114,51.0338,0.2776,44.3592,52.0347,48.5129,3.5218,-1.1327,4790.4119,NA,NA,NA
Stalker2-Win64-Shipping.exe,13648,0x4E568280,DXGI,0,0,1,Hardware Composed: Independent Flip,4892.6713,NA,51.22560000000000,51.16480000000000,0.31260000000000,44.44700000000000,45.3151,4841.7233,51.2606,50.9480,0.3126,45.0825,50.3125,47.6057,2.7068,0.1466,4841.7233,NA,NA,NA
Stalker2-Win64-Shipping.exe,13648,0x4E568280,DXGI,0,0,1,Hardware Composed: Independent Flip,4943.1913,NA,50.52000000000000,49.59860000000000,0.24230000000000,44.37820000000000,44.3937,4892.9839,50.4497,50.2074,0.2423,44.1344,50.4512,47.4870,2.9642,1.6620,4892.9839,NA,NA,NA
Stalker2-Win64-Shipping.exe,13648,0x4E568280,DXGI,0,0,1,Hardware Composed: Independent Flip,4993.9211,NA,50.72980000000000,50.82290000000000,0.27670000000000,44.32220000000000,44.4868,4943.4336,50.7642,50.4875,0.2767,44.1359,50.6738,48.0544,2.6194,-0.3732,4943.4336,NA,NA,NA
Stalker2-Win64-Shipping.exe,13648,0x4E568280,DXGI,0,0,1,Hardware Composed: Independent Flip,5044.6065,NA,50.68540000000000,50.16080000000000,0.26790000000000,43.94070000000000,43.9622,4994.1978,50.6766,50.4087,0.2679,44.0455,50.3039,47.1337,3.1702,0.6034,4994.1978,NA,NA,NA
Stalker2-Win64-Shipping.exe,13648,0x4E568280,DXGI,0,0,1,Hardware Composed: Independent Flip,5095.9152,NA,51.30870000000000,51.48180000000000,0.30260000000000,44.08630000000000,44.1353,5044.8744,51.3434,51.0408,0.3026,43.6728,51.4543,47.2886,4.1657,-0.8052,5044.8744,NA,NA,NA
Stalker2-Win64-Shipping.exe,13648,0x4E568280,DXGI,0,0,1,Hardware Composed: Independent Flip,5148.0284,NA,52.11320000000000,52.96990000000000,0.24270000000000,44.44020000000000,44.9920,5096.2178,52.0533,51.8106,0.2427,43.7837,52.4671,47.6833,4.7838,-1.6265,5096.2178,NA,NA,NA
Stalker2-Win64-Shipping.exe,13648,0x4E568280,DXGI,0,0,1,Hardware Composed: Independent Flip,5199.7575,NA,51.72910000000000,51.84400000000000,0.28690000000000,44.59680000000000,45.1069,5148.2711,51.7733,51.4864,0.2869,44.1975,51.8857,47.7471,4.1386,0.2093,5148.2711,NA,NA,NA
Stalker2-Win64-Shipping.exe,13648,0x4E568280,DXGI,0,0,1,Hardware Composed: Independent Flip,5251.7188,NA,51.96130000000000,51.18940000000000,0.30230000000000,44.31950000000001,44.3350,5200.0444,51.9767,51.6744,0.3023,44.3099,51.6840,47.9565,3.7275,0.5839,5200.0444,NA,NA,NA
Stalker2-Win64-Shipping.exe,13648,0x4E568280,DXGI,0,0,1,Hardware Composed: Independent Flip,5301.5892,NA,49.87040000000000,50.36550000000000,0.30650000000000,44.48320000000000,44.8301,5252.0211,49.8746,49.5681,0.3065,44.0172,50.0341,47.5399,2.4942,1.6112,5252.0211,NA,NA,NA
Stalker2-Win64-Shipping.exe,13648,0x4E568280,DXGI,0,0,1,Hardware Composed: Independent Flip,5353.0613,NA,51.47210000000000,51.12550000000000,0.27630000000000,44.45990000000000,44.4835,5301.8957,51.4419,51.1656,0.2763,44.1767,51.4488,47.5861,3.8627,-1.2509,5301.8957,NA,NA,NA
Stalker2-Win64-Shipping.exe,13648,0x4E568280,DXGI,0,0,1,Hardware Composed: Independent Flip,5403.9001,NA,50.83880000000000,51.64910000000000,0.27180000000000,44.42830000000000,45.2938,5353.3376,50.8343,50.5625,0.2718,44.1836,50.8072,47.4681,3.3391,-0.2072,5353.3376,NA,NA,NA
Stalker2-Win64-Shipping.exe,13648,0x4E568280,DXGI,0,0,1,Hardware Composed: Independent Flip,5455.5560,NA,51.65590000000000,51.61010000000000,0.28050000000000,45.22410000000000,45.2480,5404.1719,51.6646,51.3841,0.2805,44.1565,52.4517,48.3310,4.1207,-0.7758,5404.1719,NA,NA,NA
Stalker2-Win64-Shipping.exe,13648,0x4E568280,DXGI,0,0,1,Hardware Composed: Independent Flip,5506.6593,NA,51.10330000000000,51.33140000000000,0.25180000000000,44.63490000000000,45.4761,5455.8365,51.0746,50.8228,0.2518,44.9436,50.5141,48.2183,2.2958,0.3332,5455.8365,NA,NA,NA
Stalker2-Win64-Shipping.exe,13648,0x4E568280,DXGI,0,0,1,Hardware Composed: Independent Flip,5558.7234,NA,52.06410000000000,50.91730000000000,0.28470000000000,44.31450000000000,44.3293,5506.9111,52.0970,51.8123,0.2847,44.3831,51.7437,47.4486,4.2951,0.1573,5506.9111,NA,NA,NA
Stalker2-Win64-Shipping.exe,13648,0x4E568280,DXGI,0,0,1,Hardware Composed: Independent Flip,5609.8344,NA,51.11100000000000,51.70830000000000,0.29690000000000,44.20840000000000,44.9266,5559.0081,51.1232,50.8263,0.2969,44.0298,51.0049,47.2618,3.7431,0.3887,5559.0081,NA,NA,NA
Stalker2-Win64-Shipping.exe,13648,0x4E568280,DXGI,0,0,1,Hardware Composed: Independent Flip,5661.1046,NA,51.27020000000000,50.86860000000000,0.27080000000000,44.43450000000000,44.5250,5610.1313,51.2441,50.9733,0.2708,43.9115,51.4963,47.5866,3.9097,0.2546,5610.1313,NA,NA,NA
Stalker2-Win64-Shipping.exe,13648,0x4E568280,DXGI,0,0,1,Hardware Composed: Independent Flip,5713.0180,NA,51.91340000000000,52.14490000000000,0.29590000000000,44.43090000000000,44.7565,5661.3754,51.9385,51.6426,0.2959,44.1637,51.9098,47.6899,4.2199,-0.9008,5661.3754,NA,NA,NA
Stalker2-Win64-Shipping.exe,13648,0x4E568280,DXGI,0,0,1,Hardware Composed: Independent Flip,5765.4126,NA,52.39460000000000,52.01620000000000,0.34210000000000,44.05070000000000,44.3781,5713.3139,52.4408,52.0987,0.3421,44.1350,52.0144,47.7151,4.2993,-0.0777,5713.3139,NA,NA,NA
Stalker2-Win64-Shipping.exe,13648,0x4E568280,DXGI,0,0,1,Hardware Composed: Independent Flip,5816.3153,NA,50.90270000000000,50.92880000000000,0.25960000000000,44.31330000000001,44.4042,5765.7547,50.8202,50.5606,0.2596,43.7086,51.1653,47.3839,3.7814,1.5120,5765.7547,NA,NA,NA
Stalker2-Win64-Shipping.exe,13648,0x4E568280,DXGI,0,0,1,Hardware Composed: Independent Flip,5868.9208,NA,52.60550000000000,52.38630000000001,0.29900000000000,44.16210000000000,44.1850,5816.5749,52.6449,52.3459,0.2990,44.0537,52.4543,47.3926,5.0617,-1.5661,5816.5749,NA,NA,NA
Stalker2-Win64-Shipping.exe,13648,0x4E568280,DXGI,0,0,1,Hardware Composed: Independent Flip,5920.3770,NA,51.45620000000000,52.41130000000000,0.34510000000000,44.41350000000000,45.1401,5869.2198,51.5023,51.1572,0.3451,43.8631,51.7076,47.6485,4.0591,0.2336,5869.2198,NA,NA,NA
Stalker2-Win64-Shipping.exe,13648,0x4E568280,DXGI,0,0,1,Hardware Composed: Independent Flip,5970.8477,NA,50.47070000000000,49.70610000000000,0.25870000000000,44.35180000000000,44.3755,5920.7221,50.3843,50.1256,0.2587,44.0684,50.4090,47.6782,2.7308,1.7962,5920.7221,NA,NA,NA
Stalker2-Win64-Shipping.exe,13648,0x4E568280,DXGI,0,0,1,Hardware Composed: Independent Flip,6022.2889,NA,51.44120000000000,51.49580000000000,0.28600000000000,44.41790000000000,44.4301,5971.1064,51.4685,51.1825,0.2860,44.0931,51.5073,47.7050,3.8023,-1.1115,5971.1064,NA,NA,NA
Stalker2-Win64-Shipping.exe,13648,0x4E568280,DXGI,0,0,1,Hardware Composed: Independent Flip,6073.2284,NA,50.93950000000000,52.39940000000000,0.26390000000000,45.11920000000000,45.8900,6022.5749,50.9174,50.6535,0.2639,44.1319,51.6408,48.2614,3.3794,-0.9309,6022.5749,NA,NA,NA
Stalker2-Win64-Shipping.exe,13648,0x4E568280,DXGI,0,0,1,Hardware Composed: Independent Flip,6124.2936,NA,51.06520000000000,49.29190000000001,0.28750000000000,44.09000000000000,44.1167,6073.4923,51.0888,50.8013,0.2875,44.8553,50.0360,47.4470,2.5890,1.6255,6073.4923,NA,NA,NA
Stalker2-Win64-Shipping.exe,13648,0x4E568280,DXGI,0,0,1,Hardware Composed: Independent Flip,6176.0167,NA,51.72310000000000,52.07490000000000,0.28070000000000,44.44750000000001,44.4685,6124.5811,51.7163,51.4356,0.2807,43.8025,52.0806,47.6171,4.4635,-0.9861,6124.5811,NA,NA,NA
Stalker2-Win64-Shipping.exe,13648,0x4E568280,DXGI,0,0,1,Hardware Composed: Independent Flip,6226.8731,NA,50.85640000000000,52.14200000000000,0.27310000000000,44.43260000000000,45.7541,6176.2974,50.8488,50.5757,0.2731,44.1668,50.8415,47.5167,3.3248,-0.4257,6176.2974,NA,NA,NA
Stalker2-Win64-Shipping.exe,13648,0x4E568280,DXGI,0,0,1,Hardware Composed: Independent Flip,6278.4558,NA,51.58270000000000,49.87550000000000,0.26380000000000,44.02240000000000,44.0469,6227.1462,51.5734,51.3096,0.2638,44.1595,51.1725,47.2486,3.9239,0.9733,6227.1462,NA,NA,NA
Stalker2-Win64-Shipping.exe,13648,0x4E568280,DXGI,0,0,1,Hardware Composed: Independent Flip,6329.6909,NA,51.23510000000000,51.94840000000000,0.30470000000000,44.55200000000000,44.7602,6278.7196,51.2760,50.9713,0.3047,43.7586,51.7647,47.6744,4.0903,-0.3750,6278.7196,NA,NA,NA
Stalker2-Win64-Shipping.exe,13648,0x4E568280,DXGI,0,0,1,Hardware Composed: Independent Flip,6380.9577,NA,51.26680000000000,51.08350000000000,0.27590000000000,44.37480000000000,44.5769,6329.9956,51.2380,50.9621,0.2759,44.2473,51.0896,47.3830,3.7066,0.1925,6329.9956,NA,NA,NA
Stalker2-Win64-Shipping.exe,13648,0x4E568280,DXGI,0,0,1,Hardware Composed: Independent Flip,6433.3712,NA,52.41350000000000,52.07370000000000,0.30180000000000,44.21480000000000,44.2371,6381.2336,52.4394,52.1376,0.3018,44.0989,52.2535,47.6180,4.6355,-0.8357,6381.2336,NA,NA,NA
Stalker2-Win64-Shipping.exe,13648,0x4E568280,DXGI,0,0,1,Hardware Composed: Independent Flip,6483.9885,NA,50.61730000000000,51.30480000000000,0.26600000000000,44.24860000000000,44.9246,6433.6730,50.5815,50.3155,0.2660,43.9130,50.6511,47.2685,3.3826,1.1346,6433.6730,NA,NA,NA
Stalker2-Win64-Shipping.exe,13648,0x4E568280,DXGI,0,0,1,Hardware Composed: Independent Flip,6535.1740,NA,51.18550000000000,50.90170000000001,0.25420000000000,44.59510000000000,44.6408,6484.2545,51.1737,50.9195,0.2542,43.9826,51.5320,48.2599,3.2721,-0.3202,6484.2545,NA,NA,NA
Stalker2-Win64-Shipping.exe,13648,0x4E568280,DXGI,0,0,1,Hardware Composed: Independent Flip,6586.1510,NA,50.97700000000000,51.28640000000000,0.27460000000000,44.41280000000000,44.9502,6535.4282,50.9974,50.7228,0.2746,44.3409,50.7947,47.5761,3.2186,-0.1127,6535.4282,NA,NA,NA
Stalker2-Win64-Shipping.exe,13648,0x4E568280,DXGI,0,0,1,Hardware Composed: Independent Flip,6637.1814,NA,51.03040000000000,50.41740000000000,0.28070000000000,44.32530000000000,44.3372,6586.4256,51.0365,50.7558,0.2807,44.1382,50.9429,47.3779,3.5650,0.5800,6586.4256,NA,NA,NA
Stalker2-Win64-Shipping.exe,13648,0x4E568280,DXGI,0,0,1,Hardware Composed: Independent Flip,6688.8678,NA,51.68640000000000,53.23330000000000,0.28590000000000,45.68530000000001,45.8841,6637.4621,51.6916,51.4057,0.2859,44.0446,53.0464,48.7684,4.2780,-2.1968,6637.4621,NA,NA,NA
Stalker2-Win64-Shipping.exe,13648,0x4E568280,DXGI,0,0,1,Hardware Composed: Independent Flip,6740.3902,NA,51.52240000000000,51.17190000000000,0.28410000000000,44.64190000000000,45.5336,6689.1537,51.5206,51.2365,0.2841,45.3994,50.4790,47.7576,2.7214,0.5197,6689.1537,NA,NA,NA
Stalker2-Win64-Shipping.exe,13648,0x4E568280,DXGI,0,0,1,Hardware Composed: Independent Flip,6791.7548,NA,51.36460000000000,49.86880000000000,0.33350000000000,44.02190000000000,44.0378,6740.6743,51.4140,51.0805,0.3335,44.3578,50.7446,47.2127,3.5319,1.6518,6740.6743,NA,NA,NA
Stalker2-Win64-Shipping.exe,13648,0x4E568280,DXGI,0,0,1,Hardware Composed: Independent Flip,6842.7758,NA,51.02100000000000,52.12460000000000,0.29140000000000,44.76770000000000,45.1414,6792.0883,50.9789,50.6875,0.2914,43.6884,51.7668,47.9233,3.8435,-0.7106,6792.0883,NA,NA,NA
Stalker2-Win64-Shipping.exe,13648,0x4E568280,DXGI,0,0,1,Hardware Composed: Independent Flip,6893.8409,NA,51.06510000000000,50.37260000000001,0.27350000000000,44.18350000000000,44.4489,6843.0672,51.0472,50.7737,0.2735,44.4763,50.4809,47.2724,3.2085,0.6063,6843.0672,NA,NA,NA
Stalker2-Win64-Shipping.exe,13648,0x4E568280,DXGI,0,0,1,Hardware Composed: Independent Flip,6945.2919,NA,51.45100000000000,51.74030000000000,0.29070000000000,44.71860000000000,44.7382,6894.1144,51.4682,51.1775,0.2907,43.9100,51.9861,47.8448,4.1413,-0.6931,6894.1144,NA,NA,NA
Stalker2-Win64-Shipping.exe,13648,0x4E568280,DXGI,0,0,1,Hardware Composed: Independent Flip,6998.7030,NA,53.41110000000000,53.95980000000000,0.25210000000000,44.27390000000000,45.2869,6945.5826,53.3725,53.1204,0.2521,44.4279,52.9664,47.5298,5.4366,-2.4916,6945.5826,NA,NA,NA
Stalker2-Win64-Shipping.exe,13648,0x4E568280,DXGI,0,0,1,Hardware Composed: Independent Flip,7048.7857,NA,50.08270000000000,49.83690000000000,0.25620000000000,44.69990000000000,45.0411,6998.9551,50.0868,49.8306,0.2562,44.0218,50.5087,47.8347,2.6740,3.5356,6998.9551,NA,NA,NA
Stalker2-Win64-Shipping.exe,13648,0x4E568280,DXGI,0,0,1,Hardware Composed: Independent Flip,7100.3439,NA,51.55820000000000,51.30590000000000,0.25860000000000,44.76030000000000,44.7888,7049.0419,51.5606,51.3020,0.2586,44.4437,51.6186,47.8269,3.7917,-1.2191,7049.0419,NA,NA,NA
Stalker2-Win64-Shipping.exe,13648,0x4E568280,DXGI,0,0,1,Hardware Composed: Independent Flip,7153.1740,NA,52.83010000000000,53.78950000000000,0.27490000000000,44.50870000000000,45.7482,7100.6025,52.8464,52.5715,0.2749,44.5017,52.5785,47.9558,4.6227,-2.2289,7100.6025,NA,NA,NA
Stalker2-Win64-Shipping.exe,13648,0x4E568280,DXGI,0,0,1,Hardware Composed: Independent Flip,7204.6187,NA,51.44470000000000,50.09040000000000,0.27790000000000,44.37850000000000,44.3939,7153.4489,51.4477,51.1698,0.2779,44.2338,51.3145,47.5883,3.7262,2.7560,7153.4489,NA,NA,NA
Stalker2-Win64-Shipping.exe,13648,0x4E568280,DXGI,0,0,1,Hardware Composed: Independent Flip,7255.8154,NA,51.19670000000000,51.25000000000000,0.26040000000000,44.38090000000000,44.4472,7204.8966,51.1792,50.9188,0.2604,44.1006,51.1991,47.4660,3.7331,0.1977,7204.8966,NA,NA,NA
Stalker2-Win64-Shipping.exe,13648,0x4E568280,DXGI,0,0,1,Hardware Composed: Independent Flip,7305.6239,NA,49.80850000000000,51.79430000000000,0.25640000000000,45.86040000000001,46.4330,7256.0758,49.8045,49.5481,0.2564,44.1205,51.2880,49.0135,2.2745,-0.6151,7256.0758,NA,NA,NA
Stalker2-Win64-Shipping.exe,13648,0x4E568280,DXGI,0,0,1,Hardware Composed: Independent Flip,7357.9469,NA,52.32300000000000,50.13660000000000,0.30800000000000,44.21740000000000,44.2466,7305.8803,52.3746,52.0666,0.3080,45.6040,50.6800,48.1734,2.5066,-0.3321,7305.8803,NA,NA,NA
Stalker2-Win64-Shipping.exe,13648,0x4E568280,DXGI,0,0,1,Hardware Composed: Independent Flip,7409.1926,NA,51.24570000000000,51.55080000000000,0.27610000000000,44.52880000000000,44.5517,7358.2549,51.2138,50.9377,0.2761,43.9094,51.5571,47.6877,3.8694,0.8238,7358.2549,NA,NA,NA
Stalker2-Win64-Shipping.exe,13648,0x4E568280,DXGI,0,0,1,Hardware Composed: Independent Flip,7460.6505,NA,51.45790000000000,51.78620000000000,0.27500000000000,44.49670000000000,44.8800,7409.4687,51.4568,51.1818,0.2750,44.2527,51.4258,47.5478,3.8780,-0.5724,7409.4687,NA,NA,NA
Stalker2-Win64-Shipping.exe,13648,0x4E568280,DXGI,0,0,1,Hardware Composed: Independent Flip,7512.3031,NA,51.65260000000000,51.23600000000000,0.26640000000000,44.39880000000000,44.4634,7460.9255,51.6440,51.3776,0.2664,44.2217,51.5547,47.6205,3.9342,0.2208,7460.9255,NA,NA,NA
Stalker2-Win64-Shipping.exe,13648,0x4E568280,DXGI,0,0,1,Hardware Composed: Independent Flip,7564.4278,NA,52.12470000000000,52.46910000000000,0.29360000000000,44.49560000000000,44.8078,7512.5695,52.1519,51.8583,0.2936,44.1324,52.2215,47.7583,4.4632,-0.8251,7512.5695,NA,NA,NA
Stalker2-Win64-Shipping.exe,13648,0x4E568280,DXGI,0,0,1,Hardware Composed: Independent Flip,7615.9488,NA,51.52100000000000,51.66490000000000,0.27580000000000,44.57650000000000,44.9517,7564.7214,51.5032,51.2274,0.2758,44.2020,51.6019,47.6707,3.9312,0.4870,7564.7214,NA,NA,NA
Stalker2-Win64-Shipping.exe,13648,0x4E568280,DXGI,0,0,1,Hardware Composed: Independent Flip,7668.5209,NA,52.57210000000001,52.58500000000000,0.28340000000000,44.94290000000000,44.9646,7616.2246,52.5797,52.2963,0.2834,44.3007,52.9385,48.3365,4.6020,-1.0818,7616.2246,NA,NA,NA
Stalker2-Win64-Shipping.exe,13648,0x4E568280,DXGI,0,0,1,Hardware Composed: Independent Flip,7719.7385,NA,51.21760000000000,51.22080000000000,0.29830000000000,44.32280000000000,44.9678,7668.8043,51.2325,50.9342,0.2983,44.6595,50.5975,47.4354,3.1621,1.3589,7668.8043,NA,NA,NA
Stalker2-Win64-Shipping.exe,13648,0x4E568280,DXGI,0,0,1,Hardware Composed: Independent Flip,7771.2074,NA,51.46890000000000,50.94140000000000,0.28680000000000,44.41600000000000,44.4403,7720.0368,51.4574,51.1706,0.2868,44.0245,51.5621,47.6715,3.8906,0.2911,7720.0368,NA,NA,NA
Stalker2-Win64-Shipping.exe,13648,0x4E568280,DXGI,0,0,1,Hardware Composed: Independent Flip,7824.2911,NA,53.08370000000000,54.38220000000000,0.26140000000000,45.05210000000000,45.7388,7771.4942,53.0583,52.7969,0.2614,44.1292,53.7198,48.4323,5.2875,-2.9248,7771.4942,NA,NA,NA
Stalker2-Win64-Shipping.exe,13648,0x4E568280,DXGI,0,0,1,Hardware Composed: Independent Flip,7874.7126,NA,50.42150000000000,49.33330000000000,0.29480000000000,43.87030000000000,44.6506,7824.5525,50.4549,50.1601,0.2948,44.7907,49.2397,47.0733,2.1664,3.7250,7824.5525,NA,NA,NA
Stalker2-Win64-Shipping.exe,13648,0x4E568280,DXGI,0,0,1,Hardware Composed: Independent Flip,7926.7281,NA,52.01550000000000,53.18980000000001,0.27870000000000,45.81030000000001,45.8249,7875.0074,51.9994,51.7207,0.2787,43.5755,53.9555,49.1765,4.7790,-2.7349,7875.0074,NA,NA,NA
Stalker2-Win64-Shipping.exe,13648,0x4E568280,DXGI,0,0,1,Hardware Composed: Independent Flip,7977.5024,NA,50.77430000000000,52.34320000000000,0.28040000000000,44.39410000000000,47.3938,7927.0068,50.7760,50.4956,0.2804,45.5316,49.3581,47.5676,1.7905,-0.3438,7927.0068,NA,NA,NA
Stalker2-Win64-Shipping.exe,13648,0x4E568280,DXGI,0,0,1,Hardware Composed: Independent Flip,8028.4323,NA,50.92990000000000,48.24240000000000,0.28290000000000,44.68500000000000,44.7063,7977.7828,50.9324,50.6495,0.2829,44.1137,51.2208,47.7466,3.4742,2.5336,7977.7828,NA,NA,NA
Stalker2-Win64-Shipping.exe,13648,0x4E568280,DXGI,0,0,1,Hardware Composed: Independent Flip,8080.6515,NA,52.21920000000000,53.09680000000000,0.28870000000000,44.38140000000000,45.5839,8028.7152,52.2250,51.9363,0.2887,44.4021,51.9156,47.4524,4.4632,-2.1644,8028.7152,NA,NA,NA
Stalker2-Win64-Shipping.exe,13648,0x4E568280,DXGI,0,0,1,Hardware Composed: Independent Flip,8132.1404,NA,51.48890000000000,50.63710000000000,0.29580000000000,44.70750000000000,44.7321,8080.9402,51.4960,51.2002,0.2958,44.0927,51.8150,47.9670,3.8480,1.5879,8080.9402,NA,NA,NA
Stalker2-Win64-Shipping.exe,13648,0x4E568280,DXGI,0,0,1,Hardware Composed: Independent Flip,8183.9458,NA,51.80540000000001,51.40710000000000,0.27390000000000,44.30530000000000,44.3338,8132.4362,51.7835,51.5096,0.2739,44.4117,51.4032,47.4194,3.9838,0.0889,8132.4362,NA,NA,NA
Stalker2-Win64-Shipping.exe,13648,0x4E568280,DXGI,0,0,1,Hardware Composed: Independent Flip,8236.0444,NA,52.09860000000000,53.46480000000000,0.29750000000000,45.39260000000000,45.7000,8184.2197,52.1222,51.8247,0.2975,44.0314,53.1859,48.6194,4.5665,-1.6813,8184.2197,NA,NA,NA
Stalker2-Win64-Shipping.exe,13648,0x4E568280,DXGI,0,0,1,Hardware Composed: Independent Flip,8288.1845,NA,52.14010000000000,51.39960000000000,0.24620000000000,44.18400000000000,44.9595,8236.3419,52.0888,51.8426,0.2462,45.0951,50.9315,47.3490,3.5825,0.7226,8236.3419,NA,NA,NA
Stalker2-Win64-Shipping.exe,13648,0x4E568280,DXGI,0,0,1,Hardware Composed: Independent Flip,8340.7646,NA,52.58010000000000,51.68200000000000,0.27320000000000,44.04210000000000,44.0614,8288.4307,52.6071,52.3339,0.2732,43.9378,52.4382,47.5574,4.8808,0.4068,8288.4307,NA,NA,NA
Stalker2-Win64-Shipping.exe,13648,0x4E568280,DXGI,0,0,1,Hardware Composed: Independent Flip,8391.2949,NA,50.53030000000000,52.20790000000000,0.28090000000000,44.81510000000000,45.7390,8341.0378,50.5380,50.2571,0.2809,43.7689,51.3033,47.9550,3.3483,0.3992,8341.0378,NA,NA,NA
Stalker2-Win64-Shipping.exe,13648,0x4E568280,DXGI,0,0,1,Hardware Composed: Independent Flip,8442.9399,NA,51.64500000000000,50.88870000000000,0.24980000000000,44.96000000000000,44.9827,8391.5758,51.6139,51.3641,0.2498,44.5342,51.7899,48.2230,3.5669,-0.3507,8391.5758,NA,NA,NA
Stalker2-Win64-Shipping.exe,13648,0x4E568280,DXGI,0,0,1,Hardware Composed: Independent Flip,8494.5689,NA,51.62900000000000,51.78850000000000,0.27410000000000,44.80550000000000,45.1422,8443.1897,51.6533,51.3792,0.2741,44.7102,51.4745,48.0992,3.3753,-0.1746,8443.1897,NA,NA,NA
Stalker2-Win64-Shipping.exe,13648,0x4E568280,DXGI,0,0,1,Hardware Composed: Independent Flip,8547.5580,NA,52.98910000000000,53.84170000000000,0.28860000000000,45.97210000000000,45.9948,8494.8430,53.0036,52.7150,0.2886,44.5314,54.1557,49.3045,4.8512,-2.1884,8494.8430,NA,NA,NA
Stalker2-Win64-Shipping.exe,13648,0x4E568280,DXGI,0,0,1,Hardware Composed: Independent Flip,8597.5952,NA,50.03720000000001,49.74270000000000,0.31600000000000,44.37930000000000,45.7003,8547.8466,50.0646,49.7486,0.3160,45.6835,48.4444,47.5092,0.9352,3.2609,8547.8466,NA,NA,NA
Stalker2-Win64-Shipping.exe,13648,0x4E568280,DXGI,0,0,1,Hardware Composed: Independent Flip,8648.5053,NA,50.91010000000000,49.53370000000000,0.26230000000000,44.29870000000000,44.3239,8597.9112,50.8564,50.5941,0.2623,44.0633,50.8295,47.3158,3.5137,0.5309,8597.9112,NA,NA,NA
Stalker2-Win64-Shipping.exe,13648,0x4E568280,DXGI,0,0,1,Hardware Composed: Independent Flip,8699.6738,NA,51.16850000000000,53.22510000000000,0.27230000000000,44.79000000000000,46.3805,8648.7676,51.1785,50.9062,0.2723,44.0364,51.6598,47.8436,3.8162,-2.3687,8648.7676,NA,NA,NA
Stalker2-Win64-Shipping.exe,13648,0x4E568280,DXGI,0,0,1,Hardware Composed: Independent Flip,8752.0386,NA,52.36480000000000,50.26130000000001,0.31020000000000,44.25200000000000,44.2770,8699.9461,52.4027,52.0925,0.3102,44.5177,51.8268,47.9055,3.9213,0.9172,8699.9461,NA,NA,NA
Stalker2-Win64-Shipping.exe,13648,0x4E568280,DXGI,0,0,1,Hardware Composed: Independent Flip,8803.8178,NA,51.77920000000000,52.75980000000001,0.25760000000000,45.23770000000000,45.2576,8752.3488,51.7266,51.4690,0.2576,43.9418,52.7649,48.3323,4.4326,-0.3571,8752.3488,NA,NA,NA
Stalker2-Win64-Shipping.exe,13648,0x4E568280,DXGI,0,0,1,Hardware Composed: Independent Flip,8855.5846,NA,51.76680000000000,51.12390000000000,0.28100000000000,43.98490000000000,44.6147,8804.0754,51.7902,51.5092,0.2810,44.9801,50.5140,47.1210,3.3930,0.6027,8804.0754,NA,NA,NA
Stalker2-Win64-Shipping.exe,13648,0x4E568280,DXGI,0,0,1,Hardware Composed: Independent Flip,8907.0781,NA,51.49350000000000,51.44340000000000,0.30590000000000,44.54940000000001,44.5646,8855.8656,51.5184,51.2125,0.3059,43.7039,52.0580,47.8227,4.2353,0.3468,8855.8656,NA,NA,NA
Stalker2-Win64-Shipping.exe,13648,0x4E568280,DXGI,0,0,1,Hardware Composed: Independent Flip,8959.5067,NA,52.42860000000000,53.43730000000000,0.28220000000000,44.64460000000000,45.5733,8907.3840,52.4049,52.1227,0.2822,44.2435,52.5238,47.8669,4.6569,-1.9189,8907.3840,NA,NA,NA
Stalker2-Win64-Shipping.exe,13648,0x4E568280,DXGI,0,0,1,Hardware Composed: Independent Flip,9010.5910,NA,51.08430000000000,50.47780000000000,0.31920000000000,44.94350000000000,44.9668,8959.7889,51.1213,50.8021,0.3192,44.3624,51.3832,47.9974,3.3858,1.9271,8959.7889,NA,NA,NA
Stalker2-Win64-Shipping.exe,13648,0x4E568280,DXGI,0,0,1,Hardware Composed: Independent Flip,9062.7547,NA,52.16370000000001,51.86980000000001,0.34500000000000,44.65190000000000,44.6729,9010.9102,52.1895,51.8445,0.3450,44.6243,51.8721,47.8929,3.9792,-0.7485,9010.9102,NA,NA,NA
Stalker2-Win64-Shipping.exe,13648,0x4E568280,DXGI,0,0,1,Hardware Composed: Independent Flip,9113.5903,NA,50.83560000000000,51.28060000000000,0.23560000000000,44.31980000000000,45.1179,9063.0997,50.7262,50.4906,0.2356,44.3069,50.5035,47.5380,2.9655,0.9089,9063.0997,NA,NA,NA
Stalker2-Win64-Shipping.exe,13648,0x4E568280,DXGI,0,0,1,Hardware Composed: Independent Flip,9164.9734,NA,51.38310000000001,52.01640000000000,0.25570000000000,45.72980000000000,45.7512,9113.8259,51.4032,51.1475,0.2557,44.0842,52.7931,48.8368,3.9563,-1.2902,9113.8259,NA,NA,NA
Stalker2-Win64-Shipping.exe,13648,0x4E568280,DXGI,0,0,1,Hardware Composed: Independent Flip,9216.3674,NA,51.39400000000001,51.93590000000000,0.25220000000000,44.99510000000000,46.2931,9165.2291,51.3905,51.1383,0.2522,45.4741,50.6593,48.0161,2.6432,-0.5327,9165.2291,NA,NA,NA
Stalker2-Win64-Shipping.exe,13648,0x4E568280,DXGI,0,0,1,Hardware Composed: Independent Flip,9267.8963,NA,51.52890000000000,49.96810000000000,0.27910000000000,44.71730000000000,44.7323,9216.6196,51.5558,51.2767,0.2791,44.7429,51.2511,48.0121,3.2390,1.4224,9216.6196,NA,NA,NA
Stalker2-Win64-Shipping.exe,13648,0x4E568280,DXGI,0,0,1,Hardware Composed: Independent Flip,9319.5310,NA,51.63470000000000,51.93900000000000,0.25890000000000,44.62730000000001,45.0366,9268.1754,51.6145,51.3556,0.2589,44.4382,51.5447,47.6700,3.8747,-0.3832,9268.1754,NA,NA,NA
Stalker2-Win64-Shipping.exe,13648,0x4E568280,DXGI,0,0,1,Hardware Composed: Independent Flip,9372.0873,NA,52.55630000000000,51.60790000000000,0.28970000000000,44.02200000000001,44.0882,9319.7899,52.5871,52.2974,0.2897,44.3684,51.9510,47.2182,4.7328,0.0066,9319.7899,NA,NA,NA
Stalker2-Win64-Shipping.exe,13648,0x4E568280,DXGI,0,0,1,Hardware Composed: Independent Flip,9422.7908,NA,50.70350000000001,51.95520000000000,0.28570000000000,44.99600000000000,45.3399,9372.3770,50.6995,50.4138,0.2857,43.7323,51.6775,48.0071,3.6704,0.6319,9372.3770,NA,NA,NA
Stalker2-Win64-Shipping.exe,13648,0x4E568280,DXGI,0,0,1,Hardware Composed: Independent Flip,9474.6510,NA,51.86020000000000,50.89440000000000,0.26430000000000,44.35060000000000,44.3741,9423.0765,51.8388,51.5745,0.2643,44.7103,51.2148,47.3939,3.8209,-0.1949,9423.0765,NA,NA,NA
Stalker2-Win64-Shipping.exe,13648,0x4E568280,DXGI,0,0,1,Hardware Composed: Independent Flip,9526.3466,NA,51.69560000000001,51.95830000000000,0.28030000000000,44.61930000000000,44.6368,9474.9153,51.7116,51.4313,0.2803,44.0863,51.9643,47.6953,4.2690,-0.1195,9474.9153,NA,NA,NA
Stalker2-Win64-Shipping.exe,13648,0x4E568280,DXGI,0,0,1,Hardware Composed: Independent Flip,9577.8951,NA,51.54850000000000,51.72480000000000,0.25370000000000,44.25110000000000,44.8131,9526.6269,51.5219,51.2682,0.2537,44.3390,51.1803,47.3640,3.8163,-0.0132,9526.6269,NA,NA,NA
Stalker2-Win64-Shipping.exe,13648,0x4E568280,DXGI,0,0,1,Hardware Composed: Independent Flip,9629.8241,NA,51.92900000000000,51.72540000000000,0.26790000000000,44.59420000000000,44.6095,9578.1488,51.9432,51.6753,0.2679,43.9974,52.2721,47.7936,4.4785,-0.2035,9578.1488,NA,NA,NA
Stalker2-Win64-Shipping.exe,13648,0x4E568280,DXGI,0,0,1,Hardware Composed: Independent Flip,9681.2977,NA,51.47360000000000,51.56570000000000,0.28670000000000,44.15710000000000,44.7016,9630.0920,51.4924,51.2057,0.2867,44.3263,51.0365,47.1804,3.8561,0.3775,9630.0920,NA,NA,NA
Stalker2-Win64-Shipping.exe,13648,0x4E568280,DXGI,0,0,1,Hardware Composed: Independent Flip,9732.6136,NA,51.31590000000000,51.25390000000000,0.28330000000000,44.62950000000000,44.6396,9681.5844,51.3125,51.0292,0.2833,43.8704,51.7883,47.8020,3.9863,0.2385,9681.5844,NA,NA,NA
Stalker2-Win64-Shipping.exe,13648,0x4E568280,DXGI,0,0,1,Hardware Composed: Independent Flip,9785.3642,NA,52.75060000000001,54.17180000000000,0.32110000000000,45.54840000000000,46.0608,9732.8969,52.7884,52.4673,0.3211,44.3462,53.6695,48.7836,4.8859,-2.8593,9732.8969,NA,NA,NA
Stalker2-Win64-Shipping.exe,13648,0x4E568280,DXGI,0,0,1,Hardware Composed: Independent Flip,9835.8074,NA,50.44320000000000,49.25370000000000,0.26660000000000,44.04780000000000,44.8713,9785.6853,50.3887,50.1221,0.2666,45.2273,48.9426,47.1874,1.7552,3.5347,9785.6853,NA,NA,NA
Stalker2-Win64-Shipping.exe,13648,0x4E568280,DXGI,0,0,1,Hardware Composed: Independent Flip,9887.7316,NA,51.92420000000000,51.54670000000000,0.26590000000000,44.45080000000000,44.4938,9836.0740,51.9235,51.6576,0.2659,43.7812,52.3272,47.7614,4.5658,-1.1580,9836.0740,NA,NA,NA
Stalker2-Win64-Shipping.exe,13648,0x4E568280,DXGI,0,0,1,Hardware Composed: Independent Flip,9939.0781,NA,51.34650000000000,53.96720000000001,0.27640000000000,44.89470000000000,47.1145,9887.9975,51.3570,51.0806,0.2764,44.1849,51.7904,48.1199,3.6705,-2.0437,9887.9975,NA,NA,NA
Stalker2-Win64-Shipping.exe,13648,0x4E568280,DXGI,0,0,1,Hardware Composed: Independent Flip,9990.4630,NA,51.38490000000000,48.78720000000001,0.26180000000000,44.48770000000000,44.5168,9939.3545,51.3703,51.1085,0.2618,44.6183,50.9779,47.5855,3.3924,2.5698,9939.3545,NA,NA,NA
Stalker2-Win64-Shipping.exe,13648,0x4E568280,DXGI,0,0,1,Hardware Composed: Independent Flip,10043.1248,NA,52.66180000000000,53.28000000000000,0.31130000000000,45.11380000000000,45.1350,9990.7248,52.7113,52.4000,0.3113,44.2259,53.2879,48.2654,5.0225,-1.9097,9990.7248,NA,NA,NA
Stalker2-Win64-Shipping.exe,13648,0x4E568280,DXGI,0,0,1,Hardware Composed: Independent Flip,10094.9242,NA,51.79940000000001,52.24030000000000,0.27910000000000,44.29950000000000,45.5759,10043.4361,51.7672,51.4881,0.2791,44.8025,50.9851,47.3503,3.6348,0.4710,10043.4361,NA,NA,NA
Stalker2-Win64-Shipping.exe,13648,0x4E568280,DXGI,0,0,1,Hardware Composed: Independent Flip,10146.3553,NA,51.43110000000000,50.02120000000000,0.26670000000000,44.14310000000000,44.1660,10095.2033,51.4187,51.1520,0.2667,44.0204,51.2747,47.3215,3.9532,1.7460,10095.2033,NA,NA,NA
Stalker2-Win64-Shipping.exe,13648,0x4E568280,DXGI,0,0,1,Hardware Composed: Independent Flip,10197.7400,NA,51.38470000000000,51.99240000000000,0.29210000000000,44.47070000000000,44.7737,10146.6220,51.4101,51.1180,0.2921,43.8764,51.7123,47.7103,4.0020,-0.5737,10146.6220,NA,NA,NA
Stalker2-Win64-Shipping.exe,13648,0x4E568280,DXGI,0,0,1,Hardware Composed: Independent Flip,10250.3278,NA,52.58780000000000,52.08210000000000,0.31610000000000,44.25400000000000,44.2680,10198.0321,52.6118,52.2957,0.3161,44.1786,52.3711,47.5984,4.7727,-0.6720,10198.0321,NA,NA,NA
Stalker2-Win64-Shipping.exe,13648,0x4E568280,DXGI,0,0,1,Hardware Composed: Independent Flip,10301.6269,NA,51.29910000000000,51.22990000000000,0.25000000000000,43.93700000000000,44.1988,10250.6439,51.2330,50.9830,0.2500,43.9379,50.9821,47.1096,3.8725,1.3819,10250.6439,NA,NA,NA
Stalker2-Win64-Shipping.exe,13648,0x4E568280,DXGI,0,0,1,Hardware Composed: Independent Flip,10352.9758,NA,51.34890000000000,50.98430000000000,0.42240000000000,43.80630000000000,43.8342,10301.8769,51.5213,51.0989,0.4224,43.6870,51.2182,46.9801,4.2381,0.2487,10301.8769,NA,NA,NA
Stalker2-Win64-Shipping.exe,13648,0x4E568280,DXGI,0,0,1,Hardware Composed: Independent Flip,10403.8276,NA,50.85180000000000,53.06710000000000,0.28600000000000,45.79820000000000,46.0495,10353.3982,50.7154,50.4294,0.2860,43.3839,52.8437,48.9297,3.9140,-1.5458,10353.3982,NA,NA,NA
Stalker2-Win64-Shipping.exe,13648,0x4E568280,DXGI,0,0,1,Hardware Composed: Independent Flip,10455.9310,NA,52.10340000000000,51.78100000000001,0.29180000000000,45.17600000000000,45.7271,10404.1136,52.1092,51.8174,0.2918,45.5122,51.4812,48.2047,3.2765,-1.0656,10404.1136,NA,NA,NA
Stalker2-Win64-Shipping.exe,13648,0x4E568280,DXGI,0,0,1,Hardware Composed: Independent Flip,10508.5533,NA,52.62230000000000,51.06120000000000,0.40810000000000,44.15280000000000,44.1660,10456.2228,52.7386,52.3305,0.4081,44.8842,51.5991,47.3464,4.2527,1.0480,10456.2228,NA,NA,NA
Stalker2-Win64-Shipping.exe,13648,0x4E568280,DXGI,0,0,1,Hardware Composed: Independent Flip,10557.8068,NA,49.25350000000000,49.67890000000001,0.31090000000000,44.35420000000000,44.5914,10508.9614,49.1563,48.8454,0.3109,43.7447,49.4549,47.6364,1.8185,3.0597,10508.9614,NA,NA,NA
Stalker2-Win64-Shipping.exe,13648,0x4E568280,DXGI,0,0,1,Hardware Composed: Independent Flip,10609.6505,NA,51.84370000000001,51.82690000000000,0.30050000000000,44.55850000000000,44.5746,10558.1177,51.8333,51.5328,0.3005,44.0433,52.0480,47.9055,4.1425,-2.6706,10558.1177,NA,NA,NA
Stalker2-Win64-Shipping.exe,13648,0x4E568280,DXGI,0,0,1,Hardware Composed: Independent Flip,10661.4336,NA,51.78310000000000,52.69100000000000,0.28700000000000,43.96100000000001,45.4825,10609.9510,51.7696,51.4826,0.2870,44.2580,51.1856,47.1109,4.0747,-0.8577,10609.9510,NA,NA,NA
Stalker2-Win64-Shipping.exe,13648,0x4E568280,DXGI,0,0,1,Hardware Composed: Independent Flip,10712.9068,NA,51.47320000000001,50.39590000000000,0.26580000000000,44.37820000000000,44.4052,10661.7206,51.4520,51.1862,0.2658,43.6740,51.8904,47.5972,4.2932,1.3737,10661.7206,NA,NA,NA
Stalker2-Win64-Shipping.exe,13648,0x4E568280,DXGI,0,0,1,Hardware Composed: Independent Flip,10765.0257,NA,52.11890000000000,52.15620000000001,0.25770000000000,44.06650000000000,44.4425,10713.1726,52.1108,51.8531,0.2577,44.1124,51.8072,47.7510,4.0562,-0.7042,10713.1726,NA,NA,NA
Stalker2-Win64-Shipping.exe,13648,0x4E568280,DXGI,0,0,1,Hardware Composed: Independent Flip,10815.8810,NA,50.85530000000000,51.37530000000000,0.27230000000000,44.94330000000000,44.9625,10765.2834,50.8699,50.5976,0.2723,43.8088,51.7321,47.9511,3.7810,0.7355,10765.2834,NA,NA,NA
Stalker2-Win64-Shipping.exe,13648,0x4E568280,DXGI,0,0,1,Hardware Composed: Independent Flip,10867.1333,NA,51.25230000000001,50.88840000000000,0.29440000000000,44.57680000000000,44.5986,10816.1533,51.2744,50.9800,0.2944,44.6710,50.8858,47.6584,3.2274,-0.0185,10816.1533,NA,NA,NA
Stalker2-Win64-Shipping.exe,13648,0x4E568280,DXGI,0,0,1,Hardware Composed: Independent Flip,10918.6231,NA,51.48980000000000,51.08980000000000,0.27780000000000,44.15880000000000,44.1986,10867.4277,51.4732,51.1954,0.2778,44.2824,51.0718,47.5075,3.5643,0.1846,10867.4277,NA,NA,NA
Stalker2-Win64-Shipping.exe,13648,0x4E568280,DXGI,0,0,1,Hardware Composed: Independent Flip,10969.9379,NA,51.31480000000001,51.78090000000000,0.29270000000000,44.33240000000000,44.6647,10918.9009,51.3297,51.0370,0.2927,43.8810,51.4884,47.3399,4.1485,-0.3077,10918.9009,NA,NA,NA
Stalker2-Win64-Shipping.exe,13648,0x4E568280,DXGI,0,0,1,Hardware Composed: Independent Flip,11021.1358,NA,51.19790000000000,52.61870000000000,0.27810000000000,45.99060000000000,46.0855,10970.2306,51.1833,50.9052,0.2781,44.0397,52.8561,48.9871,3.8690,-1.2890,10970.2306,NA,NA,NA
Stalker2-Win64-Shipping.exe,13648,0x4E568280,DXGI,0,0,1,Hardware Composed: Independent Flip,11073.3142,NA,52.17840000000000,51.30470000000000,0.26370000000000,44.51660000000000,45.2118,11021.4139,52.1640,51.9003,0.2637,45.7125,50.7044,47.6391,3.0653,-0.1214,11021.4139,NA,NA,NA
Stalker2-Win64-Shipping.exe,13648,0x4E568280,DXGI,0,0,1,Hardware Composed: Independent Flip,11123.8202,NA,50.50600000000000,50.42830000000000,0.31200000000000,45.11290000000000,45.1341,11073.5779,50.5543,50.2423,0.3120,44.2529,51.1023,48.1248,2.9775,1.7357,11073.5779,NA,NA,NA
Stalker2-Win64-Shipping.exe,13648,0x4E568280,DXGI,0,0,1,Hardware Composed: Independent Flip,11175.3248,NA,51.50460000000000,50.63580000000000,0.28450000000000,43.90600000000000,44.2653,11124.1322,51.4771,51.1926,0.2845,44.8009,50.2977,46.9637,3.3340,-0.0815,11124.1322,NA,NA,NA
Stalker2-Win64-Shipping.exe,13648,0x4E568280,DXGI,0,0,1,Hardware Composed: Independent Flip,11227.6659,NA,52.34110000000000,53.03030000000000,0.26280000000000,44.93360000000001,44.9545,11175.6093,52.3194,52.0566,0.2628,43.6215,53.3687,48.0949,5.2738,-1.5532,11175.6093,NA,NA,NA
Stalker2-Win64-Shipping.exe,13648,0x4E568280,DXGI,0,0,1,Hardware Composed: Independent Flip,11279.1719,NA,51.50600000000000,52.31960000000000,0.27870000000000,44.11470000000000,45.7681,11227.9287,51.5219,51.2432,0.2787,44.6708,50.6871,47.1602,3.5269,-0.0002,11227.9287,NA,NA,NA
Stalker2-Win64-Shipping.exe,13648,0x4E568280,DXGI,0,0,1,Hardware Composed: Independent Flip,11331.2009,NA,52.02900000000000,50.71600000000000,0.30140000000000,44.41770000000000,44.4551,11279.4506,52.0517,51.7503,0.3014,43.8360,52.3320,47.8407,4.4913,0.8059,11279.4506,NA,NA,NA
Stalker2-Win64-Shipping.exe,13648,0x4E568280,DXGI,0,0,1,Hardware Composed: Independent Flip,11383.1291,NA,51.92820000000000,52.73410000000001,0.27790000000000,44.34080000000000,45.2610,11331.5023,51.9047,51.6268,0.2779,44.1163,51.8513,47.4911,4.3602,-0.6824,11331.5023,NA,NA,NA
Stalker2-Win64-Shipping.exe,13648,0x4E568280,DXGI,0,0,1,Hardware Composed: Independent Flip,11435.7487,NA,52.61960000000001,51.62550000000000,0.25010000000000,44.24600000000000,44.2669,11383.4070,52.5918,52.3417,0.2501,44.0629,52.5248,48.3292,4.1956,0.2792,11383.4070,NA,NA,NA
Stalker2-Win64-Shipping.exe,13648,0x4E568280,DXGI,0,0,1,Hardware Composed: Independent Flip,11487.0333,NA,51.28460000000000,51.74950000000000,0.28960000000000,44.42990000000000,44.7318,11435.9988,51.3241,51.0345,0.2896,43.9959,51.4685,47.3953,4.0732,0.8423,11435.9988,NA,NA,NA
Stalker2-Win64-Shipping.exe,13648,0x4E568280,DXGI,0,0,1,Hardware Composed: Independent Flip,11537.9468,NA,50.91350000000000,50.61760000000000,0.25030000000000,44.41300000000000,44.4359,11487.3229,50.8742,50.6239,0.2503,44.1403,50.8966,47.4231,3.4735,0.7065,11487.3229,NA,NA,NA
Stalker2-Win64-Shipping.exe,13648,0x4E568280,DXGI,0,0,1,Hardware Composed: Independent Flip,11589.1842,NA,51.23740000000000,51.36140000000000,0.28720000000000,44.54640000000001,44.5599,11538.1971,51.2743,50.9871,0.2872,44.1627,51.3708,47.5364,3.8344,-0.4872,11538.1971,NA,NA,NA
Stalker2-Win64-Shipping.exe,13648,0x4E568280,DXGI,0,0,1,Hardware Composed: Independent Flip,11642.1493,NA,52.96510000000000,54.71770000000000,0.30950000000000,46.08090000000000,46.3125,11589.4714,52.9874,52.6779,0.3095,44.2592,54.4996,49.2644,5.2352,-3.4434,11589.4714,NA,NA,NA
Stalker2-Win64-Shipping.exe,13648,0x4E568280,DXGI,0,0,1,Hardware Composed: Independent Flip,11692.5973,NA,50.44800000000000,49.55310000000000,0.25230000000000,43.98740000000000,45.4176,11642.4588,50.3908,50.1385,0.2523,45.7714,48.3545,47.2714,1.0831,3.4343,11642.4588,NA,NA,NA
Stalker2-Win64-Shipping.exe,13648,0x4E568280,DXGI,0,0,1,Hardware Composed: Independent Flip,11743.7249,NA,51.12760000000000,50.22690000000000,0.27180000000000,44.49480000000001,44.5169,11692.8496,51.1471,50.8753,0.2718,43.7351,51.6350,47.5631,4.0719,0.1639,11692.8496,NA,NA,NA
Stalker2-Win64-Shipping.exe,13648,0x4E568280,DXGI,0,0,1,Hardware Composed: Independent Flip,11794.6766,NA,50.95170000000000,52.55770000000000,0.26750000000000,43.97290000000000,46.1229,11743.9967,50.9474,50.6799,0.2675,44.2230,50.4298,47.0249,3.4049,-1.4106,11743.9967,NA,NA,NA
Stalker2-Win64-Shipping.exe,13648,0x4E568280,DXGI,0,0,1,Hardware Composed: Independent Flip,11847.7091,NA,53.03250000000001,50.55550000000000,0.45730000000000,43.61750000000000,43.6459,11794.9441,53.2223,52.7650,0.4573,43.7054,52.6771,47.9550,4.7221,0.3919,11794.9441,NA,NA,NA
Stalker2-Win64-Shipping.exe,13648,0x4E568280,DXGI,0,0,1,Hardware Composed: Independent Flip,11899.0289,NA,51.31980000000000,52.99080000000000,0.27820000000000,44.09710000000000,45.3169,11848.1664,51.1407,50.8625,0.2782,43.1602,51.7994,47.1879,4.6115,0.2315,11848.1664,NA,NA,NA
Stalker2-Win64-Shipping.exe,13648,0x4E568280,DXGI,0,0,1,Hardware Composed: Independent Flip,11951.4488,NA,52.41990000000001,51.74040000000000,0.31700000000000,44.61710000000000,44.6374,11899.3071,52.4587,52.1417,0.3170,43.8189,52.9399,47.8715,5.0684,-0.5997,11899.3071,NA,NA,NA
Stalker2-Win64-Shipping.exe,13648,0x4E568280,DXGI,0,0,1,Hardware Composed: Independent Flip,12002.1357,NA,50.68690000000000,50.55650000000000,0.28970000000000,43.96470000000000,44.5070,11951.7658,50.6596,50.3699,0.2897,44.3001,50.0345,46.9611,3.0734,1.9022,11951.7658,NA,NA,NA
Stalker2-Win64-Shipping.exe,13648,0x4E568280,DXGI,0,0,1,Hardware Composed: Independent Flip,12054.0399,NA,51.90420000000000,52.00940000000000,0.25230000000000,44.59270000000000,44.6122,12002.4254,51.8668,51.6145,0.2523,43.6750,52.5322,47.7975,4.7347,-1.3498,12002.4254,NA,NA,NA
Stalker2-Win64-Shipping.exe,13648,0x4E568280,DXGI,0,0,1,Hardware Composed: Independent Flip,12105.1176,NA,51.07770000000000,52.55110000000001,0.27450000000000,44.30170000000000,46.0856,12054.2922,51.0999,50.8254,0.2745,44.3404,50.7867,47.4281,3.3586,-0.6843,12054.2922,NA,NA,NA
Stalker2-Win64-Shipping.exe,13648,0x4E568280,DXGI,0,0,1,Hardware Composed: Independent Flip,12157.0505,NA,51.93290000000000,50.33220000000000,0.34880000000000,44.46360000000000,44.4849,12105.3921,52.0072,51.6584,0.3488,44.0272,52.0948,47.8020,4.2928,0.7677,12105.3921,NA,NA,NA
Stalker2-Win64-Shipping.exe,13648,0x4E568280,DXGI,0,0,1,Hardware Composed: Independent Flip,12208.1209,NA,51.07040000000000,51.35360000000000,0.23190000000000,44.41510000000000,44.7681,12157.3993,50.9535,50.7216,0.2319,44.1148,51.0219,47.5610,3.4609,0.6536,12157.3993,NA,NA,NA
Stalker2-Win64-Shipping.exe,13648,0x4E568280,DXGI,0,0,1,Hardware Composed: Independent Flip,12260.3271,NA,52.20620000000000,53.12450000000000,0.26780000000000,45.67150000000000,45.6864,12208.3528,52.2421,51.9743,0.2678,44.1832,53.4626,48.7164,4.7462,-2.1710,12208.3528,NA,NA,NA
Stalker2-Win64-Shipping.exe,13648,0x4E568280,DXGI,0,0,1,Hardware Composed: Independent Flip,12311.9316,NA,51.60450000000000,51.55290000000000,0.31000000000000,44.38070000000000,45.6348,12260.5949,51.6467,51.3367,0.3100,45.4037,50.3137,47.4138,2.8999,0.6892,12260.5949,NA,NA,NA
Stalker2-Win64-Shipping.exe,13648,0x4E568280,DXGI,0,0,1,Hardware Composed: Independent Flip,12362.5098,NA,50.57820000000000,49.56000000000000,0.26530000000000,44.57320000000000,44.6166,12312.2416,50.5335,50.2682,0.2653,44.0707,50.7707,47.8424,2.9283,2.0867,12312.2416,NA,NA,NA
Stalker2-Win64-Shipping.exe,13648,0x4E568280,DXGI,0,0,1,Hardware Composed: Independent Flip,12413.6749,NA,51.16510000000000,51.51170000000000,0.28060000000000,44.52550000000000,44.9632,12362.7751,51.1804,50.8998,0.2806,44.3079,51.1174,47.4111,3.7063,-0.9782,12362.7751,NA,NA,NA
Stalker2-Win64-Shipping.exe,13648,0x4E568280,DXGI,0,0,1,Hardware Composed: Independent Flip,12465.3454,NA,51.67050000000000,51.16060000000000,0.26840000000000,44.43020000000000,44.4533,12413.9555,51.6583,51.3899,0.2684,44.2449,51.5752,47.4915,4.0837,0.0198,12413.9555,NA,NA,NA
Stalker2-Win64-Shipping.exe,13648,0x4E568280,DXGI,0,0,1,Hardware Composed: Independent Flip,12516.7319,NA,51.38650000000001,51.85960000000000,0.24520000000000,44.67220000000000,44.9264,12465.6138,51.3633,51.1181,0.2452,44.1618,51.6285,47.7686,3.8599,-0.2013,12465.6138,NA,NA,NA
Stalker2-Win64-Shipping.exe,13648,0x4E568280,DXGI,0,0,1,Hardware Composed: Independent Flip,12568.9406,NA,52.20870000000000,51.56140000000000,0.23470000000000,44.23720000000000,44.2791,12516.9771,52.1982,51.9635,0.2347,44.4270,51.7737,47.2817,4.4920,-0.1981,12516.9771,NA,NA,NA
Stalker2-Win64-Shipping.exe,13648,0x4E568280,DXGI,0,0,1,Hardware Composed: Independent Flip,12619.9910,NA,51.05040000000000,51.28550000000000,0.28050000000000,44.44570000000000,44.5142,12569.1753,51.0962,50.8157,0.2805,44.0025,51.2589,47.4783,3.7806,0.9127,12569.1753,NA,NA,NA
Stalker2-Win64-Shipping.exe,13648,0x4E568280,DXGI,0,0,1,Hardware Composed: Independent Flip,12671.7575,NA,51.76650000000000,51.63490000000000,0.26830000000000,44.36770000000000,44.3826,12620.2715,51.7543,51.4860,0.2683,44.1652,51.6885,47.5552,4.1333,-0.5387,12620.2715,NA,NA,NA
Stalker2-Win64-Shipping.exe,13648,0x4E568280,DXGI,0,0,1,Hardware Composed: Independent Flip,12723.6123,NA,51.85480000000000,52.56390000000000,0.27680000000000,44.84820000000001,45.0917,12672.0258,51.8633,51.5865,0.2768,44.0994,52.3353,47.9714,4.3639,-0.8096,12672.0258,NA,NA,NA
Stalker2-Win64-Shipping.exe,13648,0x4E568280,DXGI,0,0,1,Hardware Composed: Independent Flip,12775.0318,NA,51.41950000000000,50.89840000000000,0.26560000000000,44.27420000000000,44.5706,12723.8891,51.4083,51.1427,0.2656,44.5714,50.8455,47.3124,3.5331,0.9649,12723.8891,NA,NA,NA
Stalker2-Win64-Shipping.exe,13648,0x4E568280,DXGI,0,0,1,Hardware Composed: Independent Flip,12826.2438,NA,51.21200000000000,50.89290000000000,0.28990000000000,44.22210000000000,44.2515,12775.2974,51.2363,50.9464,0.2899,44.0086,51.1599,47.4077,3.7522,0.5154,12775.2974,NA,NA,NA
Stalker2-Win64-Shipping.exe,13648,0x4E568280,DXGI,0,0,1,Hardware Composed: Independent Flip,12878.6901,NA,52.44630000000000,54.28140000000000,0.27570000000000,45.65170000000001,46.0866,12826.5337,52.4321,52.1564,0.2757,43.9322,53.8759,48.9405,4.9354,-3.0451,12826.5337,NA,NA,NA
Stalker2-Win64-Shipping.exe,13648,0x4E568280,DXGI,0,0,1,Hardware Composed: Independent Flip,12932.2818,NA,53.59170000000000,52.92360000000000,0.25220000000000,44.36390000000000,45.4185,12878.9658,53.5682,53.3160,0.2522,45.3760,52.3039,47.6725,4.6314,-0.4915,12878.9658,NA,NA,NA
Stalker2-Win64-Shipping.exe,13648,0x4E568280,DXGI,0,0,1,Hardware Composed: Independent Flip,12981.3651,NA,49.08330000000000,48.19010000000000,0.35330000000000,44.48640000000000,44.5253,12932.5340,49.1844,48.8311,0.3533,44.1117,49.2058,47.6396,1.5662,5.3781,12932.5340,NA,NA,NA
Stalker2-Win64-Shipping.exe,13648,0x4E568280,DXGI,0,0,1,Hardware Composed: Independent Flip,13032.9162,NA,51.55110000000001,51.67940000000000,0.25040000000000,44.63730000000000,44.6536,12981.7184,51.4482,51.1978,0.2504,44.1331,51.7020,47.7463,3.9557,-2.4950,12981.7184,NA,NA,NA
Stalker2-Win64-Shipping.exe,13648,0x4E568280,DXGI,0,0,1,Hardware Composed: Independent Flip,13084.6169,NA,51.70070000000000,52.64700000000001,0.25670000000000,43.98930000000000,45.5999,13033.1666,51.7070,51.4503,0.2567,44.3869,51.0527,47.2487,3.8040,-1.1988,13033.1666,NA,NA,NA
Stalker2-Win64-Shipping.exe,13648,0x4E568280,DXGI,0,0,1,Hardware Composed: Independent Flip,13136.6159,NA,51.99900000000000,50.41390000000001,0.30060000000000,43.98740000000000,44.0148,13084.8736,52.0429,51.7423,0.3006,43.7326,51.9971,47.2495,4.7476,1.2931,13084.8736,NA,NA,NA
Stalker2-Win64-Shipping.exe,13648,0x4E568280,DXGI,0,0,1,Hardware Composed: Independent Flip,13188.7091,NA,52.09320000000000,53.02540000000000,0.27490000000000,44.43250000000000,44.9470,13136.9165,52.0675,51.7926,0.2749,43.6868,52.5383,47.7740,4.7643,-0.9825,13136.9165,NA,NA,NA
Stalker2-Win64-Shipping.exe,13648,0x4E568280,DXGI,0,0,1,Hardware Composed: Independent Flip,13240.2914,NA,51.58230000000000,51.24320000000000,0.26510000000000,44.30490000000000,44.6079,13188.9840,51.5725,51.3074,0.2651,44.1576,51.4547,47.4377,4.0170,0.8243,13188.9840,NA,NA,NA
Stalker2-Win64-Shipping.exe,13648,0x4E568280,DXGI,0,0,1,Hardware Composed: Independent Flip,13292.1398,NA,51.84840000000001,51.38080000000000,0.31450000000000,44.11780000000000,44.1403,13240.5565,51.8978,51.5833,0.3145,44.0398,51.6613,47.4055,4.2558,0.1917,13240.5565,NA,NA,NA
Stalker2-Win64-Shipping.exe,13648,0x4E568280,DXGI,0,0,1,Hardware Composed: Independent Flip,13343.4279,NA,51.28810000000000,52.39950000000000,0.27370000000000,44.90200000000000,45.2517,13292.4543,51.2473,50.9736,0.2737,43.8033,52.0723,47.9672,4.1051,-0.5017,13292.4543,NA,NA,NA
Stalker2-Win64-Shipping.exe,13648,0x4E568280,DXGI,0,0,1,Hardware Composed: Independent Flip,13395.0751,NA,51.64720000000001,51.14770000000000,0.25060000000000,44.73060000000000,44.7522,13343.7016,51.6241,51.3735,0.2506,44.6283,51.4758,47.9470,3.5288,0.0996,13343.7016,NA,NA,NA
Stalker2-Win64-Shipping.exe,13648,0x4E568280,DXGI,0,0,1,Hardware Composed: Independent Flip,13445.9144,NA,50.83930000000000,51.31800000000000,0.29540000000000,45.20740000000000,45.2309,13395.3257,50.8841,50.5887,0.2954,44.4800,51.3161,48.2264,3.0897,0.3061,13395.3257,NA,NA,NA
Stalker2-Win64-Shipping.exe,13648,0x4E568280,DXGI,0,0,1,Hardware Composed: Independent Flip,13496.9128,NA,50.99840000000000,51.59190000000000,0.26230000000000,45.62590000000000,45.8244,13446.2098,50.9653,50.7030,0.2623,44.9120,51.4169,48.5877,2.8292,-0.7078,13446.2098,NA,NA,NA
Stalker2-Win64-Shipping.exe,13648,0x4E568280,DXGI,0,0,1,Hardware Composed: Independent Flip,13547.9366,NA,51.02380000000000,49.94040000000000,0.27080000000000,44.70300000000000,44.7410,13497.1751,51.0323,50.7615,0.2708,45.3636,50.1009,47.7753,2.3256,1.0249,13497.1751,NA,NA,NA
Stalker2-Win64-Shipping.exe,13648,0x4E568280,DXGI,0,0,1,Hardware Composed: Independent Flip,13599.9293,NA,51.99270000000000,51.96420000000001,0.25730000000000,44.67380000000000,44.7125,13548.2074,51.9792,51.7219,0.2573,44.4322,51.9635,47.7211,4.2424,-0.9319,13548.2074,NA,NA,NA
Stalker2-Win64-Shipping.exe,13648,0x4E568280,DXGI,0,0,1,Hardware Composed: Independent Flip,13651.0832,NA,51.15390000000000,51.82050000000000,0.29690000000000,44.32900000000000,45.3791,13600.1866,51.1935,50.8966,0.2969,44.4165,50.8091,47.5961,3.2130,0.1587,13600.1866,NA,NA,NA
Stalker2-Win64-Shipping.exe,13648,0x4E568280,DXGI,0,0,1,Hardware Composed: Independent Flip,13702.7196,NA,51.63640000000000,50.49310000000001,0.28590000000000,44.20200000000001,44.2358,13651.3801,51.6254,51.3395,0.2859,44.0321,51.5094,47.3438,4.1656,0.7004,13651.3801,NA,NA,NA
Stalker2-Win64-Shipping.exe,13648,0x4E568280,DXGI,0,0,1,Hardware Composed: Independent Flip,13755.1691,NA,52.44950000000000,53.16880000000000,0.29570000000000,44.54260000000000,44.9551,13703.0055,52.4593,52.1636,0.2957,43.9161,52.7901,47.6826,5.1075,-1.5434,13703.0055,NA,NA,NA
Stalker2-Win64-Shipping.exe,13648,0x4E568280,DXGI,0,0,1,Hardware Composed: Independent Flip,13806.8891,NA,51.72000000000001,51.72900000000000,0.31990000000000,44.47190000000001,44.9641,13755.4648,51.7442,51.4243,0.3199,44.2469,51.6493,47.5255,4.1238,0.7303,13755.4648,NA,NA,NA
Stalker2-Win64-Shipping.exe,13648,0x4E568280,DXGI,0,0,1,Hardware Composed: Independent Flip,13859.6753,NA,52.78620000000000,52.18860000000000,0.29330000000000,44.32760000000000,44.3665,13807.2090,52.7596,52.4663,0.2933,44.1520,52.6419,47.5324,5.1095,-0.4444,13807.2090,NA,NA,NA
Stalker2-Win64-Shipping.exe,13648,0x4E568280,DXGI,0,0,1,Hardware Composed: Independent Flip,13910.8778,NA,51.20250000000000,52.10090000000000,0.27830000000000,44.62090000000000,45.2649,13859.9686,51.1875,50.9092,0.2783,44.0343,51.4958,47.6187,3.8771,0.6587,13859.9686,NA,NA,NA
Stalker2-Win64-Shipping.exe,13648,0x4E568280,DXGI,0,0,1,Hardware Composed: Independent Flip,13962.2389,NA,51.36110000000000,50.34590000000000,0.27770000000000,44.20630000000000,44.2497,13911.1561,51.3605,51.0828,0.2777,44.3426,50.9465,47.2971,3.6494,0.8416,13911.1561,NA,NA,NA
Stalker2-Win64-Shipping.exe,13648,0x4E568280,DXGI,0,0,1,Hardware Composed: Independent Flip,14013.6531,NA,51.41420000000000,51.85740000000001,0.27210000000000,44.66710000000000,44.6929,13962.5166,51.4086,51.1365,0.2721,43.9286,51.8750,47.7753,4.0997,-0.4969,13962.5166,NA,NA,NA
Stalker2-Win64-Shipping.exe,13648,0x4E568280,DXGI,0,0,1,Hardware Composed: Independent Flip,14065.1352,NA,51.48210000000000,51.62190000000000,0.29020000000000,44.46020000000000,44.8327,14013.9252,51.5002,51.2100,0.2902,44.3950,51.2752,47.4375,3.8377,-0.2133,14013.9252,NA,NA,NA
Stalker2-Win64-Shipping.exe,13648,0x4E568280,DXGI,0,0,1,Hardware Composed: Independent Flip,14116.2291,NA,51.09390000000000,52.38460000000001,0.27670000000000,46.10730000000000,46.1234,14065.4254,51.0804,50.8037,0.2767,44.1700,52.7410,49.1045,3.6365,-0.8844,14065.4254,NA,NA,NA
Stalker2-Win64-Shipping.exe,13648,0x4E568280,DXGI,0,0,1,Hardware Composed: Independent Flip,14167.9051,NA,51.67600000000000,50.18040000000001,0.27290000000000,43.87620000000000,44.6278,14116.5058,51.6722,51.3993,0.2729,45.8306,49.4449,46.9624,2.4825,0.9000,14116.5058,NA,NA,NA
Stalker2-Win64-Shipping.exe,13648,0x4E568280,DXGI,0,0,1,Hardware Composed: Independent Flip,14219.0961,NA,51.19100000000000,50.43440000000000,0.27570000000000,43.84400000000000,43.8712,14168.1780,51.1938,50.9181,0.2757,43.6033,51.1588,47.1635,3.9953,1.2378,14168.1780,NA,NA,NA
Stalker2-Win64-Shipping.exe,13648,0x4E568280,DXGI,0,0,1,Hardware Composed: Independent Flip,14271.6719,NA,52.57580000000000,53.93220000000000,0.26840000000000,44.07750000000000,45.2276,14219.3718,52.5685,52.3001,0.2684,43.5683,52.8093,47.1976,5.6117,-2.7384,14219.3718,NA,NA,NA
Stalker2-Win64-Shipping.exe,13648,0x4E568280,DXGI,0,0,1,Hardware Composed: Independent Flip,14322.0257,NA,50.35380000000000,50.21910000000000,0.25400000000000,44.89300000000000,45.0929,14271.9403,50.3394,50.0854,0.2540,43.8091,51.1693,48.0701,3.0992,2.3494,14271.9403,NA,NA,NA
Stalker2-Win64-Shipping.exe,13648,0x4E568280,DXGI,0,0,1,Hardware Composed: Independent Flip,14373.9029,NA,51.87720000000000,51.20540000000000,0.29300000000000,44.40740000000000,44.4211,14322.2797,51.9162,51.6232,0.2930,44.6390,51.3916,47.4564,3.9352,-0.8660,14322.2797,NA,NA,NA
Stalker2-Win64-Shipping.exe,13648,0x4E568280,DXGI,0,0,1,Hardware Composed: Independent Flip,14425.9158,NA,52.01290000000000,53.02890000000000,0.28630000000000,44.67810000000000,45.4371,14374.1959,52.0062,51.7199,0.2863,44.1144,52.2836,47.8498,4.4338,-1.1127,14374.1959,NA,NA,NA
Stalker2-Win64-Shipping.exe,13648,0x4E568280,DXGI,0,0,1,Hardware Composed: Independent Flip,14476.7533,NA,50.83750000000001,49.61840000000000,0.28850000000000,44.16350000000000,44.2180,14426.2021,50.8397,50.5512,0.2885,44.3918,50.3229,47.1853,3.1376,2.3878,14426.2021,NA,NA,NA
Stalker2-Win64-Shipping.exe,13648,0x4E568280,DXGI,0,0,1,Hardware Composed: Independent Flip,14527.8713,NA,51.11800000000000,51.58670000000000,0.27400000000000,44.67010000000001,44.6867,14477.0418,51.1035,50.8295,0.2740,43.8750,51.6246,47.7965,3.8281,-0.7470,14477.0418,NA,NA,NA
Stalker2-Win64-Shipping.exe,13648,0x4E568280,DXGI,0,0,1,Hardware Composed: Independent Flip,14579.0546,NA,51.18330000000000,52.48210000000000,0.28040000000000,44.75250000000000,45.9855,14528.1453,51.1897,50.9093,0.2804,44.3961,51.2657,47.7517,3.5140,-1.3786,14528.1453,NA,NA,NA
Stalker2-Win64-Shipping.exe,13648,0x4E568280,DXGI,0,0,1,Hardware Composed: Independent Flip,14630.7207,NA,51.66610000000000,50.57830000000001,0.29020000000000,44.87560000000000,44.8977,14579.3350,51.6759,51.3857,0.2902,44.4721,51.7892,48.3444,3.4448,0.6114,14579.3350,NA,NA,NA
Stalker2-Win64-Shipping.exe,13648,0x4E568280,DXGI,0,0,1,Hardware Composed: Independent Flip,14681.7408,NA,51.02010000000000,50.75460000000000,0.26430000000000,44.33860000000000,44.6322,14631.0109,50.9942,50.7299,0.2643,44.5854,50.4831,47.2889,3.1942,0.9213,14631.0109,NA,NA,NA
Stalker2-Win64-Shipping.exe,13648,0x4E568280,DXGI,0,0,1,Hardware Composed: Independent Flip,14733.0256,NA,51.28480000000000,52.11060000000001,0.26110000000000,45.44130000000001,45.4580,14682.0051,51.2816,51.0205,0.2611,44.0743,52.3875,48.4601,3.9274,-1.1164,14682.0051,NA,NA,NA
Stalker2-Win64-Shipping.exe,13648,0x4E568280,DXGI,0,0,1,Hardware Composed: Independent Flip,14784.3180,NA,51.29240000000000,51.02810000000000,0.25240000000000,44.12990000000000,45.1937,14733.2867,51.2837,51.0313,0.2524,45.1802,49.9810,47.1822,2.7988,0.2535,14733.2867,NA,NA,NA
Stalker2-Win64-Shipping.exe,13648,0x4E568280,DXGI,0,0,1,Hardware Composed: Independent Flip,14836.7701,NA,52.45210000000000,51.74130000000000,0.24760000000000,44.46280000000000,44.4829,14784.5704,52.4473,52.1997,0.2476,43.8775,52.7850,47.8080,4.9770,-0.4576,14784.5704,NA,NA,NA
Stalker2-Win64-Shipping.exe,13648,0x4E568280,DXGI,0,0,1,Hardware Composed: Independent Flip,14887.5038,NA,50.73370000000000,52.10960000000000,0.27900000000000,44.30960000000000,45.8588,14837.0177,50.7651,50.4861,0.2790,44.2152,50.5805,47.3396,3.2409,0.3377,14837.0177,NA,NA,NA
Stalker2-Win64-Shipping.exe,13648,0x4E568280,DXGI,0,0,1,Hardware Composed: Independent Flip,14939.2608,NA,51.75700000000001,51.02000000000000,0.29440000000000,45.10320000000000,45.1218,14887.7828,51.7724,51.4780,0.2944,44.0306,52.5506,48.1399,4.4107,-0.2549,14887.7828,NA,NA,NA
Stalker2-Win64-Shipping.exe,13648,0x4E568280,DXGI,0,0,1,Hardware Composed: Independent Flip,14991.9121,NA,52.65130000000000,52.90250000000000,0.30750000000000,44.26490000000000,45.3730,14939.5552,52.6644,52.3569,0.3075,44.8088,51.8130,47.3157,4.4973,-1.1301,14939.5552,NA,NA,NA
Stalker2-Win64-Shipping.exe,13648,0x4E568280,DXGI,0,0,1,Hardware Composed: Independent Flip,15042.5869,NA,50.67480000000000,49.81340000000000,0.27180000000000,44.48240000000001,44.5116,14992.2196,50.6391,50.3673,0.2718,43.9574,50.8923,47.5203,3.3720,2.8510,14992.2196,NA,NA,NA
Stalker2-Win64-Shipping.exe,13648,0x4E568280,DXGI,0,0,1,Hardware Composed: Independent Flip,15094.0420,NA,51.45510000000000,51.28020000000000,0.28700000000000,44.31320000000000,44.3367,15042.8587,51.4703,51.1833,0.2870,44.2106,51.2859,47.4809,3.8050,-0.6411,15042.8587,NA,NA,NA
Stalker2-Win64-Shipping.exe,13648,0x4E568280,DXGI,0,0,1,Hardware Composed: Independent Flip,15146.0062,NA,51.96420000000001,52.96440000000000,0.23810000000000,44.91710000000000,45.3369,15094.3290,51.9153,51.6772,0.2381,44.0262,52.5681,48.0834,4.4847,-1.4941,15094.3290,NA,NA,NA
Stalker2-Win64-Shipping.exe,13648,0x4E568280,DXGI,0,0,1,Hardware Composed: Independent Flip,15197.3724,NA,51.36620000000000,50.94360000000000,0.25370000000000,44.50820000000000,44.9143,15146.2443,51.3818,51.1281,0.2537,44.6790,50.9573,48.0814,2.8759,0.9717,15146.2443,NA,NA,NA
Stalker2-Win64-Shipping.exe,13648,0x4E568280,DXGI,0,0,1,Hardware Composed: Independent Flip,15249.6764,NA,52.30400000000000,51.88090000000000,0.30010000000000,44.47740000000000,44.4912,15197.6261,52.3504,52.0503,0.3001,44.2545,52.2732,47.6744,4.5988,-0.4991,15197.6261,NA,NA,NA
Stalker2-Win64-Shipping.exe,13648,0x4E568280,DXGI,0,0,1,Hardware Composed: Independent Flip,15300.6827,NA,51.00630000000000,51.41550000000000,0.25360000000000,43.94130000000001,44.9004,15249.9765,50.9598,50.7062,0.2536,44.1773,50.4702,47.3050,3.1652,0.9349,15249.9765,NA,NA,NA
Stalker2-Win64-Shipping.exe,13648,0x4E568280,DXGI,0,0,1,Hardware Composed: Independent Flip,15351.7864,NA,51.10370000000000,51.89250000000001,0.32860000000000,45.48040000000000,45.6892,15300.9363,51.1787,50.8501,0.3286,43.6877,52.6428,48.5943,4.0485,-0.9327,15300.9363,NA,NA,NA
Stalker2-Win64-Shipping.exe,13648,0x4E568280,DXGI,0,0,1,Hardware Composed: Independent Flip,15403.1299,NA,51.34350000000001,51.30560000000001,0.24930000000000,44.40380000000000,45.6513,15352.1150,51.2642,51.0149,0.2493,45.1518,50.2669,47.4462,2.8207,-0.1269,15352.1150,NA,NA,NA
Stalker2-Win64-Shipping.exe,13648,0x4E568280,DXGI,0,0,1,Hardware Composed: Independent Flip,15453.8755,NA,50.74560000000000,49.32580000000000,0.28490000000000,44.19050000000000,44.2315,15403.3792,50.7812,50.4963,0.2849,44.1545,50.5323,47.3858,3.1465,1.9384,15403.3792,NA,NA,NA
Stalker2-Win64-Shipping.exe,13648,0x4E568280,DXGI,0,0,1,Hardware Composed: Independent Flip,15505.4545,NA,51.57900000000000,52.16980000000000,0.25480000000000,44.50430000000000,44.8223,15454.1604,51.5489,51.2941,0.2548,43.9056,51.8928,47.5884,4.3044,-1.3886,15454.1604,NA,NA,NA
Stalker2-Win64-Shipping.exe,13648,0x4E568280,DXGI,0,0,1,Hardware Composed: Independent Flip,15556.5312,NA,51.07670000000000,50.72590000000000,0.28140000000000,44.24140000000000,44.4715,15505.7093,51.1033,50.8219,0.2814,44.2495,50.8138,47.3055,3.5083,0.8230,15505.7093,NA,NA,NA
Stalker2-Win64-Shipping.exe,13648,0x4E568280,DXGI,0,0,1,Hardware Composed: Independent Flip,15607.5897,NA,51.05850000000000,51.13900000000000,0.26450000000000,44.50110000000000,44.5520,15556.8126,51.0416,50.7771,0.2645,43.9600,51.3182,47.5362,3.7820,-0.0357,15556.8126,NA,NA,NA
Stalker2-Win64-Shipping.exe,13648,0x4E568280,DXGI,0,0,1,Hardware Composed: Independent Flip,15659.9310,NA,52.34130000000000,52.28860000000000,0.25910000000000,44.01120000000000,44.4993,15607.8542,52.3359,52.0768,0.2591,44.2366,51.8514,47.2008,4.6506,-1.2470,15607.8542,NA,NA,NA
Stalker2-Win64-Shipping.exe,13648,0x4E568280,DXGI,0,0,1,Hardware Composed: Independent Flip,15711.2176,NA,51.28660000000000,51.47830000000000,0.26780000000000,44.38830000000000,44.6910,15660.1901,51.2953,51.0275,0.2678,43.7521,51.6637,47.9307,3.7330,0.8576,15660.1901,NA,NA,NA
Stalker2-Win64-Shipping.exe,13648,0x4E568280,DXGI,0,0,1,Hardware Composed: Independent Flip,15762.9916,NA,51.77400000000000,51.61930000000000,0.27740000000000,44.50700000000001,44.5363,15711.4854,51.7836,51.5062,0.2774,44.1205,51.8927,47.5915,4.3012,-0.3240,15711.4854,NA,NA,NA
Stalker2-Win64-Shipping.exe,13648,0x4E568280,DXGI,0,0,1,Hardware Composed: Independent Flip,15815.4045,NA,52.41290000000000,52.90190000000000,0.27370000000000,44.68430000000000,45.0253,15763.2690,52.4092,52.1355,0.2737,44.2296,52.5902,47.8377,4.7525,-1.1183,15763.2690,NA,NA,NA
Stalker2-Win64-Shipping.exe,13648,0x4E568280,DXGI,0,0,1,Hardware Composed: Independent Flip,15866.2960,NA,50.89150000000000,50.34600000000000,0.27880000000000,44.18950000000000,44.4798,15815.6782,50.8966,50.6178,0.2788,44.4106,50.3967,47.2968,3.0999,2.0632,15815.6782,NA,NA,NA
Stalker2-Win64-Shipping.exe,13648,0x4E568280,DXGI,0,0,1,Hardware Composed: Independent Flip,15917.1574,NA,50.86140000000000,50.69980000000000,0.27750000000000,44.29620000000000,44.3182,15866.5748,50.8601,50.5826,0.2775,43.9107,50.9681,47.4332,3.5349,0.1968,15866.5748,NA,NA,NA
Stalker2-Win64-Shipping.exe,13648,0x4E568280,DXGI,0,0,1,Hardware Composed: Independent Flip,15968.8916,NA,51.73420000000000,53.64310000000000,0.29570000000000,45.51930000000000,46.2271,15917.4349,51.7524,51.4567,0.2957,44.0187,52.9573,48.6666,4.2907,-2.7830,15917.4349,NA,NA,NA
Stalker2-Win64-Shipping.exe,13648,0x4E568280,DXGI,0,0,1,Hardware Composed: Independent Flip,16019.7811,NA,50.88950000000001,49.79920000000000,0.28240000000000,44.60690000000000,45.1368,15969.1873,50.8762,50.5938,0.2824,45.2236,49.9771,47.6905,2.2866,1.9532,15969.1873,NA,NA,NA
Stalker2-Win64-Shipping.exe,13648,0x4E568280,DXGI,0,0,1,Hardware Composed: Independent Flip,16071.1800,NA,51.39890000000000,50.62720000000000,0.29450000000000,44.34380000000000,44.3651,16020.0635,51.4110,51.1165,0.2945,44.3245,51.1358,47.6145,3.5213,0.2490,16020.0635,NA,NA,NA
Stalker2-Win64-Shipping.exe,13648,0x4E568280,DXGI,0,0,1,Hardware Composed: Independent Flip,16123.1032,NA,51.92320000000000,52.78790000000000,0.27440000000000,44.11210000000001,45.2298,16071.4745,51.9031,51.6287,0.2744,44.0493,51.6915,47.1198,4.5717,-1.3769,16071.4745,NA,NA,NA
Stalker2-Win64-Shipping.exe,13648,0x4E568280,DXGI,0,0,1,Hardware Composed: Independent Flip,16175.2220,NA,52.11880000000000,51.16720000000000,0.24910000000000,44.25910000000000,44.2782,16123.3776,52.0935,51.8444,0.2491,43.8377,52.2658,47.6525,4.6133,0.7359,16123.3776,NA,NA,NA
Stalker2-Win64-Shipping.exe,13648,0x4E568280,DXGI,0,0,1,Hardware Composed: Independent Flip,16225.3698,NA,50.14780000000000,50.76010000000000,0.26680000000000,44.61600000000000,44.8905,16175.4711,50.1655,49.8987,0.2668,44.0100,50.5047,47.5901,2.9146,1.3334,16175.4711,NA,NA,NA
Stalker2-Win64-Shipping.exe,13648,0x4E568280,DXGI,0,0,1,Hardware Composed: Independent Flip,16277.2207,NA,51.85090000000000,51.15830000000000,0.29780000000000,44.16910000000000,44.1979,16225.6366,51.8819,51.5841,0.2978,44.3492,51.4040,47.3550,4.0490,-0.9928,16225.6366,NA,NA,NA
Stalker2-Win64-Shipping.exe,13648,0x4E568280,DXGI,0,0,1,Hardware Composed: Independent Flip,16329.1709,NA,51.95020000000000,53.36260000000000,0.29390000000000,45.06150000000000,45.6103,16277.5185,51.9463,51.6524,0.2939,43.8713,52.8426,48.2010,4.6416,-1.4807,16277.5185,NA,NA,NA
Stalker2-Win64-Shipping.exe,13648,0x4E568280,DXGI,0,0,1,Hardware Composed: Independent Flip,16380.6180,NA,51.44710000000000,50.63330000000001,0.27060000000000,44.37300000000000,44.7965,16329.4648,51.4238,51.1532,0.2706,44.7676,50.7586,47.4349,3.3237,1.3130,16329.4648,NA,NA,NA
Stalker2-Win64-Shipping.exe,13648,0x4E568280,DXGI,0,0,1,Hardware Composed: Independent Flip,16432.0860,NA,51.46800000000000,50.90390000000000,0.36070000000000,44.19140000000000,44.2324,16380.8886,51.5581,51.1974,0.3607,44.1024,51.2864,47.2560,4.0304,0.5199,16380.8886,NA,NA,NA
Stalker2-Win64-Shipping.exe,13648,0x4E568280,DXGI,0,0,1,Hardware Composed: Independent Flip,16483.4600,NA,51.37400000000000,52.13420000000000,0.29410000000000,44.28380000000000,44.9926,16432.4467,51.3074,51.0133,0.2941,43.8307,51.4664,47.3526,4.1138,-0.5761,16432.4467,NA,NA,NA
Stalker2-Win64-Shipping.exe,13648,0x4E568280,DXGI,0,0,1,Hardware Composed: Independent Flip,16535.3880,NA,51.92800000000000,51.28040000000000,0.26550000000000,44.32100000000001,44.3450,16483.7541,51.8994,51.6339,0.2655,43.9897,51.9652,47.5844,4.3808,0.0270,16483.7541,NA,NA,NA
Stalker2-Win64-Shipping.exe,13648,0x4E568280,DXGI,0,0,1,Hardware Composed: Independent Flip,16587.3232,NA,51.93520000000000,53.17810000000000,0.27780000000000,45.37940000000000,45.5879,16535.6535,51.9475,51.6697,0.2778,44.0555,52.9936,48.3519,4.6417,-1.2787,16535.6535,NA,NA,NA
Stalker2-Win64-Shipping.exe,13648,0x4E568280,DXGI,0,0,1,Hardware Composed: Independent Flip,16637.9418,NA,50.61860000000000,50.31640000000000,0.30560000000000,44.64850000000001,45.2857,16587.6010,50.6464,50.3408,0.3056,45.1016,49.8877,47.8484,2.0393,1.6311,16587.6010,NA,NA,NA
Stalker2-Win64-Shipping.exe,13648,0x4E568280,DXGI,0,0,1,Hardware Composed: Independent Flip,16689.9977,NA,52.05590000000000,51.35070000000000,0.24290000000000,44.55920000000000,44.5805,16638.2474,51.9932,51.7503,0.2429,44.3429,51.9666,47.6768,4.2898,-0.7043,16638.2474,NA,NA,NA
Stalker2-Win64-Shipping.exe,13648,0x4E568280,DXGI,0,0,1,Hardware Composed: Independent Flip,16741.0314,NA,51.03370000000000,52.00530000000001,0.25220000000000,44.16940000000000,45.5521,16690.2406,51.0430,50.7908,0.2522,44.3163,50.6439,47.2934,3.3505,-0.0121,16690.2406,NA,NA,NA
Stalker2-Win64-Shipping.exe,13648,0x4E568280,DXGI,0,0,1,Hardware Composed: Independent Flip,16793.1880,NA,52.15660000000000,50.84190000000000,0.27540000000000,44.21510000000000,44.2374,16741.2836,52.1798,51.9044,0.2754,43.9172,52.2023,47.5106,4.6917,0.2011,16741.2836,NA,NA,NA
Stalker2-Win64-Shipping.exe,13648,0x4E568280,DXGI,0,0,1,Hardware Composed: Independent Flip,16844.8811,NA,51.69310000000000,52.73480000000000,0.26150000000000,44.43500000000000,45.2791,16793.4634,51.6792,51.4177,0.2615,43.9397,51.9130,47.5534,4.3596,-0.5550,16793.4634,NA,NA,NA
Stalker2-Win64-Shipping.exe,13648,0x4E568280,DXGI,0,0,1,Hardware Composed: Independent Flip,16896.6063,NA,51.72520000000000,51.33510000000000,0.25810000000000,44.86640000000000,44.8890,16845.1426,51.7218,51.4637,0.2581,44.1735,52.1566,47.9992,4.1574,0.3441,16845.1426,NA,NA,NA
Stalker2-Win64-Shipping.exe,13648,0x4E568280,DXGI,0,0,1,Hardware Composed: Independent Flip,16950.4371,NA,53.83080000000000,54.90790000000001,0.32420000000000,45.89550000000001,45.9661,16896.8644,53.8969,53.5727,0.3242,44.6083,54.8599,49.5513,5.3086,-3.1861,16896.8644,NA,NA,NA
Stalker2-Win64-Shipping.exe,13648,0x4E568280,DXGI,0,0,1,Hardware Composed: Independent Flip,17000.2265,NA,49.78940000000000,49.38650000000001,0.30060000000000,44.20010000000000,45.5632,16950.7613,49.7658,49.4652,0.3006,45.5713,48.0940,47.2648,0.8292,4.5104,16950.7613,NA,NA,NA
Stalker2-Win64-Shipping.exe,13648,0x4E568280,DXGI,0,0,1,Hardware Composed: Independent Flip,17050.7129,NA,50.48640000000000,49.20770000000000,0.28270000000000,44.26920000000000,44.2845,17000.5271,50.4685,50.1858,0.2827,43.8995,50.5555,47.2758,3.2797,0.5581,17000.5271,NA,NA,NA
Stalker2-Win64-Shipping.exe,13648,0x4E568280,DXGI,0,0,1,Hardware Composed: Independent Flip,17102.2051,NA,51.49220000000000,53.54010000000000,0.29720000000000,44.34230000000000,46.3324,17050.9956,51.5067,51.2095,0.2972,43.9865,51.5653,47.4923,4.0730,-3.0716,17050.9956,NA,NA,NA
Stalker2-Win64-Shipping.exe,13648,0x4E568280,DXGI,0,0,1,Hardware Composed: Independent Flip,17153.9170,NA,51.71190000000000,49.90320000000001,0.22490000000000,44.50820000000000,44.5237,17102.5023,51.6396,51.4147,0.2249,44.0451,51.8778,47.6907,4.1871,1.6035,17102.5023,NA,NA,NA
Stalker2-Win64-Shipping.exe,13648,0x4E568280,DXGI,0,0,1,Hardware Composed: Independent Flip,17205.9380,NA,52.02100000000000,53.27090000000000,0.27800000000000,45.75220000000000,45.7736,17154.1419,52.0741,51.7961,0.2780,44.2833,53.2650,49.0062,4.2588,-1.6313,17154.1419,NA,NA,NA
Stalker2-Win64-Shipping.exe,13648,0x4E568280,DXGI,0,0,1,Hardware Composed: Independent Flip,17258.0773,NA,52.13930000000001,51.28380000000000,0.26650000000000,44.02260000000000,44.9181,17206.2160,52.1278,51.8613,0.2665,45.4742,50.4097,47.1259,3.2838,0.7903,17206.2160,NA,NA,NA
Stalker2-Win64-Shipping.exe,13648,0x4E568280,DXGI,0,0,1,Hardware Composed: Independent Flip,17309.7619,NA,51.68460000000000,51.03330000000000,0.26310000000000,44.24610000000001,44.2668,17258.3438,51.6812,51.4181,0.2631,43.7561,51.9081,47.4855,4.4226,1.0945,17258.3438,NA,NA,NA
Stalker2-Win64-Shipping.exe,13648,0x4E568280,DXGI,0,0,1,Hardware Composed: Independent Flip,17362.1497,NA,52.38780000000001,53.13360000000000,0.27290000000000,44.10940000000000,45.0126,17310.0250,52.3976,52.1247,0.2729,43.9830,52.2511,47.5942,4.6569,-1.4524,17310.0250,NA,NA,NA
Stalker2-Win64-Shipping.exe,13648,0x4E568280,DXGI,0,0,1,Hardware Composed: Independent Flip,17412.7922,NA,50.64250000000001,49.95210000000000,0.26850000000000,44.27150000000000,44.3222,17362.4226,50.6381,50.3696,0.2685,43.8365,50.8046,47.3208,3.4838,2.4455,17362.4226,NA,NA,NA
Stalker2-Win64-Shipping.exe,13648,0x4E568280,DXGI,0,0,1,Hardware Composed: Independent Flip,17464.9576,NA,52.16540000000001,52.44640000000000,0.28040000000000,44.55580000000000,44.6032,17413.0607,52.1773,51.8969,0.2804,44.0030,52.4497,47.7965,4.6532,-1.8083,17413.0607,NA,NA,NA
Stalker2-Win64-Shipping.exe,13648,0x4E568280,DXGI,0,0,1,Hardware Composed: Independent Flip,17516.4201,NA,51.46250000000001,52.22860000000000,0.27790000000000,44.16860000000000,45.3693,17465.2380,51.4600,51.1821,0.2779,44.2754,51.0753,47.1768,3.8985,-0.0513,17465.2380,NA,NA,NA
Stalker2-Win64-Shipping.exe,13648,0x4E568280,DXGI,0,0,1,Hardware Composed: Independent Flip,17567.8565,NA,51.43640000000000,50.32660000000000,0.27180000000000,44.23170000000000,44.2595,17516.6980,51.4303,51.1585,0.2718,43.8907,51.4995,47.4120,4.0875,1.1334,17516.6980,NA,NA,NA
Stalker2-Win64-Shipping.exe,13648,0x4E568280,DXGI,0,0,1,Hardware Composed: Independent Flip,17620.2435,NA,52.38700000000000,52.57930000000000,0.29270000000000,44.12910000000000,44.4518,17568.1283,52.4079,52.1152,0.2927,43.9599,52.2844,47.3237,4.9607,-1.1490,17568.1283,NA,NA,NA
Stalker2-Win64-Shipping.exe,13648,0x4E568280,DXGI,0,0,1,Hardware Composed: Independent Flip,17669.9385,NA,49.69500000000000,49.38280000000000,0.24130000000000,43.90660000000000,44.1396,17620.5362,49.6436,49.4023,0.2413,43.8364,49.4725,47.4429,2.0296,3.0251,17620.5362,NA,NA,NA
Stalker2-Win64-Shipping.exe,13648,0x4E568280,DXGI,0,0,1,Hardware Composed: Independent Flip,17721.8840,NA,51.94550000000000,52.89430000000000,0.35360000000000,45.06820000000000,45.0884,17670.1798,52.0578,51.7042,0.3536,43.6653,53.1071,48.3181,4.7890,-3.2507,17670.1798,NA,NA,NA
Stalker2-Win64-Shipping.exe,13648,0x4E568280,DXGI,0,0,1,Hardware Composed: Independent Flip,17773.1582,NA,51.27420000000000,51.91010000000000,0.27010000000000,43.49530000000000,45.7243,17722.2376,51.1907,50.9206,0.2701,44.7146,49.7013,46.4877,3.2136,0.1477,17722.2376,NA,NA,NA
Stalker2-Win64-Shipping.exe,13648,0x4E568280,DXGI,0,0,1,Hardware Composed: Independent Flip,17824.7339,NA,51.57570000000000,51.58450000000001,0.27110000000000,45.71950000000000,45.7331,17773.4283,51.5767,51.3056,0.2711,43.2252,53.7999,49.1186,4.6813,-0.3938,17773.4283,NA,NA,NA
Stalker2-Win64-Shipping.exe,13648,0x4E568280,DXGI,0,0,1,Hardware Composed: Independent Flip,17875.7184,NA,50.98450000000000,51.84200000000001,0.28390000000000,44.34130000000000,46.5906,17825.0050,50.9973,50.7134,0.2839,45.4484,49.6063,47.3995,2.2068,-0.2653,17825.0050,NA,NA,NA
Stalker2-Win64-Shipping.exe,13648,0x4E568280,DXGI,0,0,1,Hardware Composed: Independent Flip,17926.2165,NA,50.49810000000000,48.28380000000000,0.31520000000000,44.35260000000000,44.3763,17876.0023,50.5294,50.2142,0.3152,44.0574,50.5094,47.4022,3.1072,2.7135,17876.0023,NA,NA,NA
Stalker2-Win64-Shipping.exe,13648,0x4E568280,DXGI,0,0,1,Hardware Composed: Independent Flip,17977.7270,NA,51.51050000000000,51.97200000000000,0.28690000000000,44.17770000000000,44.8378,17926.5317,51.4822,51.1953,0.2869,44.0374,51.3356,47.2082,4.1274,-1.4426,17926.5317,NA,NA,NA
Stalker2-Win64-Shipping.exe,13648,0x4E568280,DXGI,0,0,1,Hardware Composed: Independent Flip,18028.4995,NA,50.77250000000000,50.52290000000000,0.26530000000000,44.57490000000000,44.5882,17978.0139,50.7509,50.4856,0.2653,43.8908,51.1697,47.7200,3.4497,0.9593,17978.0139,NA,NA,NA
Stalker2-Win64-Shipping.exe,13648,0x4E568280,DXGI,0,0,1,Hardware Composed: Independent Flip,18080.9077,NA,52.40820000000000,52.28900000000000,0.28910000000000,44.45180000000000,44.4690,18028.7648,52.4320,52.1429,0.2891,44.3096,52.2851,47.5893,4.6958,-1.5381,18028.7648,NA,NA,NA
Stalker2-Win64-Shipping.exe,13648,0x4E568280,DXGI,0,0,1,Hardware Composed: Independent Flip,18133.6886,NA,52.78090000000000,52.98730000000000,0.28030000000000,44.02160000000000,44.6754,18081.1968,52.7721,52.4918,0.2803,44.1627,52.3507,47.2100,5.1407,-0.5553,18081.1968,NA,NA,NA
Stalker2-Win64-Shipping.exe,13648,0x4E568280,DXGI,0,0,1,Hardware Composed: Independent Flip,18184.2070,NA,50.51840000000000,49.83920000000001,0.25620000000000,43.81220000000000,43.9962,18133.9689,50.4943,50.2381,0.2562,43.7413,50.3090,47.6844,2.6246,2.9329,18133.9689,NA,NA,NA
Stalker2-Win64-Shipping.exe,13648,0x4E568280,DXGI,0,0,1,Hardware Composed: Independent Flip,18236.5943,NA,52.38730000000000,52.45250000000000,0.27730000000000,44.04460000000000,44.0614,18184.4632,52.4084,52.1311,0.2773,43.5560,52.6197,47.4603,5.1594,-1.9582,18184.4632,NA,NA,NA
Stalker2-Win64-Shipping.exe,13648,0x4E568280,DXGI,0,0,1,Hardware Composed: Independent Flip,18286.3080,NA,49.71370000000000,51.49810000000000,0.27760000000000,44.19080000000000,45.8458,18236.8716,49.7140,49.4364,0.2776,43.7673,49.8599,47.2068,2.6531,0.9103,18236.8716,NA,NA,NA
Stalker2-Win64-Shipping.exe,13648,0x4E568280,DXGI,0,0,1,Hardware Composed: Independent Flip,18338.5462,NA,52.23820000000000,50.95240000000000,0.29480000000000,44.53580000000000,44.5600,18286.5856,52.2554,51.9606,0.2948,43.9132,52.5832,47.8219,4.7613,-1.2384,18286.5856,NA,NA,NA
Stalker2-Win64-Shipping.exe,13648,0x4E568280,DXGI,0,0,1,Hardware Composed: Independent Flip,18389.5117,NA,50.96550000000001,52.10980000000000,0.30260000000000,44.17600000000000,45.7043,18338.8410,50.9733,50.6707,0.3026,44.2410,50.6057,47.2355,3.3702,0.1456,18338.8410,NA,NA,NA
Stalker2-Win64-Shipping.exe,13648,0x4E568280,DXGI,0,0,1,Hardware Composed: Independent Flip,18440.7013,NA,51.18960000000001,51.06920000000000,0.27520000000000,45.56610000000000,45.5839,18389.8143,51.1622,50.8870,0.2752,43.8734,52.5797,48.6421,3.9376,-0.0959,18389.8143,NA,NA,NA
Stalker2-Win64-Shipping.exe,13648,0x4E568280,DXGI,0,0,1,Hardware Composed: Independent Flip,18492.0510,NA,51.34970000000001,51.41150000000000,0.29110000000000,44.55080000000000,45.6457,18440.9765,51.3656,51.0745,0.2911,45.2909,50.3344,47.5803,2.7541,-0.2493,18440.9765,NA,NA,NA
Stalker2-Win64-Shipping.exe,13648,0x4E568280,DXGI,0,0,1,Hardware Composed: Independent Flip,18542.9884,NA,50.93740000000000,49.89250000000001,0.25960000000000,44.58640000000000,44.6008,18492.3421,50.9059,50.6463,0.2596,44.2597,50.9730,47.7192,3.2538,1.4731,18492.3421,NA,NA,NA
Stalker2-Win64-Shipping.exe,13648,0x4E568280,DXGI,0,0,1,Hardware Composed: Independent Flip,18593.3081,NA,50.31970000000000,50.71640000000000,0.29510000000000,44.54250000000000,44.9975,18543.2480,50.3552,50.0601,0.2951,44.3268,50.2758,47.5375,2.7383,0.1895,18543.2480,NA,NA,NA
Stalker2-Win64-Shipping.exe,13648,0x4E568280,DXGI,0,0,1,Hardware Composed: Independent Flip,18645.4741,NA,52.16600000000000,50.97980000000000,0.29230000000000,43.77450000000000,43.8113,18593.6032,52.1632,51.8709,0.2923,44.2474,51.3980,47.2785,4.1195,-0.6246,18593.6032,NA,NA,NA
Stalker2-Win64-Shipping.exe,13648,0x4E568280,DXGI,0,0,1,Hardware Composed: Independent Flip,18697.6892,NA,52.21510000000000,53.46730000000000,0.28380000000000,44.42390000000000,45.0635,18645.7664,52.2066,51.9228,0.2838,43.4822,52.8645,47.6102,5.2543,-1.3041,18645.7664,NA,NA,NA
Stalker2-Win64-Shipping.exe,13648,0x4E568280,DXGI,0,0,1,Hardware Composed: Independent Flip,18748.3834,NA,50.69420000000000,50.32460000000000,0.28030000000000,44.15640000000000,44.6939,18697.9730,50.6907,50.4104,0.2803,44.1401,50.4267,47.2771,3.1496,1.8820,18697.9730,NA,NA,NA
Stalker2-Win64-Shipping.exe,13648,0x4E568280,DXGI,0,0,1,Hardware Composed: Independent Flip,18799.4900,NA,51.10660000000000,51.13060000000000,0.28440000000000,44.69720000000000,44.7179,18748.6637,51.1107,50.8263,0.2844,43.8761,51.6474,47.7620,3.8854,-0.4399,18748.6637,NA,NA,NA
Stalker2-Win64-Shipping.exe,13648,0x4E568280,DXGI,0,0,1,Hardware Composed: Independent Flip,18851.6367,NA,52.14670000000000,52.81730000000000,0.27500000000000,44.30050000000000,45.3885,18799.7744,52.1373,51.8623,0.2750,44.4128,51.7500,47.3414,4.4086,-1.7066,18799.7744,NA,NA,NA
Stalker2-Win64-Shipping.exe,13648,0x4E568280,DXGI,0,0,1,Hardware Composed: Independent Flip,18903.2395,NA,51.60280000000000,50.62210000000000,0.27640000000000,44.38850000000000,44.4078,18851.9117,51.6042,51.3278,0.2764,44.0255,51.6908,47.5727,4.1181,1.5152,18851.9117,NA,NA,NA
Stalker2-Win64-Shipping.exe,13648,0x4E568280,DXGI,0,0,1,Hardware Composed: Independent Flip,18955.7697,NA,52.53020000000000,53.42090000000000,0.46620000000000,45.28410000000000,45.2985,18903.5159,52.7200,52.2538,0.4662,44.1121,53.4258,48.5368,4.8890,-1.8167,18903.5159,NA,NA,NA
Stalker2-Win64-Shipping.exe,13648,0x4E568280,DXGI,0,0,1,Hardware Composed: Independent Flip,19006.2419,NA,50.47220000000000,50.20580000000000,0.25490000000000,43.91330000000000,45.0321,18956.2359,50.2609,50.0060,0.2549,44.8179,49.1014,47.0891,2.0123,2.5142,18956.2359,NA,NA,NA
Stalker2-Win64-Shipping.exe,13648,0x4E568280,DXGI,0,0,1,Hardware Composed: Independent Flip,19058.5421,NA,52.30020000000000,52.92600000000000,0.27490000000000,45.62990000000000,45.6579,19006.4968,52.3202,52.0453,0.2749,43.6584,54.0168,48.8275,5.1893,-2.6651,19006.4968,NA,NA,NA
Stalker2-Win64-Shipping.exe,13648,0x4E568280,DXGI,0,0,1,Hardware Composed: Independent Flip,19109.0612,NA,50.51910000000000,51.99330000000000,0.29200000000000,44.36050000000000,47.1321,19058.8170,50.5362,50.2442,0.2920,45.3550,49.2497,47.3805,1.8692,0.3269,19058.8170,NA,NA,NA
Stalker2-Win64-Shipping.exe,13648,0x4E568280,DXGI,0,0,1,Hardware Composed: Independent Flip,19160.5023,NA,51.44110000000001,48.99870000000000,0.23360000000000,44.67350000000000,44.6897,19109.3532,51.3827,51.1491,0.2336,44.0685,51.7541,47.8843,3.8698,1.5375,19109.3532,NA,NA,NA
Stalker2-Win64-Shipping.exe,13648,0x4E568280,DXGI,0,0,1,Hardware Composed: Independent Flip,19211.8081,NA,51.30580000000000,51.98160000000000,0.27310000000000,43.83730000000000,45.3655,19160.7359,51.3453,51.0722,0.2731,44.4399,50.4696,47.4683,3.0013,-0.5989,19160.7359,NA,NA,NA
Stalker2-Win64-Shipping.exe,13648,0x4E568280,DXGI,0,0,1,Hardware Composed: Independent Flip,19263.4049,NA,51.59680000000000,50.73370000000000,0.27610000000000,44.45990000000000,44.5024,19212.0812,51.5998,51.3237,0.2761,43.5642,52.2194,47.6293,4.5901,0.6116,19212.0812,NA,NA,NA
Stalker2-Win64-Shipping.exe,13648,0x4E568280,DXGI,0,0,1,Hardware Composed: Independent Flip,19314.9403,NA,51.53540000000000,52.37280000000001,0.29530000000000,44.37500000000000,45.3398,19263.6810,51.5546,51.2593,0.2953,44.1838,51.4505,47.4530,3.9975,-0.7730,19263.6810,NA,NA,NA
Stalker2-Win64-Shipping.exe,13648,0x4E568280,DXGI,0,0,1,Hardware Composed: Independent Flip,19366.9696,NA,52.02930000000000,51.01370000000000,0.28920000000000,44.30920000000000,44.3242,19315.2356,52.0232,51.7340,0.2892,44.0797,51.9635,47.4813,4.4822,0.5409,19315.2356,NA,NA,NA
Stalker2-Win64-Shipping.exe,13648,0x4E568280,DXGI,0,0,1,Hardware Composed: Independent Flip,19419.5120,NA,52.54240000000000,53.05920000000000,0.32250000000000,44.57730000000000,44.8410,19367.2588,52.5757,52.2532,0.3225,44.0200,52.8105,47.7352,5.0753,-1.0360,19367.2588,NA,NA,NA
Stalker2-Win64-Shipping.exe,13648,0x4E568280,DXGI,0,0,1,Hardware Composed: Independent Flip,19470.5244,NA,51.01240000000000,50.91550000000000,0.32050000000000,44.28970000000000,44.7441,19419.8345,51.0104,50.6899,0.3205,44.2548,50.7248,47.7905,2.9343,1.6602,19419.8345,NA,NA,NA
Stalker2-Win64-Shipping.exe,13648,0x4E568280,DXGI,0,0,1,Hardware Composed: Independent Flip,19521.3958,NA,50.87140000000000,50.41520000000001,0.27560000000000,44.26740000000000,44.2879,19470.8449,50.8265,50.5509,0.2756,43.9692,50.8491,47.4352,3.4139,0.5952,19470.8449,NA,NA,NA
Stalker2-Win64-Shipping.exe,13648,0x4E568280,DXGI,0,0,1,Hardware Composed: Independent Flip,19572.8836,NA,51.48780000000000,51.90250000000000,0.29510000000000,44.27490000000000,44.7026,19521.6714,51.5073,51.2122,0.2951,43.9918,51.4953,47.3395,4.1558,-1.0760,19521.6714,NA,NA,NA
Stalker2-Win64-Shipping.exe,13648,0x4E568280,DXGI,0,0,1,Hardware Composed: Independent Flip,19623.8759,NA,50.99230000000000,50.87570000000000,0.30180000000000,44.56850000000000,44.5860,19573.1787,50.9990,50.6972,0.3018,43.9798,51.2859,47.6402,3.6457,0.6316,19573.1787,NA,NA,NA
Stalker2-Win64-Shipping.exe,13648,0x4E568280,DXGI,0,0,1,Hardware Composed: Independent Flip,19675.5085,NA,51.63260000000000,52.77160000000000,0.24270000000000,45.70580000000000,45.7250,19624.1777,51.5735,51.3308,0.2427,44.2667,52.7699,48.7953,3.9746,-1.7726,19624.1777,NA,NA,NA
Stalker2-Win64-Shipping.exe,13648,0x4E568280,DXGI,0,0,1,Hardware Composed: Independent Flip,19727.0308,NA,51.52230000000000,51.17570000000000,0.29660000000000,44.53590000000001,45.3784,19675.7512,51.5762,51.2796,0.2966,45.4631,50.3524,47.4944,2.8580,0.3978,19675.7512,NA,NA,NA
Stalker2-Win64-Shipping.exe,13648,0x4E568280,DXGI,0,0,1,Hardware Composed: Independent Flip,19778.4960,NA,51.46520000000000,50.36760000000000,0.28520000000000,44.26080000000000,44.2808,19727.3274,51.4538,51.1686,0.2852,44.2393,51.1901,47.3529,3.8372,1.2086,19727.3274,NA,NA,NA
Stalker2-Win64-Shipping.exe,13648,0x4E568280,DXGI,0,0,1,Hardware Composed: Independent Flip,19829.8837,NA,51.38770000000000,51.59420000000000,0.31560000000000,43.88630000000001,44.4873,19778.7812,51.4181,51.1025,0.3156,43.9756,51.0132,46.9476,4.0656,-0.1404,19778.7812,NA,NA,NA
Stalker2-Win64-Shipping.exe,13648,0x4E568280,DXGI,0,0,1,Hardware Composed: Independent Flip,19881.7545,NA,51.87080000000000,51.94000000000000,0.32430000000000,44.53430000000000,44.5565,19830.1993,51.8795,51.5552,0.3243,43.5707,52.5188,47.8154,4.7034,-0.5219,19830.1993,NA,NA,NA
Stalker2-Win64-Shipping.exe,13648,0x4E568280,DXGI,0,0,1,Hardware Composed: Independent Flip,19933.4319,NA,51.67740000000001,52.19120000000000,0.29060000000000,44.28650000000000,45.0703,19882.0788,51.6437,51.3531,0.2906,44.2100,51.4296,47.3560,4.0736,-0.3117,19882.0788,NA,NA,NA
Stalker2-Win64-Shipping.exe,13648,0x4E568280,DXGI,0,0,1,Hardware Composed: Independent Flip,19985.3984,NA,51.96650000000000,51.53920000000000,0.31770000000000,44.59900000000000,44.6430,19933.7225,51.9936,51.6759,0.3177,43.9959,52.2790,47.8481,4.4309,0.1045,19933.7225,NA,NA,NA
Stalker2-Win64-Shipping.exe,13648,0x4E568280,DXGI,0,0,1,Hardware Composed: Independent Flip,20037.1311,NA,51.73270000000000,51.79340000000001,0.25870000000000,44.27510000000000,44.7037,19985.7161,51.6737,51.4150,0.2587,44.2813,51.4088,47.5012,3.9076,0.2002,19985.7161,NA,NA,NA
Stalker2-Win64-Shipping.exe,13648,0x4E568280,DXGI,0,0,1,Hardware Composed: Independent Flip,20089.2921,NA,52.16100000000000,51.70100000000000,0.29760000000000,44.22360000000000,44.2437,20037.3898,52.1999,51.9023,0.2976,44.0164,52.1095,47.4018,4.7077,-0.0273,20037.3898,NA,NA,NA
Stalker2-Win64-Shipping.exe,13648,0x4E568280,DXGI,0,0,1,Hardware Composed: Independent Flip,20139.3823,NA,50.09020000000000,51.03620000000000,0.23860000000000,44.77990000000000,45.1897,20089.5897,50.0312,49.7926,0.2386,43.9260,50.6465,47.7537,2.8928,1.1637,20089.5897,NA,NA,NA
Stalker2-Win64-Shipping.exe,13648,0x4E568280,DXGI,0,0,1,Hardware Composed: Independent Flip,20191.2983,NA,51.91600000000000,50.79250000000000,0.26660000000000,44.05170000000000,44.0662,20139.6209,51.9440,51.6774,0.2666,44.5413,51.1878,47.9672,3.2206,-0.7613,20139.6209,NA,NA,NA
Stalker2-Win64-Shipping.exe,13648,0x4E568280,DXGI,0,0,1,Hardware Composed: Independent Flip,20243.0436,NA,51.74530000000000,52.37860000000001,0.32930000000000,44.30260000000001,44.6995,20191.5649,51.8080,51.4787,0.3293,43.7851,51.9962,47.6930,4.3032,-0.4346,20191.5649,NA,NA,NA
Stalker2-Win64-Shipping.exe,13648,0x4E568280,DXGI,0,0,1,Hardware Composed: Independent Flip,20294.0629,NA,51.01930000000000,52.00790000000000,0.26940000000000,45.35090000000000,45.6881,20243.3729,50.9594,50.6900,0.2694,43.9733,52.0676,48.6918,3.3758,-0.1999,20243.3729,NA,NA,NA
Stalker2-Win64-Shipping.exe,13648,0x4E568280,DXGI,0,0,1,Hardware Composed: Independent Flip,20346.2563,NA,52.19340000000000,50.75900000000000,0.28520000000000,44.21220000000000,44.2537,20294.3323,52.2092,51.9240,0.2852,45.0815,51.0547,47.3188,3.7359,0.2004,20294.3323,NA,NA,NA
Stalker2-Win64-Shipping.exe,13648,0x4E568280,DXGI,0,0,1,Hardware Composed: Independent Flip,20396.9361,NA,50.67980000000000,51.06600000000000,0.26440000000000,44.61670000000000,44.6399,20346.5415,50.6590,50.3946,0.2644,43.9270,51.0843,47.6432,3.4411,1.1432,20346.5415,NA,NA,NA
Stalker2-Win64-Shipping.exe,13648,0x4E568280,DXGI,0,0,1,Hardware Composed: Independent Flip,20448.1028,NA,51.16670000000001,50.91020000000000,0.27640000000000,44.10080000000000,44.3834,20397.2005,51.1787,50.9023,0.2764,44.3523,50.6508,47.1776,3.4732,-0.2512,20397.2005,NA,NA,NA
Stalker2-Win64-Shipping.exe,13648,0x4E568280,DXGI,0,0,1,Hardware Composed: Independent Flip,20499.8784,NA,51.77560000000000,51.89940000000000,0.28460000000000,44.46210000000000,44.5072,20448.3792,51.7838,51.4992,0.2846,43.8244,52.1369,47.6301,4.5068,-0.7207,20448.3792,NA,NA,NA
Stalker2-Win64-Shipping.exe,13648,0x4E568280,DXGI,0,0,1,Hardware Composed: Independent Flip,20551.6024,NA,51.72400000000000,52.61850000000000,0.26540000000000,44.59020000000000,45.4017,20500.1630,51.7048,51.4394,0.2654,44.1775,51.8521,47.5753,4.2768,-0.8347,20500.1630,NA,NA,NA
Stalker2-Win64-Shipping.exe,13648,0x4E568280,DXGI,0,0,1,Hardware Composed: Independent Flip,20603.2898,NA,51.68740000000000,50.69770000000000,0.28710000000000,44.37080000000000,44.4120,20551.8678,51.7091,51.4220,0.2871,44.3248,51.4680,47.5021,3.9659,1.0071,20551.8678,NA,NA,NA
Stalker2-Win64-Shipping.exe,13648,0x4E568280,DXGI,0,0,1,Hardware Composed: Independent Flip,20655.2531,NA,51.96330000000000,51.72100000000000,0.27180000000000,44.14340000000000,44.1697,20603.5769,51.9480,51.6762,0.2718,44.0837,51.7359,47.2658,4.4701,-0.0119,20603.5769,NA,NA,NA
Stalker2-Win64-Shipping.exe,13648,0x4E568280,DXGI,0,0,1,Hardware Composed: Independent Flip,20706.5134,NA,51.26030000000000,51.81370000000000,0.25750000000000,44.32810000000000,44.7231,20655.5249,51.2460,50.9885,0.2575,43.8716,51.4450,48.0148,3.4302,0.1343,20655.5249,NA,NA,NA
Stalker2-Win64-Shipping.exe,13648,0x4E568280,DXGI,0,0,1,Hardware Composed: Independent Flip,20757.8361,NA,51.32270000000000,51.23400000000000,0.27010000000000,44.61870000000000,44.6344,20706.7709,51.3353,51.0652,0.2701,44.0706,51.6133,47.6813,3.9320,0.0120,20706.7709,NA,NA,NA
Stalker2-Win64-Shipping.exe,13648,0x4E568280,DXGI,0,0,1,Hardware Composed: Independent Flip,20815.0480,NA,57.21190000000000,57.19460000000000,0.28880000000000,44.51650000000000,44.6171,20758.1062,57.2306,56.9418,0.2888,44.3486,57.1097,47.9279,9.1818,-5.8593,20758.1062,NA,NA,NA
Stalker2-Win64-Shipping.exe,13648,0x4E568280,DXGI,0,0,1,Hardware Composed: Independent Flip,20862.4233,NA,47.37530000000000,50.39800000000000,0.25730000000000,44.87670000000000,47.6398,20815.3368,47.3438,47.0865,0.2573,44.2277,47.7355,47.7217,0.0138,6.8326,20815.3368,NA,NA,NA
Stalker2-Win64-Shipping.exe,13648,0x4E568280,DXGI,0,0,1,Hardware Composed: Independent Flip,20913.2758,NA,50.85250000000000,48.80110000000001,0.27290000000000,45.52370000000001,45.5884,20862.6806,50.8681,50.5952,0.2729,44.6194,51.4995,48.4772,3.0223,-1.4573,20862.6806,NA,NA,NA
Stalker2-Win64-Shipping.exe,13648,0x4E568280,DXGI,0,0,1,Hardware Composed: Independent Flip,20971.3415,NA,58.06570000000000,58.36070000000000,0.31750000000000,44.24080000000000,45.8834,20913.5487,58.1103,57.7928,0.3175,45.2508,56.7828,47.6542,9.1286,-7.4926,20913.5487,NA,NA,NA
Stalker2-Win64-Shipping.exe,13648,0x4E568280,DXGI,0,0,1,Hardware Composed: Independent Flip,21015.1807,NA,43.83920000000001,46.69300000000000,0.44360000000000,48.06090000000000,48.7372,20971.6590,43.9653,43.5217,0.4436,43.9233,47.6593,47.6433,0.0160,11.4173,20971.6590,NA,NA,NA
Stalker2-Win64-Shipping.exe,13648,0x4E568280,DXGI,0,0,1,Hardware Composed: Independent Flip,21065.9014,NA,50.72070000000000,46.90710000000000,0.27130000000000,44.89980000000000,44.9236,21015.6243,50.5484,50.2771,0.2713,47.6173,47.5596,47.5400,0.0196,-2.9418,21015.6243,NA,NA,NA
Stalker2-Win64-Shipping.exe,13648,0x4E568280,DXGI,0,0,1,Hardware Composed: Independent Flip,21117.5261,NA,51.62470000000000,53.69510000000000,0.26410000000000,45.20730000000000,46.9940,21066.1727,51.6175,51.3534,0.2641,44.6285,51.9322,48.1553,3.7769,-3.1467,21066.1727,NA,NA,NA
Stalker2-Win64-Shipping.exe,13648,0x4E568280,DXGI,0,0,1,Hardware Composed: Independent Flip,21170.1929,NA,52.66680000000000,49.92930000000000,0.28960000000000,44.20590000000000,44.2565,21117.7902,52.6923,52.4027,0.2896,44.9432,51.6654,47.3999,4.2655,1.6882,21117.7902,NA,NA,NA
Stalker2-Win64-Shipping.exe,13648,0x4E568280,DXGI,0,0,1,Hardware Composed: Independent Flip,21222.2110,NA,52.01810000000000,52.02680000000000,0.25560000000000,44.24300000000000,44.2652,21170.4825,51.9841,51.7285,0.2556,43.9163,52.0552,47.3876,4.6676,0.6655,21170.4825,NA,NA,NA
Stalker2-Win64-Shipping.exe,13648,0x4E568280,DXGI,0,0,1,Hardware Composed: Independent Flip,21273.3462,NA,51.13520000000000,51.85730000000000,0.28900000000000,44.07100000000001,44.9873,21222.4666,51.1686,50.8796,0.2890,43.9874,50.9632,47.0364,3.9268,0.1268,21222.4666,NA,NA,NA
Stalker2-Win64-Shipping.exe,13648,0x4E568280,DXGI,0,0,1,Hardware Composed: Independent Flip,21325.7074,NA,52.36120000000000,52.09880000000000,0.25600000000000,44.69660000000000,44.7249,21273.6352,52.3282,52.0722,0.2560,43.7820,52.9868,47.9068,5.0800,-0.9302,21273.6352,NA,NA,NA
Stalker2-Win64-Shipping.exe,13648,0x4E568280,DXGI,0,0,1,Hardware Composed: Independent Flip,21378.8576,NA,53.15020000000001,55.80030000000000,0.29320000000000,46.30290000000000,47.3750,21325.9634,53.1874,52.8942,0.2932,44.4406,54.7565,49.5513,5.2052,-3.4721,21325.9634,NA,NA,NA
Stalker2-Win64-Shipping.exe,13648,0x4E568280,DXGI,0,0,1,Hardware Composed: Independent Flip,21429.7875,NA,50.92990000000000,48.83830000000000,0.42610000000000,44.44940000000000,45.2834,21379.1508,51.0628,50.6367,0.4261,46.0097,49.0764,47.8156,1.2608,4.3491,21379.1508,NA,NA,NA
Stalker2-Win64-Shipping.exe,13648,0x4E568280,DXGI,0,0,1,Hardware Composed: Independent Flip,21480.8844,NA,51.09690000000001,50.13290000000000,0.31940000000000,44.27770000000000,44.3194,21430.2136,50.9902,50.6708,0.3194,44.0233,50.9252,47.4204,3.5048,0.9299,21430.2136,NA,NA,NA
Stalker2-Win64-Shipping.exe,13648,0x4E568280,DXGI,0,0,1,Hardware Composed: Independent Flip,21531.9546,NA,51.07020000000000,54.36950000000000,0.39570000000000,45.59000000000000,47.6187,21481.2038,51.1465,50.7508,0.3957,43.9583,52.3825,48.5446,3.8379,-3.3793,21481.2038,NA,NA,NA
Stalker2-Win64-Shipping.exe,13648,0x4E568280,DXGI,0,0,1,Hardware Composed: Independent Flip,21583.2991,NA,51.34450000000000,48.27880000000000,0.26300000000000,44.53090000000000,44.5530,21532.3503,51.2118,50.9488,0.2630,45.1943,50.2854,47.5567,2.7287,2.8677,21532.3503,NA,NA,NA
Stalker2-Win64-Shipping.exe,13648,0x4E568280,DXGI,0,0,1,Hardware Composed: Independent Flip,21636.1964,NA,52.89730000000000,52.74070000000000,0.27300000000000,44.38560000000000,44.3964,21583.5621,52.9073,52.6343,0.2730,44.2679,52.7520,47.5532,5.1988,-1.5289,21583.5621,NA,NA,NA
Stalker2-Win64-Shipping.exe,13648,0x4E568280,DXGI,0,0,1,Hardware Composed: Independent Flip,21688.2652,NA,52.06880000000000,53.73370000000001,0.28280000000000,44.16070000000001,46.0613,21636.4694,52.0786,51.7958,0.2828,44.1126,51.8439,47.3731,4.4708,-0.8264,21636.4694,NA,NA,NA
Stalker2-Win64-Shipping.exe,13648,0x4E568280,DXGI,0,0,1,Hardware Composed: Independent Flip,21738.8778,NA,50.61260000000000,48.50720000000000,0.27310000000000,43.92770000000000,43.9559,21688.5480,50.6029,50.3298,0.2731,43.8779,50.3796,47.0371,3.3425,3.5714,21688.5480,NA,NA,NA
Stalker2-Win64-Shipping.exe,13648,0x4E568280,DXGI,0,0,1,Hardware Composed: Independent Flip,21791.4362,NA,52.55840000000001,52.91310000000000,0.28350000000000,44.28430000000000,44.3106,21739.1509,52.5688,52.2853,0.2835,43.6546,52.9150,47.4679,5.4471,-2.3102,21739.1509,NA,NA,NA
Stalker2-Win64-Shipping.exe,13648,0x4E568280,DXGI,0,0,1,Hardware Composed: Independent Flip,21843.3481,NA,51.91190000000000,53.05140000000000,0.28910000000000,43.98940000000000,45.4501,21791.7197,51.9175,51.6284,0.2891,44.0008,51.6170,47.1331,4.4839,-0.4826,21791.7197,NA,NA,NA
Stalker2-Win64-Shipping.exe,13648,0x4E568280,DXGI,0,0,1,Hardware Composed: Independent Flip,21895.7141,NA,52.36600000000000,51.20460000000000,0.31920000000000,44.26570000000000,44.2887,21843.6372,52.3961,52.0769,0.3192,43.7003,52.6423,47.4463,5.1960,0.7129,21843.6372,NA,NA,NA
Stalker2-Win64-Shipping.exe,13648,0x4E568280,DXGI,0,0,1,Hardware Composed: Independent Flip,21946.3495,NA,50.63540000000000,51.49730000000000,0.28090000000000,44.66230000000000,45.1506,21896.0333,50.5971,50.3162,0.2809,43.9465,51.0320,47.6668,3.3652,0.8988,21896.0333,NA,NA,NA
Stalker2-Win64-Shipping.exe,13648,0x4E568280,DXGI,0,0,1,Hardware Composed: Independent Flip,21997.2680,NA,50.91850000000000,50.11530000000000,0.28080000000000,44.32590000000000,44.3474,21946.6304,50.9184,50.6376,0.2808,44.3814,50.5821,47.3845,3.1976,0.4818,21946.6304,NA,NA,NA
Stalker2-Win64-Shipping.exe,13648,0x4E568280,DXGI,0,0,1,Hardware Composed: Independent Flip,22049.3808,NA,52.11280000000000,52.29570000000000,0.28450000000000,44.46680000000000,44.5303,21997.5488,52.1165,51.8320,0.2845,44.0451,52.2537,47.6391,4.6146,-1.3773,21997.5488,NA,NA,NA
Stalker2-Win64-Shipping.exe,13648,0x4E568280,DXGI,0,0,1,Hardware Composed: Independent Flip,22098.9032,NA,49.52240000000000,49.73330000000000,0.23610000000000,44.20500000000001,44.7412,22049.6653,49.4740,49.2379,0.2361,44.1823,49.2606,47.2921,1.9685,2.3832,22049.6653,NA,NA,NA
Stalker2-Win64-Shipping.exe,13648,0x4E568280,DXGI,0,0,1,Hardware Composed: Independent Flip,22150.0055,NA,51.10230000000000,52.17940000000000,0.28950000000000,45.80390000000000,45.8183,22099.1393,51.1557,50.8662,0.2895,43.9689,52.7012,48.8475,3.8537,-2.7054,22099.1393,NA,NA,NA
Stalker2-Win64-Shipping.exe,13648,0x4E568280,DXGI,0,0,1,Hardware Composed: Independent Flip,22201.5085,NA,51.50300000000000,51.98800000000000,0.25760000000000,44.34210000000000,46.3033,22150.2950,51.4711,51.2135,0.2576,45.5144,50.0412,47.3876,2.6536,-0.8323,22150.2950,NA,NA,NA
Stalker2-Win64-Shipping.exe,13648,0x4E568280,DXGI,0,0,1,Hardware Composed: Independent Flip,22253.6490,NA,52.14050000000000,50.62950000000000,0.31990000000000,44.77890000000000,44.7923,22201.7661,52.2028,51.8829,0.3199,44.0845,52.5773,47.8719,4.7054,0.8416,22201.7661,NA,NA,NA
Stalker2-Win64-Shipping.exe,13648,0x4E568280,DXGI,0,0,1,Hardware Composed: Independent Flip,22303.2146,NA,49.56560000000000,50.26030000000000,0.25820000000000,44.04120000000000,45.4870,22253.9689,49.5039,49.2457,0.2582,44.4590,48.8279,47.0133,1.8146,1.9425,22253.9689,NA,NA,NA
Stalker2-Win64-Shipping.exe,13648,0x4E568280,DXGI,0,0,1,Hardware Composed: Independent Flip,22355.0731,NA,51.85850000000000,50.83460000000000,0.29020000000000,44.44100000000000,44.4631,22303.4728,51.8905,51.6003,0.2902,43.7830,52.2583,47.6408,4.6175,-1.3307,22303.4728,NA,NA,NA
Stalker2-Win64-Shipping.exe,13648,0x4E568280,DXGI,0,0,1,Hardware Composed: Independent Flip,22406.5792,NA,51.50610000000000,53.56830000000000,0.29410000000000,44.54480000000000,46.5253,22355.3633,51.5100,51.2159,0.2941,44.1508,51.6099,47.6164,3.9935,-1.6778,22355.3633,NA,NA,NA
Stalker2-Win64-Shipping.exe,13648,0x4E568280,DXGI,0,0,1,Hardware Composed: Independent Flip,22458.7934,NA,52.21420000000001,50.18880000000000,0.26150000000000,44.46010000000000,44.4999,22406.8733,52.1816,51.9201,0.2615,44.2507,52.1295,47.6100,4.5195,1.3212,22406.8733,NA,NA,NA
Stalker2-Win64-Shipping.exe,13648,0x4E568280,DXGI,0,0,1,Hardware Composed: Independent Flip,22509.5502,NA,50.75680000000001,51.11640000000001,0.26460000000000,44.64720000000001,44.8595,22459.0549,50.7599,50.4953,0.2646,44.1986,50.9439,47.7464,3.1975,1.0652,22459.0549,NA,NA,NA
Stalker2-Win64-Shipping.exe,13648,0x4E568280,DXGI,0,0,1,Hardware Composed: Independent Flip,22560.8374,NA,51.28720000000001,50.61710000000000,0.28330000000000,44.16740000000000,44.1894,22509.8148,51.3059,51.0226,0.2833,44.3826,50.8074,47.3426,3.4648,0.1428,22509.8148,NA,NA,NA
Stalker2-Win64-Shipping.exe,13648,0x4E568280,DXGI,0,0,1,Hardware Composed: Independent Flip,22611.0826,NA,50.24520000000000,50.44520000000000,0.38560000000000,44.36680000000000,44.3894,22561.1207,50.3475,49.9619,0.3856,43.8841,50.4446,47.3759,3.0687,0.8607,22561.1207,NA,NA,NA
Stalker2-Win64-Shipping.exe,13648,0x4E568280,DXGI,0,0,1,Hardware Composed: Independent Flip,22662.6949,NA,51.61230000000000,51.35070000000000,0.23600000000000,44.09910000000000,44.1278,22611.4682,51.4627,51.2267,0.2360,43.9812,51.3446,47.1334,4.2112,-1.0032,22611.4682,NA,NA,NA
Stalker2-Win64-Shipping.exe,13648,0x4E568280,DXGI,0,0,1,Hardware Composed: Independent Flip,22714.8844,NA,52.18950000000000,53.15340000000000,0.28270000000000,44.54590000000000,45.0917,22662.9309,52.2362,51.9535,0.2827,43.8631,52.6363,47.6902,4.9461,-1.6907,22662.9309,NA,NA,NA
Stalker2-Win64-Shipping.exe,13648,0x4E568280,DXGI,0,0,1,Hardware Composed: Independent Flip,22765.3997,NA,50.51530000000000,51.61990000000000,0.27940000000000,45.74970000000000,46.1963,22715.1671,50.5120,50.2326,0.2794,44.2632,51.7191,48.9148,2.8043,0.6163,22715.1671,NA,NA,NA
Stalker2-Win64-Shipping.exe,13648,0x4E568280,DXGI,0,0,1,Hardware Composed: Independent Flip,22816.4592,NA,51.05950000000000,49.43700000000000,0.24900000000000,44.53240000000000,44.5738,22765.6791,51.0291,50.7801,0.2490,45.4703,49.8422,47.6235,2.2187,1.0750,22765.6791,NA,NA,NA
Stalker2-Win64-Shipping.exe,13648,0x4E568280,DXGI,0,0,1,Hardware Composed: Independent Flip,22868.4110,NA,51.95180000000001,51.84840000000001,0.28260000000000,44.44920000000000,44.4704,22816.7082,51.9854,51.7028,0.2826,44.2834,51.8686,47.4322,4.4364,-0.8193,22816.7082,NA,NA,NA
Stalker2-Win64-Shipping.exe,13648,0x4E568280,DXGI,0,0,1,Hardware Composed: Independent Flip,22919.0818,NA,50.67080000000000,51.57940000000000,0.26740000000000,44.32290000000000,45.3790,22868.6936,50.6556,50.3882,0.2674,44.1666,50.5445,47.3231,3.2214,0.4060,22868.6936,NA,NA,NA
Stalker2-Win64-Shipping.exe,13648,0x4E568280,DXGI,0,0,1,Hardware Composed: Independent Flip,22970.5051,NA,51.42330000000000,50.39350000000000,0.29190000000000,44.32560000000000,44.3492,22919.3492,51.4478,51.1559,0.2919,44.0555,51.4260,47.5195,3.9065,0.2621,22919.3492,NA,NA,NA
Stalker2-Win64-Shipping.exe,13648,0x4E568280,DXGI,0,0,1,Hardware Composed: Independent Flip,23021.8570,NA,51.35190000000000,51.87550000000000,0.28290000000000,44.35550000000000,44.8728,22970.7970,51.3429,51.0600,0.2829,44.0337,51.3818,47.3367,4.0451,-0.4277,22970.7970,NA,NA,NA
Stalker2-Win64-Shipping.exe,13648,0x4E568280,DXGI,0,0,1,Hardware Composed: Independent Flip,23073.7482,NA,51.89120000000000,51.43780000000000,0.26990000000000,44.39570000000001,44.4194,23022.1399,51.8782,51.6083,0.2699,44.0726,51.9314,47.6436,4.2878,-0.0949,23022.1399,NA,NA,NA
Stalker2-Win64-Shipping.exe,13648,0x4E568280,DXGI,0,0,1,Hardware Composed: Independent Flip,23125.6709,NA,51.92270000000000,51.94340000000000,0.26350000000000,44.20230000000000,44.4401,23074.0181,51.9163,51.6528,0.2635,44.1258,51.7293,47.3019,4.4274,-0.0652,23074.0181,NA,NA,NA
Stalker2-Win64-Shipping.exe,13648,0x4E568280,DXGI,0,0,1,Hardware Composed: Independent Flip,23177.3571,NA,51.68620000000000,51.33670000000000,0.25270000000000,44.05380000000000,44.0906,23125.9344,51.6754,51.4227,0.2527,43.9388,51.5377,47.1475,4.3902,0.5796,23125.9344,NA,NA,NA
Stalker2-Win64-Shipping.exe,13648,0x4E568280,DXGI,0,0,1,Hardware Composed: Independent Flip,23228.2609,NA,50.90380000000000,51.33540000000000,0.29260000000000,44.50050000000000,44.5222,23177.6098,50.9437,50.6511,0.2926,43.8011,51.3505,47.4439,3.9066,0.3400,23177.6098,NA,NA,NA
Stalker2-Win64-Shipping.exe,13648,0x4E568280,DXGI,0,0,1,Hardware Composed: Independent Flip,23279.8906,NA,51.62970000000000,51.83540000000000,0.30580000000000,44.53350000000000,44.7279,23228.5535,51.6429,51.3371,0.3058,44.2079,51.6627,47.5902,4.0725,-0.8917,23228.5535,NA,NA,NA
Stalker2-Win64-Shipping.exe,13648,0x4E568280,DXGI,0,0,1,Hardware Composed: Independent Flip,23331.0336,NA,51.14300000000000,51.64340000000000,0.26920000000000,44.91050000000000,45.2283,23280.1964,51.1064,50.8372,0.2692,44.2277,51.5200,48.0003,3.5197,-0.0005,23280.1964,NA,NA,NA
Stalker2-Win64-Shipping.exe,13648,0x4E568280,DXGI,0,0,1,Hardware Composed: Independent Flip,23382.4646,NA,51.43100000000000,51.79900000000000,0.28240000000000,45.56840000000000,45.5963,23331.3028,51.4442,51.1618,0.2824,44.6413,52.0889,48.6128,3.4761,-0.6926,23331.3028,NA,NA,NA
Stalker2-Win64-Shipping.exe,13648,0x4E568280,DXGI,0,0,1,Hardware Composed: Independent Flip,23432.6942,NA,50.22960000000000,49.51390000000000,0.25390000000000,44.53000000000000,44.8806,23382.7470,50.2011,49.9472,0.2539,45.2860,49.1912,47.5774,1.6138,1.9303,23382.7470,NA,NA,NA
Stalker2-Win64-Shipping.exe,13648,0x4E568280,DXGI,0,0,1,Hardware Composed: Independent Flip,23484.4203,NA,51.72610000000000,51.55500000000000,0.37380000000000,44.64780000000000,44.7095,23432.9481,51.8460,51.4722,0.3738,44.2761,51.8439,47.6740,4.1699,-1.3539,23432.9481,NA,NA,NA
Stalker2-Win64-Shipping.exe,13648,0x4E568280,DXGI,0,0,1,Hardware Composed: Independent Flip,23535.6054,NA,51.18510000000001,52.85680000000000,0.28110000000000,44.80430000000000,46.3812,23484.7941,51.0924,50.8113,0.2811,44.2740,51.3416,47.7683,3.5733,-1.0108,23484.7941,NA,NA,NA
Stalker2-Win64-Shipping.exe,13648,0x4E568280,DXGI,0,0,1,Hardware Composed: Independent Flip,23586.7011,NA,51.09570000000000,49.45540000000000,0.28510000000000,44.72850000000000,44.7409,23535.8865,51.0997,50.8146,0.2851,44.5232,51.0199,47.7830,3.2369,1.6370,23535.8865,NA,NA,NA
Stalker2-Win64-Shipping.exe,13648,0x4E568280,DXGI,0,0,1,Hardware Composed: Independent Flip,23639.0381,NA,52.33700000000000,51.83670000000000,0.25690000000000,44.22900000000000,44.2406,23586.9862,52.3088,52.0519,0.2569,44.4434,51.8375,47.5482,4.2893,-0.7370,23586.9862,NA,NA,NA
Stalker2-Win64-Shipping.exe,13648,0x4E568280,DXGI,0,0,1,Hardware Composed: Independent Flip,23691.4548,NA,52.41670000000001,52.97750000000000,0.31460000000000,44.30870000000000,44.8014,23639.2950,52.4744,52.1598,0.3146,43.9721,52.4964,47.5702,4.9262,-0.6687,23639.2950,NA,NA,NA
Stalker2-Win64-Shipping.exe,13648,0x4E568280,DXGI,0,0,1,Hardware Composed: Independent Flip,23742.4000,NA,50.94520000000000,50.68030000000000,0.27880000000000,44.22860000000000,44.5365,23691.7694,50.9094,50.6306,0.2788,43.9941,50.8651,47.3335,3.5316,1.7941,23691.7694,NA,NA,NA
Stalker2-Win64-Shipping.exe,13648,0x4E568280,DXGI,0,0,1,Hardware Composed: Independent Flip,23794.2842,NA,51.88420000000000,51.93710000000000,0.33570000000000,44.56870000000000,44.5894,23742.6788,51.9411,51.6054,0.3357,43.9498,52.2243,47.9949,4.2294,-1.0277,23742.6788,NA,NA,NA
Stalker2-Win64-Shipping.exe,13648,0x4E568280,DXGI,0,0,1,Hardware Composed: Independent Flip,23845.2553,NA,50.97110000000000,51.92220000000000,0.31980000000000,44.49260000000000,45.5405,23794.6199,50.9552,50.6354,0.3198,44.2330,50.8950,47.6035,3.2915,0.0189,23794.6199,NA,NA,NA
Stalker2-Win64-Shipping.exe,13648,0x4E568280,DXGI,0,0,1,Hardware Composed: Independent Flip,23896.9828,NA,51.72750000000000,50.56600000000000,0.26920000000000,44.33620000000001,44.3790,23845.5751,51.6769,51.4077,0.2692,44.1728,51.5711,47.5821,3.9890,0.3892,23845.5751,NA,NA,NA
Stalker2-Win64-Shipping.exe,13648,0x4E568280,DXGI,0,0,1,Hardware Composed: Independent Flip,23948.1665,NA,51.18370000000000,51.32030000000000,0.28420000000000,44.08770000000001,44.5156,23897.2520,51.1987,50.9145,0.2842,44.0670,50.9352,47.0950,3.8402,0.3566,23897.2520,NA,NA,NA
Stalker2-Win64-Shipping.exe,13648,0x4E568280,DXGI,0,0,1,Hardware Composed: Independent Flip,23999.7799,NA,51.61340000000001,52.31830000000000,0.27000000000000,45.20580000000000,45.2205,23948.4507,51.5992,51.3292,0.2700,43.8035,52.7315,48.5445,4.1870,-1.1196,23948.4507,NA,NA,NA
Stalker2-Win64-Shipping.exe,13648,0x4E568280,DXGI,0,0,1,Hardware Composed: Independent Flip,24050.5287,NA,50.74880000000000,51.11100000000000,0.26760000000000,44.65040000000000,45.5827,24000.0499,50.7464,50.4788,0.2676,44.9358,50.1934,47.7344,2.4590,0.4882,24000.0499,NA,NA,NA
Stalker2-Win64-Shipping.exe,13648,0x4E568280,DXGI,0,0,1,Hardware Composed: Independent Flip,24101.5627,NA,51.03400000000000,49.71330000000000,0.29780000000000,44.24390000000000,44.2620,24050.7963,51.0642,50.7664,0.2978,44.3828,50.6275,47.2946,3.3329,1.0331,24050.7963,NA,NA,NA
Stalker2-Win64-Shipping.exe,13648,0x4E568280,DXGI,0,0,1,Hardware Composed: Independent Flip,24152.8703,NA,51.30760000000000,52.04980000000000,0.27000000000000,44.63530000000000,45.0042,24101.8605,51.2798,51.0098,0.2700,43.9461,51.6990,47.7134,3.9856,-0.9856,24101.8605,NA,NA,NA
Stalker2-Win64-Shipping.exe,13648,0x4E568280,DXGI,0,0,1,Hardware Composed: Independent Flip,24203.9234,NA,51.05310000000000,50.25470000000000,0.28380000000000,44.08800000000000,44.2058,24153.1403,51.0669,50.7831,0.2838,44.3653,50.5058,47.2130,3.2928,1.0251,24153.1403,NA,NA,NA
Stalker2-Win64-Shipping.exe,13648,0x4E568280,DXGI,0,0,1,Hardware Composed: Independent Flip,24256.0954,NA,52.17200000000000,52.31770000000000,0.27880000000000,44.32830000000000,44.3515,24204.2072,52.1670,51.8882,0.2788,43.8042,52.4123,47.5207,4.8916,-1.2508,24204.2072,NA,NA,NA
Stalker2-Win64-Shipping.exe,13648,0x4E568280,DXGI,0,0,1,Hardware Composed: Independent Flip,24307.0509,NA,50.95550000000000,52.26580000000001,0.35370000000000,44.49550000000000,45.6618,24256.3742,51.0304,50.6767,0.3537,44.0495,51.1227,47.6236,3.4991,-0.0988,24256.3742,NA,NA,NA
Stalker2-Win64-Shipping.exe,13648,0x4E568280,DXGI,0,0,1,Hardware Composed: Independent Flip,24358.3735,NA,51.32260000000000,49.60990000000000,0.30890000000000,43.90640000000000,43.9491,24307.4046,51.2778,50.9689,0.3089,44.1418,50.7335,46.9893,3.7442,1.4205,24307.4046,NA,NA,NA
Stalker2-Win64-Shipping.exe,13648,0x4E568280,DXGI,0,0,1,Hardware Composed: Independent Flip,24409.5243,NA,51.15080000000000,52.01550000000000,0.26520000000000,44.79270000000000,44.8138,24358.6824,51.1071,50.8419,0.2652,43.5975,52.0371,47.8467,4.1904,-0.7377,24358.6824,NA,NA,NA
Stalker2-Win64-Shipping.exe,13648,0x4E568280,DXGI,0,0,1,Hardware Composed: Independent Flip,24460.2294,NA,50.70510000000000,50.67790000000000,0.27200000000000,44.15250000000000,44.7866,24409.7895,50.7119,50.4399,0.2720,44.5275,50.0649,47.1634,2.9015,0.4292,24409.7895,NA,NA,NA
Stalker2-Win64-Shipping.exe,13648,0x4E568280,DXGI,0,0,1,Hardware Composed: Independent Flip,24512.9180,NA,52.68860000000000,54.20860000000000,0.24140000000000,46.26030000000000,46.3066,24460.5014,52.6580,52.4166,0.2414,43.8805,54.7964,49.6231,5.1733,-3.4967,24460.5014,NA,NA,NA
Stalker2-Win64-Shipping.exe,13648,0x4E568280,DXGI,0,0,1,Hardware Composed: Independent Flip,24563.8759,NA,50.95790000000000,52.22660000000000,0.28260000000000,45.07210000000000,47.5753,24513.1594,50.9991,50.7165,0.2826,46.0189,49.7697,48.1366,1.6331,0.4314,24513.1594,NA,NA,NA
Stalker2-Win64-Shipping.exe,13648,0x4E568280,DXGI,0,0,1,Hardware Composed: Independent Flip,24613.8034,NA,49.92750000000000,48.73820000000000,0.24950000000000,46.36900000000000,46.3860,24564.1585,49.8944,49.6449,0.2495,44.7895,51.2244,49.5126,1.7118,2.2609,24564.1585,NA,NA,NA
Stalker2-Win64-Shipping.exe,13648,0x4E568280,DXGI,0,0,1,Hardware Composed: Independent Flip,24664.9937,NA,51.19030000000000,50.14610000000000,0.29970000000000,44.42230000000000,45.3418,24614.0529,51.2405,50.9408,0.2997,46.1195,49.2436,47.6438,1.5998,-0.2517,24614.0529,NA,NA,NA
Stalker2-Win64-Shipping.exe,13648,0x4E568280,DXGI,0,0,1,Hardware Composed: Independent Flip,24715.9858,NA,50.99210000000000,50.41280000000000,0.29450000000000,44.74090000000000,44.7625,24665.2934,50.9869,50.6924,0.2945,44.1226,51.3107,47.8401,3.4706,0.8277,24665.2934,NA,NA,NA
Stalker2-Win64-Shipping.exe,13648,0x4E568280,DXGI,0,0,1,Hardware Composed: Independent Flip,24767.4695,NA,51.48370000000001,52.12970000000000,0.28220000000000,44.12820000000000,45.4085,24716.2803,51.4714,51.1892,0.2822,44.4464,50.8710,47.0977,3.7733,-1.1428,24716.2803,NA,NA,NA
Stalker2-Win64-Shipping.exe,13648,0x4E568280,DXGI,0,0,1,Hardware Composed: Independent Flip,24819.4624,NA,51.99290000000001,50.80020000000000,0.26020000000000,44.18850000000000,44.2158,24767.7517,51.9709,51.7107,0.2602,43.8460,52.0532,47.3111,4.7421,0.6712,24767.7517,NA,NA,NA
Stalker2-Win64-Shipping.exe,13648,0x4E568280,DXGI,0,0,1,Hardware Composed: Independent Flip,24872.1663,NA,52.70390000000000,53.32410000000000,0.29860000000000,44.23490000000000,44.8360,24819.7226,52.7423,52.4437,0.2986,43.9283,52.7503,47.4315,5.3188,-1.3532,24819.7226,NA,NA,NA
Stalker2-Win64-Shipping.exe,13648,0x4E568280,DXGI,0,0,1,Hardware Composed: Independent Flip,24925.2474,NA,53.08110000000000,53.54320000000001,0.28180000000000,44.88380000000000,45.2981,24872.4649,53.0643,52.7825,0.2818,43.9363,53.7300,48.1081,5.6219,-0.8009,24872.4649,NA,NA,NA
Stalker2-Win64-Shipping.exe,13648,0x4E568280,DXGI,0,0,1,Hardware Composed: Independent Flip,24976.3706,NA,51.12320000000000,50.73150000000000,0.24720000000000,44.37070000000000,44.9064,24925.5292,51.0886,50.8414,0.2472,44.6020,50.6101,47.4494,3.1607,2.3328,24925.5292,NA,NA,NA
Stalker2-Win64-Shipping.exe,13648,0x4E568280,DXGI,0,0,1,Hardware Composed: Independent Flip,25029.2499,NA,52.87930000000000,52.22690000000000,0.26480000000000,44.21440000000000,44.2540,24976.6178,52.8969,52.6321,0.2648,44.1235,52.7230,48.0024,4.7206,-1.1383,24976.6178,NA,NA,NA
Stalker2-Win64-Shipping.exe,13648,0x4E568280,DXGI,0,0,1,Hardware Composed: Independent Flip,25079.4766,NA,50.22670000000000,51.94990000000000,0.25310000000000,44.57650000000000,45.9772,25029.5147,50.2150,49.9619,0.2531,43.9496,50.5888,47.4813,3.1075,0.9470,25029.5147,NA,NA,NA
Stalker2-Win64-Shipping.exe,13648,0x4E568280,DXGI,0,0,1,Hardware Composed: Independent Flip,25130.9976,NA,51.52100000000000,50.14920000000000,0.34750000000000,44.56430000000000,44.6054,25079.7297,51.6154,51.2679,0.3475,44.3234,51.5088,47.6504,3.8584,0.0658,25079.7297,NA,NA,NA
Stalker2-Win64-Shipping.exe,13648,0x4E568280,DXGI,0,0,1,Hardware Composed: Independent Flip,25182.7650,NA,51.76740000000000,51.99970000000000,0.28270000000000,44.23360000000000,44.8377,25131.3451,51.7026,51.4199,0.2827,44.2168,51.4367,47.2628,4.1739,-0.3843,25131.3451,NA,NA,NA
Stalker2-Win64-Shipping.exe,13648,0x4E568280,DXGI,0,0,1,Hardware Composed: Independent Flip,25234.6117,NA,51.84670000000001,53.40850000000000,0.27720000000000,46.38400000000000,46.3995,25183.0477,51.8412,51.5640,0.2772,43.9509,53.9971,49.5235,4.4736,-1.7059,25183.0477,NA,NA,NA
Stalker2-Win64-Shipping.exe,13648,0x4E568280,DXGI,0,0,1,Hardware Composed: Independent Flip,25285.2532,NA,50.64150000000000,50.07690000000000,0.27600000000000,44.55490000000000,45.8349,25234.8889,50.6403,50.3643,0.2760,46.1068,48.8124,47.5654,1.2470,1.7643,25234.8889,NA,NA,NA
Stalker2-Win64-Shipping.exe,13648,0x4E568280,DXGI,0,0,1,Hardware Composed: Independent Flip,25336.2961,NA,51.04290000000000,49.75640000000000,0.29120000000000,44.51140000000000,44.5484,25285.5292,51.0581,50.7669,0.2912,44.2789,50.9994,47.7227,3.2767,0.8839,25285.5292,NA,NA,NA
Stalker2-Win64-Shipping.exe,13648,0x4E568280,DXGI,0,0,1,Hardware Composed: Independent Flip,25387.2269,NA,50.93080000000000,51.99970000000000,0.26400000000000,44.16730000000000,45.6173,25336.5873,50.9036,50.6396,0.2640,44.2202,50.5867,47.2058,3.3809,-0.9416,25336.5873,NA,NA,NA
Stalker2-Win64-Shipping.exe,13648,0x4E568280,DXGI,0,0,1,Hardware Composed: Independent Flip,25438.3046,NA,51.07770000000000,49.93160000000000,0.31670000000000,44.44250000000000,44.4712,25387.4909,51.1304,50.8137,0.3167,43.9033,51.3529,47.5207,3.8322,0.9720,25387.4909,NA,NA,NA
Stalker2-Win64-Shipping.exe,13648,0x4E568280,DXGI,0,0,1,Hardware Composed: Independent Flip,25490.2382,NA,51.93360000000001,52.07980000000001,0.25310000000000,44.13850000000000,44.6174,25438.6213,51.8700,51.6169,0.2531,44.1258,51.6296,47.3974,4.2322,-0.9494,25438.6213,NA,NA,NA
Stalker2-Win64-Shipping.exe,13648,0x4E568280,DXGI,0,0,1,Hardware Composed: Independent Flip,25542.4220,NA,52.18380000000001,52.21870000000001,0.27630000000000,44.63010000000000,44.6523,25490.4913,52.2070,51.9307,0.2763,43.8854,52.6754,47.8398,4.8356,-0.3487,25490.4913,NA,NA,NA
Stalker2-Win64-Shipping.exe,13648,0x4E568280,DXGI,0,0,1,Hardware Composed: Independent Flip,25593.6224,NA,51.20040000000000,50.80660000000000,0.28880000000000,43.77340000000000,44.2585,25542.6983,51.2129,50.9241,0.2888,44.3538,50.3437,46.8148,3.5289,1.4004,25542.6983,NA,NA,NA
Stalker2-Win64-Shipping.exe,13648,0x4E568280,DXGI,0,0,1,Hardware Composed: Independent Flip,25645.3860,NA,51.76360000000000,51.97500000000000,0.27260000000000,44.44920000000000,44.4699,25593.9112,51.7474,51.4748,0.2726,43.4846,52.4394,47.8686,4.5708,-0.7621,25593.9112,NA,NA,NA
Stalker2-Win64-Shipping.exe,13648,0x4E568280,DXGI,0,0,1,Hardware Composed: Independent Flip,25696.3870,NA,51.00100000000000,52.12770000000000,0.26690000000000,44.40290000000000,45.5966,25645.6586,50.9953,50.7284,0.2669,44.1766,50.9547,47.4839,3.4708,-0.3803,25645.6586,NA,NA,NA
Stalker2-Win64-Shipping.exe,13648,0x4E568280,DXGI,0,0,1,Hardware Composed: Independent Flip,25747.7267,NA,51.33970000000000,50.26340000000000,0.24590000000000,44.49680000000000,44.5203,25696.6539,51.3187,51.0728,0.2459,44.1360,51.4336,47.6622,3.7714,0.7319,25696.6539,NA,NA,NA
Stalker2-Win64-Shipping.exe,13648,0x4E568280,DXGI,0,0,1,Hardware Composed: Independent Flip,25799.0798,NA,51.35310000000000,51.80010000000000,0.28150000000000,44.66900000000000,44.9673,25747.9726,51.3887,51.1072,0.2815,44.2509,51.5253,47.6662,3.8591,-0.4814,25747.9726,NA,NA,NA
Stalker2-Win64-Shipping.exe,13648,0x4E568280,DXGI,0,0,1,Hardware Composed: Independent Flip,25850.3610,NA,51.28120000000001,52.21210000000000,0.27050000000000,45.83430000000000,45.8982,25799.3613,51.2702,50.9997,0.2705,44.3875,52.4465,49.0429,3.4036,-0.8234,25799.3613,NA,NA,NA
Stalker2-Win64-Shipping.exe,13648,0x4E568280,DXGI,0,0,1,Hardware Composed: Independent Flip,25900.7999,NA,50.43890000000000,49.30270000000000,0.29470000000000,44.29120000000000,44.7620,25850.6315,50.4631,50.1684,0.2947,45.5638,48.8958,47.4022,1.4936,1.9675,25850.6315,NA,NA,NA
Stalker2-Win64-Shipping.exe,13648,0x4E568280,DXGI,0,0,1,Hardware Composed: Independent Flip,25951.9807,NA,51.18080000000000,50.61790000000001,0.31820000000000,44.17680000000000,44.1991,25901.0946,51.2043,50.8861,0.3182,43.9965,51.0664,47.2698,3.7966,-0.1548,25901.0946,NA,NA,NA
Stalker2-Win64-Shipping.exe,13648,0x4E568280,DXGI,0,0,1,Hardware Composed: Independent Flip,26004.3169,NA,52.33620000000001,54.18800000000000,0.23340000000000,44.63920000000000,46.0509,25952.2989,52.2514,52.0180,0.2334,43.8586,52.7986,47.9374,4.8612,-2.9837,25952.2989,NA,NA,NA
Stalker2-Win64-Shipping.exe,13648,0x4E568280,DXGI,0,0,1,Hardware Composed: Independent Flip,26054.3507,NA,50.03380000000000,48.57800000000000,0.24850000000000,44.38590000000000,44.5951,26004.5503,50.0489,49.8004,0.2485,44.4058,49.7805,48.2500,1.5305,3.6734,26004.5503,NA,NA,NA
Stalker2-Win64-Shipping.exe,13648,0x4E568280,DXGI,0,0,1,Hardware Composed: Independent Flip,26105.8880,NA,51.53730000000000,51.66580000000000,0.24650000000000,44.66480000000000,44.7236,26054.5992,51.5353,51.2888,0.2465,44.1374,51.8162,47.7354,4.0808,-1.6169,26054.5992,NA,NA,NA
Stalker2-Win64-Shipping.exe,13648,0x4E568280,DXGI,0,0,1,Hardware Composed: Independent Flip,26157.3126,NA,51.42460000000001,52.88920000000000,0.28750000000000,44.25010000000000,46.1882,26106.1345,51.4656,51.1781,0.2875,44.4183,51.0099,47.2877,3.7222,-1.3539,26106.1345,NA,NA,NA
Stalker2-Win64-Shipping.exe,13648,0x4E568280,DXGI,0,0,1,Hardware Composed: Independent Flip,26208.9725,NA,51.65990000000000,50.14690000000000,0.27550000000000,44.65220000000000,44.6752,26157.6001,51.6479,51.3724,0.2755,43.9626,52.0620,47.8070,4.2550,1.3187,26157.6001,NA,NA,NA
Stalker2-Win64-Shipping.exe,13648,0x4E568280,DXGI,0,0,1,Hardware Composed: Independent Flip,26261.0343,NA,52.06180000000001,52.20450000000000,0.29340000000000,44.32740000000000,44.8179,26209.2480,52.0797,51.7863,0.2934,44.3767,51.7370,47.4720,4.2650,-0.5566,26209.2480,NA,NA,NA
Stalker2-Win64-Shipping.exe,13648,0x4E568280,DXGI,0,0,1,Hardware Composed: Independent Flip,26311.8083,NA,50.77400000000000,50.89890000000000,0.29340000000000,44.90190000000000,44.9428,26261.3277,50.7740,50.4806,0.2934,44.0340,51.3485,48.0110,3.3375,1.1808,26261.3277,NA,NA,NA
Stalker2-Win64-Shipping.exe,13648,0x4E568280,DXGI,0,0,1,Hardware Composed: Independent Flip,26363.0982,NA,51.28990000000000,50.88620000000000,0.26380000000000,44.51790000000000,44.5391,26312.1017,51.2603,50.9965,0.2638,44.6085,50.9059,47.5911,3.3148,-0.1122,26312.1017,NA,NA,NA
Stalker2-Win64-Shipping.exe,13648,0x4E568280,DXGI,0,0,1,Hardware Composed: Independent Flip,26414.3325,NA,51.23430000000000,51.28690000000000,0.29660000000000,44.56770000000000,44.5917,26363.3620,51.2671,50.9705,0.2966,44.2541,51.2841,47.5855,3.6986,-0.0266,26363.3620,NA,NA,NA
Stalker2-Win64-Shipping.exe,13648,0x4E568280,DXGI,0,0,1,Hardware Composed: Independent Flip,26465.3877,NA,51.05520000000000,52.05450000000000,0.26580000000000,45.52780000000000,45.5910,26414.6291,51.0244,50.7586,0.2658,44.2711,52.0153,48.5879,3.4274,-0.7874,26414.6291,NA,NA,NA
Stalker2-Win64-Shipping.exe,13648,0x4E568280,DXGI,0,0,1,Hardware Composed: Independent Flip,26516.1749,NA,50.78720000000001,49.72750000000000,0.38610000000000,44.15800000000000,44.5313,26465.6535,50.9075,50.5214,0.3861,45.2620,49.4174,47.3023,2.1151,1.2969,26465.6535,NA,NA,NA
Stalker2-Win64-Shipping.exe,13648,0x4E568280,DXGI,0,0,1,Hardware Composed: Independent Flip,26568.4318,NA,52.25690000000000,52.16920000000000,0.25390000000000,44.40590000000000,44.4436,26516.5610,52.1247,51.8708,0.2539,43.7719,52.5048,47.6452,4.8596,-1.2617,26516.5610,NA,NA,NA
Stalker2-Win64-Shipping.exe,13648,0x4E568280,DXGI,0,0,1,Hardware Composed: Independent Flip,26619.6500,NA,51.21820000000000,53.10750000000000,0.28440000000000,44.56250000000000,46.3329,26568.6857,51.2487,50.9643,0.2844,44.1520,51.3748,47.5505,3.8243,-0.9828,26568.6857,NA,NA,NA
Stalker2-Win64-Shipping.exe,13648,0x4E568280,DXGI,0,0,1,Hardware Composed: Independent Flip,26671.6903,NA,52.04030000000000,50.08960000000000,0.30760000000000,44.35920000000000,44.3822,26619.9344,52.0635,51.7559,0.3076,44.2781,51.8370,47.5974,4.2396,1.1591,26619.9344,NA,NA,NA
Stalker2-Win64-Shipping.exe,13648,0x4E568280,DXGI,0,0,1,Hardware Composed: Independent Flip,26723.3014,NA,51.61110000000000,51.59750000000000,0.27960000000000,44.11910000000000,44.3686,26671.9979,51.5831,51.3035,0.2796,44.0516,51.3710,47.1136,4.2574,0.4660,26671.9979,NA,NA,NA
Stalker2-Win64-Shipping.exe,13648,0x4E568280,DXGI,0,0,1,Hardware Composed: Independent Flip,26775.1590,NA,51.85760000000001,51.78110000000000,0.29060000000000,44.25200000000000,44.2921,26723.5810,51.8686,51.5780,0.2906,43.8395,51.9905,47.8832,4.1073,-0.1980,26723.5810,NA,NA,NA
Stalker2-Win64-Shipping.exe,13648,0x4E568280,DXGI,0,0,1,Hardware Composed: Independent Flip,26826.1502,NA,50.99120000000000,51.54490000000001,0.27680000000000,44.55230000000000,44.8458,26775.4496,50.9774,50.7006,0.2768,43.9614,51.2915,47.5494,3.7421,0.3237,26775.4496,NA,NA,NA
Stalker2-Win64-Shipping.exe,13648,0x4E568280,DXGI,0,0,1,Hardware Composed: Independent Flip,26877.9749,NA,51.82470000000000,51.54080000000000,0.30350000000000,44.51670000000000,44.5619,26826.4270,51.8514,51.5479,0.3035,44.2755,51.7891,47.5457,4.2434,-0.5634,26826.4270,NA,NA,NA
Stalker2-Win64-Shipping.exe,13648,0x4E568280,DXGI,0,0,1,Hardware Composed: Independent Flip,26928.9647,NA,50.98980000000000,51.44740000000000,0.29110000000000,44.72420000000000,45.0195,26878.2784,50.9774,50.6863,0.2911,44.2132,51.1973,47.7024,3.4949,0.4040,26878.2784,NA,NA,NA
Stalker2-Win64-Shipping.exe,13648,0x4E568280,DXGI,0,0,1,Hardware Composed: Independent Flip,26982.0696,NA,53.10490000000000,54.83520000000000,0.36170000000000,46.72710000000000,46.7498,26929.2558,53.1755,52.8138,0.3617,44.4331,55.1078,49.8900,5.2178,-3.8578,26929.2558,NA,NA,NA
Stalker2-Win64-Shipping.exe,13648,0x4E568280,DXGI,0,0,1,Hardware Composed: Independent Flip,27031.5686,NA,49.49900000000000,49.35600000000000,0.27270000000000,44.62040000000000,46.6068,26982.4313,49.4100,49.1373,0.2727,46.3654,47.3923,47.3800,0.0123,3.8195,26982.4313,NA,NA,NA
Stalker2-Win64-Shipping.exe,13648,0x4E568280,DXGI,0,0,1,Hardware Composed: Independent Flip,27083.9712,NA,52.40260000000000,51.20990000000000,0.27420000000000,45.39830000000000,45.4141,27031.8413,52.4041,52.1299,0.2742,44.3477,53.1805,48.9550,4.2255,-1.7999,27031.8413,NA,NA,NA
Stalker2-Win64-Shipping.exe,13648,0x4E568280,DXGI,0,0,1,Hardware Composed: Independent Flip,27134.0491,NA,50.07790000000000,52.90790000000001,0.29880000000000,45.22090000000000,48.2441,27084.2454,50.1025,49.8037,0.2988,45.1241,49.9005,48.2956,1.6049,-0.5038,27084.2454,NA,NA,NA
Stalker2-Win64-Shipping.exe,13648,0x4E568280,DXGI,0,0,1,Hardware Composed: Independent Flip,27185.6137,NA,51.56460000000001,47.55250000000000,0.25720000000000,44.20550000000000,44.2320,27134.3479,51.5230,51.2658,0.2572,44.9221,50.5492,47.2637,3.2855,2.5500,27134.3479,NA,NA,NA
Stalker2-Win64-Shipping.exe,13648,0x4E568280,DXGI,0,0,1,Hardware Composed: Independent Flip,27237.8846,NA,52.27090000000000,53.42310000000001,0.30440000000000,44.45930000000000,45.3842,27185.8709,52.3181,52.0137,0.3044,43.9483,52.5247,47.6571,4.8676,-1.9001,27185.8709,NA,NA,NA
Stalker2-Win64-Shipping.exe,13648,0x4E568280,DXGI,0,0,1,Hardware Composed: Independent Flip,27290.2304,NA,52.34580000000000,51.46470000000000,0.25690000000000,44.22670000000000,44.5031,27238.1890,52.2983,52.0414,0.2569,44.1549,52.1132,47.4542,4.6590,0.8534,27238.1890,NA,NA,NA
Stalker2-Win64-Shipping.exe,13648,0x4E568280,DXGI,0,0,1,Hardware Composed: Independent Flip,27341.6712,NA,51.44080000000000,51.10390000000000,0.25320000000000,44.14990000000000,44.1662,27290.4873,51.4371,51.1839,0.2532,43.9698,51.3640,47.1901,4.1739,1.1944,27290.4873,NA,NA,NA
Stalker2-Win64-Shipping.exe,13648,0x4E568280,DXGI,0,0,1,Hardware Composed: Independent Flip,27394.9616,NA,53.29040000000001,53.45970000000001,0.28260000000000,44.31500000000000,44.3355,27341.9244,53.3198,53.0372,0.2826,43.8967,53.4555,47.5939,5.8616,-2.0226,27341.9244,NA,NA,NA
Stalker2-Win64-Shipping.exe,13648,0x4E568280,DXGI,0,0,1,Hardware Composed: Independent Flip,27446.3536,NA,51.39200000000000,52.50350000000000,0.26330000000000,44.46600000000000,45.4470,27395.2442,51.3727,51.1094,0.2633,44.0324,51.5430,47.5572,3.9858,0.8163,27395.2442,NA,NA,NA
Stalker2-Win64-Shipping.exe,13648,0x4E568280,DXGI,0,0,1,Hardware Composed: Independent Flip,27499.2192,NA,52.86560000000000,51.80010000000000,0.30500000000000,44.36580000000000,44.3815,27446.6169,52.9073,52.6023,0.3050,44.2027,52.7654,47.5721,5.1933,-0.4274,27446.6169,NA,NA,NA
Stalker2-Win64-Shipping.exe,13648,0x4E568280,DXGI,0,0,1,Hardware Composed: Independent Flip,27549.0619,NA,49.84270000000000,50.36330000000000,0.27550000000000,44.24750000000000,44.9021,27499.5242,49.8132,49.5377,0.2755,44.0608,49.7244,47.1923,2.5321,2.5440,27499.5242,NA,NA,NA
Stalker2-Win64-Shipping.exe,13648,0x4E568280,DXGI,0,0,1,Hardware Composed: Independent Flip,27600.6617,NA,51.59980000000000,51.47070000000000,0.29380000000000,44.75400000000000,44.7730,27549.3374,51.6181,51.3243,0.2938,43.9720,52.1063,47.9280,4.1783,-1.6575,27549.3374,NA,NA,NA
Stalker2-Win64-Shipping.exe,13648,0x4E568280,DXGI,0,0,1,Hardware Composed: Independent Flip,27652.1013,NA,51.43960000000001,52.28880000000000,0.27740000000000,44.21490000000000,45.6222,27600.9555,51.4232,51.1458,0.2774,44.4602,50.9005,47.2670,3.6335,-0.6707,27600.9555,NA,NA,NA
Stalker2-Win64-Shipping.exe,13648,0x4E568280,DXGI,0,0,1,Hardware Composed: Independent Flip,27749.2944,NA,97.19310000000000,97.02770000000001,0.28330000000000,45.44110000000000,45.4568,27652.3787,97.1990,96.9157,0.2833,43.9375,98.4193,48.6379,49.7814,-45.6045,27652.3787,NA,NA,NA
Stalker2-Win64-Shipping.exe,13648,0x4E568280,DXGI,0,0,1,Hardware Composed: Independent Flip,27760.0623,NA,10.76790000000000,49.14980000000000,0.27850000000000,81.80050000000000,83.8387,27749.5777,10.7631,10.4846,0.2785,45.1578,47.1273,47.1127,0.0146,48.0492,27749.5777,NA,NA,NA
Stalker2-Win64-Shipping.exe,13648,0x4E568280,DXGI,0,0,1,Hardware Composed: Independent Flip,27809.5057,NA,49.44340000000000,45.04520000000000,0.26880000000000,79.42680000000000,79.4405,27760.3408,49.4337,49.1649,0.2688,81.5220,47.0697,47.0558,0.0139,-34.2821,27760.3408,NA,NA,NA
Stalker2-Win64-Shipping.exe,13648,0x4E568280,DXGI,0,0,1,Hardware Composed: Independent Flip,27856.9736,NA,47.46790000000000,50.54960000000001,0.25350000000000,79.50360000000001,82.5222,27809.7745,47.4526,47.1991,0.2535,79.1580,47.5447,47.5329,0.0118,-1.1159,27809.7745,NA,NA,NA
Stalker2-Win64-Shipping.exe,13648,0x4E568280,DXGI,0,0,1,Hardware Composed: Independent Flip,27908.3427,NA,51.36910000000000,44.44250000000000,0.27610000000000,75.57670000000000,75.5956,27857.2271,51.3917,51.1156,0.2761,79.2501,47.4422,47.3977,0.0445,3.0101,27857.2271,NA,NA,NA
Stalker2-Win64-Shipping.exe,13648,0x4E568280,DXGI,0,0,1,Hardware Composed: Independent Flip,27960.3104,NA,51.96770000000000,50.34180000000000,0.27140000000000,70.95800000000000,73.9697,27908.6188,51.9630,51.6916,0.2714,75.3006,47.3490,47.3374,0.0116,1.0499,27908.6188,NA,NA,NA
Stalker2-Win64-Shipping.exe,13648,0x4E568280,DXGI,0,0,1,Hardware Composed: Independent Flip,28012.2439,NA,51.93350000000000,43.97140000000000,0.28070000000000,65.98060000000001,66.0076,27960.5818,51.9428,51.6621,0.2807,70.6866,46.9561,46.9438,0.0123,7.9916,27960.5818,NA,NA,NA
Stalker2-Win64-Shipping.exe,13648,0x4E568280,DXGI,0,0,1,Hardware Composed: Independent Flip,28063.6377,NA,51.39380000000001,48.79130000000000,0.28490000000000,61.56300000000000,63.4051,28012.5246,51.3980,51.1131,0.2849,65.6999,46.9762,46.9641,0.0121,3.1515,28012.5246,NA,NA,NA
Stalker2-Win64-Shipping.exe,13648,0x4E568280,DXGI,0,0,1,Hardware Composed: Independent Flip,28115.1225,NA,51.48480000000000,45.77420000000000,0.26390000000000,57.67950000000000,57.6945,28063.9226,51.4638,51.1999,0.2639,61.2781,47.6013,47.5895,0.0118,5.6238,28063.9226,NA,NA,NA
Stalker2-Win64-Shipping.exe,13648,0x4E568280,DXGI,0,0,1,Hardware Composed: Independent Flip,28167.7683,NA,52.64580000000000,47.70220000000000,0.30750000000000,52.01590000000000,52.7509,28115.3864,52.6894,52.3819,0.3075,57.4156,46.9822,46.9696,0.0126,3.7616,28115.3864,NA,NA,NA
Stalker2-Win64-Shipping.exe,13648,0x4E568280,DXGI,0,0,1,Hardware Composed: Independent Flip,28219.8243,NA,52.05600000000000,47.00260000000000,0.29530000000000,47.67090000000000,47.6975,28168.0758,52.0438,51.7485,0.2953,51.7084,47.7110,47.6952,0.0158,5.6868,28168.0758,NA,NA,NA
Stalker2-Win64-Shipping.exe,13648,0x4E568280,DXGI,0,0,1,Hardware Composed: Independent Flip,28272.4502,NA,52.62590000000000,49.45480000000001,0.32730000000000,43.93600000000000,44.5264,28220.1196,52.6579,52.3306,0.3273,47.3756,48.8910,47.2047,1.6863,2.5890,28220.1196,NA,NA,NA
Stalker2-Win64-Shipping.exe,13648,0x4E568280,DXGI,0,0,1,Hardware Composed: Independent Flip,28324.5053,NA,52.05510000000000,54.08350000000000,0.26040000000000,46.28560000000000,46.5548,28272.7775,51.9882,51.7278,0.2604,43.6087,54.4047,49.5824,4.8223,-1.4256,28272.7775,NA,NA,NA
Stalker2-Win64-Shipping.exe,13648,0x4E568280,DXGI,0,0,1,Hardware Composed: Independent Flip,28376.1907,NA,51.68540000000000,51.50900000000000,0.29000000000000,43.97760000000000,46.3784,28324.7657,51.7150,51.4250,0.2900,46.0252,49.3774,47.1100,2.2674,0.4792,28324.7657,NA,NA,NA
Stalker2-Win64-Shipping.exe,13648,0x4E568280,DXGI,0,0,1,Hardware Composed: Independent Flip,28427.8773,NA,51.68660000000001,49.70910000000000,0.27320000000000,44.38200000000001,44.4009,28376.4807,51.6698,51.3966,0.2732,43.6876,52.0910,47.4434,4.6476,2.0059,28376.4807,NA,NA,NA
Stalker2-Win64-Shipping.exe,13648,0x4E568280,DXGI,0,0,1,Hardware Composed: Independent Flip,28479.7501,NA,51.87280000000001,53.09730000000000,0.31360000000000,44.15320000000001,45.6254,28428.1505,51.9132,51.5996,0.3136,44.1088,51.6440,47.1889,4.4551,-1.4275,28428.1505,NA,NA,NA
Stalker2-Win64-Shipping.exe,13648,0x4E568280,DXGI,0,0,1,Hardware Composed: Independent Flip,28531.0990,NA,51.34890000000000,50.43110000000000,0.29620000000000,44.68500000000000,44.7076,28480.0637,51.3315,51.0353,0.2962,43.8396,51.8807,47.7042,4.1765,1.4821,28480.0637,NA,NA,NA
Stalker2-Win64-Shipping.exe,13648,0x4E568280,DXGI,0,0,1,Hardware Composed: Independent Flip,28584.0723,NA,52.97330000000000,52.12950000000000,0.27230000000000,43.84470000000000,43.8638,28531.3952,52.9494,52.6771,0.2723,44.3888,52.1330,47.2730,4.8600,-0.7980,28531.3952,NA,NA,NA
Stalker2-Win64-Shipping.exe,13648,0x4E568280,DXGI,0,0,1,Hardware Composed: Independent Flip,28635.2743,NA,51.20200000000001,52.39460000000000,0.32270000000000,44.41330000000000,45.0564,28584.3446,51.2524,50.9297,0.3227,43.5724,51.7706,47.4968,4.2738,0.5548,28584.3446,NA,NA,NA
Stalker2-Win64-Shipping.exe,13648,0x4E568280,DXGI,0,0,1,Hardware Composed: Independent Flip,28687.0320,NA,51.75770000000000,51.38900000000000,0.28410000000000,44.66560000000000,44.6877,28635.5970,51.7191,51.4350,0.2841,44.0906,52.0100,47.9339,4.0761,-0.1366,28635.5970,NA,NA,NA
Stalker2-Win64-Shipping.exe,13648,0x4E568280,DXGI,0,0,1,Hardware Composed: Independent Flip,28737.9160,NA,50.88400000000000,50.91300000000000,0.28440000000000,44.63270000000000,44.7167,28687.3161,50.8843,50.5999,0.2844,44.3815,50.8511,47.6185,3.2326,0.8061,28687.3161,NA,NA,NA
Stalker2-Win64-Shipping.exe,13648,0x4E568280,DXGI,0,0,1,Hardware Composed: Independent Flip,28790.2394,NA,52.32340000000000,52.09770000000000,0.24150000000000,44.47770000000000,44.4910,28738.2004,52.2805,52.0390,0.2415,44.3483,52.1684,47.8621,4.3063,-1.2134,28738.2004,NA,NA,NA
Stalker2-Win64-Shipping.exe,13648,0x4E568280,DXGI,0,0,1,Hardware Composed: Independent Flip,28839.9885,NA,49.74910000000001,50.57220000000000,0.23550000000000,44.59020000000000,45.3141,28790.4809,49.7431,49.5076,0.2355,44.2362,49.8616,47.7011,2.1605,1.7083,28790.4809,NA,NA,NA
Stalker2-Win64-Shipping.exe,13648,0x4E568280,DXGI,0,0,1,Hardware Composed: Independent Flip,28890.7003,NA,50.71180000000000,49.72130000000000,0.31420000000000,44.27830000000000,44.3236,28840.2240,50.7905,50.4763,0.3142,44.3547,50.3999,47.3309,3.0690,0.0218,28840.2240,NA,NA,NA
Stalker2-Win64-Shipping.exe,13648,0x4E568280,DXGI,0,0,1,Hardware Composed: Independent Flip,28941.5314,NA,50.83110000000000,52.25220000000000,0.31670000000000,45.26520000000000,45.7447,28891.0145,50.8336,50.5169,0.3167,43.9641,51.8180,48.3118,3.5062,-1.4617,28891.0145,NA,NA,NA
Stalker2-Win64-Shipping.exe,13648,0x4E568280,DXGI,0,0,1,Hardware Composed: Independent Flip,28993.2236,NA,51.69220000000000,50.47300000000000,0.28830000000000,44.27970000000001,44.5255,28941.8481,51.6638,51.3755,0.2883,44.9485,50.7067,47.4226,3.2841,0.3606,28941.8481,NA,NA,NA
Stalker2-Win64-Shipping.exe,13648,0x4E568280,DXGI,0,0,1,Hardware Composed: Independent Flip,29044.0007,NA,50.77710000000000,50.68570000000000,0.26640000000000,44.41160000000000,44.4341,28993.5119,50.7552,50.4888,0.2664,43.9914,50.9090,47.5164,3.3926,0.9781,28993.5119,NA,NA,NA
Stalker2-Win64-Shipping.exe,13648,0x4E568280,DXGI,0,0,1,Hardware Composed: Independent Flip,29095.1837,NA,51.18300000000000,51.39120000000000,0.29830000000000,44.20580000000000,44.6423,29044.2671,51.2149,50.9166,0.2983,44.1452,50.9772,47.3649,3.6123,-0.6360,29044.2671,NA,NA,NA
Stalker2-Win64-Shipping.exe,13648,0x4E568280,DXGI,0,0,1,Hardware Composed: Independent Flip,29145.9348,NA,50.75110000000000,50.55940000000000,0.26810000000000,44.43400000000000,44.4506,29095.4820,50.7209,50.4528,0.2681,43.9075,50.9793,47.6707,3.3086,0.6555,29095.4820,NA,NA,NA
Stalker2-Win64-Shipping.exe,13648,0x4E568280,DXGI,0,0,1,Hardware Composed: Independent Flip,29198.2009,NA,52.26610000000000,51.85030000000000,0.26790000000000,44.01770000000000,44.0348,29146.2029,52.2659,51.9980,0.2679,44.1659,51.8498,47.2420,4.6078,-1.1294,29146.2029,NA,NA,NA
Stalker2-Win64-Shipping.exe,13648,0x4E568280,DXGI,0,0,1,Hardware Composed: Independent Flip,29249.9807,NA,51.77980000000000,52.64740000000000,0.26880000000000,44.43000000000000,44.9024,29198.4688,51.7807,51.5119,0.2688,43.7498,52.1921,47.6196,4.5725,-0.3815,29198.4688,NA,NA,NA
Stalker2-Win64-Shipping.exe,13648,0x4E568280,DXGI,0,0,1,Hardware Composed: Independent Flip,29298.4476,NA,48.46690000000000,47.92470000000000,0.27040000000000,44.09800000000000,44.3602,29250.2495,48.4685,48.1981,0.2704,44.1612,48.1349,47.2860,0.8489,3.8560,29250.2495,NA,NA,NA
Stalker2-Win64-Shipping.exe,13648,0x4E568280,DXGI,0,0,1,Hardware Composed: Independent Flip,29349.4232,NA,50.97560000000000,51.36280000000000,0.23700000000000,44.72720000000000,44.7474,29298.7180,50.9422,50.7052,0.2370,43.8276,51.6048,47.7393,3.8655,-2.8943,29298.7180,NA,NA,NA
Stalker2-Win64-Shipping.exe,13648,0x4E568280,DXGI,0,0,1,Hardware Composed: Independent Flip,29400.5805,NA,51.15730000000000,53.31210000000000,0.26260000000000,44.47610000000000,46.9022,29349.6602,51.1829,50.9203,0.2626,44.4902,50.9062,47.9563,2.9499,-2.3699,29349.6602,NA,NA,NA
Stalker2-Win64-Shipping.exe,13648,0x4E568280,DXGI,0,0,1,Hardware Composed: Independent Flip,29451.3824,NA,50.80190000000000,48.35350000000000,0.29310000000000,44.41120000000000,44.4538,29400.8431,50.8324,50.5393,0.2931,44.2135,50.7370,47.5333,3.2037,2.8294,29400.8431,NA,NA,NA
Stalker2-Win64-Shipping.exe,13648,0x4E568280,DXGI,0,0,1,Hardware Composed: Independent Flip,29502.1057,NA,50.72330000000000,50.40010000000000,0.25470000000000,44.10350000000000,44.1306,29451.6755,50.6849,50.4302,0.2547,44.1181,50.4156,47.0702,3.3454,0.4323,29451.6755,NA,NA,NA
Stalker2-Win64-Shipping.exe,13648,0x4E568280,DXGI,0,0,1,Hardware Composed: Independent Flip,29554.2212,NA,52.11550000000000,53.25830000000001,0.27270000000000,45.25850000000001,45.2734,29502.3604,52.1335,51.8608,0.2727,43.8488,53.2705,48.4136,4.8569,-2.5734,29502.3604,NA,NA,NA
Stalker2-Win64-Shipping.exe,13648,0x4E568280,DXGI,0,0,1,Hardware Composed: Independent Flip,29604.1835,NA,49.96230000000000,50.24410000000000,0.26850000000000,44.27030000000000,45.5552,29554.4939,49.9581,49.6896,0.2685,44.9858,48.9741,47.3332,1.6409,1.8894,29554.4939,NA,NA,NA
Stalker2-Win64-Shipping.exe,13648,0x4E568280,DXGI,0,0,1,Hardware Composed: Independent Flip,29655.9921,NA,51.80860000000001,50.47400000000000,0.28330000000000,44.20630000000000,44.2206,29604.4520,51.8234,51.5401,0.2833,44.0018,51.7446,47.3674,4.3772,-0.5159,29604.4520,NA,NA,NA
Stalker2-Win64-Shipping.exe,13648,0x4E568280,DXGI,0,0,1,Hardware Composed: Independent Flip,29705.6381,NA,49.64600000000000,51.67840000000000,0.24700000000000,44.55320000000000,46.2530,29656.2754,49.6097,49.3627,0.2470,43.9230,49.9929,47.5297,2.4632,0.1450,29656.2754,NA,NA,NA
Stalker2-Win64-Shipping.exe,13648,0x4E568280,DXGI,0,0,1,Hardware Composed: Independent Flip,29756.6908,NA,51.05270000000000,49.28190000000000,0.28850000000000,44.46490000000000,44.4822,29705.8851,51.0942,50.8057,0.2885,44.3062,50.9644,47.5311,3.4333,0.3278,29705.8851,NA,NA,NA
Stalker2-Win64-Shipping.exe,13648,0x4E568280,DXGI,0,0,1,Hardware Composed: Independent Flip,29807.4903,NA,50.79950000000000,50.67950000000000,0.27500000000000,43.73630000000000,44.3622,29756.9793,50.7860,50.5110,0.2750,44.1764,50.0709,46.7240,3.3469,0.4147,29756.9793,NA,NA,NA
Stalker2-Win64-Shipping.exe,13648,0x4E568280,DXGI,0,0,1,Hardware Composed: Independent Flip,29858.5725,NA,51.08220000000000,51.29690000000000,0.28040000000000,44.54410000000000,44.5769,29807.7653,51.0876,50.8072,0.2804,43.4613,51.8900,47.6338,4.2562,-0.5109,29807.7653,NA,NA,NA
