Application,ProcessID,SwapChainAddress,PresentRuntime,SyncInterval,PresentFlags,AllowsTearing,PresentMode,TimeInMs,MsBetweenSimulationStart,MsBetweenPresents,MsBetweenDisplayChange,MsInPresentAPI,MsRenderPresentLatency,MsUntilDisplayed,CPUStartTimeInMs,MsBetweenAppStart,MsCPUBusy,MsCPUWait,MsGPULatency,MsGPUTime,MsGPUBusy,MsGPUWait,MsAnimationError,AnimationTime,MsFlipDelay,MsAllInputToPhotonLatency,MsClickToPhotonLatency
Stalker2-Win64-Shipping.exe,13648,0x4E568280,DXGI,0,0,1,Hardware Composed: Independent Flip,177.1736,NA,49.15700000000000,51.77250000000000,0.31870000000000,42.65660000000000,45.6752,128.2878,49.2045,48.8858,0.3187,42.7695,48.7729,45.7705,3.0024,NA,128.2878,NA,NA,NA
Stalker2-Win64-Shipping.exe,13648,0x4E568280,DXGI,0,0,1,Hardware Composed: Independent Flip,228.0617,NA,50.88810000000000,48.70110000000000,0.28680000000000,43.45830000000000,43.4882,177.4923,50.8562,50.5694,0.2868,42.3379,51.6898,46.7055,4.9843,0.5034,177.4923,NA,NA,NA
Stalker2-Win64-Shipping.exe,13648,0x4E568280,DXGI,0,0,1,Hardware Composed: Independent Flip,281.2844,NA,53.22270000000000,55.89480000000000,0.26290000000000,43.14430000000000,46.1603,228.3485,53.1988,52.9359,0.2629,43.1715,52.9087,46.3482,6.5605,-5.0386,228.3485,NA,NA,NA
Stalker2-Win64-Shipping.exe,13648,0x4E568280,DXGI,0,0,1,Hardware Composed: Independent Flip,333.1716,NA,51.88720000000000,49.07450000000000,0.29190000000000,43.28100000000000,43.3476,281.5473,51.9162,51.6243,0.2919,42.8814,52.0239,46.6015,5.4224,4.1243,281.5473,NA,NA,NA
Stalker2-Win64-Shipping.exe,13648,0x4E568280,DXGI,0,0,1,Hardware Composed: Independent Flip,384.9748,NA,51.80320000000000,52.08960000000000,0.26020000000000,43.61270000000000,43.6340,333.4635,51.7715,51.5113,0.2602,42.9891,52.1349,46.9163,5.2186,-0.1734,333.4635,NA,NA,NA
Stalker2-Win64-Shipping.exe,13648,0x4E568280,DXGI,0,0,1,Hardware Composed: Independent Flip,436.5607,NA,51.58590000000000,52.55140000000000,0.27790000000000,43.21920000000000,44.5995,385.2350,51.6036,51.3257,0.2779,43.3525,51.1924,46.4025,4.7899,-0.7799,385.2350,NA,NA,NA
Stalker2-Win64-Shipping.exe,13648,0x4E568280,DXGI,0,0,1,Hardware Composed: Independent Flip,487.3472,NA,50.78650000000000,49.06920000000000,0.29340000000000,42.85150000000000,42.8822,436.8386,50.8020,50.5086,0.2934,42.9413,50.4188,46.0682,4.3506,2.5344,436.8386,NA,NA,NA
Stalker2-Win64-Shipping.exe,13648,0x4E568280,DXGI,0,0,1,Hardware Composed: Independent Flip,538.2719,NA,50.92470000000000,51.25220000000000,0.28190000000000,43.10260000000000,43.2097,487.6406,50.9132,50.6313,0.2819,42.5581,51.1758,46.2545,4.9213,-0.4502,487.6406,NA,NA,NA
Stalker2-Win64-Shipping.exe,13648,0x4E568280,DXGI,0,0,1,Hardware Composed: Independent Flip,589.8592,NA,51.58730000000000,51.86080000000000,0.28220000000000,43.06330000000001,43.4832,538.5538,51.5876,51.3054,0.2822,42.8207,51.5480,46.2433,5.3047,-0.9476,538.5538,NA,NA,NA
Stalker2-Win64-Shipping.exe,13648,0x4E568280,DXGI,0,0,1,Hardware Composed: Independent Flip,639.1439,NA,49.28470000000000,48.78050000000000,0.31930000000000,42.93750000000000,42.9790,590.1414,49.3218,49.0025,0.3193,42.7811,49.1589,45.9181,3.2408,2.8071,590.1414,NA,NA,NA
Stalker2-Win64-Shipping.exe,13648,0x4E568280,DXGI,0,0,1,Hardware Composed: Independent Flip,689.1645,NA,50.02060000000000,49.95160000000000,0.31080000000000,42.89340000000000,42.9100,639.4632,50.0121,49.7013,0.3108,42.6182,49.9765,45.9397,4.0368,-0.6298,639.4632,NA,NA,NA
Stalker2-Win64-Shipping.exe,13648,0x4E568280,DXGI,0,0,1,Hardware Composed: Independent Flip,738.8754,NA,49.71090000000000,50.86470000000000,0.29190000000000,43.25650000000000,44.0638,689.4753,49.6920,49.4001,0.2919,42.5826,50.0740,46.2512,3.8228,-0.8526,689.4753,NA,NA,NA
Stalker2-Win64-Shipping.exe,13648,0x4E568280,DXGI,0,0,1,Hardware Composed: Independent Flip,788.6923,NA,49.81690000000000,49.42700000000000,0.27650000000000,43.65700000000000,43.6739,739.1673,49.8015,49.5250,0.2765,42.9646,50.2174,46.7241,3.4933,0.2650,739.1673,NA,NA,NA
Stalker2-Win64-Shipping.exe,13648,0x4E568280,DXGI,0,0,1,Hardware Composed: Independent Flip,838.8131,NA,50.12080000000000,50.03120000000001,0.30630000000000,43.33280000000000,43.5843,788.9688,50.1506,49.8443,0.3063,43.3805,49.7966,46.3283,3.4683,-0.2297,788.9688,NA,NA,NA
Stalker2-Win64-Shipping.exe,13648,0x4E568280,DXGI,0,0,1,Hardware Composed: Independent Flip,888.3196,NA,49.50650000000000,49.15380000000000,0.26390000000000,43.20790000000000,43.2316,839.1194,49.4641,49.2002,0.2639,43.0265,49.3816,46.2684,3.1132,0.9968,839.1194,NA,NA,NA
Stalker2-Win64-Shipping.exe,13648,0x4E568280,DXGI,0,0,1,Hardware Composed: Independent Flip,937.9864,NA,49.66680000000000,49.46990000000000,0.28260000000000,42.99540000000000,43.0347,888.5835,49.6855,49.4029,0.2826,42.9440,49.4543,46.0721,3.3822,-0.0058,888.5835,NA,NA,NA
Stalker2-Win64-Shipping.exe,13648,0x4E568280,DXGI,0,0,1,Hardware Composed: Independent Flip,987.3319,NA,49.34550000000000,50.53080000000000,0.24550000000000,44.19950000000000,44.2200,938.2690,49.3084,49.0629,0.2455,42.7128,50.5496,47.2230,3.3266,-0.8453,938.2690,NA,NA,NA
Stalker2-Win64-Shipping.exe,13648,0x4E568280,DXGI,0,0,1,Hardware Composed: Independent Flip,1037.6138,NA,50.28190000000000,49.54990000000000,0.26730000000000,43.03730000000000,43.4880,987.5774,50.3037,50.0364,0.2673,43.9540,49.1197,46.0673,3.0524,-0.2415,987.5774,NA,NA,NA
Stalker2-Win64-Shipping.exe,13648,0x4E568280,DXGI,0,0,1,Hardware Composed: Independent Flip,1087.9871,NA,50.37330000000000,50.20170000000000,0.25290000000000,43.30200000000000,43.3164,1037.8811,50.3589,50.1060,0.2529,42.7700,50.6380,46.5309,4.1071,0.1020,1037.8811,NA,NA,NA
Stalker2-Win64-Shipping.exe,13648,0x4E568280,DXGI,0,0,1,Hardware Composed: Independent Flip,1137.5575,NA,49.57040000000000,50.18240000000000,0.27310000000000,43.06560000000000,43.9284,1088.2400,49.5906,49.3175,0.2731,43.0491,49.3340,46.1084,3.2256,0.1765,1088.2400,NA,NA,NA
Stalker2-Win64-Shipping.exe,13648,0x4E568280,DXGI,0,0,1,Hardware Composed: Independent Flip,1188.2974,NA,50.73990000000001,49.71700000000001,0.26410000000000,42.86280000000000,42.9055,1137.8306,50.7309,50.4668,0.2641,42.7925,50.5371,46.1475,4.3896,-0.1264,1137.8306,NA,NA,NA
Stalker2-Win64-Shipping.exe,13648,0x4E568280,DXGI,0,0,1,Hardware Composed: Independent Flip,1237.5819,NA,49.28450000000000,50.05880000000001,0.26300000000000,43.02180000000000,43.6798,1188.5615,49.2834,49.0204,0.2630,42.5987,49.4435,46.0116,3.4319,0.6721,1188.5615,NA,NA,NA
Stalker2-Win64-Shipping.exe,13648,0x4E568280,DXGI,0,0,1,Hardware Composed: Independent Flip,1288.0352,NA,50.45330000000001,50.15450000000001,0.29870000000000,43.35840000000000,43.3810,1237.8449,50.4890,50.1903,0.2987,42.7588,50.7899,46.5278,4.2621,-0.8711,1237.8449,NA,NA,NA
Stalker2-Win64-Shipping.exe,13648,0x4E568280,DXGI,0,0,1,Hardware Composed: Independent Flip,1337.7791,NA,49.74390000000000,50.44080000000000,0.27840000000000,43.38220000000000,44.0779,1288.3339,49.7236,49.4452,0.2784,43.0597,49.7677,46.4737,3.2940,0.0482,1288.3339,NA,NA,NA
Stalker2-Win64-Shipping.exe,13648,0x4E568280,DXGI,0,0,1,Hardware Composed: Independent Flip,1387.8621,NA,50.08300000000001,49.18410000000000,0.27580000000000,43.15570000000000,43.1790,1338.0575,50.0804,49.8046,0.2758,43.1038,49.8565,46.3455,3.5110,0.5395,1338.0575,NA,NA,NA
Stalker2-Win64-Shipping.exe,13648,0x4E568280,DXGI,0,0,1,Hardware Composed: Independent Flip,1438.0060,NA,50.14390000000000,50.32210000000000,0.28290000000000,43.05740000000000,43.3572,1388.1379,50.1510,49.8681,0.2829,42.8799,50.0456,46.0750,3.9706,-0.2417,1388.1379,NA,NA,NA
Stalker2-Win64-Shipping.exe,13648,0x4E568280,DXGI,0,0,1,Hardware Composed: Independent Flip,1487.4781,NA,49.47210000000000,49.84170000000000,0.29420000000000,43.68180000000000,43.7268,1438.2889,49.4834,49.1892,0.2942,42.7745,50.0965,46.7290,3.3675,0.3093,1438.2889,NA,NA,NA
Stalker2-Win64-Shipping.exe,13648,0x4E568280,DXGI,0,0,1,Hardware Composed: Independent Flip,1537.5659,NA,50.08780000000000,49.35570000000001,0.28940000000000,42.96680000000000,42.9947,1487.7723,50.0830,49.7936,0.2894,43.3876,49.3728,46.0105,3.3623,0.1277,1487.7723,NA,NA,NA
Stalker2-Win64-Shipping.exe,13648,0x4E568280,DXGI,0,0,1,Hardware Composed: Independent Flip,1588.4382,NA,50.87230000000000,51.93930000000000,0.27430000000000,44.04790000000001,44.0617,1537.8553,50.8572,50.5829,0.2743,42.6774,51.9534,47.3337,4.6197,-1.8563,1537.8553,NA,NA,NA
Stalker2-Win64-Shipping.exe,13648,0x4E568280,DXGI,0,0,1,Hardware Composed: Independent Flip,1637.1105,NA,48.67230000000000,49.38140000000000,0.27860000000000,43.43510000000001,44.7708,1588.7125,48.6766,48.3980,0.2786,43.7736,48.0595,46.5056,1.5539,1.4758,1588.7125,NA,NA,NA
Stalker2-Win64-Shipping.exe,13648,0x4E568280,DXGI,0,0,1,Hardware Composed: Independent Flip,1687.0359,NA,49.92540000000000,48.00690000000000,0.25580000000000,42.83100000000000,42.8523,1637.3891,49.9026,49.6468,0.2558,43.1565,49.3213,45.9272,3.3941,0.6697,1637.3891,NA,NA,NA
Stalker2-Win64-Shipping.exe,13648,0x4E568280,DXGI,0,0,1,Hardware Composed: Independent Flip,1737.3966,NA,50.36070000000000,51.70240000000000,0.28990000000000,43.32810000000000,44.1940,1687.2917,50.3948,50.1049,0.2899,42.5752,50.8578,46.4048,4.4530,-1.7998,1687.2917,NA,NA,NA
Stalker2-Win64-Shipping.exe,13648,0x4E568280,DXGI,0,0,1,Hardware Composed: Independent Flip,1787.4711,NA,50.07450000000000,49.10920000000000,0.24650000000000,43.02060000000000,43.2287,1737.6865,50.0311,49.7846,0.2465,43.0382,49.7670,46.0944,3.6726,1.2856,1737.6865,NA,NA,NA
Stalker2-Win64-Shipping.exe,13648,0x4E568280,DXGI,0,0,1,Hardware Composed: Independent Flip,1838.3662,NA,50.89510000000000,51.37130000000001,0.29090000000000,43.68920000000000,43.7049,1787.7176,50.9395,50.6486,0.2909,42.7741,51.5637,46.8253,4.7384,-1.3402,1787.7176,NA,NA,NA
Stalker2-Win64-Shipping.exe,13648,0x4E568280,DXGI,0,0,1,Hardware Composed: Independent Flip,1887.3703,NA,49.00410000000000,49.76210000000000,0.27730000000000,43.16010000000000,44.4629,1838.6571,48.9905,48.7132,0.2773,43.3983,48.4750,46.2606,2.2144,1.1774,1838.6571,NA,NA,NA
Stalker2-Win64-Shipping.exe,13648,0x4E568280,DXGI,0,0,1,Hardware Composed: Independent Flip,1937.9165,NA,50.54620000000000,49.21880000000000,0.27700000000000,43.11320000000000,43.1355,1887.6476,50.5459,50.2689,0.2770,42.8828,50.4993,46.2525,4.2468,-0.2283,1887.6476,NA,NA,NA
Stalker2-Win64-Shipping.exe,13648,0x4E568280,DXGI,0,0,1,Hardware Composed: Independent Flip,1987.4954,NA,49.57890000000000,50.45180000000001,0.28370000000000,42.71380000000000,44.0084,1938.1935,49.5856,49.3019,0.2837,42.8362,49.1795,45.7040,3.4755,0.0941,1938.1935,NA,NA,NA
Stalker2-Win64-Shipping.exe,13648,0x4E568280,DXGI,0,0,1,Hardware Composed: Independent Flip,2037.7840,NA,50.28860000000000,49.42490000000000,0.30140000000000,43.12940000000000,43.1447,1987.7791,50.3063,50.0049,0.3014,42.4301,50.7042,46.4960,4.2082,0.1607,1987.7791,NA,NA,NA
Stalker2-Win64-Shipping.exe,13648,0x4E568280,DXGI,0,0,1,Hardware Composed: Independent Flip,2087.4511,NA,49.66710000000000,50.87200000000000,0.28320000000000,43.51810000000000,44.3496,2038.0854,49.6489,49.3657,0.2832,42.8280,50.0558,46.6441,3.4117,-0.5657,2038.0854,NA,NA,NA
Stalker2-Win64-Shipping.exe,13648,0x4E568280,DXGI,0,0,1,Hardware Composed: Independent Flip,2137.5416,NA,50.09050000000001,48.57640000000000,0.28300000000000,42.81060000000000,42.8355,2087.7343,50.0903,49.8073,0.2830,43.2349,49.3830,45.9348,3.4482,1.0725,2087.7343,NA,NA,NA
Stalker2-Win64-Shipping.exe,13648,0x4E568280,DXGI,0,0,1,Hardware Composed: Independent Flip,2187.2690,NA,49.72740000000000,51.26550000000000,0.26440000000000,44.35740000000001,44.3736,2137.8246,49.7088,49.4444,0.2644,42.5276,51.2742,47.3460,3.9282,-1.1752,2137.8246,NA,NA,NA
Stalker2-Win64-Shipping.exe,13648,0x4E568280,DXGI,0,0,1,Hardware Composed: Independent Flip,2237.5527,NA,50.28370000000000,50.23480000000000,0.27670000000000,43.26970000000000,44.3247,2187.5334,50.2960,50.0193,0.2767,44.0930,49.1960,46.2838,2.9122,-0.5260,2187.5334,NA,NA,NA
Stalker2-Win64-Shipping.exe,13648,0x4E568280,DXGI,0,0,1,Hardware Composed: Independent Flip,2286.4298,NA,48.87710000000001,47.53730000000000,0.29950000000000,42.95640000000000,42.9849,2237.8294,48.8999,48.6004,0.2995,42.9930,48.5638,46.1207,2.4431,2.7587,2237.8294,NA,NA,NA
Stalker2-Win64-Shipping.exe,13648,0x4E568280,DXGI,0,0,1,Hardware Composed: Independent Flip,2337.0473,NA,50.61750000000000,50.52730000000000,0.33810000000000,42.87190000000000,42.8947,2286.7293,50.6561,50.3180,0.3381,42.6569,50.5330,46.0274,4.5056,-1.6274,2286.7293,NA,NA,NA
Stalker2-Win64-Shipping.exe,13648,0x4E568280,DXGI,0,0,1,Hardware Composed: Independent Flip,2386.1953,NA,49.14800000000000,50.41490000000000,0.28540000000000,43.45740000000000,44.1616,2337.3854,49.0953,48.8099,0.2854,42.5338,49.7335,46.4288,3.3047,0.2412,2337.3854,NA,NA,NA
Stalker2-Win64-Shipping.exe,13648,0x4E568280,DXGI,0,0,1,Hardware Composed: Independent Flip,2437.0500,NA,50.85470000000000,49.14780000000000,0.24420000000000,42.42230000000000,42.4547,2386.4807,50.8135,50.5693,0.2442,43.1720,49.8196,45.6745,4.1451,-0.0525,2386.4807,NA,NA,NA
Stalker2-Win64-Shipping.exe,13648,0x4E568280,DXGI,0,0,1,Hardware Composed: Independent Flip,2487.4389,NA,50.38890000000000,51.50370000000000,0.28280000000000,43.42660000000000,43.5695,2437.2942,50.4275,50.1447,0.2828,42.1781,51.3932,47.1877,4.2055,-0.6902,2437.2942,NA,NA,NA
Stalker2-Win64-Shipping.exe,13648,0x4E568280,DXGI,0,0,1,Hardware Composed: Independent Flip,2538.0224,NA,50.58350000000000,52.43560000000000,0.26180000000000,44.62970000000000,45.4216,2487.7217,50.5625,50.3007,0.2618,43.1438,51.7866,47.8756,3.9110,-2.0081,2487.7217,NA,NA,NA
Stalker2-Win64-Shipping.exe,13648,0x4E568280,DXGI,0,0,1,Hardware Composed: Independent Flip,2587.4867,NA,49.46430000000000,47.38530000000000,0.36880000000000,43.06060000000000,43.3426,2538.2842,49.5713,49.2025,0.3688,44.3679,47.8952,46.1205,1.7747,3.1772,2538.2842,NA,NA,NA
Stalker2-Win64-Shipping.exe,13648,0x4E568280,DXGI,0,0,1,Hardware Composed: Independent Flip,2637.5615,NA,50.07480000000000,49.91610000000000,0.25240000000000,43.16940000000000,43.1839,2587.8555,49.9584,49.7060,0.2524,42.6918,50.1836,46.2494,3.9342,-0.3448,2587.8555,NA,NA,NA
Stalker2-Win64-Shipping.exe,13648,0x4E568280,DXGI,0,0,1,Hardware Composed: Independent Flip,2686.7042,NA,49.14270000000000,51.19420000000000,0.27140000000000,43.25710000000000,45.2354,2637.8139,49.1617,48.8903,0.2714,42.9170,49.2304,46.3037,2.9267,-1.2358,2637.8139,NA,NA,NA
Stalker2-Win64-Shipping.exe,13648,0x4E568280,DXGI,0,0,1,Hardware Composed: Independent Flip,2736.8376,NA,50.13340000000000,48.47490000000001,0.27070000000000,43.56400000000000,43.5769,2686.9756,50.1327,49.8620,0.2707,42.9857,50.4403,46.6668,3.7735,0.6868,2686.9756,NA,NA,NA
Stalker2-Win64-Shipping.exe,13648,0x4E568280,DXGI,0,0,1,Hardware Composed: Independent Flip,2786.5795,NA,49.74190000000000,51.17690000000000,0.29120000000000,44.31490000000000,45.0119,2737.1083,49.7624,49.4712,0.2912,43.2933,50.4928,47.3312,3.1616,-1.0442,2737.1083,NA,NA,NA
Stalker2-Win64-Shipping.exe,13648,0x4E568280,DXGI,0,0,1,Hardware Composed: Independent Flip,2837.4126,NA,50.83310000000000,48.87730000000001,0.25360000000000,43.03400000000000,43.0561,2786.8707,50.7955,50.5419,0.2536,44.0237,49.5522,46.2649,3.2873,0.8851,2786.8707,NA,NA,NA
Stalker2-Win64-Shipping.exe,13648,0x4E568280,DXGI,0,0,1,Hardware Composed: Independent Flip,2886.9628,NA,49.55020000000000,49.95660000000000,0.27450000000000,43.42450000000000,43.4625,2837.6662,49.5711,49.2966,0.2745,42.7804,49.9407,46.4490,3.4917,0.8389,2837.6662,NA,NA,NA
Stalker2-Win64-Shipping.exe,13648,0x4E568280,DXGI,0,0,1,Hardware Composed: Independent Flip,2937.9438,NA,50.98100000000000,51.20160000000000,0.26980000000000,43.12890000000000,43.6831,2887.2373,50.9763,50.7065,0.2698,43.1500,50.6854,46.1825,4.5029,-1.6305,2887.2373,NA,NA,NA
Stalker2-Win64-Shipping.exe,13648,0x4E568280,DXGI,0,0,1,Hardware Composed: Independent Flip,2987.6863,NA,49.74250000000000,49.22540000000000,0.30370000000000,43.07520000000000,43.1660,2938.2136,49.7764,49.4727,0.3037,42.8591,49.6888,46.2767,3.4121,1.7509,2938.2136,NA,NA,NA
Stalker2-Win64-Shipping.exe,13648,0x4E568280,DXGI,0,0,1,Hardware Composed: Independent Flip,3039.2881,NA,51.60180000000000,51.18100000000000,0.29080000000000,42.72440000000000,42.7452,2987.9900,51.5889,51.2981,0.2908,42.7715,51.2510,46.0167,5.2343,-1.4046,2987.9900,NA,NA,NA
Stalker2-Win64-Shipping.exe,13648,0x4E568280,DXGI,0,0,1,Hardware Composed: Independent Flip,3087.8963,NA,48.60820000000000,50.39050000000000,0.27750000000000,43.39820000000000,44.5275,3039.5789,48.5949,48.3174,0.2775,42.4336,49.2820,46.3517,2.9303,1.1984,3039.5789,NA,NA,NA
Stalker2-Win64-Shipping.exe,13648,0x4E568280,DXGI,0,0,1,Hardware Composed: Independent Flip,3138.6425,NA,50.74620000000000,49.36890000000000,0.26550000000000,43.13130000000000,43.1502,3088.1738,50.7342,50.4687,0.2655,43.1207,50.4793,46.7682,3.7111,-0.7740,3088.1738,NA,NA,NA
Stalker2-Win64-Shipping.exe,13648,0x4E568280,DXGI,0,0,1,Hardware Composed: Independent Flip,3188.9402,NA,50.29770000000000,50.59540000000001,0.28140000000000,42.74170000000000,43.4479,3138.9080,50.3136,50.0322,0.2814,42.8658,49.9081,45.7381,4.1700,0.1388,3138.9080,NA,NA,NA
Stalker2-Win64-Shipping.exe,13648,0x4E568280,DXGI,0,0,1,Hardware Composed: Independent Flip,3239.1292,NA,50.18900000000000,49.97270000000000,0.29330000000000,43.21040000000000,43.2316,3189.2216,50.2009,49.9076,0.2933,42.4603,50.6577,46.3255,4.3322,0.3409,3189.2216,NA,NA,NA
Stalker2-Win64-Shipping.exe,13648,0x4E568280,DXGI,0,0,1,Hardware Composed: Independent Flip,3288.6881,NA,49.55890000000000,49.81550000000000,0.26000000000000,43.05970000000000,43.4882,3239.4225,49.5256,49.2656,0.2600,42.9171,49.4082,46.0966,3.3116,0.3854,3239.4225,NA,NA,NA
Stalker2-Win64-Shipping.exe,13648,0x4E568280,DXGI,0,0,1,Hardware Composed: Independent Flip,3338.6833,NA,49.99520000000000,49.68580000000000,0.29600000000000,43.15720000000000,43.1788,3288.9481,50.0312,49.7352,0.2960,42.7997,50.0927,46.2021,3.8906,-0.1602,3288.9481,NA,NA,NA
Stalker2-Win64-Shipping.exe,13648,0x4E568280,DXGI,0,0,1,Hardware Composed: Independent Flip,3388.4011,NA,49.71780000000000,51.86940000000001,0.26640000000000,44.83680000000000,45.3304,3338.9793,49.6882,49.4218,0.2664,42.8612,51.3974,47.8757,3.5217,-1.8382,3338.9793,NA,NA,NA
Stalker2-Win64-Shipping.exe,13648,0x4E568280,DXGI,0,0,1,Hardware Composed: Independent Flip,3438.7322,NA,50.33110000000000,48.83370000000000,0.27930000000000,43.34760000000000,43.8330,3388.6675,50.3440,50.0647,0.2793,44.5704,48.8419,46.4405,2.4014,0.8545,3388.6675,NA,NA,NA
Stalker2-Win64-Shipping.exe,13648,0x4E568280,DXGI,0,0,1,Hardware Composed: Independent Flip,3487.9749,NA,49.24270000000000,48.50270000000000,0.29210000000000,43.01270000000000,43.0930,3439.0115,49.2555,48.9634,0.2921,43.0683,48.9078,46.0370,2.8708,1.8413,3439.0115,NA,NA,NA
Stalker2-Win64-Shipping.exe,13648,0x4E568280,DXGI,0,0,1,Hardware Composed: Independent Flip,3537.8684,NA,49.89350000000000,50.05140000000000,0.28280000000000,42.83040000000000,43.2509,3488.2670,49.8842,49.6014,0.2828,42.7206,49.7112,45.8549,3.8563,-0.7959,3488.2670,NA,NA,NA
Stalker2-Win64-Shipping.exe,13648,0x4E568280,DXGI,0,0,1,Hardware Composed: Independent Flip,3587.9692,NA,50.10080000000000,49.68760000000000,0.29930000000000,42.82050000000000,42.8377,3538.1512,50.1173,49.8180,0.2993,42.5476,50.0909,45.9674,4.1235,0.1966,3538.1512,NA,NA,NA
Stalker2-Win64-Shipping.exe,13648,0x4E568280,DXGI,0,0,1,Hardware Composed: Independent Flip,3638.0303,NA,50.06110000000000,50.23700000000000,0.27180000000000,42.78560000000000,43.0136,3588.2685,50.0336,49.7618,0.2718,42.5212,50.0262,46.0857,3.9405,-0.1197,3588.2685,NA,NA,NA
Stalker2-Win64-Shipping.exe,13648,0x4E568280,DXGI,0,0,1,Hardware Composed: Independent Flip,3688.2099,NA,50.17960000000000,51.23660000000000,0.29770000000000,44.04850000000000,44.0706,3638.3021,50.2055,49.9078,0.2977,42.5138,51.4425,47.2032,4.2393,-1.2030,3638.3021,NA,NA,NA
Stalker2-Win64-Shipping.exe,13648,0x4E568280,DXGI,0,0,1,Hardware Composed: Independent Flip,3738.4703,NA,50.26040000000000,50.11840000000000,0.28460000000000,43.26030000000000,43.9286,3688.5076,50.2473,49.9627,0.2846,43.7508,49.4722,46.2807,3.1915,0.0871,3688.5076,NA,NA,NA
Stalker2-Win64-Shipping.exe,13648,0x4E568280,DXGI,0,0,1,Hardware Composed: Independent Flip,3788.3228,NA,49.85250000000000,49.00460000000000,0.28360000000000,43.06380000000000,43.0807,3738.7549,49.8515,49.5679,0.2836,42.9757,49.6560,46.1624,3.4936,1.2427,3738.7549,NA,NA,NA
Stalker2-Win64-Shipping.exe,13648,0x4E568280,DXGI,0,0,1,Hardware Composed: Independent Flip,3838.0472,NA,49.72440000000000,50.01530000000000,0.28280000000000,43.15570000000000,43.3716,3788.6064,49.7236,49.4408,0.2828,42.7802,49.8163,46.2236,3.5927,-0.1638,3788.6064,NA,NA,NA
Stalker2-Win64-Shipping.exe,13648,0x4E568280,DXGI,0,0,1,Hardware Composed: Independent Flip,3887.7593,NA,49.71210000000000,49.75820000000000,0.28890000000000,43.39920000000000,43.4177,3838.3300,49.7182,49.4293,0.2889,42.8729,49.9556,46.5804,3.3752,-0.0346,3838.3300,NA,NA,NA
Stalker2-Win64-Shipping.exe,13648,0x4E568280,DXGI,0,0,1,Hardware Composed: Independent Flip,3937.7391,NA,49.97980000000000,50.22620000000001,0.28240000000000,43.35360000000000,43.6641,3888.0482,49.9733,49.6909,0.2824,43.1103,49.9342,46.4592,3.4750,-0.5080,3888.0482,NA,NA,NA
Stalker2-Win64-Shipping.exe,13648,0x4E568280,DXGI,0,0,1,Hardware Composed: Independent Flip,3987.9944,NA,50.25530000000001,50.77860000000000,0.29240000000000,44.17200000000000,44.1874,3938.0215,50.2653,49.9729,0.2924,43.0712,51.0737,47.2746,3.7991,-0.8053,3938.0215,NA,NA,NA
Stalker2-Win64-Shipping.exe,13648,0x4E568280,DXGI,0,0,1,Hardware Composed: Independent Flip,4038.0869,NA,50.09250000000000,49.97530000000000,0.26560000000000,43.47770000000000,44.0702,3988.2868,50.0657,49.8001,0.2656,43.8796,49.3982,46.5639,2.8343,0.2900,3988.2868,NA,NA,NA
Stalker2-Win64-Shipping.exe,13648,0x4E568280,DXGI,0,0,1,Hardware Composed: Independent Flip,4087.3682,NA,49.28130000000000,47.86090000000000,0.27050000000000,42.62170000000000,42.6498,4038.3525,49.2862,49.0157,0.2705,43.2121,48.4253,45.8888,2.5365,2.2048,4038.3525,NA,NA,NA
Stalker2-Win64-Shipping.exe,13648,0x4E568280,DXGI,0,0,1,Hardware Composed: Independent Flip,4137.5758,NA,50.20760000000000,51.11930000000000,0.28520000000000,43.54270000000000,43.5615,4087.6387,50.2223,49.9371,0.2852,42.3512,51.1286,46.6220,4.5066,-1.8331,4087.6387,NA,NA,NA
Stalker2-Win64-Shipping.exe,13648,0x4E568280,DXGI,0,0,1,Hardware Composed: Independent Flip,4187.3036,NA,49.72780000000000,50.55620000000000,0.29880000000000,43.27930000000000,44.3899,4137.8610,49.7414,49.4426,0.2988,43.2575,49.4644,46.4309,3.0335,-0.3339,4137.8610,NA,NA,NA
Stalker2-Win64-Shipping.exe,13648,0x4E568280,DXGI,0,0,1,Hardware Composed: Independent Flip,4238.6223,NA,51.31870000000000,50.19000000000000,0.30780000000000,43.24640000000000,43.2612,4187.6024,51.3277,51.0199,0.3078,42.9805,51.2858,46.4655,4.8203,-0.4486,4187.6024,NA,NA,NA
Stalker2-Win64-Shipping.exe,13648,0x4E568280,DXGI,0,0,1,Hardware Composed: Independent Flip,4288.2606,NA,49.63830000000000,50.41100000000000,0.28230000000000,43.10440000000001,44.0339,4238.9301,49.6128,49.3305,0.2823,42.9386,49.4963,46.2109,3.2854,0.9167,4238.9301,NA,NA,NA
Stalker2-Win64-Shipping.exe,13648,0x4E568280,DXGI,0,0,1,Hardware Composed: Independent Flip,4339.6262,NA,51.36560000000000,50.06700000000000,0.28150000000000,42.66880000000000,42.7353,4288.5429,51.3648,51.0833,0.2815,42.8221,50.9300,46.0859,4.8441,-0.4542,4288.5429,NA,NA,NA
Stalker2-Win64-Shipping.exe,13648,0x4E568280,DXGI,0,0,1,Hardware Composed: Independent Flip,4388.9813,NA,49.35510000000000,50.71140000000000,0.29810000000000,43.28460000000000,44.0916,4339.9077,49.3717,49.0736,0.2981,42.3873,49.9709,46.3095,3.6614,0.6534,4339.9077,NA,NA,NA
Stalker2-Win64-Shipping.exe,13648,0x4E568280,DXGI,0,0,1,Hardware Composed: Independent Flip,4439.5493,NA,50.56800000000000,49.71770000000000,0.26170000000000,43.22600000000000,43.2413,4389.2794,50.5316,50.2699,0.2617,42.9865,50.5094,46.6509,3.8585,-0.3460,4389.2794,NA,NA,NA
Stalker2-Win64-Shipping.exe,13648,0x4E568280,DXGI,0,0,1,Hardware Composed: Independent Flip,4489.7526,NA,50.20330000000001,50.84190000000000,0.29610000000000,43.54130000000000,43.8799,4439.8110,50.2377,49.9416,0.2961,42.9643,50.5186,46.5481,3.9705,-0.3103,4439.8110,NA,NA,NA
Stalker2-Win64-Shipping.exe,13648,0x4E568280,DXGI,0,0,1,Hardware Composed: Independent Flip,4539.9083,NA,50.15570000000000,49.54030000000000,0.29310000000000,43.23660000000000,43.2645,4490.0487,50.1527,49.8596,0.2931,43.2452,49.8510,46.4329,3.4181,0.6974,4490.0487,NA,NA,NA
Stalker2-Win64-Shipping.exe,13648,0x4E568280,DXGI,0,0,1,Hardware Composed: Independent Flip,4591.0211,NA,51.11280000000000,53.75870000000000,0.27620000000000,45.89670000000000,45.9104,4540.2014,51.0959,50.8197,0.2762,42.9435,53.7729,49.0281,4.7448,-3.6060,4540.2014,NA,NA,NA
Stalker2-Win64-Shipping.exe,13648,0x4E568280,DXGI,0,0,1,Hardware Composed: Independent Flip,4640.1681,NA,49.14700000000001,48.46370000000000,0.25380000000000,43.07470000000000,45.2271,4591.2973,49.1246,48.8708,0.2538,45.6205,46.3250,46.2540,0.0710,2.6322,4591.2973,NA,NA,NA
Stalker2-Win64-Shipping.exe,13648,0x4E568280,DXGI,0,0,1,Hardware Composed: Independent Flip,4689.4921,NA,49.32400000000001,47.27860000000000,0.32720000000000,43.15350000000000,43.1817,4640.4219,49.3974,49.0702,0.3272,42.8209,49.4028,46.1551,3.2477,1.8460,4640.4219,NA,NA,NA
Stalker2-Win64-Shipping.exe,13648,0x4E568280,DXGI,0,0,1,Hardware Composed: Independent Flip,4740.4064,NA,50.91430000000000,53.06740000000000,0.33290000000000,43.30520000000000,45.3348,4689.8193,50.9200,50.5871,0.3329,42.8263,51.0660,46.3395,4.7265,-3.6700,4689.8193,NA,NA,NA
Stalker2-Win64-Shipping.exe,13648,0x4E568280,DXGI,0,0,1,Hardware Composed: Independent Flip,4791.5651,NA,51.15870000000000,48.77690000000000,0.29530000000000,42.93760000000000,42.9530,4740.7393,51.1211,50.8258,0.2953,42.9723,50.7911,46.1571,4.6340,2.1431,4740.7393,NA,NA,NA
Stalker2-Win64-Shipping.exe,13648,0x4E568280,DXGI,0,0,1,Hardware Composed: Independent Flip,4841.7891,NA,50.22400000000000,50.20360000000000,0.33300000000000,42.91610000000000,42.9326,4791.8604,50.2617,49.9287,0.3330,42.6423,50.2025,45.9806,4.2219,0.9175,4791.8604,NA,NA,NA
Stalker2-Win64-Shipping.exe,13648,0x4E568280,DXGI,0,0,1,Hardware Composed: Independent Flip,4891.8674,NA,50.07830000000001,50.37940000000000,0.22980000000000,42.94920000000000,43.2337,4842.1221,49.9751,49.7453,0.2298,42.5831,50.1114,46.0609,4.0505,-0.1177,4842.1221,NA,NA,NA
Stalker2-Win64-Shipping.exe,13648,0x4E568280,DXGI,0,0,1,Hardware Composed: Independent Flip,4942.2384,NA,50.37100000000000,50.62220000000000,0.30410000000000,43.47120000000000,43.4849,4892.0972,50.4453,50.1412,0.3041,42.7194,50.8930,46.5955,4.2975,-0.6471,4892.0972,NA,NA,NA
Stalker2-Win64-Shipping.exe,13648,0x4E568280,DXGI,0,0,1,Hardware Composed: Independent Flip,4992.3994,NA,50.16100000000000,49.65230000000000,0.25740000000000,42.60040000000000,42.9762,4942.5425,50.1143,49.8569,0.2574,43.1671,49.2902,45.9112,3.3790,0.7930,4942.5425,NA,NA,NA
Stalker2-Win64-Shipping.exe,13648,0x4E568280,DXGI,0,0,1,Hardware Composed: Independent Flip,5041.8091,NA,49.40970000000000,49.42100000000000,0.32620000000000,42.96670000000000,42.9875,4992.6568,49.4785,49.1523,0.3262,42.3430,49.7760,46.1430,3.6330,0.6933,4992.6568,NA,NA,NA
Stalker2-Win64-Shipping.exe,13648,0x4E568280,DXGI,0,0,1,Hardware Composed: Independent Flip,5091.8178,NA,50.00870000000000,50.56340000000000,0.32790000000000,43.11110000000000,43.5422,5042.1353,50.0104,49.6825,0.3279,42.6405,50.1531,46.2483,3.9048,-1.0849,5042.1353,NA,NA,NA
Stalker2-Win64-Shipping.exe,13648,0x4E568280,DXGI,0,0,1,Hardware Composed: Independent Flip,5141.5782,NA,49.76040000000000,49.38240000000000,0.27430000000000,43.14940000000000,43.1642,5092.1457,49.7068,49.4325,0.2743,42.7832,49.7987,46.3744,3.4243,0.6280,5092.1457,NA,NA,NA
Stalker2-Win64-Shipping.exe,13648,0x4E568280,DXGI,0,0,1,Hardware Composed: Independent Flip,5191.4209,NA,49.84270000000000,51.52720000000000,0.27010000000000,44.83400000000000,44.8487,5141.8525,49.8385,49.5684,0.2701,42.8751,51.5273,47.8396,3.6877,-1.8204,5141.8525,NA,NA,NA
Stalker2-Win64-Shipping.exe,13648,0x4E568280,DXGI,0,0,1,Hardware Composed: Independent Flip,5241.2370,NA,49.81610000000001,49.30830000000000,0.29360000000000,43.30860000000001,44.3409,5191.6910,49.8396,49.5460,0.2936,44.5639,48.2907,46.3492,1.9415,0.5302,5191.6910,NA,NA,NA
Stalker2-Win64-Shipping.exe,13648,0x4E568280,DXGI,0,0,1,Hardware Composed: Independent Flip,5291.2273,NA,49.99030000000000,48.52720000000000,0.31210000000000,42.85070000000000,42.8778,5241.5306,50.0088,49.6967,0.3121,43.0150,49.5324,45.9875,3.5449,1.3124,5241.5306,NA,NA,NA
Stalker2-Win64-Shipping.exe,13648,0x4E568280,DXGI,0,0,1,Hardware Composed: Independent Flip,5339.9483,NA,48.72100000000000,49.68100000000000,0.32300000000000,42.98510000000000,43.8378,5291.5394,48.7319,48.4089,0.3230,42.5386,48.8554,46.0006,2.8548,0.3278,5291.5394,NA,NA,NA
Stalker2-Win64-Shipping.exe,13648,0x4E568280,DXGI,0,0,1,Hardware Composed: Independent Flip,5390.6498,NA,50.70150000000000,50.40290000000000,0.31810000000000,43.49390000000000,43.5392,5340.2713,50.6966,50.3785,0.3181,42.6621,51.2103,46.6969,4.5134,-1.6710,5340.2713,NA,NA,NA
Stalker2-Win64-Shipping.exe,13648,0x4E568280,DXGI,0,0,1,Hardware Composed: Independent Flip,5441.6643,NA,51.01450000000001,51.68220000000000,0.29820000000000,42.91040000000000,44.2069,5390.9679,50.9946,50.6964,0.2982,43.1758,50.4310,46.0288,4.4022,-0.9856,5390.9679,NA,NA,NA
Stalker2-Win64-Shipping.exe,13648,0x4E568280,DXGI,0,0,1,Hardware Composed: Independent Flip,5492.4082,NA,50.74390000000000,50.14770000000000,0.26200000000000,43.59540000000001,43.6107,5441.9625,50.7077,50.4457,0.2620,42.6122,51.4289,46.8799,4.5490,0.8469,5441.9625,NA,NA,NA
Stalker2-Win64-Shipping.exe,13648,0x4E568280,DXGI,0,0,1,Hardware Composed: Independent Flip,5542.3728,NA,49.96460000000000,49.73960000000000,0.38400000000000,42.91370000000000,43.3857,5492.6702,50.0866,49.7026,0.3840,43.3334,49.2829,46.0559,3.2270,0.9681,5492.6702,NA,NA,NA
Stalker2-Win64-Shipping.exe,13648,0x4E568280,DXGI,0,0,1,Hardware Composed: Independent Flip,5593.5816,NA,51.20880000000000,50.54530000000000,0.27340000000000,42.68610000000000,42.7222,5542.7568,51.0982,50.8248,0.2734,42.5297,50.9812,45.9313,5.0499,-0.4587,5542.7568,NA,NA,NA
Stalker2-Win64-Shipping.exe,13648,0x4E568280,DXGI,0,0,1,Hardware Composed: Independent Flip,5643.7733,NA,50.19170000000000,51.08760000000000,0.30570000000000,42.63090000000000,43.6181,5593.8550,50.2240,49.9183,0.3057,42.4127,50.1365,46.4116,3.7249,0.0106,5593.8550,NA,NA,NA
Stalker2-Win64-Shipping.exe,13648,0x4E568280,DXGI,0,0,1,Hardware Composed: Independent Flip,5694.4427,NA,50.66940000000000,50.43870000000000,0.30590000000000,43.37270000000000,43.3874,5644.0790,50.6696,50.3637,0.3059,42.3252,51.4112,46.5568,4.8544,-0.2147,5644.0790,NA,NA,NA
Stalker2-Win64-Shipping.exe,13648,0x4E568280,DXGI,0,0,1,Hardware Composed: Independent Flip,5745.1111,NA,50.66840000000001,50.37320000000000,0.28390000000000,42.43690000000000,43.0922,5694.7486,50.6464,50.3625,0.2839,43.0668,49.7326,45.7081,4.0245,0.2964,5694.7486,NA,NA,NA
Stalker2-Win64-Shipping.exe,13648,0x4E568280,DXGI,0,0,1,Hardware Composed: Independent Flip,5795.1103,NA,49.99920000000000,51.52610000000000,0.26310000000000,44.60390000000000,44.6191,5745.3950,49.9784,49.7153,0.2631,42.1530,52.1662,47.8018,4.3644,-0.8797,5745.3950,NA,NA,NA
Stalker2-Win64-Shipping.exe,13648,0x4E568280,DXGI,0,0,1,Hardware Composed: Independent Flip,5845.0884,NA,49.97810000000000,49.85290000000001,0.31220000000000,43.18900000000000,44.4939,5795.3734,50.0272,49.7150,0.3122,44.3408,48.5632,46.3066,2.2566,0.1255,5795.3734,NA,NA,NA
Stalker2-Win64-Shipping.exe,13648,0x4E568280,DXGI,0,0,1,Hardware Composed: Independent Flip,5894.8098,NA,49.72140000000000,48.07550000000001,0.30830000000000,42.81780000000001,42.8480,5845.4006,49.7175,49.4092,0.3083,42.8768,49.3502,45.9397,3.4105,1.9517,5845.4006,NA,NA,NA
Stalker2-Win64-Shipping.exe,13648,0x4E568280,DXGI,0,0,1,Hardware Composed: Independent Flip,5944.8387,NA,50.02890000000000,50.67440000000001,0.29830000000000,42.87900000000000,43.4935,5895.1181,50.0189,49.7206,0.2983,42.5095,50.0901,45.9543,4.1358,-0.9569,5895.1181,NA,NA,NA
Stalker2-Win64-Shipping.exe,13648,0x4E568280,DXGI,0,0,1,Hardware Composed: Independent Flip,5994.8166,NA,49.97790000000001,49.93260000000000,0.28360000000000,43.43150000000000,43.4482,5945.1370,49.9632,49.6796,0.2836,42.5807,50.5304,46.5228,4.0076,0.0863,5945.1370,NA,NA,NA
Stalker2-Win64-Shipping.exe,13648,0x4E568280,DXGI,0,0,1,Hardware Composed: Independent Flip,6045.1640,NA,50.34740000000000,50.22070000000000,0.28660000000000,43.10780000000000,43.3215,5995.1002,50.3504,50.0638,0.2866,43.1479,50.0237,46.1174,3.9063,-0.2575,5995.1002,NA,NA,NA
Stalker2-Win64-Shipping.exe,13648,0x4E568280,DXGI,0,0,1,Hardware Composed: Independent Flip,6095.3596,NA,50.19560000000000,50.06850000000000,0.26770000000000,43.16500000000000,43.1944,6045.4506,50.1767,49.9090,0.2677,42.8212,50.2528,46.2572,3.9956,0.2819,6045.4506,NA,NA,NA
Stalker2-Win64-Shipping.exe,13648,0x4E568280,DXGI,0,0,1,Hardware Composed: Independent Flip,6145.8978,NA,50.53820000000000,50.32780000000000,0.26830000000000,42.84650000000000,42.9840,6095.6273,50.5388,50.2705,0.2683,42.8973,50.2197,46.1215,4.0982,-0.1511,6095.6273,NA,NA,NA
Stalker2-Win64-Shipping.exe,13648,0x4E568280,DXGI,0,0,1,Hardware Composed: Independent Flip,6196.6704,NA,50.77260000000000,51.03690000000000,0.27850000000000,43.23380000000000,43.2483,6146.1661,50.7828,50.5043,0.2785,42.5782,51.1599,46.3944,4.7655,-0.4981,6146.1661,NA,NA,NA
Stalker2-Win64-Shipping.exe,13648,0x4E568280,DXGI,0,0,1,Hardware Composed: Independent Flip,6245.8149,NA,49.14450000000000,48.66020000000000,0.27270000000000,42.29760000000000,42.7640,6196.9489,49.1387,48.8660,0.2727,42.9553,48.2083,45.4883,2.7200,2.1226,6196.9489,NA,NA,NA
Stalker2-Win64-Shipping.exe,13648,0x4E568280,DXGI,0,0,1,Hardware Composed: Independent Flip,6295.9667,NA,50.15180000000000,50.56350000000000,0.29420000000000,43.15920000000001,43.1757,6246.0876,50.1733,49.8791,0.2942,42.0249,51.0134,46.9715,4.0419,-1.4248,6246.0876,NA,NA,NA
Stalker2-Win64-Shipping.exe,13648,0x4E568280,DXGI,0,0,1,Hardware Composed: Independent Flip,6347.0879,NA,51.12120000000000,52.27660000000000,0.28060000000000,42.71700000000000,44.3311,6296.2609,51.1076,50.8270,0.2806,42.8650,50.6790,46.1395,4.5395,-2.1033,6296.2609,NA,NA,NA
Stalker2-Win64-Shipping.exe,13648,0x4E568280,DXGI,0,0,1,Hardware Composed: Independent Flip,6396.1207,NA,49.03280000000000,48.65900000000000,0.25640000000000,43.94200000000000,43.9573,6347.3685,49.0086,48.7522,0.2564,42.4364,50.2578,47.0634,3.1944,2.4486,6347.3685,NA,NA,NA
Stalker2-Win64-Shipping.exe,13648,0x4E568280,DXGI,0,0,1,Hardware Composed: Independent Flip,6446.2012,NA,50.08050000000000,49.11320000000000,0.31560000000000,42.96970000000000,42.9900,6396.3771,50.1397,49.8241,0.3156,43.6856,49.1082,46.1174,2.9908,-0.1046,6396.3771,NA,NA,NA
Stalker2-Win64-Shipping.exe,13648,0x4E568280,DXGI,0,0,1,Hardware Composed: Independent Flip,6495.8152,NA,49.61400000000000,49.65170000000001,0.31000000000000,42.98540000000001,43.0277,6446.5168,49.6084,49.2984,0.3100,42.6541,49.6297,46.0446,3.5851,0.4880,6446.5168,NA,NA,NA
Stalker2-Win64-Shipping.exe,13648,0x4E568280,DXGI,0,0,1,Hardware Composed: Independent Flip,6545.4828,NA,49.66760000000000,49.74770000000000,0.30410000000000,42.97210000000000,43.1078,6496.1252,49.6617,49.3576,0.3041,42.6754,49.6543,46.1919,3.4624,-0.1393,6496.1252,NA,NA,NA
Stalker2-Win64-Shipping.exe,13648,0x4E568280,DXGI,0,0,1,Hardware Composed: Independent Flip,6595.7938,NA,50.31100000000000,50.55240000000001,0.27280000000000,43.33190000000000,43.3492,6545.7869,50.2797,50.0069,0.2728,42.6680,50.6708,46.6331,4.0377,-0.8907,6545.7869,NA,NA,NA
Stalker2-Win64-Shipping.exe,13648,0x4E568280,DXGI,0,0,1,Hardware Composed: Independent Flip,6645.2807,NA,49.48690000000001,50.10890000000001,0.32180000000000,43.47760000000000,43.9712,6596.0666,49.5359,49.2141,0.3218,43.0591,49.6326,46.5113,3.1213,0.1708,6596.0666,NA,NA,NA
Stalker2-Win64-Shipping.exe,13648,0x4E568280,DXGI,0,0,1,Hardware Composed: Independent Flip,6695.0498,NA,49.76910000000000,48.93240000000000,0.26650000000000,43.11140000000000,43.1345,6645.6025,49.7138,49.4473,0.2665,43.1558,49.4029,46.1696,3.2333,0.6035,6645.6025,NA,NA,NA
Stalker2-Win64-Shipping.exe,13648,0x4E568280,DXGI,0,0,1,Hardware Composed: Independent Flip,6744.9897,NA,49.93990000000000,49.57510000000000,0.30270000000000,42.74610000000001,42.7697,6695.3163,49.9761,49.6734,0.3027,42.8449,49.5746,45.8150,3.7596,0.1387,6695.3163,NA,NA,NA
Stalker2-Win64-Shipping.exe,13648,0x4E568280,DXGI,0,0,1,Hardware Composed: Independent Flip,6794.8617,NA,49.87200000000000,50.70750000000000,0.26280000000000,43.53960000000000,43.6052,6745.2924,49.8321,49.5693,0.2628,42.4434,50.6655,46.5217,4.1438,-0.7314,6745.2924,NA,NA,NA
Stalker2-Win64-Shipping.exe,13648,0x4E568280,DXGI,0,0,1,Hardware Composed: Independent Flip,6844.6844,NA,49.82270000000000,49.74950000000000,0.31340000000000,42.98580000000000,43.5320,6795.1245,49.8733,49.5599,0.3134,43.2768,49.2689,46.0015,3.2674,0.0826,6795.1245,NA,NA,NA
Stalker2-Win64-Shipping.exe,13648,0x4E568280,DXGI,0,0,1,Hardware Composed: Independent Flip,6895.3275,NA,50.64310000000000,50.94590000000000,0.36050000000000,43.82120000000000,43.8348,6844.9978,50.6902,50.3297,0.3605,42.6724,51.4785,47.0849,4.3936,-1.0726,6844.9978,NA,NA,NA
Stalker2-Win64-Shipping.exe,13648,0x4E568280,DXGI,0,0,1,Hardware Composed: Independent Flip,6945.9615,NA,50.63400000000000,50.59480000000000,0.26390000000000,42.60490000000000,43.7956,6895.6880,50.5374,50.2735,0.2639,43.4607,49.4177,45.6132,3.8045,0.0954,6895.6880,NA,NA,NA
Stalker2-Win64-Shipping.exe,13648,0x4E568280,DXGI,0,0,1,Hardware Composed: Independent Flip,6995.5908,NA,49.62930000000000,49.76570000000000,0.25810000000000,43.90480000000000,43.9320,6946.2254,49.6235,49.3654,0.2581,42.3410,50.9292,47.5980,3.3312,0.7717,6946.2254,NA,NA,NA
Stalker2-Win64-Shipping.exe,13648,0x4E568280,DXGI,0,0,1,Hardware Composed: Independent Flip,7044.7762,NA,49.18540000000000,48.92050000000000,0.29300000000000,42.80940000000000,43.6671,6995.8489,49.2203,48.9273,0.2930,43.6467,48.0900,45.8758,2.2142,0.7030,6995.8489,NA,NA,NA
Stalker2-Win64-Shipping.exe,13648,0x4E568280,DXGI,0,0,1,Hardware Composed: Independent Flip,7095.6327,NA,50.85650000000000,50.83310000000000,0.30060000000000,43.62980000000000,43.6437,7045.0692,50.8641,50.5635,0.3006,42.5164,51.6769,46.7441,4.9328,-1.6128,7045.0692,NA,NA,NA
Stalker2-Win64-Shipping.exe,13648,0x4E568280,DXGI,0,0,1,Hardware Composed: Independent Flip,7145.0400,NA,49.40730000000000,50.47730000000000,0.31660000000000,42.68850000000000,44.7137,7095.9333,49.4233,49.1067,0.3166,43.3292,48.4660,45.8182,2.6478,0.3868,7095.9333,NA,NA,NA
Stalker2-Win64-Shipping.exe,13648,0x4E568280,DXGI,0,0,1,Hardware Composed: Independent Flip,7195.2622,NA,50.22220000000000,48.35470000000000,0.30620000000000,42.81740000000000,42.8462,7145.3566,50.2118,49.9056,0.3062,42.3719,50.3511,45.9687,4.3824,1.0686,7145.3566,NA,NA,NA
Stalker2-Win64-Shipping.exe,13648,0x4E568280,DXGI,0,0,1,Hardware Composed: Independent Flip,7245.7519,NA,50.48970000000000,51.73090000000001,0.30940000000000,42.93870000000000,44.0874,7195.5684,50.4929,50.1835,0.3094,42.5112,50.6110,46.0893,4.5217,-1.5191,7195.5684,NA,NA,NA
Stalker2-Win64-Shipping.exe,13648,0x4E568280,DXGI,0,0,1,Hardware Composed: Independent Flip,7295.5882,NA,49.83630000000000,49.10750000000000,0.26720000000000,43.32990000000000,43.3586,7246.0613,49.7941,49.5269,0.2672,42.6293,50.2275,46.4625,3.7650,1.3854,7246.0613,NA,NA,NA
Stalker2-Win64-Shipping.exe,13648,0x4E568280,DXGI,0,0,1,Hardware Composed: Independent Flip,7346.2190,NA,50.63080000000000,50.18000000000000,0.32280000000000,42.88940000000000,42.9078,7295.8554,50.6864,50.3636,0.3228,43.0627,50.1903,45.9420,4.2483,-0.3859,7295.8554,NA,NA,NA
Stalker2-Win64-Shipping.exe,13648,0x4E568280,DXGI,0,0,1,Hardware Composed: Independent Flip,7395.8992,NA,49.68020000000000,50.42230000000000,0.26630000000000,43.32680000000000,43.6499,7346.5418,49.6237,49.3574,0.2663,42.5666,50.1176,46.3698,3.7478,0.2641,7346.5418,NA,NA,NA
Stalker2-Win64-Shipping.exe,13648,0x4E568280,DXGI,0,0,1,Hardware Composed: Independent Flip,7445.5620,NA,49.66280000000000,49.20070000000000,0.25750000000000,43.17120000000000,43.1878,7396.1655,49.6540,49.3965,0.2575,43.0605,49.5072,46.4084,3.0988,0.4230,7396.1655,NA,NA,NA
Stalker2-Win64-Shipping.exe,13648,0x4E568280,DXGI,0,0,1,Hardware Composed: Independent Flip,7495.1921,NA,49.63010000000001,49.64780000000000,0.31860000000000,43.19060000000000,43.2055,7445.8195,49.6912,49.3726,0.3186,42.9137,49.6495,46.2706,3.3789,0.0062,7445.8195,NA,NA,NA
Stalker2-Win64-Shipping.exe,13648,0x4E568280,DXGI,0,0,1,Hardware Composed: Independent Flip,7544.9345,NA,49.74240000000000,49.32210000000000,0.27250000000000,42.58180000000000,42.7852,7495.5107,49.6963,49.4238,0.2725,42.8720,49.1336,45.7626,3.3710,0.3691,7495.5107,NA,NA,NA
Stalker2-Win64-Shipping.exe,13648,0x4E568280,DXGI,0,0,1,Hardware Composed: Independent Flip,7594.3583,NA,49.42380000000000,51.27630000000000,0.27740000000000,44.61090000000000,44.6377,7545.2070,49.4287,49.1513,0.2774,42.3093,51.4529,47.8688,3.5841,-1.5800,7545.2070,NA,NA,NA
Stalker2-Win64-Shipping.exe,13648,0x4E568280,DXGI,0,0,1,Hardware Composed: Independent Flip,7644.4295,NA,50.07120000000000,49.25760000000000,0.31440000000000,42.58380000000000,43.8241,7594.6357,50.1082,49.7938,0.3144,44.3335,48.0441,45.6403,2.4038,0.1711,7594.6357,NA,NA,NA
Stalker2-Win64-Shipping.exe,13648,0x4E568280,DXGI,0,0,1,Hardware Composed: Independent Flip,7694.7711,NA,50.34160000000000,49.98580000000000,0.27560000000000,43.45120000000000,43.4683,7644.7439,50.3028,50.0272,0.2756,42.2694,51.2090,46.6785,4.5305,0.1224,7644.7439,NA,NA,NA
Stalker2-Win64-Shipping.exe,13648,0x4E568280,DXGI,0,0,1,Hardware Composed: Independent Flip,7744.0278,NA,49.25670000000000,50.50250000000000,0.30720000000000,42.91440000000000,44.7141,7695.0467,49.2883,48.9811,0.3072,43.1756,48.7199,46.0562,2.6637,-0.1997,7695.0467,NA,NA,NA
Stalker2-Win64-Shipping.exe,13648,0x4E568280,DXGI,0,0,1,Hardware Composed: Independent Flip,7794.2290,NA,50.20120000000000,48.38730000000000,0.31650000000000,42.87170000000000,42.9002,7744.3350,50.2105,49.8940,0.3165,42.6072,50.1585,46.0438,4.1147,0.9010,7744.3350,NA,NA,NA
Stalker2-Win64-Shipping.exe,13648,0x4E568280,DXGI,0,0,1,Hardware Composed: Independent Flip,7845.1514,NA,50.92240000000000,51.92100000000000,0.46750000000000,43.04960000000001,43.8988,7794.5455,51.0734,50.6059,0.4675,42.5552,51.1003,46.3233,4.7770,-1.7105,7794.5455,NA,NA,NA
Stalker2-Win64-Shipping.exe,13648,0x4E568280,DXGI,0,0,1,Hardware Composed: Independent Flip,7895.3272,NA,50.17580000000000,49.36730000000000,0.27320000000000,42.87550000000000,43.0903,7845.6189,49.9815,49.7083,0.2732,42.5821,50.0017,45.9444,4.0573,1.7061,7845.6189,NA,NA,NA
Stalker2-Win64-Shipping.exe,13648,0x4E568280,DXGI,0,0,1,Hardware Composed: Independent Flip,7945.3203,NA,49.99310000000001,50.06340000000000,0.33720000000000,43.14610000000000,43.1606,7895.6004,50.0571,49.7199,0.3372,42.6023,50.2637,46.5246,3.7391,-0.0819,7895.6004,NA,NA,NA
Stalker2-Win64-Shipping.exe,13648,0x4E568280,DXGI,0,0,1,Hardware Composed: Independent Flip,7994.7185,NA,49.39820000000000,50.01820000000000,0.31150000000000,43.21140000000000,43.7806,7945.6575,49.3725,49.0610,0.3115,42.8089,49.4635,46.1771,3.2864,0.0389,7945.6575,NA,NA,NA
Stalker2-Win64-Shipping.exe,13648,0x4E568280,DXGI,0,0,1,Hardware Composed: Independent Flip,8044.3673,NA,49.64880000000000,49.38280000000000,0.29270000000000,43.49940000000000,43.5146,7995.0300,49.6300,49.3373,0.2927,42.8999,49.9368,46.5959,3.3409,-0.0103,7995.0300,NA,NA,NA
Stalker2-Win64-Shipping.exe,13648,0x4E568280,DXGI,0,0,1,Hardware Composed: Independent Flip,8094.2914,NA,49.92410000000000,49.57410000000000,0.30740000000000,42.81620000000000,43.1646,8044.6600,49.9388,49.6314,0.3074,43.2067,49.2409,46.0429,3.1980,0.0559,8044.6600,NA,NA,NA
Stalker2-Win64-Shipping.exe,13648,0x4E568280,DXGI,0,0,1,Hardware Composed: Independent Flip,8143.6902,NA,49.39880000000000,49.29580000000000,0.25740000000000,43.04130000000000,43.0616,8094.5988,49.3488,49.0914,0.2574,42.5088,49.6239,46.1867,3.4372,0.6430,8094.5988,NA,NA,NA
Stalker2-Win64-Shipping.exe,13648,0x4E568280,DXGI,0,0,1,Hardware Composed: Independent Flip,8193.3161,NA,49.62590000000000,51.41550000000000,0.27850000000000,44.52430000000000,44.8512,8143.9476,49.6470,49.3685,0.2785,42.7839,51.1089,47.5205,3.5884,-2.0667,8143.9476,NA,NA,NA
Stalker2-Win64-Shipping.exe,13648,0x4E568280,DXGI,0,0,1,Hardware Composed: Independent Flip,8243.0045,NA,49.68840000000000,48.41200000000000,0.31680000000000,43.00380000000001,43.5748,8193.5946,49.7267,49.4099,0.3168,44.2458,48.1679,46.1014,2.0665,1.2350,8193.5946,NA,NA,NA
Stalker2-Win64-Shipping.exe,13648,0x4E568280,DXGI,0,0,1,Hardware Composed: Independent Flip,8292.6078,NA,49.60330000000000,49.57600000000000,0.25070000000000,43.53320000000000,43.5475,8243.3213,49.5372,49.2865,0.2507,42.6870,50.1327,46.5254,3.6073,0.1507,8243.3213,NA,NA,NA
Stalker2-Win64-Shipping.exe,13648,0x4E568280,DXGI,0,0,1,Hardware Composed: Independent Flip,8342.4854,NA,49.87760000000000,50.49830000000000,0.28450000000000,42.81450000000000,44.1682,8292.8585,49.9114,49.6269,0.2845,43.2825,49.1589,45.9855,3.1734,-0.9611,8292.8585,NA,NA,NA
Stalker2-Win64-Shipping.exe,13648,0x4E568280,DXGI,0,0,1,Hardware Composed: Independent Flip,8393.2620,NA,50.77660000000000,49.10110000000000,0.27050000000000,42.46200000000000,42.4927,8342.7699,50.7626,50.4921,0.2705,42.5300,50.4241,45.7231,4.7010,0.8103,8342.7699,NA,NA,NA
Stalker2-Win64-Shipping.exe,13648,0x4E568280,DXGI,0,0,1,Hardware Composed: Independent Flip,8443.7177,NA,50.45570000000000,51.48880000000000,0.35300000000000,42.82410000000000,43.5258,8393.5325,50.5382,50.1852,0.3530,42.1915,50.8178,46.4209,4.3969,-0.7262,8393.5325,NA,NA,NA
Stalker2-Win64-Shipping.exe,13648,0x4E568280,DXGI,0,0,1,Hardware Composed: Independent Flip,8493.5832,NA,49.86550000000000,49.91180000000000,0.29300000000000,43.44170000000000,43.5721,8444.0707,49.8055,49.5125,0.2930,42.4711,50.4831,46.5440,3.9391,0.6264,8444.0707,NA,NA,NA
Stalker2-Win64-Shipping.exe,13648,0x4E568280,DXGI,0,0,1,Hardware Composed: Independent Flip,8543.8403,NA,50.25710000000000,49.45060000000000,0.34070000000000,42.75050000000000,42.7656,8493.8762,50.3048,49.9641,0.3407,43.1487,49.5659,45.8851,3.6808,0.3549,8493.8762,NA,NA,NA
Stalker2-Win64-Shipping.exe,13648,0x4E568280,DXGI,0,0,1,Hardware Composed: Independent Flip,8593.7638,NA,49.92350000000000,50.32880000000000,0.29620000000000,43.15030000000000,43.1709,8544.1810,49.8790,49.5828,0.2962,42.4098,50.3233,46.1674,4.1559,-0.0240,8544.1810,NA,NA,NA
Stalker2-Win64-Shipping.exe,13648,0x4E568280,DXGI,0,0,1,Hardware Composed: Independent Flip,8644.0324,NA,50.26860000000000,49.86050000000000,0.32470000000000,42.44430000000001,42.7628,8594.0600,50.2971,49.9724,0.3247,42.8541,49.5626,45.5367,4.0259,0.0185,8594.0600,NA,NA,NA
Stalker2-Win64-Shipping.exe,13648,0x4E568280,DXGI,0,0,1,Hardware Composed: Independent Flip,8693.9386,NA,49.90620000000001,50.60840000000000,0.25760000000000,43.44990000000000,43.4650,8644.3571,49.8391,49.5815,0.2576,42.1196,50.9118,46.7085,4.2033,-0.3113,8644.3571,NA,NA,NA
Stalker2-Win64-Shipping.exe,13648,0x4E568280,DXGI,0,0,1,Hardware Composed: Independent Flip,8744.2710,NA,50.33240000000000,50.54200000000000,0.32260000000000,42.94450000000001,43.6746,8694.1962,50.3974,50.0748,0.3226,43.1923,49.8270,46.1286,3.6984,-0.7029,8694.1962,NA,NA,NA
Stalker2-Win64-Shipping.exe,13648,0x4E568280,DXGI,0,0,1,Hardware Composed: Independent Flip,8793.4771,NA,49.20610000000000,50.23730000000000,0.25360000000000,44.69110000000000,44.7058,8744.5936,49.1371,48.8835,0.2536,42.6219,50.9527,47.7964,3.1563,0.1601,8744.5936,NA,NA,NA
Stalker2-Win64-Shipping.exe,13648,0x4E568280,DXGI,0,0,1,Hardware Composed: Independent Flip,8844.3044,NA,50.82730000000000,50.26750000000001,0.31190000000000,43.54540000000000,44.1460,8793.7307,50.8856,50.5737,0.3119,44.4375,49.6816,46.5734,3.1082,-1.1304,8793.7307,NA,NA,NA
Stalker2-Win64-Shipping.exe,13648,0x4E568280,DXGI,0,0,1,Hardware Composed: Independent Flip,8893.5843,NA,49.27990000000000,48.20550000000000,0.29790000000000,43.05380000000000,43.0716,8844.6163,49.2659,48.9680,0.2979,43.2335,48.7883,46.0537,2.7346,2.6801,8844.6163,NA,NA,NA
Stalker2-Win64-Shipping.exe,13648,0x4E568280,DXGI,0,0,1,Hardware Composed: Independent Flip,8943.5447,NA,49.96040000000000,50.16420000000000,0.32520000000000,43.25690000000000,43.2754,8893.8822,49.9877,49.6625,0.3252,42.7559,50.1635,46.2628,3.9007,-0.8983,8893.8822,NA,NA,NA
Stalker2-Win64-Shipping.exe,13648,0x4E568280,DXGI,0,0,1,Hardware Composed: Independent Flip,8993.7506,NA,50.20590000000000,50.71440000000000,0.27940000000000,43.16890000000000,43.7839,8943.8699,50.1601,49.8807,0.2794,42.9317,50.1179,46.2602,3.8577,-0.7267,8943.8699,NA,NA,NA
Stalker2-Win64-Shipping.exe,13648,0x4E568280,DXGI,0,0,1,Hardware Composed: Independent Flip,9044.5688,NA,50.81820000000000,50.27230000000000,0.27280000000000,43.21090000000000,43.2380,8994.0300,50.8116,50.5388,0.2728,42.8895,50.8602,46.3971,4.4631,-0.1122,8994.0300,NA,NA,NA
Stalker2-Win64-Shipping.exe,13648,0x4E568280,DXGI,0,0,1,Hardware Composed: Independent Flip,9096.0301,NA,51.46130000000000,51.73470000000000,0.27430000000000,43.21370000000000,43.5114,9044.8416,51.4628,51.1885,0.2743,42.9381,51.4641,46.5446,4.9195,-0.9231,9044.8416,NA,NA,NA
Stalker2-Win64-Shipping.exe,13648,0x4E568280,DXGI,0,0,1,Hardware Composed: Independent Flip,9146.4400,NA,50.40990000000000,50.37010000000000,0.30020000000000,42.94130000000001,43.4716,9096.3044,50.4358,50.1356,0.3002,42.9394,50.1375,46.0146,4.1229,1.0927,9096.3044,NA,NA,NA
Stalker2-Win64-Shipping.exe,13648,0x4E568280,DXGI,0,0,1,Hardware Composed: Independent Flip,9196.5635,NA,50.12350000000000,49.82690000000000,0.25700000000000,43.15320000000001,43.1750,9146.7402,50.0803,49.8233,0.2570,42.6411,50.3354,46.2939,4.0415,0.6089,9146.7402,NA,NA,NA
Stalker2-Win64-Shipping.exe,13648,0x4E568280,DXGI,0,0,1,Hardware Composed: Independent Flip,9246.7798,NA,50.21630000000000,50.56350000000000,0.33860000000000,43.23780000000000,43.5222,9196.8205,50.2979,49.9593,0.3386,42.8962,50.3009,46.4323,3.8686,-0.4832,9196.8205,NA,NA,NA
Stalker2-Win64-Shipping.exe,13648,0x4E568280,DXGI,0,0,1,Hardware Composed: Independent Flip,9298.0288,NA,51.24900000000000,51.12180000000000,0.25740000000000,43.38010000000000,43.3950,9247.1184,51.1678,50.9104,0.2574,42.8992,51.3913,46.5394,4.8519,-0.8239,9247.1184,NA,NA,NA
Stalker2-Win64-Shipping.exe,13648,0x4E568280,DXGI,0,0,1,Hardware Composed: Independent Flip,9347.8651,NA,49.83630000000000,49.51800000000000,0.28780000000000,42.50740000000000,43.0767,9298.2862,49.8667,49.5789,0.2878,43.1227,48.9636,45.6665,3.2971,1.6498,9298.2862,NA,NA,NA
Stalker2-Win64-Shipping.exe,13648,0x4E568280,DXGI,0,0,1,Hardware Composed: Independent Flip,9398.0416,NA,50.17650000000000,51.65070000000000,0.25700000000000,44.53590000000001,44.5509,9348.1529,50.1457,49.8887,0.2570,42.2196,52.2050,47.7805,4.4245,-1.7840,9348.1529,NA,NA,NA
Stalker2-Win64-Shipping.exe,13648,0x4E568280,DXGI,0,0,1,Hardware Composed: Independent Flip,9448.8120,NA,50.77040000000000,51.38760000000000,0.32800000000000,43.35600000000000,45.1681,9398.2986,50.8414,50.5134,0.3280,44.2789,49.5905,46.6909,2.8996,-1.2419,9398.2986,NA,NA,NA
Stalker2-Win64-Shipping.exe,13648,0x4E568280,DXGI,0,0,1,Hardware Composed: Independent Flip,9498.0024,NA,49.19040000000000,47.40260000000000,0.27610000000000,43.35820000000000,43.3803,9449.1400,49.1385,48.8624,0.2761,43.0280,49.1926,46.4480,2.7446,3.4388,9449.1400,NA,NA,NA
Stalker2-Win64-Shipping.exe,13648,0x4E568280,DXGI,0,0,1,Hardware Composed: Independent Flip,9547.9336,NA,49.93120000000000,49.70750000000000,0.28730000000000,43.14260000000000,43.1566,9498.2785,49.9424,49.6551,0.2873,43.0821,49.7156,46.9536,2.7620,-0.5690,9498.2785,NA,NA,NA
Stalker2-Win64-Shipping.exe,13648,0x4E568280,DXGI,0,0,1,Hardware Composed: Independent Flip,9598.5281,NA,50.59450000000000,52.53890000000001,0.31010000000000,45.08740000000000,45.1010,9548.2209,50.6173,50.3072,0.3101,42.8553,52.5393,48.1515,4.3878,-2.5965,9548.2209,NA,NA,NA
Stalker2-Win64-Shipping.exe,13648,0x4E568280,DXGI,0,0,1,Hardware Composed: Independent Flip,9647.8361,NA,49.30800000000000,48.69040000000000,0.26410000000000,43.14870000000001,44.4834,9598.8382,49.2620,48.9979,0.2641,44.7773,47.3693,46.2947,1.0746,1.9269,9598.8382,NA,NA,NA
Stalker2-Win64-Shipping.exe,13648,0x4E568280,DXGI,0,0,1,Hardware Composed: Independent Flip,9698.1882,NA,50.35210000000000,48.92610000000001,0.32470000000000,43.04330000000000,43.0574,9648.1002,50.4127,50.0880,0.3247,42.8846,50.2467,46.1341,4.1126,0.3359,9648.1002,NA,NA,NA
Stalker2-Win64-Shipping.exe,13648,0x4E568280,DXGI,0,0,1,Hardware Composed: Independent Flip,9749.6135,NA,51.42530000000000,52.91770000000000,0.25530000000000,42.78390000000000,44.5498,9698.5129,51.3559,51.1006,0.2553,42.7186,51.1659,46.1895,4.9764,-2.5050,9698.5129,NA,NA,NA
Stalker2-Win64-Shipping.exe,13648,0x4E568280,DXGI,0,0,1,Hardware Composed: Independent Flip,9798.8891,NA,49.27560000000000,48.56250000000000,0.27520000000000,43.82140000000000,43.8367,9749.8688,49.2955,49.0203,0.2752,42.5286,50.3131,46.9632,3.3499,2.7934,9749.8688,NA,NA,NA
Stalker2-Win64-Shipping.exe,13648,0x4E568280,DXGI,0,0,1,Hardware Composed: Independent Flip,9849.3446,NA,50.45550000000000,50.25360000000001,0.30540000000000,43.61830000000000,43.6348,9799.1643,50.4857,50.1803,0.3054,43.5462,50.2524,46.5856,3.6668,-0.9581,9799.1643,NA,NA,NA
Stalker2-Win64-Shipping.exe,13648,0x4E568280,DXGI,0,0,1,Hardware Composed: Independent Flip,9899.9084,NA,50.56380000000000,50.36240000000000,0.29550000000000,42.83080000000000,43.4334,9849.6500,50.5539,50.2584,0.2955,43.3129,49.7763,45.9897,3.7866,0.1233,9849.6500,NA,NA,NA
Stalker2-Win64-Shipping.exe,13648,0x4E568280,DXGI,0,0,1,Hardware Composed: Independent Flip,9950.1995,NA,50.29110000000000,49.54740000000000,0.28820000000000,42.66060000000000,42.6897,9900.2039,50.2838,49.9956,0.2882,42.5353,50.1209,45.7100,4.4109,1.0065,9900.2039,NA,NA,NA
Stalker2-Win64-Shipping.exe,13648,0x4E568280,DXGI,0,0,1,Hardware Composed: Independent Flip,10000.2469,NA,50.04740000000000,51.95840000000000,0.25410000000000,44.35000000000000,44.6007,9950.4877,50.0133,49.7592,0.2541,42.3724,51.7368,47.9388,3.7980,-1.6746,9950.4877,NA,NA,NA
Stalker2-Win64-Shipping.exe,13648,0x4E568280,DXGI,0,0,1,Hardware Composed: Independent Flip,10051.0231,NA,50.77620000000000,50.12180000000000,0.31610000000000,43.20840000000000,43.9463,10000.5010,50.8382,50.5221,0.3161,44.0959,49.6346,46.2892,3.3454,-0.1085,10000.5010,NA,NA,NA
Stalker2-Win64-Shipping.exe,13648,0x4E568280,DXGI,0,0,1,Hardware Composed: Independent Flip,10101.4928,NA,50.46970000000000,49.32700000000001,0.26540000000000,42.79120000000000,42.8036,10051.3392,50.4190,50.1536,0.2654,42.8923,50.0525,45.9112,4.1413,1.5112,10051.3392,NA,NA,NA
Stalker2-Win64-Shipping.exe,13648,0x4E568280,DXGI,0,0,1,Hardware Composed: Independent Flip,10151.6302,NA,50.13740000000000,50.49960000000000,0.28520000000000,42.68550000000000,43.1658,10101.7582,50.1572,49.8720,0.2852,42.5258,50.0317,45.7860,4.2457,-0.0806,10101.7582,NA,NA,NA
Stalker2-Win64-Shipping.exe,13648,0x4E568280,DXGI,0,0,1,Hardware Composed: Independent Flip,10202.4351,NA,50.80490000000000,50.70720000000000,0.25940000000000,43.04810000000001,43.0681,10151.9154,50.7791,50.5197,0.2594,42.4003,51.1675,46.2461,4.9214,-0.5500,10151.9154,NA,NA,NA
Stalker2-Win64-Shipping.exe,13648,0x4E568280,DXGI,0,0,1,Hardware Composed: Independent Flip,10253.1516,NA,50.71650000000000,51.02240000000000,0.35270000000000,42.79640000000001,43.3740,10202.6945,50.8098,50.4571,0.3527,42.7887,50.4648,45.7485,4.7163,-0.2433,10202.6945,NA,NA,NA
Stalker2-Win64-Shipping.exe,13648,0x4E568280,DXGI,0,0,1,Hardware Composed: Independent Flip,10303.4153,NA,50.26370000000000,50.07060000000000,0.36440000000000,43.16480000000000,43.1809,10253.5043,50.2754,49.9110,0.3644,42.4437,50.6321,46.3321,4.3000,0.7392,10253.5043,NA,NA,NA
Stalker2-Win64-Shipping.exe,13648,0x4E568280,DXGI,0,0,1,Hardware Composed: Independent Flip,10353.1336,NA,49.71830000000000,49.66480000000000,0.29230000000000,43.02880000000000,43.1274,10303.7797,49.6462,49.3539,0.2923,42.8004,49.5823,46.0329,3.5494,0.6106,10303.7797,NA,NA,NA
Stalker2-Win64-Shipping.exe,13648,0x4E568280,DXGI,0,0,1,Hardware Composed: Independent Flip,10403.7929,NA,50.65930000000000,50.53930000000000,0.33110000000000,42.99210000000000,43.0074,10353.4259,50.6981,50.3670,0.3311,42.7365,50.6226,46.7268,3.8958,-0.8931,10353.4259,NA,NA,NA
Stalker2-Win64-Shipping.exe,13648,0x4E568280,DXGI,0,0,1,Hardware Composed: Independent Flip,10453.3069,NA,49.51400000000000,49.93430000000000,0.29040000000000,42.80720000000000,43.4277,10404.1240,49.4733,49.1829,0.2904,42.6610,49.3291,45.9064,3.4227,0.7638,10404.1240,NA,NA,NA
Stalker2-Win64-Shipping.exe,13648,0x4E568280,DXGI,0,0,1,Hardware Composed: Independent Flip,10503.5343,NA,50.22740000000000,50.19940000000000,0.31910000000000,43.37330000000000,43.3997,10453.5973,50.2561,49.9370,0.3191,42.5168,50.7935,46.6629,4.1306,-0.7261,10453.5973,NA,NA,NA
Stalker2-Win64-Shipping.exe,13648,0x4E568280,DXGI,0,0,1,Hardware Composed: Independent Flip,10553.1141,NA,49.57980000000001,49.48090000000001,0.28130000000000,42.45680000000000,43.3008,10503.8534,49.5420,49.2607,0.2813,43.0542,48.6633,45.5651,3.0982,0.7752,10503.8534,NA,NA,NA
Stalker2-Win64-Shipping.exe,13648,0x4E568280,DXGI,0,0,1,Hardware Composed: Independent Flip,10603.3041,NA,50.19000000000000,51.26210000000000,0.27770000000000,44.35890000000001,44.3729,10553.3954,50.1864,49.9087,0.2777,42.1755,52.0921,47.5201,4.5720,-1.7201,10553.3954,NA,NA,NA
Stalker2-Win64-Shipping.exe,13648,0x4E568280,DXGI,0,0,1,Hardware Composed: Independent Flip,10652.6547,NA,49.35060000000000,49.78540000000000,0.30030000000000,42.94770000000000,44.8077,10603.5818,49.3732,49.0729,0.3003,44.0812,47.9394,46.0890,1.8504,0.4010,10603.5818,NA,NA,NA
Stalker2-Win64-Shipping.exe,13648,0x4E568280,DXGI,0,0,1,Hardware Composed: Independent Flip,10702.3050,NA,49.65030000000000,48.31490000000000,0.31620000000000,43.45740000000000,43.4723,10652.9550,49.6662,49.3500,0.3162,42.6474,50.1600,46.4551,3.7049,1.0583,10652.9550,NA,NA,NA
Stalker2-Win64-Shipping.exe,13648,0x4E568280,DXGI,0,0,1,Hardware Composed: Independent Flip,10752.2415,NA,49.93650000000000,50.78630000000000,0.29490000000000,42.94900000000001,44.3221,10702.6212,49.9152,49.6203,0.2949,43.1412,49.4281,46.0354,3.3927,-1.1201,10702.6212,NA,NA,NA
Stalker2-Win64-Shipping.exe,13648,0x4E568280,DXGI,0,0,1,Hardware Composed: Independent Flip,10801.8812,NA,49.63970000000000,48.91980000000000,0.30150000000000,43.58430000000000,43.6022,10752.5364,49.6463,49.3448,0.3015,42.6541,50.2750,46.6778,3.5972,0.9954,10752.5364,NA,NA,NA
Stalker2-Win64-Shipping.exe,13648,0x4E568280,DXGI,0,0,1,Hardware Composed: Independent Flip,10852.8846,NA,51.00340000000000,50.73050000000000,0.29150000000000,42.86000000000000,43.3293,10802.1827,50.9934,50.7019,0.2915,43.2828,50.2791,46.4414,3.8377,-1.0842,10802.1827,NA,NA,NA
Stalker2-Win64-Shipping.exe,13648,0x4E568280,DXGI,0,0,1,Hardware Composed: Independent Flip,10903.8411,NA,50.95650000000001,50.06540000000000,0.31190000000000,42.42030000000000,42.4382,10853.1761,50.9769,50.6650,0.3119,42.5685,50.5168,45.6914,4.8254,0.9280,10853.1761,NA,NA,NA
Stalker2-Win64-Shipping.exe,13648,0x4E568280,DXGI,0,0,1,Hardware Composed: Independent Flip,10953.3936,NA,49.55250000000000,50.18630000000000,0.28700000000000,42.96700000000000,43.0720,10904.1530,49.5276,49.2406,0.2870,42.1084,50.0992,46.1047,3.9945,0.7906,10904.1530,NA,NA,NA
Stalker2-Win64-Shipping.exe,13648,0x4E568280,DXGI,0,0,1,Hardware Composed: Independent Flip,11003.0248,NA,49.63120000000000,49.64180000000000,0.33270000000000,43.06590000000000,43.0826,10953.6806,49.6769,49.3442,0.3327,42.6800,49.7301,46.2109,3.5192,-0.1142,10953.6806,NA,NA,NA
Stalker2-Win64-Shipping.exe,13648,0x4E568280,DXGI,0,0,1,Hardware Composed: Independent Flip,11054.1155,NA,51.09070000000001,50.46540000000000,0.23660000000000,42.43840000000000,42.4573,11003.3575,50.9946,50.7580,0.2366,42.7332,50.4632,45.8046,4.6586,-0.7885,11003.3575,NA,NA,NA
Stalker2-Win64-Shipping.exe,13648,0x4E568280,DXGI,0,0,1,Hardware Composed: Independent Flip,11104.6728,NA,50.55730000000001,51.56220000000000,0.25160000000000,43.02500000000000,43.4622,11054.3521,50.5723,50.3207,0.2516,42.2018,51.1439,47.0094,4.1345,-0.5676,11054.3521,NA,NA,NA
Stalker2-Win64-Shipping.exe,13648,0x4E568280,DXGI,0,0,1,Hardware Composed: Independent Flip,11154.3230,NA,49.65020000000001,49.41370000000001,0.31910000000000,42.90520000000000,43.2257,11104.9244,49.7177,49.3986,0.3191,42.7734,49.5304,46.0055,3.5249,1.1586,11104.9244,NA,NA,NA
Stalker2-Win64-Shipping.exe,13648,0x4E568280,DXGI,0,0,1,Hardware Composed: Independent Flip,11204.3990,NA,50.07600000000000,51.17330000000000,0.28680000000000,44.30880000000001,44.3230,11154.6421,50.0437,49.7569,0.2868,42.5861,51.4796,47.3956,4.0840,-1.4556,11154.6421,NA,NA,NA
Stalker2-Win64-Shipping.exe,13648,0x4E568280,DXGI,0,0,1,Hardware Composed: Independent Flip,11254.3818,NA,49.98280000000000,49.73460000000000,0.32040000000000,42.80060000000000,44.0748,11204.6858,50.0164,49.6960,0.3204,44.0220,48.4746,45.8310,2.6436,0.3091,11204.6858,NA,NA,NA
Stalker2-Win64-Shipping.exe,13648,0x4E568280,DXGI,0,0,1,Hardware Composed: Independent Flip,11305.3956,NA,51.01380000000000,50.06810000000000,0.28730000000000,43.11430000000000,43.1291,11254.7022,50.9807,50.6934,0.2873,42.4802,51.3275,46.5056,4.8219,-0.0517,11254.7022,NA,NA,NA
Stalker2-Win64-Shipping.exe,13648,0x4E568280,DXGI,0,0,1,Hardware Composed: Independent Flip,11354.7633,NA,49.36770000000000,50.84370000000001,0.30820000000000,42.98670000000000,44.6051,11305.6829,49.3886,49.0804,0.3082,42.8270,49.2401,46.0075,3.2326,0.1370,11305.6829,NA,NA,NA
Stalker2-Win64-Shipping.exe,13648,0x4E568280,DXGI,0,0,1,Hardware Composed: Independent Flip,11404.4717,NA,49.70840000000000,48.50210000000001,0.28860000000000,43.38230000000000,43.3988,11355.0715,49.6888,49.4002,0.2886,42.6785,50.1040,46.4245,3.6795,0.8865,11355.0715,NA,NA,NA
Stalker2-Win64-Shipping.exe,13648,0x4E568280,DXGI,0,0,1,Hardware Composed: Independent Flip,11455.8831,NA,51.41140000000000,51.33210000000000,0.27730000000000,42.79040000000001,43.3195,11404.7603,51.4001,51.1228,0.2773,43.0937,50.8195,46.0519,4.7676,-1.6433,11404.7603,NA,NA,NA
Stalker2-Win64-Shipping.exe,13648,0x4E568280,DXGI,0,0,1,Hardware Composed: Independent Flip,11505.5720,NA,49.68890000000000,49.58780000000000,0.28780000000000,43.04860000000000,43.2184,11456.1604,49.6994,49.4116,0.2878,42.5131,49.9471,46.1491,3.7980,1.8123,11456.1604,NA,NA,NA
Stalker2-Win64-Shipping.exe,13648,0x4E568280,DXGI,0,0,1,Hardware Composed: Independent Flip,11554.8884,NA,49.31640000000000,49.37500000000000,0.26890000000000,43.25520000000000,43.2770,11505.8598,49.2975,49.0286,0.2689,42.7608,49.5230,46.2874,3.2356,0.3244,11505.8598,NA,NA,NA
Stalker2-Win64-Shipping.exe,13648,0x4E568280,DXGI,0,0,1,Hardware Composed: Independent Flip,11605.4354,NA,50.54700000000000,50.69650000000000,0.26370000000000,43.25840000000000,43.4265,11555.1573,50.5418,50.2781,0.2637,42.9863,50.5502,46.5130,4.0372,-1.3990,11555.1573,NA,NA,NA
Stalker2-Win64-Shipping.exe,13648,0x4E568280,DXGI,0,0,1,Hardware Composed: Independent Flip,11655.3522,NA,49.91680000000000,49.83200000000000,0.28910000000000,43.05860000000001,43.3417,11605.6991,49.9422,49.6531,0.2891,42.9947,49.7170,46.3358,3.3812,0.7098,11605.6991,NA,NA,NA
Stalker2-Win64-Shipping.exe,13648,0x4E568280,DXGI,0,0,1,Hardware Composed: Independent Flip,11706.0193,NA,50.66710000000000,50.01500000000000,0.24710000000000,42.61850000000000,42.6896,11655.6413,50.6251,50.3780,0.2471,42.7695,50.2270,45.8287,4.3983,-0.0728,11655.6413,NA,NA,NA
Stalker2-Win64-Shipping.exe,13648,0x4E568280,DXGI,0,0,1,Hardware Composed: Independent Flip,11755.6235,NA,49.60420000000001,50.77930000000000,0.29160000000000,43.45070000000000,43.8647,11706.2664,49.6487,49.3571,0.2916,42.3714,50.4364,46.5550,3.8814,-0.1542,11706.2664,NA,NA,NA
Stalker2-Win64-Shipping.exe,13648,0x4E568280,DXGI,0,0,1,Hardware Composed: Independent Flip,11805.9650,NA,50.34150000000000,51.32890000000000,0.26570000000000,44.83600000000001,44.8521,11755.9151,50.3156,50.0499,0.2657,43.1591,51.7268,47.8725,3.8543,-1.6802,11755.9151,NA,NA,NA
Stalker2-Win64-Shipping.exe,13648,0x4E568280,DXGI,0,0,1,Hardware Composed: Independent Flip,11856.0983,NA,50.13330000000001,49.36340000000001,0.25490000000000,43.45350000000001,44.0822,11806.2307,50.1225,49.8676,0.2549,44.5703,48.7508,46.4759,2.2749,0.9522,11806.2307,NA,NA,NA
Stalker2-Win64-Shipping.exe,13648,0x4E568280,DXGI,0,0,1,Hardware Composed: Independent Flip,11907.2893,NA,51.19100000000000,50.99870000000000,0.27550000000000,43.87430000000001,43.8899,11856.3532,51.2116,50.9361,0.2755,43.1986,51.6118,47.2567,4.3551,-0.8762,11856.3532,NA,NA,NA
Stalker2-Win64-Shipping.exe,13648,0x4E568280,DXGI,0,0,1,Hardware Composed: Independent Flip,11956.2231,NA,48.93380000000001,49.96610000000000,0.27500000000000,43.29800000000000,44.9222,11907.5648,48.9333,48.6583,0.2750,43.5988,48.3575,46.3262,2.0313,1.2455,11907.5648,NA,NA,NA
Stalker2-Win64-Shipping.exe,13648,0x4E568280,DXGI,0,0,1,Hardware Composed: Independent Flip,12005.8056,NA,49.58250000000000,47.65090000000000,0.30970000000000,42.92250000000000,42.9906,11956.4981,49.6172,49.3075,0.3097,43.0230,49.2070,45.9745,3.2325,1.2824,11956.4981,NA,NA,NA
Stalker2-Win64-Shipping.exe,13648,0x4E568280,DXGI,0,0,1,Hardware Composed: Independent Flip,12057.0342,NA,51.22860000000000,51.97960000000000,0.27590000000000,43.07850000000001,43.7416,12006.1153,51.1948,50.9189,0.2759,42.6128,51.3846,46.3757,5.0089,-2.3624,12006.1153,NA,NA,NA
Stalker2-Win64-Shipping.exe,13648,0x4E568280,DXGI,0,0,1,Hardware Composed: Independent Flip,12106.6746,NA,49.64040000000000,49.79850000000000,0.30390000000000,43.44080000000000,43.8997,12057.3101,49.6684,49.3645,0.3039,42.8026,50.0027,46.5356,3.4671,1.3963,12057.3101,NA,NA,NA
Stalker2-Win64-Shipping.exe,13648,0x4E568280,DXGI,0,0,1,Hardware Composed: Independent Flip,12157.2361,NA,50.56150000000000,50.09100000000000,0.30930000000000,43.39800000000000,43.4292,12106.9785,50.5669,50.2576,0.3093,43.1369,50.5187,46.4558,4.0629,-0.4226,12106.9785,NA,NA,NA
Stalker2-Win64-Shipping.exe,13648,0x4E568280,DXGI,0,0,1,Hardware Composed: Independent Flip,12209.5451,NA,52.30900000000000,52.82790000000000,0.27110000000000,43.34990000000001,43.9481,12157.5454,52.2708,51.9997,0.2711,43.0887,52.2609,47.2351,5.0258,-2.2610,12157.5454,NA,NA,NA
Stalker2-Win64-Shipping.exe,13648,0x4E568280,DXGI,0,0,1,Hardware Composed: Independent Flip,12258.5313,NA,48.98620000000000,49.02330000000000,0.25000000000000,43.23530000000000,43.9852,12209.8162,48.9651,48.7151,0.2500,43.0788,48.8716,46.2960,2.5756,3.2475,12209.8162,NA,NA,NA
Stalker2-Win64-Shipping.exe,13648,0x4E568280,DXGI,0,0,1,Hardware Composed: Independent Flip,12309.0961,NA,50.56480000000001,49.75500000000000,0.29880000000000,43.16070000000001,43.1754,12258.7813,50.6136,50.3148,0.2988,42.9853,50.4902,46.2797,4.2105,-0.7899,12258.7813,NA,NA,NA
Stalker2-Win64-Shipping.exe,13648,0x4E568280,DXGI,0,0,1,Hardware Composed: Independent Flip,12359.0536,NA,49.95750000000000,51.33580000000000,0.29650000000000,43.24690000000000,44.5537,12309.3949,49.9552,49.6587,0.2965,42.8619,50.0437,46.2213,3.8224,-0.7222,12309.3949,NA,NA,NA
Stalker2-Win64-Shipping.exe,13648,0x4E568280,DXGI,0,0,1,Hardware Composed: Independent Flip,12409.6282,NA,50.57460000000000,50.18390000000000,0.29070000000000,44.09930000000000,44.1630,12359.3501,50.5688,50.2781,0.2907,42.9504,51.4270,47.1793,4.2477,-0.2287,12359.3501,NA,NA,NA
Stalker2-Win64-Shipping.exe,13648,0x4E568280,DXGI,0,0,1,Hardware Composed: Independent Flip,12460.2073,NA,50.57910000000000,50.54910000000000,0.31770000000000,43.40420000000000,44.1330,12409.9189,50.6061,50.2884,0.3177,43.8086,49.8840,46.4923,3.3917,0.0197,12409.9189,NA,NA,NA
Stalker2-Win64-Shipping.exe,13648,0x4E568280,DXGI,0,0,1,Hardware Composed: Independent Flip,12510.2258,NA,50.01850000000000,49.20350000000001,0.29720000000000,43.30030000000000,43.3180,12460.5250,49.9980,49.7008,0.2972,43.0865,49.9146,46.4446,3.4700,1.4026,12460.5250,NA,NA,NA
Stalker2-Win64-Shipping.exe,13648,0x4E568280,DXGI,0,0,1,Hardware Composed: Independent Flip,12560.6335,NA,50.40770000000001,49.91330000000000,0.32560000000000,42.68620000000000,42.8236,12510.5230,50.4361,50.1105,0.3256,43.0031,49.7936,45.7667,4.0269,0.0847,12510.5230,NA,NA,NA
Stalker2-Win64-Shipping.exe,13648,0x4E568280,DXGI,0,0,1,Hardware Composed: Independent Flip,12611.0583,NA,50.42480000000000,51.00360000000001,0.27070000000000,43.38520000000000,43.4024,12560.9591,50.3699,50.0992,0.2707,42.3606,51.1238,46.7330,4.3908,-0.5675,12560.9591,NA,NA,NA
Stalker2-Win64-Shipping.exe,13648,0x4E568280,DXGI,0,0,1,Hardware Composed: Independent Flip,12661.3331,NA,50.27480000000000,50.86140000000000,0.28160000000000,43.30470000000000,43.9890,12611.3290,50.2857,50.0041,0.2816,43.1145,50.1943,46.2883,3.9060,-0.4915,12611.3290,NA,NA,NA
Stalker2-Win64-Shipping.exe,13648,0x4E568280,DXGI,0,0,1,Hardware Composed: Independent Flip,12712.3620,NA,51.02890000000000,50.27210000000000,0.29770000000000,43.21740000000000,43.2322,12661.6147,51.0450,50.7473,0.2977,43.0231,50.9416,46.3564,4.5852,0.0136,12661.6147,NA,NA,NA
Stalker2-Win64-Shipping.exe,13648,0x4E568280,DXGI,0,0,1,Hardware Composed: Independent Flip,12762.2038,NA,49.84180000000000,49.92870000000000,0.29480000000000,42.90520000000000,43.3191,12712.6597,49.8389,49.5441,0.2948,42.9197,49.5296,46.0527,3.4769,1.1163,12712.6597,NA,NA,NA
Stalker2-Win64-Shipping.exe,13648,0x4E568280,DXGI,0,0,1,Hardware Composed: Independent Flip,12813.0787,NA,50.87490000000000,50.93610000000000,0.25990000000000,43.31440000000000,43.3803,12762.4986,50.8400,50.5801,0.2599,42.6104,51.2841,46.5015,4.7826,-1.0972,12762.4986,NA,NA,NA
Stalker2-Win64-Shipping.exe,13648,0x4E568280,DXGI,0,0,1,Hardware Composed: Independent Flip,12863.2621,NA,50.18340000000000,50.74350000000000,0.27070000000000,42.94130000000001,43.9404,12813.3386,50.1942,49.9235,0.2707,43.0545,49.8103,45.9901,3.8202,0.0965,12813.3386,NA,NA,NA
Stalker2-Win64-Shipping.exe,13648,0x4E568280,DXGI,0,0,1,Hardware Composed: Independent Flip,12913.7547,NA,50.49260000000000,49.77690000000000,0.26050000000000,43.19400000000000,43.2247,12863.5328,50.4824,50.2219,0.2605,42.6706,50.7453,46.4199,4.3254,0.4173,12863.5328,NA,NA,NA
Stalker2-Win64-Shipping.exe,13648,0x4E568280,DXGI,0,0,1,Hardware Composed: Independent Flip,12963.9691,NA,50.21440000000000,50.53950000000000,0.31300000000000,42.97090000000000,43.5498,12914.0152,50.2669,49.9539,0.3130,42.9335,49.9913,46.0017,3.9896,-0.0571,12914.0152,NA,NA,NA
Stalker2-Win64-Shipping.exe,13648,0x4E568280,DXGI,0,0,1,Hardware Composed: Independent Flip,13014.2323,NA,50.26320000000000,51.46470000000000,0.26600000000000,44.73700000000000,44.7513,12964.2821,50.2162,49.9502,0.2660,42.6579,52.0293,47.8316,4.1977,-1.1978,12964.2821,NA,NA,NA
Stalker2-Win64-Shipping.exe,13648,0x4E568280,DXGI,0,0,1,Hardware Composed: Independent Flip,13064.5156,NA,50.28330000000000,49.78470000000000,0.27830000000000,43.18130000000000,44.2527,13014.4983,50.2956,50.0173,0.2783,44.4710,48.7276,46.1895,2.5381,0.4315,13014.4983,NA,NA,NA
Stalker2-Win64-Shipping.exe,13648,0x4E568280,DXGI,0,0,1,Hardware Composed: Independent Flip,13114.2735,NA,49.75790000000000,48.56020000000000,0.32390000000000,43.03950000000000,43.0550,13064.7939,49.8035,49.4796,0.3239,42.9030,49.6161,46.2228,3.3933,1.7354,13064.7939,NA,NA,NA
Stalker2-Win64-Shipping.exe,13648,0x4E568280,DXGI,0,0,1,Hardware Composed: Independent Flip,13163.9062,NA,49.63270000000000,50.27970000000001,0.26360000000000,43.05570000000000,43.7020,13114.5974,49.5724,49.3088,0.2636,42.7156,49.6489,46.0736,3.5753,-0.4762,13114.5974,NA,NA,NA
Stalker2-Win64-Shipping.exe,13648,0x4E568280,DXGI,0,0,1,Hardware Composed: Independent Flip,13214.1088,NA,50.20260000000000,49.71360000000000,0.30830000000000,43.17330000000000,43.2130,13164.1698,50.2473,49.9390,0.3083,42.7921,50.3202,46.3164,4.0038,-0.1412,13164.1698,NA,NA,NA
Stalker2-Win64-Shipping.exe,13648,0x4E568280,DXGI,0,0,1,Hardware Composed: Independent Flip,13264.9868,NA,50.87800000000000,51.09310000000000,0.33920000000000,43.07580000000000,43.4281,13214.4171,50.9089,50.5697,0.3392,42.8650,50.7805,46.3311,4.4494,-0.8458,13214.4171,NA,NA,NA
Stalker2-Win64-Shipping.exe,13648,0x4E568280,DXGI,0,0,1,Hardware Composed: Independent Flip,13314.8753,NA,49.88850000000000,50.17810000000000,0.30220000000000,43.49520000000000,43.7177,13265.3260,49.8515,49.5493,0.3022,42.7366,50.3079,46.6043,3.7036,0.7308,13265.3260,NA,NA,NA
Stalker2-Win64-Shipping.exe,13648,0x4E568280,DXGI,0,0,1,Hardware Composed: Independent Flip,13364.9626,NA,50.08730000000000,49.57340000000000,0.26340000000000,43.17850000000000,43.2038,13315.1775,50.0485,49.7851,0.2634,43.1930,49.7706,46.3049,3.4657,0.2781,13315.1775,NA,NA,NA
Stalker2-Win64-Shipping.exe,13648,0x4E568280,DXGI,0,0,1,Hardware Composed: Independent Flip,13414.9750,NA,50.01240000000000,49.78250000000000,0.23330000000000,42.94560000000000,42.9739,13365.2260,49.9823,49.7490,0.2333,42.9151,49.7795,45.9475,3.8320,0.2660,13365.2260,NA,NA,NA
Stalker2-Win64-Shipping.exe,13648,0x4E568280,DXGI,0,0,1,Hardware Composed: Independent Flip,13466.5301,NA,51.55510000000000,53.71170000000000,0.25510000000000,45.11650000000000,45.1305,13415.2083,51.5769,51.3218,0.2551,42.7123,53.7260,48.3796,5.3464,-3.7294,13415.2083,NA,NA,NA
Stalker2-Win64-Shipping.exe,13648,0x4E568280,DXGI,0,0,1,Hardware Composed: Independent Flip,13515.5246,NA,48.99450000000000,48.57610000000000,0.30840000000000,42.97990000000000,44.7121,13466.7852,49.0478,48.7394,0.3084,44.8614,46.8579,46.0370,0.8209,3.0008,13466.7852,NA,NA,NA
Stalker2-Win64-Shipping.exe,13648,0x4E568280,DXGI,0,0,1,Hardware Composed: Independent Flip,13565.5334,NA,50.00880000000000,48.56630000000001,0.30540000000000,43.23310000000000,43.2696,13515.8330,50.0058,49.7004,0.3054,42.6715,50.2620,46.3003,3.9617,0.4815,13515.8330,NA,NA,NA
Stalker2-Win64-Shipping.exe,13648,0x4E568280,DXGI,0,0,1,Hardware Composed: Independent Flip,13615.7073,NA,50.17390000000000,53.38400000000000,0.26300000000000,44.15390000000000,46.4797,13565.8388,50.1315,49.8685,0.2630,42.9277,51.0947,47.3118,3.7829,-3.3782,13565.8388,NA,NA,NA
Stalker2-Win64-Shipping.exe,13648,0x4E568280,DXGI,0,0,1,Hardware Composed: Independent Flip,13665.7626,NA,50.05530000000000,46.64710000000000,0.32100000000000,43.04320000000000,43.0715,13615.9703,50.1133,49.7923,0.3210,43.8909,48.9446,46.2761,2.6685,3.4844,13615.9703,NA,NA,NA
Stalker2-Win64-Shipping.exe,13648,0x4E568280,DXGI,0,0,1,Hardware Composed: Independent Flip,13716.4312,NA,50.66860000000000,51.05070000000000,0.30180000000000,43.43850000000000,43.4536,13666.0836,50.6494,50.3476,0.3018,42.7222,51.0639,46.6271,4.4368,-0.9374,13666.0836,NA,NA,NA
Stalker2-Win64-Shipping.exe,13648,0x4E568280,DXGI,0,0,1,Hardware Composed: Independent Flip,13766.3504,NA,49.91920000000000,51.82380000000001,0.27220000000000,43.54890000000000,45.3582,13716.7330,49.8896,49.6174,0.2722,43.1367,50.0296,46.7215,3.3081,-1.1744,13716.7330,NA,NA,NA
Stalker2-Win64-Shipping.exe,13648,0x4E568280,DXGI,0,0,1,Hardware Composed: Independent Flip,13817.0818,NA,50.73140000000000,48.87730000000001,0.31140000000000,43.47660000000000,43.5041,13766.6226,50.7706,50.4592,0.3114,43.2767,50.6591,46.5633,4.0958,1.0123,13766.6226,NA,NA,NA
Stalker2-Win64-Shipping.exe,13648,0x4E568280,DXGI,0,0,1,Hardware Composed: Independent Flip,13867.7848,NA,50.70300000000000,50.87000000000000,0.26440000000000,43.31390000000000,43.6711,13817.3932,50.6560,50.3916,0.2644,43.1652,50.5403,46.3477,4.1926,-0.0994,13817.3932,NA,NA,NA
Stalker2-Win64-Shipping.exe,13648,0x4E568280,DXGI,0,0,1,Hardware Composed: Independent Flip,13919.6406,NA,51.85580000000000,51.55490000000000,0.31730000000000,43.35400000000000,43.3702,13868.0492,51.9087,51.5914,0.3173,43.0495,51.8959,46.7630,5.1329,-0.8989,13868.0492,NA,NA,NA
Stalker2-Win64-Shipping.exe,13648,0x4E568280,DXGI,0,0,1,Hardware Composed: Independent Flip,13968.7808,NA,49.14020000000000,49.61740000000000,0.25610000000000,43.18260000000000,43.8474,13919.9579,49.0790,48.8229,0.2561,43.0367,48.9688,46.1755,2.7933,2.2913,13919.9579,NA,NA,NA
Stalker2-Win64-Shipping.exe,13648,0x4E568280,DXGI,0,0,1,Hardware Composed: Independent Flip,14019.7086,NA,50.92780000000000,50.17060000000000,0.33320000000000,43.07380000000000,43.0902,13969.0369,51.0049,50.6717,0.3332,42.9265,50.8190,46.3465,4.4725,-1.0916,13969.0369,NA,NA,NA
Stalker2-Win64-Shipping.exe,13648,0x4E568280,DXGI,0,0,1,Hardware Composed: Independent Flip,14069.6116,NA,49.90300000000001,50.76360000000000,0.26700000000000,42.84030000000000,43.9508,14020.0418,49.8368,49.5698,0.2670,42.7406,49.6695,45.8683,3.8012,0.2413,14020.0418,NA,NA,NA
Stalker2-Win64-Shipping.exe,13648,0x4E568280,DXGI,0,0,1,Hardware Composed: Independent Flip,14121.7611,NA,52.14950000000000,51.14640000000000,0.25670000000000,42.93080000000000,42.9477,14069.8786,52.1392,51.8825,0.2567,42.5733,52.2400,46.9574,5.2826,-1.3096,14069.8786,NA,NA,NA
Stalker2-Win64-Shipping.exe,13648,0x4E568280,DXGI,0,0,1,Hardware Composed: Independent Flip,14170.9051,NA,49.14400000000001,50.12900000000000,0.26650000000000,42.52980000000000,43.9327,14122.0178,49.1538,48.8873,0.2665,42.6741,48.7430,45.6036,3.1394,2.0102,14122.0178,NA,NA,NA
Stalker2-Win64-Shipping.exe,13648,0x4E568280,DXGI,0,0,1,Hardware Composed: Independent Flip,14221.0810,NA,50.17590000000001,50.41870000000000,0.28570000000000,44.16120000000000,44.1755,14171.1716,50.1951,49.9094,0.2857,42.2633,51.8073,47.4631,4.3442,-1.2649,14171.1716,NA,NA,NA
Stalker2-Win64-Shipping.exe,13648,0x4E568280,DXGI,0,0,1,Hardware Composed: Independent Flip,14271.2132,NA,50.13220000000000,51.04390000000000,0.27260000000000,43.35550000000000,45.0872,14221.3667,50.1191,49.8465,0.2726,43.8755,49.3265,46.3718,2.9547,-0.8488,14221.3667,NA,NA,NA
Stalker2-Win64-Shipping.exe,13648,0x4E568280,DXGI,0,0,1,Hardware Composed: Independent Flip,14321.8937,NA,50.68050000000000,48.97880000000000,0.28200000000000,43.37100000000000,43.3855,14271.4858,50.6899,50.4079,0.2820,43.0829,50.6960,46.4892,4.2068,1.1403,14271.4858,NA,NA,NA
Stalker2-Win64-Shipping.exe,13648,0x4E568280,DXGI,0,0,1,Hardware Composed: Independent Flip,14371.8854,NA,49.99170000000000,50.46900000000000,0.32480000000000,43.04150000000000,43.8628,14322.1757,50.0345,49.7097,0.3248,43.0890,49.6622,46.1522,3.5100,0.2209,14322.1757,NA,NA,NA
Stalker2-Win64-Shipping.exe,13648,0x4E568280,DXGI,0,0,1,Hardware Composed: Independent Flip,14425.9535,NA,54.06810000000000,53.58990000000000,0.36520000000000,43.35680000000000,43.3846,14372.2102,54.1085,53.7433,0.3652,42.7167,54.3834,46.9836,7.3998,-3.5554,14372.2102,NA,NA,NA
Stalker2-Win64-Shipping.exe,13648,0x4E568280,DXGI,0,0,1,Hardware Composed: Independent Flip,14473.2218,NA,47.26830000000000,49.57390000000000,0.26660000000000,43.23150000000000,45.6902,14426.3187,47.1697,46.9031,0.2666,42.9916,47.1430,46.2497,0.8933,4.5346,14426.3187,NA,NA,NA
Stalker2-Win64-Shipping.exe,13648,0x4E568280,DXGI,0,0,1,Hardware Composed: Independent Flip,14527.8342,NA,54.61240000000000,52.20660000000000,0.31340000000000,43.26970000000000,43.2844,14473.4884,54.6592,54.3458,0.3134,42.9649,54.6506,46.5376,8.1130,-5.0369,14473.4884,NA,NA,NA
Stalker2-Win64-Shipping.exe,13648,0x4E568280,DXGI,0,0,1,Hardware Composed: Independent Flip,14574.2259,NA,46.39170000000000,49.39840000000000,0.30670000000000,43.26330000000000,46.2911,14528.1476,46.3850,46.0783,0.3067,42.9563,46.3853,46.2463,0.1390,5.2608,14528.1476,NA,NA,NA
Stalker2-Win64-Shipping.exe,13648,0x4E568280,DXGI,0,0,1,Hardware Composed: Independent Flip,14623.1910,NA,48.96510000000000,45.84970000000001,0.30060000000000,43.14640000000000,43.1757,14574.5326,48.9590,48.6584,0.3006,42.9566,48.8482,46.1043,2.7439,0.5353,14574.5326,NA,NA,NA
Stalker2-Win64-Shipping.exe,13648,0x4E568280,DXGI,0,0,1,Hardware Composed: Independent Flip,14673.6187,NA,50.42770000000000,53.05010000000000,0.32920000000000,42.87100000000000,45.7981,14623.4916,50.4563,50.1271,0.3292,42.8458,50.1523,45.9616,4.1907,-4.0911,14623.4916,NA,NA,NA
Stalker2-Win64-Shipping.exe,13648,0x4E568280,DXGI,0,0,1,Hardware Composed: Independent Flip,14725.3188,NA,51.70010000000000,50.14050000000000,0.25790000000000,44.22350000000000,44.2385,14673.9479,51.6288,51.3709,0.2579,42.5418,53.0526,47.5834,5.4692,0.3158,14673.9479,NA,NA,NA
Stalker2-Win64-Shipping.exe,13648,0x4E568280,DXGI,0,0,1,Hardware Composed: Independent Flip,14774.4146,NA,49.09580000000000,49.07660000000000,0.25150000000000,42.78340000000000,44.2193,14725.5767,49.0894,48.8379,0.2515,43.9656,47.6557,45.8299,1.8258,2.5522,14725.5767,NA,NA,NA
Stalker2-Win64-Shipping.exe,13648,0x4E568280,DXGI,0,0,1,Hardware Composed: Independent Flip,14824.4246,NA,50.01000000000001,49.61080000000000,0.32410000000000,43.79070000000000,43.8201,14774.6661,50.0826,49.7585,0.3241,42.5319,51.0173,46.9547,4.0626,-0.5214,14774.6661,NA,NA,NA
Stalker2-Win64-Shipping.exe,13648,0x4E568280,DXGI,0,0,1,Hardware Composed: Independent Flip,14874.4355,NA,50.01090000000000,51.51690000000000,0.31630000000000,43.35670000000000,45.3261,14824.7487,50.0031,49.6868,0.3163,43.4666,49.5769,46.3186,3.2583,-1.4343,14824.7487,NA,NA,NA
Stalker2-Win64-Shipping.exe,13648,0x4E568280,DXGI,0,0,1,Hardware Composed: Independent Flip,14924.2917,NA,49.85620000000000,48.04190000000001,0.28360000000000,43.48370000000000,43.5118,14874.7518,49.8235,49.5399,0.2836,43.0404,49.9832,46.6484,3.3348,1.9612,14874.7518,NA,NA,NA
Stalker2-Win64-Shipping.exe,13648,0x4E568280,DXGI,0,0,1,Hardware Composed: Independent Flip,14975.5585,NA,51.26680000000000,51.56480000000001,0.30190000000000,43.50750000000000,43.8098,14924.5753,51.2851,50.9832,0.3019,43.2001,51.2906,46.7329,4.5577,-1.7413,14924.5753,NA,NA,NA
Stalker2-Win64-Shipping.exe,13648,0x4E568280,DXGI,0,0,1,Hardware Composed: Independent Flip,15025.6589,NA,50.10040000000000,50.05540000000001,0.30160000000000,43.30020000000000,43.7648,14975.8604,50.1001,49.7985,0.3016,43.2056,49.8931,46.4138,3.4793,1.2297,14975.8604,NA,NA,NA
Stalker2-Win64-Shipping.exe,13648,0x4E568280,DXGI,0,0,1,Hardware Composed: Independent Flip,15076.5642,NA,50.90530000000000,50.54740000000000,0.31620000000000,43.37720000000000,43.4069,15025.9605,50.9199,50.6037,0.3162,42.9986,50.9823,46.4274,4.5549,-0.4473,15025.9605,NA,NA,NA
Stalker2-Win64-Shipping.exe,13648,0x4E568280,DXGI,0,0,1,Hardware Composed: Independent Flip,15126.9400,NA,50.37580000000001,50.88060000000000,0.29190000000000,43.14220000000000,43.9117,15076.8804,50.3515,50.0596,0.2919,43.0610,50.1408,46.2634,3.8774,0.0393,15076.8804,NA,NA,NA
Stalker2-Win64-Shipping.exe,13648,0x4E568280,DXGI,0,0,1,Hardware Composed: Independent Flip,15177.0616,NA,50.12160000000000,49.27000000000000,0.32570000000000,43.03350000000000,43.0601,15127.2319,50.1554,49.8297,0.3257,42.8503,50.0129,46.2014,3.8115,1.0815,15127.2319,NA,NA,NA
Stalker2-Win64-Shipping.exe,13648,0x4E568280,DXGI,0,0,1,Hardware Composed: Independent Flip,15228.4595,NA,51.39790000000000,51.50360000000001,0.29500000000000,43.15050000000000,43.1658,15177.3873,51.3672,51.0722,0.2950,42.7078,51.5149,46.3364,5.1785,-1.3482,15177.3873,NA,NA,NA
Stalker2-Win64-Shipping.exe,13648,0x4E568280,DXGI,0,0,1,Hardware Composed: Independent Flip,15277.6496,NA,49.19010000000000,49.78880000000000,0.30180000000000,43.08780000000000,43.7645,15228.7545,49.1969,48.8951,0.3018,42.8555,49.1274,46.1359,2.9915,1.5784,15228.7545,NA,NA,NA
Stalker2-Win64-Shipping.exe,13648,0x4E568280,DXGI,0,0,1,Hardware Composed: Independent Flip,15328.5942,NA,50.94460000000000,50.28750000000000,0.22800000000000,43.08590000000000,43.1074,15277.9514,50.8708,50.6428,0.2280,42.7860,50.9427,46.4002,4.5425,-1.0906,15277.9514,NA,NA,NA
Stalker2-Win64-Shipping.exe,13648,0x4E568280,DXGI,0,0,1,Hardware Composed: Independent Flip,15378.7617,NA,50.16750000000000,50.51250000000000,0.28510000000000,42.40320000000001,43.4524,15328.8222,50.2246,49.9395,0.2851,42.8579,49.4848,45.3567,4.1281,0.3583,15328.8222,NA,NA,NA
Stalker2-Win64-Shipping.exe,13648,0x4E568280,DXGI,0,0,1,Hardware Composed: Independent Flip,15429.7039,NA,50.94220000000000,51.95510000000000,0.27930000000000,44.43910000000000,44.4653,15379.0468,50.9364,50.6571,0.2793,42.1181,52.9781,47.7167,5.2614,-1.7305,15379.0468,NA,NA,NA
Stalker2-Win64-Shipping.exe,13648,0x4E568280,DXGI,0,0,1,Hardware Composed: Independent Flip,15479.6238,NA,49.91990000000001,50.67930000000000,0.31160000000000,43.39090000000000,45.2247,15429.9832,49.9522,49.6406,0.3116,44.1598,48.8717,46.4049,2.4668,0.2571,15429.9832,NA,NA,NA
Stalker2-Win64-Shipping.exe,13648,0x4E568280,DXGI,0,0,1,Hardware Composed: Independent Flip,15530.1072,NA,50.48340000000000,48.77060000000000,0.32210000000000,43.49700000000000,43.5119,15479.9354,50.4939,50.1718,0.3221,43.0793,50.5895,46.5933,3.9962,1.1816,15479.9354,NA,NA,NA
Stalker2-Win64-Shipping.exe,13648,0x4E568280,DXGI,0,0,1,Hardware Composed: Independent Flip,15580.8639,NA,50.75670000000000,51.09980000000000,0.31980000000000,42.78840000000000,43.8550,15530.4293,50.7544,50.4346,0.3198,43.1749,50.0481,45.8095,4.2386,-0.6059,15530.4293,NA,NA,NA
Stalker2-Win64-Shipping.exe,13648,0x4E568280,DXGI,0,0,1,Hardware Composed: Independent Flip,15630.4587,NA,49.59480000000000,49.06960000000000,0.26500000000000,43.30050000000000,43.3298,15581.1837,49.5400,49.2750,0.2650,42.4686,50.1069,46.3917,3.7152,1.6848,15581.1837,NA,NA,NA
Stalker2-Win64-Shipping.exe,13648,0x4E568280,DXGI,0,0,1,Hardware Composed: Independent Flip,15681.4678,NA,51.00910000000000,50.66160000000000,0.27930000000000,42.89140000000000,42.9823,15630.7237,51.0234,50.7441,0.2793,43.0355,50.6000,46.0466,4.5534,-1.1216,15630.7237,NA,NA,NA
Stalker2-Win64-Shipping.exe,13648,0x4E568280,DXGI,0,0,1,Hardware Composed: Independent Flip,15732.5360,NA,51.06820000000000,51.30820000000000,0.42200000000000,43.04870000000000,43.2223,15681.7471,51.2109,50.7889,0.4220,42.6121,51.2255,46.2766,4.9489,-0.2848,15681.7471,NA,NA,NA
Stalker2-Win64-Shipping.exe,13648,0x4E568280,DXGI,0,0,1,Hardware Composed: Independent Flip,15782.8869,NA,50.35090000000000,50.91950000000000,0.31330000000000,43.42470000000000,43.7909,15732.9580,50.2422,49.9289,0.3133,42.6267,50.7269,46.4751,4.2518,0.2914,15732.9580,NA,NA,NA
Stalker2-Win64-Shipping.exe,13648,0x4E568280,DXGI,0,0,1,Hardware Composed: Independent Flip,15834.5116,NA,51.62470000000000,51.16260000000000,0.33930000000000,43.30120000000000,43.3288,15783.2002,51.6507,51.3114,0.3393,43.1114,51.5012,46.4606,5.0406,-0.9204,15783.2002,NA,NA,NA
Stalker2-Win64-Shipping.exe,13648,0x4E568280,DXGI,0,0,1,Hardware Composed: Independent Flip,15883.4026,NA,48.89100000000001,49.25190000000000,0.25690000000000,43.19100000000000,43.6897,15834.8509,48.8086,48.5517,0.2569,42.9619,48.7808,46.2175,2.5633,2.3988,15834.8509,NA,NA,NA
Stalker2-Win64-Shipping.exe,13648,0x4E568280,DXGI,0,0,1,Hardware Composed: Independent Flip,15934.5165,NA,51.11390000000000,51.25830000000001,0.27590000000000,43.80670000000000,43.8341,15883.6595,51.1329,50.8570,0.2759,42.9341,51.7296,47.1601,4.5695,-2.4497,15883.6595,NA,NA,NA
Stalker2-Win64-Shipping.exe,13648,0x4E568280,DXGI,0,0,1,Hardware Composed: Independent Flip,15983.9512,NA,49.43470000000000,50.62030000000000,0.25610000000000,43.31580000000000,45.0197,15934.7924,49.4149,49.1588,0.2561,43.5308,48.9438,46.3725,2.5713,0.5126,15934.7924,NA,NA,NA
Stalker2-Win64-Shipping.exe,13648,0x4E568280,DXGI,0,0,1,Hardware Composed: Independent Flip,16033.9919,NA,50.04070000000000,49.00280000000000,0.28550000000000,43.96740000000000,43.9818,15984.2073,50.0701,49.7846,0.2855,43.0597,50.6923,47.0999,3.5924,0.4121,15984.2073,NA,NA,NA
Stalker2-Win64-Shipping.exe,13648,0x4E568280,DXGI,0,0,1,Hardware Composed: Independent Flip,16084.2143,NA,50.22240000000000,50.25830000000001,0.30380000000000,42.97970000000000,44.0177,16034.2774,50.2407,49.9369,0.3038,43.6819,49.2347,46.0131,3.2216,-0.1882,16034.2774,NA,NA,NA
Stalker2-Win64-Shipping.exe,13648,0x4E568280,DXGI,0,0,1,Hardware Composed: Independent Flip,16135.0613,NA,50.84700000000000,49.71210000000000,0.26870000000000,42.86550000000000,42.8828,16084.5181,50.8119,50.5432,0.2687,42.6759,50.7328,46.2062,4.5266,0.5286,16084.5181,NA,NA,NA
Stalker2-Win64-Shipping.exe,13648,0x4E568280,DXGI,0,0,1,Hardware Composed: Independent Flip,16184.6469,NA,49.58560000000000,50.54070000000000,0.27100000000000,42.95080000000000,43.8379,16135.3300,49.5879,49.3169,0.2710,42.5968,49.6709,45.9583,3.7126,0.2712,16135.3300,NA,NA,NA
Stalker2-Win64-Shipping.exe,13648,0x4E568280,DXGI,0,0,1,Hardware Composed: Independent Flip,16235.6195,NA,50.97260000000000,50.49160000000001,0.27620000000000,43.34210000000000,43.3569,16184.9179,50.9778,50.7016,0.2762,42.6798,51.3639,46.6268,4.7371,-0.9037,16184.9179,NA,NA,NA
Stalker2-Win64-Shipping.exe,13648,0x4E568280,DXGI,0,0,1,Hardware Composed: Independent Flip,16285.8990,NA,50.27950000000001,51.41120000000000,0.28380000000000,43.59830000000000,44.4886,16235.8957,50.2871,50.0033,0.2838,43.0659,50.5357,46.6335,3.9022,-0.4334,16235.8957,NA,NA,NA
Stalker2-Win64-Shipping.exe,13648,0x4E568280,DXGI,0,0,1,Hardware Composed: Independent Flip,16336.4832,NA,50.58420000000000,49.95110000000000,0.28890000000000,43.84100000000000,43.8555,16286.1828,50.5893,50.3004,0.2889,43.3145,50.8269,46.8337,3.9932,0.3360,16286.1828,NA,NA,NA
Stalker2-Win64-Shipping.exe,13648,0x4E568280,DXGI,0,0,1,Hardware Composed: Independent Flip,16386.4103,NA,49.92710000000000,49.70740000000000,0.29520000000000,43.50980000000001,43.6358,16336.7721,49.9334,49.6382,0.2952,43.5521,49.5959,46.6721,2.9238,0.8819,16336.7721,NA,NA,NA
Stalker2-Win64-Shipping.exe,13648,0x4E568280,DXGI,0,0,1,Hardware Composed: Independent Flip,16436.4891,NA,50.07880000000000,49.88650000000001,0.29240000000000,43.42830000000000,43.4435,16386.7055,50.0760,49.7836,0.2924,43.2146,49.9973,46.5898,3.4075,0.0469,16386.7055,NA,NA,NA
Stalker2-Win64-Shipping.exe,13648,0x4E568280,DXGI,0,0,1,Hardware Composed: Independent Flip,16486.5880,NA,50.09890000000000,50.38530000000000,0.30630000000000,43.39240000000000,43.7299,16436.7815,50.1128,49.8065,0.3063,43.1359,50.0630,46.4995,3.5635,-0.3093,16436.7815,NA,NA,NA
Stalker2-Win64-Shipping.exe,13648,0x4E568280,DXGI,0,0,1,Hardware Composed: Independent Flip,16537.6225,NA,51.03450000000000,50.38030000000001,0.30480000000000,43.05610000000000,43.0757,16486.8943,51.0330,50.7282,0.3048,43.0861,50.6982,46.1342,4.5640,-0.2675,16486.8943,NA,NA,NA
Stalker2-Win64-Shipping.exe,13648,0x4E568280,DXGI,0,0,1,Hardware Composed: Independent Flip,16587.0949,NA,49.47240000000000,49.59070000000001,0.25450000000000,42.83340000000000,43.1940,16537.9273,49.4221,49.1676,0.2545,42.7513,49.2497,45.9006,3.3491,1.4423,16537.9273,NA,NA,NA
Stalker2-Win64-Shipping.exe,13648,0x4E568280,DXGI,0,0,1,Hardware Composed: Independent Flip,16637.6814,NA,50.58650000000000,51.78830000000000,0.24010000000000,44.37850000000000,44.3958,16587.3494,50.5721,50.3320,0.2401,42.5789,52.1316,47.5784,4.5532,-2.3662,16587.3494,NA,NA,NA
Stalker2-Win64-Shipping.exe,13648,0x4E568280,DXGI,0,0,1,Hardware Composed: Independent Flip,16688.1045,NA,50.42310000000001,50.27300000000000,0.22910000000000,42.72370000000000,44.2457,16637.9215,50.4121,50.1830,0.2291,44.1384,48.7683,46.2198,2.5485,0.2991,16637.9215,NA,NA,NA
Stalker2-Win64-Shipping.exe,13648,0x4E568280,DXGI,0,0,1,Hardware Composed: Independent Flip,16739.1213,NA,51.01680000000000,50.32680000000001,0.27270000000000,43.54160000000000,43.5557,16688.3336,51.0604,50.7877,0.2727,42.4946,51.8347,46.8493,4.9854,0.0853,16688.3336,NA,NA,NA
Stalker2-Win64-Shipping.exe,13648,0x4E568280,DXGI,0,0,1,Hardware Composed: Independent Flip,16789.0151,NA,49.89380000000001,50.95180000000001,0.25610000000000,42.95240000000000,44.6137,16739.3940,49.8772,49.6211,0.2561,43.2689,49.3046,46.1493,3.1553,0.1086,16739.3940,NA,NA,NA
Stalker2-Win64-Shipping.exe,13648,0x4E568280,DXGI,0,0,1,Hardware Composed: Independent Flip,16839.2407,NA,50.22560000000000,49.14760000000000,0.24960000000000,43.51820000000000,43.5357,16789.2712,50.2191,49.9695,0.2496,42.6963,50.7914,46.8042,3.9872,0.7296,16789.2712,NA,NA,NA
Stalker2-Win64-Shipping.exe,13648,0x4E568280,DXGI,0,0,1,Hardware Composed: Independent Flip,16889.6309,NA,50.39020000000000,51.06050000000000,0.27500000000000,43.29940000000000,44.2060,16839.4903,50.4156,50.1406,0.2750,43.2686,50.1714,46.2981,3.8733,-0.8414,16839.4903,NA,NA,NA
Stalker2-Win64-Shipping.exe,13648,0x4E568280,DXGI,0,0,1,Hardware Composed: Independent Flip,16939.9872,NA,50.35630000000000,49.68260000000000,0.25620000000000,43.50510000000000,43.5323,16889.9059,50.3375,50.0813,0.2562,43.0244,50.5620,46.5297,4.0323,0.7330,16889.9059,NA,NA,NA
Stalker2-Win64-Shipping.exe,13648,0x4E568280,DXGI,0,0,1,Hardware Composed: Independent Flip,16990.4757,NA,50.48850000000000,50.13420000000000,0.31260000000000,42.94110000000000,43.1780,16940.2434,50.5449,50.2323,0.3126,43.2489,49.9245,46.0820,3.8425,0.2033,16940.2434,NA,NA,NA
Stalker2-Win64-Shipping.exe,13648,0x4E568280,DXGI,0,0,1,Hardware Composed: Independent Flip,17040.4720,NA,49.99630000000001,50.22210000000000,0.26660000000000,43.38530000000000,43.4038,16990.7883,49.9503,49.6837,0.2666,42.6285,50.4405,46.4940,3.9465,0.3228,16990.7883,NA,NA,NA
Stalker2-Win64-Shipping.exe,13648,0x4E568280,DXGI,0,0,1,Hardware Composed: Independent Flip,17090.5061,NA,50.03410000000000,50.11250000000000,0.31270000000000,43.17640000000000,43.4822,17040.7386,50.0802,49.7675,0.3127,43.1187,49.8252,46.1414,3.6838,-0.1622,17040.7386,NA,NA,NA
Stalker2-Win64-Shipping.exe,13648,0x4E568280,DXGI,0,0,1,Hardware Composed: Independent Flip,17140.3442,NA,49.83810000000000,49.27540000000000,0.28530000000000,42.88990000000000,42.9195,17090.8188,49.8107,49.5254,0.2853,42.8637,49.5516,46.8980,2.6536,0.8048,17090.8188,NA,NA,NA
Stalker2-Win64-Shipping.exe,13648,0x4E568280,DXGI,0,0,1,Hardware Composed: Independent Flip,17190.1087,NA,49.76450000000001,50.04520000000000,0.29860000000000,43.18530000000001,43.2002,17140.6295,49.7778,49.4792,0.2986,42.6046,50.0599,46.1792,3.8807,-0.2345,17140.6295,NA,NA,NA
Stalker2-Win64-Shipping.exe,13648,0x4E568280,DXGI,0,0,1,Hardware Composed: Independent Flip,17239.8813,NA,49.77260000000000,51.13450000000000,0.26910000000000,44.38240000000000,44.5621,17190.4073,49.7431,49.4740,0.2691,42.8867,50.9697,47.4999,3.4698,-1.3567,17190.4073,NA,NA,NA
Stalker2-Win64-Shipping.exe,13648,0x4E568280,DXGI,0,0,1,Hardware Composed: Independent Flip,17291.5699,NA,51.68860000000000,50.68650000000000,0.25900000000000,43.11150000000000,43.5600,17240.1504,51.6785,51.4195,0.2590,44.1133,50.4177,46.1951,4.2226,-0.9434,17240.1504,NA,NA,NA
Stalker2-Win64-Shipping.exe,13648,0x4E568280,DXGI,0,0,1,Hardware Composed: Independent Flip,17340.6290,NA,49.05910000000000,48.72120000000000,0.38250000000000,43.20730000000000,43.2221,17291.8289,49.1826,48.8001,0.3825,42.8525,49.1549,46.3419,2.8130,2.9573,17291.8289,NA,NA,NA
Stalker2-Win64-Shipping.exe,13648,0x4E568280,DXGI,0,0,1,Hardware Composed: Independent Flip,17390.0169,NA,49.38790000000000,49.41370000000001,0.35120000000000,43.21060000000000,43.2479,17341.0115,49.3566,49.0054,0.3512,42.8248,49.3912,46.2573,3.1339,-0.2311,17341.0115,NA,NA,NA
Stalker2-Win64-Shipping.exe,13648,0x4E568280,DXGI,0,0,1,Hardware Composed: Independent Flip,17440.7433,NA,50.72640000000001,50.73940000000000,0.33210000000000,42.91360000000000,43.2609,17390.3681,50.7073,50.3752,0.3321,42.8594,50.4294,45.9867,4.4427,-1.3828,17390.3681,NA,NA,NA
Stalker2-Win64-Shipping.exe,13648,0x4E568280,DXGI,0,0,1,Hardware Composed: Independent Flip,17489.9672,NA,49.22390000000000,49.45540000000000,0.25500000000000,43.27540000000000,43.4924,17441.0754,49.1468,48.8918,0.2550,42.5815,49.5857,46.3176,3.2681,1.2519,17441.0754,NA,NA,NA
Stalker2-Win64-Shipping.exe,13648,0x4E568280,DXGI,0,0,1,Hardware Composed: Independent Flip,17542.2280,NA,52.26080000000000,54.01100000000000,0.30720000000000,45.22750000000000,45.2426,17490.2222,52.3130,52.0058,0.3072,43.0204,54.2129,48.5847,5.6282,-4.8642,17490.2222,NA,NA,NA
Stalker2-Win64-Shipping.exe,13648,0x4E568280,DXGI,0,0,1,Hardware Composed: Independent Flip,17591.3403,NA,49.11230000000000,49.69310000000000,0.26170000000000,43.30620000000000,45.8234,17542.5352,49.0668,48.8051,0.2617,44.9203,47.1910,46.3475,0.8435,2.6199,17542.5352,NA,NA,NA
Stalker2-Win64-Shipping.exe,13648,0x4E568280,DXGI,0,0,1,Hardware Composed: Independent Flip,17641.1717,NA,49.83140000000000,47.15170000000001,0.27300000000000,43.12560000000000,43.1437,17591.6020,49.8427,49.5697,0.2730,43.0445,49.6508,46.2998,3.3510,1.9151,17591.6020,NA,NA,NA
Stalker2-Win64-Shipping.exe,13648,0x4E568280,DXGI,0,0,1,Hardware Composed: Independent Flip,17691.0559,NA,49.88420000000000,51.91590000000000,0.27090000000000,43.55010000000000,45.1754,17641.4447,49.8821,49.6112,0.2709,42.8526,50.3087,46.5699,3.7388,-2.0732,17641.4447,NA,NA,NA
Stalker2-Win64-Shipping.exe,13648,0x4E568280,DXGI,0,0,1,Hardware Composed: Independent Flip,17741.4493,NA,50.39340000000000,48.61910000000000,0.27740000000000,43.38540000000000,43.4011,17691.3268,50.3999,50.1225,0.2774,43.2792,50.2287,46.6039,3.6248,1.2630,17691.3268,NA,70.6431,NA
Stalker2-Win64-Shipping.exe,13648,0x4E568280,DXGI,0,0,1,Hardware Composed: Independent Flip,17791.3761,NA,49.92680000000000,49.47840000000000,0.25680000000000,42.93970000000000,42.9527,17741.7267,49.9062,49.6494,0.2568,43.1080,49.4811,46.1687,3.3124,0.9215,17741.7267,NA,NA,NA
Stalker2-Win64-Shipping.exe,13648,0x4E568280,DXGI,0,0,1,Hardware Composed: Independent Flip,17842.3675,NA,50.99140000000001,52.18900000000000,0.34030000000000,44.13600000000000,44.1503,17791.6329,51.0749,50.7346,0.3403,42.6829,52.1877,47.4012,4.7865,-2.2828,17791.6329,NA,NA,NA
Stalker2-Win64-Shipping.exe,13648,0x4E568280,DXGI,0,0,1,Hardware Composed: Independent Flip,17892.2657,NA,49.89820000000000,49.87040000000000,0.31730000000000,42.80020000000000,44.1225,17842.7078,49.8752,49.5579,0.3173,43.7957,48.5624,45.8515,2.7109,1.2045,17842.7078,NA,NA,NA
Stalker2-Win64-Shipping.exe,13648,0x4E568280,DXGI,0,0,1,Hardware Composed: Independent Flip,17942.7391,NA,50.47340000000001,49.32380000000001,0.29050000000000,42.95630000000000,42.9729,17892.5830,50.4466,50.1561,0.2905,42.4829,50.6295,46.3896,4.2399,0.5514,17892.5830,NA,NA,NA
Stalker2-Win64-Shipping.exe,13648,0x4E568280,DXGI,0,0,1,Hardware Composed: Independent Flip,17992.8646,NA,50.12550000000000,51.82930000000000,0.25510000000000,43.41120000000000,44.6767,17943.0296,50.0901,49.8350,0.2551,42.6658,50.5804,46.4491,4.1313,-1.3827,17943.0296,NA,NA,NA
Stalker2-Win64-Shipping.exe,13648,0x4E568280,DXGI,0,0,1,Hardware Composed: Independent Flip,18043.8383,NA,50.97370000000000,49.35190000000000,0.31910000000000,43.02400000000000,43.0549,17993.1197,51.0377,50.7186,0.3191,43.1561,50.5865,46.2559,4.3306,0.7382,17993.1197,NA,NA,NA
Stalker2-Win64-Shipping.exe,13648,0x4E568280,DXGI,0,0,1,Hardware Composed: Independent Flip,18094.5823,NA,50.74400000000000,50.95960000000000,0.28530000000000,43.24100000000000,43.2705,18044.1574,50.7102,50.4249,0.2853,42.7049,50.9610,46.4222,4.5388,0.0781,18044.1574,NA,NA,NA
Stalker2-Win64-Shipping.exe,13648,0x4E568280,DXGI,0,0,1,Hardware Composed: Independent Flip,18145.0919,NA,50.50960000000000,50.28980000000000,0.35620000000000,42.71630000000000,43.0507,18094.8676,50.5805,50.2243,0.3562,42.9557,49.9849,45.8311,4.1538,0.4204,18094.8676,NA,NA,NA
Stalker2-Win64-Shipping.exe,13648,0x4E568280,DXGI,0,0,1,Hardware Composed: Independent Flip,18196.0451,NA,50.95320000000000,51.44950000000000,0.26470000000000,43.53200000000000,43.5470,18145.4481,50.8617,50.5970,0.2647,42.3601,51.7689,46.7874,4.9815,-0.8690,18145.4481,NA,NA,NA
Stalker2-Win64-Shipping.exe,13648,0x4E568280,DXGI,0,0,1,Hardware Composed: Independent Flip,18245.6962,NA,49.65110000000000,50.17690000000000,0.32250000000000,43.15770000000001,44.0728,18196.3098,49.7089,49.3864,0.3225,43.2673,49.2768,46.2323,3.0445,0.6848,18196.3098,NA,NA,NA
Stalker2-Win64-Shipping.exe,13648,0x4E568280,DXGI,0,0,1,Hardware Composed: Independent Flip,18296.3308,NA,50.63460000000000,49.83670000000000,0.29950000000000,43.25700000000001,43.2749,18246.0187,50.6116,50.3121,0.2995,42.8352,50.7339,46.3193,4.4146,-0.1278,18246.0187,NA,NA,NA
Stalker2-Win64-Shipping.exe,13648,0x4E568280,DXGI,0,0,1,Hardware Composed: Independent Flip,18346.5577,NA,50.22690000000000,50.89200000000000,0.33270000000000,43.00000000000000,43.9400,18296.6303,50.2601,49.9274,0.3327,42.9575,49.9699,46.1798,3.7901,-0.2804,18296.6303,NA,NA,NA
Stalker2-Win64-Shipping.exe,13648,0x4E568280,DXGI,0,0,1,Hardware Composed: Independent Flip,18396.0927,NA,49.53500000000000,48.10270000000001,0.27790000000000,42.48810000000000,42.5077,18346.8904,49.4802,49.2023,0.2779,42.6673,49.0231,45.5757,3.4474,2.1574,18346.8904,NA,NA,NA
Stalker2-Win64-Shipping.exe,13648,0x4E568280,DXGI,0,0,1,Hardware Composed: Independent Flip,18445.8718,NA,49.77910000000000,51.43250000000000,0.25890000000000,44.14590000000000,44.1611,18396.3706,49.7601,49.5012,0.2589,42.2102,51.4369,47.6908,3.7461,-1.9523,18396.3706,NA,NA,NA
Stalker2-Win64-Shipping.exe,13648,0x4E568280,DXGI,0,0,1,Hardware Composed: Independent Flip,18495.5804,NA,49.70860000000000,49.32160000000000,0.28470000000000,42.59040000000000,43.7741,18446.1307,49.7344,49.4497,0.2847,43.8870,48.1531,45.8243,2.3288,0.4385,18446.1307,NA,NA,NA
Stalker2-Win64-Shipping.exe,13648,0x4E568280,DXGI,0,0,1,Hardware Composed: Independent Flip,18545.7855,NA,50.20510000000000,49.54130000000000,0.27820000000000,43.09500000000000,43.1103,18495.8651,50.1986,49.9204,0.2782,42.3057,50.7097,46.3691,4.3406,0.1931,18495.8651,NA,NA,NA
Stalker2-Win64-Shipping.exe,13648,0x4E568280,DXGI,0,0,1,Hardware Composed: Independent Flip,18595.4034,NA,49.61790000000001,50.60180000000000,0.27560000000000,42.58510000000000,44.0942,18546.0637,49.6153,49.3397,0.2756,42.8168,49.1080,45.8656,3.2424,-0.4032,18546.0637,NA,NA,NA
Stalker2-Win64-Shipping.exe,13648,0x4E568280,DXGI,0,0,1,Hardware Composed: Independent Flip,18645.2960,NA,49.89260000000000,48.60730000000000,0.27840000000000,42.78100000000000,42.8089,18595.6790,49.8954,49.6170,0.2784,42.3095,50.0885,46.0001,4.0884,1.0080,18595.6790,NA,NA,NA
Stalker2-Win64-Shipping.exe,13648,0x4E568280,DXGI,0,0,1,Hardware Composed: Independent Flip,18695.6126,NA,50.31660000000000,51.10490000000000,0.26850000000000,43.03370000000000,43.5972,18645.5744,50.3067,50.0382,0.2685,42.5026,50.5693,46.3917,4.1776,-1.2095,18645.5744,NA,NA,NA
Stalker2-Win64-Shipping.exe,13648,0x4E568280,DXGI,0,0,1,Hardware Composed: Independent Flip,18745.4443,NA,49.83170000000000,49.80370000000000,0.31470000000000,43.34590000000000,43.5692,18695.8811,49.8779,49.5632,0.3147,42.7652,50.1439,46.5286,3.6153,0.5030,18695.8811,NA,NA,NA
Stalker2-Win64-Shipping.exe,13648,0x4E568280,DXGI,0,0,1,Hardware Composed: Independent Flip,18795.5322,NA,50.08790000000000,49.85460000000000,0.27660000000000,43.32370000000000,43.3359,18745.7590,50.0498,49.7732,0.2766,43.0312,50.0657,46.4292,3.6365,0.0233,18745.7590,NA,NA,NA
Stalker2-Win64-Shipping.exe,13648,0x4E568280,DXGI,0,0,1,Hardware Composed: Independent Flip,18846.7034,NA,51.17120000000000,50.99390000000000,0.32090000000000,42.89230000000000,43.1586,18795.8088,51.2155,50.8946,0.3209,43.0471,50.7398,46.0749,4.6649,-0.9441,18795.8088,NA,NA,NA
Stalker2-Win64-Shipping.exe,13648,0x4E568280,DXGI,0,0,1,Hardware Composed: Independent Flip,18895.9298,NA,49.22640000000001,49.61620000000000,0.31490000000000,43.30500000000000,43.5484,18847.0243,49.2204,48.9055,0.3149,42.5714,49.6391,46.4524,3.1867,1.5993,18847.0243,NA,NA,NA
Stalker2-Win64-Shipping.exe,13648,0x4E568280,DXGI,0,0,1,Hardware Composed: Independent Flip,18946.7033,NA,50.77350000000001,50.48640000000000,0.29800000000000,43.24620000000000,43.2613,18896.2447,50.7566,50.4586,0.2980,42.9901,50.7147,46.3972,4.3175,-1.2660,18896.2447,NA,NA,NA
Stalker2-Win64-Shipping.exe,13648,0x4E568280,DXGI,0,0,1,Hardware Composed: Independent Flip,18996.4694,NA,49.76610000000000,50.12230000000000,0.33340000000000,42.87870000000000,43.6175,18947.0013,49.8015,49.4681,0.3334,42.9482,49.3986,45.9483,3.4503,0.6343,18947.0013,NA,NA,NA
Stalker2-Win64-Shipping.exe,13648,0x4E568280,DXGI,0,0,1,Hardware Composed: Independent Flip,19046.3951,NA,49.92570000000000,50.04470000000000,0.26540000000000,43.72180000000000,43.7365,18996.8028,49.8577,49.5923,0.2654,42.5453,50.7688,46.8500,3.9188,-0.2432,18996.8028,NA,NA,NA
Stalker2-Win64-Shipping.exe,13648,0x4E568280,DXGI,0,0,1,Hardware Composed: Independent Flip,19096.4029,NA,50.00780000000000,50.37420000000000,0.26900000000000,43.36520000000000,44.1029,19046.6605,50.0114,49.7424,0.2690,43.4564,49.6512,46.4973,3.1539,-0.5165,19046.6605,NA,NA,NA
Stalker2-Win64-Shipping.exe,13648,0x4E568280,DXGI,0,0,1,Hardware Composed: Independent Flip,19146.6840,NA,50.28110000000000,48.98600000000000,0.31960000000000,42.79450000000000,42.8078,19096.6719,50.3317,50.0121,0.3196,43.0962,49.7104,45.7823,3.9281,1.0254,19096.6719,NA,NA,NA
Stalker2-Win64-Shipping.exe,13648,0x4E568280,DXGI,0,0,1,Hardware Composed: Independent Flip,19197.8409,NA,51.15690000000000,51.62080000000000,0.29720000000000,43.12850000000000,43.2717,19147.0036,51.1345,50.8373,0.2972,42.4749,51.4909,46.3956,5.0953,-1.2891,19147.0036,NA,NA,NA
Stalker2-Win64-Shipping.exe,13648,0x4E568280,DXGI,0,0,1,Hardware Composed: Independent Flip,19247.4896,NA,49.64870000000001,50.25400000000000,0.32560000000000,43.23150000000000,43.8770,19198.1381,49.6771,49.3515,0.3256,42.8313,49.7517,46.3446,3.4071,0.8805,19198.1381,NA,NA,NA
Stalker2-Win64-Shipping.exe,13648,0x4E568280,DXGI,0,0,1,Hardware Composed: Independent Flip,19297.9164,NA,50.42680000000000,49.67180000000000,0.27400000000000,43.10430000000000,43.1220,19247.8152,50.3752,50.1012,0.2740,42.9059,50.2996,46.1561,4.1435,0.0053,19247.8152,NA,NA,NA
Stalker2-Win64-Shipping.exe,13648,0x4E568280,DXGI,0,0,1,Hardware Composed: Independent Flip,19348.6273,NA,50.71090000000000,51.01740000000000,0.30860000000000,43.00150000000000,43.4285,19298.1904,50.7455,50.4369,0.3086,42.8303,50.6081,46.2300,4.3781,-0.6422,19298.1904,NA,NA,NA
Stalker2-Win64-Shipping.exe,13648,0x4E568280,DXGI,0,0,1,Hardware Composed: Independent Flip,19398.5685,NA,49.94120000000000,50.17140000000001,0.29730000000000,43.64750000000000,43.6587,19348.9359,49.9299,49.6326,0.2973,42.6929,50.5872,46.6432,3.9440,0.5741,19348.9359,NA,NA,NA
Stalker2-Win64-Shipping.exe,13648,0x4E568280,DXGI,0,0,1,Hardware Composed: Independent Flip,19448.6655,NA,50.09700000000000,49.53640000000000,0.26330000000000,43.08060000000000,43.0981,19398.8658,50.0630,49.7997,0.2633,43.3502,49.5301,46.1553,3.3748,0.3935,19398.8658,NA,NA,NA
Stalker2-Win64-Shipping.exe,13648,0x4E568280,DXGI,0,0,1,Hardware Composed: Independent Flip,19498.4700,NA,49.80450000000000,49.76590000000000,0.28820000000000,43.04660000000001,43.0595,19448.9288,49.8294,49.5412,0.2882,42.8173,49.7705,46.0865,3.6840,0.2971,19448.9288,NA,NA,NA
Stalker2-Win64-Shipping.exe,13648,0x4E568280,DXGI,0,0,1,Hardware Composed: Independent Flip,19549.6085,NA,51.13850000000000,51.14610000000000,0.27540000000000,42.86380000000000,43.0671,19498.7582,51.1257,50.8503,0.2754,42.7584,50.9557,46.0192,4.9365,-1.3167,19498.7582,NA,NA,NA
Stalker2-Win64-Shipping.exe,13648,0x4E568280,DXGI,0,0,1,Hardware Composed: Independent Flip,19598.8758,NA,49.26730000000001,49.62880000000001,0.25890000000000,43.02360000000000,43.4286,19549.8839,49.2508,48.9919,0.2589,42.5884,49.4271,46.0901,3.3370,1.4969,19549.8839,NA,NA,NA
Stalker2-Win64-Shipping.exe,13648,0x4E568280,DXGI,0,0,1,Hardware Composed: Independent Flip,19648.9937,NA,50.11790000000001,50.88050000000000,0.31720000000000,44.17730000000000,44.1912,19599.1347,50.1762,49.8590,0.3172,42.7647,51.2716,47.2009,4.0707,-1.6297,19599.1347,NA,NA,NA
Stalker2-Win64-Shipping.exe,13648,0x4E568280,DXGI,0,0,1,Hardware Composed: Independent Flip,19698.8637,NA,49.87000000000000,50.17950000000000,0.25980000000000,43.39600000000000,44.5007,19649.3109,49.8126,49.5528,0.2598,43.8601,49.0887,46.4524,2.6363,-0.0033,19649.3109,NA,NA,NA
Stalker2-Win64-Shipping.exe,13648,0x4E568280,DXGI,0,0,1,Hardware Composed: Independent Flip,19748.9905,NA,50.12680000000000,49.00560000000000,0.27000000000000,43.34060000000000,43.3795,19699.1235,50.1370,49.8670,0.2700,43.1362,50.0714,46.3945,3.6769,0.8070,19699.1235,NA,NA,NA
Stalker2-Win64-Shipping.exe,13648,0x4E568280,DXGI,0,0,1,Hardware Composed: Independent Flip,19798.7897,NA,49.79920000000000,50.33750000000001,0.29490000000000,43.29490000000001,43.9178,19749.2605,49.8241,49.5292,0.2949,43.0706,49.7535,46.3235,3.4300,-0.2005,19749.2605,NA,NA,NA
Stalker2-Win64-Shipping.exe,13648,0x4E568280,DXGI,0,0,1,Hardware Composed: Independent Flip,19849.3287,NA,50.53900000000000,49.73150000000000,0.32200000000000,43.09510000000000,43.1103,19799.0846,50.5661,50.2441,0.3220,43.0000,50.3392,46.2145,4.1247,0.0926,19799.0846,NA,NA,NA
Stalker2-Win64-Shipping.exe,13648,0x4E568280,DXGI,0,0,1,Hardware Composed: Independent Flip,19899.6109,NA,50.28220000000000,50.75440000000000,0.31040000000000,43.27460000000000,43.5825,19849.6507,50.2706,49.9602,0.3104,42.7731,50.4617,46.3465,4.1152,-0.1883,19849.6507,NA,NA,NA
Stalker2-Win64-Shipping.exe,13648,0x4E568280,DXGI,0,0,1,Hardware Composed: Independent Flip,19951.0084,NA,51.39750000000000,51.06680000000000,0.27640000000000,43.16850000000000,43.2518,19899.9213,51.3635,51.0871,0.2764,42.9642,51.2914,46.4798,4.8116,-0.7962,19899.9213,NA,NA,NA
Stalker2-Win64-Shipping.exe,13648,0x4E568280,DXGI,0,0,1,Hardware Composed: Independent Flip,20001.2699,NA,50.26150000000001,50.93420000000000,0.27400000000000,43.53030000000000,43.9245,19951.2848,50.2591,49.9851,0.2740,42.8921,50.6233,46.6562,3.9671,0.4293,19951.2848,NA,NA,NA
Stalker2-Win64-Shipping.exe,13648,0x4E568280,DXGI,0,0,1,Hardware Composed: Independent Flip,20051.2364,NA,49.96650000000000,48.97810000000000,0.29900000000000,42.90810000000000,42.9361,20001.5439,49.9915,49.6925,0.2990,43.2563,49.3443,46.0326,3.3117,1.2810,20001.5439,NA,NA,NA
Stalker2-Win64-Shipping.exe,13648,0x4E568280,DXGI,0,0,1,Hardware Composed: Independent Flip,20102.0018,NA,50.76540000000000,51.55800000000000,0.30140000000000,43.71210000000000,43.7287,20051.5354,50.7678,50.4664,0.3014,42.6091,51.5694,46.8307,4.7387,-1.5665,20051.5354,NA,NA,NA
Stalker2-Win64-Shipping.exe,13648,0x4E568280,DXGI,0,0,1,Hardware Composed: Independent Flip,20153.0965,NA,51.09470000000000,51.69250000000000,0.32730000000000,43.04890000000000,44.3265,20102.3032,51.1206,50.7933,0.3273,43.4107,50.4315,46.2238,4.2077,-0.9247,20102.3032,NA,NA,NA
Stalker2-Win64-Shipping.exe,13648,0x4E568280,DXGI,0,0,1,Hardware Composed: Independent Flip,20203.8373,NA,50.74080000000000,50.10530000000000,0.28180000000000,43.67750000000000,43.6910,20153.4238,50.6953,50.4135,0.2818,42.7216,51.3694,46.9010,4.4684,1.0153,20153.4238,NA,NA,NA
Stalker2-Win64-Shipping.exe,13648,0x4E568280,DXGI,0,0,1,Hardware Composed: Independent Flip,20253.5490,NA,49.71170000000000,50.67730000000000,0.30350000000000,44.19630000000000,44.6566,20204.1191,49.7334,49.4299,0.3035,43.3957,50.2305,47.2974,2.9331,0.0180,20204.1191,NA,NA,NA
Stalker2-Win64-Shipping.exe,13648,0x4E568280,DXGI,0,0,1,Hardware Composed: Independent Flip,20304.1948,NA,50.64580000000000,49.42590000000001,0.32710000000000,43.41930000000000,43.4367,20253.8525,50.6694,50.3423,0.3271,43.8928,49.8688,46.5536,3.3152,0.3075,20253.8525,NA,NA,NA
Stalker2-Win64-Shipping.exe,13648,0x4E568280,DXGI,0,0,1,Hardware Composed: Independent Flip,20354.6722,NA,50.47740000000000,50.10940000000000,0.31350000000000,43.04560000000000,43.0687,20304.5219,50.4638,50.1503,0.3135,43.0922,50.1037,46.0939,4.0098,0.5600,20304.5219,NA,NA,NA
Stalker2-Win64-Shipping.exe,13648,0x4E568280,DXGI,0,0,1,Hardware Composed: Independent Flip,20405.5904,NA,50.91820000000001,51.24610000000001,0.27820000000000,43.38170000000000,43.3966,20354.9857,50.8829,50.6047,0.2782,42.7321,51.2543,46.5357,4.7186,-0.7823,20354.9857,NA,NA,NA
Stalker2-Win64-Shipping.exe,13648,0x4E568280,DXGI,0,0,1,Hardware Composed: Independent Flip,20455.9985,NA,50.40810000000000,50.36900000000000,0.31610000000000,42.84990000000001,43.3575,20405.8686,50.4460,50.1299,0.3161,43.1035,49.8763,45.8615,4.0148,0.5139,20405.8686,NA,NA,NA
Stalker2-Win64-Shipping.exe,13648,0x4E568280,DXGI,0,0,1,Hardware Composed: Independent Flip,20506.8227,NA,50.82420000000000,50.89840000000000,0.30010000000000,43.41720000000000,43.4317,20456.3146,50.8082,50.5081,0.3001,42.5338,51.3915,46.5657,4.8258,-0.4524,20456.3146,NA,NA,NA
Stalker2-Win64-Shipping.exe,13648,0x4E568280,DXGI,0,0,1,Hardware Composed: Independent Flip,20557.5080,NA,50.68530000000001,51.24820000000000,0.31570000000000,43.16790000000000,43.9946,20507.1228,50.7009,50.3852,0.3157,43.1171,50.4360,46.2415,4.1945,-0.4400,20507.1228,NA,NA,NA
Stalker2-Win64-Shipping.exe,13648,0x4E568280,DXGI,0,0,1,Hardware Composed: Independent Flip,20607.7776,NA,50.26960000000000,49.94630000000000,0.28810000000000,43.63100000000000,43.6713,20557.8237,50.2420,49.9539,0.2881,42.8522,50.7327,46.7052,4.0275,0.7546,20557.8237,NA,NA,NA
Stalker2-Win64-Shipping.exe,13648,0x4E568280,DXGI,0,0,1,Hardware Composed: Independent Flip,20658.0907,NA,50.31310000000001,50.00350000000000,0.31940000000000,43.16540000000001,43.3617,20608.0657,50.3444,50.0250,0.3194,43.3429,49.8475,46.1248,3.7227,0.2385,20608.0657,NA,NA,NA
Stalker2-Win64-Shipping.exe,13648,0x4E568280,DXGI,0,0,1,Hardware Composed: Independent Flip,20709.6228,NA,51.53210000000000,51.28320000000000,0.37770000000000,43.04710000000000,43.1128,20658.4101,51.5904,51.2127,0.3777,42.8460,51.4138,46.3446,5.0692,-0.9388,20658.4101,NA,NA,NA
Stalker2-Win64-Shipping.exe,13648,0x4E568280,DXGI,0,0,1,Hardware Composed: Independent Flip,20758.8255,NA,49.20270000000000,50.29490000000001,0.26200000000000,43.35220000000000,44.2050,20710.0005,49.0870,48.8250,0.2620,42.6694,49.5078,46.9286,2.5792,1.2955,20710.0005,NA,NA,NA
Stalker2-Win64-Shipping.exe,13648,0x4E568280,DXGI,0,0,1,Hardware Composed: Independent Flip,20809.0022,NA,50.17670000000000,49.23540000000001,0.27420000000000,43.19480000000000,43.2637,20759.0875,50.1889,49.9147,0.2742,43.0902,50.0193,46.2731,3.7462,-0.1484,20759.0875,NA,NA,NA
Stalker2-Win64-Shipping.exe,13648,0x4E568280,DXGI,0,0,1,Hardware Composed: Independent Flip,20859.5012,NA,50.49900000000000,51.75680000000001,0.32230000000000,44.00850000000001,44.5215,20809.2764,50.5471,50.2248,0.3223,42.9206,51.3127,47.0542,4.2585,-1.5679,20809.2764,NA,NA,NA
Stalker2-Win64-Shipping.exe,13648,0x4E568280,DXGI,0,0,1,Hardware Composed: Independent Flip,20910.2494,NA,50.74820000000000,49.57220000000000,0.33420000000000,43.02990000000000,43.3455,20859.8235,50.7601,50.4259,0.3342,43.6862,49.7696,46.0746,3.6950,0.9749,20859.8235,NA,NA,NA
Stalker2-Win64-Shipping.exe,13648,0x4E568280,DXGI,0,0,1,Hardware Composed: Independent Flip,20960.4100,NA,50.16060000000000,50.19680000000000,0.29490000000000,43.36570000000000,43.3817,20910.5836,50.1213,49.8264,0.2949,42.6957,50.4964,46.4406,4.0558,0.5633,20910.5836,NA,NA,NA
Stalker2-Win64-Shipping.exe,13648,0x4E568280,DXGI,0,0,1,Hardware Composed: Independent Flip,21010.2481,NA,49.83810000000000,50.02370000000001,0.31410000000000,42.87690000000000,43.5673,20960.7049,49.8573,49.5432,0.3141,43.0708,49.3493,45.9849,3.3644,0.0976,20960.7049,NA,NA,NA
Stalker2-Win64-Shipping.exe,13648,0x4E568280,DXGI,0,0,1,Hardware Composed: Independent Flip,21061.5167,NA,51.26860000000000,50.55370000000000,0.31230000000000,42.81840000000000,42.8524,21010.5622,51.2668,50.9545,0.3123,42.5628,51.2101,46.0722,5.1379,-0.6964,21010.5622,NA,NA,NA
Stalker2-Win64-Shipping.exe,13648,0x4E568280,DXGI,0,0,1,Hardware Composed: Independent Flip,21112.0652,NA,50.54850000000000,51.71080000000000,0.28580000000000,42.96440000000000,44.0147,21061.8290,50.5220,50.2362,0.2858,42.5061,50.6945,46.0974,4.5971,-0.4440,21061.8290,NA,NA,NA
Stalker2-Win64-Shipping.exe,13648,0x4E568280,DXGI,0,0,1,Hardware Composed: Independent Flip,21163.3455,NA,51.28030000000000,50.70670000000000,0.31750000000000,43.42570000000000,43.4411,21112.3510,51.3120,50.9945,0.3175,42.6786,51.7416,46.6876,5.0540,-0.1847,21112.3510,NA,NA,NA
Stalker2-Win64-Shipping.exe,13648,0x4E568280,DXGI,0,0,1,Hardware Composed: Independent Flip,21213.2275,NA,49.88200000000001,49.53220000000000,0.24850000000000,42.59830000000000,43.0913,21163.6630,49.8130,49.5645,0.2485,43.1082,49.0546,45.8021,3.2525,1.7798,21163.6630,NA,NA,NA
Stalker2-Win64-Shipping.exe,13648,0x4E568280,DXGI,0,0,1,Hardware Composed: Independent Flip,21264.9651,NA,51.73760000000000,53.27290000000000,0.27100000000000,44.60680000000000,44.6266,21213.4760,51.7601,51.4891,0.2710,42.3498,53.7461,47.9333,5.8128,-3.4599,21213.4760,NA,NA,NA
Stalker2-Win64-Shipping.exe,13648,0x4E568280,DXGI,0,0,1,Hardware Composed: Independent Flip,21314.1944,NA,49.22930000000000,50.24830000000000,0.29570000000000,43.13080000000000,45.6456,21265.2361,49.2540,48.9583,0.2957,44.3358,47.7533,46.1675,1.5858,1.5118,21265.2361,NA,NA,NA
Stalker2-Win64-Shipping.exe,13648,0x4E568280,DXGI,0,0,1,Hardware Composed: Independent Flip,21364.1914,NA,49.99700000000000,48.72860000000000,0.30170000000000,44.31500000000000,44.3772,21314.4901,50.0030,49.7013,0.3017,42.8351,51.1812,47.5229,3.6583,0.5254,21314.4901,NA,NA,NA
Stalker2-Win64-Shipping.exe,13648,0x4E568280,DXGI,0,0,1,Hardware Composed: Independent Flip,21413.8273,NA,49.63590000000000,50.66420000000000,0.26900000000000,43.33630000000000,45.4055,21364.4931,49.6032,49.3342,0.2690,44.0133,48.6572,46.4587,2.1985,-0.6612,21364.4931,NA,NA,NA
Stalker2-Win64-Shipping.exe,13648,0x4E568280,DXGI,0,0,1,Hardware Composed: Independent Flip,21463.9948,NA,50.16750000000000,48.94280000000001,0.27250000000000,44.15680000000000,44.1808,21414.0963,50.1710,49.8985,0.2725,43.0673,50.9880,47.3263,3.6617,0.6604,21414.0963,NA,NA,NA
Stalker2-Win64-Shipping.exe,13648,0x4E568280,DXGI,0,0,1,Hardware Composed: Independent Flip,21515.0006,NA,51.00580000000000,52.10380000000000,0.30430000000000,43.89180000000000,45.2788,21464.2673,51.0376,50.7333,0.3043,43.8843,50.7408,46.9761,3.7647,-1.9328,21464.2673,NA,NA,NA
Stalker2-Win64-Shipping.exe,13648,0x4E568280,DXGI,0,0,1,Hardware Composed: Independent Flip,21565.6174,NA,50.61680000000000,48.29490000000001,0.34590000000000,42.93010000000000,42.9569,21515.3049,50.6584,50.3125,0.3459,43.5875,49.6551,46.0938,3.5613,2.7427,21515.3049,NA,NA,NA
Stalker2-Win64-Shipping.exe,13648,0x4E568280,DXGI,0,0,1,Hardware Composed: Independent Flip,21616.4360,NA,50.81860000000000,51.07530000000001,0.29820000000000,43.19870000000000,43.2136,21565.9633,50.7709,50.4727,0.2982,42.5842,51.0872,46.3876,4.6996,-0.4169,21565.9633,NA,NA,NA
Stalker2-Win64-Shipping.exe,13648,0x4E568280,DXGI,0,0,1,Hardware Composed: Independent Flip,21667.6637,NA,51.22770000000001,52.24170000000000,0.38860000000000,43.20920000000000,44.2276,21616.7342,51.3181,50.9295,0.3886,42.9005,51.2382,46.2861,4.9521,-1.4708,21616.7342,NA,NA,NA
Stalker2-Win64-Shipping.exe,13648,0x4E568280,DXGI,0,0,1,Hardware Composed: Independent Flip,21718.8303,NA,51.16660000000000,50.01850000000000,0.26000000000000,43.04840000000000,43.0795,21668.0523,51.0380,50.7780,0.2600,42.8206,51.0058,46.3649,4.6409,1.2996,21668.0523,NA,NA,NA
Stalker2-Win64-Shipping.exe,13648,0x4E568280,DXGI,0,0,1,Hardware Composed: Independent Flip,21770.2491,NA,51.41880000000000,51.54360000000000,0.29190000000000,43.18700000000000,43.2043,21719.0903,51.4507,51.1588,0.2919,42.7884,51.5574,46.5554,5.0020,-0.5056,21719.0903,NA,NA,NA
Stalker2-Win64-Shipping.exe,13648,0x4E568280,DXGI,0,0,1,Hardware Composed: Independent Flip,21820.3705,NA,50.12140000000000,50.57470000000000,0.29060000000000,43.00200000000000,43.6576,21770.5410,50.1201,49.8295,0.2906,42.8951,49.9364,46.3380,3.5984,0.8760,21770.5410,NA,NA,NA
Stalker2-Win64-Shipping.exe,13648,0x4E568280,DXGI,0,0,1,Hardware Composed: Independent Flip,21870.5317,NA,50.16120000000000,49.20710000000000,0.30530000000000,42.67580000000000,42.7035,21820.6611,50.1759,49.8706,0.3053,42.7114,49.8350,45.7768,4.0582,0.9130,21820.6611,NA,NA,NA
Stalker2-Win64-Shipping.exe,13648,0x4E568280,DXGI,0,0,1,Hardware Composed: Independent Flip,21920.8935,NA,50.36180000000000,50.80610000000000,0.26480000000000,43.06810000000000,43.1478,21870.8370,50.3213,50.0565,0.2648,42.3705,50.7541,46.2208,4.5333,-0.6302,21870.8370,NA,NA,NA
Stalker2-Win64-Shipping.exe,13648,0x4E568280,DXGI,0,0,1,Hardware Composed: Independent Flip,21972.0541,NA,51.16060000000000,51.23940000000000,0.31180000000000,43.07550000000001,43.2266,21921.1583,51.2076,50.8958,0.3118,42.8033,51.1680,46.3996,4.7684,-0.9181,21921.1583,NA,NA,NA
Stalker2-Win64-Shipping.exe,13648,0x4E568280,DXGI,0,0,1,Hardware Composed: Independent Flip,22022.2665,NA,50.21240000000000,50.36340000000001,0.28170000000000,43.14070000000000,43.3776,21972.3659,50.1823,49.9006,0.2817,42.7637,50.2776,46.2605,4.0171,0.8442,21972.3659,NA,NA,NA
Stalker2-Win64-Shipping.exe,13648,0x4E568280,DXGI,0,0,1,Hardware Composed: Independent Flip,22072.1071,NA,49.84060000000000,50.69250000000000,0.28580000000000,44.21350000000000,44.2295,22022.5482,49.8447,49.5589,0.2858,42.8590,50.9134,47.3866,3.5268,-0.5102,22022.5482,NA,NA,NA
Stalker2-Win64-Shipping.exe,13648,0x4E568280,DXGI,0,0,1,Hardware Composed: Independent Flip,22121.2912,NA,49.18410000000000,48.95300000000000,0.30680000000000,43.55860000000001,43.9984,22072.3929,49.2051,48.8983,0.3068,43.9277,48.5292,46.6056,1.9236,0.8917,22072.3929,NA,NA,NA
Stalker2-Win64-Shipping.exe,13648,0x4E568280,DXGI,0,0,1,Hardware Composed: Independent Flip,22171.3038,NA,50.01260000000000,49.64270000000000,0.33000000000000,43.61470000000000,43.6285,22121.5980,50.0358,49.7058,0.3300,43.2518,50.0687,46.8468,3.2219,-0.4376,22121.5980,NA,NA,NA
Stalker2-Win64-Shipping.exe,13648,0x4E568280,DXGI,0,0,1,Hardware Composed: Independent Flip,22220.8999,NA,49.59610000000000,49.87350000000000,0.26760000000000,42.91190000000000,43.9059,22171.6338,49.5337,49.2661,0.2676,43.2847,48.8933,46.1437,2.7496,0.1623,22171.6338,NA,NA,NA
Stalker2-Win64-Shipping.exe,13648,0x4E568280,DXGI,0,0,1,Hardware Composed: Independent Flip,22271.2130,NA,50.31310000000001,49.52130000000000,0.29870000000000,43.07530000000000,43.1141,22221.1675,50.3442,50.0455,0.2987,42.6443,50.4765,46.2104,4.2661,0.0124,22221.1675,NA,NA,NA
Stalker2-Win64-Shipping.exe,13648,0x4E568280,DXGI,0,0,1,Hardware Composed: Independent Flip,22320.8799,NA,49.66690000000001,50.22470000000001,0.24420000000000,42.73460000000000,43.6719,22271.5117,49.6124,49.3682,0.2442,42.7766,49.3262,45.9541,3.3721,0.1195,22271.5117,NA,NA,NA
Stalker2-Win64-Shipping.exe,13648,0x4E568280,DXGI,0,0,1,Hardware Composed: Independent Flip,22371.3088,NA,50.42890000000001,49.65060000000000,0.31740000000000,42.87820000000000,42.8936,22321.1241,50.5021,50.1847,0.3174,42.4904,50.5725,46.0686,4.5039,-0.0382,22321.1241,NA,NA,NA
Stalker2-Win64-Shipping.exe,13648,0x4E568280,DXGI,0,0,1,Hardware Composed: Independent Flip,22421.6978,NA,50.38900000000000,51.43070000000000,0.28700000000000,43.28730000000000,43.9353,22371.6262,50.3586,50.0716,0.2870,42.5608,50.7981,46.5533,4.2448,-0.9286,22371.6262,NA,NA,NA
Stalker2-Win64-Shipping.exe,13648,0x4E568280,DXGI,0,0,1,Hardware Composed: Independent Flip,22472.1755,NA,50.47770000000001,49.05320000000000,0.31340000000000,42.40900000000000,42.5108,22421.9848,50.5041,50.1907,0.3134,43.0003,49.5994,45.5387,4.0607,1.3054,22421.9848,NA,NA,NA
Stalker2-Win64-Shipping.exe,13648,0x4E568280,DXGI,0,0,1,Hardware Composed: Independent Flip,22521.7918,NA,49.61630000000000,50.69220000000000,0.27880000000000,43.57290000000000,43.5867,22472.4889,49.5817,49.3029,0.2788,42.0956,50.7802,47.1791,3.6011,-0.1881,22472.4889,NA,NA,NA
Stalker2-Win64-Shipping.exe,13648,0x4E568280,DXGI,0,0,1,Hardware Composed: Independent Flip,22572.1902,NA,50.39840000000000,50.81360000000000,0.30460000000000,43.02370000000001,44.0019,22522.0706,50.4242,50.1196,0.3046,43.2941,49.8492,46.1562,3.6930,-1.2319,22522.0706,NA,NA,NA
Stalker2-Win64-Shipping.exe,13648,0x4E568280,DXGI,0,0,1,Hardware Composed: Independent Flip,22622.1161,NA,49.92590000000001,48.89470000000000,0.29720000000000,42.95450000000000,42.9707,22572.4948,49.9185,49.6213,0.2972,42.7191,49.8567,46.0318,3.8249,1.5295,22572.4948,NA,NA,NA
Stalker2-Win64-Shipping.exe,13648,0x4E568280,DXGI,0,0,1,Hardware Composed: Independent Flip,22671.6116,NA,49.49550000000000,50.59420000000000,0.26500000000000,43.98310000000000,44.0694,22622.4133,49.4633,49.1983,0.2650,42.6573,50.5241,47.1307,3.3934,-0.6757,22622.4133,NA,NA,NA
Stalker2-Win64-Shipping.exe,13648,0x4E568280,DXGI,0,0,1,Hardware Composed: Independent Flip,22722.1454,NA,50.53380000000000,50.23550000000000,0.30440000000000,43.54200000000000,43.7711,22671.8766,50.5732,50.2688,0.3044,43.7181,50.0927,46.6527,3.4400,-0.7722,22671.8766,NA,NA,NA
Stalker2-Win64-Shipping.exe,13648,0x4E568280,DXGI,0,0,1,Hardware Composed: Independent Flip,22771.8824,NA,49.73700000000000,49.07770000000000,0.32110000000000,43.09610000000000,43.1118,22722.4498,49.7537,49.4326,0.3211,43.2376,49.2911,46.1918,3.0993,1.4955,22722.4498,NA,NA,NA
Stalker2-Win64-Shipping.exe,13648,0x4E568280,DXGI,0,0,1,Hardware Composed: Independent Flip,22822.5797,NA,50.69730000000001,51.24170000000000,0.29160000000000,43.63980000000000,43.6562,22772.2035,50.6678,50.3762,0.2916,42.7750,51.2410,46.7860,4.4550,-1.4880,22772.2035,NA,NA,NA
Stalker2-Win64-Shipping.exe,13648,0x4E568280,DXGI,0,0,1,Hardware Composed: Independent Flip,22872.3455,NA,49.76580000000001,50.10650000000000,0.32180000000000,42.97420000000000,43.9969,22822.8713,49.7960,49.4742,0.3218,43.3482,49.1002,45.9872,3.1130,0.5613,22822.8713,NA,NA,NA
Stalker2-Win64-Shipping.exe,13648,0x4E568280,DXGI,0,0,1,Hardware Composed: Independent Flip,22922.5314,NA,50.18590000000000,49.07560000000000,0.27680000000000,42.85730000000000,42.8866,22872.6673,50.1409,49.8641,0.2768,42.6524,50.0690,45.9414,4.1276,0.7204,22872.6673,NA,NA,NA
Stalker2-Win64-Shipping.exe,13648,0x4E568280,DXGI,0,0,1,Hardware Composed: Independent Flip,22973.4429,NA,50.91150000000000,51.81420000000000,0.37930000000000,43.13590000000000,43.7893,22922.8082,51.0140,50.6347,0.3793,42.5805,51.1901,47.1209,4.0692,-1.6733,22922.8082,NA,NA,NA
Stalker2-Win64-Shipping.exe,13648,0x4E568280,DXGI,0,0,1,Hardware Composed: Independent Flip,23023.3048,NA,49.86190000000001,49.72330000000000,0.25750000000000,43.37660000000000,43.6507,22973.8222,49.7401,49.4826,0.2575,42.7566,50.1026,46.5298,3.5728,1.2907,22973.8222,NA,NA,NA
Stalker2-Win64-Shipping.exe,13648,0x4E568280,DXGI,0,0,1,Hardware Composed: Independent Flip,23073.4629,NA,50.15810000000000,49.54270000000000,0.29610000000000,43.02240000000000,43.0353,23023.5623,50.1967,49.9006,0.2961,43.1191,49.8039,46.3262,3.4777,0.1974,23023.5623,NA,NA,NA
Stalker2-Win64-Shipping.exe,13648,0x4E568280,DXGI,0,0,1,Hardware Composed: Independent Flip,23123.2712,NA,49.80830000000000,49.93130000000000,0.30460000000000,42.88960000000000,43.1583,23073.7590,49.8168,49.5122,0.3046,42.7263,49.6755,46.0197,3.6558,0.2654,23073.7590,NA,NA,NA
Stalker2-Win64-Shipping.exe,13648,0x4E568280,DXGI,0,0,1,Hardware Composed: Independent Flip,23174.3163,NA,51.04510000000001,50.80790000000000,0.29950000000000,42.90780000000000,42.9211,23123.5758,51.0400,50.7405,0.2995,42.5850,51.0633,46.5315,4.5318,-0.9911,23123.5758,NA,NA,NA
Stalker2-Win64-Shipping.exe,13648,0x4E568280,DXGI,0,0,1,Hardware Composed: Independent Flip,23223.5518,NA,49.23550000000000,49.82230000000001,0.28220000000000,42.77240000000000,43.5079,23174.6158,49.2182,48.9360,0.2822,42.6083,49.1001,45.8642,3.2359,1.2177,23174.6158,NA,NA,NA
Stalker2-Win64-Shipping.exe,13648,0x4E568280,DXGI,0,0,1,Hardware Composed: Independent Flip,23273.3684,NA,49.81660000000000,50.44710000000000,0.27120000000000,44.10870000000000,44.1384,23223.8340,49.8056,49.5344,0.2712,42.4902,51.1529,47.2211,3.9318,-1.2289,23223.8340,NA,NA,NA
Stalker2-Win64-Shipping.exe,13648,0x4E568280,DXGI,0,0,1,Hardware Composed: Independent Flip,23322.7099,NA,49.34150000000000,50.14360000000000,0.31130000000000,43.77560000000000,44.9405,23273.6396,49.3816,49.0703,0.3113,43.8375,49.0084,46.8097,2.1987,-0.3380,23273.6396,NA,NA,NA
Stalker2-Win64-Shipping.exe,13648,0x4E568280,DXGI,0,0,1,Hardware Composed: Independent Flip,23372.7709,NA,50.06100000000000,48.24250000000000,0.34370000000000,43.09490000000000,43.1220,23323.0212,50.0934,49.7497,0.3437,43.4643,49.3803,46.1881,3.1922,1.1391,23323.0212,NA,NA,NA
Stalker2-Win64-Shipping.exe,13648,0x4E568280,DXGI,0,0,1,Hardware Composed: Independent Flip,23421.6089,NA,48.83800000000000,49.42200000000000,0.28300000000000,43.40360000000000,43.7060,23373.1146,48.7773,48.4943,0.2830,42.7512,49.1467,46.5825,2.5642,0.6714,23373.1146,NA,NA,NA
Stalker2-Win64-Shipping.exe,13648,0x4E568280,DXGI,0,0,1,Hardware Composed: Independent Flip,23471.9813,NA,50.37240000000000,49.77250000000000,0.30770000000000,43.09200000000000,43.1061,23421.8919,50.3971,50.0894,0.3077,43.1206,50.0608,46.2295,3.8313,-0.9952,23421.8919,NA,NA,NA
Stalker2-Win64-Shipping.exe,13648,0x4E568280,DXGI,0,0,1,Hardware Composed: Independent Flip,23521.2185,NA,49.23720000000000,50.09590000000000,0.30490000000000,43.43750000000000,43.9648,23472.2890,49.2344,48.9295,0.3049,42.7843,49.5827,46.3928,3.1899,0.3012,23472.2890,NA,NA,NA
Stalker2-Win64-Shipping.exe,13648,0x4E568280,DXGI,0,0,1,Hardware Composed: Independent Flip,23571.7244,NA,50.50590000000000,49.67520000000000,0.31150000000000,43.11470000000000,43.1341,23521.5234,50.5125,50.2010,0.3115,43.1326,50.1831,46.2407,3.9424,-0.4408,23521.5234,NA,NA,NA
Stalker2-Win64-Shipping.exe,13648,0x4E568280,DXGI,0,0,1,Hardware Composed: Independent Flip,23621.7609,NA,50.03650000000000,51.10600000000000,0.29850000000000,43.89240000000000,44.2036,23572.0359,50.0235,49.7250,0.2985,42.8032,50.8142,46.9662,3.8480,-0.5935,23572.0359,NA,NA,NA
Stalker2-Win64-Shipping.exe,13648,0x4E568280,DXGI,0,0,1,Hardware Composed: Independent Flip,23672.2208,NA,50.45990000000000,49.06940000000000,0.28980000000000,42.50030000000000,42.8131,23622.0594,50.4512,50.1614,0.2898,43.5939,49.0678,46.1554,2.9124,0.9541,23622.0594,NA,NA,NA
Stalker2-Win64-Shipping.exe,13648,0x4E568280,DXGI,0,0,1,Hardware Composed: Independent Flip,23721.7649,NA,49.54410000000000,49.64820000000000,0.30160000000000,42.88900000000000,42.9172,23672.5106,49.5559,49.2543,0.3016,42.2105,49.9328,45.9536,3.9792,0.8030,23672.5106,NA,NA,NA
Stalker2-Win64-Shipping.exe,13648,0x4E568280,DXGI,0,0,1,Hardware Composed: Independent Flip,23772.2944,NA,50.52950000000001,51.18190000000001,0.27690000000000,42.82470000000000,43.5696,23722.0665,50.5048,50.2279,0.2769,42.5874,50.4652,46.0130,4.4522,-1.6260,23722.0665,NA,NA,NA
Stalker2-Win64-Shipping.exe,13648,0x4E568280,DXGI,0,0,1,Hardware Composed: Independent Flip,23822.2694,NA,49.97500000000000,49.87060000000000,0.29940000000000,43.45010000000000,43.4652,23772.5713,49.9975,49.6981,0.2994,42.5478,50.6004,46.9000,3.7004,0.6342,23772.5713,NA,NA,NA
Stalker2-Win64-Shipping.exe,13648,0x4E568280,DXGI,0,0,1,Hardware Composed: Independent Flip,23872.5028,NA,50.23340000000000,51.15390000000000,0.25970000000000,44.37020000000000,44.3857,23822.5688,50.1937,49.9340,0.2597,43.1507,51.1535,47.3743,3.7792,-1.1564,23822.5688,NA,NA,NA
Stalker2-Win64-Shipping.exe,13648,0x4E568280,DXGI,0,0,1,Hardware Composed: Independent Flip,23922.7311,NA,50.22830000000000,49.59990000000001,0.30360000000000,43.18090000000000,43.7573,23872.7625,50.2722,49.9686,0.3036,44.1105,49.0390,46.1824,2.8566,0.5938,23872.7625,NA,NA,NA
Stalker2-Win64-Shipping.exe,13648,0x4E568280,DXGI,0,0,1,Hardware Composed: Independent Flip,23973.0848,NA,50.35370000000000,49.96000000000000,0.31000000000000,43.34780000000000,43.3636,23923.0347,50.3601,50.0501,0.3100,42.8773,50.5206,46.4639,4.0567,0.3122,23923.0347,NA,NA,NA
Stalker2-Win64-Shipping.exe,13648,0x4E568280,DXGI,0,0,1,Hardware Composed: Independent Flip,24022.9582,NA,49.87340000000000,50.23060000000000,0.29730000000000,42.81050000000000,43.7208,23973.3948,49.8607,49.5634,0.2973,43.0378,49.3361,45.8048,3.5313,0.1295,23973.3948,NA,NA,NA
Stalker2-Win64-Shipping.exe,13648,0x4E568280,DXGI,0,0,1,Hardware Composed: Independent Flip,24073.7906,NA,50.83240000000000,51.09900000000000,0.29710000000000,43.97160000000000,43.9874,24023.2555,50.8322,50.5351,0.2971,42.5132,51.9935,47.3109,4.6826,-1.2383,24023.2555,NA,NA,NA
Stalker2-Win64-Shipping.exe,13648,0x4E568280,DXGI,0,0,1,Hardware Composed: Independent Flip,24123.7494,NA,49.95880000000000,51.31760000000001,0.30100000000000,43.94710000000000,45.3462,24074.0877,49.9627,49.6617,0.3010,43.6745,49.9343,46.9492,2.9851,-0.4854,24074.0877,NA,NA,NA
Stalker2-Win64-Shipping.exe,13648,0x4E568280,DXGI,0,0,1,Hardware Composed: Independent Flip,24174.1863,NA,50.43690000000000,48.60050000000000,0.26620000000000,43.48110000000000,43.5098,24124.0504,50.4021,50.1359,0.2662,43.6461,49.9709,46.6100,3.3609,1.3622,24124.0504,NA,NA,NA
Stalker2-Win64-Shipping.exe,13648,0x4E568280,DXGI,0,0,1,Hardware Composed: Independent Flip,24225.3621,NA,51.17580000000000,51.12410000000001,0.28420000000000,43.36390000000000,43.4581,24174.4525,51.1938,50.9096,0.2842,43.2149,51.0586,46.4651,4.5935,-0.7220,24174.4525,NA,NA,NA
Stalker2-Win64-Shipping.exe,13648,0x4E568280,DXGI,0,0,1,Hardware Composed: Independent Flip,24275.4702,NA,50.10810000000000,50.14790000000000,0.27460000000000,43.16030000000000,43.4979,24225.6463,50.0985,49.8239,0.2746,43.0797,49.9045,46.2481,3.6564,1.0459,24225.6463,NA,NA,NA
Stalker2-Win64-Shipping.exe,13648,0x4E568280,DXGI,0,0,1,Hardware Composed: Independent Flip,24326.0639,NA,50.59370000000001,50.63690000000000,0.29440000000000,43.51990000000000,43.5411,24275.7448,50.6135,50.3191,0.2944,42.8857,50.9533,46.9820,3.9713,-0.5384,24275.7448,NA,NA,NA
Stalker2-Win64-Shipping.exe,13648,0x4E568280,DXGI,0,0,1,Hardware Composed: Independent Flip,24376.3877,NA,50.32380000000001,50.79270000000000,0.28300000000000,43.36190000000000,44.0100,24326.3583,50.3124,50.0294,0.2830,43.2255,50.1658,46.3647,3.8011,-0.1792,24326.3583,NA,NA,NA
Stalker2-Win64-Shipping.exe,13648,0x4E568280,DXGI,0,0,1,Hardware Composed: Independent Flip,24428.1599,NA,51.77220000000001,52.57580000000000,0.29770000000000,44.79930000000000,44.8136,24376.6707,51.7869,51.4892,0.2977,43.0789,53.2096,48.3190,4.8906,-2.2634,24376.6707,NA,NA,NA
Stalker2-Win64-Shipping.exe,13648,0x4E568280,DXGI,0,0,1,Hardware Composed: Independent Flip,24477.1585,NA,48.99860000000000,49.83820000000000,0.25510000000000,44.25600000000000,45.6532,24428.4576,48.9560,48.7009,0.2551,44.5016,48.4553,47.3706,1.0847,1.9487,24428.4576,NA,NA,NA
Stalker2-Win64-Shipping.exe,13648,0x4E568280,DXGI,0,0,1,Hardware Composed: Independent Flip,24527.6183,NA,50.45980000000000,47.81600000000000,0.30570000000000,42.99380000000000,43.0094,24477.4136,50.5104,50.2047,0.3057,44.0009,49.1976,46.0822,3.1154,1.1400,24477.4136,NA,NA,NA
Stalker2-Win64-Shipping.exe,13648,0x4E568280,DXGI,0,0,1,Hardware Composed: Independent Flip,24576.7842,NA,49.16590000000000,50.37350000000000,0.31450000000000,43.35900000000000,44.2170,24527.9240,49.1747,48.8602,0.3145,42.6881,49.5311,46.3823,3.1488,0.1369,24527.9240,NA,NA,NA
Stalker2-Win64-Shipping.exe,13648,0x4E568280,DXGI,0,0,1,Hardware Composed: Independent Flip,24627.2834,NA,50.49920000000000,49.29180000000000,0.27810000000000,42.97090000000000,43.0096,24577.0987,50.4628,50.1847,0.2781,43.0445,50.1111,46.0463,4.0648,-0.1171,24577.0987,NA,NA,NA
Stalker2-Win64-Shipping.exe,13648,0x4E568280,DXGI,0,0,1,Hardware Composed: Independent Flip,24678.2021,NA,50.91870000000000,51.57710000000000,0.26710000000000,43.30710000000001,43.6680,24627.5615,50.9077,50.6406,0.2671,42.6928,51.2549,46.4948,4.7601,-1.1143,24627.5615,NA,NA,NA
Stalker2-Win64-Shipping.exe,13648,0x4E568280,DXGI,0,0,1,Hardware Composed: Independent Flip,24728.9985,NA,50.79640000000001,51.32040000000000,0.28590000000000,43.72920000000000,44.1920,24678.4692,50.8152,50.5293,0.2859,43.0400,51.2185,46.8789,4.3396,-0.4127,24678.4692,NA,NA,NA
Stalker2-Win64-Shipping.exe,13648,0x4E568280,DXGI,0,0,1,Hardware Composed: Independent Flip,24780.1919,NA,51.19340000000000,50.01980000000000,0.28480000000000,42.99080000000000,43.0184,24729.2844,51.1923,50.9075,0.2848,43.4433,50.4550,46.1343,4.3207,0.7954,24729.2844,NA,NA,NA
Stalker2-Win64-Shipping.exe,13648,0x4E568280,DXGI,0,0,1,Hardware Composed: Independent Flip,24831.1595,NA,50.96760000000000,51.38630000000001,0.42240000000000,43.42040000000000,43.4371,24780.4767,51.1052,50.6828,0.4224,42.7060,51.3972,46.6467,4.7505,-0.1940,24780.4767,NA,NA,NA
Stalker2-Win64-Shipping.exe,13648,0x4E568280,DXGI,0,0,1,Hardware Composed: Independent Flip,24881.2092,NA,50.04970000000000,50.62150000000000,0.29490000000000,43.36430000000000,44.0089,24831.5819,49.9222,49.6273,0.2949,42.9980,49.9936,46.4998,3.4938,0.4837,24831.5819,NA,NA,NA
Stalker2-Win64-Shipping.exe,13648,0x4E568280,DXGI,0,0,1,Hardware Composed: Independent Flip,24931.1768,NA,49.96760000000000,49.68770000000000,0.28010000000000,43.71450000000000,43.7290,24881.5041,49.9528,49.6727,0.2801,43.0694,50.3178,46.8064,3.5114,0.2345,24881.5041,NA,NA,NA
Stalker2-Win64-Shipping.exe,13648,0x4E568280,DXGI,0,0,1,Hardware Composed: Independent Flip,24981.6296,NA,50.45280000000000,50.11540000000000,0.29370000000000,43.08540000000000,43.3916,24931.4569,50.4664,50.1727,0.2937,43.4344,49.8237,46.1597,3.6640,-0.1626,24931.4569,NA,NA,NA
Stalker2-Win64-Shipping.exe,13648,0x4E568280,DXGI,0,0,1,Hardware Composed: Independent Flip,25031.6901,NA,50.06050000000000,50.13890000000000,0.30120000000000,43.45810000000000,43.4700,24981.9233,50.0680,49.7668,0.3012,42.7917,50.4332,46.6570,3.7762,0.3275,24981.9233,NA,NA,NA
Stalker2-Win64-Shipping.exe,13648,0x4E568280,DXGI,0,0,1,Hardware Composed: Independent Flip,25082.0067,NA,50.31660000000000,51.16520000000001,0.28110000000000,43.89450000000000,44.3186,25031.9913,50.2965,50.0154,0.2811,43.1569,50.7530,47.1494,3.6036,-1.0972,25031.9913,NA,NA,NA
Stalker2-Win64-Shipping.exe,13648,0x4E568280,DXGI,0,0,1,Hardware Composed: Independent Flip,25131.2565,NA,49.24980000000000,48.54350000000000,0.26370000000000,43.58940000000000,43.6123,25082.2878,49.2324,48.9687,0.2637,43.6134,48.9447,46.6619,2.2828,1.7530,25082.2878,NA,NA,NA
Stalker2-Win64-Shipping.exe,13648,0x4E568280,DXGI,0,0,1,Hardware Composed: Independent Flip,25181.3049,NA,50.04840000000000,49.90510000000000,0.27260000000000,43.45450000000000,43.4690,25131.5202,50.0573,49.7847,0.2726,43.3257,49.9135,46.5318,3.3817,-0.6727,25131.5202,NA,NA,NA
Stalker2-Win64-Shipping.exe,13648,0x4E568280,DXGI,0,0,1,Hardware Composed: Independent Flip,25230.9981,NA,49.69320000000000,50.37350000000000,0.25560000000000,43.24040000000000,44.1493,25181.5775,49.6762,49.4206,0.2556,43.1819,49.4791,46.3703,3.1088,-0.3162,25181.5775,NA,NA,NA
Stalker2-Win64-Shipping.exe,13648,0x4E568280,DXGI,0,0,1,Hardware Composed: Independent Flip,25281.9053,NA,50.90720000000000,49.97490000000001,0.32280000000000,43.14760000000000,43.2170,25231.2537,50.9744,50.6516,0.3228,42.9848,50.8144,46.3635,4.4509,-0.2987,25231.2537,NA,NA,NA
Stalker2-Win64-Shipping.exe,13648,0x4E568280,DXGI,0,0,1,Hardware Composed: Independent Flip,25332.9035,NA,50.99820000000000,51.86320000000000,0.34140000000000,43.34010000000000,44.0820,25282.2281,51.0168,50.6754,0.3414,42.8248,51.1907,46.4136,4.7771,-0.8888,25282.2281,NA,NA,NA
Stalker2-Win64-Shipping.exe,13648,0x4E568280,DXGI,0,0,1,Hardware Composed: Independent Flip,25381.3831,NA,48.47960000000000,47.69120000000000,0.32870000000000,43.12570000000000,43.2936,25333.2449,48.4669,48.1382,0.3287,42.9987,48.2652,46.2609,2.0043,3.3256,25333.2449,NA,NA,NA
Stalker2-Win64-Shipping.exe,13648,0x4E568280,DXGI,0,0,1,Hardware Composed: Independent Flip,25431.5268,NA,50.14370000000000,50.71060000000000,0.30220000000000,43.84560000000000,43.8605,25381.7118,50.1172,49.8150,0.3022,42.7970,50.8636,46.9681,3.8955,-2.2437,25381.7118,NA,NA,NA
Stalker2-Win64-Shipping.exe,13648,0x4E568280,DXGI,0,0,1,Hardware Composed: Independent Flip,25481.4470,NA,49.92020000000000,51.62210000000000,0.28280000000000,43.61420000000000,45.5624,25431.8290,49.9008,49.6180,0.2828,43.5434,49.6888,46.6251,3.0637,-1.5049,25431.8290,NA,NA,NA
Stalker2-Win64-Shipping.exe,13648,0x4E568280,DXGI,0,0,1,Hardware Composed: Independent Flip,25531.1047,NA,49.65770000000001,47.83410000000000,0.28670000000000,43.71840000000000,43.7388,25481.7298,49.6616,49.3749,0.2867,43.3314,49.7619,46.7848,2.9771,2.0667,25481.7298,NA,NA,NA
Stalker2-Win64-Shipping.exe,13648,0x4E568280,DXGI,0,0,1,Hardware Composed: Independent Flip,25582.2309,NA,51.12620000000000,51.04180000000000,0.34790000000000,43.53040000000000,43.6544,25531.3914,51.1874,50.8395,0.3479,43.4317,50.9382,46.6461,4.2921,-1.3802,25531.3914,NA,NA,NA
Stalker2-Win64-Shipping.exe,13648,0x4E568280,DXGI,0,0,1,Hardware Composed: Independent Flip,25631.4079,NA,49.17700000000000,49.34730000000000,0.25940000000000,43.36130000000000,43.8247,25582.5788,49.0885,48.8291,0.2594,43.1825,49.0079,46.4215,2.5864,1.8401,25582.5788,NA,NA,NA
Stalker2-Win64-Shipping.exe,13648,0x4E568280,DXGI,0,0,1,Hardware Composed: Independent Flip,25681.4467,NA,50.03880000000000,50.33800000000000,0.28250000000000,44.09560000000000,44.1239,25631.6673,50.0619,49.7794,0.2825,43.1019,50.7731,47.0918,3.6813,-1.2495,25631.6673,NA,NA,NA
Stalker2-Win64-Shipping.exe,13648,0x4E568280,DXGI,0,0,1,Hardware Composed: Independent Flip,25731.5764,NA,50.12970000000000,50.83600000000001,0.29970000000000,43.73710000000001,44.8302,25681.7292,50.1469,49.8472,0.2997,43.8131,49.7712,46.7881,2.9831,-0.7741,25681.7292,NA,NA,NA
Stalker2-Win64-Shipping.exe,13648,0x4E568280,DXGI,0,0,1,Hardware Composed: Independent Flip,25783.0199,NA,51.44350000000000,49.78910000000000,0.23720000000000,43.16040000000000,43.1758,25731.8761,51.3810,51.1438,0.2372,43.4374,50.8668,46.4128,4.4540,0.3578,25731.8761,NA,NA,NA
Stalker2-Win64-Shipping.exe,13648,0x4E568280,DXGI,0,0,1,Hardware Composed: Independent Flip,25833.3874,NA,50.36750000000000,49.97370000000000,0.27410000000000,42.16380000000000,42.7820,25783.2571,50.4044,50.1303,0.2741,42.9232,49.3709,45.5468,3.8241,1.4073,25783.2571,NA,NA,NA
Stalker2-Win64-Shipping.exe,13648,0x4E568280,DXGI,0,0,1,Hardware Composed: Independent Flip,25883.1892,NA,49.80180000000000,50.00280000000000,0.25500000000000,42.95600000000000,42.9830,25833.6615,49.7827,49.5277,0.2550,41.8897,50.5940,46.7033,3.8907,0.4016,25833.6615,NA,NA,NA
Stalker2-Win64-Shipping.exe,13648,0x4E568280,DXGI,0,0,1,Hardware Composed: Independent Flip,25934.3462,NA,51.15700000000000,51.97890000000000,0.38260000000000,43.08020000000000,43.8049,25883.4442,51.2846,50.9020,0.3826,42.7010,51.2812,46.1444,5.1368,-2.1962,25883.4442,NA,NA,NA
Stalker2-Win64-Shipping.exe,13648,0x4E568280,DXGI,0,0,1,Hardware Composed: Independent Flip,25984.8453,NA,50.49910000000001,49.91120000000000,0.26040000000000,43.02150000000000,43.2170,25934.7288,50.3769,50.1165,0.2604,42.6976,50.4404,46.3983,4.0421,1.3734,25934.7288,NA,NA,NA
Stalker2-Win64-Shipping.exe,13648,0x4E568280,DXGI,0,0,1,Hardware Composed: Independent Flip,26037.0321,NA,52.18680000000001,52.29040000000001,0.31820000000000,43.29630000000000,43.3206,25985.1057,52.2446,51.9264,0.3182,42.7611,52.4616,46.5407,5.9209,-1.9135,25985.1057,NA,NA,NA
Stalker2-Win64-Shipping.exe,13648,0x4E568280,DXGI,0,0,1,Hardware Composed: Independent Flip,26085.6715,NA,48.63940000000000,49.60910000000001,0.29090000000000,43.00040000000000,44.2903,26037.3503,48.6121,48.3212,0.2909,42.9781,48.3435,46.0677,2.2758,2.6355,26037.3503,NA,NA,NA
Stalker2-Win64-Shipping.exe,13648,0x4E568280,DXGI,0,0,1,Hardware Composed: Independent Flip,26135.5594,NA,49.88790000000000,48.46050000000000,0.31820000000000,42.79620000000000,42.8629,26085.9624,49.9152,49.5970,0.3182,42.7095,49.6837,45.9009,3.7828,0.1516,26085.9624,NA,NA,NA
Stalker2-Win64-Shipping.exe,13648,0x4E568280,DXGI,0,0,1,Hardware Composed: Independent Flip,26186.1889,NA,50.62950000000000,52.24720000000000,0.24730000000000,43.33780000000000,44.4806,26135.8776,50.5586,50.3113,0.2473,42.4780,51.1711,46.5980,4.5731,-2.3320,26135.8776,NA,NA,NA
Stalker2-Win64-Shipping.exe,13648,0x4E568280,DXGI,0,0,1,Hardware Composed: Independent Flip,26235.8753,NA,49.68640000000000,48.07440000000000,0.30510000000000,42.80600000000000,42.8686,26186.4362,49.7442,49.4391,0.3051,43.0905,49.1546,45.9276,3.2270,2.4842,26186.4362,NA,NA,NA
Stalker2-Win64-Shipping.exe,13648,0x4E568280,DXGI,0,0,1,Hardware Composed: Independent Flip,26286.6933,NA,50.81800000000000,52.69420000000000,0.27720000000000,44.68290000000000,44.7448,26236.1804,50.7901,50.5129,0.2772,42.5009,52.6949,47.9330,4.7619,-2.9500,26236.1804,NA,NA,NA
Stalker2-Win64-Shipping.exe,13648,0x4E568280,DXGI,0,0,1,Hardware Composed: Independent Flip,26336.4911,NA,49.79780000000000,50.40740000000000,0.28700000000000,42.92370000000000,45.3544,26286.9705,49.8076,49.5206,0.2870,44.4057,48.0386,46.0100,2.0286,0.3827,26286.9705,NA,NA,NA
Stalker2-Win64-Shipping.exe,13648,0x4E568280,DXGI,0,0,1,Hardware Composed: Independent Flip,26387.4248,NA,50.93370000000000,48.30830000000000,0.27140000000000,42.66110000000000,42.7290,26336.7781,50.9181,50.6467,0.2714,42.6367,50.6711,45.9443,4.7268,1.4993,26336.7781,NA,NA,NA
Stalker2-Win64-Shipping.exe,13648,0x4E568280,DXGI,0,0,1,Hardware Composed: Independent Flip,26436.9415,NA,49.51670000000000,51.04460000000000,0.23480000000000,42.60040000000000,44.2569,26387.6962,49.4801,49.2453,0.2348,42.3897,49.4560,45.6988,3.7572,-0.1265,26387.6962,NA,NA,NA
Stalker2-Win64-Shipping.exe,13648,0x4E568280,DXGI,0,0,1,Hardware Composed: Independent Flip,26487.2825,NA,50.34100000000000,49.73050000000000,0.29520000000000,43.63220000000000,43.6464,26437.1763,50.4014,50.1062,0.2952,42.3656,51.3728,47.0262,4.3466,-0.2504,26437.1763,NA,NA,NA
Stalker2-Win64-Shipping.exe,13648,0x4E568280,DXGI,0,0,1,Hardware Composed: Independent Flip,26538.3233,NA,51.04080000000000,51.06380000000000,0.24020000000000,42.60210000000000,43.6694,26487.5777,50.9858,50.7456,0.2402,43.3370,50.0107,45.9497,4.0610,-0.6624,26487.5777,NA,NA,NA
Stalker2-Win64-Shipping.exe,13648,0x4E568280,DXGI,0,0,1,Hardware Composed: Independent Flip,26588.8285,NA,50.50520000000000,49.81630000000001,0.31370000000000,42.95250000000000,42.9805,26538.5635,50.5787,50.2650,0.3137,42.3619,50.8556,46.1261,4.7295,1.1695,26538.5635,NA,NA,NA
Stalker2-Win64-Shipping.exe,13648,0x4E568280,DXGI,0,0,1,Hardware Composed: Independent Flip,26639.7054,NA,50.87690000000000,51.00220000000000,0.29610000000000,42.62590000000000,43.1058,26589.1422,50.8593,50.5632,0.2961,42.6388,50.5503,45.7249,4.8254,-0.4235,26589.1422,NA,NA,NA
Stalker2-Win64-Shipping.exe,13648,0x4E568280,DXGI,0,0,1,Hardware Composed: Independent Flip,26689.5247,NA,49.81930000000001,50.12710000000001,0.27200000000000,43.40010000000000,43.4136,26640.0015,49.7952,49.5232,0.2720,42.3298,50.5935,46.4751,4.1184,0.7322,26640.0015,NA,NA,NA
Stalker2-Win64-Shipping.exe,13648,0x4E568280,DXGI,0,0,1,Hardware Composed: Independent Flip,26740.3684,NA,50.84370000000001,50.23140000000000,0.30150000000000,42.78410000000000,42.8013,26689.7967,50.8732,50.5717,0.3015,43.1281,50.2277,45.9912,4.2365,-0.4362,26689.7967,NA,NA,NA
Stalker2-Win64-Shipping.exe,13648,0x4E568280,DXGI,0,0,1,Hardware Composed: Independent Flip,26790.8827,NA,50.51430000000001,51.02440000000000,0.25890000000000,43.29570000000000,43.3114,26740.6699,50.4717,50.2128,0.2589,42.4826,51.0259,46.4218,4.6041,-0.1512,26740.6699,NA,NA,NA
Stalker2-Win64-Shipping.exe,13648,0x4E568280,DXGI,0,0,1,Hardware Composed: Independent Flip,26840.4393,NA,49.55660000000000,49.62320000000000,0.35470000000000,42.97730000000000,43.3780,26791.1416,49.6524,49.2977,0.3547,43.0368,49.2382,46.1816,3.0566,0.8485,26791.1416,NA,NA,NA
Stalker2-Win64-Shipping.exe,13648,0x4E568280,DXGI,0,0,1,Hardware Composed: Independent Flip,26889.8107,NA,49.37140000000000,50.06640000000000,0.25520000000000,44.04620000000000,44.0730,26840.7940,49.2719,49.0167,0.2552,42.6226,50.4403,47.1587,3.2816,-0.4140,26840.7940,NA,NA,NA
Stalker2-Win64-Shipping.exe,13648,0x4E568280,DXGI,0,0,1,Hardware Composed: Independent Flip,26939.3858,NA,49.57510000000000,49.37020000000000,0.30150000000000,43.13420000000000,43.8681,26890.0659,49.6214,49.3199,0.3015,43.7910,48.6631,46.1911,2.4720,-0.0983,26890.0659,NA,NA,NA
Stalker2-Win64-Shipping.exe,13648,0x4E568280,DXGI,0,0,1,Hardware Composed: Independent Flip,26988.9418,NA,49.55600000000000,49.20510000000000,0.26660000000000,43.50000000000000,43.5172,26939.6873,49.5211,49.2545,0.2666,42.8327,49.9218,46.5280,3.3938,0.4163,26939.6873,NA,NA,NA
Stalker2-Win64-Shipping.exe,13648,0x4E568280,DXGI,0,0,1,Hardware Composed: Independent Flip,27038.9487,NA,50.00690000000000,50.51210000000000,0.28300000000000,43.23010000000000,44.0224,26989.2084,50.0233,49.7403,0.2830,43.2334,49.7370,46.1931,3.5439,-0.9910,26989.2084,NA,NA,NA
Stalker2-Win64-Shipping.exe,13648,0x4E568280,DXGI,0,0,1,Hardware Composed: Independent Flip,27089.1926,NA,50.24390000000000,49.41140000000000,0.28650000000000,43.16380000000000,43.1899,27039.2317,50.2474,49.9609,0.2865,42.9471,50.1776,46.4213,3.7563,0.6119,27039.2317,NA,NA,NA
Stalker2-Win64-Shipping.exe,13648,0x4E568280,DXGI,0,0,1,Hardware Composed: Independent Flip,27140.2638,NA,51.07120000000000,51.08630000000000,0.27300000000000,42.97160000000000,43.2050,27089.4791,51.0577,50.7847,0.2730,42.8773,50.8790,46.2013,4.6777,-0.8389,27089.4791,NA,NA,NA
Stalker2-Win64-Shipping.exe,13648,0x4E568280,DXGI,0,0,1,Hardware Composed: Independent Flip,27190.8029,NA,50.53910000000000,50.67120000000000,0.26300000000000,42.99380000000000,43.3371,27140.5368,50.5291,50.2661,0.2630,42.6986,50.5613,46.2585,4.3028,0.3865,27140.5368,NA,NA,NA
Stalker2-Win64-Shipping.exe,13648,0x4E568280,DXGI,0,0,1,Hardware Composed: Independent Flip,27241.8195,NA,51.01660000000000,50.74390000000000,0.30970000000000,43.04900000000000,43.0644,27191.0659,51.0633,50.7536,0.3097,42.7308,51.0718,46.3455,4.7263,-0.2148,27191.0659,NA,NA,NA
Stalker2-Win64-Shipping.exe,13648,0x4E568280,DXGI,0,0,1,Hardware Composed: Independent Flip,27292.0052,NA,50.18570000000000,50.21360000000000,0.30590000000000,42.77020000000000,43.0923,27242.1292,50.1819,49.8760,0.3059,42.7393,49.9069,45.7534,4.1535,0.8497,27242.1292,NA,NA,NA
Stalker2-Win64-Shipping.exe,13648,0x4E568280,DXGI,0,0,1,Hardware Composed: Independent Flip,27343.2678,NA,51.26260000000000,51.47890000000000,0.39250000000000,43.29290000000000,43.3086,27292.3111,51.3492,50.9567,0.3925,42.4643,51.7853,46.5697,5.2156,-1.2970,27292.3111,NA,NA,NA
Stalker2-Win64-Shipping.exe,13648,0x4E568280,DXGI,0,0,1,Hardware Composed: Independent Flip,27392.4296,NA,49.16180000000000,50.10370000000000,0.30840000000000,43.30130000000000,44.2505,27343.6603,49.0777,48.7693,0.3084,42.9004,49.1702,46.3872,2.7830,1.2455,27343.6603,NA,NA,NA
Stalker2-Win64-Shipping.exe,13648,0x4E568280,DXGI,0,0,1,Hardware Composed: Independent Flip,27443.8550,NA,51.42540000000000,50.29020000000001,0.26840000000000,43.10010000000000,43.1153,27392.7380,51.3854,51.1170,0.2684,42.9929,51.2242,46.2837,4.9405,-1.2125,27392.7380,NA,NA,NA
Stalker2-Win64-Shipping.exe,13648,0x4E568280,DXGI,0,0,1,Hardware Composed: Independent Flip,27493.0801,NA,49.22510000000000,51.29820000000000,0.23070000000000,43.97420000000000,45.1884,27444.1234,49.1874,48.9567,0.2307,42.8317,50.0992,47.2648,2.8344,0.0872,27444.1234,NA,NA,NA
Stalker2-Win64-Shipping.exe,13648,0x4E568280,DXGI,0,0,1,Hardware Composed: Independent Flip,27543.0981,NA,50.01800000000000,47.24780000000001,0.30980000000000,42.38800000000001,42.4182,27493.3108,50.0971,49.7873,0.3098,43.7435,48.4318,45.5452,2.8866,1.9396,27493.3108,NA,NA,NA
Stalker2-Win64-Shipping.exe,13648,0x4E568280,DXGI,0,0,1,Hardware Composed: Independent Flip,27593.6191,NA,50.52100000000000,51.45240000000000,0.25810000000000,43.33390000000000,43.3496,27543.4079,50.4693,50.2112,0.2581,42.0782,51.4669,47.1835,4.2834,-1.3553,27543.4079,NA,NA,NA
Stalker2-Win64-Shipping.exe,13648,0x4E568280,DXGI,0,0,1,Hardware Composed: Independent Flip,27643.1574,NA,49.53830000000000,50.52720000000000,0.30410000000000,42.80600000000000,44.3385,27593.8772,49.5843,49.2802,0.3041,43.0758,49.0104,45.8829,3.1275,-0.0579,27593.8772,NA,NA,NA
Stalker2-Win64-Shipping.exe,13648,0x4E568280,DXGI,0,0,1,Hardware Composed: Independent Flip,27694.2393,NA,51.08190000000000,49.94800000000000,0.30930000000000,43.17660000000000,43.2046,27643.4615,51.0871,50.7778,0.3093,42.5019,51.4525,46.3744,5.0781,-0.3637,27643.4615,NA,NA,NA
Stalker2-Win64-Shipping.exe,13648,0x4E568280,DXGI,0,0,1,Hardware Composed: Independent Flip,27745.5483,NA,51.30900000000000,52.30890000000000,0.26010000000000,42.85200000000000,44.2045,27694.5486,51.2598,50.9997,0.2601,42.8673,50.9844,46.2165,4.7679,-1.2218,27694.5486,NA,NA,NA
Stalker2-Win64-Shipping.exe,13648,0x4E568280,DXGI,0,0,1,Hardware Composed: Independent Flip,27794.8176,NA,49.26930000000000,47.85880000000000,0.30260000000000,42.76650000000000,42.7940,27745.8084,49.3118,49.0092,0.3026,42.5919,49.1838,45.9874,3.1964,3.4010,27745.8084,NA,NA,NA
Stalker2-Win64-Shipping.exe,13648,0x4E568280,DXGI,0,0,1,Hardware Composed: Independent Flip,27844.9892,NA,50.17160000000001,50.31910000000001,0.25930000000000,42.92500000000000,42.9415,27795.1202,50.1283,49.8690,0.2593,42.4639,50.3301,46.1669,4.1632,-1.0073,27795.1202,NA,NA,NA
Stalker2-Win64-Shipping.exe,13648,0x4E568280,DXGI,0,0,1,Hardware Composed: Independent Flip,27895.6389,NA,50.64970000000000,54.28180000000000,0.27600000000000,45.52320000000000,46.5736,27845.2485,50.6664,50.3904,0.2760,42.6657,53.2479,48.5775,4.6704,-4.1535,27845.2485,NA,NA,NA
Stalker2-Win64-Shipping.exe,13648,0x4E568280,DXGI,0,0,1,Hardware Composed: Independent Flip,27944.9272,NA,49.28830000000000,47.31230000000000,0.28430000000000,43.53060000000000,44.5976,27895.9149,49.2966,49.0123,0.2843,45.2472,47.2957,46.8839,0.4118,3.3541,27895.9149,NA,NA,NA
Stalker2-Win64-Shipping.exe,13648,0x4E568280,DXGI,0,0,1,Hardware Composed: Independent Flip,27995.5558,NA,50.62860000000001,49.74590000000000,0.31380000000000,43.69930000000000,43.7149,27945.2115,50.6581,50.3443,0.3138,43.2463,50.7973,46.9074,3.8899,-0.4493,27945.2115,NA,NA,NA
Stalker2-Win64-Shipping.exe,13648,0x4E568280,DXGI,0,0,1,Hardware Composed: Independent Flip,28044.9307,NA,49.37490000000000,50.74570000000000,0.26950000000000,42.43290000000000,45.0857,27995.8696,49.3306,49.0611,0.2695,43.3855,48.1085,45.7445,2.3640,-0.0876,27995.8696,NA,NA,NA
Stalker2-Win64-Shipping.exe,13648,0x4E568280,DXGI,0,0,1,Hardware Composed: Independent Flip,28095.4164,NA,50.48570000000000,49.62910000000000,0.27170000000000,44.21450000000000,44.2291,28045.2002,50.4879,50.2162,0.2717,42.1634,52.2673,47.3758,4.8915,-0.2985,28045.2002,NA,NA,NA
Stalker2-Win64-Shipping.exe,13648,0x4E568280,DXGI,0,0,1,Hardware Composed: Independent Flip,28146.1977,NA,50.78130000000000,51.48500000000000,0.28960000000000,42.62790000000000,44.9328,28095.6881,50.7992,50.5096,0.2896,43.9428,49.1947,45.8973,3.2974,-0.9971,28095.6881,NA,NA,NA
Stalker2-Win64-Shipping.exe,13648,0x4E568280,DXGI,0,0,1,Hardware Composed: Independent Flip,28196.7656,NA,50.56790000000000,48.99700000000000,0.25520000000000,43.34140000000000,43.3619,28146.4873,50.5335,50.2783,0.2552,42.3383,51.2814,46.4980,4.7834,1.8022,28146.4873,NA,NA,NA
Stalker2-Win64-Shipping.exe,13648,0x4E568280,DXGI,0,0,1,Hardware Composed: Independent Flip,28247.7041,NA,50.93850000000000,51.70780000000001,0.31180000000000,42.95840000000000,44.1312,28197.0208,50.9951,50.6833,0.3118,43.0862,50.5555,46.1352,4.4203,-1.1743,28197.0208,NA,NA,NA
Stalker2-Win64-Shipping.exe,13648,0x4E568280,DXGI,0,0,1,Hardware Composed: Independent Flip,28297.5242,NA,49.82010000000000,48.78780000000000,0.30710000000000,43.07170000000000,43.0989,28248.0159,49.8154,49.5083,0.3071,42.6466,49.9334,46.2091,3.7243,2.2073,28248.0159,NA,NA,NA
Stalker2-Win64-Shipping.exe,13648,0x4E568280,DXGI,0,0,1,Hardware Composed: Independent Flip,28348.5181,NA,50.99390000000000,50.76680000000000,0.31470000000000,42.85220000000000,42.8718,28297.8313,51.0015,50.6868,0.3147,42.7646,50.7744,46.0059,4.7685,-0.9514,28297.8313,NA,NA,NA
Stalker2-Win64-Shipping.exe,13648,0x4E568280,DXGI,0,0,1,Hardware Composed: Independent Flip,28398.8501,NA,50.33200000000000,50.98400000000000,0.24770000000000,42.95070000000000,43.5238,28348.8328,50.2650,50.0173,0.2477,42.5375,50.4305,46.0792,4.3513,0.0175,28348.8328,NA,NA,NA
Stalker2-Win64-Shipping.exe,13648,0x4E568280,DXGI,0,0,1,Hardware Composed: Independent Flip,28449.4823,NA,50.63220000000000,50.20060000000000,0.25460000000000,43.06330000000001,43.0922,28399.0978,50.6391,50.3845,0.2546,42.7030,50.7448,46.2377,4.5071,0.0644,28399.0978,NA,NA,NA
Stalker2-Win64-Shipping.exe,13648,0x4E568280,DXGI,0,0,1,Hardware Composed: Independent Flip,28499.5384,NA,50.05610000000000,49.95730000000000,0.28760000000000,42.84450000000000,42.9934,28449.7369,50.0891,49.8015,0.2876,42.8087,49.8373,45.8755,3.9618,0.6818,28449.7369,NA,NA,NA
Stalker2-Win64-Shipping.exe,13648,0x4E568280,DXGI,0,0,1,Hardware Composed: Independent Flip,28549.9131,NA,50.37470000000000,50.43140000000000,0.33350000000000,43.03430000000000,43.0501,28499.8260,50.4206,50.0871,0.3335,42.5569,50.5645,46.2045,4.3600,-0.3423,28499.8260,NA,NA,NA
Stalker2-Win64-Shipping.exe,13648,0x4E568280,DXGI,0,0,1,Hardware Composed: Independent Flip,28598.9280,NA,49.01490000000000,49.87630000000000,0.28750000000000,43.45540000000000,43.9115,28550.2466,48.9689,48.6814,0.2875,42.7008,49.4360,46.4476,2.9884,0.5443,28550.2466,NA,NA,NA
Stalker2-Win64-Shipping.exe,13648,0x4E568280,DXGI,0,0,1,Hardware Composed: Independent Flip,28648.3861,NA,49.45810000000000,48.44550000000000,0.26870000000000,42.87790000000000,42.8989,28599.2155,49.4393,49.1706,0.2687,43.1679,48.8806,45.9563,2.9243,0.5234,28599.2155,NA,NA,NA
Stalker2-Win64-Shipping.exe,13648,0x4E568280,DXGI,0,0,1,Hardware Composed: Independent Flip,28698.3746,NA,49.98850000000000,51.47530000000000,0.24430000000000,44.37200000000000,44.3857,28648.6548,49.9641,49.7198,0.2443,42.6092,51.4826,47.7354,3.7472,-2.0360,28648.6548,NA,NA,NA
Stalker2-Win64-Shipping.exe,13648,0x4E568280,DXGI,0,0,1,Hardware Composed: Independent Flip,28749.4882,NA,51.11360000000001,50.89370000000000,0.30580000000000,43.15170000000001,44.1658,28698.6189,51.1751,50.8693,0.3058,44.1277,49.8933,46.4190,3.4743,-0.9296,28698.6189,NA,NA,NA
Stalker2-Win64-Shipping.exe,13648,0x4E568280,DXGI,0,0,1,Hardware Composed: Independent Flip,28798.1083,NA,48.62010000000000,47.50370000000000,0.29410000000000,43.02690000000000,43.0494,28749.7940,48.6084,48.3143,0.2941,42.8459,48.4953,46.0846,2.4107,3.6714,28749.7940,NA,NA,NA
Stalker2-Win64-Shipping.exe,13648,0x4E568280,DXGI,0,0,1,Hardware Composed: Independent Flip,28848.3032,NA,50.19490000000000,50.27380000000000,0.30540000000000,43.11200000000000,43.1283,28798.4024,50.2062,49.9008,0.3054,42.7328,50.2800,46.2083,4.0717,-1.6654,28798.4024,NA,NA,NA
Stalker2-Win64-Shipping.exe,13648,0x4E568280,DXGI,0,0,1,Hardware Composed: Independent Flip,28898.2462,NA,49.94300000000000,50.82390000000000,0.30150000000000,42.99990000000000,44.0092,28848.6086,49.9391,49.6376,0.3015,42.8066,49.8309,46.1399,3.6910,-0.6177,28848.6086,NA,NA,NA
Stalker2-Win64-Shipping.exe,13648,0x4E568280,DXGI,0,0,1,Hardware Composed: Independent Flip,28949.1829,NA,50.93670000000000,49.93010000000000,0.27270000000000,42.98480000000000,43.0026,28898.5477,50.9079,50.6352,0.2727,42.6984,50.9216,46.2875,4.6341,0.0090,28898.5477,NA,NA,NA
Stalker2-Win64-Shipping.exe,13648,0x4E568280,DXGI,0,0,1,Hardware Composed: Independent Flip,28998.8686,NA,49.68570000000000,50.32760000000000,0.29220000000000,43.16780000000000,43.6445,28949.4556,49.7052,49.4130,0.2922,42.7121,49.8687,46.2307,3.6380,0.5803,28949.4556,NA,NA,NA
Stalker2-Win64-Shipping.exe,13648,0x4E568280,DXGI,0,0,1,Hardware Composed: Independent Flip,29049.4741,NA,50.60550000000000,50.34160000000000,0.34470000000000,43.36530000000000,43.3806,28999.1608,50.6580,50.3133,0.3447,42.8756,50.8030,46.9749,3.8281,-0.6364,28999.1608,NA,NA,NA
Stalker2-Win64-Shipping.exe,13648,0x4E568280,DXGI,0,0,1,Hardware Composed: Independent Flip,29099.7517,NA,50.27760000000000,50.28250000000000,0.31920000000000,42.90670000000000,43.3855,29049.8188,50.2521,49.9329,0.3192,43.0206,49.8190,45.8976,3.9214,0.3755,29049.8188,NA,NA,NA
Stalker2-Win64-Shipping.exe,13648,0x4E568280,DXGI,0,0,1,Hardware Composed: Independent Flip,29150.3160,NA,50.56430000000000,50.48750000000000,0.26830000000000,43.29320000000000,43.3087,29100.0709,50.5134,50.2451,0.2683,42.5875,50.9508,46.4992,4.4516,-0.2354,29100.0709,NA,NA,NA
Stalker2-Win64-Shipping.exe,13648,0x4E568280,DXGI,0,0,1,Hardware Composed: Independent Flip,29199.9743,NA,49.65830000000000,51.05720000000000,0.32530000000000,44.13960000000000,44.7076,29150.5843,49.7153,49.3900,0.3253,43.0249,50.5047,47.1909,3.3138,-0.5438,29150.5843,NA,NA,NA
Stalker2-Win64-Shipping.exe,13648,0x4E568280,DXGI,0,0,1,Hardware Composed: Independent Flip,29250.7564,NA,50.78210000000000,48.99050000000000,0.28610000000000,42.88710000000000,42.9160,29200.2996,50.7429,50.4568,0.2861,43.8143,49.5296,46.0547,3.4749,0.7248,29200.2996,NA,NA,NA
Stalker2-Win64-Shipping.exe,13648,0x4E568280,DXGI,0,0,1,Hardware Composed: Independent Flip,29301.9085,NA,51.15210000000000,53.13330000000001,0.40100000000000,44.88280000000000,44.8972,29251.0425,51.2670,50.8660,0.4010,42.6010,53.1478,48.0359,5.1119,-2.3904,29251.0425,NA,NA,NA
Stalker2-Win64-Shipping.exe,13648,0x4E568280,DXGI,0,0,1,Hardware Composed: Independent Flip,29350.8372,NA,48.92870000000000,48.83180000000000,0.25100000000000,42.83920000000001,44.8003,29302.3095,48.7787,48.5277,0.2510,44.4818,46.8851,46.1140,0.7711,2.4352,29302.3095,NA,NA,NA
Stalker2-Win64-Shipping.exe,13648,0x4E568280,DXGI,0,0,1,Hardware Composed: Independent Flip,29400.4055,NA,49.56830000000000,47.97270000000000,0.27400000000000,43.18870000000000,43.2047,29351.0882,49.5913,49.3173,0.2740,42.5882,49.9178,46.2604,3.6574,0.8060,29351.0882,NA,NA,NA
Stalker2-Win64-Shipping.exe,13648,0x4E568280,DXGI,0,0,1,Hardware Composed: Independent Flip,29450.6020,NA,50.19650000000000,52.13680000000000,0.23360000000000,43.22170000000001,45.1450,29400.6795,50.1561,49.9225,0.2336,42.9147,50.2295,46.2604,3.9691,-2.5455,29400.6795,NA,NA,NA
Stalker2-Win64-Shipping.exe,13648,0x4E568280,DXGI,0,0,1,Hardware Composed: Independent Flip,29500.5079,NA,49.90590000000000,47.66120000000000,0.26970000000000,42.88710000000000,42.9003,29450.8356,49.9420,49.6723,0.2697,42.9881,49.5713,46.1494,3.4219,2.4949,29450.8356,NA,NA,NA
Stalker2-Win64-Shipping.exe,13648,0x4E568280,DXGI,0,0,1,Hardware Composed: Independent Flip,29552.6150,NA,52.10710000000000,52.31650000000000,0.30710000000000,43.09230000000000,43.1097,29500.7776,52.1445,51.8374,0.3071,42.6174,52.3123,46.3460,5.9663,-2.3745,29500.7776,NA,NA,NA
Stalker2-Win64-Shipping.exe,13648,0x4E568280,DXGI,0,0,1,Hardware Composed: Independent Flip,29602.9315,NA,50.31650000000000,52.00570000000000,0.29820000000000,43.30430000000000,44.7989,29552.9221,50.3076,50.0094,0.2982,42.7852,50.5285,46.3663,4.1622,0.1388,29552.9221,NA,NA,NA
Stalker2-Win64-Shipping.exe,13648,0x4E568280,DXGI,0,0,1,Hardware Composed: Independent Flip,29651.9330,NA,49.00150000000000,47.64240000000000,0.30260000000000,43.42430000000000,43.4398,29603.2297,49.0059,48.7033,0.3026,43.0061,49.1215,46.5081,2.6134,2.6652,29603.2297,NA,NA,NA
Stalker2-Win64-Shipping.exe,13648,0x4E568280,DXGI,0,0,1,Hardware Composed: Independent Flip,29701.7218,NA,49.78880000000000,50.01840000000000,0.28720000000000,43.65380000000000,43.6694,29652.2356,49.7734,49.4862,0.2872,43.1217,50.0183,46.7154,3.3029,-1.0125,29652.2356,NA,NA,NA
Stalker2-Win64-Shipping.exe,13648,0x4E568280,DXGI,0,0,1,Hardware Composed: Independent Flip,29751.4596,NA,49.73780000000000,49.92780000000000,0.29770000000000,43.24540000000000,43.8594,29702.0090,49.7483,49.4506,0.2977,43.3666,49.3294,46.2491,3.0803,-0.1544,29702.0090,NA,NA,NA
Stalker2-Win64-Shipping.exe,13648,0x4E568280,DXGI,0,0,1,Hardware Composed: Independent Flip,29801.2019,NA,49.74230000000000,49.69170000000000,0.27480000000000,43.78750000000000,43.8088,29751.7573,49.7194,49.4446,0.2748,42.9477,50.2844,46.8912,3.3932,0.0566,29751.7573,NA,NA,NA
Stalker2-Win64-Shipping.exe,13648,0x4E568280,DXGI,0,0,1,Hardware Composed: Independent Flip,29851.4424,NA,50.24050000000000,50.48500000000000,0.27540000000000,43.51580000000000,44.0533,29801.4767,50.2411,49.9657,0.2754,43.5127,49.9688,46.5897,3.3791,-0.7656,29801.4767,NA,NA,NA
Stalker2-Win64-Shipping.exe,13648,0x4E568280,DXGI,0,0,1,Hardware Composed: Independent Flip,29901.1554,NA,49.71300000000000,50.20040000000000,0.26650000000000,44.52520000000001,44.5407,29851.7178,49.7041,49.4376,0.2665,43.2404,50.7224,47.5992,3.1232,0.0407,29851.7178,NA,NA,NA
