Application,ProcessID,SwapChainAddress,PresentRuntime,SyncInterval,PresentFlags,AllowsTearing,PresentMode,TimeInMs,MsBetweenSimulationStart,MsBetweenPresents,MsBetweenDisplayChange,MsInPresentAPI,MsRenderPresentLatency,MsUntilDisplayed,CPUStartTimeInMs,MsBetweenAppStart,MsCPUBusy,MsCPUWait,MsGPULatency,MsGPUTime,MsGPUBusy,MsGPUWait,MsAnimationError,AnimationTime,MsFlipDelay,MsAllInputToPhotonLatency,MsClickToPhotonLatency
Stalker2-Win64-Shipping.exe,13648,0x4E568280,DXGI,0,0,1,Hardware Composed: Independent Flip,149.1059,NA,51.46330000000000,52.94290000000000,0.25980000000000,44.21340000000000,47.2187,97.8987,51.4670,51.2072,0.2598,45.4640,49.9566,47.2547,2.7019,NA,97.8987,NA,NA,NA
Stalker2-Win64-Shipping.exe,13648,0x4E568280,DXGI,0,0,1,Hardware Composed: Independent Flip,201.2585,NA,52.15260000000000,49.18000000000000,0.28430000000000,44.22560000000000,44.2461,149.3657,52.1771,51.8928,0.2843,43.9536,52.1648,47.4421,4.7227,2.2870,149.3657,NA,NA,NA
Stalker2-Win64-Shipping.exe,13648,0x4E568280,DXGI,0,0,1,Hardware Composed: Independent Flip,254.5500,NA,53.29150000000000,54.87490000000000,0.25620000000000,44.70460000000000,45.8295,201.5428,53.2634,53.0072,0.2562,43.9413,53.7705,47.9947,5.7758,-2.6978,201.5428,NA,NA,NA
Stalker2-Win64-Shipping.exe,13648,0x4E568280,DXGI,0,0,1,Hardware Composed: Independent Flip,309.3419,NA,54.79190000000001,54.14160000000000,0.27080000000000,44.37730000000001,45.1792,254.8062,54.8065,54.5357,0.2708,44.4484,54.4646,47.6138,6.8508,-0.8782,254.8062,NA,NA,NA
Stalker2-Win64-Shipping.exe,13648,0x4E568280,DXGI,0,0,1,Hardware Composed: Independent Flip,360.8888,NA,51.54690000000000,51.17280000000000,0.32380000000000,44.35400000000000,44.8051,309.6127,51.5999,51.2761,0.3238,44.1065,51.5236,47.4935,4.0301,3.6337,309.6127,NA,NA,NA
Stalker2-Win64-Shipping.exe,13648,0x4E568280,DXGI,0,0,1,Hardware Composed: Independent Flip,413.8573,NA,52.96850000000001,52.57080000000001,0.27770000000000,44.38860000000000,44.4074,361.2126,52.9224,52.6447,0.2777,44.0302,53.0031,47.6721,5.3310,-0.9709,361.2126,NA,NA,NA
Stalker2-Win64-Shipping.exe,13648,0x4E568280,DXGI,0,0,1,Hardware Composed: Independent Flip,465.0780,NA,51.22070000000000,52.56220000000000,0.27020000000000,44.49480000000001,45.7489,414.1350,51.2132,50.9430,0.2702,44.1109,51.3269,47.5564,3.7705,0.3602,414.1350,NA,NA,NA
Stalker2-Win64-Shipping.exe,13648,0x4E568280,DXGI,0,0,1,Hardware Composed: Independent Flip,516.9678,NA,51.88980000000000,50.61050000000000,0.26330000000000,44.44860000000000,44.4696,465.3482,51.8829,51.6196,0.2633,44.2246,51.8436,47.6967,4.1469,0.6027,465.3482,NA,NA,NA
Stalker2-Win64-Shipping.exe,13648,0x4E568280,DXGI,0,0,1,Hardware Composed: Independent Flip,568.9204,NA,51.95260000000000,52.20190000000000,0.26720000000000,44.33470000000001,44.7189,517.2311,51.9565,51.6893,0.2672,44.1853,51.8387,47.6306,4.2081,-0.3190,517.2311,NA,NA,NA
Stalker2-Win64-Shipping.exe,13648,0x4E568280,DXGI,0,0,1,Hardware Composed: Independent Flip,620.2235,NA,51.30310000000000,50.82540000000000,0.28230000000000,44.22210000000000,44.2412,569.1876,51.3182,51.0359,0.2823,44.0675,51.1905,47.2846,3.9059,1.1311,569.1876,NA,NA,NA
Stalker2-Win64-Shipping.exe,13648,0x4E568280,DXGI,0,0,1,Hardware Composed: Independent Flip,671.2986,NA,51.07510000000000,52.12870000000000,0.31320000000000,45.24010000000001,45.2948,620.5058,51.1060,50.7928,0.3132,43.9398,52.0931,48.3035,3.7896,-0.8105,620.5058,NA,NA,NA
Stalker2-Win64-Shipping.exe,13648,0x4E568280,DXGI,0,0,1,Hardware Composed: Independent Flip,722.4213,NA,51.12270000000000,50.75680000000001,0.25510000000000,44.41970000000000,44.9289,671.6118,51.0646,50.8095,0.2551,44.9269,50.3023,47.9993,2.3030,0.3492,671.6118,NA,NA,NA
Stalker2-Win64-Shipping.exe,13648,0x4E568280,DXGI,0,0,1,Hardware Composed: Independent Flip,774.2892,NA,51.86790000000001,51.02290000000000,0.26610000000000,44.06640000000000,44.0839,722.6764,51.8789,51.6128,0.2661,44.1646,51.5146,47.1755,4.3391,0.0417,722.6764,NA,NA,NA
Stalker2-Win64-Shipping.exe,13648,0x4E568280,DXGI,0,0,1,Hardware Composed: Independent Flip,824.5264,NA,50.23720000000000,51.31690000000000,0.26360000000000,44.33070000000000,45.1636,774.5553,50.2347,49.9711,0.2636,43.8003,50.5015,47.4230,3.0785,0.5620,774.5553,NA,NA,NA
Stalker2-Win64-Shipping.exe,13648,0x4E568280,DXGI,0,0,1,Hardware Composed: Independent Flip,875.4646,NA,50.93820000000000,50.12120000000000,0.27120000000000,44.33130000000000,44.3466,824.7900,50.9458,50.6746,0.2712,44.0671,50.9388,47.6048,3.3340,0.1135,824.7900,NA,NA,NA
Stalker2-Win64-Shipping.exe,13648,0x4E568280,DXGI,0,0,1,Hardware Composed: Independent Flip,927.9318,NA,52.46720000000001,54.98390000000001,0.27430000000000,46.48170000000000,46.8633,875.7358,52.4703,52.1960,0.2743,44.0601,54.6176,49.7597,4.8579,-4.0381,875.7358,NA,NA,NA
Stalker2-Win64-Shipping.exe,13648,0x4E568280,DXGI,0,0,1,Hardware Composed: Independent Flip,978.3975,NA,50.46570000000001,49.40110000000000,0.27090000000000,44.18560000000000,45.7987,928.2061,50.4623,50.1914,0.2709,46.2074,48.1696,47.3270,0.8426,3.0692,928.2061,NA,NA,NA
Stalker2-Win64-Shipping.exe,13648,0x4E568280,DXGI,0,0,1,Hardware Composed: Independent Flip,1030.4038,NA,52.00630000000000,50.64610000000000,0.24720000000000,44.42010000000001,44.4385,978.6684,51.9826,51.7354,0.2472,43.9147,52.2408,48.1565,4.0843,-0.1838,978.6684,NA,NA,NA
Stalker2-Win64-Shipping.exe,13648,0x4E568280,DXGI,0,0,1,Hardware Composed: Independent Flip,1080.8431,NA,50.43930000000000,52.80280000000000,0.30830000000000,44.16130000000000,46.8020,1030.6510,50.5004,50.1921,0.3083,44.1729,50.1805,47.4946,2.6859,-0.8202,1030.6510,NA,NA,NA
Stalker2-Win64-Shipping.exe,13648,0x4E568280,DXGI,0,0,1,Hardware Composed: Independent Flip,1130.8983,NA,50.05520000000000,47.51940000000000,0.28030000000000,44.20180000000000,44.2662,1081.1514,50.0272,49.7469,0.2803,43.8530,50.0957,47.3459,2.7498,2.9810,1081.1514,NA,NA,NA
Stalker2-Win64-Shipping.exe,13648,0x4E568280,DXGI,0,0,1,Hardware Composed: Independent Flip,1183.6479,NA,52.74960000000000,53.02140000000000,0.27450000000000,44.41840000000001,44.5380,1131.1786,52.7438,52.4693,0.2745,43.9215,52.9662,47.8998,5.0664,-2.9942,1131.1786,NA,NA,NA
Stalker2-Win64-Shipping.exe,13648,0x4E568280,DXGI,0,0,1,Hardware Composed: Independent Flip,1234.4833,NA,50.83540000000000,51.96880000000000,0.31530000000000,44.71350000000000,45.6714,1183.9224,50.8762,50.5609,0.3153,44.1439,51.1305,47.8883,3.2422,0.7750,1183.9224,NA,NA,NA
Stalker2-Win64-Shipping.exe,13648,0x4E568280,DXGI,0,0,1,Hardware Composed: Independent Flip,1285.5954,NA,51.11210000000001,50.70530000000000,0.26280000000000,45.24810000000000,45.2646,1234.7986,51.0596,50.7968,0.2628,44.3982,51.6467,48.3910,3.2557,0.1709,1234.7986,NA,NA,NA
Stalker2-Win64-Shipping.exe,13648,0x4E568280,DXGI,0,0,1,Hardware Composed: Independent Flip,1337.0233,NA,51.42790000000000,50.60050000000000,0.29320000000000,44.08670000000000,44.4372,1285.8582,51.4583,51.1651,0.2932,44.9853,50.2665,47.1693,3.0972,0.4591,1285.8582,NA,NA,NA
Stalker2-Win64-Shipping.exe,13648,0x4E568280,DXGI,0,0,1,Hardware Composed: Independent Flip,1388.4888,NA,51.46550000000001,51.38350000000001,0.23430000000000,44.33350000000000,44.3552,1337.3165,51.4066,51.1723,0.2343,43.7935,51.7123,47.5071,4.2052,0.0748,1337.3165,NA,NA,NA
Stalker2-Win64-Shipping.exe,13648,0x4E568280,DXGI,0,0,1,Hardware Composed: Independent Flip,1439.9857,NA,51.49690000000000,52.17450000000000,0.28030000000000,44.21180000000000,45.0328,1388.7231,51.5429,51.2626,0.2803,44.0992,51.3752,47.3967,3.9785,-0.7679,1388.7231,NA,NA,NA
Stalker2-Win64-Shipping.exe,13648,0x4E568280,DXGI,0,0,1,Hardware Composed: Independent Flip,1490.5006,NA,50.51490000000000,49.77290000000000,0.24900000000000,44.26880000000000,44.2908,1440.2660,50.4836,50.2346,0.2490,43.9315,50.5719,47.3916,3.1803,1.7700,1440.2660,NA,NA,NA
Stalker2-Win64-Shipping.exe,13648,0x4E568280,DXGI,0,0,1,Hardware Composed: Independent Flip,1542.1790,NA,51.67840000000000,51.29930000000000,0.25310000000000,43.88030000000001,43.9117,1490.7496,51.6825,51.4294,0.2531,44.0198,51.2899,47.2321,4.0578,-0.8157,1490.7496,NA,NA,NA
Stalker2-Win64-Shipping.exe,13648,0x4E568280,DXGI,0,0,1,Hardware Composed: Independent Flip,1594.0934,NA,51.91440000000000,52.45460000000000,0.25120000000000,43.89740000000000,44.4519,1542.4321,51.9125,51.6613,0.2512,43.6272,51.9315,47.7192,4.2123,-0.7721,1542.4321,NA,NA,NA
Stalker2-Win64-Shipping.exe,13648,0x4E568280,DXGI,0,0,1,Hardware Composed: Independent Flip,1645.1287,NA,51.03530000000000,51.65000000000001,0.25610000000000,44.89450000000000,45.0666,1594.3446,51.0402,50.7841,0.2561,43.6462,52.0324,48.0551,3.9773,0.2625,1594.3446,NA,NA,NA
Stalker2-Win64-Shipping.exe,13648,0x4E568280,DXGI,0,0,1,Hardware Composed: Independent Flip,1696.6843,NA,51.55560000000001,51.02870000000000,0.32600000000000,44.46460000000000,44.5397,1645.3848,51.6255,51.2995,0.3260,44.6384,51.1257,47.8501,3.2756,0.0115,1645.3848,NA,NA,NA
Stalker2-Win64-Shipping.exe,13648,0x4E568280,DXGI,0,0,1,Hardware Composed: Independent Flip,1751.5185,NA,54.83420000000000,54.57810000000000,0.26720000000000,44.27060000000000,44.2836,1697.0103,54.7754,54.5082,0.2672,44.1386,54.6402,48.0962,6.5440,-2.9526,1697.0103,NA,NA,NA
Stalker2-Win64-Shipping.exe,13648,0x4E568280,DXGI,0,0,1,Hardware Composed: Independent Flip,1798.9891,NA,47.47060000000000,49.06250000000000,0.24850000000000,44.06300000000000,45.8755,1751.7857,47.4519,47.2034,0.2485,44.0034,47.2630,47.2272,0.0358,5.7129,1751.7857,NA,NA,NA
Stalker2-Win64-Shipping.exe,13648,0x4E568280,DXGI,0,0,1,Hardware Composed: Independent Flip,1855.6790,NA,56.68990000000000,54.98640000000000,0.27100000000000,44.15840000000000,44.1720,1799.2376,56.7124,56.4414,0.2710,43.8145,56.7853,47.4661,9.3192,-7.5345,1799.2376,NA,NA,NA
Stalker2-Win64-Shipping.exe,13648,0x4E568280,DXGI,0,0,1,Hardware Composed: Independent Flip,1901.3081,NA,45.62910000000000,50.99090000000000,0.25920000000000,46.50930000000000,49.5338,1855.9500,45.6173,45.3581,0.2592,43.8874,47.9800,47.9685,0.0115,5.7215,1855.9500,NA,NA,NA
Stalker2-Win64-Shipping.exe,13648,0x4E568280,DXGI,0,0,1,Hardware Composed: Independent Flip,1952.0959,NA,50.78780000000000,45.76020000000000,0.29220000000000,44.44090000000000,44.5062,1901.5673,50.8208,50.5286,0.2922,46.2501,48.7194,47.5944,1.1250,-0.1429,1901.5673,NA,NA,NA
Stalker2-Win64-Shipping.exe,13648,0x4E568280,DXGI,0,0,1,Hardware Composed: Independent Flip,2004.7207,NA,52.62480000000000,55.22880000000000,0.24090000000000,44.09650000000000,47.1102,1952.3881,52.5735,52.3326,0.2409,44.1487,52.2804,47.2634,5.0170,-4.4080,1952.3881,NA,NA,NA
Stalker2-Win64-Shipping.exe,13648,0x4E568280,DXGI,0,0,1,Hardware Composed: Independent Flip,2054.1166,NA,49.39590000000000,46.33580000000000,0.29720000000000,44.03280000000000,44.0501,2004.9616,49.4522,49.1550,0.2972,43.8556,49.3322,47.1735,2.1587,6.2377,2004.9616,NA,NA,NA
Stalker2-Win64-Shipping.exe,13648,0x4E568280,DXGI,0,0,1,Hardware Composed: Independent Flip,2105.2886,NA,51.17200000000000,51.15410000000000,0.26270000000000,44.01870000000000,44.0322,2054.4138,51.1375,50.8748,0.2627,43.7356,51.1579,47.1537,4.0042,-1.7019,2054.4138,NA,NA,NA
Stalker2-Win64-Shipping.exe,13648,0x4E568280,DXGI,0,0,1,Hardware Composed: Independent Flip,2157.1413,NA,51.85270000000001,54.23930000000000,0.26650000000000,44.56490000000000,46.4188,2105.5513,51.8565,51.5900,0.2665,43.7560,52.3989,47.8047,4.5942,-3.1018,2105.5513,NA,NA,NA
Stalker2-Win64-Shipping.exe,13648,0x4E568280,DXGI,0,0,1,Hardware Composed: Independent Flip,2208.3277,NA,51.18640000000000,49.31140000000000,0.27480000000000,44.52860000000000,44.5438,2157.4078,51.1947,50.9199,0.2748,44.2984,51.1501,47.5230,3.6271,2.5451,2157.4078,NA,NA,NA
Stalker2-Win64-Shipping.exe,13648,0x4E568280,DXGI,0,0,1,Hardware Composed: Independent Flip,2259.5625,NA,51.23480000000000,50.61930000000000,0.25750000000000,43.86310000000000,43.9283,2208.6025,51.2175,50.9600,0.2575,44.2538,50.5693,47.0356,3.5337,0.5754,2208.6025,NA,NA,NA
Stalker2-Win64-Shipping.exe,13648,0x4E568280,DXGI,0,0,1,Hardware Composed: Independent Flip,2311.0780,NA,51.51550000000000,52.30500000000000,0.26200000000000,44.11900000000000,44.7178,2259.8200,51.5200,51.2580,0.2620,43.6056,51.7714,47.9705,3.8009,-1.0875,2259.8200,NA,NA,NA
Stalker2-Win64-Shipping.exe,13648,0x4E568280,DXGI,0,0,1,Hardware Composed: Independent Flip,2362.1927,NA,51.11470000000000,50.84410000000000,0.25570000000000,44.42600000000000,44.4472,2311.3400,51.1084,50.8527,0.2557,43.8570,51.4217,47.5485,3.8732,0.6759,2311.3400,NA,NA,NA
Stalker2-Win64-Shipping.exe,13648,0x4E568280,DXGI,0,0,1,Hardware Composed: Independent Flip,2413.2445,NA,51.05180000000000,50.70380000000000,0.26000000000000,44.03090000000000,44.0992,2362.4484,51.0561,50.7961,0.2600,44.1703,50.6567,47.1136,3.5431,0.4046,2362.4484,NA,NA,NA
Stalker2-Win64-Shipping.exe,13648,0x4E568280,DXGI,0,0,1,Hardware Composed: Independent Flip,2465.0077,NA,51.76320000000000,51.85230000000000,0.29620000000000,44.14890000000000,44.1883,2413.5045,51.7994,51.5032,0.2962,43.7709,51.8812,47.4183,4.4629,-0.7962,2413.5045,NA,NA,NA
Stalker2-Win64-Shipping.exe,13648,0x4E568280,DXGI,0,0,1,Hardware Composed: Independent Flip,2515.8889,NA,50.88120000000000,52.68700000000000,0.28070000000000,45.57360000000000,45.9941,2465.3039,50.8657,50.5850,0.2807,43.8527,52.3059,48.6487,3.6572,-0.8876,2465.3039,NA,NA,NA
Stalker2-Win64-Shipping.exe,13648,0x4E568280,DXGI,0,0,1,Hardware Composed: Independent Flip,2567.0787,NA,51.18980000000001,50.02900000000000,0.24070000000000,44.55330000000000,44.8333,2516.1696,51.1498,50.9091,0.2407,45.2929,50.1695,48.1050,2.0645,0.8367,2516.1696,NA,NA,NA
Stalker2-Win64-Shipping.exe,13648,0x4E568280,DXGI,0,0,1,Hardware Composed: Independent Flip,2618.2307,NA,51.15200000000000,50.50710000000000,0.27110000000000,44.14450000000000,44.1884,2567.3194,51.1824,50.9113,0.2711,44.3126,50.7432,47.3478,3.3954,0.6427,2567.3194,NA,NA,NA
Stalker2-Win64-Shipping.exe,13648,0x4E568280,DXGI,0,0,1,Hardware Composed: Independent Flip,2669.6422,NA,51.41150000000000,52.76610000000000,0.30400000000000,44.82470000000000,45.5430,2618.5018,51.4444,51.1404,0.3040,43.8734,52.0917,47.9701,4.1216,-1.5837,2618.5018,NA,NA,NA
Stalker2-Win64-Shipping.exe,13648,0x4E568280,DXGI,0,0,1,Hardware Composed: Independent Flip,2720.9374,NA,51.29520000000000,49.99960000000000,0.27950000000000,44.02610000000000,44.2474,2669.9462,51.2707,50.9912,0.2795,44.5207,50.4966,47.1601,3.3365,1.4448,2669.9462,NA,NA,NA
Stalker2-Win64-Shipping.exe,13648,0x4E568280,DXGI,0,0,1,Hardware Composed: Independent Flip,2772.8572,NA,51.91980000000000,51.59570000000000,0.24760000000000,43.90700000000000,43.9233,2721.2169,51.8879,51.6403,0.2476,43.7466,51.8007,47.2360,4.5647,-0.3250,2721.2169,NA,NA,NA
Stalker2-Win64-Shipping.exe,13648,0x4E568280,DXGI,0,0,1,Hardware Composed: Independent Flip,2824.8853,NA,52.02810000000000,53.04680000000000,0.27400000000000,43.84080000000000,44.9420,2773.1048,52.0545,51.7805,0.2740,43.6594,51.9619,47.1562,4.8057,-1.1589,2773.1048,NA,NA,NA
Stalker2-Win64-Shipping.exe,13648,0x4E568280,DXGI,0,0,1,Hardware Composed: Independent Flip,2876.8035,NA,51.91820000000001,51.60200000000000,0.28550000000000,44.61060000000001,44.6258,2825.1593,51.9297,51.6442,0.2855,43.5668,52.6880,47.8205,4.8675,0.4525,2825.1593,NA,NA,NA
Stalker2-Win64-Shipping.exe,13648,0x4E568280,DXGI,0,0,1,Hardware Composed: Independent Flip,2928.2104,NA,51.40690000000000,51.54230000000000,0.25740000000000,44.46790000000000,44.7612,2877.0890,51.3788,51.1214,0.2574,44.3251,51.2642,47.6493,3.6149,0.3874,2877.0890,NA,NA,NA
Stalker2-Win64-Shipping.exe,13648,0x4E568280,DXGI,0,0,1,Hardware Composed: Independent Flip,2979.2957,NA,51.08530000000000,51.12460000000000,0.27800000000000,44.78560000000000,44.8005,2928.4678,51.1059,50.8279,0.2780,44.2105,51.4030,48.0444,3.3586,0.2542,2928.4678,NA,NA,NA
Stalker2-Win64-Shipping.exe,13648,0x4E568280,DXGI,0,0,1,Hardware Composed: Independent Flip,3030.7418,NA,51.44610000000000,51.20110000000000,0.25500000000000,44.42120000000000,44.5555,2979.5737,51.4231,51.1681,0.2550,44.5076,51.0817,47.5862,3.4955,-0.0952,2979.5737,NA,NA,NA
Stalker2-Win64-Shipping.exe,13648,0x4E568280,DXGI,0,0,1,Hardware Composed: Independent Flip,3081.7767,NA,51.03490000000000,50.68330000000000,0.25380000000000,44.18280000000000,44.2039,3030.9968,51.0337,50.7799,0.2538,44.1662,50.7965,47.3878,3.4087,0.7398,3030.9968,NA,NA,NA
Stalker2-Win64-Shipping.exe,13648,0x4E568280,DXGI,0,0,1,Hardware Composed: Independent Flip,3133.2708,NA,51.49410000000000,53.04380000000000,0.29610000000000,45.73760000000000,45.7536,3082.0305,51.5364,51.2403,0.2961,43.9290,53.0489,48.7985,4.2504,-2.0101,3082.0305,NA,NA,NA
Stalker2-Win64-Shipping.exe,13648,0x4E568280,DXGI,0,0,1,Hardware Composed: Independent Flip,3183.9995,NA,50.72870000000000,50.17680000000000,0.26710000000000,44.30510000000000,45.2017,3133.5669,50.6997,50.4326,0.2671,45.4415,49.2962,47.4153,1.8809,1.3596,3133.5669,NA,NA,NA
Stalker2-Win64-Shipping.exe,13648,0x4E568280,DXGI,0,0,1,Hardware Composed: Independent Flip,3235.4404,NA,51.44090000000000,50.96280000000000,0.29070000000000,44.70850000000000,44.7236,3184.2666,51.4645,51.1738,0.2907,44.0380,51.8443,47.9483,3.8960,-0.2631,3184.2666,NA,NA,NA
Stalker2-Win64-Shipping.exe,13648,0x4E568280,DXGI,0,0,1,Hardware Composed: Independent Flip,3286.6125,NA,51.17210000000000,52.27830000000000,0.26070000000000,44.23310000000000,45.8298,3235.7311,51.1421,50.8814,0.2607,44.4178,50.6967,47.6452,3.0515,-0.8138,3235.7311,NA,NA,NA
Stalker2-Win64-Shipping.exe,13648,0x4E568280,DXGI,0,0,1,Hardware Composed: Independent Flip,3337.9011,NA,51.28860000000000,49.81420000000000,0.27470000000000,44.32830000000000,44.3554,3286.8732,51.3026,51.0279,0.2747,43.9724,51.3838,47.4770,3.9068,1.3279,3286.8732,NA,NA,NA
Stalker2-Win64-Shipping.exe,13648,0x4E568280,DXGI,0,0,1,Hardware Composed: Independent Flip,3390.1911,NA,52.29000000000000,52.53470000000000,0.28180000000000,44.17280000000000,44.6001,3338.1758,52.2971,52.0153,0.2818,44.0536,52.1345,47.4083,4.7262,-1.2321,3338.1758,NA,NA,NA
Stalker2-Win64-Shipping.exe,13648,0x4E568280,DXGI,0,0,1,Hardware Composed: Independent Flip,3442.7859,NA,52.59480000000000,54.57300000000000,0.28330000000000,46.28750000000000,46.5783,3390.4729,52.5963,52.3130,0.2833,43.8910,54.7095,49.6957,5.0138,-2.2759,3390.4729,NA,NA,NA
Stalker2-Win64-Shipping.exe,13648,0x4E568280,DXGI,0,0,1,Hardware Composed: Independent Flip,3493.3719,NA,50.58600000000001,49.26010000000000,0.24900000000000,44.12580000000001,45.2524,3443.0692,50.5517,50.3027,0.2490,46.0042,48.4243,47.3070,1.1173,3.3362,3443.0692,NA,NA,NA
Stalker2-Win64-Shipping.exe,13648,0x4E568280,DXGI,0,0,1,Hardware Composed: Independent Flip,3545.4071,NA,52.03520000000000,51.66220000000001,0.27020000000000,44.86500000000000,44.8794,3493.6209,52.0564,51.7862,0.2702,43.8768,52.7744,48.2281,4.5463,-1.1105,3493.6209,NA,NA,NA
Stalker2-Win64-Shipping.exe,13648,0x4E568280,DXGI,0,0,1,Hardware Composed: Independent Flip,3596.2376,NA,50.83050000000000,53.11730000000000,0.25340000000000,44.32210000000000,47.1662,3545.6773,50.8137,50.5603,0.2534,44.5948,50.2876,47.2825,3.0051,-1.0609,3545.6773,NA,NA,NA
Stalker2-Win64-Shipping.exe,13648,0x4E568280,DXGI,0,0,1,Hardware Composed: Independent Flip,3647.8507,NA,51.61310000000000,48.63270000000000,0.26350000000000,44.15750000000000,44.1858,3596.4910,51.6232,51.3597,0.2635,44.0687,51.4485,47.3743,4.0742,2.1810,3596.4910,NA,NA,NA
Stalker2-Win64-Shipping.exe,13648,0x4E568280,DXGI,0,0,1,Hardware Composed: Independent Flip,3699.8617,NA,52.01100000000000,52.85100000000000,0.27420000000000,44.20650000000001,45.0258,3648.1142,52.0217,51.7475,0.2742,43.8940,52.0600,47.4579,4.6021,-1.2278,3648.1142,NA,NA,NA
Stalker2-Win64-Shipping.exe,13648,0x4E568280,DXGI,0,0,1,Hardware Composed: Independent Flip,3752.0622,NA,52.20050000000001,52.56290000000000,0.24750000000000,45.37230000000000,45.3882,3700.1359,52.1738,51.9263,0.2475,43.9323,53.3663,48.7254,4.6409,-0.5412,3700.1359,NA,NA,NA
Stalker2-Win64-Shipping.exe,13648,0x4E568280,DXGI,0,0,1,Hardware Composed: Independent Flip,3803.9352,NA,51.87300000000000,51.21390000000000,0.26180000000000,44.25930000000000,44.7291,3752.3097,51.8873,51.6255,0.2618,45.1248,50.7600,47.3722,3.3878,0.9599,3752.3097,NA,NA,NA
Stalker2-Win64-Shipping.exe,13648,0x4E568280,DXGI,0,0,1,Hardware Composed: Independent Flip,3855.3551,NA,51.41990000000001,51.35770000000000,0.26680000000000,44.62600000000000,44.6669,3804.1970,51.4249,51.1581,0.2668,43.9975,51.7866,47.7708,4.0158,0.5296,3804.1970,NA,NA,NA
Stalker2-Win64-Shipping.exe,13648,0x4E568280,DXGI,0,0,1,Hardware Composed: Independent Flip,3907.3556,NA,52.00050000000000,51.78510000000000,0.25510000000000,43.72040000000001,44.4515,3855.6219,51.9888,51.7337,0.2551,44.3592,51.0949,46.9803,4.1146,-0.3602,3855.6219,NA,NA,NA
Stalker2-Win64-Shipping.exe,13648,0x4E568280,DXGI,0,0,1,Hardware Composed: Independent Flip,3959.2238,NA,51.86820000000000,51.31200000000000,0.26370000000000,43.87890000000000,43.8953,3907.6107,51.8768,51.6131,0.2637,43.4653,52.0267,47.5685,4.4582,0.6768,3907.6107,NA,NA,NA
Stalker2-Win64-Shipping.exe,13648,0x4E568280,DXGI,0,0,1,Hardware Composed: Independent Flip,4010.8545,NA,51.63070000000000,52.35530000000000,0.28730000000000,44.07880000000000,44.6199,3959.4875,51.6543,51.3670,0.2873,43.6152,51.8306,47.2213,4.6093,-0.4785,3959.4875,NA,NA,NA
Stalker2-Win64-Shipping.exe,13648,0x4E568280,DXGI,0,0,1,Hardware Composed: Independent Flip,4062.6027,NA,51.74820000000000,51.64550000000001,0.28500000000000,44.47530000000000,44.5172,4011.1418,51.7459,51.4609,0.2850,43.7915,52.1447,47.7643,4.3804,0.0088,4011.1418,NA,NA,NA
Stalker2-Win64-Shipping.exe,13648,0x4E568280,DXGI,0,0,1,Hardware Composed: Independent Flip,4114.5378,NA,51.93510000000001,51.79420000000000,0.29790000000000,44.08150000000001,44.3763,4062.8877,51.9480,51.6501,0.2979,44.1903,51.5413,47.5125,4.0288,-0.0483,4062.8877,NA,NA,NA
Stalker2-Win64-Shipping.exe,13648,0x4E568280,DXGI,0,0,1,Hardware Composed: Independent Flip,4165.6810,NA,51.14320000000000,51.42000000000000,0.29210000000000,44.61780000000000,44.6531,4114.8357,51.1374,50.8453,0.2921,43.7836,51.6795,47.7856,3.8939,0.5280,4114.8357,NA,NA,NA
Stalker2-Win64-Shipping.exe,13648,0x4E568280,DXGI,0,0,1,Hardware Composed: Independent Flip,4218.4679,NA,52.78690000000000,51.79160000000000,0.26120000000000,43.49780000000001,43.6578,4165.9731,52.7560,52.4948,0.2612,44.3257,51.6669,46.8104,4.8565,-0.6542,4165.9731,NA,NA,NA
Stalker2-Win64-Shipping.exe,13648,0x4E568280,DXGI,0,0,1,Hardware Composed: Independent Flip,4268.7146,NA,50.24670000000000,50.72770000000001,0.23970000000000,44.11160000000000,44.1388,4218.7291,50.2252,49.9855,0.2397,43.2366,50.8605,47.3842,3.4763,2.0283,4218.7291,NA,NA,NA
Stalker2-Win64-Shipping.exe,13648,0x4E568280,DXGI,0,0,1,Hardware Composed: Independent Flip,4320.0345,NA,51.31990000000000,52.01240000000000,0.26910000000000,44.78780000000000,44.8313,4268.9543,51.3493,51.0802,0.2691,43.8719,51.9961,47.9057,4.0904,-1.7872,4268.9543,NA,NA,NA
Stalker2-Win64-Shipping.exe,13648,0x4E568280,DXGI,0,0,1,Hardware Composed: Independent Flip,4370.4483,NA,50.41380000000000,52.07940000000000,0.25940000000000,45.85600000000000,46.4969,4320.3036,50.4041,50.1447,0.2594,44.5187,51.4820,48.9239,2.5581,-0.7301,4320.3036,NA,NA,NA
Stalker2-Win64-Shipping.exe,13648,0x4E568280,DXGI,0,0,1,Hardware Composed: Independent Flip,4421.7613,NA,51.31300000000000,49.60910000000001,0.24300000000000,44.77290000000000,44.7930,4370.7077,51.2966,51.0536,0.2430,45.5966,50.2299,48.0805,2.1494,0.7950,4370.7077,NA,NA,NA
Stalker2-Win64-Shipping.exe,13648,0x4E568280,DXGI,0,0,1,Hardware Composed: Independent Flip,4473.7912,NA,52.02990000000000,51.86210000000001,0.26000000000000,44.61110000000000,44.6252,4422.0043,52.0469,51.7869,0.2600,44.5299,51.8681,47.7727,4.0954,-0.5655,4422.0043,NA,NA,NA
Stalker2-Win64-Shipping.exe,13648,0x4E568280,DXGI,0,0,1,Hardware Composed: Independent Flip,4523.1074,NA,49.31620000000000,50.08130000000001,0.26560000000000,44.38690000000000,45.3903,4474.0512,49.3218,49.0562,0.2656,44.3511,49.0920,47.4754,1.6166,1.9656,4474.0512,NA,NA,NA
Stalker2-Win64-Shipping.exe,13648,0x4E568280,DXGI,0,0,1,Hardware Composed: Independent Flip,4573.9652,NA,50.85780000000000,49.64890000000000,0.31450000000000,44.15390000000000,44.1814,4523.3730,50.9067,50.5922,0.3145,44.1213,50.6248,47.2990,3.3258,-0.3271,4523.3730,NA,NA,NA
Stalker2-Win64-Shipping.exe,13648,0x4E568280,DXGI,0,0,1,Hardware Composed: Independent Flip,4625.8856,NA,51.92040000000000,53.40990000000000,0.27280000000000,44.53650000000000,45.6709,4574.2797,51.8787,51.6059,0.2728,43.8394,52.3030,47.7289,4.5741,-2.5032,4574.2797,NA,NA,NA
Stalker2-Win64-Shipping.exe,13648,0x4E568280,DXGI,0,0,1,Hardware Composed: Independent Flip,4677.6909,NA,51.80530000000000,51.35160000000000,0.24400000000000,44.93350000000000,45.2172,4626.1584,51.7765,51.5325,0.2440,44.2637,52.2023,48.1071,4.0952,0.5271,4626.1584,NA,NA,NA
Stalker2-Win64-Shipping.exe,13648,0x4E568280,DXGI,0,0,1,Hardware Composed: Independent Flip,4729.2120,NA,51.52110000000000,50.49050000000000,0.39480000000000,44.17220000000000,44.1866,4677.9349,51.6719,51.2771,0.3948,44.6895,50.7598,47.3751,3.3847,1.2860,4677.9349,NA,NA,NA
Stalker2-Win64-Shipping.exe,13648,0x4E568280,DXGI,0,0,1,Hardware Composed: Independent Flip,4781.9440,NA,52.73200000000000,53.55780000000000,0.27130000000000,44.99680000000000,45.0124,4729.6068,52.6085,52.3372,0.2713,43.7774,53.5566,48.2670,5.2896,-1.8859,4729.6068,NA,NA,NA
Stalker2-Win64-Shipping.exe,13648,0x4E568280,DXGI,0,0,1,Hardware Composed: Independent Flip,4832.4575,NA,50.51350000000000,51.14140000000000,0.25250000000000,44.31860000000000,45.6403,4782.2153,50.4947,50.2422,0.2525,44.7255,49.8353,47.4278,2.4075,1.4671,4782.2153,NA,NA,NA
Stalker2-Win64-Shipping.exe,13648,0x4E568280,DXGI,0,0,1,Hardware Composed: Independent Flip,4884.4454,NA,51.98790000000000,51.37730000000001,0.26220000000000,45.01510000000000,45.0297,4832.7100,51.9976,51.7354,0.2622,44.0661,52.6844,48.2846,4.3998,-0.8826,4832.7100,NA,NA,NA
Stalker2-Win64-Shipping.exe,13648,0x4E568280,DXGI,0,0,1,Hardware Composed: Independent Flip,4935.3363,NA,50.89090000000000,52.11690000000000,0.29100000000000,44.57850000000001,46.2557,4884.7076,50.9197,50.6287,0.2910,44.7529,50.4543,47.6700,2.7843,-0.1193,4884.7076,NA,NA,NA
Stalker2-Win64-Shipping.exe,13648,0x4E568280,DXGI,0,0,1,Hardware Composed: Independent Flip,4985.8671,NA,50.53080000000000,50.39610000000000,0.30310000000000,46.09060000000000,46.1210,4935.6273,50.5429,50.2398,0.3031,44.2875,52.0429,49.2065,2.8364,0.5236,4935.6273,NA,NA,NA
Stalker2-Win64-Shipping.exe,13648,0x4E568280,DXGI,0,0,1,Hardware Composed: Independent Flip,5037.7455,NA,51.87840000000000,51.35830000000000,0.27510000000000,44.65770000000001,45.6009,4986.1702,51.8504,51.5753,0.2751,45.7875,50.4455,47.7919,2.6536,-0.8154,4986.1702,NA,NA,NA
Stalker2-Win64-Shipping.exe,13648,0x4E568280,DXGI,0,0,1,Hardware Composed: Independent Flip,5089.0285,NA,51.28300000000000,50.18540000000000,0.28200000000000,44.46050000000000,44.5033,5038.0206,51.2899,51.0079,0.2820,44.3826,51.0858,47.5945,3.4913,1.6650,5038.0206,NA,NA,NA
Stalker2-Win64-Shipping.exe,13648,0x4E568280,DXGI,0,0,1,Hardware Composed: Independent Flip,5140.3545,NA,51.32600000000000,51.80810000000000,0.27230000000000,44.50050000000000,44.9854,5089.3105,51.3163,51.0440,0.2723,44.1785,51.3660,47.5619,3.8041,-0.5182,5089.3105,NA,NA,NA
Stalker2-Win64-Shipping.exe,13648,0x4E568280,DXGI,0,0,1,Hardware Composed: Independent Flip,5192.2765,NA,51.92200000000000,50.74390000000000,0.25300000000000,43.77850000000000,43.8073,5140.6268,51.9027,51.6497,0.2530,44.2282,51.2000,47.0533,4.1467,0.5724,5140.6268,NA,NA,NA
Stalker2-Win64-Shipping.exe,13648,0x4E568280,DXGI,0,0,1,Hardware Composed: Independent Flip,5244.8188,NA,52.54230000000000,53.53340000000000,0.27190000000000,44.78040000000000,44.7984,5192.5295,52.5612,52.2893,0.2719,43.5255,53.5442,47.9764,5.5678,-1.6307,5192.5295,NA,NA,NA
Stalker2-Win64-Shipping.exe,13648,0x4E568280,DXGI,0,0,1,Hardware Composed: Independent Flip,5296.5599,NA,51.74110000000000,52.32330000000000,0.28610000000000,44.08920000000001,45.3806,5245.0907,51.7553,51.4692,0.2861,44.5085,51.0499,47.0659,3.9840,0.2379,5245.0907,NA,NA,NA
Stalker2-Win64-Shipping.exe,13648,0x4E568280,DXGI,0,0,1,Hardware Composed: Independent Flip,5348.5956,NA,52.03570000000001,51.46520000000000,0.28000000000000,44.78820000000000,44.8101,5296.8460,52.0296,51.7496,0.2800,43.8031,52.7347,47.9638,4.7709,0.2901,5296.8460,NA,NA,NA
Stalker2-Win64-Shipping.exe,13648,0x4E568280,DXGI,0,0,1,Hardware Composed: Independent Flip,5399.8920,NA,51.29640000000001,52.02400000000000,0.29070000000000,44.60930000000000,45.5377,5348.8756,51.3071,51.0164,0.2907,44.5082,51.1175,47.6961,3.4214,0.0056,5348.8756,NA,NA,NA
Stalker2-Win64-Shipping.exe,13648,0x4E568280,DXGI,0,0,1,Hardware Composed: Independent Flip,5453.5756,NA,53.68360000000001,52.83420000000000,0.28320000000000,44.67410000000000,44.6883,5400.1827,53.6761,53.3929,0.2832,44.3186,53.7484,48.8131,4.9353,-1.5271,5400.1827,NA,NA,NA
Stalker2-Win64-Shipping.exe,13648,0x4E568280,DXGI,0,0,1,Hardware Composed: Independent Flip,5502.8702,NA,49.29460000000000,50.22140000000000,0.26340000000000,44.23010000000000,45.6151,5453.8588,49.2748,49.0114,0.2634,44.3909,48.8506,47.3595,1.4911,3.4547,5453.8588,NA,NA,NA
Stalker2-Win64-Shipping.exe,13648,0x4E568280,DXGI,0,0,1,Hardware Composed: Independent Flip,5554.7773,NA,51.90710000000000,50.79670000000000,0.27180000000000,44.46680000000000,44.5047,5503.1336,51.9155,51.6437,0.2718,43.9667,52.1438,47.7520,4.3918,-1.5219,5503.1336,NA,NA,NA
Stalker2-Win64-Shipping.exe,13648,0x4E568280,DXGI,0,0,1,Hardware Composed: Independent Flip,5605.6679,NA,50.89060000000000,54.20650000000001,0.22910000000000,45.83000000000001,47.8206,5555.0491,50.8479,50.6188,0.2291,44.1950,52.2538,48.8929,3.3609,-2.2910,5555.0491,NA,NA,NA
Stalker2-Win64-Shipping.exe,13648,0x4E568280,DXGI,0,0,1,Hardware Composed: Independent Flip,5657.1448,NA,51.47690000000000,48.02930000000000,0.25540000000000,44.34400000000000,44.3730,5605.8970,51.5032,51.2478,0.2554,45.6009,49.9909,47.4627,2.5282,2.8186,5605.8970,NA,NA,NA
Stalker2-Win64-Shipping.exe,13648,0x4E568280,DXGI,0,0,1,Hardware Composed: Independent Flip,5709.9228,NA,52.77800000000001,52.28020000000000,0.27040000000000,43.83930000000000,43.8752,5657.4002,52.7930,52.5226,0.2704,44.0886,52.2733,47.2057,5.0676,-0.7770,5657.4002,NA,NA,NA
Stalker2-Win64-Shipping.exe,13648,0x4E568280,DXGI,0,0,1,Hardware Composed: Independent Flip,5760.0237,NA,50.10090000000000,52.42250000000000,0.25930000000000,44.48120000000000,46.1968,5710.1932,50.0898,49.8305,0.2593,43.5689,50.7428,47.6051,3.1377,0.3705,5710.1932,NA,NA,NA
Stalker2-Win64-Shipping.exe,13648,0x4E568280,DXGI,0,0,1,Hardware Composed: Independent Flip,5811.9023,NA,51.87860000000001,49.68710000000000,0.27140000000000,43.97510000000000,44.0053,5760.2830,51.8907,51.6193,0.2714,44.2219,51.3725,47.2017,4.1708,0.4027,5760.2830,NA,NA,NA
Stalker2-Win64-Shipping.exe,13648,0x4E568280,DXGI,0,0,1,Hardware Composed: Independent Flip,5863.6492,NA,51.74690000000000,52.66540000000001,0.27810000000000,44.44170000000000,44.9238,5812.1737,51.7536,51.4755,0.2781,43.7037,52.2135,47.6304,4.5831,-0.7747,5812.1737,NA,NA,NA
Stalker2-Win64-Shipping.exe,13648,0x4E568280,DXGI,0,0,1,Hardware Composed: Independent Flip,5915.4087,NA,51.75950000000000,51.17590000000001,0.27640000000000,44.09780000000000,44.3402,5863.9273,51.7578,51.4814,0.2764,44.1636,51.4156,47.2683,4.1473,0.5777,5863.9273,NA,NA,NA
Stalker2-Win64-Shipping.exe,13648,0x4E568280,DXGI,0,0,1,Hardware Composed: Independent Flip,5967.4531,NA,52.04440000000000,52.25910000000000,0.28710000000000,44.54040000000001,44.5549,5915.6851,52.0551,51.7680,0.2871,43.8214,52.4870,47.8780,4.6090,-0.5013,5915.6851,NA,NA,NA
Stalker2-Win64-Shipping.exe,13648,0x4E568280,DXGI,0,0,1,Hardware Composed: Independent Flip,6018.4495,NA,50.99640000000000,51.99640000000000,0.24350000000000,44.78300000000000,45.5549,5967.7402,50.9528,50.7093,0.2435,44.2533,51.2390,47.9797,3.2593,0.0587,5967.7402,NA,NA,NA
Stalker2-Win64-Shipping.exe,13648,0x4E568280,DXGI,0,0,1,Hardware Composed: Independent Flip,6070.2158,NA,51.76630000000000,50.64980000000000,0.29340000000000,44.42230000000000,44.4384,6018.6930,51.8162,51.5228,0.2934,44.5395,51.4056,47.6327,3.7729,0.3030,6018.6930,NA,NA,NA
Stalker2-Win64-Shipping.exe,13648,0x4E568280,DXGI,0,0,1,Hardware Composed: Independent Flip,6120.9340,NA,50.71820000000000,50.17800000000000,0.27990000000000,43.73440000000000,43.8982,6070.5092,50.7047,50.4248,0.2799,44.1289,50.0303,46.8571,3.1732,1.6382,6070.5092,NA,NA,NA
Stalker2-Win64-Shipping.exe,13648,0x4E568280,DXGI,0,0,1,Hardware Composed: Independent Flip,6173.3811,NA,52.44710000000001,53.24660000000000,0.30080000000000,44.68230000000001,44.6977,6121.2139,52.4680,52.1672,0.3008,43.4545,53.3950,47.9590,5.4360,-2.5419,6121.2139,NA,NA,NA
Stalker2-Win64-Shipping.exe,13648,0x4E568280,DXGI,0,0,1,Hardware Composed: Independent Flip,6223.3033,NA,49.92220000000000,52.64580000000000,0.27870000000000,45.59010000000000,47.4213,6173.6819,49.9001,49.6214,0.2787,44.3815,50.8300,48.7107,2.1193,-0.1778,6173.6819,NA,NA,NA
Stalker2-Win64-Shipping.exe,13648,0x4E568280,DXGI,0,0,1,Hardware Composed: Independent Flip,6274.8556,NA,51.55230000000000,48.32910000000000,0.27520000000000,44.17920000000000,44.1981,6223.5820,51.5488,51.2736,0.2752,45.3114,50.1414,47.3917,2.7497,1.5710,6223.5820,NA,NA,NA
Stalker2-Win64-Shipping.exe,13648,0x4E568280,DXGI,0,0,1,Hardware Composed: Independent Flip,6326.4606,NA,51.60500000000000,51.60200000000000,0.27480000000000,44.17890000000000,44.1951,6275.1308,51.6046,51.3298,0.2748,43.9040,51.6047,47.1878,4.4169,-0.0532,6275.1308,NA,NA,NA
Stalker2-Win64-Shipping.exe,13648,0x4E568280,DXGI,0,0,1,Hardware Composed: Independent Flip,6377.0044,NA,50.54380000000000,51.27360000000000,0.25260000000000,44.40210000000000,44.9249,6326.7354,50.5216,50.2690,0.2526,43.9041,50.7670,47.4875,3.2795,0.3310,6326.7354,NA,NA,NA
Stalker2-Win64-Shipping.exe,13648,0x4E568280,DXGI,0,0,1,Hardware Composed: Independent Flip,6428.7110,NA,51.70660000000000,51.13810000000000,0.24090000000000,44.33620000000001,44.3564,6377.2570,51.6949,51.4540,0.2409,44.1495,51.6407,47.5064,4.1343,-0.6165,6377.2570,NA,NA,NA
Stalker2-Win64-Shipping.exe,13648,0x4E568280,DXGI,0,0,1,Hardware Composed: Independent Flip,6481.1145,NA,52.40350000000000,52.78380000000000,0.25080000000000,44.27490000000000,44.7367,6428.9519,52.4134,52.1626,0.2508,44.0953,52.3422,47.5704,4.7718,-1.0889,6428.9519,NA,NA,NA
Stalker2-Win64-Shipping.exe,13648,0x4E568280,DXGI,0,0,1,Hardware Composed: Independent Flip,6531.8329,NA,50.71840000000000,50.52020000000000,0.28740000000000,44.19550000000000,44.5385,6481.3653,50.7550,50.4676,0.2874,44.0241,50.6390,47.3992,3.2398,1.8932,6481.3653,NA,NA,NA
Stalker2-Win64-Shipping.exe,13648,0x4E568280,DXGI,0,0,1,Hardware Composed: Independent Flip,6582.8970,NA,51.06410000000000,50.96970000000000,0.28180000000000,44.42400000000000,44.4441,6532.1203,51.0585,50.7767,0.2818,43.9081,51.2926,47.5534,3.7392,-0.2147,6532.1203,NA,NA,NA
Stalker2-Win64-Shipping.exe,13648,0x4E568280,DXGI,0,0,1,Hardware Composed: Independent Flip,6635.2051,NA,52.30810000000000,52.41350000000000,0.25180000000000,43.90850000000000,44.5495,6583.1788,52.2781,52.0263,0.2518,44.1422,51.7926,47.5836,4.2090,-1.3550,6583.1788,NA,NA,NA
Stalker2-Win64-Shipping.exe,13648,0x4E568280,DXGI,0,0,1,Hardware Composed: Independent Flip,6685.6311,NA,50.42600000000000,50.17180000000000,0.28440000000000,44.28040000000000,44.2953,6635.4569,50.4586,50.1742,0.2844,43.6567,50.7979,47.4445,3.3534,2.1063,6635.4569,NA,NA,NA
Stalker2-Win64-Shipping.exe,13648,0x4E568280,DXGI,0,0,1,Hardware Composed: Independent Flip,6736.0588,NA,50.42770000000000,50.91510000000000,0.34620000000000,44.76800000000000,44.7827,6685.9155,50.4895,50.1433,0.3462,43.9960,50.9153,47.8956,3.0197,-0.4565,6685.9155,NA,NA,NA
Stalker2-Win64-Shipping.exe,13648,0x4E568280,DXGI,0,0,1,Hardware Composed: Independent Flip,6787.4718,NA,51.41300000000000,51.59570000000000,0.30490000000000,44.52650000000000,44.9654,6736.4050,51.3717,51.0668,0.3049,44.4218,51.1715,47.6439,3.5276,-1.1062,6736.4050,NA,NA,NA
Stalker2-Win64-Shipping.exe,13648,0x4E568280,DXGI,0,0,1,Hardware Composed: Independent Flip,6838.5447,NA,51.07290000000000,52.00100000000000,0.26570000000000,45.87760000000000,45.8935,6787.7767,51.0337,50.7680,0.2657,44.2216,52.4240,48.9359,3.4881,-0.6293,6787.7767,NA,NA,NA
Stalker2-Win64-Shipping.exe,13648,0x4E568280,DXGI,0,0,1,Hardware Composed: Independent Flip,6889.4817,NA,50.93700000000000,49.50080000000001,0.30790000000000,43.90590000000000,44.4573,6838.8104,50.9792,50.6713,0.3079,45.6119,48.9653,46.9835,1.9818,1.5329,6838.8104,NA,NA,NA
Stalker2-Win64-Shipping.exe,13648,0x4E568280,DXGI,0,0,1,Hardware Composed: Independent Flip,6940.4581,NA,50.97640000000001,51.17630000000000,0.24660000000000,44.64180000000000,44.6572,6889.7896,50.9151,50.6685,0.2466,43.5980,51.7123,47.7603,3.9520,-0.1971,6889.7896,NA,NA,NA
Stalker2-Win64-Shipping.exe,13648,0x4E568280,DXGI,0,0,1,Hardware Composed: Independent Flip,6991.8129,NA,51.35480000000000,52.44280000000001,0.27290000000000,44.03100000000000,45.7452,6940.7047,51.3811,51.1082,0.2729,44.3952,50.7440,47.2043,3.5397,-1.5277,6940.7047,NA,NA,NA
Stalker2-Win64-Shipping.exe,13648,0x4E568280,DXGI,0,0,1,Hardware Composed: Independent Flip,7043.9103,NA,52.09740000000000,50.79500000000000,0.26620000000000,44.42740000000000,44.4428,6992.0858,52.0907,51.8245,0.2662,43.7581,52.4938,47.7153,4.7785,0.5861,6992.0858,NA,NA,NA
Stalker2-Win64-Shipping.exe,13648,0x4E568280,DXGI,0,0,1,Hardware Composed: Independent Flip,7094.8645,NA,50.95420000000000,51.15500000000000,0.28090000000000,43.80750000000000,44.6436,7044.1765,50.9689,50.6880,0.2809,44.1612,50.3343,46.9875,3.3468,0.9357,7044.1765,NA,NA,NA
Stalker2-Win64-Shipping.exe,13648,0x4E568280,DXGI,0,0,1,Hardware Composed: Independent Flip,7145.9856,NA,51.12110000000001,51.15790000000001,0.24670000000000,44.66250000000000,44.6804,7095.1454,51.0869,50.8402,0.2467,43.5266,51.9761,47.7460,4.2301,-0.1890,7095.1454,NA,NA,NA
Stalker2-Win64-Shipping.exe,13648,0x4E568280,DXGI,0,0,1,Hardware Composed: Independent Flip,7198.4430,NA,52.45740000000000,52.93570000000000,0.30090000000000,44.23760000000000,45.1587,7146.2323,52.5116,52.2107,0.3009,44.4158,52.0325,47.3886,4.6439,-1.8488,7146.2323,NA,NA,NA
Stalker2-Win64-Shipping.exe,13648,0x4E568280,DXGI,0,0,1,Hardware Composed: Independent Flip,7249.0106,NA,50.56760000000001,50.00520000000000,0.31230000000000,44.57330000000000,44.5963,7198.7439,50.5790,50.2667,0.3123,43.9367,50.9033,47.7261,3.1772,2.5064,7198.7439,NA,NA,NA
Stalker2-Win64-Shipping.exe,13648,0x4E568280,DXGI,0,0,1,Hardware Composed: Independent Flip,7300.2702,NA,51.25960000000000,51.05720000000000,0.25870000000000,44.36530000000000,44.3939,7249.3229,51.2060,50.9473,0.2587,44.2610,51.0516,47.4860,3.5656,-0.4782,7249.3229,NA,NA,NA
Stalker2-Win64-Shipping.exe,13648,0x4E568280,DXGI,0,0,1,Hardware Composed: Independent Flip,7353.1814,NA,52.91120000000000,53.33470000000001,0.29260000000000,44.28430000000000,44.8174,7300.5289,52.9451,52.6525,0.2926,44.1066,52.8302,47.5715,5.2587,-2.1287,7300.5289,NA,NA,NA
Stalker2-Win64-Shipping.exe,13648,0x4E568280,DXGI,0,0,1,Hardware Composed: Independent Flip,7403.1428,NA,49.96140000000000,49.69610000000000,0.28630000000000,44.08660000000000,44.5521,7353.4740,49.9551,49.6688,0.2863,43.9917,49.7637,47.4275,2.3362,3.2490,7353.4740,NA,NA,NA
Stalker2-Win64-Shipping.exe,13648,0x4E568280,DXGI,0,0,1,Hardware Composed: Independent Flip,7454.6266,NA,51.48380000000000,52.13640000000000,0.25060000000000,45.19080000000000,45.2047,7403.4291,51.4481,51.1975,0.2506,43.8003,52.5880,48.3898,4.1982,-2.1813,7403.4291,NA,NA,NA
Stalker2-Win64-Shipping.exe,13648,0x4E568280,DXGI,0,0,1,Hardware Composed: Independent Flip,7505.8618,NA,51.23520000000000,51.96460000000000,0.25120000000000,44.03240000000000,45.9341,7454.8772,51.2358,50.9846,0.2512,44.9402,50.0768,47.4628,2.6140,-0.5165,7454.8772,NA,NA,NA
Stalker2-Win64-Shipping.exe,13648,0x4E568280,DXGI,0,0,1,Hardware Composed: Independent Flip,7557.2766,NA,51.41480000000000,50.00320000000000,0.26330000000000,44.50910000000000,44.5225,7506.1130,51.4269,51.1636,0.2633,43.7812,51.8915,47.6242,4.2673,1.2326,7506.1130,NA,NA,NA
Stalker2-Win64-Shipping.exe,13648,0x4E568280,DXGI,0,0,1,Hardware Composed: Independent Flip,7608.4290,NA,51.15240000000000,52.05380000000000,0.28190000000000,44.29030000000000,45.4239,7557.5399,51.1710,50.8891,0.2819,44.2458,50.9336,47.2993,3.6343,-0.6269,7557.5399,NA,NA,NA
Stalker2-Win64-Shipping.exe,13648,0x4E568280,DXGI,0,0,1,Hardware Composed: Independent Flip,7659.9150,NA,51.48600000000000,51.34780000000000,0.23310000000000,45.26450000000001,45.2857,7608.7109,51.4372,51.2041,0.2331,44.0084,52.4602,48.5004,3.9598,-0.1768,7608.7109,NA,NA,NA
Stalker2-Win64-Shipping.exe,13648,0x4E568280,DXGI,0,0,1,Hardware Composed: Independent Flip,7712.0280,NA,52.11300000000000,52.80720000000000,0.27380000000000,45.22770000000000,45.9799,7660.1481,52.1537,51.8799,0.2738,45.0314,52.0762,48.3008,3.7754,-1.3700,7660.1481,NA,NA,NA
Stalker2-Win64-Shipping.exe,13648,0x4E568280,DXGI,0,0,1,Hardware Composed: Independent Flip,7763.9715,NA,51.94350000000000,50.74840000000000,0.27000000000000,44.77020000000000,44.7848,7712.3018,51.9397,51.6697,0.2700,44.9539,51.4860,48.1203,3.3657,1.4053,7712.3018,NA,NA,NA
Stalker2-Win64-Shipping.exe,13648,0x4E568280,DXGI,0,0,1,Hardware Composed: Independent Flip,7814.5470,NA,50.57550000000001,50.12120000000000,0.27430000000000,44.30620000000000,44.3305,7764.2415,50.5798,50.3055,0.2743,44.5002,50.1115,47.4337,2.6778,1.8185,7764.2415,NA,NA,NA
Stalker2-Win64-Shipping.exe,13648,0x4E568280,DXGI,0,0,1,Hardware Composed: Independent Flip,7866.1390,NA,51.59200000000001,52.81840000000000,0.27980000000000,45.53670000000000,45.5569,7814.8213,51.5975,51.3177,0.2798,44.0319,52.8225,48.6060,4.2165,-2.2386,7814.8213,NA,NA,NA
Stalker2-Win64-Shipping.exe,13648,0x4E568280,DXGI,0,0,1,Hardware Composed: Independent Flip,7918.0306,NA,51.89160000000000,51.94830000000000,0.25750000000000,44.40840000000000,45.6136,7866.4188,51.8693,51.6118,0.2575,45.2569,50.7633,47.4685,3.2948,-0.3508,7866.4188,NA,NA,NA
Stalker2-Win64-Shipping.exe,13648,0x4E568280,DXGI,0,0,1,Hardware Composed: Independent Flip,7970.4977,NA,52.46710000000000,51.41190000000000,0.28920000000000,44.52270000000000,44.5584,7918.2881,52.4988,52.2096,0.2892,44.1509,52.5814,47.9220,4.6594,0.4574,7918.2881,NA,NA,NA
Stalker2-Win64-Shipping.exe,13648,0x4E568280,DXGI,0,0,1,Hardware Composed: Independent Flip,8020.6937,NA,50.19600000000001,50.57070000000000,0.25630000000000,43.94590000000000,44.9331,7970.7869,50.1631,49.9068,0.2563,44.2335,49.6192,46.9965,2.6227,1.9281,7970.7869,NA,NA,NA
Stalker2-Win64-Shipping.exe,13648,0x4E568280,DXGI,0,0,1,Hardware Composed: Independent Flip,8072.6445,NA,51.95080000000000,52.49310000000001,0.28890000000000,45.42760000000001,45.4754,8020.9500,51.9834,51.6945,0.2889,43.6896,53.4325,48.6269,4.8056,-2.3300,8020.9500,NA,NA,NA
Stalker2-Win64-Shipping.exe,13648,0x4E568280,DXGI,0,0,1,Hardware Composed: Independent Flip,8124.7314,NA,52.08690000000000,52.88010000000001,0.27060000000000,44.18770000000000,46.2686,8072.9334,52.0686,51.7980,0.2706,45.1387,50.8470,47.7226,3.1244,-0.8967,8072.9334,NA,NA,NA
Stalker2-Win64-Shipping.exe,13648,0x4E568280,DXGI,0,0,1,Hardware Composed: Independent Flip,8175.7373,NA,51.00590000000000,48.88320000000000,0.26400000000000,44.12330000000000,44.1459,8125.0020,50.9993,50.7353,0.2640,43.9171,50.9415,47.1735,3.7680,3.1854,8125.0020,NA,NA,NA
Stalker2-Win64-Shipping.exe,13648,0x4E568280,DXGI,0,0,1,Hardware Composed: Independent Flip,8226.9900,NA,51.25270000000000,52.25850000000001,0.29870000000000,44.90850000000000,45.1517,8176.0013,51.2874,50.9887,0.2987,43.8593,52.0379,47.9909,4.0470,-1.2592,8176.0013,NA,NA,NA
Stalker2-Win64-Shipping.exe,13648,0x4E568280,DXGI,0,0,1,Hardware Composed: Independent Flip,8278.9612,NA,51.97120000000000,51.05320000000000,0.25820000000000,43.94730000000001,44.2337,8227.2887,51.9307,51.6725,0.2582,44.6098,51.0100,47.1407,3.8693,0.2342,8227.2887,NA,NA,NA
Stalker2-Win64-Shipping.exe,13648,0x4E568280,DXGI,0,0,1,Hardware Composed: Independent Flip,8330.7510,NA,51.78980000000000,52.28190000000000,0.27850000000000,44.68710000000000,44.7258,8279.2194,51.8101,51.5316,0.2785,43.6891,52.5296,47.9497,4.5799,-0.3512,8279.2194,NA,NA,NA
Stalker2-Win64-Shipping.exe,13648,0x4E568280,DXGI,0,0,1,Hardware Composed: Independent Flip,8382.4986,NA,51.74760000000001,52.36940000000001,0.23950000000000,44.43310000000000,45.3476,8331.0295,51.7086,51.4691,0.2395,44.4086,51.4936,47.5983,3.8953,-0.5593,8331.0295,NA,NA,NA
Stalker2-Win64-Shipping.exe,13648,0x4E568280,DXGI,0,0,1,Hardware Composed: Independent Flip,8434.3498,NA,51.85120000000001,51.54350000000000,0.26650000000000,45.02430000000000,45.0399,8382.7381,51.8782,51.6117,0.2665,44.1936,52.4424,48.1874,4.2550,0.1651,8382.7381,NA,NA,NA
Stalker2-Win64-Shipping.exe,13648,0x4E568280,DXGI,0,0,1,Hardware Composed: Independent Flip,8485.6911,NA,51.34130000000000,50.78050000000000,0.26790000000000,43.98580000000000,44.4791,8434.6163,51.3427,51.0748,0.2679,44.7578,50.3028,47.0645,3.2383,1.0977,8434.6163,NA,NA,NA
Stalker2-Win64-Shipping.exe,13648,0x4E568280,DXGI,0,0,1,Hardware Composed: Independent Flip,8536.4456,NA,50.75450000000000,50.70910000000000,0.22310000000000,44.40670000000000,44.4337,8485.9590,50.7097,50.4866,0.2231,43.7179,51.1754,47.5087,3.6667,0.6336,8485.9590,NA,NA,NA
Stalker2-Win64-Shipping.exe,13648,0x4E568280,DXGI,0,0,1,Hardware Composed: Independent Flip,8588.0072,NA,51.56160000000001,51.81370000000000,0.25880000000000,44.10530000000000,44.6858,8536.6687,51.5973,51.3385,0.2588,44.1836,51.2602,47.3634,3.8968,-1.1040,8536.6687,NA,NA,NA
Stalker2-Win64-Shipping.exe,13648,0x4E568280,DXGI,0,0,1,Hardware Composed: Independent Flip,8639.2306,NA,51.22340000000001,51.19440000000000,0.27900000000000,44.60750000000000,44.6568,8588.2660,51.2436,50.9646,0.2790,43.8465,51.7256,47.7930,3.9326,0.4029,8588.2660,NA,NA,NA
Stalker2-Win64-Shipping.exe,13648,0x4E568280,DXGI,0,0,1,Hardware Composed: Independent Flip,8690.9251,NA,51.69450000000001,53.42520000000000,0.26800000000000,46.13670000000000,46.3875,8639.5096,51.6835,51.4155,0.2680,44.3285,53.2237,49.2000,4.0237,-2.1816,8639.5096,NA,NA,NA
Stalker2-Win64-Shipping.exe,13648,0x4E568280,DXGI,0,0,1,Hardware Composed: Independent Flip,8742.2664,NA,51.34130000000000,50.46930000000000,0.26950000000000,44.80360000000000,45.5155,8691.1931,51.3428,51.0733,0.2695,45.8687,50.0082,47.9708,2.0374,1.2142,8691.1931,NA,NA,NA
Stalker2-Win64-Shipping.exe,13648,0x4E568280,DXGI,0,0,1,Hardware Composed: Independent Flip,8794.4864,NA,52.22000000000001,51.54250000000000,0.25730000000000,44.81990000000000,44.8380,8742.5359,52.2078,51.9505,0.2573,44.5341,52.2363,48.1576,4.0787,-0.1997,8742.5359,NA,NA,NA
Stalker2-Win64-Shipping.exe,13648,0x4E568280,DXGI,0,0,1,Hardware Composed: Independent Flip,8845.4161,NA,50.92970000000000,52.73780000000000,0.27010000000000,45.14510000000000,46.6461,8794.7437,50.9425,50.6724,0.2701,44.5626,51.2549,48.1016,3.1533,-0.5300,8794.7437,NA,NA,NA
Stalker2-Win64-Shipping.exe,13648,0x4E568280,DXGI,0,0,1,Hardware Composed: Independent Flip,8896.7480,NA,51.33190000000000,48.63660000000000,0.26250000000000,43.90190000000000,43.9508,8845.6862,51.3243,51.0618,0.2625,44.8750,50.0887,47.0322,3.0565,2.3059,8845.6862,NA,NA,NA
Stalker2-Win64-Shipping.exe,13648,0x4E568280,DXGI,0,0,1,Hardware Composed: Independent Flip,8949.5125,NA,52.76450000000001,53.31270000000000,0.27780000000000,44.47720000000000,44.4990,8897.0105,52.7798,52.5020,0.2778,43.6394,53.3398,47.6626,5.6772,-1.9884,8897.0105,NA,NA,NA
Stalker2-Win64-Shipping.exe,13648,0x4E568280,DXGI,0,0,1,Hardware Composed: Independent Flip,9001.2185,NA,51.70600000000000,52.84860000000000,0.27790000000000,44.05410000000001,45.6416,8949.7903,51.7061,51.4282,0.2779,44.1994,51.2829,47.3984,3.8845,-0.0688,8949.7903,NA,NA,NA
Stalker2-Win64-Shipping.exe,13648,0x4E568280,DXGI,0,0,1,Hardware Composed: Independent Flip,9052.9894,NA,51.77090000000000,50.28530000000000,0.25340000000000,44.14320000000000,44.1560,9001.4964,51.7464,51.4930,0.2534,43.7762,51.8600,47.4209,4.4391,1.4208,9001.4964,NA,NA,NA
Stalker2-Win64-Shipping.exe,13648,0x4E568280,DXGI,0,0,1,Hardware Composed: Independent Flip,9105.5748,NA,52.58540000000000,52.75190000000000,0.25540000000000,43.98980000000000,44.3225,9053.2428,52.5874,52.3320,0.2554,43.8898,52.4320,47.2186,5.2134,-1.0055,9053.2428,NA,NA,NA
Stalker2-Win64-Shipping.exe,13648,0x4E568280,DXGI,0,0,1,Hardware Composed: Independent Flip,9156.5614,NA,50.98660000000000,50.83020000000000,0.26690000000000,43.97550000000000,44.1661,9105.8302,50.9981,50.7312,0.2669,43.7344,50.9723,47.2238,3.7485,1.7572,9105.8302,NA,NA,NA
Stalker2-Win64-Shipping.exe,13648,0x4E568280,DXGI,0,0,1,Hardware Composed: Independent Flip,9208.0257,NA,51.46430000000000,51.60430000000000,0.26170000000000,44.28570000000001,44.3061,9156.8283,51.4591,51.1974,0.2617,43.7086,51.7745,47.6178,4.1567,-0.6062,9156.8283,NA,NA,NA
Stalker2-Win64-Shipping.exe,13648,0x4E568280,DXGI,0,0,1,Hardware Composed: Independent Flip,9260.1804,NA,52.15470000000001,52.62830000000000,0.29240000000000,44.06290000000000,44.7797,9208.2874,52.1854,51.8930,0.2924,44.0240,51.9319,47.1147,4.8172,-1.1692,9208.2874,NA,NA,NA
Stalker2-Win64-Shipping.exe,13648,0x4E568280,DXGI,0,0,1,Hardware Composed: Independent Flip,9310.7654,NA,50.58500000000000,51.64220000000000,0.30250000000000,45.82220000000000,45.8369,9260.4728,50.5951,50.2926,0.3025,43.7705,52.3443,48.8409,3.5034,0.5432,9260.4728,NA,NA,NA
Stalker2-Win64-Shipping.exe,13648,0x4E568280,DXGI,0,0,1,Hardware Composed: Independent Flip,9361.6931,NA,50.92770000000000,49.58740000000000,0.25220000000000,44.34610000000000,44.4966,9311.0679,50.8774,50.6252,0.2522,45.5197,49.4516,47.4297,2.0219,1.0077,9311.0679,NA,NA,NA
Stalker2-Win64-Shipping.exe,13648,0x4E568280,DXGI,0,0,1,Hardware Composed: Independent Flip,9412.2780,NA,50.58490000000000,50.58740000000000,0.25670000000000,44.48430000000000,44.4991,9361.9453,50.5894,50.3327,0.2567,44.0939,50.7231,47.6882,3.0349,0.2900,9361.9453,NA,NA,NA
Stalker2-Win64-Shipping.exe,13648,0x4E568280,DXGI,0,0,1,Hardware Composed: Independent Flip,9463.1717,NA,50.89370000000000,51.97750000000000,0.25590000000000,44.53620000000000,45.5829,9412.5347,50.8929,50.6370,0.2559,44.2276,50.9456,47.6686,3.2770,-1.3881,9412.5347,NA,NA,NA
Stalker2-Win64-Shipping.exe,13648,0x4E568280,DXGI,0,0,1,Hardware Composed: Independent Flip,9513.9194,NA,50.74770000000000,49.36440000000000,0.28460000000000,44.17100000000000,44.1996,9463.4276,50.7764,50.4918,0.2846,44.2803,50.3825,47.3576,3.0249,1.5285,9463.4276,NA,NA,NA
Stalker2-Win64-Shipping.exe,13648,0x4E568280,DXGI,0,0,1,Hardware Composed: Independent Flip,9565.5524,NA,51.63300000000000,52.47600000000000,0.28070000000000,45.02590000000000,45.0426,9514.2040,51.6291,51.3484,0.2807,43.8864,52.4879,48.1635,4.3244,-1.6996,9514.2040,NA,NA,NA
Stalker2-Win64-Shipping.exe,13648,0x4E568280,DXGI,0,0,1,Hardware Composed: Independent Flip,9616.9632,NA,51.41080000000000,50.90680000000000,0.23530000000000,43.41710000000000,44.5386,9565.8331,51.3654,51.1301,0.2353,44.7452,49.8020,46.6250,3.1770,0.7223,9565.8331,NA,NA,NA
Stalker2-Win64-Shipping.exe,13648,0x4E568280,DXGI,0,0,1,Hardware Composed: Independent Flip,9668.3546,NA,51.39140000000000,51.48320000000000,0.26260000000000,44.61130000000000,44.6304,9617.1985,51.4187,51.1561,0.2626,43.1818,52.5856,48.5296,4.0560,-0.1178,9617.1985,NA,NA,NA
Stalker2-Win64-Shipping.exe,13648,0x4E568280,DXGI,0,0,1,Hardware Composed: Independent Flip,9719.8416,NA,51.48700000000000,52.68770000000000,0.27120000000000,44.30320000000000,45.8311,9668.6172,51.4956,51.2244,0.2712,44.3487,51.1789,47.3659,3.8130,-1.2690,9668.6172,NA,NA,NA
Stalker2-Win64-Shipping.exe,13648,0x4E568280,DXGI,0,0,1,Hardware Composed: Independent Flip,9770.5946,NA,50.75300000000000,49.52220000000001,0.25130000000000,44.58440000000000,44.6003,9720.1128,50.7331,50.4818,0.2513,44.0320,51.0342,47.7768,3.2574,1.9734,9720.1128,NA,NA,NA
Stalker2-Win64-Shipping.exe,13648,0x4E568280,DXGI,0,0,1,Hardware Composed: Independent Flip,9822.6996,NA,52.10500000000000,52.10000000000000,0.27260000000000,44.57990000000000,44.5953,9770.8459,52.1263,51.8537,0.2726,44.3331,52.1005,47.8783,4.2222,-1.3669,9770.8459,NA,NA,NA
Stalker2-Win64-Shipping.exe,13648,0x4E568280,DXGI,0,0,1,Hardware Composed: Independent Flip,9873.5976,NA,50.89800000000000,50.93890000000000,0.27440000000000,44.16430000000000,44.6362,9822.9722,50.8998,50.6254,0.2744,44.3073,50.4824,47.2479,3.2345,1.1874,9822.9722,NA,NA,NA
Stalker2-Win64-Shipping.exe,13648,0x4E568280,DXGI,0,0,1,Hardware Composed: Independent Flip,9924.7441,NA,51.14650000000000,51.70040000000000,0.28120000000000,45.17450000000000,45.1901,9873.8720,51.1533,50.8721,0.2812,43.8899,52.1567,48.1735,3.9832,-0.8006,9873.8720,NA,NA,NA
Stalker2-Win64-Shipping.exe,13648,0x4E568280,DXGI,0,0,1,Hardware Composed: Independent Flip,9975.6589,NA,50.91480000000000,51.02370000000001,0.26990000000000,44.35510000000000,45.2990,9925.0253,50.9035,50.6336,0.2699,44.8933,50.0954,47.4626,2.6328,0.1296,9925.0253,NA,NA,NA
Stalker2-Win64-Shipping.exe,13648,0x4E568280,DXGI,0,0,1,Hardware Composed: Independent Flip,10026.9114,NA,51.25250000000000,50.23600000000000,0.28520000000000,44.25500000000000,44.2825,9975.9288,51.2678,50.9826,0.2852,44.0852,51.1524,47.4029,3.7495,0.6675,9975.9288,NA,NA,NA
Stalker2-Win64-Shipping.exe,13648,0x4E568280,DXGI,0,0,1,Hardware Composed: Independent Flip,10078.9356,NA,52.02420000000000,53.61900000000000,0.25780000000000,45.17470000000000,45.8773,10027.1966,51.9968,51.7390,0.2578,43.9698,52.9439,48.4657,4.4782,-2.3512,10027.1966,NA,NA,NA
Stalker2-Win64-Shipping.exe,13648,0x4E568280,DXGI,0,0,1,Hardware Composed: Independent Flip,10130.1175,NA,51.18190000000001,49.94450000000001,0.24700000000000,44.06450000000000,44.6399,10079.1934,51.1711,50.9241,0.2470,44.9169,50.0717,47.1549,2.9168,2.0523,10079.1934,NA,NA,NA
Stalker2-Win64-Shipping.exe,13648,0x4E568280,DXGI,0,0,1,Hardware Composed: Independent Flip,10181.8065,NA,51.68900000000000,51.35220000000000,0.26340000000000,44.26310000000000,44.3031,10130.3645,51.7054,51.4420,0.2634,43.8175,51.8876,47.4578,4.4298,-0.1811,10130.3645,NA,NA,NA
Stalker2-Win64-Shipping.exe,13648,0x4E568280,DXGI,0,0,1,Hardware Composed: Independent Flip,10233.4557,NA,51.64920000000000,52.81740000000000,0.28920000000000,44.06160000000001,45.4713,10182.0699,51.6750,51.3858,0.2892,43.9997,51.4477,47.2818,4.1659,-1.1120,10182.0699,NA,NA,NA
Stalker2-Win64-Shipping.exe,13648,0x4E568280,DXGI,0,0,1,Hardware Composed: Independent Flip,10285.6405,NA,52.18480000000000,50.65540000000000,0.23130000000000,43.87390000000000,43.9419,10233.7449,52.1269,51.8956,0.2313,43.7724,51.9971,47.1902,4.8069,1.0196,10233.7449,NA,NA,NA
Stalker2-Win64-Shipping.exe,13648,0x4E568280,DXGI,0,0,1,Hardware Composed: Independent Flip,10338.2786,NA,52.63810000000000,53.52850000000000,0.25650000000000,44.54360000000000,44.8323,10285.8718,52.6633,52.4068,0.2565,43.6426,53.3078,48.3258,4.9820,-1.4016,10285.8718,NA,NA,NA
Stalker2-Win64-Shipping.exe,13648,0x4E568280,DXGI,0,0,1,Hardware Composed: Independent Flip,10388.5011,NA,50.22250000000000,50.77250000000000,0.25490000000000,44.75270000000000,45.3823,10338.5351,50.2209,49.9660,0.2549,44.2871,50.4316,47.8876,2.5440,1.8908,10338.5351,NA,NA,NA
Stalker2-Win64-Shipping.exe,13648,0x4E568280,DXGI,0,0,1,Hardware Composed: Independent Flip,10440.4564,NA,51.95530000000000,50.93490000000000,0.27390000000000,44.34060000000000,44.3619,10388.7560,51.9743,51.7004,0.2739,44.4978,51.5432,47.5493,3.9939,-0.7140,10388.7560,NA,NA,NA
Stalker2-Win64-Shipping.exe,13648,0x4E568280,DXGI,0,0,1,Hardware Composed: Independent Flip,10491.4463,NA,50.98990000000001,51.83240000000000,0.25020000000000,44.23930000000000,45.2044,10440.7303,50.9662,50.7160,0.2502,44.0667,50.8886,47.5465,3.3421,0.1419,10440.7303,NA,NA,NA
Stalker2-Win64-Shipping.exe,13648,0x4E568280,DXGI,0,0,1,Hardware Composed: Independent Flip,10542.1065,NA,50.66020000000000,51.65960000000000,0.26500000000000,46.18790000000000,46.2038,10491.6965,50.6750,50.4100,0.2650,43.9891,52.6088,49.2834,3.3254,-0.6934,10491.6965,NA,NA,NA
Stalker2-Win64-Shipping.exe,13648,0x4E568280,DXGI,0,0,1,Hardware Composed: Independent Flip,10593.5553,NA,51.44880000000001,50.68050000000000,0.35180000000000,44.54870000000000,45.4355,10542.3715,51.5356,51.1838,0.3518,45.9229,49.8096,47.6524,2.1572,-0.0055,10542.3715,NA,NA,NA
Stalker2-Win64-Shipping.exe,13648,0x4E568280,DXGI,0,0,1,Hardware Composed: Independent Flip,10645.0314,NA,51.47610000000000,50.31660000000000,0.22080000000000,44.21120000000001,44.2760,10593.9071,51.3451,51.1243,0.2208,44.1969,51.1386,47.2822,3.8564,1.2190,10593.9071,NA,NA,NA
Stalker2-Win64-Shipping.exe,13648,0x4E568280,DXGI,0,0,1,Hardware Composed: Independent Flip,10697.0350,NA,52.00360000000001,52.67260000000000,0.25430000000000,43.96850000000000,44.9450,10645.2522,52.0371,51.7828,0.2543,43.9904,51.7609,47.2166,4.5443,-1.3275,10645.2522,NA,NA,NA
Stalker2-Win64-Shipping.exe,13648,0x4E568280,DXGI,0,0,1,Hardware Composed: Independent Flip,10747.6293,NA,50.59430000000000,50.50100000000000,0.25510000000000,44.78730000000000,44.8517,10697.2893,50.5951,50.3400,0.2551,43.7142,51.4131,47.9727,3.4404,1.5361,10697.2893,NA,NA,NA
Stalker2-Win64-Shipping.exe,13648,0x4E568280,DXGI,0,0,1,Hardware Composed: Independent Flip,10800.2832,NA,52.65390000000000,52.44530000000000,0.26930000000000,44.62070000000000,44.6431,10747.8844,52.6681,52.3988,0.2693,44.5322,52.4873,47.8734,4.6139,-1.8502,10747.8844,NA,NA,NA
Stalker2-Win64-Shipping.exe,13648,0x4E568280,DXGI,0,0,1,Hardware Composed: Independent Flip,10851.5943,NA,51.31110000000000,51.78580000000000,0.27630000000000,44.33530000000000,45.1178,10800.5525,51.3181,51.0418,0.2763,44.3514,51.0257,47.4739,3.5518,0.8823,10800.5525,NA,NA,NA
Stalker2-Win64-Shipping.exe,13648,0x4E568280,DXGI,0,0,1,Hardware Composed: Independent Flip,10903.3031,NA,51.70880000000000,50.49860000000000,0.32510000000000,43.84480000000000,43.9076,10851.8706,51.7576,51.4325,0.3251,44.0590,51.2183,46.9962,4.2221,0.8195,10851.8706,NA,NA,NA
Stalker2-Win64-Shipping.exe,13648,0x4E568280,DXGI,0,0,1,Hardware Composed: Independent Flip,10955.3218,NA,52.01870000000000,53.20490000000000,0.29470000000000,44.85800000000000,45.0938,10903.6282,51.9883,51.6936,0.2947,43.5197,53.0319,48.1726,4.8593,-1.4473,10903.6282,NA,NA,NA
Stalker2-Win64-Shipping.exe,13648,0x4E568280,DXGI,0,0,1,Hardware Composed: Independent Flip,11007.7244,NA,52.40260000000000,52.60950000000000,0.25060000000000,44.65870000000000,45.3007,10955.6165,52.3585,52.1079,0.2506,44.5633,52.2033,47.9769,4.2264,-0.6212,10955.6165,NA,NA,NA
Stalker2-Win64-Shipping.exe,13648,0x4E568280,DXGI,0,0,1,Hardware Composed: Independent Flip,11058.1101,NA,50.38570000000000,49.36580000000000,0.26710000000000,44.25360000000000,44.2808,11007.9750,50.4022,50.1351,0.2671,44.4081,49.9806,47.4609,2.5197,2.9927,11007.9750,NA,NA,NA
Stalker2-Win64-Shipping.exe,13648,0x4E568280,DXGI,0,0,1,Hardware Composed: Independent Flip,11110.1582,NA,52.04810000000001,51.97270000000000,0.27880000000000,44.18960000000000,44.2054,11058.3772,52.0598,51.7810,0.2788,43.9865,51.9841,47.3878,4.5963,-1.5705,11058.3772,NA,NA,NA
Stalker2-Win64-Shipping.exe,13648,0x4E568280,DXGI,0,0,1,Hardware Composed: Independent Flip,11160.6523,NA,50.49410000000000,53.19820000000000,0.25700000000000,45.62460000000000,46.9095,11110.4370,50.4723,50.2153,0.2570,43.9108,51.9291,48.6456,3.2835,-1.1384,11110.4370,NA,NA,NA
Stalker2-Win64-Shipping.exe,13648,0x4E568280,DXGI,0,0,1,Hardware Composed: Independent Flip,11212.2506,NA,51.59830000000000,49.51330000000000,0.26710000000000,44.81080000000000,44.8245,11160.9093,51.6084,51.3413,0.2671,45.3676,50.7845,47.9317,2.8528,0.9590,11160.9093,NA,NA,NA
Stalker2-Win64-Shipping.exe,13648,0x4E568280,DXGI,0,0,1,Hardware Composed: Independent Flip,11263.3661,NA,51.11550000000000,50.45090000000000,0.25780000000000,44.14080000000000,44.1599,11212.5177,51.1062,50.8484,0.2578,44.5437,50.4455,47.2589,3.1866,1.1575,11212.5177,NA,NA,NA
Stalker2-Win64-Shipping.exe,13648,0x4E568280,DXGI,0,0,1,Hardware Composed: Independent Flip,11314.2984,NA,50.93230000000001,51.36600000000000,0.29680000000000,44.37850000000000,44.5936,11263.6239,50.9713,50.6745,0.2968,43.8830,51.1700,47.3990,3.7710,-0.2598,11263.6239,NA,NA,NA
Stalker2-Win64-Shipping.exe,13648,0x4E568280,DXGI,0,0,1,Hardware Composed: Independent Flip,11365.8448,NA,51.54640000000001,51.25810000000001,0.24180000000000,44.28920000000000,44.3053,11314.5952,51.4914,51.2496,0.2418,44.0817,51.4571,47.7703,3.6868,-0.2868,11314.5952,NA,NA,NA
Stalker2-Win64-Shipping.exe,13648,0x4E568280,DXGI,0,0,1,Hardware Composed: Independent Flip,11418.0445,NA,52.19970000000000,52.62420000000000,0.26440000000000,44.55610000000000,44.7298,11366.0866,52.2223,51.9579,0.2644,44.0474,52.4666,47.7703,4.6963,-1.1328,11366.0866,NA,NA,NA
Stalker2-Win64-Shipping.exe,13648,0x4E568280,DXGI,0,0,1,Hardware Composed: Independent Flip,11469.8777,NA,51.83320000000001,51.90770000000001,0.29710000000000,44.21560000000000,44.8043,11418.3089,51.8659,51.5688,0.2971,44.2917,51.4927,47.3660,4.1267,0.3146,11418.3089,NA,NA,NA
Stalker2-Win64-Shipping.exe,13648,0x4E568280,DXGI,0,0,1,Hardware Composed: Independent Flip,11521.8960,NA,52.01830000000000,51.68100000000000,0.23720000000000,44.45690000000000,44.4670,11470.1748,51.9584,51.7212,0.2372,43.9185,52.2596,47.5333,4.7263,0.1849,11470.1748,NA,NA,NA
Stalker2-Win64-Shipping.exe,13648,0x4E568280,DXGI,0,0,1,Hardware Composed: Independent Flip,11572.5850,NA,50.68900000000000,50.73250000000000,0.40810000000000,44.03560000000000,44.5105,11522.1332,50.8599,50.4518,0.4081,44.2197,50.2677,47.1307,3.1370,1.2259,11522.1332,NA,NA,NA
Stalker2-Win64-Shipping.exe,13648,0x4E568280,DXGI,0,0,1,Hardware Composed: Independent Flip,11624.2514,NA,51.66640000000000,51.51930000000000,0.26610000000000,44.34760000000000,44.3634,11572.9931,51.5244,51.2583,0.2661,43.6275,51.9784,47.6952,4.2832,-0.6594,11572.9931,NA,NA,NA
Stalker2-Win64-Shipping.exe,13648,0x4E568280,DXGI,0,0,1,Hardware Composed: Independent Flip,11675.2071,NA,50.95570000000000,52.25440000000000,0.25100000000000,44.68050000000000,45.6621,11624.5175,50.9406,50.6896,0.2510,44.0815,51.2886,47.9238,3.3648,-0.7300,11624.5175,NA,NA,NA
Stalker2-Win64-Shipping.exe,13648,0x4E568280,DXGI,0,0,1,Hardware Composed: Independent Flip,11726.2776,NA,51.07050000000000,49.27310000000000,0.29860000000000,43.83670000000000,43.8647,11675.4581,51.1181,50.8195,0.2986,44.4295,50.2267,47.0606,3.1661,1.6675,11675.4581,NA,NA,NA
Stalker2-Win64-Shipping.exe,13648,0x4E568280,DXGI,0,0,1,Hardware Composed: Independent Flip,11777.8005,NA,51.52290000000000,53.15600000000001,0.23030000000000,45.43650000000000,45.4978,11726.5762,51.4546,51.2243,0.2303,43.5381,53.1227,48.5880,4.5347,-2.0379,11726.5762,NA,NA,NA
Stalker2-Win64-Shipping.exe,13648,0x4E568280,DXGI,0,0,1,Hardware Composed: Independent Flip,11828.9207,NA,51.12020000000000,51.22070000000000,0.27580000000000,44.16110000000000,45.5983,11778.0308,51.1657,50.8899,0.2758,45.2062,49.8448,47.3260,2.5188,0.2339,11778.0308,NA,NA,NA
Stalker2-Win64-Shipping.exe,13648,0x4E568280,DXGI,0,0,1,Hardware Composed: Independent Flip,11880.2436,NA,51.32290000000000,49.90260000000000,0.28100000000000,44.10930000000000,44.1780,11829.1965,51.3281,51.0471,0.2810,43.8853,51.2711,47.3054,3.9657,1.2631,11829.1965,NA,NA,NA
Stalker2-Win64-Shipping.exe,13648,0x4E568280,DXGI,0,0,1,Hardware Composed: Independent Flip,11931.4856,NA,51.24200000000000,52.40200000000000,0.29250000000000,44.26850000000000,45.3380,11880.5246,51.2535,50.9610,0.2925,43.8283,51.4012,47.2671,4.1341,-1.0739,11880.5246,NA,NA,NA
Stalker2-Win64-Shipping.exe,13648,0x4E568280,DXGI,0,0,1,Hardware Composed: Independent Flip,11982.8035,NA,51.31790000000000,49.95590000000000,0.26100000000000,43.94800000000000,43.9760,11931.7781,51.2864,51.0254,0.2610,43.9760,50.9974,47.2081,3.7893,1.2976,11931.7781,NA,NA,NA
Stalker2-Win64-Shipping.exe,13648,0x4E568280,DXGI,0,0,1,Hardware Composed: Independent Flip,12034.6595,NA,51.85600000000000,52.49880000000000,0.26490000000000,44.60150000000000,44.6188,11983.0645,51.8599,51.5950,0.2649,43.6870,52.5095,47.8359,4.6736,-1.2124,11983.0645,NA,NA,NA
Stalker2-Win64-Shipping.exe,13648,0x4E568280,DXGI,0,0,1,Hardware Composed: Independent Flip,12085.8338,NA,51.17430000000000,51.79130000000000,0.27350000000000,44.35030000000000,45.2358,12034.9244,51.1829,50.9094,0.2735,44.3366,50.9231,47.5609,3.3622,0.0686,12034.9244,NA,NA,NA
Stalker2-Win64-Shipping.exe,13648,0x4E568280,DXGI,0,0,1,Hardware Composed: Independent Flip,12137.0606,NA,51.22680000000000,50.76760000000000,0.25540000000000,44.75240000000000,44.7766,12086.1073,51.2087,50.9533,0.2554,44.0768,51.6289,47.9135,3.7154,0.4153,12086.1073,NA,NA,NA
Stalker2-Win64-Shipping.exe,13648,0x4E568280,DXGI,0,0,1,Hardware Composed: Independent Flip,12188.7034,NA,51.64280000000000,51.27730000000000,0.25750000000000,43.97900000000000,44.4111,12137.3160,51.6449,51.3874,0.2575,44.4970,50.8694,47.1607,3.7087,-0.0686,12137.3160,NA,NA,NA
Stalker2-Win64-Shipping.exe,13648,0x4E568280,DXGI,0,0,1,Hardware Composed: Independent Flip,12239.8906,NA,51.18720000000000,51.41970000000001,0.29560000000000,44.62810000000000,44.6436,12188.9609,51.2253,50.9297,0.2956,43.7215,51.8363,47.8069,4.0294,0.2252,12188.9609,NA,NA,NA
Stalker2-Win64-Shipping.exe,13648,0x4E568280,DXGI,0,0,1,Hardware Composed: Independent Flip,12291.1282,NA,51.23760000000000,51.54360000000000,0.26130000000000,44.41570000000000,44.9496,12240.1862,51.2033,50.9420,0.2613,44.3325,51.0252,47.5606,3.4646,-0.3183,12240.1862,NA,NA,NA
Stalker2-Win64-Shipping.exe,13648,0x4E568280,DXGI,0,0,1,Hardware Composed: Independent Flip,12342.7010,NA,51.57280000000000,50.57910000000000,0.25210000000000,43.93320000000000,43.9559,12291.3895,51.5636,51.3115,0.2521,44.1544,51.0903,47.6967,3.3936,0.6242,12291.3895,NA,NA,NA
Stalker2-Win64-Shipping.exe,13648,0x4E568280,DXGI,0,0,1,Hardware Composed: Independent Flip,12393.8722,NA,51.17120000000000,52.55690000000001,0.26190000000000,45.21810000000000,45.3416,12342.9531,51.1810,50.9191,0.2619,43.6811,52.4561,48.3459,4.1102,-0.9933,12342.9531,NA,NA,NA
Stalker2-Win64-Shipping.exe,13648,0x4E568280,DXGI,0,0,1,Hardware Composed: Independent Flip,12445.0689,NA,51.19670000000000,50.73420000000000,0.26980000000000,44.34960000000000,44.8791,12394.1341,51.2046,50.9348,0.2698,44.9562,50.3282,47.4857,2.8425,0.4468,12394.1341,NA,NA,NA
Stalker2-Win64-Shipping.exe,13648,0x4E568280,DXGI,0,0,1,Hardware Composed: Independent Flip,12497.2058,NA,52.13690000000000,51.60600000000000,0.24940000000000,44.33410000000000,44.3482,12445.3387,52.1165,51.8671,0.2494,44.0798,52.1214,47.4899,4.6315,-0.4014,12445.3387,NA,NA,NA
Stalker2-Win64-Shipping.exe,13648,0x4E568280,DXGI,0,0,1,Hardware Composed: Independent Flip,12547.4341,NA,50.22830000000000,51.42620000000000,0.29960000000000,44.43740000000000,45.5461,12497.4552,50.2785,49.9789,0.2996,44.0847,50.3316,47.5178,2.8138,0.6903,12497.4552,NA,NA,NA
Stalker2-Win64-Shipping.exe,13648,0x4E568280,DXGI,0,0,1,Hardware Composed: Independent Flip,12598.6806,NA,51.24650000000000,50.00820000000000,0.25830000000000,44.27830000000000,44.3078,12547.7337,51.2052,50.9469,0.2583,44.1378,51.0874,47.4161,3.6713,0.2703,12547.7337,NA,NA,NA
Stalker2-Win64-Shipping.exe,13648,0x4E568280,DXGI,0,0,1,Hardware Composed: Independent Flip,12650.3898,NA,51.70920000000000,52.19800000000000,0.24780000000000,44.22880000000000,44.7966,12598.9389,51.6987,51.4509,0.2478,44.0200,51.6597,47.4127,4.2470,-0.9928,12598.9389,NA,NA,NA
Stalker2-Win64-Shipping.exe,13648,0x4E568280,DXGI,0,0,1,Hardware Composed: Independent Flip,12701.7284,NA,51.33860000000000,50.96230000000000,0.27410000000000,44.38930000000000,44.4203,12650.6376,51.3649,51.0908,0.2741,43.9810,51.4991,47.5471,3.9520,0.7364,12650.6376,NA,NA,NA
Stalker2-Win64-Shipping.exe,13648,0x4E568280,DXGI,0,0,1,Hardware Composed: Independent Flip,12753.8753,NA,52.14690000000000,52.50650000000000,0.28240000000000,44.76320000000000,44.7799,12702.0025,52.1552,51.8728,0.2824,44.1152,52.5208,47.9406,4.5802,-1.1416,12702.0025,NA,NA,NA
Stalker2-Win64-Shipping.exe,13648,0x4E568280,DXGI,0,0,1,Hardware Composed: Independent Flip,12805.0253,NA,51.15000000000001,51.61800000000000,0.27260000000000,44.49340000000000,45.2479,12754.1577,51.1402,50.8676,0.2726,44.4808,50.8802,47.6089,3.2713,0.5372,12754.1577,NA,NA,NA
Stalker2-Win64-Shipping.exe,13648,0x4E568280,DXGI,0,0,1,Hardware Composed: Independent Flip,12855.8929,NA,50.86760000000000,50.53460000000000,0.27380000000000,44.89530000000000,44.9149,12805.2979,50.8688,50.5950,0.2738,44.2208,51.2695,47.9759,3.2936,0.6056,12805.2979,NA,NA,NA
Stalker2-Win64-Shipping.exe,13648,0x4E568280,DXGI,0,0,1,Hardware Composed: Independent Flip,12907.8060,NA,51.91310000000000,52.14170000000000,0.26810000000000,44.82130000000000,45.1435,12856.1667,51.9074,51.6393,0.2681,44.6215,51.8391,47.9753,3.8638,-1.2729,12856.1667,NA,NA,NA
Stalker2-Win64-Shipping.exe,13648,0x4E568280,DXGI,0,0,1,Hardware Composed: Independent Flip,12958.7791,NA,50.97310000000000,50.54830000000000,0.25280000000000,44.41390000000001,44.7187,12908.0741,50.9578,50.7050,0.2528,44.5532,50.5657,47.5741,2.9916,1.3591,12908.0741,NA,NA,NA
Stalker2-Win64-Shipping.exe,13648,0x4E568280,DXGI,0,0,1,Hardware Composed: Independent Flip,13010.2496,NA,51.47050000000000,52.22590000000000,0.26870000000000,45.40960000000000,45.4741,12959.0319,51.4864,51.2177,0.2687,44.1611,52.4662,48.5296,3.9366,-1.2681,12959.0319,NA,NA,NA
Stalker2-Win64-Shipping.exe,13648,0x4E568280,DXGI,0,0,1,Hardware Composed: Independent Flip,13061.6761,NA,51.42650000000000,52.00170000000000,0.27920000000000,44.80310000000000,46.0493,13010.5183,51.4370,51.1578,0.2792,45.1409,50.8200,47.9630,2.8570,-0.5153,13010.5183,NA,NA,NA
Stalker2-Win64-Shipping.exe,13648,0x4E568280,DXGI,0,0,1,Hardware Composed: Independent Flip,13112.7933,NA,51.11720000000000,49.41630000000000,0.28740000000000,44.32330000000000,44.3484,13061.9553,51.1254,50.8380,0.2874,44.5239,50.6374,47.5490,3.0884,2.0207,13061.9553,NA,NA,NA
Stalker2-Win64-Shipping.exe,13648,0x4E568280,DXGI,0,0,1,Hardware Composed: Independent Flip,13164.8249,NA,52.03160000000000,52.41710000000000,0.24500000000000,44.65760000000000,44.7339,13113.0807,51.9892,51.7442,0.2450,44.0359,52.3659,47.7202,4.6457,-1.2917,13113.0807,NA,NA,NA
Stalker2-Win64-Shipping.exe,13648,0x4E568280,DXGI,0,0,1,Hardware Composed: Independent Flip,13215.2795,NA,50.45460000000000,50.54360000000000,0.30630000000000,44.18960000000000,44.8229,13165.0699,50.5159,50.2096,0.3063,44.4126,49.9866,47.2879,2.6987,1.4456,13165.0699,NA,NA,NA
Stalker2-Win64-Shipping.exe,13648,0x4E568280,DXGI,0,0,1,Hardware Composed: Independent Flip,13267.3665,NA,52.08700000000000,51.69700000000000,0.28200000000000,44.40450000000000,44.4329,13215.5858,52.0627,51.7807,0.2820,43.8833,52.3019,47.6946,4.6073,-1.1811,13215.5858,NA,NA,NA
Stalker2-Win64-Shipping.exe,13648,0x4E568280,DXGI,0,0,1,Hardware Composed: Independent Flip,13319.9298,NA,52.56330000000001,54.09420000000000,0.23000000000000,44.62030000000000,45.9638,13267.6485,52.5113,52.2813,0.2300,44.1225,52.7791,47.8327,4.9464,-2.0315,13267.6485,NA,NA,NA
Stalker2-Win64-Shipping.exe,13648,0x4E568280,DXGI,0,0,1,Hardware Composed: Independent Flip,13370.9514,NA,51.02160000000000,49.43590000000000,0.25730000000000,44.35640000000000,44.3781,13320.1598,51.0489,50.7916,0.2573,44.3903,50.7577,47.6188,3.1389,3.0754,13320.1598,NA,NA,NA
Stalker2-Win64-Shipping.exe,13648,0x4E568280,DXGI,0,0,1,Hardware Composed: Independent Flip,13422.3534,NA,51.40200000000000,51.52760000000000,0.37160000000000,44.43680000000001,44.5037,13371.2087,51.5163,51.1447,0.3716,44.0991,51.4824,47.5389,3.9435,-0.4787,13371.2087,NA,NA,NA
Stalker2-Win64-Shipping.exe,13648,0x4E568280,DXGI,0,0,1,Hardware Composed: Independent Flip,13474.1886,NA,51.83520000000000,52.91640000000000,0.25360000000000,44.38630000000001,45.5849,13422.7250,51.7172,51.4636,0.2536,44.0652,51.7847,47.6245,4.1602,-1.4001,13422.7250,NA,NA,NA
Stalker2-Win64-Shipping.exe,13648,0x4E568280,DXGI,0,0,1,Hardware Composed: Independent Flip,13526.2621,NA,52.07350000000000,50.67910000000001,0.27100000000000,44.17480000000000,44.1905,13474.4422,52.0909,51.8199,0.2710,44.1327,51.8620,47.4556,4.4064,1.0381,13474.4422,NA,NA,NA
Stalker2-Win64-Shipping.exe,13648,0x4E568280,DXGI,0,0,1,Hardware Composed: Independent Flip,13577.0038,NA,50.74170000000000,50.91490000000000,0.30030000000000,44.34780000000000,44.3637,13526.5331,50.7710,50.4707,0.3003,43.9038,50.9147,47.5008,3.4139,1.1760,13526.5331,NA,NA,NA
Stalker2-Win64-Shipping.exe,13648,0x4E568280,DXGI,0,0,1,Hardware Composed: Independent Flip,13627.9525,NA,50.94870000000000,52.02340000000000,0.25500000000000,45.39530000000000,45.4384,13577.3041,50.9034,50.6484,0.2550,44.0475,51.9962,48.5555,3.4407,-1.2524,13577.3041,NA,NA,NA
Stalker2-Win64-Shipping.exe,13648,0x4E568280,DXGI,0,0,1,Hardware Composed: Independent Flip,13679.4063,NA,51.45380000000000,51.13380000000000,0.28190000000000,44.45640000000000,45.1184,13628.2075,51.4807,51.1988,0.2819,45.1403,50.5149,48.1514,2.3635,-0.2304,13628.2075,NA,NA,NA
Stalker2-Win64-Shipping.exe,13648,0x4E568280,DXGI,0,0,1,Hardware Composed: Independent Flip,13731.2311,NA,51.82480000000000,51.39910000000000,0.25880000000000,44.67190000000000,44.6927,13679.6882,51.8017,51.5429,0.2588,44.1745,52.0403,47.8230,4.2173,0.0816,13679.6882,NA,NA,NA
Stalker2-Win64-Shipping.exe,13648,0x4E568280,DXGI,0,0,1,Hardware Composed: Independent Flip,13781.8681,NA,50.63700000000000,51.28460000000000,0.40090000000000,44.42240000000000,45.3403,13731.4899,50.7791,50.3782,0.4009,44.4131,50.3875,47.5646,2.8229,0.5171,13731.4899,NA,NA,NA
Stalker2-Win64-Shipping.exe,13648,0x4E568280,DXGI,0,0,1,Hardware Composed: Independent Flip,13832.8140,NA,50.94590000000000,50.09640000000000,0.27440000000000,44.46970000000000,44.4908,13782.2690,50.8194,50.5450,0.2744,44.0215,50.9932,47.5178,3.4754,0.6827,13782.2690,NA,NA,NA
Stalker2-Win64-Shipping.exe,13648,0x4E568280,DXGI,0,0,1,Hardware Composed: Independent Flip,13884.4083,NA,51.59430000000000,51.60550000000000,0.25760000000000,44.02980000000000,44.5020,13833.0884,51.5775,51.3199,0.2576,44.1953,51.1544,47.2332,3.9212,-0.7861,13833.0884,NA,NA,NA
Stalker2-Win64-Shipping.exe,13648,0x4E568280,DXGI,0,0,1,Hardware Composed: Independent Flip,13936.3352,NA,51.92690000000000,51.76420000000000,0.33000000000000,44.31780000000001,44.3393,13884.6659,51.9993,51.6693,0.3300,43.7722,52.2149,47.5516,4.6633,-0.1867,13884.6659,NA,NA,NA
Stalker2-Win64-Shipping.exe,13648,0x4E568280,DXGI,0,0,1,Hardware Composed: Independent Flip,13988.0166,NA,51.68140000000000,52.04240000000000,0.29470000000000,44.23170000000000,44.7003,13936.6652,51.6461,51.3514,0.2947,43.9878,51.5953,47.4310,4.1643,-0.0431,13936.6652,NA,NA,NA
Stalker2-Win64-Shipping.exe,13648,0x4E568280,DXGI,0,0,1,Hardware Composed: Independent Flip,14039.6559,NA,51.63930000000001,51.49700000000000,0.27390000000000,44.53620000000000,44.5580,13988.3113,51.6185,51.3446,0.2739,43.9370,51.9438,47.6840,4.2598,0.1491,13988.3113,NA,NA,NA
Stalker2-Win64-Shipping.exe,13648,0x4E568280,DXGI,0,0,1,Hardware Composed: Independent Flip,14091.5016,NA,51.84570000000000,52.01870000000000,0.26150000000000,44.43900000000000,44.7310,14039.9298,51.8333,51.5718,0.2615,44.2623,51.7485,47.5783,4.1702,-0.4002,14039.9298,NA,NA,NA
Stalker2-Win64-Shipping.exe,13648,0x4E568280,DXGI,0,0,1,Hardware Composed: Independent Flip,14142.8835,NA,51.38190000000000,51.81560000000000,0.28480000000000,45.15000000000001,45.1647,14091.7631,51.4052,51.1204,0.2848,44.1775,52.0929,48.3587,3.7342,0.0177,14091.7631,NA,NA,NA
Stalker2-Win64-Shipping.exe,13648,0x4E568280,DXGI,0,0,1,Hardware Composed: Independent Flip,14194.5101,NA,51.62660000000000,50.75520000000000,0.25620000000000,44.01040000000000,44.2933,14143.1683,51.5980,51.3418,0.2562,44.8652,50.4870,47.2438,3.2432,0.6500,14143.1683,NA,NA,NA
Stalker2-Win64-Shipping.exe,13648,0x4E568280,DXGI,0,0,1,Hardware Composed: Independent Flip,14245.4391,NA,50.92900000000000,52.02660000000000,0.27100000000000,45.37910000000000,45.3909,14194.7663,50.9438,50.6728,0.2710,43.7542,52.2977,48.4327,3.8650,-0.4286,14194.7663,NA,NA,NA
Stalker2-Win64-Shipping.exe,13648,0x4E568280,DXGI,0,0,1,Hardware Composed: Independent Flip,14296.4058,NA,50.96670000000000,50.59930000000000,0.26600000000000,43.90130000000000,45.0235,14245.7101,50.9617,50.6957,0.2660,45.1081,49.4889,47.4158,2.0731,0.3445,14245.7101,NA,NA,NA
Stalker2-Win64-Shipping.exe,13648,0x4E568280,DXGI,0,0,1,Hardware Composed: Independent Flip,14348.1853,NA,51.77950000000001,50.99330000000000,0.26030000000000,44.21880000000000,44.2373,14296.6718,51.7738,51.5135,0.2603,43.6353,52.0970,47.3904,4.7066,-0.0316,14296.6718,NA,NA,NA
Stalker2-Win64-Shipping.exe,13648,0x4E568280,DXGI,0,0,1,Hardware Composed: Independent Flip,14398.8048,NA,50.61950000000000,51.86080000000000,0.27230000000000,43.86070000000000,45.4786,14348.4456,50.6315,50.3592,0.2723,43.9585,50.2614,47.0099,3.2515,-0.0870,14348.4456,NA,NA,NA
Stalker2-Win64-Shipping.exe,13648,0x4E568280,DXGI,0,0,1,Hardware Composed: Independent Flip,14450.3125,NA,51.50770000000000,50.41570000000000,0.28790000000000,44.36940000000000,44.3866,14399.0771,51.5233,51.2354,0.2879,43.5884,52.0164,47.7383,4.2781,0.2158,14399.0771,NA,NA,NA
Stalker2-Win64-Shipping.exe,13648,0x4E568280,DXGI,0,0,1,Hardware Composed: Independent Flip,14502.1961,NA,51.88360000000000,52.95690000000000,0.24410000000000,44.50400000000000,45.4599,14450.6004,51.8398,51.5957,0.2441,44.0815,52.0182,47.5744,4.4438,-1.4336,14450.6004,NA,NA,NA
Stalker2-Win64-Shipping.exe,13648,0x4E568280,DXGI,0,0,1,Hardware Composed: Independent Flip,14553.5377,NA,51.34160000000000,50.02810000000000,0.25460000000000,44.11790000000000,44.1464,14502.4402,51.3521,51.0975,0.2546,44.2599,50.9555,47.3334,3.6221,1.8117,14502.4402,NA,NA,NA
Stalker2-Win64-Shipping.exe,13648,0x4E568280,DXGI,0,0,1,Hardware Composed: Independent Flip,14605.8198,NA,52.28210000000000,52.36240000000000,0.28900000000000,44.21130000000000,44.2267,14553.7923,52.3165,52.0275,0.2890,43.8633,52.3755,47.5020,4.8735,-1.0103,14553.7923,NA,NA,NA
Stalker2-Win64-Shipping.exe,13648,0x4E568280,DXGI,0,0,1,Hardware Composed: Independent Flip,14656.6118,NA,50.79200000000000,52.41290000000000,0.31250000000000,44.69200000000000,45.8476,14606.1088,50.8155,50.5030,0.3125,43.9223,51.2727,47.7830,3.4897,-0.0964,14606.1088,NA,NA,NA
Stalker2-Win64-Shipping.exe,13648,0x4E568280,DXGI,0,0,1,Hardware Composed: Independent Flip,14707.9421,NA,51.33030000000000,50.47280000000000,0.29420000000000,44.97590000000000,44.9901,14656.9243,51.3120,51.0178,0.2942,44.3795,51.6142,48.0763,3.5379,0.3427,14656.9243,NA,NA,NA
Stalker2-Win64-Shipping.exe,13648,0x4E568280,DXGI,0,0,1,Hardware Composed: Independent Flip,14759.5778,NA,51.63570000000000,51.40200000000000,0.30140000000000,44.52760000000000,44.7564,14708.2363,51.6429,51.3415,0.3014,44.6817,51.1874,47.7094,3.4780,-0.0900,14708.2363,NA,NA,NA
Stalker2-Win64-Shipping.exe,13648,0x4E568280,DXGI,0,0,1,Hardware Composed: Independent Flip,14812.0478,NA,52.47000000000001,52.80540000000001,0.27270000000000,45.07790000000000,45.0918,14759.8792,52.4413,52.1686,0.2727,44.2262,53.0203,48.3202,4.7001,-1.1625,14759.8792,NA,NA,NA
Stalker2-Win64-Shipping.exe,13648,0x4E568280,DXGI,0,0,1,Hardware Composed: Independent Flip,14861.9774,NA,49.92960000000000,51.32080000000001,0.23870000000000,45.53640000000000,46.4830,14812.3205,49.8956,49.6569,0.2387,44.8052,50.3881,48.8784,1.5097,1.1205,14812.3205,NA,NA,NA
Stalker2-Win64-Shipping.exe,13648,0x4E568280,DXGI,0,0,1,Hardware Composed: Independent Flip,14912.7748,NA,50.79740000000000,48.63020000000000,0.26990000000000,44.29590000000000,44.3158,14862.2161,50.8286,50.5587,0.2699,45.2977,49.5569,47.4215,2.1354,1.2654,14862.2161,NA,NA,NA
Stalker2-Win64-Shipping.exe,13648,0x4E568280,DXGI,0,0,1,Hardware Composed: Independent Flip,14964.9407,NA,52.16590000000000,52.01160000000000,0.30320000000000,44.13890000000000,44.1615,14913.0447,52.1992,51.8960,0.3032,44.0260,52.0089,47.2293,4.7796,-1.1830,14913.0447,NA,NA,NA
Stalker2-Win64-Shipping.exe,13648,0x4E568280,DXGI,0,0,1,Hardware Composed: Independent Flip,15016.0807,NA,51.14000000000000,52.00580000000000,0.27820000000000,44.20660000000000,45.0273,14965.2439,51.1150,50.8368,0.2782,43.8357,51.2077,47.3431,3.8646,0.1934,14965.2439,NA,NA,NA
Stalker2-Win64-Shipping.exe,13648,0x4E568280,DXGI,0,0,1,Hardware Composed: Independent Flip,15067.6537,NA,51.57300000000000,51.25000000000000,0.26470000000000,44.68450000000000,44.7043,15016.3589,51.5595,51.2948,0.2647,43.9284,52.0509,47.9853,4.0656,-0.1350,15016.3589,NA,NA,NA
Stalker2-Win64-Shipping.exe,13648,0x4E568280,DXGI,0,0,1,Hardware Composed: Independent Flip,15119.4822,NA,51.82850000000001,51.53880000000000,0.27390000000000,44.02970000000001,44.4146,15067.9184,51.8377,51.5638,0.2739,44.4198,51.1737,47.1324,4.0413,0.0207,15067.9184,NA,NA,NA
Stalker2-Win64-Shipping.exe,13648,0x4E568280,DXGI,0,0,1,Hardware Composed: Independent Flip,15171.4635,NA,51.98130000000000,51.69420000000000,0.27000000000000,44.10160000000000,44.1275,15119.7561,51.9774,51.7074,0.2700,43.7558,52.0532,47.3122,4.7410,0.1435,15119.7561,NA,NA,NA
Stalker2-Win64-Shipping.exe,13648,0x4E568280,DXGI,0,0,1,Hardware Composed: Independent Flip,15223.1650,NA,51.70150000000000,52.75910000000000,0.23260000000000,44.73620000000000,45.1851,15171.7335,51.6641,51.4315,0.2326,43.8316,52.3361,47.9724,4.3637,-0.7817,15171.7335,NA,NA,NA
Stalker2-Win64-Shipping.exe,13648,0x4E568280,DXGI,0,0,1,Hardware Composed: Independent Flip,15274.7257,NA,51.56070000000000,50.61220000000000,0.31770000000000,44.02100000000000,44.2366,15223.3976,51.6458,51.3281,0.3177,44.5036,50.8455,47.2511,3.5944,1.0519,15223.3976,NA,NA,NA
Stalker2-Win64-Shipping.exe,13648,0x4E568280,DXGI,0,0,1,Hardware Composed: Independent Flip,15326.0967,NA,51.37100000000000,51.15090000000000,0.26060000000000,43.99980000000000,44.0165,15275.0434,51.3139,51.0533,0.2606,43.7033,51.3498,47.1414,4.2084,0.4949,15275.0434,NA,NA,NA
Stalker2-Win64-Shipping.exe,13648,0x4E568280,DXGI,0,0,1,Hardware Composed: Independent Flip,15377.6956,NA,51.59890000000000,52.20420000000000,0.26680000000000,44.06750000000000,44.6218,15326.3573,51.6051,51.3383,0.2668,43.7392,51.6666,47.4764,4.1902,-0.8903,15326.3573,NA,NA,NA
Stalker2-Win64-Shipping.exe,13648,0x4E568280,DXGI,0,0,1,Hardware Composed: Independent Flip,15428.6178,NA,50.92220000000000,51.09270000000000,0.25770000000000,44.77040000000000,44.7923,15377.9624,50.9131,50.6554,0.2577,43.8007,51.6251,47.8741,3.7510,0.5124,15377.9624,NA,NA,NA
Stalker2-Win64-Shipping.exe,13648,0x4E568280,DXGI,0,0,1,Hardware Composed: Independent Flip,15480.1589,NA,51.54110000000000,51.38480000000001,0.24970000000000,44.61390000000000,44.6360,15428.8755,51.5331,51.2834,0.2497,44.5127,51.3846,47.6526,3.7320,-0.4717,15428.8755,NA,NA,NA
Stalker2-Win64-Shipping.exe,13648,0x4E568280,DXGI,0,0,1,Hardware Composed: Independent Flip,15531.1826,NA,51.02370000000001,51.22470000000001,0.29300000000000,44.82440000000000,44.8370,15480.4086,51.0670,50.7740,0.2930,44.3642,51.2342,48.4843,2.7499,0.3084,15480.4086,NA,NA,NA
Stalker2-Win64-Shipping.exe,13648,0x4E568280,DXGI,0,0,1,Hardware Composed: Independent Flip,15581.9072,NA,50.72460000000000,49.96300000000000,0.25760000000000,44.04740000000000,44.0754,15531.4756,50.6892,50.4316,0.2576,44.5314,49.9476,47.0644,2.8832,1.1040,15531.4756,NA,NA,NA
Stalker2-Win64-Shipping.exe,13648,0x4E568280,DXGI,0,0,1,Hardware Composed: Independent Flip,15634.2515,NA,52.34430000000000,52.29210000000000,0.27870000000000,44.00780000000000,44.0232,15582.1648,52.3654,52.0867,0.2787,43.7898,52.3047,47.1953,5.1094,-1.6029,15582.1648,NA,NA,NA
Stalker2-Win64-Shipping.exe,13648,0x4E568280,DXGI,0,0,1,Hardware Composed: Independent Flip,15684.8616,NA,50.61010000000000,51.91440000000000,0.26390000000000,44.10630000000000,45.3275,15634.5302,50.5953,50.3314,0.2639,43.7291,50.7086,47.1868,3.5218,0.4510,15634.5302,NA,NA,NA
Stalker2-Win64-Shipping.exe,13648,0x4E568280,DXGI,0,0,1,Hardware Composed: Independent Flip,15737.4666,NA,52.60500000000000,52.24190000000000,0.26650000000000,44.93680000000001,44.9644,15685.1255,52.6076,52.3411,0.2665,43.8424,53.4355,48.1943,5.2412,-1.6466,15685.1255,NA,NA,NA
Stalker2-Win64-Shipping.exe,13648,0x4E568280,DXGI,0,0,1,Hardware Composed: Independent Flip,15788.2874,NA,50.82080000000001,52.02500000000001,0.30590000000000,44.75340000000000,46.1686,15737.7331,50.8602,50.5543,0.3059,44.6703,50.6374,47.9941,2.6433,0.5826,15737.7331,NA,NA,NA
Stalker2-Win64-Shipping.exe,13648,0x4E568280,DXGI,0,0,1,Hardware Composed: Independent Flip,15839.5013,NA,51.21390000000000,49.79400000000000,0.27060000000000,44.72600000000000,44.7487,15788.5933,51.1786,50.9080,0.2706,44.4475,51.1865,47.9454,3.2411,1.0662,15788.5933,NA,NA,NA
Stalker2-Win64-Shipping.exe,13648,0x4E568280,DXGI,0,0,1,Hardware Composed: Independent Flip,15891.0131,NA,51.51180000000000,50.94840000000000,0.27770000000000,43.77480000000000,44.1853,15839.7719,51.5189,51.2412,0.2777,44.4554,50.5606,47.2083,3.3523,0.2302,15839.7719,NA,NA,NA
Stalker2-Win64-Shipping.exe,13648,0x4E568280,DXGI,0,0,1,Hardware Composed: Independent Flip,15943.1786,NA,52.16550000000000,52.55160000000000,0.27830000000000,44.55560000000001,44.5714,15891.2908,52.1661,51.8878,0.2783,43.4971,52.9463,47.8053,5.1410,-1.0327,15891.2908,NA,NA,NA
Stalker2-Win64-Shipping.exe,13648,0x4E568280,DXGI,0,0,1,Hardware Composed: Independent Flip,15993.7269,NA,50.54830000000000,51.40550000000000,0.33830000000000,44.14220000000000,45.4286,15943.4569,50.6083,50.2700,0.3383,44.2773,50.1349,47.3052,2.8297,0.7606,15943.4569,NA,NA,NA
Stalker2-Win64-Shipping.exe,13648,0x4E568280,DXGI,0,0,1,Hardware Composed: Independent Flip,16046.3034,NA,52.57650000000000,52.35010000000000,0.27570000000000,45.17610000000001,45.2022,15994.0652,52.5139,52.2382,0.2757,43.8039,53.6104,48.3926,5.2178,-1.7418,15994.0652,NA,NA,NA
Stalker2-Win64-Shipping.exe,13648,0x4E568280,DXGI,0,0,1,Hardware Composed: Independent Flip,16097.0104,NA,50.70700000000000,52.68380000000001,0.26100000000000,45.30240000000000,47.1790,16046.5791,50.6923,50.4313,0.2610,44.9004,50.8333,48.3133,2.5200,-0.1699,16046.5791,NA,NA,NA
Stalker2-Win64-Shipping.exe,13648,0x4E568280,DXGI,0,0,1,Hardware Composed: Independent Flip,16149.5339,NA,52.52350000000001,49.75930000000000,0.25610000000000,44.40400000000000,44.4148,16097.2714,52.5186,52.2625,0.2561,45.0414,51.6251,47.4344,4.1907,0.9330,16097.2714,NA,NA,NA
Stalker2-Win64-Shipping.exe,13648,0x4E568280,DXGI,0,0,1,Hardware Composed: Independent Flip,16199.5593,NA,50.02540000000000,50.38970000000000,0.25700000000000,44.24520000000000,44.7791,16149.7900,50.0263,49.7693,0.2570,44.1479,49.8666,47.7163,2.1503,2.1289,16149.7900,NA,NA,NA
Stalker2-Win64-Shipping.exe,13648,0x4E568280,DXGI,0,0,1,Hardware Composed: Independent Flip,16250.6060,NA,51.04670000000000,50.29360000000000,0.26860000000000,44.00460000000000,44.0260,16199.8163,51.0583,50.7897,0.2686,43.9882,50.8061,47.1339,3.6722,-0.2673,16199.8163,NA,NA,NA
Stalker2-Win64-Shipping.exe,13648,0x4E568280,DXGI,0,0,1,Hardware Composed: Independent Flip,16302.8481,NA,52.24210000000000,53.50660000000001,0.25140000000000,44.63590000000000,45.2905,16250.8746,52.2249,51.9735,0.2514,43.7360,52.8734,47.7079,5.1655,-2.4483,16250.8746,NA,NA,NA
Stalker2-Win64-Shipping.exe,13648,0x4E568280,DXGI,0,0,1,Hardware Composed: Independent Flip,16355.5179,NA,52.66980000000000,52.36470000000000,0.24770000000000,44.43660000000001,44.9854,16303.0995,52.6661,52.4184,0.2477,44.3845,52.4705,48.3493,4.1212,-0.1398,16303.0995,NA,NA,NA
Stalker2-Win64-Shipping.exe,13648,0x4E568280,DXGI,0,0,1,Hardware Composed: Independent Flip,16406.4843,NA,50.96640000000000,50.13900000000000,0.27050000000000,44.12910000000000,44.1580,16355.7656,50.9892,50.7187,0.2705,44.1889,50.6589,47.2427,3.4162,2.5271,16355.7656,NA,NA,NA
Stalker2-Win64-Shipping.exe,13648,0x4E568280,DXGI,0,0,1,Hardware Composed: Independent Flip,16458.6861,NA,52.20180000000001,52.77030000000001,0.25020000000000,44.70980000000000,44.7265,16406.7548,52.1815,51.9313,0.2502,43.8586,52.7825,47.9046,4.8779,-1.7811,16406.7548,NA,NA,NA
Stalker2-Win64-Shipping.exe,13648,0x4E568280,DXGI,0,0,1,Hardware Composed: Independent Flip,16509.2785,NA,50.59240000000000,51.11220000000000,0.26960000000000,43.90390000000000,45.2463,16458.9363,50.6118,50.3422,0.2696,44.4596,49.7865,46.9641,2.8224,1.0693,16458.9363,NA,NA,NA
Stalker2-Win64-Shipping.exe,13648,0x4E568280,DXGI,0,0,1,Hardware Composed: Independent Flip,16561.0766,NA,51.79810000000001,51.07080000000001,0.25720000000000,44.49900000000000,44.5190,16509.5481,51.7857,51.5285,0.2572,43.6343,52.3932,47.6578,4.7354,-0.4590,16509.5481,NA,NA,NA
Stalker2-Win64-Shipping.exe,13648,0x4E568280,DXGI,0,0,1,Hardware Composed: Independent Flip,16612.6292,NA,51.55260000000001,52.59060000000000,0.25420000000000,44.08550000000000,45.5570,16561.3338,51.5496,51.2954,0.2542,44.2418,51.1391,47.1563,3.9828,-0.8049,16561.3338,NA,NA,NA
Stalker2-Win64-Shipping.exe,13648,0x4E568280,DXGI,0,0,1,Hardware Composed: Independent Flip,16663.9989,NA,51.36970000000000,50.32160000000000,0.26010000000000,44.49310000000001,44.5089,16612.8834,51.3756,51.1155,0.2601,43.8313,51.7773,47.6754,4.1019,1.2280,16612.8834,NA,NA,NA
Stalker2-Win64-Shipping.exe,13648,0x4E568280,DXGI,0,0,1,Hardware Composed: Independent Flip,16714.7560,NA,50.75710000000000,52.32790000000000,0.30590000000000,45.71350000000000,46.0797,16664.2590,50.8029,50.4970,0.3059,44.2330,51.9775,48.7582,3.2193,-0.9523,16664.2590,NA,NA,NA
Stalker2-Win64-Shipping.exe,13648,0x4E568280,DXGI,0,0,1,Hardware Composed: Independent Flip,16766.2310,NA,51.47500000000000,50.53040000000000,0.26530000000000,45.07100000000001,45.1351,16715.0619,51.4344,51.1691,0.2653,45.4076,50.8325,48.2357,2.5968,0.2725,16715.0619,NA,NA,NA
Stalker2-Win64-Shipping.exe,13648,0x4E568280,DXGI,0,0,1,Hardware Composed: Independent Flip,16817.2420,NA,51.01100000000000,49.93070000000000,0.23250000000000,44.02940000000000,44.0548,16766.4963,50.9782,50.7457,0.2325,44.8057,49.9694,47.0927,2.8767,1.5037,16766.4963,NA,NA,NA
Stalker2-Win64-Shipping.exe,13648,0x4E568280,DXGI,0,0,1,Hardware Composed: Independent Flip,16869.6779,NA,52.43590000000000,52.66640000000000,0.25670000000000,44.27040000000000,44.2853,16817.4745,52.4601,52.2034,0.2567,43.7969,52.6769,47.9763,4.7006,-1.6882,16817.4745,NA,NA,NA
Stalker2-Win64-Shipping.exe,13648,0x4E568280,DXGI,0,0,1,Hardware Composed: Independent Flip,16919.6098,NA,49.93190000000000,51.05800000000000,0.28060000000000,44.46860000000000,45.4114,16869.9346,49.9558,49.6752,0.2806,44.0137,50.1301,47.4602,2.6699,1.4021,16869.9346,NA,NA,NA
Stalker2-Win64-Shipping.exe,13648,0x4E568280,DXGI,0,0,1,Hardware Composed: Independent Flip,16971.6789,NA,52.06910000000001,50.87200000000000,0.26740000000000,44.18620000000000,44.2143,16919.8904,52.0559,51.7885,0.2674,44.1880,51.7867,47.4389,4.3478,-0.9162,16919.8904,NA,NA,NA
Stalker2-Win64-Shipping.exe,13648,0x4E568280,DXGI,0,0,1,Hardware Composed: Independent Flip,17023.6221,NA,51.94320000000000,52.75110000000000,0.25780000000000,44.03080000000000,45.0222,16971.9463,51.9336,51.6758,0.2578,43.9188,51.7878,47.2475,4.5403,-0.6952,16971.9463,NA,NA,NA
Stalker2-Win64-Shipping.exe,13648,0x4E568280,DXGI,0,0,1,Hardware Composed: Independent Flip,17076.3740,NA,52.75190000000000,52.36140000000000,0.25700000000000,44.61620000000000,44.6317,17023.8799,52.7511,52.4941,0.2570,43.7730,53.3373,47.9082,5.4291,-0.4278,17023.8799,NA,NA,NA
Stalker2-Win64-Shipping.exe,13648,0x4E568280,DXGI,0,0,1,Hardware Composed: Independent Flip,17128.3686,NA,51.99460000000001,52.33810000000000,0.25850000000000,44.24240000000000,44.9752,17076.6310,51.9961,51.7376,0.2585,44.3592,51.6208,47.2830,4.3378,0.4130,17076.6310,NA,NA,NA
Stalker2-Win64-Shipping.exe,13648,0x4E568280,DXGI,0,0,1,Hardware Composed: Independent Flip,17178.5507,NA,50.18210000000001,49.91080000000000,0.25680000000000,44.68790000000000,44.7039,17128.6271,50.1804,49.9236,0.2568,43.9839,50.6276,47.8348,2.7928,2.0853,17128.6271,NA,NA,NA
Stalker2-Win64-Shipping.exe,13648,0x4E568280,DXGI,0,0,1,Hardware Composed: Independent Flip,17229.8088,NA,51.25810000000001,50.81340000000000,0.29110000000000,44.24260000000000,44.2592,17178.8075,51.2924,51.0013,0.2911,44.4311,50.8128,47.5354,3.2774,-0.6330,17178.8075,NA,NA,NA
Stalker2-Win64-Shipping.exe,13648,0x4E568280,DXGI,0,0,1,Hardware Composed: Independent Flip,17281.1295,NA,51.32070000000000,51.76820000000000,0.35770000000000,44.49640000000000,44.7067,17230.0999,51.3873,51.0296,0.3577,43.9515,51.5745,47.8485,3.7260,-0.4758,17230.0999,NA,NA,NA
Stalker2-Win64-Shipping.exe,13648,0x4E568280,DXGI,0,0,1,Hardware Composed: Independent Flip,17332.0865,NA,50.95700000000000,51.89370000000000,0.26520000000000,45.56050000000000,45.6434,17281.4872,50.8645,50.5993,0.2652,44.1387,52.0211,48.6771,3.3440,-0.5064,17281.4872,NA,NA,NA
Stalker2-Win64-Shipping.exe,13648,0x4E568280,DXGI,0,0,1,Hardware Composed: Independent Flip,17383.7149,NA,51.62840000000000,50.70900000000000,0.32920000000000,44.52350000000001,44.7240,17332.3517,51.6924,51.3632,0.3292,45.2953,50.5914,47.7066,2.8848,0.1555,17332.3517,NA,NA,NA
Stalker2-Win64-Shipping.exe,13648,0x4E568280,DXGI,0,0,1,Hardware Composed: Independent Flip,17434.4487,NA,50.73380000000000,50.83620000000001,0.28330000000000,44.81200000000000,44.8264,17384.0441,50.6879,50.4046,0.2833,44.1943,51.0223,47.9259,3.0964,0.8562,17384.0441,NA,NA,NA
Stalker2-Win64-Shipping.exe,13648,0x4E568280,DXGI,0,0,1,Hardware Composed: Independent Flip,17485.4426,NA,50.99390000000000,50.48010000000000,0.27840000000000,43.88390000000000,44.3126,17434.7320,50.9890,50.7106,0.2784,44.5287,50.0658,46.8512,3.2146,0.2078,17434.7320,NA,NA,NA
Stalker2-Win64-Shipping.exe,13648,0x4E568280,DXGI,0,0,1,Hardware Composed: Independent Flip,17537.9706,NA,52.52800000000001,53.01380000000000,0.25360000000000,44.78040000000000,44.7984,17485.7210,52.5032,52.2496,0.2536,43.6055,53.4245,48.0415,5.3830,-2.0248,17485.7210,NA,NA,NA
Stalker2-Win64-Shipping.exe,13648,0x4E568280,DXGI,0,0,1,Hardware Composed: Independent Flip,17589.5895,NA,51.61890000000000,52.57500000000000,0.29410000000000,44.07380000000001,45.7545,17538.2242,51.6594,51.3653,0.2941,44.5268,50.9123,47.2383,3.6740,-0.0718,17538.2242,NA,NA,NA
Stalker2-Win64-Shipping.exe,13648,0x4E568280,DXGI,0,0,1,Hardware Composed: Independent Flip,17641.7673,NA,52.17780000000000,51.02170000000000,0.23820000000000,44.57800000000000,44.5984,17589.8836,52.1219,51.8837,0.2382,43.7797,52.6820,47.6590,5.0230,0.6377,17589.8836,NA,NA,NA
Stalker2-Win64-Shipping.exe,13648,0x4E568280,DXGI,0,0,1,Hardware Composed: Independent Flip,17693.3718,NA,51.60450000000000,51.80070000000000,0.25810000000000,43.84400000000000,44.7946,17642.0055,51.6244,51.3663,0.2581,44.3398,50.8705,46.9441,3.9264,0.3212,17642.0055,NA,NA,NA
Stalker2-Win64-Shipping.exe,13648,0x4E568280,DXGI,0,0,1,Hardware Composed: Independent Flip,17744.9164,NA,51.54460000000000,51.55170000000000,0.28190000000000,44.78040000000000,44.8017,17693.6299,51.5684,51.2865,0.2819,43.5859,52.4810,48.0741,4.4069,0.0727,17693.6299,NA,NA,NA
Stalker2-Win64-Shipping.exe,13648,0x4E568280,DXGI,0,0,1,Hardware Composed: Independent Flip,17796.5776,NA,51.66120000000000,51.87300000000000,0.27330000000000,44.11260000000000,45.0135,17745.1983,51.6526,51.3793,0.2733,44.4985,50.9934,47.2286,3.7648,-0.3046,17745.1983,NA,NA,NA
Stalker2-Win64-Shipping.exe,13648,0x4E568280,DXGI,0,0,1,Hardware Composed: Independent Flip,17848.2604,NA,51.68280000000000,51.26270000000000,0.27340000000000,44.56420000000000,44.5934,17796.8509,51.6829,51.4095,0.2734,43.8393,52.1344,47.7652,4.3692,0.3899,17796.8509,NA,NA,NA
Stalker2-Win64-Shipping.exe,13648,0x4E568280,DXGI,0,0,1,Hardware Composed: Independent Flip,17900.8749,NA,52.61450000000000,52.67920000000000,0.28570000000000,43.98940000000000,44.6581,17848.5338,52.6268,52.3411,0.2857,44.2908,52.0397,47.2431,4.7966,-0.9963,17848.5338,NA,NA,NA
Stalker2-Win64-Shipping.exe,13648,0x4E568280,DXGI,0,0,1,Hardware Composed: Independent Flip,17951.2723,NA,50.39740000000000,50.71600000000000,0.25230000000000,44.96020000000000,44.9767,17901.1606,50.3640,50.1117,0.2523,43.7037,51.3682,48.2192,3.1490,1.9108,17901.1606,NA,NA,NA
Stalker2-Win64-Shipping.exe,13648,0x4E568280,DXGI,0,0,1,Hardware Composed: Independent Flip,18002.9541,NA,51.68180000000000,50.74820000000000,0.25790000000000,44.02310000000000,44.0431,17951.5246,51.6874,51.4295,0.2579,44.7079,50.7447,47.8943,2.8504,-0.3842,17951.5246,NA,NA,NA
Stalker2-Win64-Shipping.exe,13648,0x4E568280,DXGI,0,0,1,Hardware Composed: Independent Flip,18054.2336,NA,51.27950000000001,51.35240000000000,0.24750000000000,44.10460000000000,44.1160,18003.2120,51.2691,51.0216,0.2475,43.7652,51.3610,47.3747,3.9863,0.3350,18003.2120,NA,NA,NA
Stalker2-Win64-Shipping.exe,13648,0x4E568280,DXGI,0,0,1,Hardware Composed: Independent Flip,18106.5834,NA,52.34980000000000,54.51320000000000,0.30320000000000,46.17590000000001,46.2794,18054.4811,52.4055,52.1023,0.3032,43.8571,54.4211,49.5710,4.8501,-3.2441,18054.4811,NA,NA,NA
Stalker2-Win64-Shipping.exe,13648,0x4E568280,DXGI,0,0,1,Hardware Composed: Independent Flip,18156.9972,NA,50.41380000000000,49.55850000000000,0.28380000000000,43.93200000000000,45.4241,18106.8866,50.3944,50.1106,0.2838,45.8727,48.1699,47.0863,1.0836,2.8470,18106.8866,NA,NA,NA
Stalker2-Win64-Shipping.exe,13648,0x4E568280,DXGI,0,0,1,Hardware Composed: Independent Flip,18208.9667,NA,51.96950000000000,51.26150000000001,0.26980000000000,44.69860000000000,44.7161,18157.2810,51.9555,51.6857,0.2698,43.6482,52.7361,47.9514,4.7847,-0.8671,18157.2810,NA,NA,NA
Stalker2-Win64-Shipping.exe,13648,0x4E568280,DXGI,0,0,1,Hardware Composed: Independent Flip,18260.3345,NA,51.36780000000000,53.51630000000000,0.26900000000000,44.11250000000000,46.8646,18209.2365,51.3670,51.0980,0.2690,44.4288,50.7817,47.2019,3.5798,-1.5608,18209.2365,NA,NA,NA
Stalker2-Win64-Shipping.exe,13648,0x4E568280,DXGI,0,0,1,Hardware Composed: Independent Flip,18311.7563,NA,51.42180000000000,48.84950000000000,0.26800000000000,44.27040000000000,44.2923,18260.6035,51.4208,51.1528,0.2680,43.8435,51.5797,47.4008,4.1789,2.5175,18260.6035,NA,NA,NA
Stalker2-Win64-Shipping.exe,13648,0x4E568280,DXGI,0,0,1,Hardware Composed: Independent Flip,18363.2234,NA,51.46710000000000,51.64010000000000,0.30150000000000,43.99060000000000,44.4653,18312.0243,51.5006,51.1991,0.3015,44.0024,51.1873,47.2363,3.9510,-0.2193,18312.0243,NA,NA,NA
Stalker2-Win64-Shipping.exe,13648,0x4E568280,DXGI,0,0,1,Hardware Composed: Independent Flip,18414.3874,NA,51.16400000000000,51.26810000000000,0.29910000000000,44.54830000000000,44.5694,18363.5249,51.1616,50.8625,0.2991,43.6891,51.7217,47.7096,4.0121,0.2325,18363.5249,NA,NA,NA
Stalker2-Win64-Shipping.exe,13648,0x4E568280,DXGI,0,0,1,Hardware Composed: Independent Flip,18466.1145,NA,51.72710000000000,51.85030000000000,0.23010000000000,44.44330000000000,44.6926,18414.6865,51.6581,51.4280,0.2301,44.2492,51.6221,47.5728,4.0493,-0.6887,18414.6865,NA,NA,NA
Stalker2-Win64-Shipping.exe,13648,0x4E568280,DXGI,0,0,1,Hardware Composed: Independent Flip,18517.1208,NA,51.00630000000000,50.63660000000000,0.25710000000000,44.28910000000000,44.3229,18466.3446,51.0333,50.7762,0.2571,44.2132,50.8521,47.4166,3.4355,1.0215,18466.3446,NA,NA,NA
Stalker2-Win64-Shipping.exe,13648,0x4E568280,DXGI,0,0,1,Hardware Composed: Independent Flip,18568.3217,NA,51.20090000000000,52.76510000000000,0.25280000000000,45.87210000000000,45.8871,18517.3779,51.1966,50.9438,0.2528,44.0320,52.7839,48.9471,3.8368,-1.7318,18517.3779,NA,NA,NA
Stalker2-Win64-Shipping.exe,13648,0x4E568280,DXGI,0,0,1,Hardware Composed: Independent Flip,18619.3771,NA,51.05540000000001,50.78840000000000,0.26480000000000,44.54350000000000,45.6201,18568.5745,51.0674,50.8026,0.2648,45.6193,49.7268,47.6550,2.0718,0.4082,18568.5745,NA,NA,NA
Stalker2-Win64-Shipping.exe,13648,0x4E568280,DXGI,0,0,1,Hardware Composed: Independent Flip,18671.4702,NA,52.09310000000000,50.68870000000000,0.25470000000000,44.18820000000000,44.2157,18619.6419,52.0830,51.8283,0.2547,44.2787,51.7378,47.4590,4.2788,0.3787,18619.6419,NA,NA,NA
Stalker2-Win64-Shipping.exe,13648,0x4E568280,DXGI,0,0,1,Hardware Composed: Independent Flip,18721.6238,NA,50.15360000000000,51.98640000000000,0.28000000000000,44.76950000000000,46.0485,18671.7249,50.1789,49.8989,0.2800,43.9335,50.7349,47.7285,3.0064,0.0966,18671.7249,NA,NA,NA
Stalker2-Win64-Shipping.exe,13648,0x4E568280,DXGI,0,0,1,Hardware Composed: Independent Flip,18773.2993,NA,51.67550000000000,49.92350000000000,0.27560000000000,44.26730000000000,44.2965,18721.9038,51.6711,51.3955,0.2756,44.4895,51.1733,47.4546,3.7187,0.2554,18721.9038,NA,NA,NA
Stalker2-Win64-Shipping.exe,13648,0x4E568280,DXGI,0,0,1,Hardware Composed: Independent Flip,18825.3503,NA,52.05100000000000,51.96290000000000,0.23250000000000,43.88560000000000,44.2084,18773.5749,52.0079,51.7754,0.2325,43.9917,51.6693,47.0633,4.6060,-0.2918,18773.5749,NA,NA,NA
Stalker2-Win64-Shipping.exe,13648,0x4E568280,DXGI,0,0,1,Hardware Composed: Independent Flip,18877.4764,NA,52.12610000000000,51.96700000000001,0.25840000000000,43.73620000000000,44.0493,18825.5828,52.1520,51.8936,0.2584,43.6531,51.9767,47.2470,4.7297,0.0409,18825.5828,NA,NA,NA
Stalker2-Win64-Shipping.exe,13648,0x4E568280,DXGI,0,0,1,Hardware Composed: Independent Flip,18928.2801,NA,50.80370000000000,51.64920000000000,0.25650000000000,44.58990000000000,44.8948,18877.7348,50.8018,50.5453,0.2565,43.4778,51.6574,47.7696,3.8878,0.5028,18877.7348,NA,NA,NA
Stalker2-Win64-Shipping.exe,13648,0x4E568280,DXGI,0,0,1,Hardware Composed: Independent Flip,18979.8000,NA,51.51990000000000,50.69620000000000,0.26250000000000,44.04060000000000,44.0711,18928.5366,51.5259,51.2634,0.2625,44.3334,50.9706,47.1516,3.8190,0.1056,18928.5366,NA,NA,NA
Stalker2-Win64-Shipping.exe,13648,0x4E568280,DXGI,0,0,1,Hardware Composed: Independent Flip,19032.8340,NA,53.03400000000001,54.00690000000000,0.29410000000000,45.03000000000000,45.0440,18980.0625,53.0656,52.7715,0.2941,43.7781,54.0234,48.2586,5.7648,-2.4810,18980.0625,NA,NA,NA
Stalker2-Win64-Shipping.exe,13648,0x4E568280,DXGI,0,0,1,Hardware Composed: Independent Flip,19083.1617,NA,50.32770000000000,51.57820000000000,0.23730000000000,44.69150000000000,46.2945,19033.1281,50.2709,50.0336,0.2373,44.7359,49.9892,47.7453,2.2439,1.4874,19033.1281,NA,NA,NA
Stalker2-Win64-Shipping.exe,13648,0x4E568280,DXGI,0,0,1,Hardware Composed: Independent Flip,19134.8060,NA,51.64430000000000,49.83780000000000,0.26640000000000,44.47390000000000,44.4880,19083.3990,51.6734,51.4070,0.2664,44.4542,51.4267,47.5910,3.8357,0.4331,19083.3990,NA,NA,NA
Stalker2-Win64-Shipping.exe,13648,0x4E568280,DXGI,0,0,1,Hardware Composed: Independent Flip,19185.1641,NA,50.35810000000000,52.32810000000000,0.27780000000000,45.52280000000000,46.4580,19135.0724,50.3695,50.0917,0.2778,44.2075,51.4070,48.5539,2.8531,-0.6547,19135.0724,NA,NA,NA
Stalker2-Win64-Shipping.exe,13648,0x4E568280,DXGI,0,0,1,Hardware Composed: Independent Flip,19235.5964,NA,50.43230000000001,48.61600000000000,0.28600000000000,44.61970000000000,44.6417,19185.4419,50.4405,50.1545,0.2860,45.2450,49.5292,47.6987,1.8305,1.7535,19185.4419,NA,NA,NA
Stalker2-Win64-Shipping.exe,13648,0x4E568280,DXGI,0,0,1,Hardware Composed: Independent Flip,19286.8293,NA,51.23290000000000,51.27970000000001,0.29390000000000,44.67070000000000,44.6885,19235.8824,51.2408,50.9469,0.2939,44.3337,51.2839,47.8193,3.4646,-0.8392,19235.8824,NA,NA,NA
Stalker2-Win64-Shipping.exe,13648,0x4E568280,DXGI,0,0,1,Hardware Composed: Independent Flip,19338.1226,NA,51.29330000000000,52.70210000000000,0.29600000000000,44.90790000000001,46.0973,19287.1232,51.2954,50.9994,0.2960,44.3768,51.5305,48.0417,3.4888,-1.4613,19287.1232,NA,NA,NA
Stalker2-Win64-Shipping.exe,13648,0x4E568280,DXGI,0,0,1,Hardware Composed: Independent Flip,19389.8697,NA,51.74710000000000,50.03450000000000,0.26350000000000,44.34680000000000,44.3847,19338.4186,51.7146,51.4511,0.2635,44.6119,51.1860,47.5540,3.6320,1.2609,19338.4186,NA,NA,NA
Stalker2-Win64-Shipping.exe,13648,0x4E568280,DXGI,0,0,1,Hardware Composed: Independent Flip,19441.3980,NA,51.52830000000000,51.52440000000000,0.25600000000000,44.35340000000000,44.3808,19390.1332,51.5208,51.2648,0.2560,44.0833,51.5349,47.7146,3.8203,0.1902,19390.1332,NA,NA,NA
Stalker2-Win64-Shipping.exe,13648,0x4E568280,DXGI,0,0,1,Hardware Composed: Independent Flip,19494.1027,NA,52.70470000000000,52.82190000000000,0.25610000000000,44.03740000000001,44.4980,19441.6540,52.7048,52.4487,0.2561,44.0974,52.3887,47.2874,5.1013,-1.3011,19441.6540,NA,NA,NA
Stalker2-Win64-Shipping.exe,13648,0x4E568280,DXGI,0,0,1,Hardware Composed: Independent Flip,19546.5977,NA,52.49500000000000,52.45530000000000,0.25580000000000,44.17670000000000,44.4583,19494.3588,52.4947,52.2389,0.2558,43.7813,52.6343,47.6092,5.0251,0.2495,19494.3588,NA,NA,NA
Stalker2-Win64-Shipping.exe,13648,0x4E568280,DXGI,0,0,1,Hardware Composed: Independent Flip,19597.4348,NA,50.83710000000000,51.03550000000000,0.27060000000000,44.49440000000000,44.6567,19546.8535,50.8519,50.5813,0.2706,43.9209,51.1548,47.7236,3.4312,1.4592,19546.8535,NA,NA,NA
Stalker2-Win64-Shipping.exe,13648,0x4E568280,DXGI,0,0,1,Hardware Composed: Independent Flip,19648.3220,NA,50.88720000000000,50.93430000000000,0.26750000000000,44.67460000000001,44.7038,19597.7054,50.8841,50.6166,0.2675,44.2238,51.0674,47.8499,3.2175,-0.0824,19597.7054,NA,NA,NA
Stalker2-Win64-Shipping.exe,13648,0x4E568280,DXGI,0,0,1,Hardware Composed: Independent Flip,19700.5707,NA,52.24870000000000,52.57080000000001,0.26380000000000,44.86970000000000,45.0259,19648.5895,52.2450,51.9812,0.2638,44.4071,52.4438,48.2133,4.2305,-1.6867,19648.5895,NA,NA,NA
Stalker2-Win64-Shipping.exe,13648,0x4E568280,DXGI,0,0,1,Hardware Composed: Independent Flip,19752.1650,NA,51.59430000000000,50.92350000000000,0.26670000000000,44.00250000000000,44.3551,19700.8345,51.5972,51.3305,0.2667,44.6059,50.7271,47.2173,3.5098,1.3215,19700.8345,NA,NA,NA
Stalker2-Win64-Shipping.exe,13648,0x4E568280,DXGI,0,0,1,Hardware Composed: Independent Flip,19803.2517,NA,51.08670000000000,52.22210000000000,0.25740000000000,45.47470000000001,45.4905,19752.4317,51.0774,50.8200,0.2574,43.7358,52.5589,48.5420,4.0169,-0.6249,19752.4317,NA,NA,NA
Stalker2-Win64-Shipping.exe,13648,0x4E568280,DXGI,0,0,1,Hardware Composed: Independent Flip,19853.9648,NA,50.71310000000000,50.40910000000000,0.27200000000000,44.07460000000000,45.1865,19803.5091,50.7277,50.4557,0.2720,45.2173,49.3130,47.1264,2.1866,0.6683,19803.5091,NA,NA,NA
Stalker2-Win64-Shipping.exe,13648,0x4E568280,DXGI,0,0,1,Hardware Composed: Independent Flip,19905.1236,NA,51.15880000000000,50.11160000000000,0.27000000000000,44.12060000000000,44.1393,19854.2368,51.1568,50.8868,0.2700,43.8026,51.2048,47.3924,3.8124,0.6161,19854.2368,NA,NA,NA
Stalker2-Win64-Shipping.exe,13648,0x4E568280,DXGI,0,0,1,Hardware Composed: Independent Flip,19956.2651,NA,51.14150000000000,52.47920000000001,0.27460000000000,44.17590000000000,45.4770,19905.3936,51.1461,50.8715,0.2746,43.8506,51.1968,47.2412,3.9556,-1.3224,19905.3936,NA,NA,NA
Stalker2-Win64-Shipping.exe,13648,0x4E568280,DXGI,0,0,1,Hardware Composed: Independent Flip,20007.6532,NA,51.38810000000000,50.17140000000001,0.26870000000000,44.24010000000001,44.2603,19956.5397,51.3822,51.1135,0.2687,43.9013,51.4523,47.4157,4.0366,0.9747,19956.5397,NA,NA,NA
Stalker2-Win64-Shipping.exe,13648,0x4E568280,DXGI,0,0,1,Hardware Composed: Independent Flip,20058.8566,NA,51.20340000000000,51.70790000000000,0.28130000000000,44.46310000000000,44.7648,20007.9219,51.2160,50.9347,0.2813,43.9714,51.4264,47.5474,3.8790,-0.3257,20007.9219,NA,NA,NA
Stalker2-Win64-Shipping.exe,13648,0x4E568280,DXGI,0,0,1,Hardware Composed: Independent Flip,20110.7737,NA,51.91710000000000,51.52640000000000,0.27190000000000,44.18860000000000,44.3741,20059.1379,51.9077,51.6358,0.2719,44.1818,51.6426,47.4549,4.1877,-0.3104,20059.1379,NA,NA,NA
Stalker2-Win64-Shipping.exe,13648,0x4E568280,DXGI,0,0,1,Hardware Composed: Independent Flip,20162.5358,NA,51.76210000000000,51.27160000000000,0.22850000000000,43.71000000000000,43.8836,20111.0456,51.7187,51.4902,0.2285,43.9167,51.2835,47.0156,4.2679,0.6361,20111.0456,NA,NA,NA
Stalker2-Win64-Shipping.exe,13648,0x4E568280,DXGI,0,0,1,Hardware Composed: Independent Flip,20214.3478,NA,51.81200000000000,52.30160000000000,0.26800000000000,44.35940000000000,44.3732,20162.7643,51.8515,51.5835,0.2680,43.4815,52.4614,48.0887,4.3727,-0.5829,20162.7643,NA,NA,NA
Stalker2-Win64-Shipping.exe,13648,0x4E568280,DXGI,0,0,1,Hardware Composed: Independent Flip,20264.9137,NA,50.56590000000000,51.33850000000000,0.27520000000000,44.52720000000000,45.1458,20214.6158,50.5731,50.2979,0.2752,44.0914,50.7337,47.7036,3.0301,0.5130,20214.6158,NA,NA,NA
Stalker2-Win64-Shipping.exe,13648,0x4E568280,DXGI,0,0,1,Hardware Composed: Independent Flip,20316.0063,NA,51.09260000000000,50.78580000000000,0.24600000000000,44.81710000000000,44.8390,20265.1889,51.0634,50.8174,0.2460,44.2520,51.3825,48.1980,3.1845,-0.2127,20265.1889,NA,NA,NA
Stalker2-Win64-Shipping.exe,13648,0x4E568280,DXGI,0,0,1,Hardware Composed: Independent Flip,20367.6059,NA,51.59960000000000,51.66790000000000,0.30830000000000,44.43790000000000,44.9073,20316.2523,51.6619,51.3536,0.3083,44.5711,51.2204,47.4067,3.8137,-0.6045,20316.2523,NA,NA,NA
Stalker2-Win64-Shipping.exe,13648,0x4E568280,DXGI,0,0,1,Hardware Composed: Independent Flip,20418.1734,NA,50.56750000000000,51.05180000000000,0.24960000000000,45.37650000000000,45.3916,20367.9142,50.5088,50.2592,0.2496,44.1296,51.5061,48.4446,3.0615,0.6101,20367.9142,NA,NA,NA
Stalker2-Win64-Shipping.exe,13648,0x4E568280,DXGI,0,0,1,Hardware Composed: Independent Flip,20469.5695,NA,51.39610000000000,50.45470000000000,0.33150000000000,44.17760000000001,44.4502,20418.4230,51.4780,51.1465,0.3315,45.1269,50.1972,47.2338,2.9634,0.0541,20418.4230,NA,NA,NA
Stalker2-Win64-Shipping.exe,13648,0x4E568280,DXGI,0,0,1,Hardware Composed: Independent Flip,20520.3683,NA,50.79880000000000,50.87770000000000,0.27160000000000,44.51170000000000,44.5291,20469.9010,50.7389,50.4673,0.2716,43.8461,51.1329,47.6001,3.5328,0.6003,20469.9010,NA,NA,NA
Stalker2-Win64-Shipping.exe,13648,0x4E568280,DXGI,0,0,1,Hardware Composed: Independent Flip,20571.8161,NA,51.44780000000000,51.93940000000000,0.27840000000000,44.37720000000000,45.0207,20520.6399,51.4546,51.1762,0.2784,44.2401,51.3133,47.4453,3.8680,-1.2005,20520.6399,NA,NA,NA
Stalker2-Win64-Shipping.exe,13648,0x4E568280,DXGI,0,0,1,Hardware Composed: Independent Flip,20622.8353,NA,51.01920000000000,50.43510000000001,0.28340000000000,44.40780000000000,44.4366,20572.0945,51.0242,50.7408,0.2834,44.0988,51.0498,47.5412,3.5086,1.0195,20572.0945,NA,NA,NA
Stalker2-Win64-Shipping.exe,13648,0x4E568280,DXGI,0,0,1,Hardware Composed: Independent Flip,20674.7835,NA,51.94820000000000,51.23310000000000,0.24780000000000,43.69830000000000,43.7215,20623.1187,51.9126,51.6648,0.2478,44.1244,51.2387,46.8802,4.3585,-0.2089,20623.1187,NA,NA,NA
Stalker2-Win64-Shipping.exe,13648,0x4E568280,DXGI,0,0,1,Hardware Composed: Independent Flip,20727.8729,NA,53.08940000000000,53.54130000000000,0.25820000000000,43.89740000000000,44.1734,20675.0313,53.0998,52.8416,0.2582,43.4505,53.2885,47.9130,5.3755,-1.6287,20675.0313,NA,NA,NA
Stalker2-Win64-Shipping.exe,13648,0x4E568280,DXGI,0,0,1,Hardware Composed: Independent Flip,20777.6804,NA,49.80750000000000,50.84460000000000,0.25660000000000,44.34140000000000,45.2105,20728.1311,49.8059,49.5493,0.2566,43.6392,50.2515,47.4779,2.7736,2.2552,20728.1311,NA,NA,NA
Stalker2-Win64-Shipping.exe,13648,0x4E568280,DXGI,0,0,1,Hardware Composed: Independent Flip,20829.2375,NA,51.55710000000001,50.88740000000000,0.27680000000000,44.52330000000000,44.5408,20777.9370,51.5773,51.3005,0.2768,44.0848,51.7390,47.6739,4.0651,-1.0815,20777.9370,NA,NA,NA
Stalker2-Win64-Shipping.exe,13648,0x4E568280,DXGI,0,0,1,Hardware Composed: Independent Flip,20881.2372,NA,51.99970000000000,53.16820000000001,0.25580000000000,44.58280000000000,45.7093,20829.5143,51.9787,51.7229,0.2558,44.2465,52.0592,47.7187,4.3405,-1.5909,20829.5143,NA,NA,NA
Stalker2-Win64-Shipping.exe,13648,0x4E568280,DXGI,0,0,1,Hardware Composed: Independent Flip,20931.6309,NA,50.39370000000000,49.24160000000001,0.26610000000000,44.53610000000000,44.5572,20881.4930,50.4040,50.1379,0.2661,44.3270,50.3470,47.7252,2.6218,2.7371,20881.4930,NA,NA,NA
Stalker2-Win64-Shipping.exe,13648,0x4E568280,DXGI,0,0,1,Hardware Composed: Independent Flip,20984.8088,NA,53.17790000000000,54.55010000000000,0.28190000000000,45.86580000000000,45.9294,20931.8970,53.1937,52.9118,0.2819,44.2700,54.5076,49.1065,5.4011,-4.1461,20931.8970,NA,NA,NA
Stalker2-Win64-Shipping.exe,13648,0x4E568280,DXGI,0,0,1,Hardware Composed: Independent Flip,21034.3099,NA,49.50110000000000,51.56240000000000,0.25270000000000,45.38290000000000,47.9907,20985.0907,49.4719,49.2192,0.2527,45.5839,49.0182,48.4936,0.5246,1.6313,20985.0907,NA,NA,NA
Stalker2-Win64-Shipping.exe,13648,0x4E568280,DXGI,0,0,1,Hardware Composed: Independent Flip,21084.2365,NA,49.92660000000000,46.30460000000000,0.27350000000000,44.35410000000000,44.3687,21034.5626,49.9474,49.6739,0.2735,45.1302,48.8978,47.5182,1.3796,3.1673,21034.5626,NA,NA,NA
Stalker2-Win64-Shipping.exe,13648,0x4E568280,DXGI,0,0,1,Hardware Composed: Independent Flip,21134.8417,NA,50.60520000000000,51.10060000000000,0.28230000000000,44.59330000000000,44.8641,21084.5100,50.6140,50.3317,0.2823,44.0806,50.8444,47.6566,3.1878,-1.1532,21084.5100,NA,NA,NA
Stalker2-Win64-Shipping.exe,13648,0x4E568280,DXGI,0,0,1,Hardware Composed: Independent Flip,21185.8322,NA,50.99050000000000,50.91060000000000,0.43670000000000,44.76200000000000,44.7842,21135.1240,51.1449,50.7082,0.4367,44.3110,51.1592,47.9970,3.1622,-0.2966,21135.1240,NA,NA,NA
Stalker2-Win64-Shipping.exe,13648,0x4E568280,DXGI,0,0,1,Hardware Composed: Independent Flip,21238.3597,NA,52.52750000000000,52.13970000000000,0.23390000000000,44.23780000000000,44.3964,21186.2689,52.3247,52.0908,0.2339,44.3253,52.0033,47.4235,4.5798,-0.9948,21186.2689,NA,NA,NA
Stalker2-Win64-Shipping.exe,13648,0x4E568280,DXGI,0,0,1,Hardware Composed: Independent Flip,21290.9582,NA,52.59850000000000,53.06640000000000,0.37630000000000,44.35760000000001,44.8643,21238.5936,52.7409,52.3646,0.3763,44.0039,52.7183,47.5575,5.1608,-0.7417,21238.5936,NA,NA,NA
Stalker2-Win64-Shipping.exe,13648,0x4E568280,DXGI,0,0,1,Hardware Composed: Independent Flip,21341.7070,NA,50.74880000000000,50.53690000000000,0.28620000000000,44.16660000000000,44.6524,21291.3345,50.6587,50.3725,0.2862,43.9813,50.5578,47.3540,3.2038,2.2040,21291.3345,NA,NA,NA
Stalker2-Win64-Shipping.exe,13648,0x4E568280,DXGI,0,0,1,Hardware Composed: Independent Flip,21394.5092,NA,52.80220000000000,52.17190000000000,0.25860000000000,43.95690000000000,44.0221,21341.9932,52.7746,52.5160,0.2586,43.8804,52.5925,47.2884,5.3041,-1.5132,21341.9932,NA,NA,NA
Stalker2-Win64-Shipping.exe,13648,0x4E568280,DXGI,0,0,1,Hardware Composed: Independent Flip,21446.3172,NA,51.80800000000000,53.77340000000000,0.27270000000000,44.58840000000000,45.9875,21394.7678,51.8221,51.5494,0.2727,43.6983,52.4395,47.7218,4.7177,-0.9988,21394.7678,NA,NA,NA
Stalker2-Win64-Shipping.exe,13648,0x4E568280,DXGI,0,0,1,Hardware Composed: Independent Flip,21497.1464,NA,50.82920000000000,49.44460000000000,0.32550000000000,44.58800000000000,44.6029,21446.5899,50.8820,50.5565,0.3255,44.3157,50.8288,47.9283,2.9005,2.3775,21446.5899,NA,NA,NA
Stalker2-Win64-Shipping.exe,13648,0x4E568280,DXGI,0,0,1,Hardware Composed: Independent Flip,21548.3056,NA,51.15920000000001,50.94310000000000,0.25700000000000,44.37190000000000,44.3868,21497.4719,51.0907,50.8337,0.2570,44.2625,50.9431,47.6640,3.2791,-0.0611,21497.4719,NA,NA,NA
Stalker2-Win64-Shipping.exe,13648,0x4E568280,DXGI,0,0,1,Hardware Composed: Independent Flip,21599.0687,NA,50.76310000000000,51.32850000000001,0.27710000000000,44.38740000000000,44.9522,21548.5626,50.7832,50.5061,0.2771,44.1149,50.7786,47.4766,3.3020,-0.2378,21548.5626,NA,NA,NA
Stalker2-Win64-Shipping.exe,13648,0x4E568280,DXGI,0,0,1,Hardware Composed: Independent Flip,21649.6993,NA,50.63060000000000,51.38560000000000,0.29380000000000,45.69230000000000,45.7072,21599.3458,50.6473,50.3535,0.2938,44.1103,51.9355,48.8123,3.1232,-0.6024,21599.3458,NA,NA,NA
Stalker2-Win64-Shipping.exe,13648,0x4E568280,DXGI,0,0,1,Hardware Composed: Independent Flip,21700.7529,NA,51.05360000000000,50.44080000000000,0.23340000000000,44.48720000000000,45.0944,21649.9931,50.9932,50.7598,0.2334,45.3985,49.8485,47.6450,2.2035,0.2065,21649.9931,NA,NA,NA
Stalker2-Win64-Shipping.exe,13648,0x4E568280,DXGI,0,0,1,Hardware Composed: Independent Flip,21751.8343,NA,51.08140000000000,50.50980000000001,0.27120000000000,44.50280000000000,44.5228,21700.9863,51.1192,50.8480,0.2712,44.2538,51.0970,48.4828,2.6142,0.4834,21700.9863,NA,NA,NA
Stalker2-Win64-Shipping.exe,13648,0x4E568280,DXGI,0,0,1,Hardware Composed: Independent Flip,21803.6445,NA,51.81020000000000,52.47880000000000,0.25290000000000,44.31140000000000,45.1914,21752.1055,51.7919,51.5390,0.2529,44.2316,51.6188,47.3941,4.2247,-1.3596,21752.1055,NA,NA,NA
Stalker2-Win64-Shipping.exe,13648,0x4E568280,DXGI,0,0,1,Hardware Composed: Independent Flip,21854.1866,NA,50.54210000000000,49.55100000000000,0.36330000000000,44.17270000000000,44.2003,21803.8974,50.6525,50.2892,0.3633,44.0585,50.4034,47.4024,3.0010,2.2409,21803.8974,NA,NA,NA
Stalker2-Win64-Shipping.exe,13648,0x4E568280,DXGI,0,0,1,Hardware Composed: Independent Flip,21906.4713,NA,52.28470000000000,52.60250000000000,0.28710000000000,44.50440000000000,44.5181,21854.5499,52.2085,51.9214,0.2871,43.8094,52.6164,47.6473,4.9691,-1.9500,21854.5499,NA,NA,NA
Stalker2-Win64-Shipping.exe,13648,0x4E568280,DXGI,0,0,1,Hardware Composed: Independent Flip,21958.2837,NA,51.81240000000000,53.12050000000000,0.26620000000000,44.29000000000000,45.8262,21906.7584,51.7915,51.5253,0.2662,44.2173,51.5980,47.4120,4.1860,-0.9120,21906.7584,NA,NA,NA
Stalker2-Win64-Shipping.exe,13648,0x4E568280,DXGI,0,0,1,Hardware Composed: Independent Flip,22010.6636,NA,52.37990000000000,50.80690000000001,0.26720000000000,44.23870000000000,44.2532,21958.5499,52.3809,52.1137,0.2672,44.0238,52.3286,47.6138,4.7148,0.9846,21958.5499,NA,NA,NA
Stalker2-Win64-Shipping.exe,13648,0x4E568280,DXGI,0,0,1,Hardware Composed: Independent Flip,22060.9938,NA,50.33020000000000,50.89250000000001,0.30550000000000,44.46560000000000,44.8155,22010.9308,50.3685,50.0630,0.3055,43.9715,50.5571,47.4964,3.0607,1.4884,22010.9308,NA,NA,NA
Stalker2-Win64-Shipping.exe,13648,0x4E568280,DXGI,0,0,1,Hardware Composed: Independent Flip,22111.5797,NA,50.58590000000000,49.78010000000000,0.27300000000000,43.98830000000000,44.0097,22061.2993,50.5534,50.2804,0.2730,44.1601,50.1086,47.1029,3.0057,0.5884,22061.2993,NA,NA,NA
Stalker2-Win64-Shipping.exe,13648,0x4E568280,DXGI,0,0,1,Hardware Composed: Independent Flip,22168.4175,NA,56.83780000000000,57.44640000000000,0.23910000000000,44.59840000000001,44.6183,22111.8527,56.8039,56.5648,0.2391,43.7153,57.4479,47.6574,9.7905,-6.8930,22111.8527,NA,NA,NA
Stalker2-Win64-Shipping.exe,13648,0x4E568280,DXGI,0,0,1,Hardware Composed: Independent Flip,22214.7166,NA,46.29910000000000,50.99640000000000,0.25190000000000,46.27510000000000,49.3156,22168.6566,46.3119,46.0600,0.2519,44.3593,47.9758,47.9611,0.0147,5.8075,22168.6566,NA,NA,NA
Stalker2-Win64-Shipping.exe,13648,0x4E568280,DXGI,0,0,1,Hardware Composed: Independent Flip,22265.4862,NA,50.76960000000000,46.85790000000000,0.26180000000000,45.39430000000000,45.4039,22214.9685,50.7795,50.5177,0.2618,46.0232,49.8888,48.6494,1.2394,-0.5460,22214.9685,NA,NA,NA
Stalker2-Win64-Shipping.exe,13648,0x4E568280,DXGI,0,0,1,Hardware Composed: Independent Flip,22316.6402,NA,51.15400000000000,51.58290000000000,0.25080000000000,43.95480000000000,45.8328,22265.7480,51.1430,50.8922,0.2508,45.1325,49.7145,47.1692,2.5453,-0.8034,22265.7480,NA,NA,NA
Stalker2-Win64-Shipping.exe,13648,0x4E568280,DXGI,0,0,1,Hardware Composed: Independent Flip,22367.3993,NA,50.75910000000000,49.02610000000000,0.27440000000000,44.08110000000000,44.0998,22316.8910,50.7827,50.5083,0.2744,43.7040,50.8854,47.4176,3.4678,2.1169,22316.8910,NA,NA,NA
Stalker2-Win64-Shipping.exe,13648,0x4E568280,DXGI,0,0,1,Hardware Composed: Independent Flip,22418.6809,NA,51.28160000000000,52.55570000000000,0.30140000000000,44.58130000000000,45.3739,22367.6737,51.3086,51.0072,0.3014,43.8067,51.7818,47.6207,4.1611,-1.7730,22367.6737,NA,NA,NA
Stalker2-Win64-Shipping.exe,13648,0x4E568280,DXGI,0,0,1,Hardware Composed: Independent Flip,22469.6401,NA,50.95920000000000,49.84660000000000,0.26570000000000,44.04910000000000,44.2613,22418.9823,50.9235,50.6578,0.2657,44.2799,50.4270,47.2272,3.1998,1.4620,22418.9823,NA,NA,NA
Stalker2-Win64-Shipping.exe,13648,0x4E568280,DXGI,0,0,1,Hardware Composed: Independent Flip,22521.2802,NA,51.64010000000000,51.54590000000000,0.28510000000000,44.13990000000000,44.1671,22469.9058,51.6595,51.3744,0.2851,43.7834,51.7309,47.4030,4.3279,-0.6224,22469.9058,NA,NA,NA
Stalker2-Win64-Shipping.exe,13648,0x4E568280,DXGI,0,0,1,Hardware Composed: Independent Flip,22573.6318,NA,52.35160000000000,54.17310000000001,0.29380000000000,44.85920000000000,45.9886,22521.5653,52.3603,52.0665,0.2938,43.8548,53.0709,48.0190,5.0519,-2.5136,22521.5653,NA,NA,NA
Stalker2-Win64-Shipping.exe,13648,0x4E568280,DXGI,0,0,1,Hardware Composed: Independent Flip,22625.2704,NA,51.63860000000000,50.10680000000000,0.33210000000000,44.10160000000000,44.4568,22573.9256,51.6769,51.3448,0.3321,44.5654,50.8810,47.3797,3.5013,2.2535,22573.9256,NA,NA,NA
Stalker2-Win64-Shipping.exe,13648,0x4E568280,DXGI,0,0,1,Hardware Composed: Independent Flip,22676.8257,NA,51.55530000000000,51.54980000000000,0.32780000000000,44.43640000000000,44.4513,22625.6025,51.5510,51.2232,0.3278,43.7695,51.8901,47.7329,4.1572,0.1271,22625.6025,NA,NA,NA
Stalker2-Win64-Shipping.exe,13648,0x4E568280,DXGI,0,0,1,Hardware Composed: Independent Flip,22726.4352,NA,49.60950000000000,50.33250000000000,0.24550000000000,43.99960000000000,45.1743,22677.1535,49.5272,49.2817,0.2455,44.1086,49.1727,47.1896,1.9831,1.2185,22677.1535,NA,NA,NA
Stalker2-Win64-Shipping.exe,13648,0x4E568280,DXGI,0,0,1,Hardware Composed: Independent Flip,22777.8842,NA,51.44900000000001,50.80070000000000,0.22930000000000,44.50850000000001,44.5260,22726.6807,51.4328,51.2035,0.2293,43.7541,51.9579,47.7405,4.2174,-1.2735,22726.6807,NA,NA,NA
Stalker2-Win64-Shipping.exe,13648,0x4E568280,DXGI,0,0,1,Hardware Composed: Independent Flip,22829.4063,NA,51.52210000000000,52.78520000000000,0.27470000000000,44.12570000000000,45.7891,22778.1135,51.5675,51.2928,0.2747,44.2792,51.1393,47.2047,3.9346,-1.3524,22778.1135,NA,NA,NA
Stalker2-Win64-Shipping.exe,13648,0x4E568280,DXGI,0,0,1,Hardware Composed: Independent Flip,22881.2026,NA,51.79630000000000,51.89280000000000,0.25440000000000,45.86940000000000,45.8856,22829.6810,51.7760,51.5216,0.2544,43.8510,53.5400,49.1132,4.4268,-0.3253,22829.6810,NA,NA,NA
Stalker2-Win64-Shipping.exe,13648,0x4E568280,DXGI,0,0,1,Hardware Composed: Independent Flip,22932.1509,NA,50.94830000000000,50.62710000000001,0.26260000000000,44.47780000000000,45.5644,22881.4570,50.9565,50.6939,0.2626,45.6150,49.5567,47.5316,2.0251,1.1489,22881.4570,NA,NA,NA
Stalker2-Win64-Shipping.exe,13648,0x4E568280,DXGI,0,0,1,Hardware Composed: Independent Flip,22984.0055,NA,51.85460000000000,50.66600000000000,0.28740000000000,44.35200000000000,44.3758,22932.4135,51.8794,51.5920,0.2874,44.2152,51.7288,47.6489,4.0799,0.2905,22932.4135,NA,NA,NA
Stalker2-Win64-Shipping.exe,13648,0x4E568280,DXGI,0,0,1,Hardware Composed: Independent Flip,23035.9254,NA,51.91990000000001,53.75770000000000,0.28440000000000,44.80590000000000,46.2136,22984.2929,51.9169,51.6325,0.2844,44.0646,52.3738,47.9869,4.3869,-1.8783,22984.2929,NA,NA,NA
Stalker2-Win64-Shipping.exe,13648,0x4E568280,DXGI,0,0,1,Hardware Composed: Independent Flip,23086.3810,NA,50.45560000000000,48.73720000000000,0.26900000000000,44.46760000000000,44.4952,23036.2098,50.4402,50.1712,0.2690,44.5215,50.1173,47.5967,2.5206,3.1797,23036.2098,NA,NA,NA
Stalker2-Win64-Shipping.exe,13648,0x4E568280,DXGI,0,0,1,Hardware Composed: Independent Flip,23138.8689,NA,52.48790000000000,53.27400000000000,0.30120000000000,45.25470000000000,45.2813,23086.6500,52.5201,52.2189,0.3012,44.1986,53.2750,48.5049,4.7701,-2.8338,23086.6500,NA,NA,NA
Stalker2-Win64-Shipping.exe,13648,0x4E568280,DXGI,0,0,1,Hardware Composed: Independent Flip,23190.3176,NA,51.44870000000000,52.61090000000000,0.25930000000000,44.13780000000000,46.4435,23139.1701,51.4068,51.1475,0.2593,44.9535,50.3318,47.4115,2.9203,-0.0908,23139.1701,NA,NA,NA
Stalker2-Win64-Shipping.exe,13648,0x4E568280,DXGI,0,0,1,Hardware Composed: Independent Flip,23243.0595,NA,52.74190000000000,50.08440000000000,0.29120000000000,43.76510000000000,43.7860,23190.5769,52.7738,52.4826,0.2912,43.8785,52.3692,47.2880,5.0812,1.3224,23190.5769,NA,NA,NA
Stalker2-Win64-Shipping.exe,13648,0x4E568280,DXGI,0,0,1,Hardware Composed: Independent Flip,23293.9970,NA,50.93750000000000,52.28820000000000,0.28110000000000,43.95610000000000,45.1367,23243.3507,50.9274,50.6463,0.2811,43.4739,51.1285,47.5555,3.5730,0.4856,23243.3507,NA,NA,NA
Stalker2-Win64-Shipping.exe,13648,0x4E568280,DXGI,0,0,1,Hardware Composed: Independent Flip,23344.8789,NA,50.88190000000000,50.39420000000000,0.31700000000000,44.61660000000001,44.6490,23294.2781,50.9178,50.6008,0.3170,43.6750,51.5424,47.7302,3.8122,0.5332,23294.2781,NA,NA,NA
Stalker2-Win64-Shipping.exe,13648,0x4E568280,DXGI,0,0,1,Hardware Composed: Independent Flip,23397.5700,NA,52.69110000000001,52.26480000000000,0.26230000000000,43.94540000000000,44.2227,23345.1959,52.6364,52.3741,0.2623,44.2996,52.0199,47.2484,4.7715,-1.3470,23345.1959,NA,NA,NA
Stalker2-Win64-Shipping.exe,13648,0x4E568280,DXGI,0,0,1,Hardware Composed: Independent Flip,23450.3232,NA,52.75320000000000,53.09650000000001,0.27000000000000,44.34470000000000,44.5660,23397.8323,52.7609,52.4909,0.2700,43.6831,53.1525,47.7003,5.4522,-0.4601,23397.8323,NA,NA,NA
Stalker2-Win64-Shipping.exe,13648,0x4E568280,DXGI,0,0,1,Hardware Composed: Independent Flip,23500.8125,NA,50.48930000000000,51.89230000000001,0.27640000000000,45.40550000000000,45.9690,23450.5932,50.4957,50.2193,0.2764,44.0747,51.5501,48.4992,3.0509,0.8686,23450.5932,NA,NA,NA
Stalker2-Win64-Shipping.exe,13648,0x4E568280,DXGI,0,0,1,Hardware Composed: Independent Flip,23551.9115,NA,51.09900000000000,49.99330000000000,0.25690000000000,44.84340000000000,44.8633,23501.0889,51.0795,50.8226,0.2569,45.1291,50.5369,47.9791,2.5578,0.5024,23501.0889,NA,NA,NA
Stalker2-Win64-Shipping.exe,13648,0x4E568280,DXGI,0,0,1,Hardware Composed: Independent Flip,23603.4953,NA,51.58380000000000,51.13560000000000,0.27740000000000,44.39200000000000,44.4151,23552.1684,51.6043,51.3269,0.2774,44.5865,51.1324,47.4245,3.7079,-0.0561,23552.1684,NA,NA,NA
Stalker2-Win64-Shipping.exe,13648,0x4E568280,DXGI,0,0,1,Hardware Composed: Independent Flip,23655.1258,NA,51.63050000000000,52.45860000000000,0.28360000000000,44.97470000000001,45.2432,23603.7727,51.6367,51.3531,0.2836,44.1146,52.2132,48.1938,4.0194,-0.8543,23603.7727,NA,NA,NA
Stalker2-Win64-Shipping.exe,13648,0x4E568280,DXGI,0,0,1,Hardware Composed: Independent Flip,23706.0067,NA,50.88090000000000,50.25820000000000,0.26050000000000,44.28410000000000,44.6205,23655.4094,50.8578,50.5973,0.2605,44.6911,50.1903,47.5070,2.6833,1.3785,23655.4094,NA,NA,NA
Stalker2-Win64-Shipping.exe,13648,0x4E568280,DXGI,0,0,1,Hardware Composed: Independent Flip,23758.3748,NA,52.36810000000001,52.01420000000000,0.26500000000000,44.24480000000001,44.2666,23706.2672,52.3726,52.1076,0.2650,44.0236,52.3288,47.5641,4.7647,-1.1564,23706.2672,NA,NA,NA
Stalker2-Win64-Shipping.exe,13648,0x4E568280,DXGI,0,0,1,Hardware Composed: Independent Flip,23809.9004,NA,51.52560000000000,52.62200000000000,0.29730000000000,44.03280000000000,45.3630,23758.6398,51.5579,51.2606,0.2973,43.9798,51.3136,47.2434,4.0702,-0.2494,23758.6398,NA,NA,NA
Stalker2-Win64-Shipping.exe,13648,0x4E568280,DXGI,0,0,1,Hardware Composed: Independent Flip,23861.8593,NA,51.95890000000000,50.82560000000000,0.28880000000000,44.21650000000000,44.2297,23810.1977,51.9504,51.6616,0.2888,43.7355,52.1426,47.5757,4.5669,0.7323,23810.1977,NA,NA,NA
Stalker2-Win64-Shipping.exe,13648,0x4E568280,DXGI,0,0,1,Hardware Composed: Independent Flip,23913.5720,NA,51.71270000000001,52.21390000000000,0.24870000000000,44.27280000000000,44.7309,23862.1481,51.6726,51.4239,0.2487,43.9277,51.7690,47.4344,4.3346,-0.2635,23862.1481,NA,NA,NA
Stalker2-Win64-Shipping.exe,13648,0x4E568280,DXGI,0,0,1,Hardware Composed: Independent Flip,23964.9345,NA,51.36250000000000,51.62330000000000,0.27710000000000,44.97680000000000,44.9917,23913.8207,51.3909,51.1138,0.2771,44.0241,52.0665,48.0702,3.9963,0.0493,23913.8207,NA,NA,NA
Stalker2-Win64-Shipping.exe,13648,0x4E568280,DXGI,0,0,1,Hardware Composed: Independent Flip,24016.4827,NA,51.54820000000000,50.68620000000000,0.34500000000000,43.96410000000000,44.1297,23965.2116,51.6161,51.2711,0.3450,44.6997,50.5355,47.2753,3.2602,0.7047,23965.2116,NA,NA,NA
Stalker2-Win64-Shipping.exe,13648,0x4E568280,DXGI,0,0,1,Hardware Composed: Independent Flip,24069.1146,NA,52.63190000000000,53.03690000000000,0.27820000000000,44.51950000000000,44.5347,24016.8277,52.5651,52.2869,0.2782,43.6191,53.1873,47.9457,5.2416,-1.4208,24016.8277,NA,NA,NA
Stalker2-Win64-Shipping.exe,13648,0x4E568280,DXGI,0,0,1,Hardware Composed: Independent Flip,24118.7303,NA,49.61570000000000,51.75740000000000,0.27530000000000,45.23840000000001,46.6764,24069.3928,49.6128,49.3375,0.2753,44.2413,50.3346,48.2864,2.0482,0.8077,24069.3928,NA,NA,NA
Stalker2-Win64-Shipping.exe,13648,0x4E568280,DXGI,0,0,1,Hardware Composed: Independent Flip,24170.1604,NA,51.43010000000000,49.36610000000000,0.26720000000000,44.59290000000000,44.6124,24119.0056,51.4220,51.1548,0.2672,44.9631,50.7846,47.7406,3.0440,0.2467,24119.0056,NA,NA,NA
Stalker2-Win64-Shipping.exe,13648,0x4E568280,DXGI,0,0,1,Hardware Composed: Independent Flip,24221.6552,NA,51.49480000000001,51.05610000000000,0.22870000000000,43.82320000000000,44.1737,24170.4276,51.4563,51.2276,0.2287,44.3257,50.7251,46.8090,3.9161,0.3659,24170.4276,NA,NA,NA
Stalker2-Win64-Shipping.exe,13648,0x4E568280,DXGI,0,0,1,Hardware Composed: Independent Flip,24273.6393,NA,51.98410000000001,52.66190000000000,0.25580000000000,44.83900000000000,44.8515,24221.8839,52.0112,51.7554,0.2558,43.5945,52.9999,48.9296,4.0703,-1.2056,24221.8839,NA,NA,NA
Stalker2-Win64-Shipping.exe,13648,0x4E568280,DXGI,0,0,1,Hardware Composed: Independent Flip,24324.8113,NA,51.17200000000000,51.69420000000000,0.26280000000000,44.13510000000000,45.3737,24273.8951,51.1790,50.9162,0.2628,44.5832,50.4681,47.3341,3.1340,0.3170,24273.8951,NA,NA,NA
Stalker2-Win64-Shipping.exe,13648,0x4E568280,DXGI,0,0,1,Hardware Composed: Independent Flip,24376.9641,NA,52.15280000000000,51.26670000000000,0.26810000000000,44.46650000000000,44.4876,24325.0741,52.1581,51.8900,0.2681,43.8723,52.4842,47.7283,4.7559,-0.0877,24325.0741,NA,NA,NA
Stalker2-Win64-Shipping.exe,13648,0x4E568280,DXGI,0,0,1,Hardware Composed: Independent Flip,24429.6767,NA,52.71260000000000,54.15470000000001,0.37660000000000,44.78440000000001,45.9297,24377.2322,52.8211,52.4445,0.3766,44.1984,53.0305,48.0280,5.0025,-1.9966,24377.2322,NA,NA,NA
Stalker2-Win64-Shipping.exe,13648,0x4E568280,DXGI,0,0,1,Hardware Composed: Independent Flip,24480.2003,NA,50.52360000000000,49.15300000000001,0.31450000000000,44.43100000000000,44.5591,24430.0533,50.4615,50.1470,0.3145,44.4078,50.1702,47.5979,2.5723,3.6681,24430.0533,NA,NA,NA
Stalker2-Win64-Shipping.exe,13648,0x4E568280,DXGI,0,0,1,Hardware Composed: Independent Flip,24532.0623,NA,51.86200000000000,51.58610000000000,0.29820000000000,44.26360000000000,44.2832,24480.5148,51.8457,51.5475,0.2982,44.1165,51.6946,47.4371,4.2575,-1.1246,24480.5148,NA,NA,NA
Stalker2-Win64-Shipping.exe,13648,0x4E568280,DXGI,0,0,1,Hardware Composed: Independent Flip,24584.1039,NA,52.04160000000000,56.07670000000000,0.25960000000000,46.71890000000000,48.3183,24532.3605,52.0030,51.7434,0.2596,43.9654,54.4969,49.9169,4.5800,-4.2310,24532.3605,NA,NA,NA
Stalker2-Win64-Shipping.exe,13648,0x4E568280,DXGI,0,0,1,Hardware Composed: Independent Flip,24634.8083,NA,50.70440000000000,47.11500000000000,0.25750000000000,44.00620000000000,44.7289,24584.3635,50.7023,50.4448,0.2575,46.4593,47.9917,47.5483,0.4434,4.8880,24584.3635,NA,NA,NA
Stalker2-Win64-Shipping.exe,13648,0x4E568280,DXGI,0,0,1,Hardware Composed: Independent Flip,24685.9314,NA,51.12310000000000,50.14280000000000,0.27640000000000,43.71550000000000,43.7486,24635.0658,51.1420,50.8656,0.2764,43.7487,50.8324,46.9075,3.9249,0.5595,24635.0658,NA,NA,NA
Stalker2-Win64-Shipping.exe,13648,0x4E568280,DXGI,0,0,1,Hardware Composed: Independent Flip,24737.3413,NA,51.40990000000000,56.38480000000001,0.25780000000000,46.04280000000000,48.7235,24686.2078,51.3913,51.1335,0.2578,43.4391,53.7372,49.2602,4.4770,-5.2428,24686.2078,NA,NA,NA
Stalker2-Win64-Shipping.exe,13648,0x4E568280,DXGI,0,0,1,Hardware Composed: Independent Flip,24789.4775,NA,52.13620000000000,47.56580000000000,0.25610000000000,44.08450000000001,44.1531,24737.5991,52.1345,51.8784,0.2561,45.7850,50.1779,47.2538,2.9241,3.8255,24737.5991,NA,NA,NA
Stalker2-Win64-Shipping.exe,13648,0x4E568280,DXGI,0,0,1,Hardware Composed: Independent Flip,24840.7387,NA,51.26120000000000,51.63030000000001,0.25850000000000,44.50130000000000,44.5222,24789.7336,51.2636,51.0051,0.2585,43.8284,51.6780,47.6729,4.0051,0.5042,24789.7336,NA,NA,NA
Stalker2-Win64-Shipping.exe,13648,0x4E568280,DXGI,0,0,1,Hardware Composed: Independent Flip,24892.6354,NA,51.89670000000000,53.74200000000000,0.27400000000000,44.19040000000000,46.3675,24840.9972,51.9122,51.6382,0.2740,44.2428,51.5858,47.3256,4.2602,-2.4784,24840.9972,NA,NA,NA
Stalker2-Win64-Shipping.exe,13648,0x4E568280,DXGI,0,0,1,Hardware Composed: Independent Flip,24943.8533,NA,51.21790000000000,49.49020000000000,0.26110000000000,44.61520000000000,44.6398,24892.9094,51.2050,50.9439,0.2611,43.9164,51.6427,47.8162,3.8265,2.4220,24892.9094,NA,NA,NA
Stalker2-Win64-Shipping.exe,13648,0x4E568280,DXGI,0,0,1,Hardware Composed: Independent Flip,24995.8830,NA,52.02970000000001,51.23630000000000,0.25020000000000,43.82710000000000,43.8464,24944.1144,52.0188,51.7686,0.2502,44.3541,51.2416,47.1483,4.0933,-0.0313,24944.1144,NA,NA,NA
Stalker2-Win64-Shipping.exe,13648,0x4E568280,DXGI,0,0,1,Hardware Composed: Independent Flip,25048.0387,NA,52.15570000000000,53.05730000000001,0.23930000000000,44.68230000000001,44.7480,24996.1332,52.1448,51.9055,0.2393,43.5769,53.0109,47.8941,5.1168,-1.0385,24996.1332,NA,NA,NA
Stalker2-Win64-Shipping.exe,13648,0x4E568280,DXGI,0,0,1,Hardware Composed: Independent Flip,25099.0680,NA,51.02930000000000,51.28990000000000,0.24370000000000,44.17040000000000,45.0086,25048.2780,51.0337,50.7900,0.2437,44.4430,50.5174,47.2762,3.2412,0.8549,25048.2780,NA,NA,NA
Stalker2-Win64-Shipping.exe,13648,0x4E568280,DXGI,0,0,1,Hardware Composed: Independent Flip,25152.0172,NA,52.94920000000000,52.00550000000000,0.26600000000000,44.04870000000000,44.0649,25099.3117,52.9715,52.7055,0.2660,43.9267,52.8275,47.3170,5.5105,-0.9718,25099.3117,NA,NA,NA
Stalker2-Win64-Shipping.exe,13648,0x4E568280,DXGI,0,0,1,Hardware Composed: Independent Flip,25202.1852,NA,50.16800000000000,51.70530000000000,0.33090000000000,44.26890000000000,45.6022,25152.2832,50.2329,49.9020,0.3309,43.7827,50.3882,47.3784,3.0098,1.2662,25152.2832,NA,NA,NA
Stalker2-Win64-Shipping.exe,13648,0x4E568280,DXGI,0,0,1,Hardware Composed: Independent Flip,25254.3450,NA,52.15980000000000,51.04380000000000,0.26110000000000,44.42210000000000,44.4862,25202.5161,52.0900,51.8289,0.2611,43.9380,52.3130,47.7888,4.5242,-0.8109,25202.5161,NA,NA,NA
Stalker2-Win64-Shipping.exe,13648,0x4E568280,DXGI,0,0,1,Hardware Composed: Independent Flip,25304.8673,NA,50.52230000000000,51.28890000000001,0.25920000000000,44.08520000000000,45.2528,25254.6061,50.5204,50.2612,0.2592,44.1610,50.1854,47.1735,3.0119,0.8011,25254.6061,NA,NA,NA
Stalker2-Win64-Shipping.exe,13648,0x4E568280,DXGI,0,0,1,Hardware Composed: Independent Flip,25356.4651,NA,51.59780000000000,51.53450000000000,0.23910000000000,45.17380000000000,45.1895,25305.1265,51.5777,51.3386,0.2391,43.8260,52.6864,48.4525,4.2339,-1.0141,25305.1265,NA,NA,NA
Stalker2-Win64-Shipping.exe,13648,0x4E568280,DXGI,0,0,1,Hardware Composed: Independent Flip,25407.9999,NA,51.53480000000000,52.01810000000000,0.31340000000000,44.23300000000000,45.6728,25356.7042,51.6091,51.2957,0.3134,44.9347,50.5940,47.2476,3.3464,-0.4404,25356.7042,NA,NA,NA
Stalker2-Win64-Shipping.exe,13648,0x4E568280,DXGI,0,0,1,Hardware Composed: Independent Flip,25458.8236,NA,50.82370000000000,49.72060000000000,0.24980000000000,44.55340000000000,44.5697,25408.3133,50.7601,50.5103,0.2498,43.9196,51.1441,47.6334,3.5107,1.8885,25408.3133,NA,NA,NA
Stalker2-Win64-Shipping.exe,13648,0x4E568280,DXGI,0,0,1,Hardware Composed: Independent Flip,25510.3588,NA,51.53520000000000,51.87210000000000,0.27330000000000,44.44850000000000,44.9066,25459.0734,51.5587,51.2854,0.2733,44.3036,51.4303,47.5647,3.8656,-1.1120,25459.0734,NA,NA,NA
Stalker2-Win64-Shipping.exe,13648,0x4E568280,DXGI,0,0,1,Hardware Composed: Independent Flip,25561.6937,NA,51.33490000000000,51.21630000000000,0.28180000000000,44.77160000000000,44.7880,25510.6321,51.3434,51.0616,0.2818,44.1752,51.6580,47.8810,3.7770,0.3424,25510.6321,NA,NA,NA
Stalker2-Win64-Shipping.exe,13648,0x4E568280,DXGI,0,0,1,Hardware Composed: Independent Flip,25613.3212,NA,51.62750000000000,51.00100000000000,0.27230000000000,44.08640000000000,44.1615,25561.9755,51.6180,51.3457,0.2723,44.4898,50.9423,47.1977,3.7446,0.3424,25561.9755,NA,NA,NA
Stalker2-Win64-Shipping.exe,13648,0x4E568280,DXGI,0,0,1,Hardware Composed: Independent Flip,25664.6678,NA,51.34660000000000,51.41500000000000,0.34060000000000,44.20900000000000,44.2299,25613.5935,51.4149,51.0743,0.3406,43.8141,51.4692,47.6268,3.8424,0.2030,25613.5935,NA,NA,NA
Stalker2-Win64-Shipping.exe,13648,0x4E568280,DXGI,0,0,1,Hardware Composed: Independent Flip,25715.9890,NA,51.32120000000000,51.59480000000000,0.25530000000000,44.17690000000000,44.5035,25665.0084,51.2359,50.9806,0.2553,43.8684,51.2891,47.2999,3.9892,-0.1799,25665.0084,NA,NA,NA
Stalker2-Win64-Shipping.exe,13648,0x4E568280,DXGI,0,0,1,Hardware Composed: Independent Flip,25767.6181,NA,51.62910000000000,51.93730000000000,0.27320000000000,44.79170000000000,44.8117,25716.2443,51.6470,51.3738,0.2732,43.9216,52.2439,48.0085,4.2354,-0.7014,25716.2443,NA,NA,NA
Stalker2-Win64-Shipping.exe,13648,0x4E568280,DXGI,0,0,1,Hardware Composed: Independent Flip,25819.0678,NA,51.44970000000000,51.28230000000000,0.25730000000000,44.23550000000000,44.6443,25767.8913,51.4338,51.1765,0.2573,44.5185,50.8935,47.2475,3.6460,0.3647,25767.8913,NA,NA,NA
Stalker2-Win64-Shipping.exe,13648,0x4E568280,DXGI,0,0,1,Hardware Composed: Independent Flip,25871.1350,NA,52.06720000000000,51.78370000000000,0.25410000000000,44.34720000000000,44.3608,25819.3251,52.0640,51.8099,0.2541,43.9782,52.1789,47.6959,4.4830,-0.3499,25819.3251,NA,NA,NA
Stalker2-Win64-Shipping.exe,13648,0x4E568280,DXGI,0,0,1,Hardware Composed: Independent Flip,25922.9704,NA,51.83540000000000,52.29260000000000,0.25800000000000,44.08450000000001,44.8180,25871.3891,51.8393,51.5813,0.2580,44.0931,51.5727,47.2657,4.3070,-0.2286,25871.3891,NA,NA,NA
Stalker2-Win64-Shipping.exe,13648,0x4E568280,DXGI,0,0,1,Hardware Composed: Independent Flip,25973.6019,NA,50.63150000000000,51.14790000000000,0.26780000000000,45.32010000000000,45.3344,25923.2284,50.6413,50.3735,0.2678,43.8265,51.8671,48.4902,3.3769,0.6914,25923.2284,NA,NA,NA
Stalker2-Win64-Shipping.exe,13648,0x4E568280,DXGI,0,0,1,Hardware Composed: Independent Flip,26024.9567,NA,51.35480000000000,50.29680000000000,0.26990000000000,44.11190000000001,44.2764,25973.8697,51.3569,51.0870,0.2699,45.0523,50.1466,47.2429,2.9037,0.3445,25973.8697,NA,NA,NA
Stalker2-Win64-Shipping.exe,13648,0x4E568280,DXGI,0,0,1,Hardware Composed: Independent Flip,26078.4007,NA,53.44400000000000,53.44310000000000,0.28010000000000,44.25880000000000,44.2755,26025.2266,53.4542,53.1741,0.2801,43.8420,53.5909,47.7719,5.8190,-2.0862,26025.2266,NA,NA,NA
Stalker2-Win64-Shipping.exe,13648,0x4E568280,DXGI,0,0,1,Hardware Composed: Independent Flip,26127.3939,NA,48.99320000000000,51.12930000000000,0.28360000000000,44.57570000000000,46.4116,26078.6808,48.9967,48.7131,0.2836,43.9787,49.3101,47.6827,1.6274,2.3249,26078.6808,NA,NA,NA
Stalker2-Win64-Shipping.exe,13648,0x4E568280,DXGI,0,0,1,Hardware Composed: Independent Flip,26178.4427,NA,51.04880000000000,48.81600000000000,0.27570000000000,44.14950000000000,44.1788,26127.6775,51.0409,50.7652,0.2757,44.2921,50.6226,47.2646,3.3580,0.1807,26127.6775,NA,NA,NA
Stalker2-Win64-Shipping.exe,13648,0x4E568280,DXGI,0,0,1,Hardware Composed: Independent Flip,26230.5562,NA,52.11350000000000,53.11940000000001,0.26190000000000,44.10900000000000,45.1847,26178.7184,52.0997,51.8378,0.2619,43.8738,52.0730,47.3307,4.7423,-2.0785,26178.7184,NA,NA,NA
Stalker2-Win64-Shipping.exe,13648,0x4E568280,DXGI,0,0,1,Hardware Composed: Independent Flip,26282.0821,NA,51.52590000000000,50.99480000000001,0.29800000000000,44.58770000000001,44.6536,26230.8181,51.5620,51.2640,0.2980,43.8471,52.0046,47.7117,4.2929,1.1049,26230.8181,NA,NA,NA
Stalker2-Win64-Shipping.exe,13648,0x4E568280,DXGI,0,0,1,Hardware Composed: Independent Flip,26333.1457,NA,51.06360000000000,51.00700000000001,0.27850000000000,44.57590000000000,44.5970,26282.3801,51.0441,50.7656,0.2785,44.2897,51.0518,47.7713,3.2805,0.5550,26282.3801,NA,NA,NA
Stalker2-Win64-Shipping.exe,13648,0x4E568280,DXGI,0,0,1,Hardware Composed: Independent Flip,26385.2009,NA,52.05520000000000,51.53970000000000,0.24720000000000,44.06460000000000,44.0815,26333.4242,52.0239,51.7767,0.2472,44.2974,51.5439,47.1714,4.3725,-0.4956,26333.4242,NA,NA,NA
Stalker2-Win64-Shipping.exe,13648,0x4E568280,DXGI,0,0,1,Hardware Composed: Independent Flip,26436.3799,NA,51.17900000000000,51.84440000000000,0.27240000000000,44.54570000000000,44.7469,26385.4481,51.2042,50.9318,0.2724,43.8174,51.6601,47.6171,4.0430,0.1795,26385.4481,NA,NA,NA
Stalker2-Win64-Shipping.exe,13648,0x4E568280,DXGI,0,0,1,Hardware Composed: Independent Flip,26488.0574,NA,51.67750000000000,51.02240000000000,0.28440000000000,44.01230000000000,44.0918,26436.6523,51.6895,51.4051,0.2844,44.2733,51.1441,47.2222,3.9219,0.1818,26436.6523,NA,NA,NA
Stalker2-Win64-Shipping.exe,13648,0x4E568280,DXGI,0,0,1,Hardware Composed: Independent Flip,26539.8412,NA,51.78380000000000,51.80240000000001,0.31390000000000,44.08230000000000,44.1104,26488.3418,51.8133,51.4994,0.3139,43.7279,51.8538,47.2199,4.6339,-0.1129,26488.3418,NA,NA,NA
Stalker2-Win64-Shipping.exe,13648,0x4E568280,DXGI,0,0,1,Hardware Composed: Independent Flip,26591.7701,NA,51.92890000000001,53.63770000000000,0.27770000000000,45.31900000000000,45.8192,26540.1551,51.8927,51.6150,0.2777,43.7684,53.1656,48.5430,4.6226,-1.8244,26540.1551,NA,NA,NA
Stalker2-Win64-Shipping.exe,13648,0x4E568280,DXGI,0,0,1,Hardware Composed: Independent Flip,26641.7920,NA,50.02190000000000,49.37580000000001,0.27790000000000,44.66380000000000,45.1731,26592.0478,50.0221,49.7442,0.2779,45.0413,49.3667,47.7949,1.5718,2.5169,26592.0478,NA,NA,NA
Stalker2-Win64-Shipping.exe,13648,0x4E568280,DXGI,0,0,1,Hardware Composed: Independent Flip,26693.6171,NA,51.82510000000000,51.23410000000001,0.27040000000000,44.56610000000000,44.5821,26642.0699,51.8176,51.5472,0.2704,44.3859,51.7274,47.7202,4.0072,-1.2120,26642.0699,NA,NA,NA
Stalker2-Win64-Shipping.exe,13648,0x4E568280,DXGI,0,0,1,Hardware Composed: Independent Flip,26744.5711,NA,50.95400000000000,52.28620000000000,0.25970000000000,44.11100000000000,45.9143,26693.8875,50.9433,50.6836,0.2597,44.2957,50.4989,47.2266,3.2723,-0.4686,26693.8875,NA,NA,NA
Stalker2-Win64-Shipping.exe,13648,0x4E568280,DXGI,0,0,1,Hardware Composed: Independent Flip,26796.3014,NA,51.73030000000000,49.97050000000000,0.30320000000000,44.13080000000000,44.1545,26744.8308,51.7738,51.4706,0.3032,43.8513,51.7501,47.3887,4.3614,0.9728,26744.8308,NA,NA,NA
Stalker2-Win64-Shipping.exe,13648,0x4E568280,DXGI,0,0,1,Hardware Composed: Independent Flip,26847.2069,NA,50.90550000000000,52.24190000000000,0.22810000000000,44.78100000000000,45.4909,26796.6046,50.8304,50.6023,0.2281,43.8276,51.5557,47.8975,3.6582,-0.4681,26796.6046,NA,NA,NA
Stalker2-Win64-Shipping.exe,13648,0x4E568280,DXGI,0,0,1,Hardware Composed: Independent Flip,26899.2361,NA,52.02920000000000,50.51670000000000,0.24900000000000,43.95570000000000,43.9784,26847.4350,52.0501,51.8011,0.2490,44.5529,51.2039,47.6799,3.5240,0.3137,26847.4350,NA,NA,NA
Stalker2-Win64-Shipping.exe,13648,0x4E568280,DXGI,0,0,1,Hardware Composed: Independent Flip,26951.4559,NA,52.21980000000000,52.96710000000000,0.28570000000000,44.66320000000000,44.7257,26899.4851,52.2565,51.9708,0.2857,43.7067,52.9273,47.8423,5.0850,-0.9170,26899.4851,NA,NA,NA
Stalker2-Win64-Shipping.exe,13648,0x4E568280,DXGI,0,0,1,Hardware Composed: Independent Flip,27002.0572,NA,50.60130000000000,50.87050000000000,0.25740000000000,43.92400000000000,44.9949,26951.7416,50.5730,50.3156,0.2574,44.3775,49.8621,47.0650,2.7971,1.3860,26951.7416,NA,NA,NA
Stalker2-Win64-Shipping.exe,13648,0x4E568280,DXGI,0,0,1,Hardware Composed: Independent Flip,27053.2519,NA,51.19470000000000,51.02260000000000,0.27830000000000,44.80670000000000,44.8228,27002.3146,51.2156,50.9373,0.2783,43.6666,52.0774,48.0646,4.0128,-0.4496,27002.3146,NA,NA,NA
Stalker2-Win64-Shipping.exe,13648,0x4E568280,DXGI,0,0,1,Hardware Composed: Independent Flip,27104.6483,NA,51.39640000000000,52.19600000000001,0.25760000000000,44.28970000000000,45.6224,27053.5302,51.3757,51.1181,0.2576,44.5284,50.8794,47.5213,3.3581,-0.9804,27053.5302,NA,NA,NA
Stalker2-Win64-Shipping.exe,13648,0x4E568280,DXGI,0,0,1,Hardware Composed: Independent Flip,27155.9914,NA,51.34310000000000,50.00290000000000,0.29250000000000,44.26370000000000,44.2822,27104.9059,51.3780,51.0855,0.2925,44.0321,51.3171,47.4453,3.8718,1.3728,27104.9059,NA,NA,NA
Stalker2-Win64-Shipping.exe,13648,0x4E568280,DXGI,0,0,1,Hardware Composed: Independent Flip,27207.2031,NA,51.21170000000000,52.62050000000000,0.23610000000000,45.40000000000001,45.6910,27156.2839,51.1553,50.9192,0.2361,43.9712,52.3480,48.4381,3.9099,-1.2425,27156.2839,NA,NA,NA
Stalker2-Win64-Shipping.exe,13648,0x4E568280,DXGI,0,0,1,Hardware Composed: Independent Flip,27258.5623,NA,51.35920000000000,50.61870000000000,0.25990000000000,44.58160000000000,44.9505,27207.4392,51.3830,51.1231,0.2599,45.1639,50.5408,47.6933,2.8475,0.5366,27207.4392,NA,NA,NA
Stalker2-Win64-Shipping.exe,13648,0x4E568280,DXGI,0,0,1,Hardware Composed: Independent Flip,27310.7048,NA,52.14250000000001,51.44550000000000,0.27430000000000,44.18860000000000,44.2535,27258.8222,52.1569,51.8826,0.2743,44.3217,51.7495,47.3890,4.3605,-0.0625,27258.8222,NA,NA,NA
Stalker2-Win64-Shipping.exe,13648,0x4E568280,DXGI,0,0,1,Hardware Composed: Independent Flip,27360.6694,NA,49.96460000000000,50.63190000000000,0.25350000000000,44.04470000000000,44.9208,27310.9791,49.9438,49.6903,0.2535,43.9143,49.8207,47.1984,2.6223,1.5250,27310.9791,NA,NA,NA
Stalker2-Win64-Shipping.exe,13648,0x4E568280,DXGI,0,0,1,Hardware Composed: Independent Flip,27412.0981,NA,51.42870000000000,51.13730000000000,0.26550000000000,44.60680000000000,44.6294,27360.9229,51.4407,51.1752,0.2655,43.7912,51.9908,47.8123,4.1785,-1.1935,27360.9229,NA,NA,NA
Stalker2-Win64-Shipping.exe,13648,0x4E568280,DXGI,0,0,1,Hardware Composed: Independent Flip,27464.0096,NA,51.91150000000000,53.40640000000000,0.26040000000000,44.78170000000000,46.1243,27412.3636,51.9064,51.6460,0.2604,44.3413,52.0864,48.0333,4.0531,-1.9657,27412.3636,NA,NA,NA
Stalker2-Win64-Shipping.exe,13648,0x4E568280,DXGI,0,0,1,Hardware Composed: Independent Flip,27515.2906,NA,51.28100000000001,49.81370000000000,0.27630000000000,44.63520000000000,44.6570,27464.2700,51.2969,51.0206,0.2763,44.5213,51.1345,47.6776,3.4569,2.0927,27464.2700,NA,NA,NA
Stalker2-Win64-Shipping.exe,13648,0x4E568280,DXGI,0,0,1,Hardware Composed: Independent Flip,27567.7973,NA,52.50670000000000,52.75260000000000,0.27700000000000,44.88860000000000,44.9029,27515.5669,52.5074,52.2304,0.2770,44.3589,52.7601,47.9123,4.8478,-1.4557,27515.5669,NA,NA,NA
Stalker2-Win64-Shipping.exe,13648,0x4E568280,DXGI,0,0,1,Hardware Composed: Independent Flip,27618.3980,NA,50.60070000000000,51.46890000000000,0.29550000000000,44.44590000000000,45.7711,27568.0743,50.6192,50.3237,0.2955,44.6116,50.1580,47.4850,2.6730,1.0385,27568.0743,NA,NA,NA
Stalker2-Win64-Shipping.exe,13648,0x4E568280,DXGI,0,0,1,Hardware Composed: Independent Flip,27669.1179,NA,50.71990000000000,49.57120000000000,0.35000000000000,44.59370000000001,44.6224,27618.6935,50.7744,50.4244,0.3500,44.1504,50.8677,47.7034,3.1643,1.0480,27618.6935,NA,NA,NA
Stalker2-Win64-Shipping.exe,13648,0x4E568280,DXGI,0,0,1,Hardware Composed: Independent Flip,27721.0825,NA,51.96460000000000,52.43600000000000,0.24790000000000,44.58040000000000,45.0938,27669.4679,51.8625,51.6146,0.2479,44.2437,51.9513,47.7047,4.2466,-1.6616,27669.4679,NA,NA,NA
Stalker2-Win64-Shipping.exe,13648,0x4E568280,DXGI,0,0,1,Hardware Composed: Independent Flip,27772.5712,NA,51.48870000000000,50.52850000000000,0.24140000000000,44.02230000000000,44.1336,27721.3304,51.4822,51.2408,0.2414,44.3325,50.9306,47.1360,3.7946,1.3340,27721.3304,NA,NA,NA
Stalker2-Win64-Shipping.exe,13648,0x4E568280,DXGI,0,0,1,Hardware Composed: Independent Flip,27823.8715,NA,51.30030000000000,52.62360000000000,0.27730000000000,45.44200000000000,45.4569,27772.8126,51.3362,51.0589,0.2773,43.7809,52.7200,48.6826,4.0374,-1.1414,27772.8126,NA,NA,NA
Stalker2-Win64-Shipping.exe,13648,0x4E568280,DXGI,0,0,1,Hardware Composed: Independent Flip,27875.1482,NA,51.27670000000001,51.05760000000000,0.26320000000000,44.04630000000000,45.2378,27824.1488,51.2626,50.9994,0.2632,45.1647,49.8810,47.0454,2.8356,0.2786,27824.1488,NA,NA,NA
Stalker2-Win64-Shipping.exe,13648,0x4E568280,DXGI,0,0,1,Hardware Composed: Independent Flip,27926.9948,NA,51.84660000000000,51.48420000000000,0.25140000000000,44.85490000000000,44.8754,27875.4114,51.8348,51.5834,0.2514,43.7831,52.6552,48.0764,4.5788,-0.2216,27875.4114,NA,NA,NA
Stalker2-Win64-Shipping.exe,13648,0x4E568280,DXGI,0,0,1,Hardware Composed: Independent Flip,27978.7910,NA,51.79620000000001,52.61460000000000,0.26970000000000,44.12590000000000,45.6938,27927.2462,51.8145,51.5448,0.2697,44.6035,51.0672,47.1648,3.9024,-0.7798,27927.2462,NA,NA,NA
Stalker2-Win64-Shipping.exe,13648,0x4E568280,DXGI,0,0,1,Hardware Composed: Independent Flip,28029.6741,NA,50.88310000000000,49.59670000000001,0.27100000000000,44.38540000000000,44.4074,27979.0607,50.8844,50.6134,0.2710,43.8562,51.1426,47.5955,3.5471,2.2178,27979.0607,NA,NA,NA
Stalker2-Win64-Shipping.exe,13648,0x4E568280,DXGI,0,0,1,Hardware Composed: Independent Flip,28081.9822,NA,52.30810000000000,52.45490000000000,0.26230000000000,44.39440000000000,44.5542,28029.9451,52.2994,52.0371,0.2623,44.1144,52.3171,47.7825,4.5346,-1.5705,28029.9451,NA,NA,NA
Stalker2-Win64-Shipping.exe,13648,0x4E568280,DXGI,0,0,1,Hardware Composed: Independent Flip,28133.1570,NA,51.17480000000000,51.45930000000000,0.25750000000000,44.35940000000000,44.8387,28082.2445,51.1700,50.9125,0.2575,44.1321,51.1398,48.0737,3.0661,0.8401,28082.2445,NA,NA,NA
Stalker2-Win64-Shipping.exe,13648,0x4E568280,DXGI,0,0,1,Hardware Composed: Independent Flip,28185.1207,NA,51.96370000000000,51.66070000000001,0.24930000000000,44.51750000000001,44.5357,28133.4145,51.9555,51.7062,0.2493,44.1019,52.1218,47.8098,4.3120,-0.4907,28133.4145,NA,NA,NA
Stalker2-Win64-Shipping.exe,13648,0x4E568280,DXGI,0,0,1,Hardware Composed: Independent Flip,28236.5824,NA,51.46170000000000,52.14500000000000,0.25040000000000,44.62950000000000,45.2190,28185.3700,51.4628,51.2124,0.2504,44.2682,51.5737,48.1899,3.3838,-0.1895,28185.3700,NA,NA,NA
Stalker2-Win64-Shipping.exe,13648,0x4E568280,DXGI,0,0,1,Hardware Composed: Independent Flip,28287.4754,NA,50.89300000000000,50.00840000000000,0.26140000000000,44.30540000000000,44.3344,28236.8328,50.9040,50.6426,0.2614,44.3791,50.5689,47.3994,3.1695,1.4544,28236.8328,NA,NA,NA
Stalker2-Win64-Shipping.exe,13648,0x4E568280,DXGI,0,0,1,Hardware Composed: Independent Flip,28339.0618,NA,51.58640000000000,51.59460000000000,0.27030000000000,44.31470000000000,44.3426,28287.7368,51.5953,51.3250,0.2703,44.0440,51.5957,47.5132,4.0825,-0.6906,28287.7368,NA,NA,NA
Stalker2-Win64-Shipping.exe,13648,0x4E568280,DXGI,0,0,1,Hardware Composed: Independent Flip,28392.1217,NA,53.05990000000001,53.18300000000000,0.28120000000000,43.81690000000000,44.4657,28339.3321,53.0708,52.7896,0.2812,44.0444,52.5621,47.1147,5.4474,-1.5877,28339.3321,NA,NA,NA
Stalker2-Win64-Shipping.exe,13648,0x4E568280,DXGI,0,0,1,Hardware Composed: Independent Flip,28441.3784,NA,49.25670000000000,50.71130000000000,0.24510000000000,45.63500000000001,45.9203,28392.4029,49.2206,48.9755,0.2451,43.5357,51.0748,48.7785,2.2963,2.3595,28392.4029,NA,NA,NA
Stalker2-Win64-Shipping.exe,13648,0x4E568280,DXGI,0,0,1,Hardware Composed: Independent Flip,28492.9685,NA,51.59010000000000,49.47900000000000,0.27190000000000,43.79060000000000,43.8092,28441.6235,51.6169,51.3450,0.2719,45.3899,49.7457,46.9167,2.8290,-0.2584,28441.6235,NA,NA,NA
Stalker2-Win64-Shipping.exe,13648,0x4E568280,DXGI,0,0,1,Hardware Composed: Independent Flip,28543.9855,NA,51.01700000000000,51.27620000000000,0.26630000000000,44.00180000000000,44.0684,28493.2404,51.0114,50.7451,0.2663,43.5187,51.2282,47.1822,4.0460,0.3407,28493.2404,NA,NA,NA
Stalker2-Win64-Shipping.exe,13648,0x4E568280,DXGI,0,0,1,Hardware Composed: Independent Flip,28596.5225,NA,52.53700000000000,53.09700000000000,0.29420000000000,44.19090000000000,44.6284,28544.2518,52.5649,52.2707,0.2942,43.7355,52.7261,47.4592,5.2669,-2.0856,28544.2518,NA,NA,NA
Stalker2-Win64-Shipping.exe,13648,0x4E568280,DXGI,0,0,1,Hardware Composed: Independent Flip,28646.3922,NA,49.86970000000000,50.08450000000001,0.27120000000000,44.21180000000000,44.8432,28596.8167,49.8467,49.5755,0.2712,43.8967,49.8906,47.2907,2.5999,2.4804,28596.8167,NA,NA,NA
Stalker2-Win64-Shipping.exe,13648,0x4E568280,DXGI,0,0,1,Hardware Composed: Independent Flip,28698.3695,NA,51.97730000000000,51.63560000000000,0.27660000000000,44.47350000000000,44.5015,28646.6634,51.9827,51.7061,0.2766,43.9406,52.2390,47.7435,4.4955,-1.7889,28646.6634,NA,NA,NA
Stalker2-Win64-Shipping.exe,13648,0x4E568280,DXGI,0,0,1,Hardware Composed: Independent Flip,28749.9365,NA,51.56700000000000,52.85970000000000,0.25400000000000,44.24950000000000,45.7942,28698.6461,51.5444,51.2904,0.2540,44.1969,51.3430,48.2673,3.0757,-0.8770,28698.6461,NA,NA,NA
Stalker2-Win64-Shipping.exe,13648,0x4E568280,DXGI,0,0,1,Hardware Composed: Independent Flip,28801.6837,NA,51.74720000000000,50.22500000000000,0.25580000000000,44.25650000000000,44.2720,28750.1905,51.7490,51.4932,0.2558,43.9955,51.7542,47.5202,4.2340,1.3194,28750.1905,NA,NA,NA
Stalker2-Win64-Shipping.exe,13648,0x4E568280,DXGI,0,0,1,Hardware Composed: Independent Flip,28852.3387,NA,50.65500000000000,50.75340000000000,0.27980000000000,44.14340000000000,44.3704,28801.9395,50.6790,50.3992,0.2798,44.0007,50.5419,47.3144,3.2275,0.9956,28801.9395,NA,NA,NA
Stalker2-Win64-Shipping.exe,13648,0x4E568280,DXGI,0,0,1,Hardware Composed: Independent Flip,28903.5993,NA,51.26060000000000,51.52510000000000,0.31040000000000,44.60520000000000,44.6349,28852.6185,51.2912,50.9808,0.3104,43.8636,51.7224,47.8881,3.8343,-0.8461,28852.6185,NA,NA,NA
Stalker2-Win64-Shipping.exe,13648,0x4E568280,DXGI,0,0,1,Hardware Composed: Independent Flip,28956.2106,NA,52.61130000000000,53.84480000000000,0.28400000000000,45.16210000000000,45.8684,28903.9097,52.5849,52.3009,0.2840,44.2948,53.1682,48.5892,4.5790,-2.5536,28903.9097,NA,NA,NA
Stalker2-Win64-Shipping.exe,13648,0x4E568280,DXGI,0,0,1,Hardware Composed: Independent Flip,29006.1226,NA,49.91200000000000,48.51500000000000,0.25780000000000,43.98680000000000,44.4714,28956.4946,49.8858,49.6280,0.2578,44.8781,48.7367,47.2023,1.5344,4.0699,28956.4946,NA,NA,NA
Stalker2-Win64-Shipping.exe,13648,0x4E568280,DXGI,0,0,1,Hardware Composed: Independent Flip,29056.6687,NA,50.54610000000000,51.89520000000000,0.27870000000000,45.75450000000000,45.8205,29006.3804,50.5670,50.2883,0.2787,43.7290,52.3138,48.8101,3.5037,-2.0094,29006.3804,NA,NA,NA
Stalker2-Win64-Shipping.exe,13648,0x4E568280,DXGI,0,0,1,Hardware Composed: Independent Flip,29107.5655,NA,50.89680000000000,52.00180000000000,0.27970000000000,44.35530000000000,46.9255,29056.9474,50.8978,50.6181,0.2797,45.4758,49.4976,47.4769,2.0207,-1.4348,29056.9474,NA,NA,NA
Stalker2-Win64-Shipping.exe,13648,0x4E568280,DXGI,0,0,1,Hardware Composed: Independent Flip,29158.7072,NA,51.14170000000000,49.50870000000000,0.28190000000000,45.27780000000000,45.2925,29107.8452,51.1439,50.8620,0.2819,44.0756,52.0642,48.5078,3.5564,1.3891,29107.8452,NA,NA,NA
Stalker2-Win64-Shipping.exe,13648,0x4E568280,DXGI,0,0,1,Hardware Composed: Independent Flip,29210.2456,NA,51.53840000000000,52.42620000000000,0.28930000000000,44.65630000000000,46.1803,29158.9891,51.5458,51.2565,0.2893,44.9959,50.9169,47.8803,3.0366,-1.2823,29158.9891,NA,NA,NA
Stalker2-Win64-Shipping.exe,13648,0x4E568280,DXGI,0,0,1,Hardware Composed: Independent Flip,29262.2790,NA,52.03340000000000,50.53260000000000,0.25650000000000,44.65980000000000,44.6795,29210.5349,52.0006,51.7441,0.2565,44.3670,52.0369,47.8115,4.2254,1.0132,29210.5349,NA,NA,NA
Stalker2-Win64-Shipping.exe,13648,0x4E568280,DXGI,0,0,1,Hardware Composed: Independent Flip,29313.8692,NA,51.59020000000000,51.93650000000000,0.29060000000000,44.45780000000000,45.0258,29262.5355,51.6243,51.3337,0.2906,44.4033,51.3882,47.5172,3.8710,0.0641,29262.5355,NA,NA,NA
Stalker2-Win64-Shipping.exe,13648,0x4E568280,DXGI,0,0,1,Hardware Composed: Independent Flip,29365.6332,NA,51.76400000000000,51.40260000000000,0.24930000000000,44.62350000000000,44.6644,29314.1598,51.7227,51.4734,0.2493,44.1672,51.9297,47.8097,4.1200,0.2217,29314.1598,NA,NA,NA
Stalker2-Win64-Shipping.exe,13648,0x4E568280,DXGI,0,0,1,Hardware Composed: Independent Flip,29417.5478,NA,51.91460000000000,51.58330000000000,0.27230000000000,44.05690000000000,44.3331,29365.8825,51.9376,51.6653,0.2723,44.3742,51.3480,47.2220,4.1260,0.1394,29365.8825,NA,NA,NA
Stalker2-Win64-Shipping.exe,13648,0x4E568280,DXGI,0,0,1,Hardware Composed: Independent Flip,29469.4034,NA,51.85560000000000,52.02830000000000,0.31320000000000,44.48470000000000,44.5058,29417.8201,51.8965,51.5833,0.3132,43.7846,52.2834,47.8996,4.3838,-0.0907,29417.8201,NA,NA,NA
Stalker2-Win64-Shipping.exe,13648,0x4E568280,DXGI,0,0,1,Hardware Composed: Independent Flip,29521.0945,NA,51.69110000000001,51.57380000000001,0.27750000000000,43.96070000000000,44.3885,29469.7166,51.6554,51.3779,0.2775,44.1715,51.1671,47.0986,4.0685,0.3227,29469.7166,NA,NA,NA
Stalker2-Win64-Shipping.exe,13648,0x4E568280,DXGI,0,0,1,Hardware Composed: Independent Flip,29573.1766,NA,52.08210000000000,53.96360000000000,0.28920000000000,46.24460000000001,46.2700,29521.3720,52.0938,51.8046,0.2892,43.6832,54.3660,49.5725,4.7935,-2.3082,29521.3720,NA,NA,NA
Stalker2-Win64-Shipping.exe,13648,0x4E568280,DXGI,0,0,1,Hardware Composed: Independent Flip,29623.8490,NA,50.67240000000000,50.37350000000000,0.26040000000000,44.47590000000000,45.9711,29573.4658,50.6436,50.3832,0.2604,45.9554,48.9037,47.5719,1.3318,1.7203,29573.4658,NA,NA,NA
Stalker2-Win64-Shipping.exe,13648,0x4E568280,DXGI,0,0,1,Hardware Composed: Independent Flip,29675.6153,NA,51.76630000000000,51.49920000000000,0.25860000000000,45.68830000000001,45.7040,29624.1094,51.7645,51.5059,0.2586,44.2155,52.9787,48.9226,4.0561,-0.8556,29624.1094,NA,NA,NA
Stalker2-Win64-Shipping.exe,13648,0x4E568280,DXGI,0,0,1,Hardware Composed: Independent Flip,29726.6886,NA,51.07330000000000,52.29410000000000,0.27020000000000,44.39770000000000,46.9248,29675.8739,51.0849,50.8147,0.2702,45.4297,49.7827,47.5279,2.2548,-0.5296,29675.8739,NA,NA,NA
Stalker2-Win64-Shipping.exe,13648,0x4E568280,DXGI,0,0,1,Hardware Composed: Independent Flip,29777.2980,NA,50.60940000000000,47.87230000000000,0.31390000000000,44.15950000000000,44.1877,29726.9588,50.6531,50.3392,0.3139,44.1275,50.3712,47.1695,3.2017,3.2126,29726.9588,NA,NA,NA
Stalker2-Win64-Shipping.exe,13648,0x4E568280,DXGI,0,0,1,Hardware Composed: Independent Flip,29829.8541,NA,52.55610000000000,53.85410000000000,0.28180000000000,44.84260000000000,45.4857,29777.6119,52.5240,52.2422,0.2818,43.8456,53.2392,48.0341,5.2051,-3.2010,29777.6119,NA,NA,NA
Stalker2-Win64-Shipping.exe,13648,0x4E568280,DXGI,0,0,1,Hardware Composed: Independent Flip,29880.8337,NA,50.97960000000000,50.66650000000000,0.29390000000000,44.33960000000000,45.1726,29830.1359,50.9917,50.6978,0.2939,44.5608,50.4766,47.4204,3.0562,1.8575,29830.1359,NA,NA,NA
