Application,ProcessID,SwapChainAddress,PresentRuntime,SyncInterval,PresentFlags,AllowsTearing,PresentMode,TimeInMs,MsBetweenSimulationStart,MsBetweenPresents,MsBetweenDisplayChange,MsInPresentAPI,MsRenderPresentLatency,MsUntilDisplayed,CPUStartTimeInMs,MsBetweenAppStart,MsCPUBusy,MsCPUWait,MsGPULatency,MsGPUTime,MsGPUBusy,MsGPUWait,MsAnimationError,AnimationTime,MsFlipDelay,MsAllInputToPhotonLatency,MsClickToPhotonLatency
Stalker2-Win64-Shipping.exe,5640,0x4DD1D780,DXGI,0,0,1,Hardware Composed: Independent Flip,172.4224,NA,51.82820000000000,52.48840000000001,0.26640000000000,45.37220000000000,47.5154,120.8656,51.8232,51.5568,0.2664,46.5579,50.3711,48.5144,1.8567,NA,120.8656,NA,NA,NA
Stalker2-Win64-Shipping.exe,5640,0x4DD1D780,DXGI,0,0,1,Hardware Composed: Independent Flip,224.5828,NA,52.16040000000000,49.23540000000001,0.24730000000000,44.56260000000000,44.5904,172.6888,52.1413,51.8940,0.2473,45.1058,51.3508,47.7785,3.5723,2.5878,172.6888,NA,NA,NA
Stalker2-Win64-Shipping.exe,5640,0x4DD1D780,DXGI,0,0,1,Hardware Composed: Independent Flip,276.9234,NA,52.34060000000000,53.16880000000000,0.23470000000000,44.87490000000000,45.4186,224.8301,52.3280,52.0933,0.2347,44.3153,52.6529,47.9976,4.6553,-1.0275,224.8301,NA,NA,NA
Stalker2-Win64-Shipping.exe,5640,0x4DD1D780,DXGI,0,0,1,Hardware Composed: Independent Flip,331.3346,NA,54.41120000000000,53.97600000000000,0.26080000000000,44.36630000000000,44.9834,277.1581,54.4373,54.1765,0.2608,44.6402,53.9026,47.9513,5.9513,-1.6480,277.1581,NA,NA,NA
Stalker2-Win64-Shipping.exe,5640,0x4DD1D780,DXGI,0,0,1,Hardware Composed: Independent Flip,385.9808,NA,54.64620000000000,54.72150000000001,0.24930000000000,44.50690000000000,45.0587,331.5954,54.6347,54.3854,0.2493,44.1055,54.7868,48.0315,6.7553,-0.2842,331.5954,NA,NA,NA
Stalker2-Win64-Shipping.exe,5640,0x4DD1D780,DXGI,0,0,1,Hardware Composed: Independent Flip,438.5758,NA,52.59500000000001,53.41140000000000,0.31020000000000,45.14490000000000,45.8751,386.2301,52.6559,52.3457,0.3102,44.2576,53.2330,48.5511,4.6819,1.2233,386.2301,NA,NA,NA
Stalker2-Win64-Shipping.exe,5640,0x4DD1D780,DXGI,0,0,1,Hardware Composed: Independent Flip,490.4310,NA,51.85520000000000,51.04450000000000,0.25910000000000,45.04900000000000,45.0644,438.8860,51.8041,51.5450,0.2591,44.8347,51.7593,48.1327,3.6266,1.6114,438.8860,NA,NA,NA
Stalker2-Win64-Shipping.exe,5640,0x4DD1D780,DXGI,0,0,1,Hardware Composed: Independent Flip,542.1861,NA,51.75510000000001,51.38840000000000,0.26610000000000,44.68010000000000,44.6977,490.6901,51.7621,51.4960,0.2661,44.7899,51.3862,47.7476,3.6386,0.4157,490.6901,NA,NA,NA
Stalker2-Win64-Shipping.exe,5640,0x4DD1D780,DXGI,0,0,1,Hardware Composed: Independent Flip,594.4743,NA,52.28820000000000,52.46590000000000,0.26670000000000,44.86410000000000,44.8754,542.4522,52.2888,52.0221,0.2667,44.4140,52.4722,48.5364,3.9358,-0.7038,542.4522,NA,NA,NA
Stalker2-Win64-Shipping.exe,5640,0x4DD1D780,DXGI,0,0,1,Hardware Composed: Independent Flip,645.2225,NA,50.74820000000000,50.70660000000000,0.25100000000000,44.63090000000000,44.8338,594.7410,50.7325,50.4815,0.2510,44.5974,50.5150,47.9452,2.5698,1.5822,594.7410,NA,NA,NA
Stalker2-Win64-Shipping.exe,5640,0x4DD1D780,DXGI,0,0,1,Hardware Composed: Independent Flip,696.1708,NA,50.94830000000000,52.17850000000000,0.24190000000000,46.05130000000000,46.0640,645.4735,50.9392,50.6973,0.2419,44.3799,52.3687,49.1480,3.2207,-1.4460,645.4735,NA,NA,NA
Stalker2-Win64-Shipping.exe,5640,0x4DD1D780,DXGI,0,0,1,Hardware Composed: Independent Flip,747.7365,NA,51.56570000000000,50.91340000000000,0.24110000000000,44.30460000000000,45.4117,696.4127,51.5649,51.3238,0.2411,45.8094,49.8190,47.7470,2.0720,0.0258,696.4127,NA,NA,NA
Stalker2-Win64-Shipping.exe,5640,0x4DD1D780,DXGI,0,0,1,Hardware Composed: Independent Flip,799.2068,NA,51.47030000000000,50.77850000000000,0.26280000000000,44.70620000000000,44.7199,747.9776,51.4920,51.2292,0.2628,44.0635,51.8719,48.2743,3.5976,0.7864,747.9776,NA,NA,NA
Stalker2-Win64-Shipping.exe,5640,0x4DD1D780,DXGI,0,0,1,Hardware Composed: Independent Flip,849.6934,NA,50.48660000000000,51.42340000000000,0.24020000000000,44.41550000000000,45.6567,799.4696,50.4640,50.2238,0.2402,44.4434,50.1959,48.0870,2.1089,0.0686,799.4696,NA,NA,NA
Stalker2-Win64-Shipping.exe,5640,0x4DD1D780,DXGI,0,0,1,Hardware Composed: Independent Flip,901.2867,NA,51.59330000000000,50.52180000000000,0.25900000000000,44.56220000000000,44.5852,849.9336,51.6121,51.3531,0.2590,44.1753,51.7400,48.2012,3.5388,-0.0578,849.9336,NA,NA,NA
Stalker2-Win64-Shipping.exe,5640,0x4DD1D780,DXGI,0,0,1,Hardware Composed: Independent Flip,952.4746,NA,51.18790000000000,52.53760000000000,0.26440000000000,44.99380000000000,45.9349,901.5457,51.1933,50.9289,0.2644,44.3032,51.6195,47.9842,3.6353,-0.9255,901.5457,NA,NA,NA
Stalker2-Win64-Shipping.exe,5640,0x4DD1D780,DXGI,0,0,1,Hardware Composed: Independent Flip,1005.2282,NA,52.75360000000001,51.02530000000000,0.33180000000000,44.19220000000000,44.2066,952.7390,52.8210,52.4892,0.3318,44.7294,51.9520,47.5932,4.3588,0.1680,952.7390,NA,NA,NA
Stalker2-Win64-Shipping.exe,5640,0x4DD1D780,DXGI,0,0,1,Hardware Composed: Independent Flip,1055.2965,NA,50.06830000000000,50.86480000000000,0.26280000000000,44.89350000000000,45.0031,1005.5600,49.9993,49.7365,0.2628,43.8604,50.7696,47.9652,2.8044,1.9562,1005.5600,NA,NA,NA
Stalker2-Win64-Shipping.exe,5640,0x4DD1D780,DXGI,0,0,1,Hardware Composed: Independent Flip,1106.5871,NA,51.29060000000000,51.59070000000001,0.25210000000000,45.28540000000000,45.3032,1055.5593,51.2799,51.0278,0.2521,44.6307,51.6825,48.8384,2.8441,-1.5914,1055.5593,NA,NA,NA
Stalker2-Win64-Shipping.exe,5640,0x4DD1D780,DXGI,0,0,1,Hardware Composed: Independent Flip,1156.9196,NA,50.33250000000000,50.70400000000000,0.27520000000000,45.13690000000000,45.6747,1106.8392,50.3556,50.0804,0.2752,45.0333,50.1840,48.2107,1.9733,0.5759,1106.8392,NA,NA,NA
Stalker2-Win64-Shipping.exe,5640,0x4DD1D780,DXGI,0,0,1,Hardware Composed: Independent Flip,1208.1061,NA,51.18650000000000,50.86400000000000,0.24920000000000,45.33760000000000,45.3522,1157.1948,51.1605,50.9113,0.2492,44.8617,51.3872,48.6548,2.7324,-0.5084,1157.1948,NA,NA,NA
Stalker2-Win64-Shipping.exe,5640,0x4DD1D780,DXGI,0,0,1,Hardware Composed: Independent Flip,1259.3202,NA,51.21410000000000,50.82670000000000,0.24160000000000,44.24730000000000,44.9648,1208.3553,51.2065,50.9649,0.2416,45.0884,50.1238,48.2020,1.9218,0.3338,1208.3553,NA,NA,NA
Stalker2-Win64-Shipping.exe,5640,0x4DD1D780,DXGI,0,0,1,Hardware Composed: Independent Flip,1310.4957,NA,51.17550000000000,51.97910000000000,0.25310000000000,45.75030000000000,45.7684,1259.5618,51.1870,50.9339,0.2531,44.0057,52.6785,49.3597,3.3188,-0.7726,1259.5618,NA,NA,NA
Stalker2-Win64-Shipping.exe,5640,0x4DD1D780,DXGI,0,0,1,Hardware Composed: Independent Flip,1361.0995,NA,50.60380000000000,51.28900000000000,0.23820000000000,45.07810000000000,46.4536,1310.7488,50.5889,50.3507,0.2382,45.4972,49.9316,48.7828,1.1488,-0.1020,1310.7488,NA,NA,NA
Stalker2-Win64-Shipping.exe,5640,0x4DD1D780,DXGI,0,0,1,Hardware Composed: Independent Flip,1412.7355,NA,51.63600000000000,50.22180000000000,0.26420000000000,44.99400000000000,45.0394,1361.3377,51.6620,51.3978,0.2642,44.8399,51.5519,48.3805,3.1714,0.3671,1361.3377,NA,NA,NA
Stalker2-Win64-Shipping.exe,5640,0x4DD1D780,DXGI,0,0,1,Hardware Composed: Independent Flip,1464.8927,NA,52.15720000000000,53.06930000000001,0.24300000000000,44.99280000000000,45.9515,1412.9997,52.1360,51.8930,0.2430,44.7298,52.1560,48.3449,3.8111,-1.4073,1412.9997,NA,NA,NA
Stalker2-Win64-Shipping.exe,5640,0x4DD1D780,DXGI,0,0,1,Hardware Composed: Independent Flip,1515.6498,NA,50.75710000000000,50.01430000000001,0.27260000000000,45.19420000000000,45.2087,1465.1357,50.7867,50.5141,0.2726,44.7498,50.9585,48.3335,2.6250,2.1217,1465.1357,NA,NA,NA
Stalker2-Win64-Shipping.exe,5640,0x4DD1D780,DXGI,0,0,1,Hardware Composed: Independent Flip,1567.1179,NA,51.46810000000000,51.50240000000000,0.24790000000000,45.22640000000001,45.2430,1515.9224,51.4434,51.1955,0.2479,44.9216,51.5003,48.3939,3.1064,-0.7157,1515.9224,NA,NA,NA
Stalker2-Win64-Shipping.exe,5640,0x4DD1D780,DXGI,0,0,1,Hardware Composed: Independent Flip,1619.1338,NA,52.01590000000000,52.44350000000000,0.27550000000000,44.86440000000000,45.6706,1567.3658,52.0435,51.7680,0.2755,44.9785,51.6539,48.0249,3.6290,-1.0001,1567.3658,NA,NA,NA
Stalker2-Win64-Shipping.exe,5640,0x4DD1D780,DXGI,0,0,1,Hardware Composed: Independent Flip,1670.2395,NA,51.10570000000001,51.02640000000000,0.26660000000000,45.52590000000000,45.5913,1619.4093,51.0968,50.8302,0.2666,44.5889,51.7672,48.6660,3.1012,1.0171,1619.4093,NA,NA,NA
Stalker2-Win64-Shipping.exe,5640,0x4DD1D780,DXGI,0,0,1,Hardware Composed: Independent Flip,1722.1243,NA,51.88480000000001,51.33780000000000,0.22750000000000,44.97530000000000,45.0443,1670.5061,51.8457,51.6182,0.2275,45.2593,51.3342,48.0943,3.2399,-0.2410,1670.5061,NA,NA,NA
Stalker2-Win64-Shipping.exe,5640,0x4DD1D780,DXGI,0,0,1,Hardware Composed: Independent Flip,1773.6580,NA,51.53370000000000,51.10240000000000,0.25360000000000,44.59070000000001,44.6130,1722.3518,51.5598,51.3062,0.2536,44.7478,51.1491,48.5303,2.6188,0.7433,1722.3518,NA,NA,NA
Stalker2-Win64-Shipping.exe,5640,0x4DD1D780,DXGI,0,0,1,Hardware Composed: Independent Flip,1825.0133,NA,51.35530000000000,51.88050000000000,0.23520000000000,45.12450000000000,45.1382,1773.9116,51.3369,51.1017,0.2352,44.3371,51.8891,48.8415,3.0476,-0.3207,1773.9116,NA,NA,NA
Stalker2-Win64-Shipping.exe,5640,0x4DD1D780,DXGI,0,0,1,Hardware Composed: Independent Flip,1876.2097,NA,51.19640000000000,51.33580000000000,0.29270000000000,44.94760000000000,45.2776,1825.2485,51.2539,50.9612,0.2927,44.8893,51.0195,48.2435,2.7760,0.0011,1825.2485,NA,NA,NA
Stalker2-Win64-Shipping.exe,5640,0x4DD1D780,DXGI,0,0,1,Hardware Composed: Independent Flip,1927.5657,NA,51.35600000000000,51.54030000000000,0.23820000000000,45.44510000000000,45.4619,1876.5024,51.3015,51.0633,0.2382,44.6549,51.8535,48.9129,2.9406,-0.2864,1876.5024,NA,NA,NA
Stalker2-Win64-Shipping.exe,5640,0x4DD1D780,DXGI,0,0,1,Hardware Composed: Independent Flip,1979.2899,NA,51.72420000000000,51.40360000000000,0.26150000000000,44.66080000000000,45.1413,1927.8039,51.7475,51.4860,0.2615,45.2069,50.9399,48.3139,2.6260,-0.1021,1927.8039,NA,NA,NA
Stalker2-Win64-Shipping.exe,5640,0x4DD1D780,DXGI,0,0,1,Hardware Composed: Independent Flip,2030.6550,NA,51.36510000000001,50.79760000000000,0.26070000000000,44.55540000000000,44.5738,1979.5514,51.3643,51.1036,0.2607,44.3993,51.2597,47.6622,3.5975,0.9499,1979.5514,NA,NA,NA
Stalker2-Win64-Shipping.exe,5640,0x4DD1D780,DXGI,0,0,1,Hardware Composed: Independent Flip,2081.9846,NA,51.32960000000000,52.07390000000000,0.24340000000000,45.07710000000000,45.3181,2030.9157,51.3123,51.0689,0.2434,44.2947,51.8513,48.1697,3.6816,-0.7096,2030.9157,NA,NA,NA
Stalker2-Win64-Shipping.exe,5640,0x4DD1D780,DXGI,0,0,1,Hardware Composed: Independent Flip,2134.0340,NA,52.04940000000001,51.88810000000000,0.26010000000000,44.95720000000000,45.1568,2082.2280,52.0661,51.8060,0.2601,44.8337,51.9295,48.1517,3.7778,-0.5758,2082.2280,NA,NA,NA
Stalker2-Win64-Shipping.exe,5640,0x4DD1D780,DXGI,0,0,1,Hardware Composed: Independent Flip,2185.8522,NA,51.81820000000000,52.07610000000000,0.26850000000000,45.33010000000000,45.4147,2134.2941,51.8266,51.5581,0.2685,44.6971,52.1911,48.5194,3.6717,-0.0100,2134.2941,NA,NA,NA
Stalker2-Win64-Shipping.exe,5640,0x4DD1D780,DXGI,0,0,1,Hardware Composed: Independent Flip,2237.4034,NA,51.55120000000000,51.05790000000000,0.22080000000000,44.77900000000000,44.9214,2186.1207,51.5035,51.2827,0.2208,45.0616,51.0001,47.9250,3.0751,0.7687,2186.1207,NA,NA,NA
Stalker2-Win64-Shipping.exe,5640,0x4DD1D780,DXGI,0,0,1,Hardware Composed: Independent Flip,2289.3946,NA,51.99120000000000,51.22190000000001,0.25840000000000,44.10890000000001,44.1521,2237.6242,52.0288,51.7704,0.2584,44.5582,51.3211,47.8250,3.4961,0.2816,2237.6242,NA,NA,NA
Stalker2-Win64-Shipping.exe,5640,0x4DD1D780,DXGI,0,0,1,Hardware Composed: Independent Flip,2340.3604,NA,50.96580000000000,51.59230000000000,0.26360000000000,44.42150000000000,44.7786,2289.6530,50.9710,50.7074,0.2636,43.8505,51.2784,47.8929,3.3855,0.4365,2289.6530,NA,NA,NA
Stalker2-Win64-Shipping.exe,5640,0x4DD1D780,DXGI,0,0,1,Hardware Composed: Independent Flip,2391.7024,NA,51.34200000000001,51.81810000000000,0.25690000000000,45.23740000000000,45.2547,2340.6240,51.3353,51.0784,0.2569,44.1579,52.1579,48.7796,3.3783,-0.8471,2340.6240,NA,NA,NA
Stalker2-Win64-Shipping.exe,5640,0x4DD1D780,DXGI,0,0,1,Hardware Composed: Independent Flip,2443.3170,NA,51.61460000000000,51.56070000000000,0.25330000000000,44.80010000000000,45.2008,2391.9593,51.6110,51.3577,0.2533,44.9805,51.1773,48.0891,3.0882,-0.2254,2391.9593,NA,NA,NA
Stalker2-Win64-Shipping.exe,5640,0x4DD1D780,DXGI,0,0,1,Hardware Composed: Independent Flip,2494.7369,NA,51.41990000000001,51.71660000000000,0.26470000000000,45.46980000000000,45.4975,2443.5703,51.4313,51.1666,0.2647,44.5468,52.0896,48.6323,3.4573,-0.1056,2443.5703,NA,NA,NA
Stalker2-Win64-Shipping.exe,5640,0x4DD1D780,DXGI,0,0,1,Hardware Composed: Independent Flip,2545.8061,NA,51.06920000000000,52.02890000000000,0.27270000000000,45.93430000000000,46.4572,2495.0016,51.0772,50.8045,0.2727,45.2051,51.5337,49.0077,2.5260,-0.5976,2495.0016,NA,NA,NA
Stalker2-Win64-Shipping.exe,5640,0x4DD1D780,DXGI,0,0,1,Hardware Composed: Independent Flip,2596.6177,NA,50.81160000000001,49.92340000000000,0.24710000000000,45.54650000000000,45.5690,2546.0788,50.7860,50.5389,0.2471,45.6616,50.4238,48.6765,1.7473,1.1538,2546.0788,NA,NA,NA
Stalker2-Win64-Shipping.exe,5640,0x4DD1D780,DXGI,0,0,1,Hardware Composed: Independent Flip,2648.5722,NA,51.95450000000000,51.67470000000000,0.25900000000000,45.27560000000000,45.2892,2596.8648,51.9664,51.7074,0.2590,45.2994,51.6836,48.5737,3.1099,-0.8887,2596.8648,NA,NA,NA
Stalker2-Win64-Shipping.exe,5640,0x4DD1D780,DXGI,0,0,1,Hardware Composed: Independent Flip,2699.6795,NA,51.10730000000000,51.70600000000000,0.28250000000000,45.16100000000000,45.8879,2648.8312,51.1308,50.8483,0.2825,45.0166,50.9927,48.1942,2.7985,0.2604,2648.8312,NA,NA,NA
Stalker2-Win64-Shipping.exe,5640,0x4DD1D780,DXGI,0,0,1,Hardware Composed: Independent Flip,2750.9247,NA,51.24520000000000,50.45500000000001,0.23890000000000,45.07770000000000,45.0977,2699.9620,51.2016,50.9627,0.2389,44.8785,51.1619,48.3261,2.8358,0.6758,2699.9620,NA,NA,NA
Stalker2-Win64-Shipping.exe,5640,0x4DD1D780,DXGI,0,0,1,Hardware Composed: Independent Flip,2803.3085,NA,52.38380000000000,51.88620000000000,0.24950000000000,44.48010000000000,44.6001,2751.1636,52.3944,52.1449,0.2495,44.8388,51.7862,47.9930,3.7932,-0.6846,2751.1636,NA,NA,NA
Stalker2-Win64-Shipping.exe,5640,0x4DD1D780,DXGI,0,0,1,Hardware Composed: Independent Flip,2855.2637,NA,51.95520000000000,52.28640000000000,0.25340000000000,44.73270000000000,44.9313,2803.5580,51.9591,51.7057,0.2534,44.2306,52.2078,48.2482,3.9596,0.1080,2803.5580,NA,NA,NA
Stalker2-Win64-Shipping.exe,5640,0x4DD1D780,DXGI,0,0,1,Hardware Composed: Independent Flip,2907.8738,NA,52.61010000000000,52.63240000000000,0.26460000000000,44.70100000000000,44.9536,2855.5171,52.6213,52.3567,0.2646,44.4793,52.5784,48.1633,4.4151,-0.6733,2855.5171,NA,NA,NA
Stalker2-Win64-Shipping.exe,5640,0x4DD1D780,DXGI,0,0,1,Hardware Composed: Independent Flip,2959.6327,NA,51.75890000000000,52.28750000000000,0.25850000000000,45.25460000000000,45.4822,2908.1384,51.7528,51.4943,0.2585,44.4364,52.3125,48.4186,3.8939,0.3338,2908.1384,NA,NA,NA
Stalker2-Win64-Shipping.exe,5640,0x4DD1D780,DXGI,0,0,1,Hardware Composed: Independent Flip,3012.0371,NA,52.40440000000000,51.10030000000000,0.34820000000000,44.14730000000000,44.1781,2959.8912,52.4941,52.1459,0.3482,44.9961,51.2971,48.0552,3.2419,0.6525,2959.8912,NA,NA,NA
Stalker2-Win64-Shipping.exe,5640,0x4DD1D780,DXGI,0,0,1,Hardware Composed: Independent Flip,3062.5026,NA,50.46550000000001,51.57720000000000,0.26080000000000,45.27360000000000,45.2898,3012.3853,50.3781,50.1173,0.2608,43.7991,51.5918,48.4825,3.1093,0.9169,3012.3853,NA,NA,NA
Stalker2-Win64-Shipping.exe,5640,0x4DD1D780,DXGI,0,0,1,Hardware Composed: Independent Flip,3118.5387,NA,56.03610000000000,55.57900000000000,0.24790000000000,44.48540000000001,44.8327,3062.7634,56.0232,55.7753,0.2479,45.0128,55.2479,48.1389,7.1090,-5.2009,3062.7634,NA,NA,NA
Stalker2-Win64-Shipping.exe,5640,0x4DD1D780,DXGI,0,0,1,Hardware Composed: Independent Flip,3165.5421,NA,47.00340000000000,49.87620000000000,0.28710000000000,46.21480000000000,47.7055,3118.7866,47.0426,46.7555,0.2871,44.2375,48.7328,48.7196,0.0132,6.1470,3118.7866,NA,NA,NA
Stalker2-Win64-Shipping.exe,5640,0x4DD1D780,DXGI,0,0,1,Hardware Composed: Independent Flip,3222.9256,NA,57.38350000000001,53.72810000000000,0.26150000000000,43.98590000000000,44.0501,3165.8292,57.3579,57.0964,0.2615,45.9277,55.1546,47.5667,7.5879,-6.6855,3165.8292,NA,NA,NA
Stalker2-Win64-Shipping.exe,5640,0x4DD1D780,DXGI,0,0,1,Hardware Composed: Independent Flip,3269.7786,NA,46.85300000000000,51.60210000000000,0.22700000000000,45.79010000000000,48.7992,3223.1871,46.8185,46.5915,0.2270,43.7244,48.6572,48.6360,0.0212,5.7558,3223.1871,NA,NA,NA
Stalker2-Win64-Shipping.exe,5640,0x4DD1D780,DXGI,0,0,1,Hardware Composed: Independent Flip,3319.7763,NA,49.99770000000000,45.43250000000000,0.26170000000000,44.21690000000000,44.2340,3270.0056,50.0324,49.7707,0.2617,45.5631,48.4245,47.9954,0.4291,1.3860,3270.0056,NA,NA,NA
Stalker2-Win64-Shipping.exe,5640,0x4DD1D780,DXGI,0,0,1,Hardware Composed: Independent Flip,3371.9179,NA,52.14160000000000,54.65360000000000,0.27410000000000,45.26650000000000,46.7460,3320.0380,52.1540,51.8799,0.2741,43.9552,53.1912,48.7043,4.4869,-4.6212,3320.0380,NA,NA,NA
Stalker2-Win64-Shipping.exe,5640,0x4DD1D780,DXGI,0,0,1,Hardware Composed: Independent Flip,3424.2175,NA,52.29960000000001,50.85960000000000,0.25190000000000,44.71140000000000,45.3060,3372.1920,52.2774,52.0255,0.2519,44.9924,51.7445,47.9531,3.7914,1.2944,3372.1920,NA,NA,NA
Stalker2-Win64-Shipping.exe,5640,0x4DD1D780,DXGI,0,0,1,Hardware Composed: Independent Flip,3474.6655,NA,50.44800000000000,50.41100000000000,0.25390000000000,45.25590000000000,45.2690,3424.4694,50.4500,50.1961,0.2539,44.4595,50.9925,48.4451,2.5474,1.8664,3424.4694,NA,NA,NA
Stalker2-Win64-Shipping.exe,5640,0x4DD1D780,DXGI,0,0,1,Hardware Composed: Independent Flip,3528.0831,NA,53.41760000000000,53.03270000000001,0.29120000000000,44.54060000000000,44.8841,3474.9194,53.4549,53.1637,0.2912,45.0020,52.7023,47.8409,4.8614,-2.5827,3474.9194,NA,NA,NA
Stalker2-Win64-Shipping.exe,5640,0x4DD1D780,DXGI,0,0,1,Hardware Composed: Independent Flip,3577.6904,NA,49.60730000000000,50.43010000000000,0.27260000000000,45.22130000000000,45.7069,3528.3743,49.5887,49.3161,0.2726,44.2494,50.2880,48.4071,1.8809,3.0248,3528.3743,NA,NA,NA
Stalker2-Win64-Shipping.exe,5640,0x4DD1D780,DXGI,0,0,1,Hardware Composed: Independent Flip,3629.2471,NA,51.55670000000000,50.54310000000000,0.25820000000000,44.67990000000000,44.6933,3577.9630,51.5423,51.2841,0.2582,44.9487,51.0153,47.9902,3.0251,-0.9544,3577.9630,NA,NA,NA
Stalker2-Win64-Shipping.exe,5640,0x4DD1D780,DXGI,0,0,1,Hardware Composed: Independent Flip,3680.6164,NA,51.36930000000000,52.14970000000000,0.34060000000000,44.70580000000000,45.4737,3629.5053,51.4517,51.1111,0.3406,44.4217,51.3952,48.0814,3.3138,-0.6074,3629.5053,NA,NA,NA
Stalker2-Win64-Shipping.exe,5640,0x4DD1D780,DXGI,0,0,1,Hardware Composed: Independent Flip,3732.5040,NA,51.88760000000000,50.80460000000000,0.25800000000000,44.37600000000000,44.3907,3680.9570,51.8050,51.5470,0.2580,44.3652,51.5578,47.6159,3.9419,0.6471,3680.9570,NA,NA,NA
Stalker2-Win64-Shipping.exe,5640,0x4DD1D780,DXGI,0,0,1,Hardware Composed: Independent Flip,3783.3467,NA,50.84270000000000,52.07820000000000,0.23520000000000,45.56070000000000,45.6262,3732.7620,50.8199,50.5847,0.2352,44.1180,52.0274,49.2635,2.7639,-0.2732,3732.7620,NA,NA,NA
Stalker2-Win64-Shipping.exe,5640,0x4DD1D780,DXGI,0,0,1,Hardware Composed: Independent Flip,3836.6633,NA,53.31660000000000,52.91390000000001,0.25690000000000,44.86520000000000,45.2235,3783.5819,53.3383,53.0814,0.2569,45.3255,52.6211,48.6933,3.9278,-2.0940,3783.5819,NA,NA,NA
Stalker2-Win64-Shipping.exe,5640,0x4DD1D780,DXGI,0,0,1,Hardware Composed: Independent Flip,3886.3170,NA,49.65370000000000,49.98100000000000,0.24150000000000,45.22860000000000,45.5508,3836.9202,49.6383,49.3968,0.2415,44.6083,50.0171,48.3755,1.6416,3.3573,3836.9202,NA,NA,NA
Stalker2-Win64-Shipping.exe,5640,0x4DD1D780,DXGI,0,0,1,Hardware Composed: Independent Flip,3938.9610,NA,52.64400000000001,51.57760000000000,0.29190000000000,44.47060000000000,44.4844,3886.5585,52.6944,52.4025,0.2919,44.9871,51.8860,47.7693,4.1167,-1.9393,3886.5585,NA,NA,NA
Stalker2-Win64-Shipping.exe,5640,0x4DD1D780,DXGI,0,0,1,Hardware Composed: Independent Flip,3989.2758,NA,50.31480000000001,51.86930000000000,0.25540000000000,44.68560000000000,46.0389,3939.2529,50.2783,50.0229,0.2554,44.1787,50.5298,47.8609,2.6689,0.8251,3939.2529,NA,NA,NA
Stalker2-Win64-Shipping.exe,5640,0x4DD1D780,DXGI,0,0,1,Hardware Composed: Independent Flip,4041.2372,NA,51.96140000000000,50.50050000000000,0.26650000000000,44.56410000000000,44.5780,3989.5312,51.9725,51.7060,0.2665,44.4302,51.8399,47.9551,3.8848,-0.2222,3989.5312,NA,NA,NA
Stalker2-Win64-Shipping.exe,5640,0x4DD1D780,DXGI,0,0,1,Hardware Composed: Independent Flip,4093.5650,NA,52.32780000000000,53.24770000000000,0.28050000000000,44.71600000000000,45.4979,4041.5037,52.3418,52.0613,0.2805,44.2976,52.4797,47.9457,4.5340,-1.2752,4041.5037,NA,NA,NA
Stalker2-Win64-Shipping.exe,5640,0x4DD1D780,DXGI,0,0,1,Hardware Composed: Independent Flip,4144.3990,NA,50.83400000000000,50.74150000000000,0.25360000000000,45.20860000000000,45.4054,4093.8455,50.8071,50.5535,0.2536,44.4355,51.3266,48.3970,2.9296,1.6003,4093.8455,NA,NA,NA
Stalker2-Win64-Shipping.exe,5640,0x4DD1D780,DXGI,0,0,1,Hardware Composed: Independent Flip,4195.6502,NA,51.25120000000000,51.28760000000000,0.25130000000000,45.42510000000000,45.4418,4144.6526,51.2489,50.9976,0.2513,44.9550,51.4677,48.7064,2.7613,-0.4805,4144.6526,NA,NA,NA
Stalker2-Win64-Shipping.exe,5640,0x4DD1D780,DXGI,0,0,1,Hardware Composed: Independent Flip,4247.4391,NA,51.78890000000001,51.32510000000000,0.23800000000000,44.48920000000000,44.9780,4195.9015,51.7756,51.5376,0.2380,45.1738,50.8530,48.4718,2.3812,-0.0762,4195.9015,NA,NA,NA
Stalker2-Win64-Shipping.exe,5640,0x4DD1D780,DXGI,0,0,1,Hardware Composed: Independent Flip,4298.3754,NA,50.93630000000000,50.47080000000000,0.27180000000000,44.49720000000000,44.5125,4247.6771,50.9701,50.6983,0.2718,44.2512,50.9443,48.2129,2.7314,1.3048,4247.6771,NA,NA,NA
Stalker2-Win64-Shipping.exe,5640,0x4DD1D780,DXGI,0,0,1,Hardware Composed: Independent Flip,4349.9709,NA,51.59550000000000,51.77430000000000,0.24040000000000,44.57580000000000,44.6913,4298.6472,51.5641,51.3237,0.2404,44.2254,51.6741,48.2625,3.4116,-0.8042,4298.6472,NA,NA,NA
Stalker2-Win64-Shipping.exe,5640,0x4DD1D780,DXGI,0,0,1,Hardware Composed: Independent Flip,4401.3801,NA,51.40920000000001,52.39070000000000,0.23740000000000,45.49330000000000,45.6728,4350.2113,51.4062,51.1688,0.2374,44.3354,52.3267,48.7944,3.5323,-0.8266,4350.2113,NA,NA,NA
Stalker2-Win64-Shipping.exe,5640,0x4DD1D780,DXGI,0,0,1,Hardware Composed: Independent Flip,4452.6623,NA,51.28220000000000,51.49130000000000,0.27600000000000,45.50290000000000,45.8819,4401.6175,51.3208,51.0448,0.2760,45.2559,51.2918,48.6436,2.6482,-0.0851,4401.6175,NA,NA,NA
Stalker2-Win64-Shipping.exe,5640,0x4DD1D780,DXGI,0,0,1,Hardware Composed: Independent Flip,4503.9110,NA,51.24870000000000,50.64800000000000,0.26040000000000,45.26730000000000,45.2812,4452.9383,51.2331,50.9727,0.2604,45.2269,51.0131,48.4261,2.5870,0.6728,4452.9383,NA,NA,NA
Stalker2-Win64-Shipping.exe,5640,0x4DD1D780,DXGI,0,0,1,Hardware Composed: Independent Flip,4555.3578,NA,51.44680000000000,51.35290000000001,0.28840000000000,45.16920000000000,45.1873,4504.1714,51.4748,51.1864,0.2884,45.0069,51.3487,48.1952,3.1535,-0.1198,4504.1714,NA,NA,NA
Stalker2-Win64-Shipping.exe,5640,0x4DD1D780,DXGI,0,0,1,Hardware Composed: Independent Flip,4607.2206,NA,51.86280000000000,51.85340000000000,0.25360000000000,45.11250000000000,45.1779,4555.6462,51.8280,51.5744,0.2536,44.8808,51.8061,48.2149,3.5912,-0.3786,4555.6462,NA,NA,NA
Stalker2-Win64-Shipping.exe,5640,0x4DD1D780,DXGI,0,0,1,Hardware Composed: Independent Flip,4658.6397,NA,51.41910000000000,51.99590000000001,0.26020000000000,45.52270000000000,45.7547,4607.4742,51.4257,51.1655,0.2602,44.8589,51.8293,48.7237,3.1056,-0.1679,4607.4742,NA,NA,NA
Stalker2-Win64-Shipping.exe,5640,0x4DD1D780,DXGI,0,0,1,Hardware Composed: Independent Flip,4710.3968,NA,51.75710000000000,50.99280000000000,0.25390000000000,44.97230000000000,44.9904,4658.8999,51.7508,51.4969,0.2539,45.2625,51.2067,48.0770,3.1297,0.4329,4658.8999,NA,NA,NA
Stalker2-Win64-Shipping.exe,5640,0x4DD1D780,DXGI,0,0,1,Hardware Composed: Independent Flip,4762.5397,NA,52.14290000000000,52.17270000000000,0.28380000000000,45.00780000000000,45.0202,4710.6507,52.1728,51.8890,0.2838,44.7184,52.1784,48.2228,3.9556,-0.4219,4710.6507,NA,NA,NA
Stalker2-Win64-Shipping.exe,5640,0x4DD1D780,DXGI,0,0,1,Hardware Composed: Independent Flip,4815.3763,NA,52.83660000000000,53.55680000000000,0.27480000000000,45.06500000000000,45.7404,4762.8235,52.8276,52.5528,0.2748,44.7240,52.8938,48.2454,4.6484,-1.3840,4762.8235,NA,NA,NA
Stalker2-Win64-Shipping.exe,5640,0x4DD1D780,DXGI,0,0,1,Hardware Composed: Independent Flip,4866.0374,NA,50.66110000000000,50.37650000000000,0.23460000000000,45.11890000000000,45.4558,4815.6511,50.6209,50.3863,0.2346,44.7902,50.7150,48.3636,2.3514,2.4511,4815.6511,NA,NA,NA
Stalker2-Win64-Shipping.exe,5640,0x4DD1D780,DXGI,0,0,1,Hardware Composed: Independent Flip,4919.7966,NA,53.75920000000000,54.22970000000000,0.25790000000000,45.90910000000000,45.9263,4866.2720,53.7825,53.5246,0.2579,44.8843,54.5494,49.7743,4.7751,-3.6088,4866.2720,NA,NA,NA
Stalker2-Win64-Shipping.exe,5640,0x4DD1D780,DXGI,0,0,1,Hardware Composed: Independent Flip,4969.7408,NA,49.94420000000000,51.59080000000000,0.27910000000000,45.18270000000000,47.5729,4920.0545,49.9654,49.6863,0.2791,45.6512,49.2178,48.7731,0.4447,2.1917,4920.0545,NA,NA,NA
Stalker2-Win64-Shipping.exe,5640,0x4DD1D780,DXGI,0,0,1,Hardware Composed: Independent Flip,5020.9207,NA,51.17990000000000,49.46760000000000,0.26900000000000,45.84710000000000,45.8606,4970.0199,51.1698,50.9008,0.2690,44.9036,51.8443,48.9730,2.8713,0.4978,4970.0199,NA,NA,NA
Stalker2-Win64-Shipping.exe,5640,0x4DD1D780,DXGI,0,0,1,Hardware Composed: Independent Flip,5073.1823,NA,52.26160000000000,53.15360000000000,0.25520000000000,45.12450000000000,46.7526,5021.1897,52.2478,51.9926,0.2552,45.5781,51.5390,48.3348,3.2042,-1.9838,5021.1897,NA,NA,NA
Stalker2-Win64-Shipping.exe,5640,0x4DD1D780,DXGI,0,0,1,Hardware Composed: Independent Flip,5124.7843,NA,51.60200000000000,49.48920000000000,0.32230000000000,44.62640000000000,44.6398,5073.4375,51.6691,51.3468,0.3223,44.8693,51.1039,47.8998,3.2041,2.7586,5073.4375,NA,NA,NA
Stalker2-Win64-Shipping.exe,5640,0x4DD1D780,DXGI,0,0,1,Hardware Composed: Independent Flip,5178.0817,NA,53.29740000000000,53.31530000000000,0.24920000000000,44.63370000000000,44.6577,5125.1066,53.2243,52.9751,0.2492,44.3041,53.3047,47.8982,5.4065,-1.6462,5125.1066,NA,NA,NA
Stalker2-Win64-Shipping.exe,5640,0x4DD1D780,DXGI,0,0,1,Hardware Composed: Independent Flip,5228.9670,NA,50.88530000000000,51.20080000000000,0.24580000000000,43.90090000000000,44.9732,5178.3309,50.8819,50.6361,0.2458,44.3845,50.1525,47.6436,2.5089,2.0235,5178.3309,NA,NA,NA
Stalker2-Win64-Shipping.exe,5640,0x4DD1D780,DXGI,0,0,1,Hardware Composed: Independent Flip,5281.2601,NA,52.29310000000000,51.41690000000001,0.27000000000000,44.08320000000001,44.0970,5229.2128,52.3173,52.0473,0.2700,43.6551,52.4754,47.6174,4.8580,-0.5350,5229.2128,NA,NA,NA
Stalker2-Win64-Shipping.exe,5640,0x4DD1D780,DXGI,0,0,1,Hardware Composed: Independent Flip,5333.1222,NA,51.86210000000001,53.63460000000001,0.24970000000000,44.49080000000000,45.8695,5281.5301,51.8418,51.5921,0.2497,43.8132,52.2697,47.9194,4.3503,-1.3173,5281.5301,NA,NA,NA
Stalker2-Win64-Shipping.exe,5640,0x4DD1D780,DXGI,0,0,1,Hardware Composed: Independent Flip,5385.1460,NA,52.02380000000000,51.48390000000001,0.26330000000000,45.31590000000000,45.3296,5333.3719,52.0374,51.7741,0.2633,44.2411,52.8489,48.5176,4.3313,0.3579,5333.3719,NA,NA,NA
Stalker2-Win64-Shipping.exe,5640,0x4DD1D780,DXGI,0,0,1,Hardware Composed: Independent Flip,5436.9834,NA,51.83740000000000,51.28210000000000,0.27720000000000,44.58570000000000,44.7743,5385.4093,51.8513,51.5741,0.2772,45.0526,51.1072,47.8761,3.2311,0.7553,5385.4093,NA,NA,NA
Stalker2-Win64-Shipping.exe,5640,0x4DD1D780,DXGI,0,0,1,Hardware Composed: Independent Flip,5487.8810,NA,50.89760000000000,51.23410000000001,0.25340000000000,45.04430000000000,45.1108,5437.2606,50.8738,50.6204,0.2534,44.3085,51.3562,48.2483,3.1079,0.6172,5437.2606,NA,NA,NA
Stalker2-Win64-Shipping.exe,5640,0x4DD1D780,DXGI,0,0,1,Hardware Composed: Independent Flip,5538.9687,NA,51.08770000000001,51.11050000000000,0.26760000000000,44.79170000000000,45.1336,5488.1344,51.1019,50.8343,0.2676,44.7909,50.8351,48.0166,2.8185,-0.2367,5488.1344,NA,NA,NA
Stalker2-Win64-Shipping.exe,5640,0x4DD1D780,DXGI,0,0,1,Hardware Composed: Independent Flip,5589.6182,NA,50.64950000000000,50.59550000000000,0.26830000000000,45.06030000000001,45.0796,5539.2363,50.6502,50.3819,0.2683,44.5241,50.9181,48.2116,2.7065,0.5064,5539.2363,NA,NA,NA
Stalker2-Win64-Shipping.exe,5640,0x4DD1D780,DXGI,0,0,1,Hardware Composed: Independent Flip,5642.5727,NA,52.95450000000000,52.75390000000000,0.24050000000000,44.65280000000000,44.8790,5589.8865,52.9267,52.6862,0.2405,44.7920,52.5470,47.7982,4.7488,-2.1037,5589.8865,NA,NA,NA
Stalker2-Win64-Shipping.exe,5640,0x4DD1D780,DXGI,0,0,1,Hardware Composed: Independent Flip,5693.9585,NA,51.38580000000000,52.04890000000000,0.23470000000000,44.97440000000000,45.5421,5642.8132,51.3800,51.1453,0.2347,44.4123,51.7074,48.8147,2.8927,0.8778,5642.8132,NA,NA,NA
Stalker2-Win64-Shipping.exe,5640,0x4DD1D780,DXGI,0,0,1,Hardware Composed: Independent Flip,5743.6045,NA,49.64600000000000,48.47200000000000,0.23670000000000,44.34890000000000,44.3681,5694.1932,49.6480,49.4113,0.2367,44.7397,49.0205,48.0045,1.0160,2.9080,5694.1932,NA,89.5738,NA
Stalker2-Win64-Shipping.exe,5640,0x4DD1D780,DXGI,0,0,1,Hardware Composed: Independent Flip,5795.6241,NA,52.01960000000000,52.43200000000000,0.32080000000000,44.76600000000001,44.7805,5743.8412,52.1037,51.7829,0.3208,44.1122,52.4367,48.4804,3.9563,-2.7840,5743.8412,NA,NA,NA
Stalker2-Win64-Shipping.exe,5640,0x4DD1D780,DXGI,0,0,1,Hardware Composed: Independent Flip,5846.5861,NA,50.96200000000000,52.82990000000000,0.25050000000000,44.65480000000000,46.6484,5795.9449,50.8917,50.6412,0.2505,44.4452,50.8508,47.9997,2.8511,-0.7262,5795.9449,NA,NA,NA
Stalker2-Win64-Shipping.exe,5640,0x4DD1D780,DXGI,0,0,1,Hardware Composed: Independent Flip,5899.2130,NA,52.62690000000000,50.61200000000000,0.35070000000000,44.61380000000000,44.6335,5846.8366,52.7271,52.3764,0.3507,44.4043,52.5859,48.0988,4.4871,0.2797,5846.8366,NA,NA,NA
Stalker2-Win64-Shipping.exe,5640,0x4DD1D780,DXGI,0,0,1,Hardware Composed: Independent Flip,5949.9867,NA,50.77370000000001,51.57970000000000,0.25060000000000,44.57580000000000,45.4395,5899.5637,50.6736,50.4230,0.2506,44.2631,50.7357,47.7336,3.0021,1.1474,5899.5637,NA,NA,NA
Stalker2-Win64-Shipping.exe,5640,0x4DD1D780,DXGI,0,0,1,Hardware Composed: Independent Flip,6001.5750,NA,51.58830000000000,51.49180000000000,0.26470000000000,45.32570000000000,45.3430,5950.2373,51.6024,51.3377,0.2647,44.3252,52.3382,48.5343,3.8039,-0.8182,5950.2373,NA,NA,NA
Stalker2-Win64-Shipping.exe,5640,0x4DD1D780,DXGI,0,0,1,Hardware Composed: Independent Flip,6052.5974,NA,51.02240000000000,51.27490000000000,0.25980000000000,44.71380000000000,45.5955,6001.8397,51.0175,50.7577,0.2598,45.0610,50.4105,47.7926,2.6179,0.3275,6001.8397,NA,NA,NA
Stalker2-Win64-Shipping.exe,5640,0x4DD1D780,DXGI,0,0,1,Hardware Composed: Independent Flip,6103.9930,NA,51.39560000000000,50.90990000000000,0.26740000000000,45.09580000000000,45.1098,6052.8572,51.4032,51.1358,0.2674,44.4540,51.7776,48.2537,3.5239,0.1076,6052.8572,NA,NA,NA
Stalker2-Win64-Shipping.exe,5640,0x4DD1D780,DXGI,0,0,1,Hardware Composed: Independent Flip,6155.1402,NA,51.14720000000001,51.56980000000000,0.25430000000000,44.70850000000000,45.5324,6104.2604,51.1341,50.8798,0.2543,44.8284,50.7599,47.9280,2.8319,-0.1666,6104.2604,NA,NA,NA
Stalker2-Win64-Shipping.exe,5640,0x4DD1D780,DXGI,0,0,1,Hardware Composed: Independent Flip,6206.6804,NA,51.54020000000001,50.63490000000000,0.23600000000000,44.61290000000000,44.6271,6155.3945,51.5219,51.2859,0.2360,44.4542,51.4446,48.5056,2.9390,0.4992,6155.3945,NA,NA,NA
Stalker2-Win64-Shipping.exe,5640,0x4DD1D780,DXGI,0,0,1,Hardware Composed: Independent Flip,6257.6396,NA,50.95920000000000,52.93400000000000,0.26020000000000,46.15240000000000,46.6019,6206.9164,50.9834,50.7232,0.2602,44.3769,52.4987,49.7519,2.7468,-1.4121,6206.9164,NA,NA,NA
Stalker2-Win64-Shipping.exe,5640,0x4DD1D780,DXGI,0,0,1,Hardware Composed: Independent Flip,6309.3396,NA,51.70000000000000,50.52780000000000,0.35460000000000,45.01870000000000,45.4297,6257.8998,51.7944,51.4398,0.3546,45.8922,50.5663,48.4282,2.1381,0.4556,6257.8998,NA,NA,NA
Stalker2-Win64-Shipping.exe,5640,0x4DD1D780,DXGI,0,0,1,Hardware Composed: Independent Flip,6361.0242,NA,51.68460000000000,50.84940000000000,0.27260000000000,44.57620000000000,44.5945,6309.6942,51.6026,51.3300,0.2726,44.6641,51.2421,48.3310,2.9111,0.9450,6309.6942,NA,NA,NA
Stalker2-Win64-Shipping.exe,5640,0x4DD1D780,DXGI,0,0,1,Hardware Composed: Independent Flip,6412.3194,NA,51.29520000000000,52.48060000000000,0.26130000000000,45.09280000000000,45.7799,6361.2968,51.2839,51.0226,0.2613,44.3036,51.8118,48.1464,3.6654,-0.8780,6361.2968,NA,NA,NA
Stalker2-Win64-Shipping.exe,5640,0x4DD1D780,DXGI,0,0,1,Hardware Composed: Independent Flip,6463.5782,NA,51.25880000000000,50.60070000000000,0.26950000000000,45.09270000000000,45.1218,6412.5807,51.2670,50.9975,0.2695,44.8315,51.2587,48.3154,2.9433,0.6832,6412.5807,NA,NA,NA
Stalker2-Win64-Shipping.exe,5640,0x4DD1D780,DXGI,0,0,1,Hardware Composed: Independent Flip,6516.2530,NA,52.67480000000000,52.53320000000000,0.27300000000000,44.96330000000000,44.9802,6463.8477,52.6783,52.4053,0.2730,44.8232,52.5454,48.2586,4.2868,-1.2662,6463.8477,NA,NA,NA
Stalker2-Win64-Shipping.exe,5640,0x4DD1D780,DXGI,0,0,1,Hardware Composed: Independent Flip,6568.4073,NA,52.15430000000000,52.92430000000000,0.25720000000000,44.89130000000000,45.7502,6516.5260,52.1385,51.8813,0.2572,44.6903,52.0823,48.1666,3.9157,-0.2460,6516.5260,NA,NA,NA
Stalker2-Win64-Shipping.exe,5640,0x4DD1D780,DXGI,0,0,1,Hardware Composed: Independent Flip,6620.0916,NA,51.68430000000000,50.63850000000000,0.26270000000000,44.68560000000000,44.7044,6568.6645,51.6898,51.4271,0.2627,44.6341,51.4786,47.8398,3.6388,1.5000,6568.6645,NA,NA,NA
Stalker2-Win64-Shipping.exe,5640,0x4DD1D780,DXGI,0,0,1,Hardware Composed: Independent Flip,6671.3302,NA,51.23860000000001,50.92730000000000,0.25320000000000,44.37910000000000,44.3931,6620.3543,51.2291,50.9759,0.2532,44.4229,50.9321,47.5371,3.3950,0.7625,6620.3543,NA,NA,NA
Stalker2-Win64-Shipping.exe,5640,0x4DD1D780,DXGI,0,0,1,Hardware Composed: Independent Flip,6724.6756,NA,53.34540000000001,53.41710000000000,0.24540000000000,44.45110000000000,44.4648,6671.5834,53.3376,53.0922,0.2454,44.1259,53.4174,48.1226,5.2948,-2.1880,6671.5834,NA,NA,NA
Stalker2-Win64-Shipping.exe,5640,0x4DD1D780,DXGI,0,0,1,Hardware Composed: Independent Flip,6774.5798,NA,49.90420000000000,51.41250000000000,0.24680000000000,44.99780000000001,45.9731,6724.9210,49.9056,49.6588,0.2468,44.2057,50.4509,48.4136,2.0373,1.9251,6724.9210,NA,NA,NA
Stalker2-Win64-Shipping.exe,5640,0x4DD1D780,DXGI,0,0,1,Hardware Composed: Independent Flip,6827.1201,NA,52.54030000000000,51.03560000000000,0.28780000000000,44.45300000000000,44.4684,6774.8266,52.5813,52.2935,0.2878,44.7510,51.9955,47.8687,4.1268,-1.1300,6774.8266,NA,NA,NA
Stalker2-Win64-Shipping.exe,5640,0x4DD1D780,DXGI,0,0,1,Hardware Composed: Independent Flip,6877.5506,NA,50.43050000000000,52.87800000000000,0.25200000000000,45.93520000000000,46.9159,6827.4079,50.3947,50.1427,0.2520,44.1652,51.9127,49.0418,2.8709,-0.2967,6827.4079,NA,NA,NA
Stalker2-Win64-Shipping.exe,5640,0x4DD1D780,DXGI,0,0,1,Hardware Composed: Independent Flip,6929.0455,NA,51.49490000000000,49.51320000000000,0.26380000000000,44.91880000000000,44.9342,6877.8026,51.5067,51.2429,0.2638,45.6832,50.4785,48.0920,2.3865,0.8815,6877.8026,NA,NA,NA
Stalker2-Win64-Shipping.exe,5640,0x4DD1D780,DXGI,0,0,1,Hardware Composed: Independent Flip,6979.9667,NA,50.92120000000000,50.86520000000000,0.22510000000000,44.86370000000000,44.8782,6929.3093,50.8825,50.6574,0.2251,44.6550,50.8661,48.0361,2.8300,0.6415,6929.3093,NA,NA,NA
Stalker2-Win64-Shipping.exe,5640,0x4DD1D780,DXGI,0,0,1,Hardware Composed: Independent Flip,7032.5495,NA,52.58280000000001,52.83780000000000,0.29820000000000,44.66100000000000,45.1332,6980.1918,52.6559,52.3577,0.2982,44.6386,52.3801,48.2538,4.1263,-1.9553,6980.1918,NA,NA,NA
Stalker2-Win64-Shipping.exe,5640,0x4DD1D780,DXGI,0,0,1,Hardware Composed: Independent Flip,7082.7804,NA,50.23090000000001,49.62320000000000,0.25040000000000,44.20910000000000,44.5255,7032.8477,50.1831,49.9327,0.2504,44.3628,49.7790,47.4797,2.2993,3.0327,7032.8477,NA,NA,NA
Stalker2-Win64-Shipping.exe,5640,0x4DD1D780,DXGI,0,0,1,Hardware Composed: Independent Flip,7135.3616,NA,52.58120000000000,52.43100000000000,0.25120000000000,44.35680000000000,44.3753,7083.0308,52.5820,52.3308,0.2512,43.9587,52.7289,47.9661,4.7628,-2.2479,7083.0308,NA,NA,NA
Stalker2-Win64-Shipping.exe,5640,0x4DD1D780,DXGI,0,0,1,Hardware Composed: Independent Flip,7186.7096,NA,51.34800000000000,53.47540000000000,0.31550000000000,44.59960000000000,46.5027,7135.6128,51.4123,51.0968,0.3155,44.1056,51.5908,48.1355,3.4553,-0.8934,7135.6128,NA,NA,NA
Stalker2-Win64-Shipping.exe,5640,0x4DD1D780,DXGI,0,0,1,Hardware Composed: Independent Flip,7239.0228,NA,52.31320000000000,50.70760000000000,0.26830000000000,44.88250000000000,44.8971,7187.0251,52.2660,51.9977,0.2683,44.2841,52.5961,48.1222,4.4739,0.7047,7187.0251,NA,NA,NA
Stalker2-Win64-Shipping.exe,5640,0x4DD1D780,DXGI,0,0,1,Hardware Composed: Independent Flip,7290.0906,NA,51.06780000000001,51.86060000000001,0.26620000000000,45.25580000000000,45.6899,7239.2911,51.0657,50.7995,0.2662,44.6142,51.4411,48.3749,3.0662,0.4054,7239.2911,NA,NA,NA
Stalker2-Win64-Shipping.exe,5640,0x4DD1D780,DXGI,0,0,1,Hardware Composed: Independent Flip,7342.0682,NA,51.97760000000000,51.36220000000000,0.27320000000000,45.05120000000000,45.0745,7290.3568,51.9846,51.7114,0.2732,44.9896,51.7730,48.3427,3.4303,-0.2965,7290.3568,NA,NA,NA
Stalker2-Win64-Shipping.exe,5640,0x4DD1D780,DXGI,0,0,1,Hardware Composed: Independent Flip,7393.3924,NA,51.32420000000000,51.37820000000000,0.24500000000000,44.88090000000000,45.1285,7342.3414,51.2960,51.0510,0.2450,44.7780,51.1539,48.3616,2.7923,0.6064,7342.3414,NA,NA,NA
Stalker2-Win64-Shipping.exe,5640,0x4DD1D780,DXGI,0,0,1,Hardware Composed: Independent Flip,7444.6639,NA,51.27150000000000,50.75600000000000,0.26970000000000,44.59710000000000,44.6130,7393.6374,51.2962,51.0265,0.2697,44.6359,50.9877,47.8986,3.0891,0.5400,7393.6374,NA,NA,NA
Stalker2-Win64-Shipping.exe,5640,0x4DD1D780,DXGI,0,0,1,Hardware Composed: Independent Flip,7496.7090,NA,52.04510000000001,52.64250000000001,0.22840000000000,45.19280000000001,45.2104,7444.9336,52.0038,51.7754,0.2284,44.3274,52.6408,48.2839,4.3569,-1.3463,7444.9336,NA,NA,NA
Stalker2-Win64-Shipping.exe,5640,0x4DD1D780,DXGI,0,0,1,Hardware Composed: Independent Flip,7547.6455,NA,50.93650000000000,51.19190000000000,0.25240000000000,44.87230000000000,45.4658,7496.9374,50.9605,50.7081,0.2524,44.9644,50.6160,48.2271,2.3889,0.8119,7496.9374,NA,NA,NA
Stalker2-Win64-Shipping.exe,5640,0x4DD1D780,DXGI,0,0,1,Hardware Composed: Independent Flip,7598.9219,NA,51.27640000000000,50.89150000000000,0.26250000000000,45.06130000000000,45.0809,7547.8979,51.2865,51.0240,0.2625,44.6199,51.4654,48.3145,3.1509,0.0690,7547.8979,NA,NA,NA
Stalker2-Win64-Shipping.exe,5640,0x4DD1D780,DXGI,0,0,1,Hardware Composed: Independent Flip,7650.6747,NA,51.75280000000000,52.55290000000000,0.25090000000000,45.35830000000000,45.8810,7599.1844,51.7412,51.4903,0.2509,44.7988,52.0498,48.8763,3.1735,-1.2664,7599.1844,NA,NA,NA
Stalker2-Win64-Shipping.exe,5640,0x4DD1D780,DXGI,0,0,1,Hardware Composed: Independent Flip,7702.1678,NA,51.49310000000001,50.60190000000000,0.29990000000000,44.97130000000000,44.9898,7650.9256,51.5421,51.2422,0.2999,45.1074,51.1061,48.1669,2.9392,1.1393,7650.9256,NA,NA,NA
Stalker2-Win64-Shipping.exe,5640,0x4DD1D780,DXGI,0,0,1,Hardware Composed: Independent Flip,7754.1981,NA,52.03030000000000,52.27810000000000,0.25030000000000,45.20600000000000,45.2376,7702.4677,51.9807,51.7304,0.2503,44.6714,52.2650,48.4002,3.8648,-0.7360,7702.4677,NA,NA,NA
Stalker2-Win64-Shipping.exe,5640,0x4DD1D780,DXGI,0,0,1,Hardware Composed: Independent Flip,7806.4797,NA,52.28160000000000,52.32990000000000,0.24020000000000,44.38220000000000,45.2859,7754.4484,52.2715,52.0313,0.2402,44.9557,51.4578,47.4324,4.0254,-0.3492,7754.4484,NA,NA,NA
Stalker2-Win64-Shipping.exe,5640,0x4DD1D780,DXGI,0,0,1,Hardware Composed: Independent Flip,7858.2530,NA,51.77330000000000,50.97280000000000,0.26090000000000,44.46470000000000,44.4854,7806.7199,51.7940,51.5331,0.2609,44.1420,51.8558,48.6224,3.2334,1.2987,7806.7199,NA,NA,NA
Stalker2-Win64-Shipping.exe,5640,0x4DD1D780,DXGI,0,0,1,Hardware Composed: Independent Flip,7909.4203,NA,51.16730000000000,51.48730000000000,0.24730000000000,44.54070000000000,44.8054,7858.5139,51.1537,50.9064,0.2473,44.2038,51.2433,48.0993,3.1440,0.3067,7858.5139,NA,NA,NA
Stalker2-Win64-Shipping.exe,5640,0x4DD1D780,DXGI,0,0,1,Hardware Composed: Independent Flip,7961.8397,NA,52.41940000000000,52.26750000000001,0.26050000000000,44.63160000000000,44.6535,7909.6676,52.4326,52.1721,0.2605,44.2934,52.5103,48.0138,4.4965,-1.1138,7909.6676,NA,NA,NA
Stalker2-Win64-Shipping.exe,5640,0x4DD1D780,DXGI,0,0,1,Hardware Composed: Independent Flip,8013.8561,NA,52.01640000000000,52.11250000000000,0.26280000000000,44.10670000000000,44.7496,7962.1002,52.0187,51.7559,0.2628,44.3711,51.4915,47.5242,3.9673,0.3201,7962.1002,NA,NA,NA
Stalker2-Win64-Shipping.exe,5640,0x4DD1D780,DXGI,0,0,1,Hardware Composed: Independent Flip,8065.8454,NA,51.98930000000000,51.83060000000000,0.25160000000000,44.57710000000000,44.5909,8014.1189,51.9781,51.7265,0.2516,43.8439,52.4597,48.2171,4.2426,0.1881,8014.1189,NA,NA,NA
Stalker2-Win64-Shipping.exe,5640,0x4DD1D780,DXGI,0,0,1,Hardware Composed: Independent Flip,8116.2982,NA,50.45280000000000,52.04670000000000,0.31100000000000,45.71700000000000,46.1848,8066.0970,50.5122,50.2012,0.3110,44.3255,51.5927,48.9292,2.6635,-0.0686,8066.0970,NA,NA,NA
Stalker2-Win64-Shipping.exe,5640,0x4DD1D780,DXGI,0,0,1,Hardware Composed: Independent Flip,8167.5885,NA,51.29030000000000,50.00510000000001,0.25060000000000,44.88390000000000,44.8996,8116.6092,51.2299,50.9793,0.2506,45.4060,50.4572,48.0335,2.4237,0.5071,8116.6092,NA,NA,NA
Stalker2-Win64-Shipping.exe,5640,0x4DD1D780,DXGI,0,0,1,Hardware Composed: Independent Flip,8219.0090,NA,51.42050000000000,50.39920000000000,0.26220000000000,43.85920000000000,43.8783,8167.8391,51.4321,51.1699,0.2622,44.6333,50.3958,46.9757,3.4201,0.8307,8167.8391,NA,NA,NA
Stalker2-Win64-Shipping.exe,5640,0x4DD1D780,DXGI,0,0,1,Hardware Composed: Independent Flip,8270.3200,NA,51.31100000000000,53.12910000000000,0.26410000000000,45.68100000000000,45.6964,8219.2712,51.3129,51.0488,0.2641,43.5970,53.1328,49.3193,3.8135,-1.6970,8219.2712,NA,NA,NA
Stalker2-Win64-Shipping.exe,5640,0x4DD1D780,DXGI,0,0,1,Hardware Composed: Independent Flip,8323.0516,NA,52.73160000000000,54.91300000000000,0.29480000000000,46.90480000000000,47.8778,8270.5841,52.7623,52.4675,0.2948,45.4169,53.9554,50.1912,3.7642,-3.6001,8270.5841,NA,NA,NA
Stalker2-Win64-Shipping.exe,5640,0x4DD1D780,DXGI,0,0,1,Hardware Composed: Independent Flip,8373.1046,NA,50.05300000000000,48.72410000000000,0.27070000000000,45.91660000000000,46.5489,8323.3464,50.0289,49.7582,0.2707,46.6100,49.0648,49.0516,0.0132,4.0382,8323.3464,NA,NA,NA
Stalker2-Win64-Shipping.exe,5640,0x4DD1D780,DXGI,0,0,1,Hardware Composed: Independent Flip,8425.0383,NA,51.93370000000000,49.79100000000000,0.23550000000000,44.37960000000000,44.4062,8373.3753,51.8985,51.6630,0.2355,45.6459,50.3967,48.0161,2.3806,0.2379,8373.3753,NA,NA,NA
Stalker2-Win64-Shipping.exe,5640,0x4DD1D780,DXGI,0,0,1,Hardware Composed: Independent Flip,8476.5580,NA,51.51970000000000,53.50710000000000,0.25810000000000,44.87480000000000,46.3936,8425.2738,51.5423,51.2842,0.2581,44.1441,52.0149,48.4360,3.5789,-1.6086,8425.2738,NA,NA,NA
Stalker2-Win64-Shipping.exe,5640,0x4DD1D780,DXGI,0,0,1,Hardware Composed: Independent Flip,8527.6764,NA,51.11840000000000,49.44540000000000,0.24670000000000,44.70760000000000,44.7206,8476.8161,51.1070,50.8603,0.2467,44.6167,50.9512,48.2223,2.7289,2.0969,8476.8161,NA,NA,NA
Stalker2-Win64-Shipping.exe,5640,0x4DD1D780,DXGI,0,0,1,Hardware Composed: Independent Flip,8580.1983,NA,52.52190000000000,53.30530000000000,0.25250000000000,45.48610000000000,45.5040,8527.9231,52.5277,52.2752,0.2525,44.4609,53.3004,48.6949,4.6055,-2.1983,8527.9231,NA,NA,NA
Stalker2-Win64-Shipping.exe,5640,0x4DD1D780,DXGI,0,0,1,Hardware Composed: Independent Flip,8632.8283,NA,52.63000000000000,53.59470000000000,0.33580000000000,44.88790000000000,46.4687,8580.4508,52.7133,52.3775,0.3358,45.2336,52.0318,48.0065,4.0253,-1.0670,8580.4508,NA,NA,NA
Stalker2-Win64-Shipping.exe,5640,0x4DD1D780,DXGI,0,0,1,Hardware Composed: Independent Flip,8684.9368,NA,52.10850000000000,50.82390000000000,0.26950000000000,45.15360000000000,45.1841,8633.1641,52.0422,51.7727,0.2695,44.5521,52.3742,48.3620,4.0122,1.8894,8633.1641,NA,NA,NA
Stalker2-Win64-Shipping.exe,5640,0x4DD1D780,DXGI,0,0,1,Hardware Composed: Independent Flip,8737.3815,NA,52.44470000000000,52.71050000000000,0.23060000000000,45.22980000000000,45.4499,8685.2063,52.4058,52.1752,0.2306,44.8841,52.5209,48.3902,4.1307,-0.6683,8685.2063,NA,NA,NA
Stalker2-Win64-Shipping.exe,5640,0x4DD1D780,DXGI,0,0,1,Hardware Composed: Independent Flip,8789.0386,NA,51.65710000000000,52.44080000000000,0.22900000000000,46.00050000000000,46.2336,8737.6121,51.6555,51.4265,0.2290,44.9992,52.4278,49.7345,2.6933,-0.0350,8737.6121,NA,NA,NA
Stalker2-Win64-Shipping.exe,5640,0x4DD1D780,DXGI,0,0,1,Hardware Composed: Independent Flip,8841.0135,NA,51.97490000000001,50.65040000000000,0.26400000000000,44.88630000000001,44.9091,8789.2676,52.0099,51.7459,0.2640,45.7715,50.8607,48.1685,2.6922,1.0051,8789.2676,NA,NA,NA
Stalker2-Win64-Shipping.exe,5640,0x4DD1D780,DXGI,0,0,1,Hardware Composed: Independent Flip,8892.8904,NA,51.87690000000000,52.23040000000000,0.30500000000000,45.24680000000000,45.2626,8841.2775,51.9179,51.6129,0.3050,44.6223,52.2374,48.4421,3.7953,-0.2205,8841.2775,NA,NA,NA
Stalker2-Win64-Shipping.exe,5640,0x4DD1D780,DXGI,0,0,1,Hardware Composed: Independent Flip,8944.7472,NA,51.85680000000000,52.51180000000000,0.22400000000000,44.93840000000000,45.9176,8893.1954,51.7758,51.5518,0.2240,44.9418,51.5484,48.3112,3.2372,-0.5939,8893.1954,NA,NA,NA
Stalker2-Win64-Shipping.exe,5640,0x4DD1D780,DXGI,0,0,1,Hardware Composed: Independent Flip,8997.3489,NA,52.60170000000000,51.64080000000001,0.31620000000000,44.93610000000000,44.9567,8944.9712,52.6939,52.3777,0.3162,44.7144,52.5994,48.2859,4.3135,0.1350,8944.9712,NA,NA,NA
Stalker2-Win64-Shipping.exe,5640,0x4DD1D780,DXGI,0,0,1,Hardware Composed: Independent Flip,9049.4474,NA,52.09850000000000,52.72050000000000,0.27380000000000,45.05140000000000,45.5787,8997.6651,52.0561,51.7823,0.2738,44.6199,52.2138,48.2180,3.9958,-0.0266,8997.6651,NA,NA,NA
Stalker2-Win64-Shipping.exe,5640,0x4DD1D780,DXGI,0,0,1,Hardware Composed: Independent Flip,9101.6179,NA,52.17050000000000,51.11730000000000,0.22120000000000,44.51180000000000,44.5255,9049.7212,52.1179,51.8967,0.2212,44.7776,51.6309,47.6592,3.9717,0.9388,9049.7212,NA,NA,NA
Stalker2-Win64-Shipping.exe,5640,0x4DD1D780,DXGI,0,0,1,Hardware Composed: Independent Flip,9154.5533,NA,52.93540000000000,52.94790000000000,0.34330000000000,44.52370000000001,44.5380,9101.8391,53.0575,52.7142,0.3433,44.2906,52.9473,48.1170,4.8303,-0.8300,9101.8391,NA,NA,NA
Stalker2-Win64-Shipping.exe,5640,0x4DD1D780,DXGI,0,0,1,Hardware Composed: Independent Flip,9206.6945,NA,52.14120000000000,53.09250000000000,0.24860000000000,44.66620000000000,45.4893,9154.8966,52.0465,51.7979,0.2486,44.1804,52.2837,48.0726,4.2111,-0.0350,9154.8966,NA,NA,NA
Stalker2-Win64-Shipping.exe,5640,0x4DD1D780,DXGI,0,0,1,Hardware Composed: Independent Flip,9258.8082,NA,52.11370000000000,50.97440000000000,0.26870000000000,44.33690000000000,44.3500,9206.9431,52.1338,51.8651,0.2687,44.4176,51.7844,47.7022,4.0822,1.0721,9206.9431,NA,NA,NA
Stalker2-Win64-Shipping.exe,5640,0x4DD1D780,DXGI,0,0,1,Hardware Composed: Independent Flip,9311.0130,NA,52.20480000000001,52.49930000000001,0.27370000000000,44.61830000000000,44.6445,9259.0769,52.2098,51.9361,0.2737,44.0682,52.4862,47.9174,4.5688,-0.3655,9259.0769,NA,NA,NA
Stalker2-Win64-Shipping.exe,5640,0x4DD1D780,DXGI,0,0,1,Hardware Composed: Independent Flip,9361.7836,NA,50.77060000000000,52.80340000000000,0.27360000000000,46.24940000000000,46.6773,9311.2867,50.7705,50.4969,0.2736,44.3446,52.4017,49.4765,2.9252,-0.5936,9311.2867,NA,NA,NA
Stalker2-Win64-Shipping.exe,5640,0x4DD1D780,DXGI,0,0,1,Hardware Composed: Independent Flip,9413.3944,NA,51.61080000000000,50.38670000000000,0.27040000000000,45.43230000000001,45.4532,9362.0572,51.6076,51.3372,0.2704,45.9758,50.7937,48.5892,2.2045,0.3838,9362.0572,NA,NA,NA
Stalker2-Win64-Shipping.exe,5640,0x4DD1D780,DXGI,0,0,1,Hardware Composed: Independent Flip,9465.6029,NA,52.20850000000000,51.75420000000000,0.29430000000000,44.98170000000000,44.9989,9413.6648,52.2324,51.9381,0.2943,45.1619,51.7579,48.2094,3.5485,-0.1466,9413.6648,NA,NA,NA
Stalker2-Win64-Shipping.exe,5640,0x4DD1D780,DXGI,0,0,1,Hardware Composed: Independent Flip,9517.4041,NA,51.80120000000000,52.49420000000000,0.24320000000000,44.94890000000000,45.6919,9465.8972,51.7501,51.5069,0.2432,44.6874,51.7684,48.0579,3.7105,-0.2618,9465.8972,NA,NA,NA
Stalker2-Win64-Shipping.exe,5640,0x4DD1D780,DXGI,0,0,1,Hardware Composed: Independent Flip,9568.8984,NA,51.49430000000000,50.63050000000000,0.25330000000000,44.81230000000000,44.8281,9517.6473,51.5044,51.2511,0.2533,44.7057,51.3577,48.0651,3.2926,1.1196,9517.6473,NA,NA,NA
Stalker2-Win64-Shipping.exe,5640,0x4DD1D780,DXGI,0,0,1,Hardware Composed: Independent Flip,9621.4063,NA,52.50790000000000,52.55590000000000,0.26350000000000,44.85560000000000,44.8761,9569.1517,52.5181,52.2546,0.2635,44.5590,52.5512,48.3751,4.1761,-1.0515,9569.1517,NA,NA,NA
Stalker2-Win64-Shipping.exe,5640,0x4DD1D780,DXGI,0,0,1,Hardware Composed: Independent Flip,9673.6196,NA,52.21330000000000,53.12140000000000,0.27040000000000,45.16930000000000,45.7842,9621.6698,52.2202,51.9498,0.2704,44.5921,52.5270,48.4229,4.1041,-0.6033,9621.6698,NA,NA,NA
Stalker2-Win64-Shipping.exe,5640,0x4DD1D780,DXGI,0,0,1,Hardware Composed: Independent Flip,9726.7802,NA,53.16060000000000,52.27190000000000,0.23270000000000,44.87920000000000,44.8955,9673.8900,53.1229,52.8902,0.2327,44.8989,52.8705,48.1863,4.6842,-0.0517,9673.8900,NA,NA,NA
Stalker2-Win64-Shipping.exe,5640,0x4DD1D780,DXGI,0,0,1,Hardware Composed: Independent Flip,9778.4152,NA,51.63500000000001,51.07520000000000,0.25950000000000,44.32090000000000,44.3357,9727.0129,51.6618,51.4023,0.2595,44.6465,51.0767,47.4436,3.6331,2.0477,9727.0129,NA,NA,NA
Stalker2-Win64-Shipping.exe,5640,0x4DD1D780,DXGI,0,0,1,Hardware Composed: Independent Flip,9831.2913,NA,52.87610000000000,53.33890000000000,0.30420000000000,44.78030000000000,44.7985,9778.6747,52.9208,52.6166,0.3042,44.0614,53.3355,48.4055,4.9300,-1.6771,9778.6747,NA,NA,NA
Stalker2-Win64-Shipping.exe,5640,0x4DD1D780,DXGI,0,0,1,Hardware Composed: Independent Flip,9882.9776,NA,51.68630000000000,52.94180000000000,0.24900000000000,44.82960000000000,46.0540,9831.5955,51.6311,51.3821,0.2490,44.4761,51.7356,48.0686,3.6670,-0.0210,9831.5955,NA,NA,NA
Stalker2-Win64-Shipping.exe,5640,0x4DD1D780,DXGI,0,0,1,Hardware Composed: Independent Flip,9935.0099,NA,52.03230000000000,49.95750000000000,0.24870000000000,43.96240000000000,43.9792,9883.2266,52.0320,51.7833,0.2487,44.5806,51.1651,47.7679,3.3972,1.6736,9883.2266,NA,NA,NA
Stalker2-Win64-Shipping.exe,5640,0x4DD1D780,DXGI,0,0,1,Hardware Composed: Independent Flip,9987.3749,NA,52.36500000000000,53.88990000000000,0.25430000000000,45.49050000000000,45.5041,9935.2586,52.3706,52.1163,0.2543,43.7137,53.8931,49.0858,4.8073,-1.8579,9935.2586,NA,NA,NA
Stalker2-Win64-Shipping.exe,5640,0x4DD1D780,DXGI,0,0,1,Hardware Composed: Independent Flip,10039.2262,NA,51.85130000000000,52.01200000000000,0.25800000000000,44.48240000000001,45.6648,9987.6292,51.8550,51.5970,0.2580,45.2362,50.8432,48.1610,2.6822,0.3586,9987.6292,NA,NA,NA
Stalker2-Win64-Shipping.exe,5640,0x4DD1D780,DXGI,0,0,1,Hardware Composed: Independent Flip,10091.7871,NA,52.56090000000000,51.65610000000000,0.30400000000000,44.70750000000000,44.7600,10039.4842,52.6069,52.3029,0.3040,44.2244,52.7860,47.8877,4.8983,0.1989,10039.4842,NA,NA,NA
Stalker2-Win64-Shipping.exe,5640,0x4DD1D780,DXGI,0,0,1,Hardware Composed: Independent Flip,10144.1961,NA,52.40900000000001,53.60420000000001,0.22350000000000,44.82540000000000,45.9552,10092.0911,52.3285,52.1050,0.2235,44.4035,52.5269,48.1833,4.3436,-0.9973,10092.0911,NA,NA,NA
Stalker2-Win64-Shipping.exe,5640,0x4DD1D780,DXGI,0,0,1,Hardware Composed: Independent Flip,10194.2682,NA,50.07210000000000,48.79170000000001,0.25990000000000,44.65950000000000,44.6748,10144.4196,50.1085,49.8486,0.2599,44.6019,49.9062,48.0448,1.8614,3.5368,10144.4196,NA,NA,NA
Stalker2-Win64-Shipping.exe,5640,0x4DD1D780,DXGI,0,0,1,Hardware Composed: Independent Flip,10246.9781,NA,52.70990000000000,52.78710000000000,0.23840000000000,44.72300000000000,44.7520,10194.5281,52.6884,52.4500,0.2384,44.3996,52.7734,48.2092,4.5642,-2.6786,10194.5281,NA,NA,NA
Stalker2-Win64-Shipping.exe,5640,0x4DD1D780,DXGI,0,0,1,Hardware Composed: Independent Flip,10298.0417,NA,51.06360000000000,53.16730000000000,0.27630000000000,44.96230000000000,46.8557,10247.2165,51.1015,50.8252,0.2763,44.4846,51.3029,48.0838,3.2191,-0.4789,10247.2165,NA,NA,NA
Stalker2-Win64-Shipping.exe,5640,0x4DD1D780,DXGI,0,0,1,Hardware Composed: Independent Flip,10349.3241,NA,51.28240000000000,49.23180000000000,0.25170000000000,44.77750000000000,44.8051,10298.3180,51.2578,51.0061,0.2517,44.6860,51.0976,47.9140,3.1836,1.8697,10298.3180,NA,NA,NA
Stalker2-Win64-Shipping.exe,5640,0x4DD1D780,DXGI,0,0,1,Hardware Composed: Independent Flip,10401.3216,NA,51.99750000000000,51.95270000000000,0.29780000000000,44.74580000000000,44.7603,10349.5758,52.0436,51.7458,0.2978,44.5258,51.9658,48.6226,3.3432,-0.6949,10349.5758,NA,NA,NA
Stalker2-Win64-Shipping.exe,5640,0x4DD1D780,DXGI,0,0,1,Hardware Composed: Independent Flip,10452.3347,NA,51.01310000000000,51.59800000000000,0.27820000000000,45.13410000000000,45.3452,10401.6194,50.9935,50.7153,0.2782,44.4480,51.4014,48.2978,3.1036,0.4456,10401.6194,NA,NA,NA
Stalker2-Win64-Shipping.exe,5640,0x4DD1D780,DXGI,0,0,1,Hardware Composed: Independent Flip,10503.7941,NA,51.45940000000000,50.99380000000000,0.25030000000000,44.85030000000000,44.8796,10452.6129,51.4315,51.1812,0.2503,44.8559,51.1756,48.1116,3.0640,-0.0003,10452.6129,NA,NA,NA
Stalker2-Win64-Shipping.exe,5640,0x4DD1D780,DXGI,0,0,1,Hardware Composed: Independent Flip,10556.1883,NA,52.39420000000000,52.12130000000001,0.24300000000000,44.59160000000000,44.6067,10504.0444,52.3869,52.1439,0.2430,44.6000,52.1355,47.6464,4.4891,-0.6898,10504.0444,NA,NA,NA
Stalker2-Win64-Shipping.exe,5640,0x4DD1D780,DXGI,0,0,1,Hardware Composed: Independent Flip,10608.1179,NA,51.92960000000000,53.96570000000001,0.30100000000000,46.18570000000000,46.6428,10556.4313,51.9876,51.6866,0.3010,44.3486,53.5237,49.9181,3.6056,-1.5788,10556.4313,NA,NA,NA
Stalker2-Win64-Shipping.exe,5640,0x4DD1D780,DXGI,0,0,1,Hardware Composed: Independent Flip,10660.5554,NA,52.43750000000000,51.34410000000000,0.25750000000000,44.80390000000000,45.5494,10608.4189,52.3940,52.1365,0.2575,45.8847,51.0557,48.2088,2.8469,0.6435,10608.4189,NA,NA,NA
Stalker2-Win64-Shipping.exe,5640,0x4DD1D780,DXGI,0,0,1,Hardware Composed: Independent Flip,10710.9516,NA,50.39620000000000,50.22830000000000,0.25960000000000,45.36600000000000,45.3815,10660.8129,50.3983,50.1387,0.2596,44.5464,50.9583,48.5056,2.4527,2.1657,10660.8129,NA,NA,NA
Stalker2-Win64-Shipping.exe,5640,0x4DD1D780,DXGI,0,0,1,Hardware Composed: Independent Flip,10762.7249,NA,51.77330000000000,51.57350000000000,0.26850000000000,44.89210000000000,45.1817,10711.2112,51.7822,51.5137,0.2685,45.1064,51.2994,47.9564,3.3430,-1.1752,10711.2112,NA,NA,NA
Stalker2-Win64-Shipping.exe,5640,0x4DD1D780,DXGI,0,0,1,Hardware Composed: Independent Flip,10814.0019,NA,51.27700000000000,51.28340000000000,0.26950000000000,45.16950000000000,45.1881,10762.9934,51.2780,51.0085,0.2695,44.6236,51.5544,48.4414,3.1130,0.4988,10762.9934,NA,NA,NA
Stalker2-Win64-Shipping.exe,5640,0x4DD1D780,DXGI,0,0,1,Hardware Composed: Independent Flip,10865.8104,NA,51.80850000000000,51.48170000000000,0.24440000000000,44.67250000000000,44.8613,10814.2714,51.7834,51.5390,0.2444,44.9000,51.3115,47.7465,3.5650,-0.2037,10814.2714,NA,NA,NA
Stalker2-Win64-Shipping.exe,5640,0x4DD1D780,DXGI,0,0,1,Hardware Composed: Independent Flip,10919.5489,NA,53.73850000000000,53.36020000000001,0.24580000000000,44.46420000000001,44.4830,10866.0548,53.7399,53.4941,0.2458,44.4281,53.5302,47.8552,5.6750,-1.5768,10866.0548,NA,NA,NA
Stalker2-Win64-Shipping.exe,5640,0x4DD1D780,DXGI,0,0,1,Hardware Composed: Independent Flip,10971.0075,NA,51.45860000000000,52.36020000000000,0.25160000000000,44.28660000000000,45.3846,10919.7947,51.4644,51.2128,0.2516,44.2184,51.2810,47.8285,3.4525,1.3797,10919.7947,NA,NA,NA
Stalker2-Win64-Shipping.exe,5640,0x4DD1D780,DXGI,0,0,1,Hardware Composed: Independent Flip,11022.7847,NA,51.77720000000000,51.42630000000000,0.27740000000000,44.99540000000000,45.0337,10971.2591,51.8030,51.5256,0.2774,44.0350,52.4860,48.6250,3.8610,0.0381,10971.2591,NA,NA,NA
Stalker2-Win64-Shipping.exe,5640,0x4DD1D780,DXGI,0,0,1,Hardware Composed: Independent Flip,11074.5141,NA,51.72940000000001,51.92330000000000,0.26970000000000,44.51070000000000,45.2276,11023.0621,51.7217,51.4520,0.2697,44.7180,51.2447,47.5917,3.6530,-0.1203,11023.0621,NA,NA,NA
Stalker2-Win64-Shipping.exe,5640,0x4DD1D780,DXGI,0,0,1,Hardware Composed: Independent Flip,11127.0809,NA,52.56680000000000,52.18220000000000,0.31110000000000,44.82360000000000,44.8430,11074.7838,52.6082,52.2971,0.3111,44.2410,52.8797,48.1945,4.6852,-0.4605,11074.7838,NA,NA,NA
Stalker2-Win64-Shipping.exe,5640,0x4DD1D780,DXGI,0,0,1,Hardware Composed: Independent Flip,11180.4578,NA,53.37690000000000,54.30380000000000,0.27100000000000,44.90620000000001,45.7699,11127.3920,53.3368,53.0658,0.2710,44.5125,53.4595,48.1596,5.2999,-1.6956,11127.3920,NA,NA,NA
Stalker2-Win64-Shipping.exe,5640,0x4DD1D780,DXGI,0,0,1,Hardware Composed: Independent Flip,11229.8114,NA,49.35360000000000,50.21280000000000,0.28850000000000,46.30470000000000,46.6291,11180.7288,49.3711,49.0826,0.2885,44.6352,50.7521,49.4179,1.3342,3.1240,11180.7288,NA,NA,NA
Stalker2-Win64-Shipping.exe,5640,0x4DD1D780,DXGI,0,0,1,Hardware Composed: Independent Flip,11283.0107,NA,53.19930000000000,51.81320000000000,0.27390000000000,45.22890000000000,45.2430,11230.0999,53.1847,52.9108,0.2739,46.0162,52.1235,48.4929,3.6306,-2.4421,11230.0999,NA,NA,NA
Stalker2-Win64-Shipping.exe,5640,0x4DD1D780,DXGI,0,0,1,Hardware Composed: Independent Flip,11333.4053,NA,50.39460000000000,51.26930000000000,0.25870000000000,44.70140000000000,46.1177,11283.2846,50.3794,50.1207,0.2587,44.9550,49.8671,47.7865,2.0806,1.9154,11283.2846,NA,NA,NA
Stalker2-Win64-Shipping.exe,5640,0x4DD1D780,DXGI,0,0,1,Hardware Composed: Independent Flip,11386.0571,NA,52.65180000000000,50.99480000000001,0.23360000000000,44.44110000000000,44.4607,11333.6640,52.6267,52.3931,0.2336,44.4427,52.3915,47.5413,4.8502,-0.6154,11333.6640,NA,NA,NA
Stalker2-Win64-Shipping.exe,5640,0x4DD1D780,DXGI,0,0,1,Hardware Composed: Independent Flip,11437.8005,NA,51.74340000000000,53.27800000000001,0.27800000000000,44.47200000000000,45.9953,11386.2907,51.7878,51.5098,0.2780,44.2075,51.7743,48.2103,3.5640,-0.6513,11386.2907,NA,NA,NA
Stalker2-Win64-Shipping.exe,5640,0x4DD1D780,DXGI,0,0,1,Hardware Composed: Independent Flip,11489.9716,NA,52.17110000000000,51.58740000000000,0.29010000000000,45.39080000000000,45.4116,11438.0785,52.1832,51.8931,0.2901,44.1940,53.0899,48.6652,4.4247,0.2004,11438.0785,NA,NA,NA
Stalker2-Win64-Shipping.exe,5640,0x4DD1D780,DXGI,0,0,1,Hardware Composed: Independent Flip,11541.5047,NA,51.53310000000000,51.51090000000000,0.26380000000000,44.80130000000000,45.3894,11490.2617,51.5068,51.2430,0.2638,45.1007,50.9436,47.9483,2.9953,0.6723,11490.2617,NA,NA,NA
Stalker2-Win64-Shipping.exe,5640,0x4DD1D780,DXGI,0,0,1,Hardware Composed: Independent Flip,11593.6422,NA,52.13750000000000,52.44850000000000,0.28620000000000,45.68670000000000,45.7004,11541.7685,52.1599,51.8737,0.2862,44.5375,53.0229,49.0432,3.9797,-0.9417,11541.7685,NA,NA,NA
Stalker2-Win64-Shipping.exe,5640,0x4DD1D780,DXGI,0,0,1,Hardware Composed: Independent Flip,11645.5533,NA,51.91110000000000,51.73930000000000,0.30150000000000,44.38880000000000,45.5286,11593.9284,51.9264,51.6249,0.3015,45.4005,50.6132,47.7912,2.8220,0.4206,11593.9284,NA,NA,NA
Stalker2-Win64-Shipping.exe,5640,0x4DD1D780,DXGI,0,0,1,Hardware Composed: Independent Flip,11697.0147,NA,51.46140000000000,50.32760000000000,0.27660000000000,44.37480000000000,44.3948,11645.8548,51.4365,51.1599,0.2766,44.0873,51.4474,47.5926,3.8548,1.5988,11645.8548,NA,NA,NA
Stalker2-Win64-Shipping.exe,5640,0x4DD1D780,DXGI,0,0,1,Hardware Composed: Independent Flip,11749.2191,NA,52.20440000000000,53.71780000000000,0.26290000000000,45.24050000000000,45.9082,11697.2913,52.1907,51.9278,0.2629,44.0982,53.0701,48.7851,4.2850,-2.2813,11697.2913,NA,NA,NA
Stalker2-Win64-Shipping.exe,5640,0x4DD1D780,DXGI,0,0,1,Hardware Composed: Independent Flip,11801.5417,NA,52.32260000000000,51.86310000000000,0.25000000000000,44.99020000000000,45.4487,11749.4820,52.3097,52.0597,0.2500,44.9776,52.0723,48.2126,3.8597,0.3276,11749.4820,NA,NA,NA
Stalker2-Win64-Shipping.exe,5640,0x4DD1D780,DXGI,0,0,1,Hardware Composed: Independent Flip,11854.0957,NA,52.55400000000000,52.99900000000000,0.30630000000000,45.87920000000000,45.8937,11801.7917,52.6103,52.3040,0.3063,44.7402,53.4430,49.1231,4.3199,-0.6893,11801.7917,NA,NA,NA
Stalker2-Win64-Shipping.exe,5640,0x4DD1D780,DXGI,0,0,1,Hardware Composed: Independent Flip,11906.1111,NA,52.01540000000000,52.15390000000000,0.26950000000000,45.01550000000000,46.0322,11854.4020,51.9786,51.7091,0.2695,45.5729,51.1517,48.1654,2.9863,0.4564,11854.4020,NA,NA,NA
Stalker2-Win64-Shipping.exe,5640,0x4DD1D780,DXGI,0,0,1,Hardware Composed: Independent Flip,11957.6069,NA,51.49580000000000,50.58040000000000,0.25350000000000,45.09670000000001,45.1168,11906.3806,51.4798,51.2263,0.2535,44.7460,51.5770,48.3585,3.2185,1.3982,11906.3806,NA,NA,NA
Stalker2-Win64-Shipping.exe,5640,0x4DD1D780,DXGI,0,0,1,Hardware Composed: Independent Flip,12009.8860,NA,52.27910000000000,53.07580000000000,0.24250000000000,45.56980000000000,45.9135,11957.8604,52.2681,52.0256,0.2425,44.8432,52.7522,48.8845,3.8677,-1.5960,11957.8604,NA,NA,NA
Stalker2-Win64-Shipping.exe,5640,0x4DD1D780,DXGI,0,0,1,Hardware Composed: Independent Flip,12061.6570,NA,51.77100000000000,50.77480000000000,0.26630000000000,44.68280000000000,44.9173,12010.1285,51.7948,51.5285,0.2663,45.3273,50.8840,47.9491,2.9349,1.4933,12010.1285,NA,NA,NA
Stalker2-Win64-Shipping.exe,5640,0x4DD1D780,DXGI,0,0,1,Hardware Composed: Independent Flip,12114.1080,NA,52.45100000000000,51.93670000000000,0.28650000000000,44.38900000000000,44.4030,12061.9233,52.4712,52.1847,0.2865,44.4165,52.1572,47.9352,4.2220,-0.1419,12061.9233,NA,NA,NA
Stalker2-Win64-Shipping.exe,5640,0x4DD1D780,DXGI,0,0,1,Hardware Composed: Independent Flip,12166.0287,NA,51.92070000000000,52.67730000000000,0.25570000000000,44.16450000000000,45.1596,12114.3945,51.8899,51.6342,0.2557,44.1025,51.6962,47.8244,3.8718,-0.2061,12114.3945,NA,NA,NA
Stalker2-Win64-Shipping.exe,5640,0x4DD1D780,DXGI,0,0,1,Hardware Composed: Independent Flip,12218.8067,NA,52.77800000000001,51.76710000000000,0.26580000000000,44.12250000000000,44.1487,12166.2844,52.7881,52.5223,0.2658,43.9088,52.7360,47.7069,5.0291,0.1228,12166.2844,NA,NA,NA
Stalker2-Win64-Shipping.exe,5640,0x4DD1D780,DXGI,0,0,1,Hardware Composed: Independent Flip,12270.9034,NA,52.09670000000001,53.35820000000000,0.28030000000000,44.89990000000000,45.4102,12219.0725,52.1112,51.8309,0.2803,43.8567,52.8741,48.1398,4.7343,-0.5701,12219.0725,NA,NA,NA
Stalker2-Win64-Shipping.exe,5640,0x4DD1D780,DXGI,0,0,1,Hardware Composed: Independent Flip,12323.2976,NA,52.39420000000000,52.02550000000000,0.25340000000000,44.88660000000000,45.0415,12271.1837,52.3673,52.1139,0.2534,44.6196,52.3809,48.1347,4.2462,0.0857,12271.1837,NA,NA,NA
Stalker2-Win64-Shipping.exe,5640,0x4DD1D780,DXGI,0,0,1,Hardware Composed: Independent Flip,12374.5808,NA,51.28320000000000,51.15220000000000,0.26160000000000,44.88450000000000,44.9105,12323.5510,51.2914,51.0298,0.2616,44.6332,51.2811,48.0717,3.2094,1.2151,12323.5510,NA,NA,NA
Stalker2-Win64-Shipping.exe,5640,0x4DD1D780,DXGI,0,0,1,Hardware Composed: Independent Flip,12426.5427,NA,51.96190000000000,51.37320000000000,0.25430000000000,44.29880000000000,44.3218,12374.8424,51.9546,51.7003,0.2543,44.6229,51.3762,47.4139,3.9623,-0.0818,12374.8424,NA,NA,NA
Stalker2-Win64-Shipping.exe,5640,0x4DD1D780,DXGI,0,0,1,Hardware Composed: Independent Flip,12478.1617,NA,51.61900000000000,53.23750000000000,0.24570000000000,45.87560000000001,45.9403,12426.7970,51.6104,51.3647,0.2457,44.0445,53.1958,49.7432,3.4526,-1.2829,12426.7970,NA,NA,NA
Stalker2-Win64-Shipping.exe,5640,0x4DD1D780,DXGI,0,0,1,Hardware Composed: Independent Flip,12529.6763,NA,51.51460000000000,51.21130000000000,0.25350000000000,44.93180000000000,45.6370,12478.4074,51.5224,51.2689,0.2535,45.6299,50.5708,48.6019,1.9689,0.3991,12478.4074,NA,NA,NA
Stalker2-Win64-Shipping.exe,5640,0x4DD1D780,DXGI,0,0,1,Hardware Composed: Independent Flip,12581.0875,NA,51.41120000000000,51.29180000000000,0.24340000000000,45.50810000000000,45.5176,12529.9298,51.4011,51.1577,0.2434,44.6783,51.9875,49.1934,2.7941,0.2306,12529.9298,NA,NA,NA
Stalker2-Win64-Shipping.exe,5640,0x4DD1D780,DXGI,0,0,1,Hardware Composed: Independent Flip,12632.5217,NA,51.43420000000000,52.02590000000000,0.26170000000000,45.18080000000000,46.1093,12581.3309,51.4525,51.1908,0.2617,45.2647,51.1069,48.3874,2.7195,-0.6248,12581.3309,NA,NA,NA
Stalker2-Win64-Shipping.exe,5640,0x4DD1D780,DXGI,0,0,1,Hardware Composed: Independent Flip,12683.7022,NA,51.18050000000000,49.83110000000000,0.25710000000000,44.74440000000000,44.7599,12632.7834,51.1759,50.9188,0.2571,44.9191,50.7441,47.9113,2.8328,1.6214,12632.7834,NA,NA,NA
Stalker2-Win64-Shipping.exe,5640,0x4DD1D780,DXGI,0,0,1,Hardware Composed: Independent Flip,12735.7437,NA,52.04150000000000,52.02920000000000,0.27660000000000,44.72800000000000,44.7476,12683.9593,52.0610,51.7844,0.2766,44.4873,52.0251,47.9927,4.0324,-0.8533,12683.9593,NA,NA,NA
Stalker2-Win64-Shipping.exe,5640,0x4DD1D780,DXGI,0,0,1,Hardware Composed: Independent Flip,12787.1308,NA,51.38710000000000,51.31640000000000,0.25580000000000,44.22280000000000,44.6769,12736.0203,51.3663,51.1105,0.2558,44.4514,50.8819,47.2410,3.6409,0.7446,12736.0203,NA,NA,NA
Stalker2-Win64-Shipping.exe,5640,0x4DD1D780,DXGI,0,0,1,Hardware Composed: Independent Flip,12839.0557,NA,51.92490000000000,51.75470000000000,0.25460000000000,44.48250000000000,44.5067,12787.3866,51.9237,51.6691,0.2546,43.9670,52.1846,47.9571,4.2275,-0.3884,12787.3866,NA,NA,NA
Stalker2-Win64-Shipping.exe,5640,0x4DD1D780,DXGI,0,0,1,Hardware Composed: Independent Flip,12890.5510,NA,51.49530000000000,52.80150000000000,0.28280000000000,45.12690000000000,45.8129,12839.3103,51.5235,51.2407,0.2828,44.2279,52.1397,48.5280,3.6117,-0.8778,12839.3103,NA,NA,NA
Stalker2-Win64-Shipping.exe,5640,0x4DD1D780,DXGI,0,0,1,Hardware Composed: Independent Flip,12942.2986,NA,51.74760000000001,50.95370000000000,0.25960000000000,45.00500000000000,45.0190,12890.8338,51.7244,51.4648,0.2596,44.8441,51.6257,48.2542,3.3715,0.5698,12890.8338,NA,NA,NA
Stalker2-Win64-Shipping.exe,5640,0x4DD1D780,DXGI,0,0,1,Hardware Composed: Independent Flip,12993.8179,NA,51.51930000000000,51.36740000000000,0.26810000000000,44.85230000000000,44.8671,12942.5582,51.5278,51.2597,0.2681,44.7454,51.3666,48.0737,3.2929,0.3570,12942.5582,NA,NA,NA
Stalker2-Win64-Shipping.exe,5640,0x4DD1D780,DXGI,0,0,1,Hardware Composed: Independent Flip,13044.9504,NA,51.13250000000000,51.42600000000000,0.30330000000000,44.96680000000000,45.1606,12994.0860,51.1677,50.8644,0.3033,44.5842,51.2470,48.1067,3.1403,0.1018,12994.0860,NA,NA,NA
Stalker2-Win64-Shipping.exe,5640,0x4DD1D780,DXGI,0,0,1,Hardware Composed: Independent Flip,13096.2041,NA,51.25370000000000,52.44800000000000,0.25540000000000,46.33510000000000,46.3549,13045.2537,51.2058,50.9504,0.2554,44.6635,52.6220,49.6100,3.0120,-1.2803,13045.2537,NA,NA,NA
Stalker2-Win64-Shipping.exe,5640,0x4DD1D780,DXGI,0,0,1,Hardware Composed: Independent Flip,13147.2147,NA,51.01060000000000,49.94330000000000,0.25070000000000,44.58030000000000,45.2876,13096.4595,51.0059,50.7552,0.2507,46.0797,49.2558,48.1874,1.0684,1.2625,13096.4595,NA,NA,NA
Stalker2-Win64-Shipping.exe,5640,0x4DD1D780,DXGI,0,0,1,Hardware Composed: Independent Flip,13198.3080,NA,51.09330000000000,50.28230000000000,0.24870000000000,44.45880000000000,44.4766,13147.4654,51.0913,50.8426,0.2487,44.3296,50.9718,48.2298,2.7420,0.7236,13147.4654,NA,NA,NA
Stalker2-Win64-Shipping.exe,5640,0x4DD1D780,DXGI,0,0,1,Hardware Composed: Independent Flip,13249.6489,NA,51.34090000000000,52.93390000000000,0.27090000000000,44.96770000000000,46.0696,13198.5567,51.3631,51.0922,0.2709,44.2101,51.8498,48.6021,3.2477,-1.8426,13198.5567,NA,NA,NA
Stalker2-Win64-Shipping.exe,5640,0x4DD1D780,DXGI,0,0,1,Hardware Composed: Independent Flip,13300.7934,NA,51.14450000000000,50.56570000000000,0.24090000000000,45.47530000000000,45.4908,13249.9198,51.1145,50.8736,0.2409,44.6968,51.6521,49.0798,2.5723,0.7974,13249.9198,NA,NA,NA
Stalker2-Win64-Shipping.exe,5640,0x4DD1D780,DXGI,0,0,1,Hardware Composed: Independent Flip,13352.8529,NA,52.05950000000000,52.00320000000000,0.26500000000000,45.42050000000000,45.4345,13301.0343,52.0836,51.8186,0.2650,45.2344,52.0047,48.6107,3.3940,-0.8887,13301.0343,NA,NA,NA
Stalker2-Win64-Shipping.exe,5640,0x4DD1D780,DXGI,0,0,1,Hardware Composed: Independent Flip,13404.4111,NA,51.55820000000000,51.39390000000000,0.26140000000000,44.81580000000000,45.2702,13353.1179,51.5546,51.2932,0.2614,45.1555,50.9535,47.9748,2.9787,0.6897,13353.1179,NA,NA,NA
Stalker2-Win64-Shipping.exe,5640,0x4DD1D780,DXGI,0,0,1,Hardware Composed: Independent Flip,13456.2080,NA,51.79690000000000,51.47520000000000,0.25340000000000,44.92920000000000,44.9485,13404.6725,51.7889,51.5355,0.2534,44.5544,51.9103,48.1891,3.7212,0.0794,13404.6725,NA,NA,NA
Stalker2-Win64-Shipping.exe,5640,0x4DD1D780,DXGI,0,0,1,Hardware Composed: Independent Flip,13507.9033,NA,51.69530000000000,52.29560000000000,0.27670000000000,45.00980000000001,45.5488,13456.4614,51.7186,51.4419,0.2767,44.6758,51.7759,48.2069,3.5690,-0.5067,13456.4614,NA,NA,NA
Stalker2-Win64-Shipping.exe,5640,0x4DD1D780,DXGI,0,0,1,Hardware Composed: Independent Flip,13559.0644,NA,51.16110000000000,50.66630000000000,0.27000000000000,45.03950000000000,45.0540,13508.1800,51.1544,50.8844,0.2700,44.7331,51.1908,48.9592,2.2316,1.0523,13508.1800,NA,NA,NA
Stalker2-Win64-Shipping.exe,5640,0x4DD1D780,DXGI,0,0,1,Hardware Composed: Independent Flip,13611.5628,NA,52.49840000000000,52.12010000000000,0.26280000000000,44.65950000000000,44.6757,13559.3344,52.4912,52.2284,0.2628,44.7695,52.1184,47.9994,4.1190,-0.9657,13559.3344,NA,NA,NA
Stalker2-Win64-Shipping.exe,5640,0x4DD1D780,DXGI,0,0,1,Hardware Composed: Independent Flip,13662.4674,NA,50.90460000000000,51.67230000000000,0.24270000000000,44.83630000000000,45.4434,13611.8256,50.8845,50.6418,0.2427,44.3967,51.0814,48.2599,2.8215,0.8189,13611.8256,NA,NA,NA
Stalker2-Win64-Shipping.exe,5640,0x4DD1D780,DXGI,0,0,1,Hardware Composed: Independent Flip,13715.2889,NA,52.82150000000000,53.35410000000000,0.25980000000000,45.95910000000000,45.9760,13662.7101,52.8386,52.5788,0.2598,44.5936,53.9443,49.2620,4.6823,-2.4696,13662.7101,NA,NA,NA
Stalker2-Win64-Shipping.exe,5640,0x4DD1D780,DXGI,0,0,1,Hardware Composed: Independent Flip,13765.6004,NA,50.31150000000000,51.26750000000001,0.26450000000000,45.42750000000000,46.9320,13715.5487,50.3162,50.0517,0.2645,45.6993,49.7799,48.5017,1.2782,1.5711,13715.5487,NA,NA,NA
Stalker2-Win64-Shipping.exe,5640,0x4DD1D780,DXGI,0,0,1,Hardware Composed: Independent Flip,13817.0605,NA,51.46010000000000,49.46380000000000,0.25730000000000,44.91470000000000,44.9357,13765.8649,51.4529,51.1956,0.2573,45.1630,50.9473,48.0705,2.8768,0.8524,13765.8649,NA,NA,NA
Stalker2-Win64-Shipping.exe,5640,0x4DD1D780,DXGI,0,0,1,Hardware Composed: Independent Flip,13868.8629,NA,51.80240000000001,52.44560000000001,0.24990000000000,44.76830000000000,45.5789,13817.3178,51.7950,51.5451,0.2499,44.6574,51.6560,48.3275,3.3285,-0.9927,13817.3178,NA,NA,NA
Stalker2-Win64-Shipping.exe,5640,0x4DD1D780,DXGI,0,0,1,Hardware Composed: Independent Flip,13919.7458,NA,50.88290000000000,50.15250000000000,0.25320000000000,44.82860000000000,44.8485,13869.1128,50.8862,50.6330,0.2532,44.5184,50.9432,48.9371,2.0061,1.6425,13869.1128,NA,NA,NA
Stalker2-Win64-Shipping.exe,5640,0x4DD1D780,DXGI,0,0,1,Hardware Composed: Independent Flip,13972.3282,NA,52.58240000000000,52.97860000000000,0.26910000000000,45.22690000000000,45.2447,13919.9990,52.5983,52.3292,0.2691,44.5754,52.9807,48.5030,4.4777,-2.0924,13919.9990,NA,NA,NA
Stalker2-Win64-Shipping.exe,5640,0x4DD1D780,DXGI,0,0,1,Hardware Composed: Independent Flip,14024.0551,NA,51.72690000000000,52.49550000000000,0.25490000000000,44.79650000000000,46.0133,13972.5973,51.7127,51.4578,0.2549,44.9578,51.2965,47.9944,3.3021,0.1028,13972.5973,NA,NA,NA
Stalker2-Win64-Shipping.exe,5640,0x4DD1D780,DXGI,0,0,1,Hardware Composed: Independent Flip,14075.9619,NA,51.90680000000000,51.50760000000000,0.24780000000000,45.59990000000001,45.6141,14024.3100,51.8997,51.6519,0.2478,44.5416,52.7102,48.9525,3.7577,0.2051,14024.3100,NA,NA,NA
Stalker2-Win64-Shipping.exe,5640,0x4DD1D780,DXGI,0,0,1,Hardware Composed: Independent Flip,14128.0877,NA,52.12580000000001,52.18090000000000,0.28230000000000,44.93910000000000,45.6692,14076.2097,52.1603,51.8780,0.2823,45.3521,51.4650,48.6673,2.7977,-0.2812,14076.2097,NA,NA,NA
Stalker2-Win64-Shipping.exe,5640,0x4DD1D780,DXGI,0,0,1,Hardware Composed: Independent Flip,14179.5033,NA,51.41560000000000,51.15850000000000,0.25730000000000,45.38520000000000,45.4121,14128.3700,51.3906,51.1333,0.2573,44.6568,51.8617,48.7099,3.1518,1.0018,14128.3700,NA,NA,NA
Stalker2-Win64-Shipping.exe,5640,0x4DD1D780,DXGI,0,0,1,Hardware Composed: Independent Flip,14231.0675,NA,51.56420000000000,51.67910000000001,0.26690000000000,45.24080000000000,45.5270,14179.7606,51.5738,51.3069,0.2669,45.1279,51.4198,48.4952,2.9246,-0.2885,14179.7606,NA,NA,NA
Stalker2-Win64-Shipping.exe,5640,0x4DD1D780,DXGI,0,0,1,Hardware Composed: Independent Flip,14282.8380,NA,51.77050000000001,51.08990000000000,0.27530000000000,44.82650000000000,44.8464,14231.3344,51.7789,51.5036,0.2753,44.9739,51.3562,48.1551,3.2011,0.4839,14231.3344,NA,NA,NA
Stalker2-Win64-Shipping.exe,5640,0x4DD1D780,DXGI,0,0,1,Hardware Composed: Independent Flip,14334.0714,NA,51.23340000000000,52.54000000000000,0.25770000000000,45.99220000000000,46.1530,14283.1133,51.2158,50.9581,0.2577,44.5512,52.3991,49.1445,3.2546,-0.7611,14283.1133,NA,NA,NA
Stalker2-Win64-Shipping.exe,5640,0x4DD1D780,DXGI,0,0,1,Hardware Composed: Independent Flip,14385.8676,NA,51.79620000000001,50.50670000000000,0.24810000000000,44.43750000000000,44.8635,14334.3291,51.7866,51.5385,0.2481,45.7345,50.2415,47.7253,2.5162,0.7091,14334.3291,NA,NA,NA
Stalker2-Win64-Shipping.exe,5640,0x4DD1D780,DXGI,0,0,1,Hardware Composed: Independent Flip,14439.5807,NA,53.71310000000000,55.11740000000000,0.27110000000000,46.24500000000000,46.2678,14386.1157,53.7361,53.4650,0.2711,44.1894,55.5206,49.9568,5.5638,-3.3308,14386.1157,NA,NA,NA
Stalker2-Win64-Shipping.exe,5640,0x4DD1D780,DXGI,0,0,1,Hardware Composed: Independent Flip,14492.5478,NA,52.96710000000000,54.36580000000000,0.26650000000000,44.83450000000001,47.6665,14439.8518,52.9625,52.6960,0.2665,45.9739,51.5566,48.1714,3.3852,-0.6297,14439.8518,NA,NA,NA
Stalker2-Win64-Shipping.exe,5640,0x4DD1D780,DXGI,0,0,1,Hardware Composed: Independent Flip,14542.5071,NA,49.95930000000000,47.44170000000000,0.29310000000000,45.12680000000000,45.1489,14492.8143,49.9859,49.6928,0.2931,44.5680,50.2516,48.2243,2.0273,5.5208,14492.8143,NA,NA,NA
Stalker2-Win64-Shipping.exe,5640,0x4DD1D780,DXGI,0,0,1,Hardware Composed: Independent Flip,14594.4341,NA,51.92700000000000,51.49300000000000,0.31160000000000,44.69770000000000,44.7149,14542.8002,51.9455,51.6339,0.3116,44.8337,51.4979,47.7187,3.7792,-1.5071,14542.8002,NA,NA,NA
Stalker2-Win64-Shipping.exe,5640,0x4DD1D780,DXGI,0,0,1,Hardware Composed: Independent Flip,14646.3532,NA,51.91910000000000,52.57840000000000,0.22730000000000,44.83850000000000,45.3742,14594.7457,51.8348,51.6075,0.2273,44.3861,52.0599,48.1319,3.9280,-0.6329,14594.7457,NA,NA,NA
Stalker2-Win64-Shipping.exe,5640,0x4DD1D780,DXGI,0,0,1,Hardware Composed: Independent Flip,14699.5660,NA,53.21280000000000,52.60590000000001,0.26540000000000,44.72630000000000,44.7673,14646.5805,53.2509,52.9855,0.2654,44.6112,53.1006,48.3416,4.7590,-0.7711,14646.5805,NA,NA,NA
Stalker2-Win64-Shipping.exe,5640,0x4DD1D780,DXGI,0,0,1,Hardware Composed: Independent Flip,14751.4039,NA,51.83790000000000,53.04130000000000,0.27960000000000,45.59900000000000,45.9707,14699.8314,51.8521,51.5725,0.2796,44.4609,52.7106,49.2235,3.4871,0.2096,14699.8314,NA,NA,NA
Stalker2-Win64-Shipping.exe,5640,0x4DD1D780,DXGI,0,0,1,Hardware Composed: Independent Flip,14804.7424,NA,53.33850000000000,52.42390000000000,0.25940000000000,44.95820000000001,45.0561,14751.6835,53.3183,53.0589,0.2594,45.3194,52.6977,48.2457,4.4520,-0.5718,14751.6835,NA,NA,NA
Stalker2-Win64-Shipping.exe,5640,0x4DD1D780,DXGI,0,0,1,Hardware Composed: Independent Flip,14855.7660,NA,51.02360000000000,51.49900000000000,0.27060000000000,45.51710000000000,45.5315,14805.0018,51.0348,50.7642,0.2706,44.6988,51.5825,48.7614,2.8211,1.8193,14805.0018,NA,NA,NA
Stalker2-Win64-Shipping.exe,5640,0x4DD1D780,DXGI,0,0,1,Hardware Composed: Independent Flip,14907.6984,NA,51.93240000000000,50.86770000000000,0.26550000000000,44.44740000000000,44.4668,14856.0366,51.9273,51.6618,0.2655,45.2465,50.8627,48.0922,2.7705,0.1671,14856.0366,NA,NA,NA
Stalker2-Win64-Shipping.exe,5640,0x4DD1D780,DXGI,0,0,1,Hardware Composed: Independent Flip,14958.6629,NA,50.96450000000000,52.41120000000000,0.24640000000000,45.90040000000000,45.9135,14907.9639,50.9454,50.6990,0.2464,44.1819,52.4175,49.5004,2.9171,-0.4839,14907.9639,NA,NA,NA
Stalker2-Win64-Shipping.exe,5640,0x4DD1D780,DXGI,0,0,1,Hardware Composed: Independent Flip,15011.0112,NA,52.34830000000000,51.30620000000000,0.27070000000000,44.37610000000000,44.8714,14958.9093,52.3726,52.1019,0.2707,45.6540,50.8240,47.8098,3.0142,-0.3608,14958.9093,NA,NA,NA
Stalker2-Win64-Shipping.exe,5640,0x4DD1D780,DXGI,0,0,1,Hardware Composed: Independent Flip,15062.3351,NA,51.32390000000000,51.46070000000000,0.27950000000000,44.99080000000000,45.0082,15011.2819,51.3327,51.0532,0.2795,44.1054,51.9386,48.2156,3.7230,0.9119,15011.2819,NA,NA,NA
Stalker2-Win64-Shipping.exe,5640,0x4DD1D780,DXGI,0,0,1,Hardware Composed: Independent Flip,15114.0448,NA,51.70970000000001,51.52890000000000,0.26990000000000,44.16090000000001,44.8274,15062.6146,51.7001,51.4302,0.2699,44.7113,50.8798,47.2953,3.5845,-0.1962,15062.6146,NA,NA,NA
Stalker2-Win64-Shipping.exe,5640,0x4DD1D780,DXGI,0,0,1,Hardware Composed: Independent Flip,15165.4839,NA,51.43910000000000,51.30280000000000,0.24160000000000,44.67760000000001,44.6911,15114.3147,51.4108,51.1692,0.2416,43.8910,51.9558,47.8677,4.0881,0.3973,15114.3147,NA,NA,NA
Stalker2-Win64-Shipping.exe,5640,0x4DD1D780,DXGI,0,0,1,Hardware Composed: Independent Flip,15217.5377,NA,52.05380000000000,52.54540000000000,0.27100000000000,44.56420000000000,45.1827,15165.7255,52.0832,51.8122,0.2710,44.4360,51.9404,47.9129,4.0275,-1.1346,15165.7255,NA,NA,NA
Stalker2-Win64-Shipping.exe,5640,0x4DD1D780,DXGI,0,0,1,Hardware Composed: Independent Flip,15270.4374,NA,52.89970000000000,52.66340000000000,0.25610000000000,44.93530000000001,44.9464,15217.8087,52.8848,52.6287,0.2561,44.2932,53.2708,48.1292,5.1416,-0.5802,15217.8087,NA,NA,NA
Stalker2-Win64-Shipping.exe,5640,0x4DD1D780,DXGI,0,0,1,Hardware Composed: Independent Flip,15321.6955,NA,51.25810000000001,51.51220000000000,0.32470000000000,44.59110000000000,45.2005,15270.6935,51.3267,51.0020,0.3247,44.6792,50.9139,47.8923,3.0216,1.3726,15270.6935,NA,NA,NA
Stalker2-Win64-Shipping.exe,5640,0x4DD1D780,DXGI,0,0,1,Hardware Composed: Independent Flip,15372.9744,NA,51.27890000000000,51.12810000000000,0.26130000000000,45.03470000000000,45.0497,15322.0202,51.2155,50.9542,0.2613,44.2664,51.7225,48.3116,3.4109,0.1986,15322.0202,NA,NA,NA
Stalker2-Win64-Shipping.exe,5640,0x4DD1D780,DXGI,0,0,1,Hardware Composed: Independent Flip,15424.2659,NA,51.29150000000000,51.57430000000000,0.30010000000000,44.77110000000000,45.3325,15373.2357,51.3303,51.0302,0.3001,44.7734,51.0279,47.9190,3.1089,-0.3588,15373.2357,NA,NA,NA
Stalker2-Win64-Shipping.exe,5640,0x4DD1D780,DXGI,0,0,1,Hardware Composed: Independent Flip,15475.5372,NA,51.27130000000000,50.36020000000000,0.26090000000000,44.40490000000000,44.4214,15424.5660,51.2321,50.9712,0.2609,44.4710,50.9051,47.8603,3.0448,0.9701,15424.5660,NA,NA,NA
Stalker2-Win64-Shipping.exe,5640,0x4DD1D780,DXGI,0,0,1,Hardware Composed: Independent Flip,15528.1217,NA,52.58450000000001,52.79680000000000,0.25690000000000,44.60610000000000,44.6337,15475.7981,52.5805,52.3236,0.2569,44.1440,52.7857,48.1540,4.6317,-1.5647,15475.7981,NA,NA,NA
Stalker2-Win64-Shipping.exe,5640,0x4DD1D780,DXGI,0,0,1,Hardware Composed: Independent Flip,15577.7105,NA,49.58880000000000,51.63830000000000,0.25860000000000,46.00970000000000,46.6832,15528.3786,49.5905,49.3319,0.2586,44.3492,50.9924,49.1678,1.8246,0.9422,15528.3786,NA,NA,NA
Stalker2-Win64-Shipping.exe,5640,0x4DD1D780,DXGI,0,0,1,Hardware Composed: Independent Flip,15629.7352,NA,52.02470000000000,49.98290000000000,0.25460000000000,44.62800000000000,44.6414,15577.9691,52.0207,51.7661,0.2546,45.7511,50.6430,47.9126,2.7304,-0.3924,15577.9691,NA,NA,NA
Stalker2-Win64-Shipping.exe,5640,0x4DD1D780,DXGI,0,0,1,Hardware Composed: Independent Flip,15681.0715,NA,51.33630000000000,51.67910000000001,0.25490000000000,44.96990000000000,44.9842,15629.9898,51.3366,51.0817,0.2549,44.3734,51.6782,48.1382,3.5400,0.3416,15629.9898,NA,NA,NA
Stalker2-Win64-Shipping.exe,5640,0x4DD1D780,DXGI,0,0,1,Hardware Composed: Independent Flip,15732.1444,NA,51.07290000000000,51.06640000000000,0.30230000000000,44.74280000000000,44.9777,15681.3264,51.1203,50.8180,0.3023,44.7150,50.8458,47.8645,2.9813,0.2702,15681.3264,NA,NA,NA
Stalker2-Win64-Shipping.exe,5640,0x4DD1D780,DXGI,0,0,1,Hardware Composed: Independent Flip,15783.2402,NA,51.09580000000000,51.70660000000000,0.27760000000000,45.56860000000000,45.5885,15732.4467,51.0711,50.7935,0.2776,44.4405,51.9216,48.7647,3.1569,-0.5863,15732.4467,NA,NA,NA
Stalker2-Win64-Shipping.exe,5640,0x4DD1D780,DXGI,0,0,1,Hardware Composed: Independent Flip,15836.1266,NA,52.88640000000000,51.52470000000000,0.24160000000000,43.65260000000000,44.2268,15783.5178,52.8504,52.6088,0.2416,45.2910,50.9704,46.8493,4.1211,-0.4536,15783.5178,NA,NA,NA
Stalker2-Win64-Shipping.exe,5640,0x4DD1D780,DXGI,0,0,1,Hardware Composed: Independent Flip,15888.3000,NA,52.17340000000000,52.17460000000001,0.24560000000000,44.21410000000000,44.2280,15836.3682,52.1774,51.9318,0.2456,43.4110,52.7349,47.7692,4.9657,0.6758,15836.3682,NA,NA,NA
Stalker2-Win64-Shipping.exe,5640,0x4DD1D780,DXGI,0,0,1,Hardware Composed: Independent Flip,15940.6871,NA,52.38710000000000,52.91780000000000,0.26530000000000,43.85100000000000,44.7587,15888.5456,52.4068,52.1415,0.2653,43.9685,52.0240,47.4301,4.5939,-0.7404,15888.5456,NA,NA,NA
Stalker2-Win64-Shipping.exe,5640,0x4DD1D780,DXGI,0,0,1,Hardware Composed: Independent Flip,15992.1941,NA,51.50700000000001,51.58700000000000,0.23640000000000,44.82560000000000,44.8387,15940.9524,51.4781,51.2417,0.2364,43.5857,52.4816,48.5079,3.9737,0.8198,15940.9524,NA,NA,NA
Stalker2-Win64-Shipping.exe,5640,0x4DD1D780,DXGI,0,0,1,Hardware Composed: Independent Flip,16044.5339,NA,52.33980000000000,52.30290000000000,0.26430000000000,44.58880000000000,44.8018,15992.4305,52.3677,52.1034,0.2643,44.5892,52.1030,47.8650,4.2380,-0.8248,15992.4305,NA,NA,NA
Stalker2-Win64-Shipping.exe,5640,0x4DD1D780,DXGI,0,0,1,Hardware Composed: Independent Flip,16096.3699,NA,51.83600000000001,52.45100000000000,0.26760000000000,45.40140000000000,45.4168,16044.7982,51.8393,51.5717,0.2676,44.3245,52.6486,48.6588,3.9898,-0.0833,16044.7982,NA,NA,NA
Stalker2-Win64-Shipping.exe,5640,0x4DD1D780,DXGI,0,0,1,Hardware Composed: Independent Flip,16148.0953,NA,51.72540000000000,51.63800000000001,0.25720000000000,45.05950000000000,45.3294,16096.6375,51.7150,51.4578,0.2572,45.1338,51.3835,48.2809,3.1026,0.2013,16096.6375,NA,NA,NA
Stalker2-Win64-Shipping.exe,5640,0x4DD1D780,DXGI,0,0,1,Hardware Composed: Independent Flip,16199.3685,NA,51.27320000000000,51.56010000000001,0.25670000000000,45.59510000000000,45.6163,16148.3525,51.2727,51.0160,0.2567,44.8023,51.8088,49.0569,2.7519,0.1549,16148.3525,NA,NA,NA
Stalker2-Win64-Shipping.exe,5640,0x4DD1D780,DXGI,0,0,1,Hardware Composed: Independent Flip,16250.8505,NA,51.48200000000000,51.36580000000000,0.26680000000000,45.20470000000000,45.5001,16199.6252,51.4921,51.2253,0.2668,45.3384,51.0916,48.7659,2.3257,-0.0931,16199.6252,NA,NA,NA
Stalker2-Win64-Shipping.exe,5640,0x4DD1D780,DXGI,0,0,1,Hardware Composed: Independent Flip,16302.2051,NA,51.35460000000000,50.99400000000000,0.30420000000000,45.11170000000000,45.1395,16251.1173,51.3920,51.0878,0.3042,44.9379,51.2616,48.4070,2.8546,0.4981,16251.1173,NA,NA,NA
Stalker2-Win64-Shipping.exe,5640,0x4DD1D780,DXGI,0,0,1,Hardware Composed: Independent Flip,16353.5872,NA,51.38210000000000,51.67550000000000,0.26720000000000,45.26660000000000,45.4329,16302.5093,51.3451,51.0779,0.2672,44.8075,51.5370,48.4241,3.1129,-0.2835,16302.5093,NA,NA,NA
Stalker2-Win64-Shipping.exe,5640,0x4DD1D780,DXGI,0,0,1,Hardware Composed: Independent Flip,16405.3727,NA,51.78550000000000,51.68930000000000,0.28090000000000,45.29870000000000,45.3367,16353.8544,51.7992,51.5183,0.2809,44.9994,51.8176,48.5100,3.3076,-0.3442,16353.8544,NA,NA,NA
Stalker2-Win64-Shipping.exe,5640,0x4DD1D780,DXGI,0,0,1,Hardware Composed: Independent Flip,16457.3315,NA,51.95880000000000,51.49510000000000,0.27470000000000,44.65510000000000,44.8730,16405.6536,51.9526,51.6779,0.2747,45.0178,51.3152,47.6852,3.6300,0.3041,16405.6536,NA,NA,NA
Stalker2-Win64-Shipping.exe,5640,0x4DD1D780,DXGI,0,0,1,Hardware Composed: Independent Flip,16509.4211,NA,52.08960000000000,52.24420000000000,0.26060000000000,45.01000000000001,45.0276,16457.6062,52.0755,51.8149,0.2606,44.3804,52.4445,48.3406,4.1039,-0.2916,16457.6062,NA,NA,NA
Stalker2-Win64-Shipping.exe,5640,0x4DD1D780,DXGI,0,0,1,Hardware Composed: Independent Flip,16561.4668,NA,52.04570000000000,52.24700000000000,0.25270000000000,44.67770000000000,45.2289,16509.6817,52.0378,51.7851,0.2527,44.7494,51.7134,47.8997,3.8137,-0.1715,16509.6817,NA,NA,NA
Stalker2-Win64-Shipping.exe,5640,0x4DD1D780,DXGI,0,0,1,Hardware Composed: Independent Flip,16613.1237,NA,51.65690000000000,50.59390000000000,0.23160000000000,44.15070000000000,44.1659,16561.7195,51.6358,51.4042,0.2316,44.4250,51.1299,47.2743,3.8556,1.4439,16561.7195,NA,NA,NA
Stalker2-Win64-Shipping.exe,5640,0x4DD1D780,DXGI,0,0,1,Hardware Composed: Independent Flip,16665.5900,NA,52.46630000000000,52.39320000000000,0.25980000000000,44.07420000000000,44.0928,16613.3553,52.4945,52.2347,0.2598,43.9191,52.3898,47.5930,4.7968,-0.7574,16613.3553,NA,NA,NA
Stalker2-Win64-Shipping.exe,5640,0x4DD1D780,DXGI,0,0,1,Hardware Composed: Independent Flip,16716.9218,NA,51.33180000000000,52.43470000000000,0.35960000000000,44.51420000000000,45.1957,16665.8498,51.4316,51.0720,0.3596,43.8144,51.7718,48.4627,3.3091,0.0598,16665.8498,NA,NA,NA
Stalker2-Win64-Shipping.exe,5640,0x4DD1D780,DXGI,0,0,1,Hardware Composed: Independent Flip,16768.5307,NA,51.60890000000001,50.93350000000000,0.25480000000000,44.50280000000000,44.5203,16717.2814,51.5041,51.2493,0.2548,44.1546,51.5975,47.7681,3.8294,0.4981,16717.2814,NA,NA,NA
Stalker2-Win64-Shipping.exe,5640,0x4DD1D780,DXGI,0,0,1,Hardware Composed: Independent Flip,16819.4803,NA,50.94960000000000,52.27290000000000,0.27560000000000,45.82220000000000,45.8436,16768.7855,50.9704,50.6948,0.2756,44.2480,52.2690,48.9749,3.2941,-0.7688,16768.7855,NA,NA,NA
Stalker2-Win64-Shipping.exe,5640,0x4DD1D780,DXGI,0,0,1,Hardware Composed: Independent Flip,16871.1477,NA,51.66740000000000,51.56020000000000,0.24740000000000,45.37460000000000,45.7364,16819.7559,51.6392,51.3918,0.2474,45.5466,51.2198,48.4476,2.7722,-0.5898,16819.7559,NA,NA,NA
Stalker2-Win64-Shipping.exe,5640,0x4DD1D780,DXGI,0,0,1,Hardware Composed: Independent Flip,16921.9915,NA,50.84380000000000,50.44570000000000,0.26960000000000,45.32470000000000,45.3383,16871.3951,50.8660,50.5964,0.2696,45.1272,50.7939,48.4989,2.2950,1.1935,16871.3951,NA,NA,NA
Stalker2-Win64-Shipping.exe,5640,0x4DD1D780,DXGI,0,0,1,Hardware Composed: Independent Flip,16973.4014,NA,51.40990000000000,51.01050000000000,0.25670000000000,44.92300000000000,44.9389,16922.2611,51.3970,51.1403,0.2567,45.0551,51.0082,48.0534,2.9548,-0.1445,16922.2611,NA,NA,NA
Stalker2-Win64-Shipping.exe,5640,0x4DD1D780,DXGI,0,0,1,Hardware Composed: Independent Flip,17024.1567,NA,50.75530000000001,51.18960000000001,0.27530000000000,45.35830000000000,45.3732,16973.6581,50.7739,50.4986,0.2753,44.6663,51.1906,48.4183,2.7723,0.2074,16973.6581,NA,NA,NA
Stalker2-Win64-Shipping.exe,5640,0x4DD1D780,DXGI,0,0,1,Hardware Composed: Independent Flip,17075.9727,NA,51.81600000000000,51.63070000000000,0.22910000000000,45.16730000000000,45.1879,17024.4320,51.7698,51.5407,0.2291,45.0830,51.6250,48.4829,3.1421,-0.8568,17024.4320,NA,NA,NA
Stalker2-Win64-Shipping.exe,5640,0x4DD1D780,DXGI,0,0,1,Hardware Composed: Independent Flip,17127.8853,NA,51.91260000000000,51.69590000000000,0.24460000000000,44.76240000000000,44.9712,17076.2018,51.9281,51.6835,0.2446,44.9382,51.5077,48.7334,2.7743,0.0739,17076.2018,NA,NA,NA
Stalker2-Win64-Shipping.exe,5640,0x4DD1D780,DXGI,0,0,1,Hardware Composed: Independent Flip,17179.7400,NA,51.85470000000000,51.97800000000000,0.25600000000000,45.07580000000000,45.0945,17128.1299,51.8661,51.6101,0.2560,44.5178,52.1681,48.7270,3.4411,-0.0499,17128.1299,NA,NA,NA
Stalker2-Win64-Shipping.exe,5640,0x4DD1D780,DXGI,0,0,1,Hardware Composed: Independent Flip,17231.5438,NA,51.80380000000000,51.69370000000000,0.25870000000000,44.56290000000000,44.9844,17179.9960,51.8065,51.5478,0.2587,44.8198,51.2909,47.9047,3.3862,0.1724,17179.9960,NA,NA,NA
Stalker2-Win64-Shipping.exe,5640,0x4DD1D780,DXGI,0,0,1,Hardware Composed: Independent Flip,17283.7491,NA,52.20530000000000,51.54930000000000,0.26420000000000,44.29970000000000,44.3284,17231.8025,52.2108,51.9466,0.2642,44.3042,51.9421,47.9979,3.9442,0.2572,17231.8025,NA,NA,NA
Stalker2-Win64-Shipping.exe,5640,0x4DD1D780,DXGI,0,0,1,Hardware Composed: Independent Flip,17335.2060,NA,51.45690000000000,52.29300000000000,0.25100000000000,44.78540000000000,45.1645,17284.0133,51.4437,51.1927,0.2510,44.0355,51.9426,47.8863,4.0563,-0.0822,17284.0133,NA,NA,NA
Stalker2-Win64-Shipping.exe,5640,0x4DD1D780,DXGI,0,0,1,Hardware Composed: Independent Flip,17387.0219,NA,51.81590000000000,51.42850000000000,0.25790000000000,44.74950000000000,44.7771,17335.4570,51.8228,51.5649,0.2579,44.5344,51.7800,48.0027,3.7773,0.0152,17335.4570,NA,NA,NA
Stalker2-Win64-Shipping.exe,5640,0x4DD1D780,DXGI,0,0,1,Hardware Composed: Independent Flip,17438.6718,NA,51.64990000000000,52.46270000000001,0.27230000000000,45.57470000000000,45.5899,17387.2798,51.6643,51.3920,0.2723,44.4916,52.4751,48.7947,3.6804,-0.6399,17387.2798,NA,NA,NA
Stalker2-Win64-Shipping.exe,5640,0x4DD1D780,DXGI,0,0,1,Hardware Composed: Independent Flip,17489.8852,NA,51.21340000000000,51.61940000000001,0.28380000000000,45.50810000000000,45.9959,17438.9441,51.2249,50.9411,0.2838,45.3024,51.1468,48.5399,2.6069,0.0449,17438.9441,NA,NA,NA
Stalker2-Win64-Shipping.exe,5640,0x4DD1D780,DXGI,0,0,1,Hardware Composed: Independent Flip,17541.4143,NA,51.52910000000000,50.60610000000000,0.30520000000000,45.05810000000000,45.0729,17490.1690,51.5505,51.2453,0.3052,45.2243,51.0791,48.3362,2.7429,0.6188,17490.1690,NA,NA,NA
Stalker2-Win64-Shipping.exe,5640,0x4DD1D780,DXGI,0,0,1,Hardware Composed: Independent Flip,17592.9086,NA,51.49430000000000,50.84960000000000,0.28470000000000,44.41010000000000,44.4282,17541.7195,51.4738,51.1891,0.2847,44.7529,50.8463,47.5335,3.3128,0.7009,17541.7195,NA,NA,NA
Stalker2-Win64-Shipping.exe,5640,0x4DD1D780,DXGI,0,0,1,Hardware Composed: Independent Flip,17644.6505,NA,51.74190000000000,51.80810000000000,0.23470000000000,44.47330000000000,44.4944,17593.1933,51.6919,51.4572,0.2347,44.1254,51.8051,48.0952,3.7099,-0.3343,17593.1933,NA,NA,NA
Stalker2-Win64-Shipping.exe,5640,0x4DD1D780,DXGI,0,0,1,Hardware Composed: Independent Flip,17696.1630,NA,51.51250000000000,51.94670000000000,0.25970000000000,44.34020000000000,44.9286,17644.8852,51.5375,51.2778,0.2597,44.2386,51.3794,47.9142,3.4652,-0.2548,17644.8852,NA,NA,NA
Stalker2-Win64-Shipping.exe,5640,0x4DD1D780,DXGI,0,0,1,Hardware Composed: Independent Flip,17748.5494,NA,52.38640000000000,53.06480000000001,0.26440000000000,45.59320000000000,45.6070,17696.4227,52.3911,52.1267,0.2644,44.0805,53.6394,49.1348,4.5046,-1.5273,17696.4227,NA,NA,NA
Stalker2-Win64-Shipping.exe,5640,0x4DD1D780,DXGI,0,0,1,Hardware Composed: Independent Flip,17800.7569,NA,52.20750000000000,53.08820000000000,0.29040000000000,45.32130000000000,46.4877,17748.8138,52.2335,51.9431,0.2904,45.3288,51.9356,48.5018,3.4338,-0.6971,17748.8138,NA,NA,NA
Stalker2-Win64-Shipping.exe,5640,0x4DD1D780,DXGI,0,0,1,Hardware Composed: Independent Flip,17853.3551,NA,52.59820000000001,51.04510000000001,0.26800000000000,44.92040000000000,44.9346,17801.0473,52.5758,52.3078,0.2680,45.0309,52.1973,48.1389,4.0584,1.1884,17801.0473,NA,NA,NA
Stalker2-Win64-Shipping.exe,5640,0x4DD1D780,DXGI,0,0,1,Hardware Composed: Independent Flip,17903.2870,NA,49.93190000000000,50.13760000000000,0.24980000000000,44.86180000000000,45.1403,17853.6231,49.9137,49.6639,0.2498,44.6524,49.8733,47.9538,1.9195,2.4382,17853.6231,NA,NA,NA
Stalker2-Win64-Shipping.exe,5640,0x4DD1D780,DXGI,0,0,1,Hardware Composed: Independent Flip,17956.1711,NA,52.88410000000000,52.93360000000001,0.26640000000000,45.17470000000000,45.1898,17903.5368,52.9007,52.6343,0.2664,44.6120,53.1970,48.4253,4.7717,-3.0199,17903.5368,NA,NA,NA
Stalker2-Win64-Shipping.exe,5640,0x4DD1D780,DXGI,0,0,1,Hardware Composed: Independent Flip,18006.8711,NA,50.70000000000000,52.47650000000000,0.25480000000000,45.07680000000000,46.9663,17956.4375,50.6884,50.4336,0.2548,44.9083,50.6021,48.1971,2.4050,0.4242,17956.4375,NA,NA,NA
Stalker2-Win64-Shipping.exe,5640,0x4DD1D780,DXGI,0,0,1,Hardware Composed: Independent Flip,18057.8659,NA,50.99480000000001,50.00970000000000,0.24620000000000,45.96020000000000,45.9812,18007.1259,50.9862,50.7400,0.2462,44.8220,51.8782,49.1403,2.7379,0.6787,18007.1259,NA,NA,NA
Stalker2-Win64-Shipping.exe,5640,0x4DD1D780,DXGI,0,0,1,Hardware Composed: Independent Flip,18110.5184,NA,52.65250000000000,52.07990000000000,0.25470000000000,44.65880000000000,45.4086,18058.1121,52.6610,52.4063,0.2547,45.7140,51.3511,48.1956,3.1555,-1.0937,18058.1121,NA,NA,NA
Stalker2-Win64-Shipping.exe,5640,0x4DD1D780,DXGI,0,0,1,Hardware Composed: Independent Flip,18161.2479,NA,50.72950000000000,50.35690000000000,0.23340000000000,45.02280000000000,45.0360,18110.7731,50.7082,50.4748,0.2334,44.4041,51.0935,48.6195,2.4740,2.3041,18110.7731,NA,NA,NA
Stalker2-Win64-Shipping.exe,5640,0x4DD1D780,DXGI,0,0,1,Hardware Composed: Independent Flip,18212.9275,NA,51.67960000000000,51.43340000000001,0.27140000000000,44.69800000000000,44.7898,18161.4813,51.7176,51.4462,0.2714,44.7894,51.3548,48.0187,3.3361,-0.7252,18161.4813,NA,NA,NA
Stalker2-Win64-Shipping.exe,5640,0x4DD1D780,DXGI,0,0,1,Hardware Composed: Independent Flip,18264.4781,NA,51.55060000000000,51.58890000000000,0.27970000000000,44.74290000000000,44.8281,18213.1989,51.5589,51.2792,0.2797,44.4266,51.5955,47.8093,3.7862,0.1287,18213.1989,NA,NA,NA
Stalker2-Win64-Shipping.exe,5640,0x4DD1D780,DXGI,0,0,1,Hardware Composed: Independent Flip,18316.9305,NA,52.45240000000000,52.66270000000000,0.24510000000000,44.94170000000000,45.0384,18264.7578,52.4178,52.1727,0.2451,44.4632,52.6512,48.5463,4.1049,-1.1038,18264.7578,NA,NA,NA
Stalker2-Win64-Shipping.exe,5640,0x4DD1D780,DXGI,0,0,1,Hardware Composed: Independent Flip,18369.8468,NA,52.91630000000000,53.79150000000000,0.26680000000000,45.43460000000000,45.9136,18317.1756,52.9380,52.6712,0.2668,44.6966,53.4092,48.6556,4.7536,-1.3737,18317.1756,NA,NA,NA
Stalker2-Win64-Shipping.exe,5640,0x4DD1D780,DXGI,0,0,1,Hardware Composed: Independent Flip,18421.1303,NA,51.28350000000000,50.58760000000000,0.27900000000000,44.68320000000000,45.2177,18370.1136,51.2957,51.0167,0.2790,45.1678,50.5321,47.8500,2.6821,2.3504,18370.1136,NA,NA,NA
Stalker2-Win64-Shipping.exe,5640,0x4DD1D780,DXGI,0,0,1,Hardware Composed: Independent Flip,18473.8698,NA,52.73950000000000,54.57860000000000,0.27510000000000,47.02560000000000,47.0568,18421.4093,52.7356,52.4605,0.2751,44.4042,55.0819,50.3916,4.6903,-3.2829,18421.4093,NA,NA,NA
Stalker2-Win64-Shipping.exe,5640,0x4DD1D780,DXGI,0,0,1,Hardware Composed: Independent Flip,18525.0668,NA,51.19700000000000,51.14270000000000,0.26470000000000,44.30280000000000,47.0025,18474.1449,51.1866,50.9219,0.2647,46.7505,48.4742,48.1230,0.3512,1.5929,18474.1449,NA,NA,NA
Stalker2-Win64-Shipping.exe,5640,0x4DD1D780,DXGI,0,0,1,Hardware Composed: Independent Flip,18576.0671,NA,51.00030000000000,48.54580000000000,0.23730000000000,44.51630000000000,44.5480,18525.3315,50.9729,50.7356,0.2373,44.0381,51.2138,48.2751,2.9387,2.6408,18525.3315,NA,NA,NA
Stalker2-Win64-Shipping.exe,5640,0x4DD1D780,DXGI,0,0,1,Hardware Composed: Independent Flip,18627.4723,NA,51.40520000000000,53.77960000000000,0.26090000000000,45.14390000000000,46.9224,18576.3044,51.4288,51.1679,0.2609,44.2790,52.0328,49.1905,2.8423,-2.8067,18576.3044,NA,NA,NA
Stalker2-Win64-Shipping.exe,5640,0x4DD1D780,DXGI,0,0,1,Hardware Composed: Independent Flip,18678.9718,NA,51.49950000000000,50.79460000000000,0.24620000000000,46.20040000000000,46.2175,18627.7332,51.4848,51.2386,0.2462,44.8830,52.5560,49.4865,3.0695,0.6342,18627.7332,NA,NA,NA
Stalker2-Win64-Shipping.exe,5640,0x4DD1D780,DXGI,0,0,1,Hardware Composed: Independent Flip,18731.8474,NA,52.87560000000001,51.58400000000000,0.26630000000000,44.66350000000000,44.9259,18679.2180,52.8957,52.6294,0.2663,45.9542,51.3387,48.1590,3.1797,-0.0992,18679.2180,NA,NA,NA
Stalker2-Win64-Shipping.exe,5640,0x4DD1D780,DXGI,0,0,1,Hardware Composed: Independent Flip,18783.7300,NA,51.88260000000000,52.06460000000001,0.27340000000000,45.09400000000000,45.1079,18732.1137,51.8897,51.6163,0.2734,44.3972,52.3131,48.3817,3.9314,0.8311,18732.1137,NA,NA,NA
Stalker2-Win64-Shipping.exe,5640,0x4DD1D780,DXGI,0,0,1,Hardware Composed: Independent Flip,18834.6179,NA,50.88790000000000,51.48640000000000,0.25590000000000,45.17240000000000,45.7064,18784.0034,50.8704,50.6145,0.2559,44.8206,50.9663,48.3127,2.6536,0.4033,18784.0034,NA,NA,NA
Stalker2-Win64-Shipping.exe,5640,0x4DD1D780,DXGI,0,0,1,Hardware Composed: Independent Flip,18886.8653,NA,52.24740000000000,52.50880000000000,0.26840000000000,45.95430000000000,45.9678,18834.8738,52.2599,51.9915,0.2684,44.9165,53.0293,49.0710,3.9583,-1.6384,18834.8738,NA,NA,NA
Stalker2-Win64-Shipping.exe,5640,0x4DD1D780,DXGI,0,0,1,Hardware Composed: Independent Flip,18939.0551,NA,52.18980000000001,52.11500000000000,0.31610000000000,44.74100000000000,45.8930,18887.1337,52.2375,51.9214,0.3161,45.6859,50.9765,48.0141,2.9624,0.1449,18887.1337,NA,NA,NA
Stalker2-Win64-Shipping.exe,5640,0x4DD1D780,DXGI,0,0,1,Hardware Composed: Independent Flip,18991.7389,NA,52.68380000000001,51.24220000000000,0.29240000000000,44.43490000000000,44.4514,18939.3712,52.6601,52.3677,0.2924,44.4249,52.3777,47.7373,4.6404,0.9953,18939.3712,NA,NA,NA
Stalker2-Win64-Shipping.exe,5640,0x4DD1D780,DXGI,0,0,1,Hardware Composed: Independent Flip,19043.1842,NA,51.44530000000000,51.75980000000001,0.26080000000000,43.95000000000000,44.7659,18992.0313,51.4137,51.1529,0.2608,44.1425,50.9604,47.4050,3.5554,0.9003,18992.0313,NA,NA,NA
Stalker2-Win64-Shipping.exe,5640,0x4DD1D780,DXGI,0,0,1,Hardware Composed: Independent Flip,19094.9186,NA,51.73440000000000,51.70490000000000,0.25840000000000,44.71680000000000,44.7364,19043.4450,51.7320,51.4736,0.2584,43.6892,52.5012,48.1575,4.3437,-0.2912,19043.4450,NA,NA,NA
Stalker2-Win64-Shipping.exe,5640,0x4DD1D780,DXGI,0,0,1,Hardware Composed: Independent Flip,19147.3610,NA,52.44240000000000,53.94430000000001,0.32550000000000,45.39300000000000,46.2383,19095.1770,52.5095,52.1840,0.3255,44.4584,53.1186,48.8086,4.3100,-2.2123,19095.1770,NA,NA,NA
Stalker2-Win64-Shipping.exe,5640,0x4DD1D780,DXGI,0,0,1,Hardware Composed: Independent Flip,19199.2859,NA,51.92490000000000,51.05440000000000,0.26130000000000,45.22760000000000,45.3678,19147.6865,51.8607,51.5994,0.2613,45.0675,51.7595,48.9873,2.7722,1.4551,19147.6865,NA,NA,NA
Stalker2-Win64-Shipping.exe,5640,0x4DD1D780,DXGI,0,0,1,Hardware Composed: Independent Flip,19250.7424,NA,51.45650000000001,51.16930000000000,0.26750000000000,45.06750000000000,45.0806,19199.5472,51.4627,51.1952,0.2675,44.9663,51.2964,48.2986,2.9978,0.6914,19199.5472,NA,NA,NA
Stalker2-Win64-Shipping.exe,5640,0x4DD1D780,DXGI,0,0,1,Hardware Composed: Independent Flip,19301.9034,NA,51.16100000000000,51.94660000000000,0.24370000000000,45.54390000000000,45.8662,19251.0099,51.1372,50.8935,0.2437,44.8000,51.6374,48.6282,3.0092,-0.4839,19251.0099,NA,NA,NA
Stalker2-Win64-Shipping.exe,5640,0x4DD1D780,DXGI,0,0,1,Hardware Composed: Independent Flip,19353.4384,NA,51.53500000000000,50.67540000000000,0.27990000000000,44.94210000000000,45.0066,19302.1471,51.5712,51.2913,0.2799,45.3002,50.9332,48.1306,2.8026,0.4618,19302.1471,NA,NA,NA
Stalker2-Win64-Shipping.exe,5640,0x4DD1D780,DXGI,0,0,1,Hardware Composed: Independent Flip,19404.7396,NA,51.30120000000000,51.63420000000000,0.26900000000000,45.32190000000000,45.3396,19353.7183,51.2903,51.0213,0.2690,44.6622,51.6810,48.4992,3.1818,-0.0630,19353.7183,NA,NA,NA
Stalker2-Win64-Shipping.exe,5640,0x4DD1D780,DXGI,0,0,1,Hardware Composed: Independent Flip,19456.4148,NA,51.67520000000000,51.36640000000001,0.22570000000000,44.72650000000000,45.0308,19405.0086,51.6319,51.4062,0.2257,45.0529,51.0798,47.9068,3.1730,-0.0761,19405.0086,NA,NA,NA
Stalker2-Win64-Shipping.exe,5640,0x4DD1D780,DXGI,0,0,1,Hardware Composed: Independent Flip,19509.2803,NA,52.86550000000000,52.52370000000001,0.24870000000000,44.67020000000000,44.6890,19456.6405,52.8885,52.6398,0.2487,44.5008,52.8092,48.6320,4.1772,-0.8918,19456.6405,NA,NA,NA
Stalker2-Win64-Shipping.exe,5640,0x4DD1D780,DXGI,0,0,1,Hardware Composed: Independent Flip,19560.9847,NA,51.70440000000000,52.36440000000000,0.31850000000000,44.42490000000000,45.3490,19509.5290,51.7742,51.4557,0.3185,44.4215,51.4591,48.0844,3.3747,0.5241,19509.5290,NA,NA,NA
Stalker2-Win64-Shipping.exe,5640,0x4DD1D780,DXGI,0,0,1,Hardware Composed: Independent Flip,19612.4462,NA,51.46150000000000,50.28870000000001,0.23560000000000,44.15780000000000,44.1762,19561.3032,51.3786,51.1430,0.2356,44.1064,51.1944,47.2506,3.9438,1.4855,19561.3032,NA,NA,NA
Stalker2-Win64-Shipping.exe,5640,0x4DD1D780,DXGI,0,0,1,Hardware Composed: Independent Flip,19664.3194,NA,51.87320000000000,53.00090000000000,0.25650000000000,45.28930000000000,45.3039,19612.6818,51.8941,51.6376,0.2565,43.9222,53.0047,48.8607,4.1440,-1.6223,19612.6818,NA,NA,NA
Stalker2-Win64-Shipping.exe,5640,0x4DD1D780,DXGI,0,0,1,Hardware Composed: Independent Flip,19715.8652,NA,51.54580000000000,52.10410000000000,0.24850000000000,45.09220000000001,45.8622,19664.5759,51.5378,51.2893,0.2485,45.0328,51.3487,48.3875,2.9612,-0.2100,19664.5759,NA,NA,NA
Stalker2-Win64-Shipping.exe,5640,0x4DD1D780,DXGI,0,0,1,Hardware Composed: Independent Flip,19767.2558,NA,51.39060000000000,50.63370000000000,0.31450000000000,45.09020000000000,45.1053,19716.1137,51.4566,51.1421,0.3145,44.8437,51.3886,48.2857,3.1029,0.9041,19716.1137,NA,NA,NA
Stalker2-Win64-Shipping.exe,5640,0x4DD1D780,DXGI,0,0,1,Hardware Composed: Independent Flip,19818.7286,NA,51.47280000000000,51.59040000000000,0.25070000000000,45.06640000000000,45.2229,19767.5703,51.4090,51.1583,0.2507,44.7757,51.4490,48.2981,3.1509,-0.1338,19767.5703,NA,NA,NA
Stalker2-Win64-Shipping.exe,5640,0x4DD1D780,DXGI,0,0,1,Hardware Composed: Independent Flip,19869.4377,NA,50.70910000000000,50.94580000000001,0.27160000000000,45.44320000000000,45.4596,19818.9793,50.7300,50.4584,0.2716,44.8157,51.0859,48.6300,2.4559,0.4632,19818.9793,NA,NA,NA
Stalker2-Win64-Shipping.exe,5640,0x4DD1D780,DXGI,0,0,1,Hardware Composed: Independent Flip,19920.9554,NA,51.51770000000000,52.14490000000000,0.26370000000000,46.07280000000000,46.0868,19869.7093,51.5098,51.2461,0.2637,45.1716,52.1473,49.2085,2.9388,-1.4149,19869.7093,NA,NA,NA
Stalker2-Win64-Shipping.exe,5640,0x4DD1D780,DXGI,0,0,1,Hardware Composed: Independent Flip,19973.0824,NA,52.12700000000000,51.20210000000000,0.32910000000000,44.65440000000000,45.1619,19921.2191,52.1924,51.8633,0.3291,45.8091,50.7086,48.4976,2.2110,0.3077,19921.2191,NA,NA,NA
Stalker2-Win64-Shipping.exe,5640,0x4DD1D780,DXGI,0,0,1,Hardware Composed: Independent Flip,20024.2990,NA,51.21660000000000,50.72260000000000,0.25080000000000,44.65250000000000,44.6679,19973.4115,51.1383,50.8875,0.2508,44.3253,51.2147,48.2559,2.9588,1.4698,19973.4115,NA,NA,NA
Stalker2-Win64-Shipping.exe,5640,0x4DD1D780,DXGI,0,0,1,Hardware Composed: Independent Flip,20075.9377,NA,51.63870000000000,51.91910000000000,0.23830000000000,44.58070000000000,44.9483,20024.5498,51.6262,51.3879,0.2383,44.4017,51.5669,48.1924,3.3745,-0.7808,20024.5498,NA,NA,NA
Stalker2-Win64-Shipping.exe,5640,0x4DD1D780,DXGI,0,0,1,Hardware Composed: Independent Flip,20128.2571,NA,52.31940000000000,52.19770000000000,0.26340000000000,44.81410000000000,44.8266,20076.1760,52.3445,52.0811,0.2634,44.3424,52.5528,48.1285,4.4243,-0.5715,20076.1760,NA,NA,NA
Stalker2-Win64-Shipping.exe,5640,0x4DD1D780,DXGI,0,0,1,Hardware Composed: Independent Flip,20180.8411,NA,52.58400000000000,53.20650000000001,0.25260000000000,44.97270000000000,45.4491,20128.5205,52.5732,52.3206,0.2526,44.5507,52.7426,48.4719,4.2707,-0.8620,20128.5205,NA,NA,NA
Stalker2-Win64-Shipping.exe,5640,0x4DD1D780,DXGI,0,0,1,Hardware Composed: Independent Flip,20233.0440,NA,52.20290000000000,51.13660000000000,0.28310000000000,44.11450000000000,44.3828,20181.0937,52.2334,51.9503,0.2831,44.7201,51.3447,47.4306,3.9141,1.4366,20181.0937,NA,NA,NA
Stalker2-Win64-Shipping.exe,5640,0x4DD1D780,DXGI,0,0,1,Hardware Composed: Independent Flip,20285.3050,NA,52.26100000000000,53.01310000000000,0.25770000000000,45.11760000000000,45.1349,20233.3271,52.2356,51.9779,0.2577,43.8314,53.2641,48.3287,4.9354,-0.7797,20233.3271,NA,NA,NA
Stalker2-Win64-Shipping.exe,5640,0x4DD1D780,DXGI,0,0,1,Hardware Composed: Independent Flip,20336.9072,NA,51.60220000000000,52.76140000000000,0.27130000000000,45.07280000000000,46.2941,20285.5627,51.6158,51.3445,0.2713,44.8599,51.5574,48.3399,3.2175,-0.5258,20285.5627,NA,NA,NA
Stalker2-Win64-Shipping.exe,5640,0x4DD1D780,DXGI,0,0,1,Hardware Composed: Independent Flip,20389.5926,NA,52.68540000000000,50.96090000000000,0.26740000000000,44.50680000000001,44.5696,20337.1785,52.6815,52.4141,0.2674,44.8015,52.1194,47.8145,4.3049,0.6549,20337.1785,NA,NA,NA
Stalker2-Win64-Shipping.exe,5640,0x4DD1D780,DXGI,0,0,1,Hardware Composed: Independent Flip,20440.5915,NA,50.99890000000000,51.06270000000000,0.24090000000000,44.23000000000000,44.6334,20389.8600,50.9724,50.7315,0.2409,44.2394,50.7221,48.2735,2.4486,1.6188,20389.8600,NA,NA,NA
Stalker2-Win64-Shipping.exe,5640,0x4DD1D780,DXGI,0,0,1,Hardware Composed: Independent Flip,20491.9517,NA,51.36020000000000,51.18680000000001,0.29930000000000,44.44160000000000,44.4600,20440.8324,51.4186,51.1193,0.2993,43.9891,51.5718,48.0198,3.5520,-0.2144,20440.8324,NA,NA,NA
Stalker2-Win64-Shipping.exe,5640,0x4DD1D780,DXGI,0,0,1,Hardware Composed: Independent Flip,20542.7174,NA,50.76570000000000,52.47020000000001,0.26010000000000,45.50070000000000,46.1645,20492.2510,50.7265,50.4664,0.2601,44.1423,51.8248,49.0738,2.7510,-1.0516,20492.2510,NA,NA,NA
Stalker2-Win64-Shipping.exe,5640,0x4DD1D780,DXGI,0,0,1,Hardware Composed: Independent Flip,20594.4148,NA,51.69740000000000,50.22280000000000,0.26270000000000,44.63410000000000,44.6899,20542.9775,51.7000,51.4373,0.2627,45.2406,50.8308,48.0511,2.7797,0.5037,20542.9775,NA,NA,NA
Stalker2-Win64-Shipping.exe,5640,0x4DD1D780,DXGI,0,0,1,Hardware Composed: Independent Flip,20646.4598,NA,52.04500000000000,52.42920000000000,0.26930000000000,45.05420000000000,45.0741,20594.6775,52.0516,51.7823,0.2693,44.3714,52.4651,48.3622,4.1029,-0.7292,20594.6775,NA,NA,NA
Stalker2-Win64-Shipping.exe,5640,0x4DD1D780,DXGI,0,0,1,Hardware Composed: Independent Flip,20697.6494,NA,51.18960000000001,51.89960000000000,0.29420000000000,44.83780000000000,45.7841,20646.7291,51.2145,50.9203,0.2942,44.7849,50.9732,47.8990,3.0742,0.1520,20646.7291,NA,NA,NA
Stalker2-Win64-Shipping.exe,5640,0x4DD1D780,DXGI,0,0,1,Hardware Composed: Independent Flip,20749.6387,NA,51.98930000000000,51.66770000000000,0.30410000000000,45.44220000000000,45.4625,20697.9436,51.9992,51.6951,0.3041,44.5436,52.5937,48.5691,4.0246,-0.4532,20697.9436,NA,NA,NA
Stalker2-Win64-Shipping.exe,5640,0x4DD1D780,DXGI,0,0,1,Hardware Composed: Independent Flip,20801.1016,NA,51.46290000000000,51.70890000000000,0.26980000000000,44.82370000000000,45.7085,20749.9428,51.4286,51.1588,0.2698,45.1381,50.8444,47.8262,3.0182,0.2903,20749.9428,NA,NA,NA
Stalker2-Win64-Shipping.exe,5640,0x4DD1D780,DXGI,0,0,1,Hardware Composed: Independent Flip,20852.6936,NA,51.59200000000001,51.12990000000000,0.30610000000000,45.22580000000000,45.2464,20801.3714,51.6283,51.3222,0.3061,44.5539,51.9941,48.3034,3.6907,0.2987,20801.3714,NA,NA,NA
Stalker2-Win64-Shipping.exe,5640,0x4DD1D780,DXGI,0,0,1,Hardware Composed: Independent Flip,20904.4036,NA,51.71000000000000,51.59680000000000,0.26940000000000,44.45850000000000,45.1332,20852.9997,51.6733,51.4039,0.2694,44.9197,50.9427,47.6657,3.2770,0.0315,20852.9997,NA,NA,NA
Stalker2-Win64-Shipping.exe,5640,0x4DD1D780,DXGI,0,0,1,Hardware Composed: Independent Flip,20956.0019,NA,51.59830000000000,51.39120000000000,0.27660000000000,44.90410000000000,44.9261,20904.6730,51.6055,51.3289,0.2766,44.1891,52.0439,48.0364,4.0075,0.2821,20904.6730,NA,NA,NA
Stalker2-Win64-Shipping.exe,5640,0x4DD1D780,DXGI,0,0,1,Hardware Composed: Independent Flip,21008.1529,NA,52.15100000000000,52.46310000000000,0.26980000000000,44.62920000000000,45.2382,20956.2785,52.1442,51.8744,0.2698,44.6275,51.8761,47.7736,4.1025,-0.8576,20956.2785,NA,NA,NA
Stalker2-Win64-Shipping.exe,5640,0x4DD1D780,DXGI,0,0,1,Hardware Composed: Independent Flip,21059.7880,NA,51.63510000000000,51.86040000000001,0.25320000000000,45.44340000000000,45.4635,21008.4227,51.6185,51.3653,0.2532,44.3594,52.4493,48.5595,3.8898,0.2838,21008.4227,NA,NA,NA
Stalker2-Win64-Shipping.exe,5640,0x4DD1D780,DXGI,0,0,1,Hardware Composed: Independent Flip,21111.9264,NA,52.13840000000000,51.87730000000001,0.29350000000000,44.94470000000000,45.2024,21060.0412,52.1787,51.8852,0.2935,45.1902,51.6397,48.0904,3.5493,-0.2588,21060.0412,NA,NA,NA
Stalker2-Win64-Shipping.exe,5640,0x4DD1D780,DXGI,0,0,1,Hardware Composed: Independent Flip,21163.8386,NA,51.91220000000001,52.35700000000000,0.25660000000000,45.61940000000000,45.6472,21112.2199,51.8753,51.6187,0.2566,44.6512,52.5869,48.7948,3.7921,-0.1783,21112.2199,NA,NA,NA
Stalker2-Win64-Shipping.exe,5640,0x4DD1D780,DXGI,0,0,1,Hardware Composed: Independent Flip,21214.8958,NA,51.05720000000000,50.06010000000001,0.26520000000000,44.09800000000000,44.6501,21164.0952,51.0658,50.8006,0.2652,45.3628,49.5358,47.2381,2.2977,1.8152,21164.0952,NA,NA,NA
Stalker2-Win64-Shipping.exe,5640,0x4DD1D780,DXGI,0,0,1,Hardware Composed: Independent Flip,21266.9213,NA,52.02550000000000,52.24750000000000,0.31350000000000,44.85100000000000,44.8721,21215.1610,52.0738,51.7603,0.3135,43.8328,52.7785,48.9414,3.8371,-1.1817,21215.1610,NA,NA,NA
Stalker2-Win64-Shipping.exe,5640,0x4DD1D780,DXGI,0,0,1,Hardware Composed: Independent Flip,21318.6737,NA,51.75240000000000,53.33350000000000,0.25880000000000,44.58660000000000,46.4532,21267.2348,51.6977,51.4389,0.2588,44.5375,51.4880,48.1157,3.3723,-1.2597,21267.2348,NA,NA,NA
Stalker2-Win64-Shipping.exe,5640,0x4DD1D780,DXGI,0,0,1,Hardware Composed: Independent Flip,21369.4008,NA,50.72710000000000,49.31550000000000,0.27310000000000,44.97400000000000,45.0416,21318.9325,50.7414,50.4683,0.2731,44.3278,51.1145,48.0977,3.0168,2.3822,21318.9325,NA,NA,NA
Stalker2-Win64-Shipping.exe,5640,0x4DD1D780,DXGI,0,0,1,Hardware Composed: Independent Flip,21421.9164,NA,52.51560000000000,51.76630000000000,0.27210000000000,44.27640000000000,44.2923,21369.6739,52.5146,52.2425,0.2721,44.7009,51.8180,47.6990,4.1190,-1.0249,21369.6739,NA,NA,NA
Stalker2-Win64-Shipping.exe,5640,0x4DD1D780,DXGI,0,0,1,Hardware Composed: Independent Flip,21473.8545,NA,51.93810000000001,52.88170000000000,0.26180000000000,44.95690000000000,45.2359,21422.1885,51.9278,51.6660,0.2618,44.0043,52.6186,48.4113,4.2073,-0.3671,21422.1885,NA,NA,NA
Stalker2-Win64-Shipping.exe,5640,0x4DD1D780,DXGI,0,0,1,Hardware Composed: Independent Flip,21525.2102,NA,51.35570000000001,51.46220000000000,0.26370000000000,44.94470000000000,45.3424,21474.1163,51.3576,51.0939,0.2637,44.6951,51.3435,48.0446,3.2989,0.4656,21474.1163,NA,NA,NA
Stalker2-Win64-Shipping.exe,5640,0x4DD1D780,DXGI,0,0,1,Hardware Composed: Independent Flip,21577.2538,NA,52.04360000000000,51.57640000000000,0.27330000000000,44.85510000000000,44.8752,21525.4739,52.0532,51.7799,0.2733,44.6810,51.9540,48.6842,3.2698,-0.2188,21525.4739,NA,NA,NA
Stalker2-Win64-Shipping.exe,5640,0x4DD1D780,DXGI,0,0,1,Hardware Composed: Independent Flip,21628.8224,NA,51.56860000000000,51.82110000000000,0.26460000000000,44.63570000000000,45.1277,21577.5271,51.5599,51.2953,0.2646,44.5818,51.3492,48.2401,3.1091,0.2321,21577.5271,NA,NA,NA
Stalker2-Win64-Shipping.exe,5640,0x4DD1D780,DXGI,0,0,1,Hardware Composed: Independent Flip,21680.0093,NA,51.18690000000000,51.27690000000000,0.27830000000000,45.19660000000000,45.2177,21629.0870,51.2006,50.9223,0.2783,44.3711,51.7478,48.8976,2.8502,0.2830,21629.0870,NA,NA,NA
Stalker2-Win64-Shipping.exe,5640,0x4DD1D780,DXGI,0,0,1,Hardware Composed: Independent Flip,21731.7691,NA,51.75980000000001,51.76730000000001,0.24690000000000,45.00460000000000,45.2252,21680.2876,51.7284,51.4815,0.2469,44.9183,51.5678,48.2310,3.3368,-0.5667,21680.2876,NA,NA,NA
Stalker2-Win64-Shipping.exe,5640,0x4DD1D780,DXGI,0,0,1,Hardware Composed: Independent Flip,21782.5929,NA,50.82380000000001,50.97150000000000,0.25950000000000,45.35130000000000,45.3729,21732.0160,50.8364,50.5769,0.2595,44.7577,51.1705,48.6364,2.5341,0.7569,21732.0160,NA,NA,NA
Stalker2-Win64-Shipping.exe,5640,0x4DD1D780,DXGI,0,0,1,Hardware Composed: Independent Flip,21833.9666,NA,51.37370000000000,50.51560000000000,0.26930000000000,44.49780000000001,44.5148,21782.8524,51.3835,51.1142,0.2693,45.0918,50.5202,48.1713,2.3489,0.3208,21782.8524,NA,NA,NA
Stalker2-Win64-Shipping.exe,5640,0x4DD1D780,DXGI,0,0,1,Hardware Composed: Independent Flip,21886.9571,NA,52.99050000000000,53.40390000000000,0.30220000000000,44.90050000000000,44.9282,21834.2359,53.0234,52.7212,0.3022,44.2285,53.3932,48.5862,4.8070,-2.0204,21834.2359,NA,NA,NA
Stalker2-Win64-Shipping.exe,5640,0x4DD1D780,DXGI,0,0,1,Hardware Composed: Independent Flip,21936.7486,NA,49.79150000000000,51.15190000000000,0.27130000000000,44.93180000000000,46.2886,21887.2593,49.7606,49.4893,0.2713,44.5983,49.8228,48.0284,1.7944,1.8715,21887.2593,NA,NA,NA
Stalker2-Win64-Shipping.exe,5640,0x4DD1D780,DXGI,0,0,1,Hardware Composed: Independent Flip,21988.7089,NA,51.96030000000000,51.24880000000000,0.25870000000000,45.55900000000000,45.5771,21937.0199,51.9477,51.6890,0.2587,44.6605,52.5875,48.6333,3.9542,-1.4882,21937.0199,NA,NA,NA
Stalker2-Win64-Shipping.exe,5640,0x4DD1D780,DXGI,0,0,1,Hardware Composed: Independent Flip,22040.5025,NA,51.79360000000000,52.32180000000000,0.25430000000000,44.49860000000000,46.1053,21988.9676,51.7892,51.5349,0.2543,45.3003,50.7332,47.5587,3.1745,-0.3741,21988.9676,NA,NA,NA
Stalker2-Win64-Shipping.exe,5640,0x4DD1D780,DXGI,0,0,1,Hardware Composed: Independent Flip,22092.3576,NA,51.85510000000000,50.16890000000000,0.27020000000000,44.35700000000000,44.4191,22040.7568,51.8710,51.6008,0.2702,44.2443,51.7135,48.2220,3.4915,1.6203,22040.7568,NA,NA,NA
Stalker2-Win64-Shipping.exe,5640,0x4DD1D780,DXGI,0,0,1,Hardware Composed: Independent Flip,22144.4258,NA,52.06820000000000,52.93740000000000,0.25160000000000,44.68370000000000,45.2883,22092.6278,52.0496,51.7980,0.2516,44.0868,52.3949,48.0733,4.3216,-1.0664,22092.6278,NA,NA,NA
Stalker2-Win64-Shipping.exe,5640,0x4DD1D780,DXGI,0,0,1,Hardware Composed: Independent Flip,22195.7713,NA,51.34550000000000,51.53570000000001,0.25380000000000,45.16510000000000,45.4785,22144.6774,51.3477,51.0939,0.2538,44.4321,51.8269,48.7881,3.0388,0.5139,22144.6774,NA,NA,NA
Stalker2-Win64-Shipping.exe,5640,0x4DD1D780,DXGI,0,0,1,Hardware Composed: Independent Flip,22247.8481,NA,52.07680000000001,51.04060000000000,0.25490000000000,44.42230000000000,44.4423,22196.0251,52.0779,51.8230,0.2549,44.9113,51.3340,47.4716,3.8624,0.3071,22196.0251,NA,NA,NA
Stalker2-Win64-Shipping.exe,5640,0x4DD1D780,DXGI,0,0,1,Hardware Composed: Independent Flip,22299.5675,NA,51.71940000000000,52.31680000000000,0.27670000000000,44.95460000000000,45.0397,22248.1030,51.7412,51.4645,0.2767,44.1674,52.2517,48.3174,3.9343,-0.2389,22248.1030,NA,NA,NA
Stalker2-Win64-Shipping.exe,5640,0x4DD1D780,DXGI,0,0,1,Hardware Composed: Independent Flip,22350.8546,NA,51.28710000000000,50.98220000000001,0.26690000000000,44.42230000000000,44.7348,22299.8442,51.2773,51.0104,0.2669,44.6779,50.7548,47.5106,3.2442,0.7590,22299.8442,NA,NA,NA
Stalker2-Win64-Shipping.exe,5640,0x4DD1D780,DXGI,0,0,1,Hardware Composed: Independent Flip,22402.4011,NA,51.54650000000000,52.59810000000000,0.29340000000000,45.77160000000000,45.7864,22351.1215,51.5730,51.2796,0.2934,44.1554,52.8958,49.0454,3.8504,-1.3208,22351.1215,NA,NA,NA
Stalker2-Win64-Shipping.exe,5640,0x4DD1D780,DXGI,0,0,1,Hardware Composed: Independent Flip,22453.5339,NA,51.13280000000000,51.79410000000000,0.27610000000000,45.24380000000000,46.4477,22402.6945,51.1155,50.8394,0.2761,45.4782,50.6050,48.3225,2.2825,-0.2211,22402.6945,NA,NA,NA
Stalker2-Win64-Shipping.exe,5640,0x4DD1D780,DXGI,0,0,1,Hardware Composed: Independent Flip,22504.9321,NA,51.39820000000000,50.12340000000000,0.24620000000000,45.10440000000001,45.1729,22453.8100,51.3683,51.1221,0.2462,44.9677,51.2588,48.3284,2.9304,0.9921,22453.8100,NA,NA,NA
Stalker2-Win64-Shipping.exe,5640,0x4DD1D780,DXGI,0,0,1,Hardware Composed: Independent Flip,22557.8994,NA,52.96730000000000,52.88740000000000,0.26310000000000,44.61880000000000,45.0930,22505.1783,52.9842,52.7211,0.2631,44.8582,52.4817,48.3478,4.1339,-1.5191,22505.1783,NA,NA,NA
Stalker2-Win64-Shipping.exe,5640,0x4DD1D780,DXGI,0,0,1,Hardware Composed: Independent Flip,22608.9920,NA,51.09260000000000,50.98280000000000,0.28240000000000,44.77030000000000,44.9832,22558.1625,51.1119,50.8295,0.2824,44.3557,51.2441,48.2541,2.9900,2.0014,22558.1625,NA,NA,NA
Stalker2-Win64-Shipping.exe,5640,0x4DD1D780,DXGI,0,0,1,Hardware Composed: Independent Flip,22661.2358,NA,52.24380000000000,51.57810000000000,0.24270000000000,44.29640000000001,44.3175,22609.2744,52.2041,51.9614,0.2427,44.4879,51.7699,47.9425,3.8274,-0.4662,22609.2744,NA,NA,NA
Stalker2-Win64-Shipping.exe,5640,0x4DD1D780,DXGI,0,0,1,Hardware Composed: Independent Flip,22713.6946,NA,52.45880000000000,53.63030000000001,0.28290000000000,44.89110000000000,45.4890,22661.4785,52.4990,52.2161,0.2829,44.0537,53.0535,48.2871,4.7664,-1.4262,22661.4785,NA,NA,NA
Stalker2-Win64-Shipping.exe,5640,0x4DD1D780,DXGI,0,0,1,Hardware Composed: Independent Flip,22766.6960,NA,53.00140000000000,53.23620000000000,0.32370000000000,45.26810000000000,45.7238,22713.9775,53.0422,52.7185,0.3237,44.6082,53.3784,48.4714,4.9070,-0.7372,22713.9775,NA,NA,NA
Stalker2-Win64-Shipping.exe,5640,0x4DD1D780,DXGI,0,0,1,Hardware Composed: Independent Flip,22817.7094,NA,51.01340000000000,51.11690000000000,0.25720000000000,45.55560000000001,45.8273,22767.0197,50.9469,50.6897,0.2572,44.9444,51.3009,48.7053,2.5956,1.9253,22767.0197,NA,NA,NA
Stalker2-Win64-Shipping.exe,5640,0x4DD1D780,DXGI,0,0,1,Hardware Composed: Independent Flip,22869.5433,NA,51.83390000000000,50.99790000000000,0.27630000000000,44.92580000000000,44.9913,22817.9666,51.8530,51.5767,0.2763,45.2984,51.2041,47.9810,3.2231,-0.0510,22817.9666,NA,NA,NA
Stalker2-Win64-Shipping.exe,5640,0x4DD1D780,DXGI,0,0,1,Hardware Composed: Independent Flip,22921.8022,NA,52.25890000000000,53.19590000000000,0.31730000000000,45.50310000000000,45.9283,22869.8196,52.2999,51.9826,0.3173,44.6495,52.8362,48.7315,4.1047,-1.3429,22869.8196,NA,NA,NA
Stalker2-Win64-Shipping.exe,5640,0x4DD1D780,DXGI,0,0,1,Hardware Composed: Independent Flip,22974.6194,NA,52.81720000000000,51.85170000000000,0.24690000000000,44.70850000000000,44.9628,22922.1195,52.7468,52.4999,0.2469,45.1858,52.0226,47.8234,4.1992,0.4482,22922.1195,NA,NA,NA
Stalker2-Win64-Shipping.exe,5640,0x4DD1D780,DXGI,0,0,1,Hardware Composed: Independent Flip,23024.7489,NA,50.12950000000000,51.63780000000001,0.23580000000000,46.45250000000000,46.4711,22974.8663,50.1184,49.8826,0.2358,44.4616,51.8735,49.7725,2.1010,1.1090,22974.8663,NA,NA,NA
Stalker2-Win64-Shipping.exe,5640,0x4DD1D780,DXGI,0,0,1,Hardware Composed: Independent Flip,23077.2925,NA,52.54360000000000,51.46150000000000,0.25740000000000,45.21470000000000,45.3890,23024.9847,52.5652,52.3078,0.2574,46.2167,51.3058,48.2320,3.0738,-1.3431,23024.9847,NA,NA,NA
Stalker2-Win64-Shipping.exe,5640,0x4DD1D780,DXGI,0,0,1,Hardware Composed: Independent Flip,23129.1228,NA,51.83030000000000,51.82460000000000,0.23920000000000,45.36250000000000,45.3833,23077.5499,51.8121,51.5729,0.2392,44.9573,51.9781,48.8770,3.1011,0.7406,23077.5499,NA,NA,NA
Stalker2-Win64-Shipping.exe,5640,0x4DD1D780,DXGI,0,0,1,Hardware Composed: Independent Flip,23180.9029,NA,51.78010000000000,52.02190000000000,0.27980000000000,45.21480000000000,45.6251,23129.3620,51.8207,51.5409,0.2798,45.1233,51.6324,48.3309,3.3015,-0.2098,23129.3620,NA,NA,NA
Stalker2-Win64-Shipping.exe,5640,0x4DD1D780,DXGI,0,0,1,Hardware Composed: Independent Flip,23232.8488,NA,51.94590000000000,51.22490000000001,0.28010000000000,44.83760000000000,44.9041,23181.1827,51.9462,51.6661,0.2801,44.9350,51.5687,48.0167,3.5520,0.5958,23181.1827,NA,NA,NA
Stalker2-Win64-Shipping.exe,5640,0x4DD1D780,DXGI,0,0,1,Hardware Composed: Independent Flip,23285.9068,NA,53.05800000000000,53.95910000000000,0.27650000000000,45.78370000000000,45.8052,23233.1289,53.0544,52.7779,0.2765,44.5575,54.0041,48.9678,5.0363,-2.0129,23233.1289,NA,NA,NA
Stalker2-Win64-Shipping.exe,5640,0x4DD1D780,DXGI,0,0,1,Hardware Composed: Independent Flip,23338.2045,NA,52.29770000000000,52.55990000000001,0.28030000000000,45.08260000000000,46.0674,23286.1833,52.3015,52.0212,0.2803,45.5072,51.5966,48.2837,3.3129,0.4945,23286.1833,NA,NA,NA
Stalker2-Win64-Shipping.exe,5640,0x4DD1D780,DXGI,0,0,1,Hardware Composed: Independent Flip,23390.0389,NA,51.83440000000000,51.30080000000000,0.29240000000000,45.51800000000000,45.5338,23338.4848,51.8465,51.5541,0.2924,44.8023,52.2698,48.6281,3.6417,1.0007,23338.4848,NA,NA,NA
Stalker2-Win64-Shipping.exe,5640,0x4DD1D780,DXGI,0,0,1,Hardware Composed: Independent Flip,23442.6391,NA,52.60020000000000,52.17660000000000,0.24470000000000,44.67370000000000,45.1102,23390.3313,52.5525,52.3078,0.2447,45.2256,51.7559,47.8687,3.8872,-0.3301,23390.3313,NA,NA,NA
Stalker2-Win64-Shipping.exe,5640,0x4DD1D780,DXGI,0,0,1,Hardware Composed: Independent Flip,23494.1586,NA,51.51950000000000,50.74990000000000,0.24940000000000,44.32060000000000,44.3406,23442.8838,51.5242,51.2748,0.2494,44.4290,51.1664,47.9321,3.2343,1.8026,23442.8838,NA,NA,NA
Stalker2-Win64-Shipping.exe,5640,0x4DD1D780,DXGI,0,0,1,Hardware Composed: Independent Flip,23547.0198,NA,52.86120000000000,53.36750000000000,0.38040000000000,44.82820000000000,44.8469,23494.4080,52.9922,52.6118,0.3804,44.0712,53.3688,48.5937,4.7751,-1.8433,23494.4080,NA,NA,NA
Stalker2-Win64-Shipping.exe,5640,0x4DD1D780,DXGI,0,0,1,Hardware Composed: Independent Flip,23599.4613,NA,52.44150000000000,53.10440000000001,0.26570000000000,44.54940000000001,45.5098,23547.4002,52.3268,52.0611,0.2657,44.4478,52.1627,47.8656,4.2971,-0.1122,23547.4002,NA,NA,NA
Stalker2-Win64-Shipping.exe,5640,0x4DD1D780,DXGI,0,0,1,Hardware Composed: Independent Flip,23651.2929,NA,51.83160000000000,52.32740000000000,0.27070000000000,45.98720000000000,46.0056,23599.7270,51.8366,51.5659,0.2707,44.2837,53.2694,49.2005,4.0689,-0.0006,23599.7270,NA,NA,NA
Stalker2-Win64-Shipping.exe,5640,0x4DD1D780,DXGI,0,0,1,Hardware Composed: Independent Flip,23703.1025,NA,51.80960000000000,51.41440000000000,0.30890000000000,45.03880000000000,45.6104,23651.5636,51.8478,51.5389,0.3089,45.7165,50.8612,48.2438,2.6174,0.4222,23651.5636,NA,NA,NA
Stalker2-Win64-Shipping.exe,5640,0x4DD1D780,DXGI,0,0,1,Hardware Composed: Independent Flip,23754.6346,NA,51.53210000000000,51.35380000000000,0.27010000000000,45.41190000000000,45.4321,23703.4114,51.4933,51.2232,0.2701,44.7299,51.9052,48.5295,3.3757,0.4940,23703.4114,NA,NA,NA
Stalker2-Win64-Shipping.exe,5640,0x4DD1D780,DXGI,0,0,1,Hardware Composed: Independent Flip,23806.8517,NA,52.21710000000000,52.25220000000000,0.29440000000000,44.80020000000000,45.4672,23754.9047,52.2414,51.9470,0.2944,45.1418,51.6054,47.9196,3.6858,-0.7589,23754.9047,NA,NA,NA
Stalker2-Win64-Shipping.exe,5640,0x4DD1D780,DXGI,0,0,1,Hardware Composed: Independent Flip,23857.7301,NA,50.87840000000000,50.56280000000000,0.27170000000000,45.13740000000000,45.1516,23807.1461,50.8557,50.5840,0.2717,44.5058,51.2156,48.2222,2.9934,1.6786,23807.1461,NA,NA,NA
Stalker2-Win64-Shipping.exe,5640,0x4DD1D780,DXGI,0,0,1,Hardware Composed: Independent Flip,23910.8136,NA,53.08350000000000,51.81740000000000,0.27670000000000,43.86240000000000,43.8855,23858.0018,53.0885,52.8118,0.2767,44.8657,51.8085,47.0956,4.7129,-0.9617,23858.0018,NA,NA,NA
Stalker2-Win64-Shipping.exe,5640,0x4DD1D780,DXGI,0,0,1,Hardware Composed: Independent Flip,23962.4149,NA,51.60130000000000,52.23380000000000,0.26710000000000,44.30850000000000,44.5180,23911.0903,51.5917,51.3246,0.2671,43.5857,52.0474,47.6319,4.4155,0.8547,23911.0903,NA,NA,NA
Stalker2-Win64-Shipping.exe,5640,0x4DD1D780,DXGI,0,0,1,Hardware Composed: Independent Flip,24015.9166,NA,53.50170000000000,53.28980000000000,0.28760000000000,44.28350000000000,44.3061,23962.6820,53.5222,53.2346,0.2876,44.0414,53.4767,47.8796,5.5971,-1.6981,23962.6820,NA,NA,NA
Stalker2-Win64-Shipping.exe,5640,0x4DD1D780,DXGI,0,0,1,Hardware Composed: Independent Flip,24066.8918,NA,50.97520000000000,52.71950000000000,0.25000000000000,45.46400000000000,46.0504,24016.2042,50.9376,50.6876,0.2500,43.9959,52.1557,48.9447,3.2110,0.8027,24016.2042,NA,NA,NA
Stalker2-Win64-Shipping.exe,5640,0x4DD1D780,DXGI,0,0,1,Hardware Composed: Independent Flip,24119.7340,NA,52.84220000000001,51.62320000000000,0.29430000000000,44.80470000000000,44.8314,24067.1418,52.8865,52.5922,0.2943,45.2140,52.1829,47.9897,4.1932,-0.6856,24067.1418,NA,NA,NA
Stalker2-Win64-Shipping.exe,5640,0x4DD1D780,DXGI,0,0,1,Hardware Composed: Independent Flip,24171.0775,NA,51.34350000000001,52.03000000000000,0.29230000000000,45.43370000000000,45.5179,24120.0283,51.3415,51.0492,0.2923,44.5104,51.9725,48.5134,3.4591,0.8565,24120.0283,NA,NA,NA
Stalker2-Win64-Shipping.exe,5640,0x4DD1D780,DXGI,0,0,1,Hardware Composed: Independent Flip,24222.4437,NA,51.36620000000000,51.25160000000000,0.29980000000000,45.38270000000000,45.4033,24171.3698,51.3737,51.0739,0.2998,45.1414,51.3152,48.5416,2.7736,0.0899,24171.3698,NA,NA,NA
Stalker2-Win64-Shipping.exe,5640,0x4DD1D780,DXGI,0,0,1,Hardware Composed: Independent Flip,24273.5104,NA,51.06670000000000,51.38960000000000,0.26480000000000,45.71200000000000,45.7262,24222.7435,51.0317,50.7669,0.2648,45.0829,51.3960,48.7205,2.6755,-0.0159,24222.7435,NA,NA,NA
Stalker2-Win64-Shipping.exe,5640,0x4DD1D780,DXGI,0,0,1,Hardware Composed: Independent Flip,24325.1619,NA,51.65150000000001,50.90420000000000,0.27550000000000,44.95720000000000,44.9789,24273.7752,51.6622,51.3867,0.2755,45.4472,50.8967,48.0671,2.8296,0.1275,24273.7752,NA,NA,NA
Stalker2-Win64-Shipping.exe,5640,0x4DD1D780,DXGI,0,0,1,Hardware Composed: Independent Flip,24377.2055,NA,52.04360000000000,51.96890000000000,0.25440000000000,44.88880000000000,44.9042,24325.4374,52.0225,51.7681,0.2544,44.6817,51.9752,48.6842,3.2910,-0.3067,24325.4374,NA,NA,NA
Stalker2-Win64-Shipping.exe,5640,0x4DD1D780,DXGI,0,0,1,Hardware Composed: Independent Flip,24428.4228,NA,51.21730000000000,51.28990000000000,0.25180000000000,44.30070000000000,44.9768,24377.4599,51.2147,50.9629,0.2518,44.6344,50.6292,47.8154,2.8138,0.7326,24377.4599,NA,NA,NA
Stalker2-Win64-Shipping.exe,5640,0x4DD1D780,DXGI,0,0,1,Hardware Composed: Independent Flip,24481.6195,NA,53.19670000000000,53.20170000000000,0.28950000000000,44.96270000000001,44.9818,24428.6746,53.2344,52.9449,0.2895,44.0489,53.8587,48.4623,5.3964,-1.9870,24428.6746,NA,NA,NA
Stalker2-Win64-Shipping.exe,5640,0x4DD1D780,DXGI,0,0,1,Hardware Composed: Independent Flip,24533.4561,NA,51.83660000000000,53.35040000000000,0.27150000000000,44.80250000000000,46.4956,24481.9090,51.8186,51.5471,0.2715,44.6732,51.6764,48.1102,3.5662,-0.1160,24481.9090,NA,NA,NA
Stalker2-Win64-Shipping.exe,5640,0x4DD1D780,DXGI,0,0,1,Hardware Composed: Independent Flip,24585.2111,NA,51.75500000000000,50.80720000000000,0.26530000000000,45.53160000000000,45.5478,24533.7276,51.7488,51.4835,0.2653,44.5310,52.4841,48.5812,3.9029,1.0114,24533.7276,NA,NA,NA
Stalker2-Win64-Shipping.exe,5640,0x4DD1D780,DXGI,0,0,1,Hardware Composed: Independent Flip,24639.3016,NA,54.09050000000001,55.50840000000000,0.30610000000000,46.50530000000001,46.9657,24585.4764,54.1313,53.8252,0.3061,45.2663,55.0642,49.8762,5.1880,-3.7596,24585.4764,NA,NA,NA
Stalker2-Win64-Shipping.exe,5640,0x4DD1D780,DXGI,0,0,1,Hardware Composed: Independent Flip,24690.8048,NA,51.50320000000000,50.84310000000000,0.25810000000000,45.11600000000000,46.3056,24639.6077,51.4552,51.1971,0.2581,46.1992,50.1139,48.2580,1.8559,3.2882,24639.6077,NA,NA,NA
Stalker2-Win64-Shipping.exe,5640,0x4DD1D780,DXGI,0,0,1,Hardware Composed: Independent Flip,24740.9132,NA,50.10840000000000,48.63510000000000,0.26980000000000,44.80950000000000,44.8323,24691.0629,50.1201,49.8503,0.2698,44.8579,49.8019,47.9742,1.8277,2.8201,24691.0629,NA,NA,NA
Stalker2-Win64-Shipping.exe,5640,0x4DD1D780,DXGI,0,0,1,Hardware Composed: Independent Flip,24792.1743,NA,51.26110000000000,52.17340000000000,0.25800000000000,45.13530000000000,45.7446,24741.1830,51.2493,50.9913,0.2580,44.5397,51.5869,48.2965,3.2904,-2.0533,24741.1830,NA,NA,NA
Stalker2-Win64-Shipping.exe,5640,0x4DD1D780,DXGI,0,0,1,Hardware Composed: Independent Flip,24844.1404,NA,51.96610000000000,50.18280000000000,0.25050000000000,43.94730000000001,43.9613,24792.4323,51.9586,51.7081,0.2505,44.8773,50.7781,47.7156,3.0625,1.0665,24792.4323,NA,NA,NA
Stalker2-Win64-Shipping.exe,5640,0x4DD1D780,DXGI,0,0,1,Hardware Composed: Independent Flip,24896.3416,NA,52.20120000000000,53.46910000000000,0.29560000000000,45.20820000000001,45.2292,24844.3909,52.2463,51.9507,0.2956,43.6968,53.4621,48.6212,4.8409,-1.5105,24844.3909,NA,NA,NA
Stalker2-Win64-Shipping.exe,5640,0x4DD1D780,DXGI,0,0,1,Hardware Composed: Independent Flip,24950.0495,NA,53.70790000000000,54.18920000000000,0.26030000000000,44.21940000000000,45.7105,24896.6372,53.6726,53.4123,0.2603,44.9126,52.7191,47.8955,4.8236,-1.9429,24896.6372,NA,NA,NA
Stalker2-Win64-Shipping.exe,5640,0x4DD1D780,DXGI,0,0,1,Hardware Composed: Independent Flip,25001.0287,NA,50.97920000000001,49.98310000000000,0.26340000000000,44.69280000000001,44.7144,24950.3098,50.9823,50.7189,0.2634,43.9591,51.4526,48.5870,2.8656,3.6895,24950.3098,NA,NA,NA
Stalker2-Win64-Shipping.exe,5640,0x4DD1D780,DXGI,0,0,1,Hardware Composed: Independent Flip,25052.7037,NA,51.67500000000000,52.06820000000000,0.27390000000000,45.08570000000000,45.1076,25001.2921,51.6855,51.4116,0.2739,44.4294,52.0679,48.1018,3.9661,-1.0859,25001.2921,NA,NA,NA
Stalker2-Win64-Shipping.exe,5640,0x4DD1D780,DXGI,0,0,1,Hardware Composed: Independent Flip,25104.6817,NA,51.97800000000000,53.28810000000000,0.28170000000000,45.59210000000000,46.4177,25052.9776,51.9858,51.7041,0.2817,44.8118,52.4844,48.5939,3.8905,-1.6026,25052.9776,NA,NA,NA
Stalker2-Win64-Shipping.exe,5640,0x4DD1D780,DXGI,0,0,1,Hardware Composed: Independent Flip,25156.9042,NA,52.22250000000000,50.83590000000000,0.29850000000000,45.01570000000000,45.0311,25104.9634,52.2393,51.9408,0.2985,45.3104,51.6461,48.1773,3.4688,1.1499,25104.9634,NA,NA,NA
Stalker2-Win64-Shipping.exe,5640,0x4DD1D780,DXGI,0,0,1,Hardware Composed: Independent Flip,25208.4182,NA,51.51400000000000,51.45070000000000,0.28170000000000,44.94570000000000,44.9678,25157.2027,51.4972,51.2155,0.2817,44.7172,51.4440,48.0077,3.4363,0.7886,25157.2027,NA,NA,NA
Stalker2-Win64-Shipping.exe,5640,0x4DD1D780,DXGI,0,0,1,Hardware Composed: Independent Flip,25260.4382,NA,52.02000000000000,51.87820000000000,0.24500000000000,44.62970000000000,44.8260,25208.6999,51.9833,51.7383,0.2450,44.6640,51.7040,47.6751,4.0289,-0.3810,25208.6999,NA,NA,NA
Stalker2-Win64-Shipping.exe,5640,0x4DD1D780,DXGI,0,0,1,Hardware Composed: Independent Flip,25312.4803,NA,52.04210000000000,51.26900000000001,0.26420000000000,44.03490000000000,44.0529,25260.6832,52.0613,51.7971,0.2642,44.3847,51.4473,48.1234,3.3239,0.7143,25260.6832,NA,NA,NA
Stalker2-Win64-Shipping.exe,5640,0x4DD1D780,DXGI,0,0,1,Hardware Composed: Independent Flip,25364.5143,NA,52.03400000000001,53.19510000000000,0.24340000000000,45.19310000000000,45.2140,25312.7445,52.0132,51.7698,0.2434,43.7707,53.1922,48.8429,4.3493,-1.1338,25312.7445,NA,NA,NA
Stalker2-Win64-Shipping.exe,5640,0x4DD1D780,DXGI,0,0,1,Hardware Composed: Independent Flip,25416.1428,NA,51.62850000000000,52.36580000000000,0.26010000000000,45.12570000000000,45.9513,25364.7577,51.6452,51.3851,0.2601,44.9497,51.5611,48.2696,3.2915,-0.3526,25364.7577,NA,NA,NA
Stalker2-Win64-Shipping.exe,5640,0x4DD1D780,DXGI,0,0,1,Hardware Composed: Independent Flip,25468.3130,NA,52.17020000000000,51.40110000000000,0.29280000000000,45.16120000000000,45.1822,25416.4029,52.2029,51.9101,0.2928,44.8656,52.2057,48.2944,3.9113,0.2441,25416.4029,NA,NA,NA
Stalker2-Win64-Shipping.exe,5640,0x4DD1D780,DXGI,0,0,1,Hardware Composed: Independent Flip,25519.9785,NA,51.66550000000000,53.07150000000000,0.26050000000000,46.18560000000000,46.5882,25468.6058,51.6332,51.3727,0.2605,44.8684,52.6899,49.2896,3.4003,-0.8686,25468.6058,NA,NA,NA
Stalker2-Win64-Shipping.exe,5640,0x4DD1D780,DXGI,0,0,1,Hardware Composed: Independent Flip,25571.4940,NA,51.51550000000000,50.56300000000000,0.27040000000000,45.42660000000000,45.6357,25520.2390,51.5254,51.2550,0.2704,45.9251,50.7565,48.6277,2.1288,1.0702,25520.2390,NA,NA,NA
Stalker2-Win64-Shipping.exe,5640,0x4DD1D780,DXGI,0,0,1,Hardware Composed: Independent Flip,25622.9644,NA,51.47040000000001,51.37970000000000,0.25570000000000,45.53150000000000,45.5450,25571.7644,51.4557,51.2000,0.2557,45.1562,51.5753,48.6618,2.9135,0.1457,25571.7644,NA,NA,NA
Stalker2-Win64-Shipping.exe,5640,0x4DD1D780,DXGI,0,0,1,Hardware Composed: Independent Flip,25674.6975,NA,51.73310000000000,51.72640000000001,0.27500000000000,44.76250000000000,45.5383,25623.2201,51.7524,51.4774,0.2750,45.2758,50.9641,47.8902,3.0739,-0.2707,25623.2201,NA,NA,NA
Stalker2-Win64-Shipping.exe,5640,0x4DD1D780,DXGI,0,0,1,Hardware Composed: Independent Flip,25727.7739,NA,53.07640000000000,51.84840000000001,0.23250000000000,44.28930000000000,44.3103,25674.9725,53.0339,52.8014,0.2325,44.4875,52.6032,47.5289,5.0743,-0.0960,25674.9725,NA,NA,NA
Stalker2-Win64-Shipping.exe,5640,0x4DD1D780,DXGI,0,0,1,Hardware Composed: Independent Flip,25779.7957,NA,52.02180000000001,52.98840000000001,0.27150000000000,44.40960000000000,45.2769,25728.0064,52.0608,51.7893,0.2715,44.0568,52.1421,48.2155,3.9266,0.0455,25728.0064,NA,NA,NA
Stalker2-Win64-Shipping.exe,5640,0x4DD1D780,DXGI,0,0,1,Hardware Composed: Independent Flip,25831.5290,NA,51.73330000000000,50.89230000000001,0.24720000000000,44.40700000000000,44.4359,25780.0672,51.7090,51.4618,0.2472,44.1381,51.7307,48.0258,3.7049,1.1685,25780.0672,NA,NA,NA
Stalker2-Win64-Shipping.exe,5640,0x4DD1D780,DXGI,0,0,1,Hardware Composed: Independent Flip,25884.2336,NA,52.70460000000000,54.23880000000000,0.29450000000000,45.94940000000000,45.9701,25831.7762,52.7519,52.4574,0.2945,44.1598,54.2470,49.0925,5.1545,-2.5298,25831.7762,NA,NA,NA
Stalker2-Win64-Shipping.exe,5640,0x4DD1D780,DXGI,0,0,1,Hardware Composed: Independent Flip,25936.6227,NA,52.38910000000000,52.75450000000000,0.27860000000000,45.04450000000000,46.3355,25884.5281,52.3732,52.0946,0.2786,45.6549,51.4842,48.1758,3.3084,-0.0026,25884.5281,NA,NA,NA
Stalker2-Win64-Shipping.exe,5640,0x4DD1D780,DXGI,0,0,1,Hardware Composed: Independent Flip,25988.2893,NA,51.66660000000000,50.51720000000000,0.31370000000000,45.17110000000000,45.1861,25936.9013,51.7017,51.3880,0.3137,44.7659,51.7932,48.3361,3.4571,1.8560,25936.9013,NA,NA,NA
Stalker2-Win64-Shipping.exe,5640,0x4DD1D780,DXGI,0,0,1,Hardware Composed: Independent Flip,26040.1622,NA,51.87290000000000,52.32900000000000,0.26350000000000,45.29420000000000,45.6422,25988.6030,51.8227,51.5592,0.2635,44.8574,51.9960,48.5868,3.4092,-0.6273,25988.6030,NA,NA,NA
Stalker2-Win64-Shipping.exe,5640,0x4DD1D780,DXGI,0,0,1,Hardware Composed: Independent Flip,26091.3302,NA,51.16800000000000,50.65970000000000,0.25050000000000,45.06640000000000,45.1339,26040.4257,51.1550,50.9045,0.2505,45.0307,50.9402,48.2963,2.6439,1.1630,26040.4257,NA,NA,NA
Stalker2-Win64-Shipping.exe,5640,0x4DD1D780,DXGI,0,0,1,Hardware Composed: Independent Flip,26143.3182,NA,51.98800000000000,53.21540000000000,0.27070000000000,46.33430000000000,46.3613,26091.5807,52.0082,51.7375,0.2707,44.8159,53.2559,49.3956,3.8603,-2.0604,26091.5807,NA,NA,NA
Stalker2-Win64-Shipping.exe,5640,0x4DD1D780,DXGI,0,0,1,Hardware Composed: Independent Flip,26195.3453,NA,52.02710000000000,52.17530000000000,0.23010000000000,45.24280000000000,46.5095,26143.5889,51.9865,51.7564,0.2301,46.0636,50.9356,48.4276,2.5080,-0.1671,26143.5889,NA,NA,NA
Stalker2-Win64-Shipping.exe,5640,0x4DD1D780,DXGI,0,0,1,Hardware Composed: Independent Flip,26247.5296,NA,52.18430000000000,50.33330000000000,0.26060000000000,44.63690000000000,44.6585,26195.5754,52.2148,51.9542,0.2606,45.0127,51.5784,48.1673,3.4111,1.6532,26195.5754,NA,NA,NA
Stalker2-Win64-Shipping.exe,5640,0x4DD1D780,DXGI,0,0,1,Hardware Composed: Independent Flip,26298.9839,NA,51.45430000000000,51.80620000000000,0.28970000000000,44.55760000000000,45.0104,26247.7902,51.4834,51.1937,0.2897,44.3763,51.3750,48.1022,3.2728,0.4086,26247.7902,NA,NA,NA
Stalker2-Win64-Shipping.exe,5640,0x4DD1D780,DXGI,0,0,1,Hardware Composed: Independent Flip,26350.6664,NA,51.68250000000000,51.28390000000000,0.24540000000000,44.59120000000000,44.6118,26299.2736,51.6382,51.3928,0.2454,44.2679,51.7161,47.9184,3.7977,0.1995,26299.2736,NA,NA,NA
Stalker2-Win64-Shipping.exe,5640,0x4DD1D780,DXGI,0,0,1,Hardware Composed: Independent Flip,26403.8506,NA,53.18420000000000,54.21820000000000,0.26980000000000,45.42870000000000,45.6458,26350.9118,53.2086,52.9388,0.2698,44.3458,54.0217,48.7615,5.2602,-2.5800,26350.9118,NA,NA,NA
Stalker2-Win64-Shipping.exe,5640,0x4DD1D780,DXGI,0,0,1,Hardware Composed: Independent Flip,26455.4976,NA,51.64700000000001,52.48370000000001,0.26110000000000,45.47220000000000,46.4825,26404.1204,51.6383,51.3772,0.2611,45.1589,51.6905,48.5864,3.1041,0.7249,26404.1204,NA,NA,NA
Stalker2-Win64-Shipping.exe,5640,0x4DD1D780,DXGI,0,0,1,Hardware Composed: Independent Flip,26508.4189,NA,52.92130000000000,51.67610000000001,0.24590000000000,45.21600000000000,45.2373,26455.7587,52.9061,52.6602,0.2459,45.2111,52.6651,48.5043,4.1608,-0.0378,26455.7587,NA,NA,NA
Stalker2-Win64-Shipping.exe,5640,0x4DD1D780,DXGI,0,0,1,Hardware Composed: Independent Flip,26559.9156,NA,51.49670000000000,52.04670000000000,0.29960000000000,45.08700000000000,45.7873,26508.6648,51.5504,51.2508,0.2996,44.9701,51.3677,48.1331,3.2346,0.8594,26508.6648,NA,NA,NA
Stalker2-Win64-Shipping.exe,5640,0x4DD1D780,DXGI,0,0,1,Hardware Composed: Independent Flip,26612.6713,NA,52.75570000000000,51.21380000000000,0.25970000000000,44.22550000000000,44.2454,26560.2152,52.7158,52.4561,0.2597,44.7874,51.8942,47.3428,4.5514,0.3366,26560.2152,NA,NA,NA
Stalker2-Win64-Shipping.exe,5640,0x4DD1D780,DXGI,0,0,1,Hardware Composed: Independent Flip,26663.2264,NA,50.55510000000000,52.87520000000000,0.24230000000000,46.17880000000000,46.5655,26612.9310,50.5377,50.2954,0.2423,43.9658,52.5084,49.8945,2.6139,-0.1594,26612.9310,NA,NA,NA
Stalker2-Win64-Shipping.exe,5640,0x4DD1D780,DXGI,0,0,1,Hardware Composed: Independent Flip,26715.2783,NA,52.05190000000000,50.18690000000000,0.26690000000000,44.41470000000000,44.7005,26663.4687,52.0765,51.8096,0.2669,45.9365,50.2878,47.9922,2.2956,0.3508,26663.4687,NA,NA,NA
Stalker2-Win64-Shipping.exe,5640,0x4DD1D780,DXGI,0,0,1,Hardware Composed: Independent Flip,26766.9943,NA,51.71600000000000,53.86190000000001,0.27550000000000,46.81900000000000,46.8464,26715.5452,51.7246,51.4491,0.2755,44.1478,54.1203,50.4246,3.6957,-1.7854,26715.5452,NA,NA,NA
Stalker2-Win64-Shipping.exe,5640,0x4DD1D780,DXGI,0,0,1,Hardware Composed: Independent Flip,26819.5848,NA,52.59050000000001,52.89860000000000,0.29540000000000,44.85600000000000,47.1545,26767.2698,52.6104,52.3150,0.2954,46.5435,50.6275,48.0210,2.6065,-1.1740,26767.2698,NA,NA,NA
Stalker2-Win64-Shipping.exe,5640,0x4DD1D780,DXGI,0,0,1,Hardware Composed: Independent Flip,26870.7108,NA,51.12600000000000,49.21660000000000,0.26140000000000,45.22850000000000,45.2451,26819.8802,51.0920,50.8306,0.2614,44.5606,51.4985,48.2971,3.2014,3.3938,26819.8802,NA,NA,NA
Stalker2-Win64-Shipping.exe,5640,0x4DD1D780,DXGI,0,0,1,Hardware Composed: Independent Flip,26923.1970,NA,52.48620000000000,52.95100000000000,0.26230000000000,45.09910000000000,45.7099,26870.9722,52.4871,52.2248,0.2623,44.9671,52.3568,48.2671,4.0897,-1.8590,26870.9722,NA,NA,NA
Stalker2-Win64-Shipping.exe,5640,0x4DD1D780,DXGI,0,0,1,Hardware Composed: Independent Flip,26974.6316,NA,51.43460000000000,50.79820000000000,0.23600000000000,45.05630000000000,45.0735,26923.4593,51.4083,51.1723,0.2360,44.8368,51.3918,48.9477,2.4441,1.6889,26923.4593,NA,NA,NA
Stalker2-Win64-Shipping.exe,5640,0x4DD1D780,DXGI,0,0,1,Hardware Composed: Independent Flip,27027.8854,NA,53.25380000000001,53.23490000000000,0.26050000000000,45.03130000000000,45.0546,26974.8676,53.2783,53.0178,0.2605,44.8203,53.2288,48.4614,4.7674,-1.8266,26974.8676,NA,NA,NA
Stalker2-Win64-Shipping.exe,5640,0x4DD1D780,DXGI,0,0,1,Hardware Composed: Independent Flip,27081.4840,NA,53.59860000000000,54.90580000000000,0.26910000000000,45.17290000000001,46.3618,27028.1459,53.6072,53.3381,0.2691,44.7708,53.7402,48.5622,5.1780,-1.6275,27028.1459,NA,NA,NA
Stalker2-Win64-Shipping.exe,5640,0x4DD1D780,DXGI,0,0,1,Hardware Composed: Independent Flip,27132.4698,NA,50.98580000000000,49.83100000000000,0.25910000000000,44.93330000000000,45.2070,27081.7531,50.9758,50.7167,0.2591,44.9038,50.7462,48.2743,2.4719,3.7762,27081.7531,NA,NA,NA
Stalker2-Win64-Shipping.exe,5640,0x4DD1D780,DXGI,0,0,1,Hardware Composed: Independent Flip,27183.8972,NA,51.42740000000001,51.61700000000000,0.27040000000000,45.37510000000000,45.3966,27132.7289,51.4387,51.1683,0.2704,44.6742,51.8692,48.4125,3.4567,-0.6412,27132.7289,NA,NA,NA
Stalker2-Win64-Shipping.exe,5640,0x4DD1D780,DXGI,0,0,1,Hardware Composed: Independent Flip,27236.4509,NA,52.55370000000000,53.07560000000000,0.25440000000000,44.58070000000000,45.9185,27184.1676,52.5377,52.2833,0.2544,45.1047,51.7593,47.7076,4.0517,-1.6369,27184.1676,NA,NA,NA
Stalker2-Win64-Shipping.exe,5640,0x4DD1D780,DXGI,0,0,1,Hardware Composed: Independent Flip,27288.7518,NA,52.30090000000001,50.91090000000001,0.25280000000000,44.50550000000000,44.5285,27236.7053,52.2993,52.0465,0.2528,44.3263,52.2257,48.3343,3.8914,1.6268,27236.7053,NA,NA,NA
Stalker2-Win64-Shipping.exe,5640,0x4DD1D780,DXGI,0,0,1,Hardware Composed: Independent Flip,27340.3112,NA,51.55940000000000,51.85160000000000,0.27780000000000,44.53840000000000,44.8207,27289.0046,51.5844,51.3066,0.2778,44.2527,51.5923,48.1581,3.4342,0.4477,27289.0046,NA,NA,NA
Stalker2-Win64-Shipping.exe,5640,0x4DD1D780,DXGI,0,0,1,Hardware Composed: Independent Flip,27392.0978,NA,51.78660000000000,52.33710000000000,0.26060000000000,45.35140000000001,45.3712,27340.5890,51.7694,51.5088,0.2606,44.2606,52.5996,48.4710,4.1286,-0.7527,27340.5890,NA,NA,NA
Stalker2-Win64-Shipping.exe,5640,0x4DD1D780,DXGI,0,0,1,Hardware Composed: Independent Flip,27444.1694,NA,52.07160000000000,52.42980000000000,0.25480000000000,45.20450000000000,45.7294,27392.3584,52.0658,51.8110,0.2548,45.0908,51.9247,48.7104,3.2143,-0.6604,27392.3584,NA,NA,NA
Stalker2-Win64-Shipping.exe,5640,0x4DD1D780,DXGI,0,0,1,Hardware Composed: Independent Flip,27495.3984,NA,51.22900000000000,50.58080000000000,0.27050000000000,45.04190000000001,45.0812,27444.4242,51.2447,50.9742,0.2705,44.9497,51.0664,48.2312,2.8352,1.4850,27444.4242,NA,NA,NA
Stalker2-Win64-Shipping.exe,5640,0x4DD1D780,DXGI,0,0,1,Hardware Composed: Independent Flip,27547.1351,NA,51.73670000000000,51.40650000000000,0.32490000000000,44.73030000000000,44.7510,27495.6689,51.7911,51.4662,0.3249,44.7714,51.4251,47.7028,3.7223,-0.1618,27495.6689,NA,NA,NA
Stalker2-Win64-Shipping.exe,5640,0x4DD1D780,DXGI,0,0,1,Hardware Composed: Independent Flip,27599.3311,NA,52.19600000000001,52.74300000000000,0.27350000000000,45.00000000000000,45.2980,27547.4600,52.1446,51.8711,0.2735,44.4054,52.4657,48.1141,4.3516,-0.9519,27547.4600,NA,NA,NA
Stalker2-Win64-Shipping.exe,5640,0x4DD1D780,DXGI,0,0,1,Hardware Composed: Independent Flip,27650.6279,NA,51.29680000000000,50.89830000000000,0.28590000000000,44.58070000000000,44.8995,27599.6046,51.3092,51.0233,0.2859,44.7265,50.8775,47.6592,3.2183,1.2463,27599.6046,NA,NA,NA
Stalker2-Win64-Shipping.exe,5640,0x4DD1D780,DXGI,0,0,1,Hardware Composed: Independent Flip,27703.0774,NA,52.44950000000000,52.20110000000000,0.26680000000000,44.62860000000000,44.6511,27650.9138,52.4304,52.1636,0.2668,44.2948,52.4974,48.0199,4.4775,-0.8919,27650.9138,NA,NA,NA
Stalker2-Win64-Shipping.exe,5640,0x4DD1D780,DXGI,0,0,1,Hardware Composed: Independent Flip,27754.5794,NA,51.50200000000000,52.55990000000001,0.23770000000000,44.68390000000000,45.7090,27703.3442,51.4729,51.2352,0.2377,44.3618,51.5573,48.3567,3.2006,-0.1295,27703.3442,NA,NA,NA
Stalker2-Win64-Shipping.exe,5640,0x4DD1D780,DXGI,0,0,1,Hardware Composed: Independent Flip,27806.2422,NA,51.66280000000000,50.50870000000000,0.26140000000000,44.53580000000000,44.5549,27754.8171,51.6865,51.4251,0.2614,44.4462,51.5147,48.0981,3.4166,0.9642,27754.8171,NA,NA,NA
Stalker2-Win64-Shipping.exe,5640,0x4DD1D780,DXGI,0,0,1,Hardware Composed: Independent Flip,27858.4978,NA,52.25560000000000,51.85580000000000,0.27810000000000,44.13600000000000,44.1551,27806.5036,52.2723,51.9942,0.2781,44.2744,51.8558,47.5750,4.2808,-0.1693,27806.5036,NA,NA,NA
Stalker2-Win64-Shipping.exe,5640,0x4DD1D780,DXGI,0,0,1,Hardware Composed: Independent Flip,27910.1216,NA,51.62380000000000,51.92300000000000,0.24990000000000,44.36460000000000,44.4543,27858.7759,51.5956,51.3457,0.2499,43.8579,51.8524,47.9354,3.9170,0.3493,27858.7759,NA,NA,NA
Stalker2-Win64-Shipping.exe,5640,0x4DD1D780,DXGI,0,0,1,Hardware Composed: Independent Flip,27963.1527,NA,53.03110000000000,53.32460000000000,0.27770000000000,44.73310000000000,44.7478,27910.3715,53.0589,52.7812,0.2777,44.1147,53.3996,47.9828,5.4168,-1.7290,27910.3715,NA,NA,NA
Stalker2-Win64-Shipping.exe,5640,0x4DD1D780,DXGI,0,0,1,Hardware Composed: Independent Flip,28013.9108,NA,50.75810000000000,52.62620000000000,0.29130000000000,45.94580000000001,46.6159,27963.4304,50.7717,50.4804,0.2913,44.4554,51.9708,48.9961,2.9747,0.4327,27963.4304,NA,NA,NA
Stalker2-Win64-Shipping.exe,5640,0x4DD1D780,DXGI,0,0,1,Hardware Composed: Independent Flip,28065.9925,NA,52.08170000000000,50.76730000000001,0.27870000000000,45.28010000000000,45.3015,28014.2021,52.0691,51.7904,0.2787,45.6545,51.4160,48.3458,3.0702,0.0044,28014.2021,NA,NA,NA
Stalker2-Win64-Shipping.exe,5640,0x4DD1D780,DXGI,0,0,1,Hardware Composed: Independent Flip,28119.9774,NA,53.98490000000000,52.75180000000000,0.31250000000000,44.04090000000000,44.0684,28066.2712,54.0187,53.7062,0.3125,45.0014,52.7457,47.7416,5.0041,-0.6827,28066.2712,NA,NA,NA
Stalker2-Win64-Shipping.exe,5640,0x4DD1D780,DXGI,0,0,1,Hardware Composed: Independent Flip,28169.2854,NA,49.30800000000000,50.12960000000000,0.25940000000000,44.21890000000000,44.8900,28120.2899,49.2549,48.9955,0.2594,43.7284,49.4860,47.3437,2.1423,3.8891,28120.2899,NA,NA,NA
Stalker2-Win64-Shipping.exe,5640,0x4DD1D780,DXGI,0,0,1,Hardware Composed: Independent Flip,28221.7978,NA,52.51240000000000,51.82880000000000,0.26850000000000,44.19200000000000,44.2064,28169.5448,52.5215,52.2530,0.2685,43.9595,52.4855,48.2345,4.2510,-2.5739,28169.5448,NA,NA,NA
Stalker2-Win64-Shipping.exe,5640,0x4DD1D780,DXGI,0,0,1,Hardware Composed: Independent Flip,28273.6559,NA,51.85810000000000,54.74400000000000,0.28050000000000,45.34100000000000,47.0923,28222.0663,51.8701,51.5896,0.2805,43.9235,53.0071,48.9018,4.1053,-2.2225,28222.0663,NA,NA,NA
Stalker2-Win64-Shipping.exe,5640,0x4DD1D780,DXGI,0,0,1,Hardware Composed: Independent Flip,28326.3558,NA,52.69990000000000,50.26180000000000,0.27650000000000,44.64090000000000,44.6542,28273.9364,52.6959,52.4194,0.2765,45.0605,51.9998,47.8026,4.1972,1.6083,28273.9364,NA,NA,NA
Stalker2-Win64-Shipping.exe,5640,0x4DD1D780,DXGI,0,0,1,Hardware Composed: Independent Flip,28378.5238,NA,52.16800000000000,52.50900000000000,0.28440000000000,44.97370000000000,44.9952,28326.6323,52.1759,51.8915,0.2844,44.3644,52.5008,48.1710,4.3298,0.1869,28326.6323,NA,NA,NA
Stalker2-Win64-Shipping.exe,5640,0x4DD1D780,DXGI,0,0,1,Hardware Composed: Independent Flip,28430.4893,NA,51.96550000000001,52.30530000000000,0.31070000000000,44.47600000000000,45.3350,28378.8082,51.9918,51.6811,0.3107,44.6893,51.4678,47.6739,3.7939,-0.1294,28378.8082,NA,NA,NA
Stalker2-Win64-Shipping.exe,5640,0x4DD1D780,DXGI,0,0,1,Hardware Composed: Independent Flip,28482.9662,NA,52.47690000000000,52.00540000000000,0.28780000000000,44.84800000000000,44.8635,28430.8000,52.4540,52.1662,0.2878,44.1653,52.8489,48.1255,4.7234,-0.0136,28430.8000,NA,NA,NA
Stalker2-Win64-Shipping.exe,5640,0x4DD1D780,DXGI,0,0,1,Hardware Composed: Independent Flip,28535.6340,NA,52.66780000000000,52.90040000000000,0.27140000000000,44.33590000000000,45.0961,28483.2540,52.6514,52.3800,0.2714,44.5602,52.1557,47.5458,4.6099,-0.4464,28483.2540,NA,NA,NA
Stalker2-Win64-Shipping.exe,5640,0x4DD1D780,DXGI,0,0,1,Hardware Composed: Independent Flip,28588.0122,NA,52.37820000000000,52.31710000000000,0.25420000000000,44.99440000000000,45.0350,28535.9054,52.3610,52.1068,0.2542,44.0645,53.0367,48.2627,4.7740,0.3343,28535.9054,NA,NA,NA
Stalker2-Win64-Shipping.exe,5640,0x4DD1D780,DXGI,0,0,1,Hardware Composed: Independent Flip,28639.4673,NA,51.45510000000000,52.03090000000000,0.25070000000000,45.20320000000000,45.6108,28588.2664,51.4516,51.2009,0.2507,44.7402,51.6639,49.0075,2.6564,0.3301,28588.2664,NA,NA,NA
Stalker2-Win64-Shipping.exe,5640,0x4DD1D780,DXGI,0,0,1,Hardware Composed: Independent Flip,28692.1850,NA,52.71770000000000,51.66070000000001,0.28870000000000,44.53200000000000,44.5538,28639.7180,52.7557,52.4670,0.2887,44.9525,52.0465,48.2767,3.7698,-0.2091,28639.7180,NA,NA,NA
Stalker2-Win64-Shipping.exe,5640,0x4DD1D780,DXGI,0,0,1,Hardware Composed: Independent Flip,28743.8770,NA,51.69200000000000,52.11960000000001,0.28300000000000,44.69510000000000,44.9814,28692.4737,51.6863,51.4033,0.2830,44.2433,51.8551,47.7634,4.0917,0.6361,28692.4737,NA,NA,NA
Stalker2-Win64-Shipping.exe,5640,0x4DD1D780,DXGI,0,0,1,Hardware Composed: Independent Flip,28795.9013,NA,52.02430000000000,51.93180000000000,0.26020000000000,44.84810000000000,44.8889,28744.1600,52.0015,51.7413,0.2602,44.4121,52.1773,48.8235,3.3538,-0.2455,28744.1600,NA,NA,NA
Stalker2-Win64-Shipping.exe,5640,0x4DD1D780,DXGI,0,0,1,Hardware Composed: Independent Flip,28847.8714,NA,51.97010000000000,52.27040000000000,0.27880000000000,44.97810000000000,45.1892,28796.1615,51.9887,51.7099,0.2788,44.5879,52.1001,48.0128,4.0873,-0.2689,28796.1615,NA,NA,NA
Stalker2-Win64-Shipping.exe,5640,0x4DD1D780,DXGI,0,0,1,Hardware Composed: Independent Flip,28900.1585,NA,52.28710000000000,52.54070000000000,0.29420000000000,45.42070000000000,45.4428,28848.1502,52.3025,52.0083,0.2942,44.6993,52.7297,48.5682,4.1615,-0.5520,28848.1502,NA,NA,NA
Stalker2-Win64-Shipping.exe,5640,0x4DD1D780,DXGI,0,0,1,Hardware Composed: Independent Flip,28952.2887,NA,52.13020000000000,52.04320000000001,0.27800000000000,45.05900000000000,45.3558,28900.4527,52.1140,51.8360,0.2780,45.1265,51.7685,48.0716,3.6969,0.2593,28900.4527,NA,NA,NA
Stalker2-Win64-Shipping.exe,5640,0x4DD1D780,DXGI,0,0,1,Hardware Composed: Independent Flip,29004.4987,NA,52.21000000000000,52.31710000000000,0.27870000000000,45.44230000000000,45.4629,28952.5667,52.2107,51.9320,0.2787,44.7810,52.5933,48.5844,4.0089,-0.2031,28952.5667,NA,NA,NA
Stalker2-Win64-Shipping.exe,5640,0x4DD1D780,DXGI,0,0,1,Hardware Composed: Independent Flip,29056.1452,NA,51.64650000000000,50.75220000000000,0.26820000000000,44.10350000000000,44.5686,29004.7774,51.6360,51.3678,0.2682,45.1636,50.3077,47.1042,3.2035,1.4585,29004.7774,NA,NA,NA
Stalker2-Win64-Shipping.exe,5640,0x4DD1D780,DXGI,0,0,1,Hardware Composed: Independent Flip,29108.5230,NA,52.37780000000000,52.39250000000001,0.26430000000000,44.56380000000000,44.5833,29056.4134,52.3739,52.1096,0.2643,43.8353,52.8381,48.0131,4.8250,-0.7565,29056.4134,NA,NA,NA
Stalker2-Win64-Shipping.exe,5640,0x4DD1D780,DXGI,0,0,1,Hardware Composed: Independent Flip,29161.4417,NA,52.91870000000000,54.35010000000000,0.24570000000000,44.51340000000000,46.0147,29108.7873,52.9001,52.6544,0.2457,44.2995,52.8683,48.1014,4.7669,-1.9762,29108.7873,NA,NA,NA
Stalker2-Win64-Shipping.exe,5640,0x4DD1D780,DXGI,0,0,1,Hardware Composed: Independent Flip,29213.0378,NA,51.59610000000000,50.27790000000000,0.30430000000000,44.67000000000000,44.6965,29161.6874,51.6547,51.3504,0.3043,44.2677,51.7527,47.8028,3.9499,2.6222,29161.6874,NA,NA,NA
Stalker2-Win64-Shipping.exe,5640,0x4DD1D780,DXGI,0,0,1,Hardware Composed: Independent Flip,29265.1689,NA,52.13110000000000,53.43630000000000,0.26050000000000,45.98100000000000,46.0017,29213.3421,52.0873,51.8268,0.2605,44.3657,53.4421,49.1323,4.3098,-1.7816,29213.3421,NA,NA,NA
Stalker2-Win64-Shipping.exe,5640,0x4DD1D780,DXGI,0,0,1,Hardware Composed: Independent Flip,29317.9719,NA,52.80300000000000,52.78370000000000,0.28090000000000,44.67230000000000,45.9824,29265.4294,52.8234,52.5425,0.2809,45.7205,51.4943,47.8184,3.6759,-0.6964,29265.4294,NA,NA,NA
Stalker2-Win64-Shipping.exe,5640,0x4DD1D780,DXGI,0,0,1,Hardware Composed: Independent Flip,29369.4214,NA,51.44950000000000,50.44260000000001,0.28620000000000,44.95410000000000,44.9755,29318.2528,51.4548,51.1686,0.2862,44.3914,51.7313,48.0096,3.7217,2.3808,29318.2528,NA,NA,NA
Stalker2-Win64-Shipping.exe,5640,0x4DD1D780,DXGI,0,0,1,Hardware Composed: Independent Flip,29421.6230,NA,52.20160000000000,52.33160000000000,0.28450000000000,44.86620000000000,45.1055,29369.7076,52.1999,51.9154,0.2845,44.6679,52.1137,47.9324,4.1813,-0.8768,29369.7076,NA,NA,NA
Stalker2-Win64-Shipping.exe,5640,0x4DD1D780,DXGI,0,0,1,Hardware Composed: Independent Flip,29473.9179,NA,52.29490000000001,52.54970000000000,0.26890000000000,45.34430000000000,45.3603,29421.9075,52.2793,52.0104,0.2689,44.5817,52.7730,48.6357,4.1373,-0.3498,29421.9075,NA,NA,NA
Stalker2-Win64-Shipping.exe,5640,0x4DD1D780,DXGI,0,0,1,Hardware Composed: Independent Flip,29525.7743,NA,51.85640000000000,51.35270000000001,0.26660000000000,44.52130000000000,44.8566,29474.1868,51.8541,51.5875,0.2666,45.0754,51.0334,48.3881,2.6453,0.9266,29474.1868,NA,NA,NA
Stalker2-Win64-Shipping.exe,5640,0x4DD1D780,DXGI,0,0,1,Hardware Composed: Independent Flip,29578.1305,NA,52.35620000000000,51.82350000000000,0.26750000000000,44.30530000000000,44.3239,29526.0409,52.3571,52.0896,0.2675,44.2547,52.1402,47.8726,4.2676,0.0306,29526.0409,NA,NA,NA
Stalker2-Win64-Shipping.exe,5640,0x4DD1D780,DXGI,0,0,1,Hardware Composed: Independent Flip,29630.4063,NA,52.27580000000000,53.43520000000000,0.25190000000000,44.78930000000000,45.4833,29578.3980,52.2602,52.0083,0.2519,44.0378,52.7598,48.1746,4.5852,-1.0781,29578.3980,NA,NA,NA
Stalker2-Win64-Shipping.exe,5640,0x4DD1D780,DXGI,0,0,1,Hardware Composed: Independent Flip,29682.2631,NA,51.85680000000000,51.37440000000000,0.33900000000000,44.95200000000001,45.0009,29630.6582,51.9439,51.6049,0.3390,44.5374,52.0195,48.3193,3.7002,0.8858,29630.6582,NA,NA,NA
Stalker2-Win64-Shipping.exe,5640,0x4DD1D780,DXGI,0,0,1,Hardware Composed: Independent Flip,29734.7411,NA,52.47800000000000,52.45430000000000,0.27820000000000,44.95930000000000,44.9772,29682.6021,52.4172,52.1390,0.2782,44.6130,52.4853,48.2002,4.2851,-0.5104,29682.6021,NA,NA,NA
Stalker2-Win64-Shipping.exe,5640,0x4DD1D780,DXGI,0,0,1,Hardware Composed: Independent Flip,29787.4327,NA,52.69160000000000,53.36570000000000,0.26890000000000,45.09720000000000,45.6513,29735.0193,52.6823,52.4134,0.2689,44.6811,52.8295,48.2187,4.6108,-0.9485,29735.0193,NA,NA,NA
Stalker2-Win64-Shipping.exe,5640,0x4DD1D780,DXGI,0,0,1,Hardware Composed: Independent Flip,29838.9918,NA,51.55910000000000,50.95330000000001,0.29710000000000,45.02300000000000,45.0455,29787.7016,51.5873,51.2902,0.2971,44.8283,51.4849,48.0768,3.4081,1.7290,29787.7016,NA,NA,NA
Stalker2-Win64-Shipping.exe,5640,0x4DD1D780,DXGI,0,0,1,Hardware Composed: Independent Flip,29890.7683,NA,51.77650000000001,53.24730000000000,0.30560000000000,46.50200000000000,46.5163,29839.2889,51.7850,51.4794,0.3056,44.7259,53.2555,49.6122,3.6433,-1.6600,29839.2889,NA,NA,NA
