Application,ProcessID,SwapChainAddress,PresentRuntime,SyncInterval,PresentFlags,AllowsTearing,PresentMode,TimeInMs,MsBetweenSimulationStart,MsBetweenPresents,MsBetweenDisplayChange,MsInPresentAPI,MsRenderPresentLatency,MsUntilDisplayed,CPUStartTimeInMs,MsBetweenAppStart,MsCPUBusy,MsCPUWait,MsGPULatency,MsGPUTime,MsGPUBusy,MsGPUWait,MsAnimationError,AnimationTime,MsFlipDelay,MsAllInputToPhotonLatency,MsClickToPhotonLatency
Stalker2-Win64-Shipping.exe,5640,0x4DD1D780,DXGI,0,0,1,Hardware Composed: Independent Flip,183.6132,NA,52.06990000000000,50.85800000000000,0.26220000000000,44.76240000000000,47.7477,131.8160,52.0594,51.7972,0.2622,48.6613,47.8983,47.8770,0.0213,NA,131.8160,NA,NA,NA
Stalker2-Win64-Shipping.exe,5640,0x4DD1D780,DXGI,0,0,1,Hardware Composed: Independent Flip,234.5208,NA,50.90760000000000,48.29800000000000,0.24650000000000,45.12450000000000,45.1381,183.8754,50.8919,50.6454,0.2465,44.5002,51.2697,48.5337,2.7360,3.7614,183.8754,NA,NA,NA
Stalker2-Win64-Shipping.exe,5640,0x4DD1D780,DXGI,0,0,1,Hardware Composed: Independent Flip,290.5577,NA,56.03690000000000,57.56880000000000,0.28070000000000,45.42990000000000,46.6700,234.7673,56.0711,55.7904,0.2807,44.8780,56.3423,48.8388,7.5035,-6.6769,234.7673,NA,NA,NA
Stalker2-Win64-Shipping.exe,5640,0x4DD1D780,DXGI,0,0,1,Hardware Composed: Independent Flip,344.2653,NA,53.70760000000000,52.44520000000000,0.27850000000000,45.10110000000000,45.4076,290.8384,53.7054,53.4269,0.2785,45.1492,53.3788,48.3802,4.9986,3.6259,290.8384,NA,NA,NA
Stalker2-Win64-Shipping.exe,5640,0x4DD1D780,DXGI,0,0,1,Hardware Composed: Independent Flip,397.0295,NA,52.76420000000000,51.85260000000000,0.27040000000000,44.46510000000000,44.4960,344.5438,52.7561,52.4857,0.2704,44.8226,52.1282,47.7577,4.3705,1.8528,344.5438,NA,NA,NA
Stalker2-Win64-Shipping.exe,5640,0x4DD1D780,DXGI,0,0,1,Hardware Composed: Independent Flip,450.7756,NA,53.74610000000001,53.09180000000000,0.23600000000000,43.82780000000000,43.8417,397.2999,53.7117,53.4757,0.2360,44.1947,53.1088,47.2697,5.8391,-0.3357,397.2999,NA,NA,NA
Stalker2-Win64-Shipping.exe,5640,0x4DD1D780,DXGI,0,0,1,Hardware Composed: Independent Flip,503.1126,NA,52.33700000000000,53.30170000000000,0.28290000000000,44.31260000000000,44.8064,451.0116,52.3839,52.1010,0.2829,43.5918,52.8218,47.8022,5.0196,0.4100,451.0116,NA,NA,NA
Stalker2-Win64-Shipping.exe,5640,0x4DD1D780,DXGI,0,0,1,Hardware Composed: Independent Flip,556.4282,NA,53.31560000000000,52.97250000000000,0.26230000000000,44.43410000000000,44.4633,503.3955,53.2950,53.0327,0.2623,44.0297,53.4371,48.0255,5.4116,-0.5886,503.3955,NA,NA,NA
Stalker2-Win64-Shipping.exe,5640,0x4DD1D780,DXGI,0,0,1,Hardware Composed: Independent Flip,608.8535,NA,52.42530000000000,52.22220000000000,0.25380000000000,43.91750000000000,44.2602,556.6905,52.4168,52.1630,0.2538,44.1718,51.9087,47.2460,4.6627,1.0728,556.6905,NA,NA,NA
Stalker2-Win64-Shipping.exe,5640,0x4DD1D780,DXGI,0,0,1,Hardware Composed: Independent Flip,662.5194,NA,53.66590000000000,53.10090000000000,0.35660000000000,43.68110000000000,43.6952,609.1073,53.7687,53.4121,0.3566,43.6637,53.4295,48.3179,5.1116,-0.6841,609.1073,NA,NA,NA
Stalker2-Win64-Shipping.exe,5640,0x4DD1D780,DXGI,0,0,1,Hardware Composed: Independent Flip,711.6204,NA,49.10100000000000,51.40090000000000,0.24680000000000,45.14490000000000,45.9951,662.8760,48.9912,48.7444,0.2468,43.3245,50.5648,48.3557,2.2091,2.3678,662.8760,NA,NA,NA
Stalker2-Win64-Shipping.exe,5640,0x4DD1D780,DXGI,0,0,1,Hardware Composed: Independent Flip,763.7636,NA,52.14320000000000,51.42220000000000,0.25970000000000,45.26080000000000,45.2741,711.8672,52.1561,51.8964,0.2597,44.8981,52.2591,48.4647,3.7944,-2.4310,711.8672,NA,NA,NA
Stalker2-Win64-Shipping.exe,5640,0x4DD1D780,DXGI,0,0,1,Hardware Composed: Independent Flip,815.0132,NA,51.24960000000000,52.01920000000000,0.27890000000000,44.98020000000000,46.0437,764.0233,51.2688,50.9899,0.2789,45.0011,50.9690,48.1968,2.7722,0.1369,764.0233,NA,NA,NA
Stalker2-Win64-Shipping.exe,5640,0x4DD1D780,DXGI,0,0,1,Hardware Composed: Independent Flip,866.5200,NA,51.50680000000001,50.37260000000001,0.25790000000000,44.89510000000000,44.9095,815.2921,51.4858,51.2279,0.2579,44.7013,51.4217,48.2956,3.1261,0.8962,815.2921,NA,NA,NA
Stalker2-Win64-Shipping.exe,5640,0x4DD1D780,DXGI,0,0,1,Hardware Composed: Independent Flip,917.2540,NA,50.73400000000000,52.39240000000000,0.22510000000000,46.20620000000000,46.5679,866.7779,50.7012,50.4761,0.2251,44.6372,52.0451,49.3712,2.6739,-0.9066,866.7779,NA,NA,NA
Stalker2-Win64-Shipping.exe,5640,0x4DD1D780,DXGI,0,0,1,Hardware Composed: Independent Flip,968.5245,NA,51.27050000000001,48.52450000000000,0.25230000000000,43.80060000000000,43.8219,917.4791,51.2977,51.0454,0.2523,45.9811,48.8649,47.0160,1.8489,2.1767,917.4791,NA,NA,NA
Stalker2-Win64-Shipping.exe,5640,0x4DD1D780,DXGI,0,0,1,Hardware Composed: Independent Flip,1019.9380,NA,51.41350000000000,52.39800000000000,0.26040000000000,44.79220000000000,44.8064,968.7768,51.4216,51.1612,0.2604,43.5483,52.4051,48.3895,4.0156,-1.1003,968.7768,NA,NA,NA
Stalker2-Win64-Shipping.exe,5640,0x4DD1D780,DXGI,0,0,1,Hardware Composed: Independent Flip,1071.2902,NA,51.35220000000000,52.91210000000000,0.26110000000000,43.97320000000001,46.3663,1020.1984,51.3529,51.0918,0.2611,44.5318,50.5332,47.2218,3.3114,-1.4905,1020.1984,NA,NA,NA
Stalker2-Win64-Shipping.exe,5640,0x4DD1D780,DXGI,0,0,1,Hardware Composed: Independent Flip,1122.9367,NA,51.64650000000000,49.87420000000000,0.24550000000000,44.57440000000000,44.5940,1071.5513,51.6309,51.3854,0.2455,43.7121,52.2477,48.1671,4.0806,1.4787,1071.5513,NA,NA,NA
Stalker2-Win64-Shipping.exe,5640,0x4DD1D780,DXGI,0,0,1,Hardware Composed: Independent Flip,1176.1215,NA,53.18480000000000,54.09230000000000,0.29350000000000,44.56780000000001,45.5015,1123.1822,53.2328,52.9393,0.2935,44.3289,53.1782,48.0153,5.1629,-2.4614,1123.1822,NA,NA,NA
Stalker2-Win64-Shipping.exe,5640,0x4DD1D780,DXGI,0,0,1,Hardware Composed: Independent Flip,1226.5942,NA,50.47270000000000,50.33360000000000,0.28200000000000,44.94560000000000,45.3624,1176.4150,50.4612,50.1792,0.2820,44.2743,50.8505,48.1178,2.7327,2.8992,1176.4150,NA,NA,NA
Stalker2-Win64-Shipping.exe,5640,0x4DD1D780,DXGI,0,0,1,Hardware Composed: Independent Flip,1277.4559,NA,50.86170000000000,50.19540000000000,0.26100000000000,44.68180000000000,44.6961,1226.8762,50.8407,50.5797,0.2610,44.6636,50.5979,47.8378,2.7601,0.2658,1226.8762,NA,NA,NA
Stalker2-Win64-Shipping.exe,5640,0x4DD1D780,DXGI,0,0,1,Hardware Composed: Independent Flip,1328.3529,NA,50.89700000000001,51.08910000000000,0.26780000000000,44.43320000000000,44.8882,1277.7169,50.9038,50.6360,0.2678,44.4208,50.6484,47.6581,2.9903,-0.2484,1277.7169,NA,NA,NA
Stalker2-Win64-Shipping.exe,5640,0x4DD1D780,DXGI,0,0,1,Hardware Composed: Independent Flip,1380.6721,NA,52.31920000000000,52.39970000000000,0.28090000000000,44.94990000000000,44.9687,1328.6207,52.3323,52.0514,0.2809,44.1654,52.8359,48.2285,4.6074,-1.4959,1328.6207,NA,NA,NA
Stalker2-Win64-Shipping.exe,5640,0x4DD1D780,DXGI,0,0,1,Hardware Composed: Independent Flip,1430.7057,NA,50.03360000000000,51.22180000000000,0.22440000000000,45.01940000000000,46.1569,1380.9530,49.9771,49.7527,0.2244,44.6690,50.1031,49.0063,1.0968,1.1105,1380.9530,NA,NA,NA
Stalker2-Win64-Shipping.exe,5640,0x4DD1D780,DXGI,0,0,1,Hardware Composed: Independent Flip,1482.1118,NA,51.40610000000000,50.36870000000000,0.24490000000000,45.09810000000000,45.1195,1430.9301,51.4266,51.1817,0.2449,44.7950,51.4848,48.7721,2.7127,-0.3916,1430.9301,NA,NA,NA
Stalker2-Win64-Shipping.exe,5640,0x4DD1D780,DXGI,0,0,1,Hardware Composed: Independent Flip,1533.4063,NA,51.29450000000000,53.19210000000000,0.26670000000000,46.17000000000000,47.0171,1482.3567,51.3163,51.0496,0.2667,44.8532,52.3664,49.3457,3.0207,-1.7655,1482.3567,NA,NA,NA
Stalker2-Win64-Shipping.exe,5640,0x4DD1D780,DXGI,0,0,1,Hardware Composed: Independent Flip,1584.5936,NA,51.18730000000000,49.00820000000000,0.26420000000000,44.74160000000001,44.8380,1533.6730,51.1848,50.9206,0.2642,45.9033,49.7589,48.3765,1.3824,2.3081,1533.6730,NA,NA,NA
Stalker2-Win64-Shipping.exe,5640,0x4DD1D780,DXGI,0,0,1,Hardware Composed: Independent Flip,1637.0809,NA,52.48730000000000,52.66830000000000,0.25050000000000,45.00800000000000,45.0190,1584.8578,52.4736,52.2231,0.2505,44.4774,52.7537,48.3358,4.4179,-1.4835,1584.8578,NA,NA,NA
Stalker2-Win64-Shipping.exe,5640,0x4DD1D780,DXGI,0,0,1,Hardware Composed: Independent Flip,1687.2394,NA,50.15850000000000,52.17440000000001,0.26090000000000,44.90970000000000,47.0349,1637.3314,50.1689,49.9080,0.2609,44.7575,50.0602,48.0921,1.9681,0.2992,1637.3314,NA,NA,NA
Stalker2-Win64-Shipping.exe,5640,0x4DD1D780,DXGI,0,0,1,Hardware Composed: Independent Flip,1739.4724,NA,52.23300000000000,50.42550000000000,0.27270000000000,45.20470000000000,45.2274,1687.5003,52.2448,51.9721,0.2727,44.6488,52.5280,48.3946,4.1334,-0.2566,1687.5003,NA,NA,NA
Stalker2-Win64-Shipping.exe,5640,0x4DD1D780,DXGI,0,0,1,Hardware Composed: Independent Flip,1791.3401,NA,51.86770000000000,52.57800000000000,0.25330000000000,44.56360000000000,45.9377,1739.7451,51.8483,51.5950,0.2533,44.9320,51.2266,47.7665,3.4601,-0.3332,1739.7451,NA,NA,NA
Stalker2-Win64-Shipping.exe,5640,0x4DD1D780,DXGI,0,0,1,Hardware Composed: Independent Flip,1842.7721,NA,51.43200000000000,50.96210000000000,0.25580000000000,45.45770000000000,45.4678,1791.5934,51.4345,51.1787,0.2558,44.3103,52.3261,48.6178,3.7083,0.8862,1791.5934,NA,NA,NA
Stalker2-Win64-Shipping.exe,5640,0x4DD1D780,DXGI,0,0,1,Hardware Composed: Independent Flip,1896.0765,NA,53.30440000000000,52.24320000000000,0.25700000000000,43.86340000000000,44.4066,1843.0279,53.3056,53.0486,0.2570,45.2019,51.7101,47.2618,4.4483,-0.8087,1843.0279,NA,NA,NA
Stalker2-Win64-Shipping.exe,5640,0x4DD1D780,DXGI,0,0,1,Hardware Composed: Independent Flip,1946.3861,NA,50.30960000000000,50.36440000000000,0.23660000000000,44.44060000000000,44.4614,1896.3335,50.2892,50.0526,0.2366,43.6064,50.8868,48.4270,2.4598,2.9412,1896.3335,NA,NA,NA
Stalker2-Win64-Shipping.exe,5640,0x4DD1D780,DXGI,0,0,1,Hardware Composed: Independent Flip,1999.1057,NA,52.71960000000000,52.44190000000000,0.26040000000000,44.16570000000000,44.1837,1946.6227,52.7434,52.4830,0.2604,44.2040,52.4447,47.7331,4.7116,-2.1527,1946.6227,NA,NA,NA
Stalker2-Win64-Shipping.exe,5640,0x4DD1D780,DXGI,0,0,1,Hardware Composed: Independent Flip,2050.0491,NA,50.94340000000000,52.53790000000000,0.23220000000000,44.90950000000000,45.7782,1999.3661,50.9152,50.6830,0.2322,43.9053,51.6872,48.6968,2.9904,0.2055,1999.3661,NA,NA,NA
Stalker2-Win64-Shipping.exe,5640,0x4DD1D780,DXGI,0,0,1,Hardware Composed: Independent Flip,2101.3728,NA,51.32370000000000,50.49590000000000,0.26610000000000,44.93620000000000,44.9504,2050.2813,51.3576,51.0915,0.2661,44.6773,51.3504,48.6259,2.7245,0.4193,2050.2813,NA,NA,NA
Stalker2-Win64-Shipping.exe,5640,0x4DD1D780,DXGI,0,0,1,Hardware Composed: Independent Flip,2152.6127,NA,51.23990000000001,52.36020000000000,0.25430000000000,46.05680000000000,46.0707,2101.6389,51.2281,50.9738,0.2543,44.6701,52.3605,49.3846,2.9759,-1.0026,2101.6389,NA,NA,NA
Stalker2-Win64-Shipping.exe,5640,0x4DD1D780,DXGI,0,0,1,Hardware Composed: Independent Flip,2204.2948,NA,51.68210000000001,50.84990000000001,0.26490000000000,44.75650000000000,45.2385,2152.8670,51.6927,51.4278,0.2649,45.8025,50.3818,47.9359,2.4459,0.3782,2152.8670,NA,NA,NA
Stalker2-Win64-Shipping.exe,5640,0x4DD1D780,DXGI,0,0,1,Hardware Composed: Independent Flip,2255.3469,NA,51.05210000000000,50.59960000000000,0.26920000000000,44.76600000000001,44.7860,2204.5597,51.0564,50.7872,0.2692,44.4916,51.0616,48.0505,3.0111,1.0931,2204.5597,NA,NA,NA
Stalker2-Win64-Shipping.exe,5640,0x4DD1D780,DXGI,0,0,1,Hardware Composed: Independent Flip,2306.3145,NA,50.96760000000000,51.95190000000000,0.25230000000000,45.19580000000001,45.7703,2255.6161,50.9507,50.6984,0.2523,44.4968,51.3974,48.3707,3.0267,-0.8955,2255.6161,NA,NA,NA
Stalker2-Win64-Shipping.exe,5640,0x4DD1D780,DXGI,0,0,1,Hardware Composed: Independent Flip,2357.6672,NA,51.35270000000001,50.58810000000000,0.26340000000000,44.98830000000000,45.0057,2306.5668,51.3638,51.1004,0.2634,44.9435,51.1452,48.1301,3.0151,0.3626,2306.5668,NA,NA,NA
Stalker2-Win64-Shipping.exe,5640,0x4DD1D780,DXGI,0,0,1,Hardware Composed: Independent Flip,2409.8636,NA,52.19640000000000,51.75770000000000,0.23250000000000,44.54630000000000,44.5670,2357.9306,52.1655,51.9330,0.2325,44.7249,51.7544,47.7041,4.0503,-0.3939,2357.9306,NA,NA,NA
Stalker2-Win64-Shipping.exe,5640,0x4DD1D780,DXGI,0,0,1,Hardware Composed: Independent Flip,2461.7571,NA,51.89350000000000,51.98090000000001,0.24680000000000,44.24840000000000,44.6544,2410.0961,51.9078,51.6610,0.2468,44.3138,51.5956,48.0778,3.5178,0.1846,2410.0961,NA,NA,NA
Stalker2-Win64-Shipping.exe,5640,0x4DD1D780,DXGI,0,0,1,Hardware Composed: Independent Flip,2514.4259,NA,52.66880000000000,52.54220000000000,0.55220000000000,44.51260000000000,44.5278,2462.0039,52.9742,52.4220,0.5522,44.0016,52.9330,48.1673,4.7657,-0.6344,2462.0039,NA,NA,NA
Stalker2-Win64-Shipping.exe,5640,0x4DD1D780,DXGI,0,0,1,Hardware Composed: Independent Flip,2565.3800,NA,50.95410000000000,51.98780000000000,0.29990000000000,44.91270000000000,45.5615,2514.9781,50.7018,50.4019,0.2999,43.9604,51.3542,47.9932,3.3610,0.9864,2514.9781,NA,NA,NA
Stalker2-Win64-Shipping.exe,5640,0x4DD1D780,DXGI,0,0,1,Hardware Composed: Independent Flip,2616.8780,NA,51.49800000000000,50.87350000000000,0.26350000000000,44.91380000000000,44.9370,2565.6799,51.4616,51.1981,0.2635,44.6128,51.4991,48.2593,3.2398,-0.1717,2565.6799,NA,NA,NA
Stalker2-Win64-Shipping.exe,5640,0x4DD1D780,DXGI,0,0,1,Hardware Composed: Independent Flip,2668.8491,NA,51.97110000000000,51.79430000000000,0.24780000000000,44.63880000000000,44.7602,2617.1415,51.9554,51.7076,0.2478,44.6503,51.6961,47.7079,3.9882,-0.3327,2617.1415,NA,NA,NA
Stalker2-Win64-Shipping.exe,5640,0x4DD1D780,DXGI,0,0,1,Hardware Composed: Independent Flip,2721.0451,NA,52.19600000000001,52.34380000000000,0.26870000000000,44.89350000000000,44.9080,2669.0969,52.2169,51.9482,0.2687,44.3910,52.4507,48.1525,4.2982,-0.3884,2669.0969,NA,NA,NA
Stalker2-Win64-Shipping.exe,5640,0x4DD1D780,DXGI,0,0,1,Hardware Composed: Independent Flip,2771.6832,NA,50.63810000000000,52.25340000000000,0.26670000000000,46.15200000000000,46.5233,2721.3138,50.6361,50.3694,0.2667,44.6248,51.8966,49.2929,2.6037,-0.0365,2721.3138,NA,NA,NA
Stalker2-Win64-Shipping.exe,5640,0x4DD1D780,DXGI,0,0,1,Hardware Composed: Independent Flip,2822.5279,NA,50.84470000000000,49.77080000000000,0.24810000000000,45.43290000000000,45.4494,2771.9499,50.8261,50.5780,0.2481,45.8853,50.1256,48.6223,1.5033,0.8653,2771.9499,NA,NA,NA
Stalker2-Win64-Shipping.exe,5640,0x4DD1D780,DXGI,0,0,1,Hardware Composed: Independent Flip,2874.6886,NA,52.16070000000001,51.24410000000000,0.24730000000000,44.51780000000000,44.5328,2822.7760,52.1599,51.9126,0.2473,45.1848,51.2456,47.6686,3.5770,-0.4180,2822.7760,NA,NA,NA
Stalker2-Win64-Shipping.exe,5640,0x4DD1D780,DXGI,0,0,1,Hardware Composed: Independent Flip,2925.9275,NA,51.23890000000000,51.80000000000000,0.25710000000000,44.23100000000000,45.0939,2874.9359,51.2487,50.9916,0.2571,44.2705,50.9521,48.3440,2.6081,0.3599,2874.9359,NA,NA,NA
Stalker2-Win64-Shipping.exe,5640,0x4DD1D780,DXGI,0,0,1,Hardware Composed: Independent Flip,2977.4947,NA,51.56720000000000,50.83250000000000,0.29540000000000,44.33950000000000,44.3592,2926.1846,51.6055,51.3101,0.2954,43.9739,51.6757,47.5189,4.1568,0.4162,2926.1846,NA,NA,NA
Stalker2-Win64-Shipping.exe,5640,0x4DD1D780,DXGI,0,0,1,Hardware Composed: Independent Flip,3028.9519,NA,51.45720000000000,51.82240000000000,0.26050000000000,44.32110000000000,44.7244,2977.7901,51.4223,51.1618,0.2605,44.0441,51.4388,48.0095,3.4293,-0.2169,2977.7901,NA,NA,NA
Stalker2-Win64-Shipping.exe,5640,0x4DD1D780,DXGI,0,0,1,Hardware Composed: Independent Flip,3081.3715,NA,52.41960000000000,52.52930000000000,0.29990000000000,44.81170000000000,44.8341,3029.2124,52.4590,52.1591,0.2999,44.0606,52.9102,48.1212,4.7890,-1.1070,3029.2124,NA,NA,NA
Stalker2-Win64-Shipping.exe,5640,0x4DD1D780,DXGI,0,0,1,Hardware Composed: Independent Flip,3133.4058,NA,52.03430000000000,52.58590000000000,0.27930000000000,44.77400000000000,45.3857,3081.6714,52.0137,51.7344,0.2793,44.5118,51.9966,48.0289,3.9677,-0.1269,3081.6714,NA,NA,NA
Stalker2-Win64-Shipping.exe,5640,0x4DD1D780,DXGI,0,0,1,Hardware Composed: Independent Flip,3185.0947,NA,51.68890000000000,50.95490000000000,0.25450000000000,44.63100000000000,44.6517,3133.6851,51.6641,51.4096,0.2545,44.4947,51.5459,47.8539,3.6920,1.0588,3133.6851,NA,NA,NA
Stalker2-Win64-Shipping.exe,5640,0x4DD1D780,DXGI,0,0,1,Hardware Composed: Independent Flip,3237.0200,NA,51.92530000000000,52.55100000000000,0.26340000000000,45.25800000000000,45.2774,3185.3492,51.9342,51.6708,0.2634,44.3765,52.5523,48.6053,3.9470,-0.8869,3185.3492,NA,NA,NA
Stalker2-Win64-Shipping.exe,5640,0x4DD1D780,DXGI,0,0,1,Hardware Composed: Independent Flip,3288.5035,NA,51.48350000000000,51.32530000000001,0.27100000000000,44.48050000000000,45.1192,3237.2834,51.4911,51.2201,0.2710,44.9946,50.7060,47.6652,3.0408,0.6089,3237.2834,NA,NA,NA
Stalker2-Win64-Shipping.exe,5640,0x4DD1D780,DXGI,0,0,1,Hardware Composed: Independent Flip,3339.6235,NA,51.12000000000000,50.54260000000000,0.23710000000000,44.51440000000000,44.5418,3288.7745,51.0861,50.8490,0.2371,44.2095,51.1539,47.8592,3.2947,0.9485,3288.7745,NA,NA,NA
Stalker2-Win64-Shipping.exe,5640,0x4DD1D780,DXGI,0,0,1,Hardware Composed: Independent Flip,3391.3601,NA,51.73660000000000,52.56580000000000,0.24360000000000,44.98450000000000,45.3710,3339.8606,51.7431,51.4995,0.2436,44.2773,52.2067,48.3928,3.8139,-1.4797,3339.8606,NA,NA,NA
Stalker2-Win64-Shipping.exe,5640,0x4DD1D780,DXGI,0,0,1,Hardware Composed: Independent Flip,3442.2585,NA,50.89840000000000,50.26840000000000,0.27420000000000,44.56380000000000,44.7410,3391.6037,50.9290,50.6548,0.2742,44.7409,50.4777,47.7517,2.7260,1.4747,3391.6037,NA,NA,NA
Stalker2-Win64-Shipping.exe,5640,0x4DD1D780,DXGI,0,0,1,Hardware Composed: Independent Flip,3495.0171,NA,52.75860000000000,52.21290000000000,0.25990000000000,44.17360000000000,44.1953,3442.5327,52.7443,52.4844,0.2599,44.2896,52.3684,47.8056,4.5628,-1.2839,3442.5327,NA,NA,NA
Stalker2-Win64-Shipping.exe,5640,0x4DD1D780,DXGI,0,0,1,Hardware Composed: Independent Flip,3548.6882,NA,53.67110000000000,54.87090000000001,0.29800000000000,44.10110000000000,45.3951,3495.2770,53.7092,53.4112,0.2980,43.9137,53.5986,47.9936,5.6050,-2.1266,3495.2770,NA,NA,NA
Stalker2-Win64-Shipping.exe,5640,0x4DD1D780,DXGI,0,0,1,Hardware Composed: Independent Flip,3600.6695,NA,51.98130000000000,51.16290000000000,0.32660000000000,44.19860000000000,44.5767,3548.9862,52.0099,51.6833,0.3266,43.8031,52.0788,47.7579,4.3209,2.5463,3548.9862,NA,NA,NA
Stalker2-Win64-Shipping.exe,5640,0x4DD1D780,DXGI,0,0,1,Hardware Composed: Independent Flip,3648.9542,NA,48.28470000000000,48.81210000000000,0.24380000000000,45.08350000000000,45.1041,3600.9961,48.2019,47.9581,0.2438,43.8720,49.1696,48.3209,0.8487,3.1978,3600.9961,NA,NA,NA
Stalker2-Win64-Shipping.exe,5640,0x4DD1D780,DXGI,0,0,1,Hardware Composed: Independent Flip,3700.0624,NA,51.10820000000000,50.56890000000000,0.25330000000000,44.51490000000000,44.5648,3649.1980,51.1177,50.8644,0.2533,44.8397,50.5396,47.5913,2.9483,-2.3670,3649.1980,NA,NA,NA
Stalker2-Win64-Shipping.exe,5640,0x4DD1D780,DXGI,0,0,1,Hardware Composed: Independent Flip,3751.3817,NA,51.31930000000001,52.44350000000000,0.25050000000000,45.16380000000000,45.6890,3700.3157,51.3165,51.0660,0.2505,44.2616,51.9682,48.3756,3.5926,-1.3258,3700.3157,NA,NA,NA
Stalker2-Win64-Shipping.exe,5640,0x4DD1D780,DXGI,0,0,1,Hardware Composed: Independent Flip,3802.5896,NA,51.20790000000000,50.84880000000000,0.29740000000000,45.11680000000000,45.3299,3751.6322,51.2548,50.9574,0.2974,44.9133,51.1609,48.2961,2.8648,0.4677,3751.6322,NA,NA,NA
Stalker2-Win64-Shipping.exe,5640,0x4DD1D780,DXGI,0,0,1,Hardware Composed: Independent Flip,3853.8207,NA,51.23110000000000,50.57350000000000,0.23840000000000,44.65850000000000,44.6723,3802.8870,51.1721,50.9337,0.2384,44.8194,50.7728,47.8905,2.8823,0.6813,3802.8870,NA,NA,NA
Stalker2-Win64-Shipping.exe,5640,0x4DD1D780,DXGI,0,0,1,Hardware Composed: Independent Flip,3907.2229,NA,53.40220000000000,53.13340000000000,0.27030000000000,44.21370000000000,44.4035,3854.0591,53.4341,53.1638,0.2703,44.4201,52.9574,48.6293,4.3281,-1.9613,3854.0591,NA,NA,NA
Stalker2-Win64-Shipping.exe,5640,0x4DD1D780,DXGI,0,0,1,Hardware Composed: Independent Flip,3958.6465,NA,51.42360000000000,52.12230000000000,0.27070000000000,44.31000000000000,45.1022,3907.4932,51.4240,51.1533,0.2707,43.9434,51.5199,47.5649,3.9550,1.3118,3907.4932,NA,NA,NA
Stalker2-Win64-Shipping.exe,5640,0x4DD1D780,DXGI,0,0,1,Hardware Composed: Independent Flip,4008.7047,NA,50.05820000000000,51.08380000000000,0.23590000000000,46.08800000000000,46.1278,3958.9172,50.0234,49.7875,0.2359,44.0393,51.8362,49.5637,2.2725,0.3402,3958.9172,NA,NA,NA
Stalker2-Win64-Shipping.exe,5640,0x4DD1D780,DXGI,0,0,1,Hardware Composed: Independent Flip,4061.6548,NA,52.95010000000000,51.84700000000000,0.27110000000000,44.80160000000000,45.0247,4008.9406,52.9853,52.7142,0.2711,45.8521,51.6637,47.9488,3.7149,-1.8236,4008.9406,NA,NA,NA
Stalker2-Win64-Shipping.exe,5640,0x4DD1D780,DXGI,0,0,1,Hardware Composed: Independent Flip,4112.8464,NA,51.19160000000000,50.91060000000000,0.25070000000000,44.73060000000000,44.7437,4061.9259,51.1712,50.9205,0.2507,44.5305,51.1206,48.4365,2.6841,2.0747,4061.9259,NA,NA,NA
Stalker2-Win64-Shipping.exe,5640,0x4DD1D780,DXGI,0,0,1,Hardware Composed: Independent Flip,4165.0376,NA,52.19120000000000,52.36380000000000,0.26800000000000,44.90260000000000,44.9163,4113.0971,52.2085,51.9405,0.2680,44.4799,52.3632,48.1931,4.1701,-1.1926,4113.0971,NA,NA,NA
Stalker2-Win64-Shipping.exe,5640,0x4DD1D780,DXGI,0,0,1,Hardware Composed: Independent Flip,4216.1442,NA,51.10660000000000,51.57120000000000,0.24870000000000,44.68990000000000,45.3809,4165.3056,51.0873,50.8386,0.2487,44.6346,50.8939,47.8586,3.0353,0.6373,4165.3056,NA,NA,NA
Stalker2-Win64-Shipping.exe,5640,0x4DD1D780,DXGI,0,0,1,Hardware Composed: Independent Flip,4268.0500,NA,51.90580000000000,50.85340000000000,0.27930000000000,44.30210000000000,44.3285,4216.3929,51.9364,51.6571,0.2793,44.4412,51.5180,47.4800,4.0380,0.2339,4216.3929,NA,NA,NA
Stalker2-Win64-Shipping.exe,5640,0x4DD1D780,DXGI,0,0,1,Hardware Composed: Independent Flip,4319.8955,NA,51.84550000000000,52.79600000000000,0.24490000000000,44.85640000000000,45.2790,4268.3293,51.8111,51.5662,0.2449,44.0228,52.3998,48.2291,4.1707,-0.8596,4268.3293,NA,NA,NA
Stalker2-Win64-Shipping.exe,5640,0x4DD1D780,DXGI,0,0,1,Hardware Composed: Independent Flip,4372.1128,NA,52.21730000000000,51.36210000000001,0.24010000000000,44.15720000000000,44.4238,4320.1404,52.2125,51.9724,0.2401,44.6115,51.5181,48.2010,3.3171,0.4490,4320.1404,NA,NA,NA
Stalker2-Win64-Shipping.exe,5640,0x4DD1D780,DXGI,0,0,1,Hardware Composed: Independent Flip,4423.6805,NA,51.56770000000000,51.60170000000000,0.25700000000000,44.43910000000000,44.4578,4372.3529,51.5846,51.3276,0.2570,43.9171,51.8496,47.9351,3.9145,0.6108,4372.3529,NA,NA,NA
Stalker2-Win64-Shipping.exe,5640,0x4DD1D780,DXGI,0,0,1,Hardware Composed: Independent Flip,4475.5220,NA,51.84150000000000,51.78710000000000,0.28220000000000,43.99340000000000,44.4034,4423.9375,51.8667,51.5845,0.2822,44.1821,51.3958,47.8036,3.5922,-0.2025,4423.9375,NA,NA,NA
Stalker2-Win64-Shipping.exe,5640,0x4DD1D780,DXGI,0,0,1,Hardware Composed: Independent Flip,4526.9071,NA,51.38510000000000,51.33860000000000,0.24400000000000,44.34430000000000,44.3569,4475.8042,51.3469,51.1029,0.2440,43.7112,51.7360,48.0389,3.6971,0.5281,4475.8042,NA,NA,NA
Stalker2-Win64-Shipping.exe,5640,0x4DD1D780,DXGI,0,0,1,Hardware Composed: Independent Flip,4578.9060,NA,51.99890000000000,52.21840000000000,0.25540000000000,44.33570000000000,44.5764,4527.1511,52.0103,51.7549,0.2554,44.1003,51.9903,47.7989,4.1914,-0.8715,4527.1511,NA,NA,NA
Stalker2-Win64-Shipping.exe,5640,0x4DD1D780,DXGI,0,0,1,Hardware Composed: Independent Flip,4629.7313,NA,50.82530000000001,52.71550000000001,0.29930000000000,46.35570000000000,46.4666,4579.1614,50.8692,50.5699,0.2993,44.0803,52.8453,49.5894,3.2559,-0.7052,4579.1614,NA,NA,NA
Stalker2-Win64-Shipping.exe,5640,0x4DD1D780,DXGI,0,0,1,Hardware Composed: Independent Flip,4681.2525,NA,51.52120000000000,50.36600000000000,0.25280000000000,44.93490000000000,45.3114,4630.0306,51.4747,51.2219,0.2528,46.0564,50.1004,48.1554,1.9450,0.5032,4630.0306,NA,NA,NA
Stalker2-Win64-Shipping.exe,5640,0x4DD1D780,DXGI,0,0,1,Hardware Composed: Independent Flip,4732.6136,NA,51.36110000000000,51.10810000000000,0.24670000000000,45.04430000000000,45.0584,4681.5053,51.3550,51.1083,0.2467,44.6821,51.4705,48.2132,3.2573,0.3666,4681.5053,NA,NA,NA
Stalker2-Win64-Shipping.exe,5640,0x4DD1D780,DXGI,0,0,1,Hardware Composed: Independent Flip,4783.9636,NA,51.35000000000000,51.98460000000000,0.26230000000000,44.65490000000000,45.6930,4732.8603,51.3656,51.1033,0.2623,44.7976,50.9606,47.8488,3.1118,-0.6296,4732.8603,NA,NA,NA
Stalker2-Win64-Shipping.exe,5640,0x4DD1D780,DXGI,0,0,1,Hardware Composed: Independent Flip,4834.9461,NA,50.98250000000000,49.57080000000001,0.25730000000000,44.26610000000000,44.2813,4784.2259,50.9775,50.7202,0.2573,44.3926,50.5937,47.4974,3.0963,1.7948,4784.2259,NA,NA,NA
Stalker2-Win64-Shipping.exe,5640,0x4DD1D780,DXGI,0,0,1,Hardware Composed: Independent Flip,4886.6846,NA,51.73850000000000,51.57780000000000,0.24020000000000,44.10680000000000,44.1206,4835.2034,51.7214,51.4812,0.2402,44.0088,51.5792,48.3833,3.1959,-0.6003,4835.2034,NA,NA,NA
Stalker2-Win64-Shipping.exe,5640,0x4DD1D780,DXGI,0,0,1,Hardware Composed: Independent Flip,4938.6220,NA,51.93740000000000,52.64540000000000,0.28080000000000,44.48870000000000,44.8286,4886.9248,51.9780,51.6972,0.2808,43.8666,52.3193,48.1125,4.2068,-0.9240,4886.9248,NA,NA,NA
Stalker2-Win64-Shipping.exe,5640,0x4DD1D780,DXGI,0,0,1,Hardware Composed: Independent Flip,4989.6481,NA,51.02610000000000,50.91690000000001,0.27860000000000,44.35750000000000,44.7194,4938.9028,51.0239,50.7453,0.2786,44.2079,50.8949,47.9900,2.9049,1.0611,4938.9028,NA,NA,NA
Stalker2-Win64-Shipping.exe,5640,0x4DD1D780,DXGI,0,0,1,Hardware Composed: Independent Flip,5042.1511,NA,52.50300000000000,52.85900000000000,0.24990000000000,45.04880000000000,45.0754,4989.9267,52.4743,52.2244,0.2499,44.0789,53.1943,48.2734,4.9209,-1.8351,4989.9267,NA,NA,NA
Stalker2-Win64-Shipping.exe,5640,0x4DD1D780,DXGI,0,0,1,Hardware Composed: Independent Flip,5092.9399,NA,50.78880000000000,52.04890000000000,0.25800000000000,45.01580000000000,46.3355,5042.4010,50.7969,50.5389,0.2580,44.7989,50.7558,48.1549,2.6009,0.4254,5042.4010,NA,NA,NA
Stalker2-Win64-Shipping.exe,5640,0x4DD1D780,DXGI,0,0,1,Hardware Composed: Independent Flip,5144.5221,NA,51.58220000000000,50.24720000000000,0.25530000000000,44.98450000000000,45.0005,5093.1979,51.5795,51.3242,0.2553,44.7578,51.5509,48.5635,2.9874,0.5497,5093.1979,NA,NA,NA
Stalker2-Win64-Shipping.exe,5640,0x4DD1D780,DXGI,0,0,1,Hardware Composed: Independent Flip,5195.3351,NA,50.81300000000000,50.81560000000000,0.24710000000000,44.41790000000000,45.0031,5144.7774,50.8048,50.5577,0.2471,44.7292,50.2464,48.1268,2.1196,0.7639,5144.7774,NA,NA,NA
Stalker2-Win64-Shipping.exe,5640,0x4DD1D780,DXGI,0,0,1,Hardware Composed: Independent Flip,5246.8709,NA,51.53580000000000,51.62360000000000,0.22930000000000,45.07190000000000,45.0909,5195.5822,51.5180,51.2887,0.2293,44.1708,52.1898,48.9487,3.2411,-0.8188,5195.5822,NA,NA,NA
Stalker2-Win64-Shipping.exe,5640,0x4DD1D780,DXGI,0,0,1,Hardware Composed: Independent Flip,5297.7925,NA,50.92160000000001,51.03090000000000,0.24870000000000,44.11110000000000,45.2002,5247.1002,50.9410,50.6923,0.2487,44.8426,49.9608,47.7039,2.2569,0.4871,5247.1002,NA,NA,NA
Stalker2-Win64-Shipping.exe,5640,0x4DD1D780,DXGI,0,0,1,Hardware Composed: Independent Flip,5349.2695,NA,51.47700000000000,50.90780000000000,0.24710000000000,44.61640000000000,44.6310,5298.0412,51.4754,51.2283,0.2471,43.8624,51.9823,48.3179,3.6644,0.0332,5298.0412,NA,NA,NA
Stalker2-Win64-Shipping.exe,5640,0x4DD1D780,DXGI,0,0,1,Hardware Composed: Independent Flip,5401.1419,NA,51.87240000000000,53.30460000000000,0.26360000000000,44.84080000000000,46.0632,5349.5166,51.8889,51.6253,0.2636,44.3693,52.0968,48.0807,4.0161,-1.8292,5349.5166,NA,NA,NA
Stalker2-Win64-Shipping.exe,5640,0x4DD1D780,DXGI,0,0,1,Hardware Composed: Independent Flip,5452.7603,NA,51.61840000000000,50.96350000000000,0.26090000000000,45.38630000000001,45.4083,5401.4055,51.6157,51.3548,0.2609,44.5772,52.1639,48.5706,3.5933,0.9254,5401.4055,NA,NA,NA
Stalker2-Win64-Shipping.exe,5640,0x4DD1D780,DXGI,0,0,1,Hardware Composed: Independent Flip,5504.2014,NA,51.44110000000001,51.04620000000000,0.24570000000000,44.99610000000001,45.0134,5453.0212,51.4259,51.1802,0.2457,45.1254,51.0509,48.1740,2.8769,0.5695,5453.0212,NA,NA,NA
Stalker2-Win64-Shipping.exe,5640,0x4DD1D780,DXGI,0,0,1,Hardware Composed: Independent Flip,5555.3073,NA,51.10590000000001,51.11770000000000,0.26700000000000,45.00930000000000,45.0252,5504.4471,51.1272,50.8602,0.2670,44.7504,51.1191,48.1292,2.9899,0.3082,5504.4471,NA,NA,NA
Stalker2-Win64-Shipping.exe,5640,0x4DD1D780,DXGI,0,0,1,Hardware Composed: Independent Flip,5606.6888,NA,51.38150000000000,51.47890000000000,0.24750000000000,45.04820000000000,45.1226,5555.5743,51.3620,51.1145,0.2475,44.7423,51.4204,48.2564,3.1640,-0.3517,5555.5743,NA,NA,NA
Stalker2-Win64-Shipping.exe,5640,0x4DD1D780,DXGI,0,0,1,Hardware Composed: Independent Flip,5658.5502,NA,51.86140000000000,52.12100000000000,0.26730000000000,45.31370000000000,45.3822,5606.9363,51.8812,51.6139,0.2673,44.8007,52.1269,48.5049,3.6220,-0.7590,5606.9363,NA,NA,NA
Stalker2-Win64-Shipping.exe,5640,0x4DD1D780,DXGI,0,0,1,Hardware Composed: Independent Flip,5709.8701,NA,51.31990000000000,50.49330000000000,0.24440000000000,44.22820000000000,44.5556,5658.8175,51.2970,51.0526,0.2444,45.0464,50.2344,48.2363,1.9981,1.3879,5658.8175,NA,NA,NA
Stalker2-Win64-Shipping.exe,5640,0x4DD1D780,DXGI,0,0,1,Hardware Composed: Independent Flip,5762.3583,NA,52.48820000000000,52.10540000000000,0.24890000000000,44.15740000000000,44.1728,5710.1145,52.4927,52.2438,0.2489,43.9838,52.4174,47.7517,4.6657,-0.8084,5710.1145,NA,NA,NA
Stalker2-Win64-Shipping.exe,5640,0x4DD1D780,DXGI,0,0,1,Hardware Composed: Independent Flip,5813.3209,NA,50.96260000000000,52.51550000000000,0.26050000000000,44.43730000000000,45.7257,5762.6072,50.9742,50.7137,0.2605,43.9085,51.2425,48.1037,3.1388,-0.0228,5762.6072,NA,NA,NA
Stalker2-Win64-Shipping.exe,5640,0x4DD1D780,DXGI,0,0,1,Hardware Composed: Independent Flip,5865.0502,NA,51.72930000000000,51.97970000000000,0.26900000000000,45.96090000000000,45.9761,5813.5814,51.7378,51.4688,0.2690,44.1768,53.2529,49.2675,3.9854,-1.0055,5813.5814,NA,NA,NA
Stalker2-Win64-Shipping.exe,5640,0x4DD1D780,DXGI,0,0,1,Hardware Composed: Independent Flip,5917.1216,NA,52.07140000000000,52.33170000000000,0.24510000000000,45.28460000000000,46.2364,5865.3192,52.0475,51.8024,0.2451,45.6919,51.3951,48.4305,2.9646,-0.5939,5865.3192,NA,NA,NA
Stalker2-Win64-Shipping.exe,5640,0x4DD1D780,DXGI,0,0,1,Hardware Composed: Independent Flip,5968.8684,NA,51.74680000000000,50.23900000000000,0.27270000000000,44.71410000000000,44.7286,5917.3667,51.7744,51.5017,0.2727,45.0395,51.1763,48.2344,2.9419,1.8085,5917.3667,NA,NA,NA
Stalker2-Win64-Shipping.exe,5640,0x4DD1D780,DXGI,0,0,1,Hardware Composed: Independent Flip,6019.6503,NA,50.78190000000000,51.13430000000000,0.24600000000000,45.06390000000000,45.0810,5969.1411,50.7552,50.5092,0.2460,44.4414,51.1317,48.0697,3.0620,0.6401,5969.1411,NA,NA,NA
Stalker2-Win64-Shipping.exe,5640,0x4DD1D780,DXGI,0,0,1,Hardware Composed: Independent Flip,6071.4058,NA,51.75550000000000,51.23780000000000,0.26590000000000,44.53530000000000,44.5633,6019.8963,51.7754,51.5095,0.2659,44.8179,51.2269,47.6856,3.5413,-0.4826,6019.8963,NA,NA,NA
Stalker2-Win64-Shipping.exe,5640,0x4DD1D780,DXGI,0,0,1,Hardware Composed: Independent Flip,6122.9201,NA,51.51430000000001,51.93020000000000,0.25640000000000,44.84230000000000,44.9792,6071.6717,51.5048,51.2484,0.2564,44.2694,51.8213,47.9702,3.8511,-0.1548,6071.6717,NA,NA,NA
Stalker2-Win64-Shipping.exe,5640,0x4DD1D780,DXGI,0,0,1,Hardware Composed: Independent Flip,6175.8792,NA,52.95910000000000,52.76750000000001,0.29180000000000,44.62250000000000,44.7876,6123.1765,52.9945,52.7027,0.2918,44.5859,52.7393,48.2030,4.5363,-1.2627,6123.1765,NA,NA,NA
Stalker2-Win64-Shipping.exe,5640,0x4DD1D780,DXGI,0,0,1,Hardware Composed: Independent Flip,6227.2363,NA,51.35710000000000,51.25830000000001,0.26120000000000,44.26600000000001,44.6888,6176.1710,51.3265,51.0653,0.2612,44.3307,51.0006,47.4749,3.5257,1.7362,6176.1710,NA,NA,NA
Stalker2-Win64-Shipping.exe,5640,0x4DD1D780,DXGI,0,0,1,Hardware Composed: Independent Flip,6279.9136,NA,52.67730000000000,52.06140000000000,0.24520000000000,44.05250000000000,44.0729,6227.4975,52.6613,52.4161,0.2452,44.0048,52.4638,47.5695,4.8943,-0.7349,6227.4975,NA,NA,NA
Stalker2-Win64-Shipping.exe,5640,0x4DD1D780,DXGI,0,0,1,Hardware Composed: Independent Flip,6331.7156,NA,51.80200000000000,53.16450000000000,0.26110000000000,44.56230000000000,45.4354,6280.1588,51.8179,51.5568,0.2611,43.8073,52.3118,48.1659,4.1459,-0.5032,6280.1588,NA,NA,NA
Stalker2-Win64-Shipping.exe,5640,0x4DD1D780,DXGI,0,0,1,Hardware Composed: Independent Flip,6382.0885,NA,50.37290000000000,49.77470000000000,0.25970000000000,44.81890000000000,44.8372,6331.9767,50.3715,50.1118,0.2597,44.3012,50.6295,48.0984,2.5311,2.0432,6331.9767,NA,NA,NA
Stalker2-Win64-Shipping.exe,5640,0x4DD1D780,DXGI,0,0,1,Hardware Composed: Independent Flip,6434.9829,NA,52.89440000000000,52.78390000000000,0.27120000000000,44.71230000000000,44.7267,6382.3482,52.9059,52.6347,0.2712,44.5592,52.7878,47.9846,4.8032,-2.4124,6382.3482,NA,NA,NA
Stalker2-Win64-Shipping.exe,5640,0x4DD1D780,DXGI,0,0,1,Hardware Composed: Independent Flip,6485.0097,NA,50.02680000000000,52.36300000000000,0.26570000000000,45.60220000000000,47.0629,6435.2541,50.0213,49.7556,0.2657,44.4411,50.9167,48.6683,2.2484,0.5429,6435.2541,NA,NA,NA
Stalker2-Win64-Shipping.exe,5640,0x4DD1D780,DXGI,0,0,1,Hardware Composed: Independent Flip,6536.8712,NA,51.86150000000000,49.66940000000000,0.26750000000000,44.85740000000001,44.8708,6485.2754,51.8633,51.5958,0.2675,45.3365,51.1167,48.0575,3.0592,0.3519,6485.2754,NA,NA,NA
Stalker2-Win64-Shipping.exe,5640,0x4DD1D780,DXGI,0,0,1,Hardware Composed: Independent Flip,6587.7799,NA,50.90870000000000,50.78490000000000,0.24310000000000,44.54470000000000,44.7470,6537.1387,50.8843,50.6412,0.2431,44.5899,50.5960,47.5755,3.0205,1.0784,6537.1387,NA,NA,NA
Stalker2-Win64-Shipping.exe,5640,0x4DD1D780,DXGI,0,0,1,Hardware Composed: Independent Flip,6639.0278,NA,51.24790000000000,51.07280000000000,0.23500000000000,44.55040000000000,44.5719,6588.0230,51.2398,51.0048,0.2350,44.3016,51.2536,47.7411,3.5125,-0.1885,6588.0230,NA,NA,NA
Stalker2-Win64-Shipping.exe,5640,0x4DD1D780,DXGI,0,0,1,Hardware Composed: Independent Flip,6692.4084,NA,53.38060000000000,55.64880000000000,0.25850000000000,46.43880000000000,46.8401,6639.2628,53.4041,53.1456,0.2585,44.3154,55.2690,50.5591,4.7099,-4.4090,6639.2628,NA,NA,NA
Stalker2-Win64-Shipping.exe,5640,0x4DD1D780,DXGI,0,0,1,Hardware Composed: Independent Flip,6742.5488,NA,50.14040000000000,50.20080000000000,0.24110000000000,45.25780000000000,46.9005,6692.6669,50.1230,49.8819,0.2411,46.1803,48.9594,48.8419,0.1175,3.2033,6692.6669,NA,NA,NA
Stalker2-Win64-Shipping.exe,5640,0x4DD1D780,DXGI,0,0,1,Hardware Composed: Independent Flip,6794.0009,NA,51.45210000000000,49.08270000000000,0.29920000000000,44.50190000000000,44.5311,6742.7899,51.5102,51.2110,0.2992,45.0167,50.6962,47.7191,2.9771,1.0403,6742.7899,NA,NA,NA
Stalker2-Win64-Shipping.exe,5640,0x4DD1D780,DXGI,0,0,1,Hardware Composed: Independent Flip,6846.0053,NA,52.00440000000000,53.91270000000000,0.24520000000000,44.85310000000000,46.4394,6794.3001,51.9504,51.7052,0.2452,44.2027,52.3556,48.1916,4.1640,-2.4025,6794.3001,NA,NA,NA
Stalker2-Win64-Shipping.exe,5640,0x4DD1D780,DXGI,0,0,1,Hardware Composed: Independent Flip,6897.0924,NA,51.08710000000000,48.86800000000000,0.28430000000000,44.20710000000000,44.2203,6846.2505,51.1262,50.8419,0.2843,44.6079,50.4411,47.3437,3.0974,3.0824,6846.2505,NA,NA,NA
Stalker2-Win64-Shipping.exe,5640,0x4DD1D780,DXGI,0,0,1,Hardware Composed: Independent Flip,6949.2402,NA,52.14780000000000,52.76260000000000,0.24830000000000,44.80110000000001,44.8351,6897.3767,52.1118,51.8635,0.2483,43.9228,52.7418,48.1053,4.6365,-1.6364,6897.3767,NA,NA,NA
Stalker2-Win64-Shipping.exe,5640,0x4DD1D780,DXGI,0,0,1,Hardware Composed: Independent Flip,7002.5530,NA,53.31280000000000,55.09890000000000,0.26480000000000,44.72320000000001,46.6212,6949.4885,53.3293,53.0645,0.2648,44.5528,53.2349,48.0158,5.2191,-2.9871,6949.4885,NA,NA,NA
Stalker2-Win64-Shipping.exe,5640,0x4DD1D780,DXGI,0,0,1,Hardware Composed: Independent Flip,7053.2906,NA,50.73760000000000,49.38960000000000,0.27140000000000,45.25920000000000,45.2732,7002.8178,50.7442,50.4728,0.2714,44.4584,51.2736,48.4066,2.8670,3.9397,7002.8178,NA,NA,NA
Stalker2-Win64-Shipping.exe,5640,0x4DD1D780,DXGI,0,0,1,Hardware Composed: Independent Flip,7104.7303,NA,51.43970000000000,52.83310000000000,0.23130000000000,46.61020000000000,46.6666,7053.5620,51.3996,51.1683,0.2313,44.9878,52.7907,49.8432,2.9475,-2.0889,7053.5620,NA,NA,NA
Stalker2-Win64-Shipping.exe,5640,0x4DD1D780,DXGI,0,0,1,Hardware Composed: Independent Flip,7156.7264,NA,51.99610000000001,51.06850000000000,0.24650000000000,44.15120000000000,45.7390,7104.9616,52.0113,51.7648,0.2465,46.3789,49.5371,47.6245,1.9126,0.3311,7104.9616,NA,NA,NA
Stalker2-Win64-Shipping.exe,5640,0x4DD1D780,DXGI,0,0,1,Hardware Composed: Independent Flip,7208.2680,NA,51.54160000000000,50.25760000000000,0.28500000000000,44.43180000000000,44.4550,7156.9729,51.5801,51.2951,0.2850,43.9047,51.8222,48.0573,3.7649,1.7537,7156.9729,NA,NA,NA
Stalker2-Win64-Shipping.exe,5640,0x4DD1D780,DXGI,0,0,1,Hardware Composed: Independent Flip,7259.7676,NA,51.49960000000000,53.65450000000001,0.23690000000000,45.07720000000000,46.6099,7208.5530,51.4515,51.2146,0.2369,44.1468,52.1450,48.7036,3.4414,-2.0744,7208.5530,NA,NA,NA
Stalker2-Win64-Shipping.exe,5640,0x4DD1D780,DXGI,0,0,1,Hardware Composed: Independent Flip,7311.0634,NA,51.29580000000000,49.79180000000000,0.25760000000000,45.09250000000000,45.1059,7260.0045,51.3165,51.0589,0.2576,44.8403,51.3111,48.3144,2.9967,1.6597,7260.0045,NA,NA,NA
Stalker2-Win64-Shipping.exe,5640,0x4DD1D780,DXGI,0,0,1,Hardware Composed: Independent Flip,7363.8001,NA,52.73670000000000,53.09760000000000,0.26370000000000,45.40400000000000,45.4668,7311.3210,52.7428,52.4791,0.2637,44.8349,53.0482,48.5769,4.4713,-1.7811,7311.3210,NA,NA,NA
Stalker2-Win64-Shipping.exe,5640,0x4DD1D780,DXGI,0,0,1,Hardware Composed: Independent Flip,7415.2778,NA,51.47770000000001,52.12280000000001,0.27200000000000,44.83730000000000,46.1119,7364.0638,51.4860,51.2140,0.2720,45.1403,50.9110,48.0247,2.8863,0.6200,7364.0638,NA,NA,NA
Stalker2-Win64-Shipping.exe,5640,0x4DD1D780,DXGI,0,0,1,Hardware Composed: Independent Flip,7467.1821,NA,51.90430000000000,50.75210000000001,0.26290000000000,44.93860000000000,44.9597,7415.5498,51.8952,51.6323,0.2629,44.5653,52.0056,48.1510,3.8546,0.7339,7415.5498,NA,NA,NA
Stalker2-Win64-Shipping.exe,5640,0x4DD1D780,DXGI,0,0,1,Hardware Composed: Independent Flip,7519.1584,NA,51.97630000000000,52.69900000000001,0.25400000000000,44.99200000000000,45.6824,7467.4450,51.9674,51.7134,0.2540,44.6757,52.0297,48.2177,3.8120,-0.8038,7467.4450,NA,NA,NA
Stalker2-Win64-Shipping.exe,5640,0x4DD1D780,DXGI,0,0,1,Hardware Composed: Independent Flip,7571.4491,NA,52.29070000000000,51.11810000000001,0.24440000000000,44.48670000000000,44.5098,7519.4124,52.2811,52.0367,0.2444,44.7380,51.7854,47.7448,4.0406,0.8493,7519.4124,NA,NA,NA
Stalker2-Win64-Shipping.exe,5640,0x4DD1D780,DXGI,0,0,1,Hardware Composed: Independent Flip,7623.0721,NA,51.62300000000000,52.37590000000000,0.23070000000000,45.24740000000000,45.2627,7571.6935,51.6093,51.3786,0.2307,44.2423,52.3837,48.3970,3.9867,-0.0948,7571.6935,NA,NA,NA
Stalker2-Win64-Shipping.exe,5640,0x4DD1D780,DXGI,0,0,1,Hardware Composed: Independent Flip,7675.0592,NA,51.98710000000001,51.93450000000000,0.27340000000000,44.74410000000000,45.2101,7623.3028,52.0298,51.7564,0.2734,45.0167,51.4838,47.8857,3.5981,-0.3252,7623.3028,NA,NA,NA
Stalker2-Win64-Shipping.exe,5640,0x4DD1D780,DXGI,0,0,1,Hardware Composed: Independent Flip,7726.7313,NA,51.67210000000000,52.95570000000000,0.26990000000000,46.43150000000000,46.4937,7675.3326,51.6686,51.3987,0.2699,44.4707,53.3595,49.6934,3.6661,-0.9259,7675.3326,NA,NA,NA
Stalker2-Win64-Shipping.exe,5640,0x4DD1D780,DXGI,0,0,1,Hardware Composed: Independent Flip,7779.1445,NA,52.41320000000000,51.63450000000000,0.24840000000000,44.74400000000000,45.7150,7727.0012,52.3917,52.1433,0.2484,46.1616,50.7257,47.9400,2.7857,0.0341,7727.0012,NA,NA,NA
Stalker2-Win64-Shipping.exe,5640,0x4DD1D780,DXGI,0,0,1,Hardware Composed: Independent Flip,7830.3006,NA,51.15610000000000,50.43030000000000,0.27000000000000,44.97200000000000,44.9892,7779.3929,51.1777,50.9077,0.2700,44.4956,51.3841,48.1845,3.1996,1.9614,7779.3929,NA,NA,NA
Stalker2-Win64-Shipping.exe,5640,0x4DD1D780,DXGI,0,0,1,Hardware Composed: Independent Flip,7881.9421,NA,51.64150000000000,51.86630000000000,0.27900000000000,44.59950000000000,45.2140,7830.5706,51.6505,51.3715,0.2790,44.7020,51.2690,47.7864,3.4826,-0.6886,7830.5706,NA,NA,NA
Stalker2-Win64-Shipping.exe,5640,0x4DD1D780,DXGI,0,0,1,Hardware Composed: Independent Flip,7934.3418,NA,52.39970000000000,51.25830000000001,0.23490000000000,44.05910000000000,44.0726,7882.2211,52.3556,52.1207,0.2349,44.3205,51.8593,47.5427,4.3166,0.3922,7882.2211,NA,NA,NA
Stalker2-Win64-Shipping.exe,5640,0x4DD1D780,DXGI,0,0,1,Hardware Composed: Independent Flip,7986.3185,NA,51.97670000000000,51.89570000000001,0.25720000000000,43.64750000000000,43.9916,7934.5767,51.9990,51.7418,0.2572,43.8242,51.5651,47.2158,4.3493,0.4599,7934.5767,NA,NA,NA
Stalker2-Win64-Shipping.exe,5640,0x4DD1D780,DXGI,0,0,1,Hardware Composed: Independent Flip,8038.4200,NA,52.10150000000000,52.05400000000000,0.29810000000000,43.92780000000000,43.9441,7986.5757,52.1424,51.8443,0.2981,43.3903,52.3818,47.5418,4.8400,-0.0550,7986.5757,NA,NA,NA
Stalker2-Win64-Shipping.exe,5640,0x4DD1D780,DXGI,0,0,1,Hardware Composed: Independent Flip,8090.5616,NA,52.14160000000000,53.00930000000000,0.26050000000000,44.40960000000000,44.8118,8038.7181,52.1040,51.8435,0.2605,43.6297,52.6234,47.9310,4.6924,-0.8669,8038.7181,NA,NA,NA
Stalker2-Win64-Shipping.exe,5640,0x4DD1D780,DXGI,0,0,1,Hardware Composed: Independent Flip,8141.6562,NA,51.09460000000000,51.48500000000000,0.25980000000000,44.95960000000000,45.2022,8090.8221,51.0939,50.8341,0.2598,44.1491,51.6446,48.4160,3.2286,0.6190,8090.8221,NA,NA,NA
Stalker2-Win64-Shipping.exe,5640,0x4DD1D780,DXGI,0,0,1,Hardware Composed: Independent Flip,8193.1330,NA,51.47680000000000,50.49060000000000,0.26770000000000,44.19800000000000,44.2160,8141.9160,51.4847,51.2170,0.2677,44.6998,50.7152,47.5118,3.2034,0.6033,8141.9160,NA,NA,NA
Stalker2-Win64-Shipping.exe,5640,0x4DD1D780,DXGI,0,0,1,Hardware Composed: Independent Flip,8244.1547,NA,51.02170000000000,51.41300000000000,0.25470000000000,44.58940000000000,44.6073,8193.4007,51.0087,50.7540,0.2547,43.9303,51.4131,48.2807,3.1324,0.0717,8193.4007,NA,NA,NA
Stalker2-Win64-Shipping.exe,5640,0x4DD1D780,DXGI,0,0,1,Hardware Composed: Independent Flip,8295.3397,NA,51.18500000000000,51.40520000000000,0.25870000000000,44.61110000000000,44.8275,8244.4094,51.1890,50.9303,0.2587,44.3347,51.2067,47.6971,3.5096,-0.3965,8244.4094,NA,NA,NA
Stalker2-Win64-Shipping.exe,5640,0x4DD1D780,DXGI,0,0,1,Hardware Composed: Independent Flip,8345.9314,NA,50.59170000000000,52.29390000000000,0.24700000000000,46.51630000000000,46.5297,8295.5984,50.5800,50.3330,0.2470,44.3524,52.4969,49.6753,2.8216,-1.1049,8295.5984,NA,NA,NA
Stalker2-Win64-Shipping.exe,5640,0x4DD1D780,DXGI,0,0,1,Hardware Composed: Independent Flip,8397.2993,NA,51.36790000000001,50.11330000000000,0.26720000000000,44.64090000000000,45.2751,8346.1784,51.3881,51.1209,0.2672,46.2693,49.4925,47.7908,1.7017,0.4667,8346.1784,NA,NA,NA
Stalker2-Win64-Shipping.exe,5640,0x4DD1D780,DXGI,0,0,1,Hardware Composed: Independent Flip,8450.5678,NA,53.26850000000000,52.57290000000000,0.25110000000000,44.56650000000000,44.5795,8397.5665,53.2524,53.0013,0.2511,44.3737,53.1941,48.1650,5.0291,-1.1848,8397.5665,NA,NA,NA
Stalker2-Win64-Shipping.exe,5640,0x4DD1D780,DXGI,0,0,1,Hardware Composed: Independent Flip,8499.9501,NA,49.38230000000000,51.36940000000001,0.25570000000000,44.50820000000000,46.5666,8450.8189,49.3869,49.1312,0.2557,44.3154,49.3240,47.6784,1.6456,1.8830,8450.8189,NA,NA,NA
Stalker2-Win64-Shipping.exe,5640,0x4DD1D780,DXGI,0,0,1,Hardware Composed: Independent Flip,8550.9419,NA,50.99180000000000,49.30820000000000,0.24600000000000,44.86190000000001,44.8830,8500.2058,50.9821,50.7361,0.2460,44.2525,51.3455,48.7106,2.6349,0.0787,8500.2058,NA,NA,NA
Stalker2-Win64-Shipping.exe,5640,0x4DD1D780,DXGI,0,0,1,Hardware Composed: Independent Flip,8603.1852,NA,52.24330000000000,53.35070000000000,0.29940000000000,44.63080000000000,45.9904,8551.1879,52.2967,51.9973,0.2994,44.6159,52.0122,48.0812,3.9310,-2.3686,8551.1879,NA,NA,NA
Stalker2-Win64-Shipping.exe,5640,0x4DD1D780,DXGI,0,0,1,Hardware Composed: Independent Flip,8655.1120,NA,51.92680000000000,51.40240000000000,0.25670000000000,45.45100000000000,45.4660,8603.4846,51.8841,51.6274,0.2567,44.3314,52.7470,48.5977,4.1493,0.8943,8603.4846,NA,NA,NA
Stalker2-Win64-Shipping.exe,5640,0x4DD1D780,DXGI,0,0,1,Hardware Composed: Independent Flip,8706.9437,NA,51.83170000000000,50.78530000000000,0.25220000000000,44.23600000000000,44.4196,8655.3687,51.8272,51.5750,0.2522,45.1943,50.6167,47.4096,3.2071,1.0988,8655.3687,NA,NA,NA
Stalker2-Win64-Shipping.exe,5640,0x4DD1D780,DXGI,0,0,1,Hardware Composed: Independent Flip,8758.8268,NA,51.88310000000001,51.86340000000001,0.27630000000000,44.33510000000000,44.3999,8707.1959,51.9072,51.6309,0.2763,43.9838,51.9822,47.7684,4.2138,-0.0362,8707.1959,NA,NA,NA
Stalker2-Win64-Shipping.exe,5640,0x4DD1D780,DXGI,0,0,1,Hardware Composed: Independent Flip,8810.1395,NA,51.31270000000000,51.98620000000000,0.25010000000000,44.19650000000000,45.0734,8759.1031,51.2865,51.0364,0.2501,44.0588,51.1741,47.9774,3.1967,-0.0790,8759.1031,NA,NA,NA
Stalker2-Win64-Shipping.exe,5640,0x4DD1D780,DXGI,0,0,1,Hardware Composed: Independent Flip,8861.9033,NA,51.76380000000000,51.97670000000000,0.26170000000000,45.26690000000000,45.2863,8810.3896,51.7754,51.5137,0.2617,43.9464,52.8342,48.7332,4.1010,-0.6902,8810.3896,NA,NA,NA
Stalker2-Win64-Shipping.exe,5640,0x4DD1D780,DXGI,0,0,1,Hardware Composed: Independent Flip,8913.4872,NA,51.58390000000000,52.19420000000000,0.27210000000000,45.05470000000000,45.8966,8862.1650,51.5943,51.3222,0.2721,45.0052,51.3717,48.3124,3.0593,-0.4188,8862.1650,NA,NA,NA
Stalker2-Win64-Shipping.exe,5640,0x4DD1D780,DXGI,0,0,1,Hardware Composed: Independent Flip,8965.3028,NA,51.81560000000000,52.04230000000000,0.25480000000000,46.11000000000000,46.1233,8913.7593,51.7983,51.5435,0.2548,44.7826,52.8709,49.2310,3.6399,-0.4480,8913.7593,NA,NA,NA
Stalker2-Win64-Shipping.exe,5640,0x4DD1D780,DXGI,0,0,1,Hardware Composed: Independent Flip,9017.0084,NA,51.70560000000000,51.36490000000001,0.25060000000000,45.01770000000000,45.7826,8965.5576,51.7014,51.4508,0.2506,45.8552,50.6133,48.2821,2.3312,0.4334,8965.5576,NA,NA,NA
Stalker2-Win64-Shipping.exe,5640,0x4DD1D780,DXGI,0,0,1,Hardware Composed: Independent Flip,9070.2406,NA,53.23220000000001,51.97390000000000,0.26420000000000,44.46290000000000,44.5243,9017.2590,53.2458,52.9816,0.2642,44.7671,52.6774,48.2549,4.4225,-0.2725,9017.2590,NA,NA,NA
Stalker2-Win64-Shipping.exe,5640,0x4DD1D780,DXGI,0,0,1,Hardware Composed: Independent Flip,9119.5330,NA,49.29240000000000,51.62760000000000,0.25260000000000,45.61360000000001,46.8595,9070.5048,49.2808,49.0282,0.2526,44.1987,50.4431,48.7459,1.6972,1.6182,9070.5048,NA,NA,NA
Stalker2-Win64-Shipping.exe,5640,0x4DD1D780,DXGI,0,0,1,Hardware Composed: Independent Flip,9171.3598,NA,51.82680000000001,50.24850000000000,0.26600000000000,45.26490000000000,45.2812,9119.7856,51.8402,51.5742,0.2660,45.3610,51.4781,48.5194,2.9587,-0.9677,9119.7856,NA,NA,NA
Stalker2-Win64-Shipping.exe,5640,0x4DD1D780,DXGI,0,0,1,Hardware Composed: Independent Flip,9224.4754,NA,53.11560000000000,53.38920000000000,0.26970000000000,44.78180000000000,45.5548,9171.6258,53.1193,52.8496,0.2697,44.9989,52.6325,48.4607,4.1718,-1.5490,9171.6258,NA,NA,NA
Stalker2-Win64-Shipping.exe,5640,0x4DD1D780,DXGI,0,0,1,Hardware Composed: Independent Flip,9275.4765,NA,51.00110000000000,50.40920000000001,0.25860000000000,44.71910000000000,44.9629,9224.7451,50.9900,50.7314,0.2586,44.5121,50.9384,47.9340,3.0044,2.7101,9224.7451,NA,NA,NA
Stalker2-Win64-Shipping.exe,5640,0x4DD1D780,DXGI,0,0,1,Hardware Composed: Independent Flip,9326.8803,NA,51.40380000000000,51.25840000000000,0.26250000000000,44.75180000000000,44.8175,9275.7351,51.4077,51.1452,0.2625,44.4605,51.4365,47.9512,3.4853,-0.2684,9275.7351,NA,NA,NA
Stalker2-Win64-Shipping.exe,5640,0x4DD1D780,DXGI,0,0,1,Hardware Composed: Independent Flip,9378.8457,NA,51.96540000000000,52.54030000000000,0.22470000000000,44.65350000000000,45.3924,9327.1428,51.9276,51.7029,0.2247,44.4893,51.8671,47.8329,4.0342,-1.1326,9327.1428,NA,NA,NA
Stalker2-Win64-Shipping.exe,5640,0x4DD1D780,DXGI,0,0,1,Hardware Composed: Independent Flip,9430.6407,NA,51.79500000000000,50.72030000000000,0.24960000000000,44.30320000000000,44.3177,9379.0704,51.8199,51.5703,0.2496,44.4288,51.4447,47.8430,3.6017,1.2073,9379.0704,NA,NA,NA
Stalker2-Win64-Shipping.exe,5640,0x4DD1D780,DXGI,0,0,1,Hardware Composed: Independent Flip,9483.9588,NA,53.31810000000000,53.75960000000001,0.28250000000000,44.73720000000000,44.7592,9430.8903,53.3510,53.0685,0.2825,44.0536,53.7521,48.6859,5.0662,-1.9397,9430.8903,NA,NA,NA
Stalker2-Win64-Shipping.exe,5640,0x4DD1D780,DXGI,0,0,1,Hardware Composed: Independent Flip,9535.0995,NA,51.14070000000000,51.90600000000001,0.28100000000000,44.30870000000000,45.5245,9484.2413,51.1392,50.8582,0.2810,44.4547,50.7122,47.4574,3.2548,1.4450,9484.2413,NA,NA,NA
Stalker2-Win64-Shipping.exe,5640,0x4DD1D780,DXGI,0,0,1,Hardware Composed: Independent Flip,9586.2608,NA,51.16130000000000,51.23720000000000,0.25270000000000,45.53880000000000,45.6004,9535.3805,51.1330,50.8803,0.2527,44.0277,52.3914,48.9772,3.4142,-0.0980,9535.3805,NA,NA,NA
Stalker2-Win64-Shipping.exe,5640,0x4DD1D780,DXGI,0,0,1,Hardware Composed: Independent Flip,9637.8014,NA,51.54060000000000,52.21660000000000,0.25180000000000,45.22440000000000,46.2764,9586.5135,51.5397,51.2879,0.2518,45.2861,51.2262,48.4370,2.7892,-1.0836,9586.5135,NA,NA,NA
Stalker2-Win64-Shipping.exe,5640,0x4DD1D780,DXGI,0,0,1,Hardware Composed: Independent Flip,9689.4196,NA,51.61820000000000,49.88210000000000,0.30880000000000,44.51910000000000,44.5403,9638.0532,51.6752,51.3664,0.3088,44.9726,50.9129,47.7849,3.1280,1.6576,9638.0532,NA,NA,NA
Stalker2-Win64-Shipping.exe,5640,0x4DD1D780,DXGI,0,0,1,Hardware Composed: Independent Flip,9740.8041,NA,51.38450000000000,51.81040000000000,0.27530000000000,44.95310000000000,44.9662,9689.7284,51.3510,51.0757,0.2753,44.2103,51.8185,48.0305,3.7880,-0.1352,9689.7284,NA,NA,NA
Stalker2-Win64-Shipping.exe,5640,0x4DD1D780,DXGI,0,0,1,Hardware Composed: Independent Flip,9791.8794,NA,51.07530000000001,50.53400000000000,0.23840000000000,44.17310000000001,44.4249,9741.0794,51.0384,50.8000,0.2384,44.6778,50.2953,47.8398,2.4555,0.8170,9741.0794,NA,NA,NA
Stalker2-Win64-Shipping.exe,5640,0x4DD1D780,DXGI,0,0,1,Hardware Composed: Independent Flip,9843.6716,NA,51.79220000000000,51.58680000000000,0.25290000000000,44.20140000000000,44.2195,9792.1178,51.8067,51.5538,0.2529,43.9347,51.8205,47.8329,3.9876,-0.5484,9792.1178,NA,NA,NA
Stalker2-Win64-Shipping.exe,5640,0x4DD1D780,DXGI,0,0,1,Hardware Composed: Independent Flip,9896.2845,NA,52.61290000000000,55.52870000000000,0.27740000000000,46.19930000000000,47.1353,9843.9245,52.6374,52.3600,0.2774,43.9485,54.6108,49.6911,4.9197,-3.7220,9843.9245,NA,NA,NA
Stalker2-Win64-Shipping.exe,5640,0x4DD1D780,DXGI,0,0,1,Hardware Composed: Independent Flip,9946.7865,NA,50.50200000000000,49.27830000000000,0.25460000000000,44.90330000000000,45.9116,9896.5619,50.4792,50.2246,0.2546,45.9219,49.2060,48.1196,1.0864,3.3591,9896.5619,NA,NA,NA
Stalker2-Win64-Shipping.exe,5640,0x4DD1D780,DXGI,0,0,1,Hardware Composed: Independent Flip,9998.5718,NA,51.78530000000000,50.70210000000000,0.26510000000000,44.75710000000000,44.8284,9947.0411,51.7958,51.5307,0.2651,44.6487,51.6391,47.9180,3.7211,-0.2229,9947.0411,NA,NA,NA
Stalker2-Win64-Shipping.exe,5640,0x4DD1D780,DXGI,0,0,1,Hardware Composed: Independent Flip,10049.6901,NA,51.11830000000000,53.39670000000000,0.25360000000000,44.92940000000000,47.1068,9998.8369,51.1068,50.8532,0.2536,44.4920,51.2906,48.1657,3.1249,-1.6009,9998.8369,NA,NA,NA
Stalker2-Win64-Shipping.exe,5640,0x4DD1D780,DXGI,0,0,1,Hardware Composed: Independent Flip,10100.7840,NA,51.09390000000000,48.53770000000000,0.26900000000000,44.52770000000000,44.5506,10049.9437,51.1093,50.8403,0.2690,44.6758,50.6922,47.7457,2.9465,2.5691,10049.9437,NA,NA,NA
Stalker2-Win64-Shipping.exe,5640,0x4DD1D780,DXGI,0,0,1,Hardware Composed: Independent Flip,10152.6759,NA,51.89190000000000,51.80390000000001,0.27020000000000,44.44920000000000,44.4626,10101.0530,51.8931,51.6229,0.2702,44.2587,51.8134,47.8298,3.9836,-0.6946,10101.0530,NA,NA,NA
Stalker2-Win64-Shipping.exe,5640,0x4DD1D780,DXGI,0,0,1,Hardware Composed: Independent Flip,10205.6240,NA,52.94810000000000,54.25600000000000,0.27360000000000,45.20390000000000,45.7705,10152.9461,52.9515,52.6779,0.2736,44.1790,53.7028,48.5012,5.2016,-2.3629,10152.9461,NA,NA,NA
Stalker2-Win64-Shipping.exe,5640,0x4DD1D780,DXGI,0,0,1,Hardware Composed: Independent Flip,10256.5456,NA,50.92160000000001,50.21060000000000,0.27830000000000,44.27780000000000,45.0595,10205.8976,50.9263,50.6480,0.2783,44.9303,49.9955,47.5091,2.4864,2.7409,10205.8976,NA,NA,NA
Stalker2-Win64-Shipping.exe,5640,0x4DD1D780,DXGI,0,0,1,Hardware Composed: Independent Flip,10307.6134,NA,51.06780000000001,50.58100000000000,0.29480000000000,44.55410000000001,44.5727,10256.8239,51.0843,50.7895,0.2948,43.9995,51.3441,48.2342,3.1099,0.3453,10256.8239,NA,NA,NA
Stalker2-Win64-Shipping.exe,5640,0x4DD1D780,DXGI,0,0,1,Hardware Composed: Independent Flip,10359.1746,NA,51.56120000000000,52.85180000000000,0.26880000000000,44.57800000000000,45.8633,10307.9082,51.5352,51.2664,0.2688,44.2593,51.5851,47.6933,3.8918,-1.7675,10307.9082,NA,NA,NA
Stalker2-Win64-Shipping.exe,5640,0x4DD1D780,DXGI,0,0,1,Hardware Composed: Independent Flip,10411.3264,NA,52.15180000000000,51.51430000000001,0.25530000000000,45.19760000000000,45.2258,10359.4434,52.1383,51.8830,0.2553,44.3092,52.7714,49.0042,3.7672,0.0209,10359.4434,NA,NA,NA
Stalker2-Win64-Shipping.exe,5640,0x4DD1D780,DXGI,0,0,1,Hardware Composed: Independent Flip,10463.1634,NA,51.83700000000000,51.82210000000000,0.25260000000000,44.72280000000000,45.2109,10411.5817,51.8343,51.5817,0.2526,44.9423,51.3622,47.9365,3.4257,0.3162,10411.5817,NA,NA,NA
Stalker2-Win64-Shipping.exe,5640,0x4DD1D780,DXGI,0,0,1,Hardware Composed: Independent Flip,10513.9633,NA,50.79990000000000,50.68030000000000,0.29180000000000,45.07050000000000,45.0913,10463.4160,50.8391,50.5473,0.2918,44.4702,51.1476,48.2328,2.9148,1.1540,10463.4160,NA,NA,NA
Stalker2-Win64-Shipping.exe,5640,0x4DD1D780,DXGI,0,0,1,Hardware Composed: Independent Flip,10565.8746,NA,51.91130000000000,51.22850000000000,0.24180000000000,44.38670000000000,44.4085,10514.2551,51.8613,51.6195,0.2418,44.7787,51.2275,47.8412,3.3863,-0.3894,10514.2551,NA,NA,NA
Stalker2-Win64-Shipping.exe,5640,0x4DD1D780,DXGI,0,0,1,Hardware Composed: Independent Flip,10617.0692,NA,51.19460000000000,51.46420000000001,0.27880000000000,44.65010000000000,44.6781,10566.1164,51.2316,50.9528,0.2788,44.1449,51.4580,47.7966,3.6614,0.3971,10566.1164,NA,NA,NA
Stalker2-Win64-Shipping.exe,5640,0x4DD1D780,DXGI,0,0,1,Hardware Composed: Independent Flip,10669.9534,NA,52.88420000000000,52.26880000000001,0.22730000000000,43.91120000000000,44.0627,10617.3480,52.8327,52.6054,0.2273,44.3713,52.1453,47.2341,4.9112,-1.0372,10617.3480,NA,NA,NA
Stalker2-Win64-Shipping.exe,5640,0x4DD1D780,DXGI,0,0,1,Hardware Composed: Independent Flip,10719.9172,NA,49.96380000000000,50.64190000000000,0.23590000000000,44.46900000000000,44.7408,10670.1807,49.9724,49.7365,0.2359,43.6839,50.5216,47.9611,2.5605,2.1908,10670.1807,NA,NA,NA
Stalker2-Win64-Shipping.exe,5640,0x4DD1D780,DXGI,0,0,1,Hardware Composed: Independent Flip,10772.6123,NA,52.69510000000000,52.49650000000000,0.26960000000000,44.52750000000000,44.5422,10720.1531,52.7288,52.4592,0.2696,44.2331,52.7536,48.0509,4.7027,-2.5241,10720.1531,NA,NA,NA
Stalker2-Win64-Shipping.exe,5640,0x4DD1D780,DXGI,0,0,1,Hardware Composed: Independent Flip,10823.5934,NA,50.98110000000000,53.62760000000000,0.25880000000000,45.86410000000000,47.1887,10772.8819,50.9703,50.7115,0.2588,44.2579,52.3177,49.1079,3.2098,-0.8988,10772.8819,NA,NA,NA
Stalker2-Win64-Shipping.exe,5640,0x4DD1D780,DXGI,0,0,1,Hardware Composed: Independent Flip,10876.1290,NA,52.53560000000000,49.76810000000000,0.27310000000000,44.40620000000001,44.4212,10823.8522,52.5499,52.2768,0.2731,45.6053,51.0777,47.7705,3.3072,1.2022,10823.8522,NA,NA,NA
Stalker2-Win64-Shipping.exe,5640,0x4DD1D780,DXGI,0,0,1,Hardware Composed: Independent Flip,10926.1568,NA,50.02780000000000,50.70670000000000,0.24900000000000,45.07820000000000,45.1001,10876.4021,50.0037,49.7547,0.2490,44.1331,50.6998,48.1698,2.5300,1.8432,10876.4021,NA,NA,NA
Stalker2-Win64-Shipping.exe,5640,0x4DD1D780,DXGI,0,0,1,Hardware Composed: Independent Flip,10977.8217,NA,51.66490000000000,51.65570000000000,0.26510000000000,44.77770000000000,45.0909,10926.4058,51.6810,51.4159,0.2651,44.8292,51.3644,47.9737,3.3907,-1.6520,10926.4058,NA,NA,NA
Stalker2-Win64-Shipping.exe,5640,0x4DD1D780,DXGI,0,0,1,Hardware Composed: Independent Flip,11029.1250,NA,51.30330000000000,51.48940000000000,0.25070000000000,45.26510000000000,45.2770,10978.0868,51.2889,51.0382,0.2507,44.5126,51.7907,48.6127,3.1780,0.1916,10978.0868,NA,NA,NA
Stalker2-Win64-Shipping.exe,5640,0x4DD1D780,DXGI,0,0,1,Hardware Composed: Independent Flip,11080.8917,NA,51.76670000000000,51.98100000000000,0.25980000000000,45.27470000000000,45.4913,11029.3757,51.7758,51.5160,0.2598,45.0144,51.7763,48.3846,3.3917,-0.6921,11029.3757,NA,NA,NA
Stalker2-Win64-Shipping.exe,5640,0x4DD1D780,DXGI,0,0,1,Hardware Composed: Independent Flip,11134.0020,NA,53.11030000000000,52.01630000000000,0.24780000000000,44.30340000000000,44.3973,11081.1515,53.0983,52.8505,0.2478,45.0149,52.1390,47.5892,4.5498,-0.2405,11081.1515,NA,NA,NA
Stalker2-Win64-Shipping.exe,5640,0x4DD1D780,DXGI,0,0,1,Hardware Composed: Independent Flip,11184.3894,NA,50.38740000000000,50.39390000000000,0.25740000000000,44.26460000000000,44.4038,11134.2498,50.3970,50.1396,0.2574,44.0556,50.3486,47.4531,2.8955,2.7044,11134.2498,NA,NA,NA
Stalker2-Win64-Shipping.exe,5640,0x4DD1D780,DXGI,0,0,1,Hardware Composed: Independent Flip,11235.7647,NA,51.37530000000000,51.75480000000000,0.35730000000000,44.75560000000000,44.7833,11184.6468,51.4752,51.1179,0.3573,44.0072,51.8663,48.3759,3.4904,-1.3578,11184.6468,NA,NA,NA
Stalker2-Win64-Shipping.exe,5640,0x4DD1D780,DXGI,0,0,1,Hardware Composed: Independent Flip,11287.8788,NA,52.11410000000000,52.64480000000000,0.38830000000000,44.32890000000000,45.3140,11236.1220,52.1451,51.7568,0.3883,44.3983,51.6874,47.5461,4.1413,-1.1696,11236.1220,NA,NA,NA
Stalker2-Win64-Shipping.exe,5640,0x4DD1D780,DXGI,0,0,1,Hardware Composed: Independent Flip,11339.4802,NA,51.60140000000001,51.37150000000000,0.26470000000000,45.05560000000001,45.0841,11288.2671,51.4778,51.2131,0.2647,43.9406,52.3281,48.3360,3.9921,0.7736,11288.2671,NA,NA,NA
Stalker2-Win64-Shipping.exe,5640,0x4DD1D780,DXGI,0,0,1,Hardware Composed: Independent Flip,11391.4825,NA,52.00230000000001,51.59200000000001,0.27150000000000,44.38520000000000,44.6738,11339.7449,52.0091,51.7376,0.2715,44.7909,51.3319,47.5718,3.7601,-0.1142,11339.7449,NA,NA,NA
Stalker2-Win64-Shipping.exe,5640,0x4DD1D780,DXGI,0,0,1,Hardware Composed: Independent Flip,11443.4605,NA,51.97800000000000,52.87320000000000,0.27840000000000,45.55500000000000,45.5690,11391.7540,51.9849,51.7065,0.2784,44.1137,53.1478,48.8131,4.3347,-0.8641,11391.7540,NA,NA,NA
Stalker2-Win64-Shipping.exe,5640,0x4DD1D780,DXGI,0,0,1,Hardware Composed: Independent Flip,11494.6483,NA,51.18780000000000,51.03430000000000,0.28780000000000,44.49140000000000,45.4155,11443.7389,51.1972,50.9094,0.2878,45.2766,50.1242,47.7157,2.4085,0.9506,11443.7389,NA,NA,NA
Stalker2-Win64-Shipping.exe,5640,0x4DD1D780,DXGI,0,0,1,Hardware Composed: Independent Flip,11545.9887,NA,51.34040000000000,50.58240000000000,0.26800000000000,44.63870000000000,44.6575,11494.9361,51.3206,51.0526,0.2680,44.2036,51.4877,47.7967,3.6910,0.6148,11494.9361,NA,NA,NA
Stalker2-Win64-Shipping.exe,5640,0x4DD1D780,DXGI,0,0,1,Hardware Composed: Independent Flip,11597.3437,NA,51.35500000000000,52.63620000000000,0.25410000000000,44.95580000000000,45.9387,11546.2567,51.3411,51.0870,0.2541,44.3707,51.6721,48.0673,3.6048,-1.3156,11546.2567,NA,NA,NA
Stalker2-Win64-Shipping.exe,5640,0x4DD1D780,DXGI,0,0,1,Hardware Composed: Independent Flip,11649.0197,NA,51.67600000000000,50.46180000000000,0.25630000000000,44.71100000000001,44.7245,11597.5978,51.6782,51.4219,0.2563,44.7017,51.4312,48.0161,3.4151,0.8793,11597.5978,NA,NA,NA
Stalker2-Win64-Shipping.exe,5640,0x4DD1D780,DXGI,0,0,1,Hardware Composed: Independent Flip,11701.4697,NA,52.45000000000000,52.26160000000000,0.24550000000000,44.51990000000000,44.5361,11649.2760,52.4392,52.1937,0.2455,44.4547,52.2589,48.0085,4.2504,-0.5834,11649.2760,NA,NA,NA
Stalker2-Win64-Shipping.exe,5640,0x4DD1D780,DXGI,0,0,1,Hardware Composed: Independent Flip,11753.4098,NA,51.94010000000000,52.82490000000000,0.26020000000000,44.86390000000000,45.4209,11701.7152,51.9548,51.6946,0.2602,44.2744,52.2841,48.4543,3.8298,-0.3857,11701.7152,NA,NA,NA
Stalker2-Win64-Shipping.exe,5640,0x4DD1D780,DXGI,0,0,1,Hardware Composed: Independent Flip,11804.2834,NA,50.87360000000000,49.81930000000001,0.28470000000000,44.34640000000000,44.3666,11753.6700,50.8981,50.6134,0.2847,44.6037,50.3561,47.5591,2.7970,2.1355,11753.6700,NA,NA,NA
Stalker2-Win64-Shipping.exe,5640,0x4DD1D780,DXGI,0,0,1,Hardware Composed: Independent Flip,11856.1582,NA,51.87480000000000,51.48220000000001,0.28130000000000,43.95280000000000,43.9740,11804.5681,51.8714,51.5901,0.2813,44.0617,51.4812,47.3455,4.1357,-0.5841,11804.5681,NA,NA,NA
Stalker2-Win64-Shipping.exe,5640,0x4DD1D780,DXGI,0,0,1,Hardware Composed: Independent Flip,11907.6518,NA,51.49360000000000,53.94810000000000,0.25520000000000,45.02340000000000,46.4285,11856.4395,51.4675,51.2123,0.2552,43.6715,52.5642,48.3959,4.1683,-2.0767,11856.4395,NA,NA,NA
Stalker2-Win64-Shipping.exe,5640,0x4DD1D780,DXGI,0,0,1,Hardware Composed: Independent Flip,11959.5672,NA,51.91540000000001,50.81040000000000,0.26070000000000,45.08660000000000,45.3235,11907.9070,51.9209,51.6602,0.2607,44.7682,51.9786,48.2759,3.7027,0.6571,11907.9070,NA,NA,NA
Stalker2-Win64-Shipping.exe,5640,0x4DD1D780,DXGI,0,0,1,Hardware Composed: Independent Flip,12011.2905,NA,51.72330000000000,51.36040000000001,0.25500000000000,44.94690000000000,44.9606,11959.8279,51.7176,51.4626,0.2550,44.8259,51.5836,48.1567,3.4269,0.5605,11959.8279,NA,NA,NA
Stalker2-Win64-Shipping.exe,5640,0x4DD1D780,DXGI,0,0,1,Hardware Composed: Independent Flip,12062.5631,NA,51.27260000000000,52.58520000000000,0.26810000000000,45.72630000000000,46.2732,12011.5455,51.2857,51.0176,0.2681,44.6919,52.0520,48.9369,3.1151,-0.8676,12011.5455,NA,NA,NA
Stalker2-Win64-Shipping.exe,5640,0x4DD1D780,DXGI,0,0,1,Hardware Composed: Independent Flip,12113.3396,NA,50.77650000000001,48.82230000000001,0.22710000000000,44.28480000000000,44.3190,12062.8312,50.7355,50.5084,0.2271,45.4582,49.3350,47.4460,1.8890,2.4634,12062.8312,NA,NA,NA
Stalker2-Win64-Shipping.exe,5640,0x4DD1D780,DXGI,0,0,1,Hardware Composed: Independent Flip,12165.6429,NA,52.30330000000000,51.83680000000000,0.29140000000000,43.82820000000000,43.8525,12113.5667,52.3676,52.0762,0.2914,44.0577,51.8467,47.8584,3.9883,-1.1013,12113.5667,NA,NA,NA
Stalker2-Win64-Shipping.exe,5640,0x4DD1D780,DXGI,0,0,1,Hardware Composed: Independent Flip,12217.3694,NA,51.72650000000000,53.78700000000000,0.27410000000000,44.16300000000000,45.9130,12165.9343,51.7092,51.4351,0.2741,43.5368,52.0613,47.7466,4.3147,-1.4194,12165.9343,NA,NA,NA
Stalker2-Win64-Shipping.exe,5640,0x4DD1D780,DXGI,0,0,1,Hardware Composed: Independent Flip,12269.4912,NA,52.12180000000000,50.89110000000000,0.26740000000000,44.66750000000000,44.6823,12217.6435,52.1151,51.8477,0.2674,43.8889,52.6263,48.1268,4.4995,0.8181,12217.6435,NA,NA,NA
Stalker2-Win64-Shipping.exe,5640,0x4DD1D780,DXGI,0,0,1,Hardware Composed: Independent Flip,12320.2261,NA,50.73490000000000,50.91550000000000,0.27250000000000,44.66210000000000,44.8629,12269.7586,50.7400,50.4675,0.2725,44.4001,50.7295,47.7791,2.9504,1.1996,12269.7586,NA,NA,NA
Stalker2-Win64-Shipping.exe,5640,0x4DD1D780,DXGI,0,0,1,Hardware Composed: Independent Flip,12372.0752,NA,51.84910000000000,51.44220000000000,0.24860000000000,44.38950000000001,44.4560,12320.4986,51.8252,51.5766,0.2486,44.3896,51.5765,47.8172,3.7593,-0.7022,12320.4986,NA,NA,NA
Stalker2-Win64-Shipping.exe,5640,0x4DD1D780,DXGI,0,0,1,Hardware Composed: Independent Flip,12423.3492,NA,51.27400000000000,52.43940000000000,0.27120000000000,44.99730000000000,45.6214,12372.3238,51.2966,51.0254,0.2712,44.1409,51.8818,48.1603,3.7215,-0.6142,12372.3238,NA,NA,NA
Stalker2-Win64-Shipping.exe,5640,0x4DD1D780,DXGI,0,0,1,Hardware Composed: Independent Flip,12474.8672,NA,51.51800000000000,50.30550000000000,0.28420000000000,44.38190000000000,44.4089,12423.6204,51.5310,51.2468,0.2842,44.7261,50.9026,47.6288,3.2738,0.9911,12423.6204,NA,NA,NA
Stalker2-Win64-Shipping.exe,5640,0x4DD1D780,DXGI,0,0,1,Hardware Composed: Independent Flip,12526.4562,NA,51.58900000000001,51.58590000000000,0.25610000000000,44.38680000000000,44.4058,12475.1514,51.5609,51.3048,0.2561,44.0977,51.5939,47.6044,3.9895,-0.0549,12475.1514,NA,NA,NA
Stalker2-Win64-Shipping.exe,5640,0x4DD1D780,DXGI,0,0,1,Hardware Composed: Independent Flip,12577.5364,NA,51.08020000000000,52.07260000000000,0.29710000000000,44.80710000000001,45.3982,12526.7123,51.1212,50.8241,0.2971,44.1307,51.5005,47.9574,3.5431,-0.5117,12526.7123,NA,NA,NA
Stalker2-Win64-Shipping.exe,5640,0x4DD1D780,DXGI,0,0,1,Hardware Composed: Independent Flip,12629.0466,NA,51.51020000000000,50.90770000000001,0.23810000000000,44.77610000000000,44.7957,12577.8335,51.4512,51.2131,0.2381,44.5100,51.4792,47.9953,3.4839,0.2135,12577.8335,NA,NA,NA
Stalker2-Win64-Shipping.exe,5640,0x4DD1D780,DXGI,0,0,1,Hardware Composed: Independent Flip,12680.6023,NA,51.55570000000000,52.70540000000000,0.25170000000000,45.91810000000000,45.9454,12629.2847,51.5693,51.3176,0.2517,44.5380,52.6977,49.4771,3.2206,-1.2542,12629.2847,NA,NA,NA
Stalker2-Win64-Shipping.exe,5640,0x4DD1D780,DXGI,0,0,1,Hardware Composed: Independent Flip,12731.8515,NA,51.24920000000000,50.94300000000000,0.25200000000000,45.04470000000000,45.6392,12680.8540,51.2495,50.9975,0.2520,45.6664,50.3758,48.2699,2.1059,0.6263,12680.8540,NA,NA,NA
Stalker2-Win64-Shipping.exe,5640,0x4DD1D780,DXGI,0,0,1,Hardware Composed: Independent Flip,12783.5609,NA,51.70940000000000,50.93760000000000,0.27590000000000,44.85280000000000,44.8674,12732.1035,51.7333,51.4574,0.2759,44.7927,51.5175,48.5219,2.9956,0.3119,12732.1035,NA,NA,NA
Stalker2-Win64-Shipping.exe,5640,0x4DD1D780,DXGI,0,0,1,Hardware Composed: Independent Flip,12835.1039,NA,51.54300000000000,52.31300000000000,0.30930000000000,44.85490000000000,45.6374,12783.8368,51.5764,51.2671,0.3093,44.5769,51.5451,48.0977,3.4474,-0.5797,12783.8368,NA,NA,NA
Stalker2-Win64-Shipping.exe,5640,0x4DD1D780,DXGI,0,0,1,Hardware Composed: Independent Flip,12886.0831,NA,50.97920000000001,49.97340000000001,0.25260000000000,44.61800000000000,44.6316,12835.4132,50.9225,50.6699,0.2526,44.5456,50.7423,48.3267,2.4156,1.6030,12835.4132,NA,NA,NA
Stalker2-Win64-Shipping.exe,5640,0x4DD1D780,DXGI,0,0,1,Hardware Composed: Independent Flip,12938.7074,NA,52.62430000000001,53.29650000000000,0.26570000000000,45.28940000000000,45.3038,12886.3357,52.6374,52.3717,0.2657,44.3654,53.2957,48.5606,4.7351,-2.3740,12886.3357,NA,NA,NA
Stalker2-Win64-Shipping.exe,5640,0x4DD1D780,DXGI,0,0,1,Hardware Composed: Independent Flip,12991.5848,NA,52.87740000000000,53.02680000000000,0.27340000000000,44.05950000000000,45.4532,12938.9731,52.8851,52.6117,0.2734,45.0237,51.6475,47.4031,4.2444,-0.3894,12938.9731,NA,NA,NA
Stalker2-Win64-Shipping.exe,5640,0x4DD1D780,DXGI,0,0,1,Hardware Composed: Independent Flip,13042.0126,NA,50.42780000000000,50.20300000000000,0.25130000000000,45.21230000000000,45.2284,12991.8582,50.4057,50.1544,0.2513,43.7861,51.5806,48.3357,3.2449,2.6821,12991.8582,NA,NA,NA
Stalker2-Win64-Shipping.exe,5640,0x4DD1D780,DXGI,0,0,1,Hardware Composed: Independent Flip,13094.9331,NA,52.92050000000000,52.52160000000000,0.25380000000000,44.81530000000000,44.8295,13042.2639,52.9230,52.6692,0.2538,44.9610,52.5235,47.8958,4.6277,-2.1159,13042.2639,NA,NA,NA
Stalker2-Win64-Shipping.exe,5640,0x4DD1D780,DXGI,0,0,1,Hardware Composed: Independent Flip,13146.2711,NA,51.33800000000000,51.42810000000000,0.25130000000000,44.50320000000000,44.9196,13095.1869,51.3355,51.0842,0.2513,44.5615,51.0259,48.2645,2.7614,1.4949,13095.1869,NA,NA,NA
Stalker2-Win64-Shipping.exe,5640,0x4DD1D780,DXGI,0,0,1,Hardware Composed: Independent Flip,13198.8850,NA,52.61390000000000,52.51040000000000,0.24720000000000,44.79560000000000,44.8161,13146.5224,52.6098,52.3626,0.2472,44.2519,52.9063,48.1512,4.7551,-1.1749,13146.5224,NA,NA,NA
Stalker2-Win64-Shipping.exe,5640,0x4DD1D780,DXGI,0,0,1,Hardware Composed: Independent Flip,13250.1717,NA,51.28670000000000,51.84160000000000,0.23870000000000,44.35710000000000,45.3710,13199.1322,51.2782,51.0395,0.2387,44.5484,50.8482,48.0509,2.7973,0.7682,13199.1322,NA,NA,NA
Stalker2-Win64-Shipping.exe,5640,0x4DD1D780,DXGI,0,0,1,Hardware Composed: Independent Flip,13302.8127,NA,52.64100000000001,53.19460000000000,0.25800000000000,45.91170000000000,45.9246,13250.4104,52.6603,52.4023,0.2580,44.1184,54.1956,49.3680,4.8276,-1.9164,13250.4104,NA,NA,NA
Stalker2-Win64-Shipping.exe,5640,0x4DD1D780,DXGI,0,0,1,Hardware Composed: Independent Flip,13353.7521,NA,50.93940000000000,51.22280000000000,0.25940000000000,44.47440000000000,46.2080,13303.0707,50.9408,50.6814,0.2594,45.6537,49.5021,47.6414,1.8607,1.4375,13303.0707,NA,NA,NA
Stalker2-Win64-Shipping.exe,5640,0x4DD1D780,DXGI,0,0,1,Hardware Composed: Independent Flip,13405.3451,NA,51.59300000000000,49.96790000000000,0.26100000000000,44.56990000000000,44.5829,13354.0115,51.5946,51.3336,0.2610,44.2150,51.6885,47.8022,3.8863,0.9729,13354.0115,NA,NA,NA
Stalker2-Win64-Shipping.exe,5640,0x4DD1D780,DXGI,0,0,1,Hardware Composed: Independent Flip,13458.1635,NA,52.81840000000000,54.61480000000000,0.26410000000000,44.84770000000000,46.3793,13405.6061,52.8215,52.5574,0.2641,44.3089,53.0962,48.2040,4.8922,-3.0202,13405.6061,NA,NA,NA
Stalker2-Win64-Shipping.exe,5640,0x4DD1D780,DXGI,0,0,1,Hardware Composed: Independent Flip,13508.4204,NA,50.25690000000000,49.15700000000000,0.26720000000000,45.24890000000000,45.2794,13458.4276,50.2600,49.9928,0.2672,44.5836,50.6581,48.4581,2.2000,3.6645,13458.4276,NA,NA,NA
Stalker2-Win64-Shipping.exe,5640,0x4DD1D780,DXGI,0,0,1,Hardware Composed: Independent Flip,13562.4425,NA,54.02210000000000,53.23480000000000,0.26870000000000,44.47900000000000,44.4921,13508.6876,54.0236,53.7549,0.2687,44.9817,53.2522,47.8131,5.4391,-2.9748,13508.6876,NA,NA,NA
Stalker2-Win64-Shipping.exe,5640,0x4DD1D780,DXGI,0,0,1,Hardware Composed: Independent Flip,13612.1479,NA,49.70540000000000,52.02590000000000,0.23780000000000,44.59890000000000,46.8126,13562.7112,49.6745,49.4367,0.2378,44.2103,49.8253,48.0032,1.8221,1.9977,13562.7112,NA,NA,NA
Stalker2-Win64-Shipping.exe,5640,0x4DD1D780,DXGI,0,0,1,Hardware Composed: Independent Flip,13664.4608,NA,52.31290000000000,49.54170000000001,0.27190000000000,44.01410000000000,44.0414,13612.3857,52.3470,52.0751,0.2719,44.3611,51.7281,47.4082,4.3199,0.1328,13612.3857,NA,NA,NA
Stalker2-Win64-Shipping.exe,5640,0x4DD1D780,DXGI,0,0,1,Hardware Composed: Independent Flip,13716.1610,NA,51.70020000000000,52.73320000000000,0.25520000000000,43.88940000000000,45.0744,13664.7327,51.6835,51.4283,0.2552,43.7422,51.5755,47.2928,4.2827,-0.3862,13664.7327,NA,NA,NA
Stalker2-Win64-Shipping.exe,5640,0x4DD1D780,DXGI,0,0,1,Hardware Composed: Independent Flip,13768.5860,NA,52.42500000000000,51.91660000000000,0.25330000000000,44.54290000000000,44.5660,13716.4162,52.4231,52.1698,0.2533,43.6342,53.0785,48.1922,4.8863,-0.2331,13716.4162,NA,NA,NA
Stalker2-Win64-Shipping.exe,5640,0x4DD1D780,DXGI,0,0,1,Hardware Composed: Independent Flip,13820.2316,NA,51.64560000000000,53.11040000000001,0.26730000000000,45.31780000000001,46.0308,13768.8393,51.6596,51.3923,0.2673,44.2896,52.4205,48.4402,3.9803,-0.6873,13768.8393,NA,NA,NA
Stalker2-Win64-Shipping.exe,5640,0x4DD1D780,DXGI,0,0,1,Hardware Composed: Independent Flip,13872.1775,NA,51.94590000000000,50.55200000000000,0.24270000000000,44.62000000000000,44.6369,13820.4989,51.9213,51.6786,0.2427,45.0505,51.2481,47.9675,3.2806,1.1076,13820.4989,NA,NA,NA
Stalker2-Win64-Shipping.exe,5640,0x4DD1D780,DXGI,0,0,1,Hardware Composed: Independent Flip,13923.4957,NA,51.31820000000000,52.44030000000000,0.27010000000000,45.73770000000000,45.7590,13872.4202,51.3456,51.0755,0.2701,44.3773,52.4359,48.7981,3.6378,-0.5190,13872.4202,NA,NA,NA
Stalker2-Win64-Shipping.exe,5640,0x4DD1D780,DXGI,0,0,1,Hardware Composed: Independent Flip,13975.4148,NA,51.91910000000000,51.55750000000000,0.27690000000000,44.46540000000000,45.3974,13923.7658,51.9259,51.6490,0.2769,45.4676,50.6468,47.6936,2.9532,-0.2119,13923.7658,NA,NA,NA
Stalker2-Win64-Shipping.exe,5640,0x4DD1D780,DXGI,0,0,1,Hardware Composed: Independent Flip,14026.5499,NA,51.13510000000000,50.28380000000000,0.22940000000000,44.51780000000000,44.5461,13975.6917,51.0876,50.8582,0.2294,44.1885,51.1875,47.6630,3.5245,1.6421,13975.6917,NA,NA,NA
Stalker2-Win64-Shipping.exe,5640,0x4DD1D780,DXGI,0,0,1,Hardware Composed: Independent Flip,14078.5781,NA,52.02820000000001,53.17190000000000,0.24700000000000,45.22190000000001,45.6898,14026.7793,52.0458,51.7988,0.2470,44.2884,52.7323,49.2289,3.5034,-2.0843,14026.7793,NA,NA,NA
Stalker2-Win64-Shipping.exe,5640,0x4DD1D780,DXGI,0,0,1,Hardware Composed: Independent Flip,14130.2167,NA,51.63860000000000,51.70580000000000,0.27010000000000,45.33540000000000,45.7570,14078.8251,51.6617,51.3916,0.2701,44.9749,51.7521,48.6661,3.0860,0.3400,14078.8251,NA,NA,NA
Stalker2-Win64-Shipping.exe,5640,0x4DD1D780,DXGI,0,0,1,Hardware Composed: Independent Flip,14183.4220,NA,53.20530000000000,52.08950000000000,0.26580000000000,44.62140000000000,44.6412,14130.4868,53.2010,52.9352,0.2658,45.0653,52.4913,47.9355,4.5558,-0.4278,14130.4868,NA,NA,NA
Stalker2-Win64-Shipping.exe,5640,0x4DD1D780,DXGI,0,0,1,Hardware Composed: Independent Flip,14234.3514,NA,50.92940000000000,51.27730000000000,0.26590000000000,44.38140000000000,44.9891,14183.6878,50.9295,50.6636,0.2659,44.3556,50.6894,47.4861,3.2033,1.9237,14183.6878,NA,NA,NA
Stalker2-Win64-Shipping.exe,5640,0x4DD1D780,DXGI,0,0,1,Hardware Composed: Independent Flip,14286.2961,NA,51.94470000000000,51.73400000000000,0.27400000000000,44.75730000000000,44.7784,14234.6173,51.9528,51.6788,0.2740,44.1155,52.3206,48.0144,4.3062,-0.8045,14234.6173,NA,NA,NA
Stalker2-Win64-Shipping.exe,5640,0x4DD1D780,DXGI,0,0,1,Hardware Composed: Independent Flip,14337.5142,NA,51.21810000000000,51.89790000000000,0.23600000000000,44.49450000000000,45.4582,14286.5701,51.1801,50.9441,0.2360,44.4833,50.9553,47.5919,3.3634,0.0549,14286.5701,NA,NA,NA
Stalker2-Win64-Shipping.exe,5640,0x4DD1D780,DXGI,0,0,1,Hardware Composed: Independent Flip,14390.3790,NA,52.86480000000000,51.65880000000000,0.24820000000000,44.23160000000000,44.2522,14337.7502,52.8770,52.6288,0.2482,44.2585,52.6019,48.3951,4.2068,-0.4787,14337.7502,NA,NA,NA
Stalker2-Win64-Shipping.exe,5640,0x4DD1D780,DXGI,0,0,1,Hardware Composed: Independent Flip,14442.0360,NA,51.65700000000000,52.85410000000000,0.24090000000000,44.56390000000000,45.4493,14390.6272,51.6497,51.4088,0.2409,43.9834,51.9893,48.2259,3.7634,0.0229,14390.6272,NA,NA,NA
Stalker2-Win64-Shipping.exe,5640,0x4DD1D780,DXGI,0,0,1,Hardware Composed: Independent Flip,14493.0624,NA,51.02640000000000,50.12750000000000,0.27580000000000,44.52770000000000,44.5504,14442.2769,51.0613,50.7855,0.2758,44.3230,50.9902,48.0931,2.8971,1.5222,14442.2769,NA,NA,NA
Stalker2-Win64-Shipping.exe,5640,0x4DD1D780,DXGI,0,0,1,Hardware Composed: Independent Flip,14544.9014,NA,51.83900000000001,52.81780000000001,0.26620000000000,45.50260000000000,45.5292,14493.3382,51.8294,51.5632,0.2662,44.2519,52.8139,48.5574,4.2565,-1.7565,14493.3382,NA,NA,NA
Stalker2-Win64-Shipping.exe,5640,0x4DD1D780,DXGI,0,0,1,Hardware Composed: Independent Flip,14596.2059,NA,51.30450000000000,51.69240000000000,0.27140000000000,44.82110000000000,45.9171,14545.1676,51.3097,51.0383,0.2714,45.2364,50.6230,48.0595,2.5635,0.1370,14545.1676,NA,NA,NA
Stalker2-Win64-Shipping.exe,5640,0x4DD1D780,DXGI,0,0,1,Hardware Composed: Independent Flip,14647.1044,NA,50.89850000000001,50.07430000000000,0.27530000000000,45.07920000000000,45.0929,14596.4773,50.9024,50.6271,0.2753,44.5497,51.1566,48.3911,2.7655,1.2354,14596.4773,NA,NA,NA
Stalker2-Win64-Shipping.exe,5640,0x4DD1D780,DXGI,0,0,1,Hardware Composed: Independent Flip,14698.8313,NA,51.72690000000000,51.75560000000000,0.25160000000000,44.62950000000000,45.1216,14647.3797,51.7032,51.4516,0.2516,44.8039,51.2772,47.8721,3.4051,-0.8532,14647.3797,NA,NA,NA
Stalker2-Win64-Shipping.exe,5640,0x4DD1D780,DXGI,0,0,1,Hardware Composed: Independent Flip,14750.2355,NA,51.40420000000000,50.90950000000000,0.28750000000000,44.60590000000001,44.6269,14699.0829,51.4401,51.1526,0.2875,44.3779,51.3806,48.1304,3.2502,0.7937,14699.0829,NA,NA,NA
Stalker2-Win64-Shipping.exe,5640,0x4DD1D780,DXGI,0,0,1,Hardware Composed: Independent Flip,14802.5384,NA,52.30290000000000,52.57980000000001,0.25340000000000,44.62730000000001,44.9038,14750.5230,52.2688,52.0154,0.2534,44.3184,52.3243,47.7351,4.5892,-1.1397,14750.5230,NA,NA,NA
Stalker2-Win64-Shipping.exe,5640,0x4DD1D780,DXGI,0,0,1,Hardware Composed: Independent Flip,14853.7248,NA,51.18640000000000,51.24190000000000,0.22960000000000,44.48140000000000,44.9593,14802.7918,51.1626,50.9330,0.2296,44.3739,51.0405,47.7288,3.3117,1.0269,14802.7918,NA,NA,NA
Stalker2-Win64-Shipping.exe,5640,0x4DD1D780,DXGI,0,0,1,Hardware Composed: Independent Flip,14905.3992,NA,51.67440000000001,51.08720000000000,0.25690000000000,44.35140000000001,44.3721,14853.9544,51.7017,51.4448,0.2569,44.2518,51.5444,48.0601,3.4843,0.0754,14853.9544,NA,NA,NA
Stalker2-Win64-Shipping.exe,5640,0x4DD1D780,DXGI,0,0,1,Hardware Composed: Independent Flip,14957.5585,NA,52.15930000000000,52.95000000000000,0.32070000000000,44.81400000000000,45.1628,14905.6561,52.2231,51.9024,0.3207,44.0945,52.6219,48.3681,4.2538,-1.2483,14905.6561,NA,NA,NA
Stalker2-Win64-Shipping.exe,5640,0x4DD1D780,DXGI,0,0,1,Hardware Composed: Independent Flip,15009.8873,NA,52.32880000000000,53.94550000000000,0.26490000000000,46.42650000000000,46.7795,14957.8792,52.2730,52.0081,0.2649,44.4933,53.9413,49.7829,4.1584,-1.7224,14957.8792,NA,NA,NA
Stalker2-Win64-Shipping.exe,5640,0x4DD1D780,DXGI,0,0,1,Hardware Composed: Independent Flip,15060.6368,NA,50.74950000000000,49.24800000000000,0.25530000000000,44.53620000000000,45.2780,15010.1522,50.7399,50.4846,0.2553,46.1616,48.8592,47.7785,1.0807,3.0250,15010.1522,NA,NA,NA
Stalker2-Win64-Shipping.exe,5640,0x4DD1D780,DXGI,0,0,1,Hardware Composed: Independent Flip,15112.5620,NA,51.92520000000000,51.69980000000000,0.45650000000000,45.03730000000000,45.0526,15060.8921,52.1264,51.6699,0.4565,44.2809,52.4263,48.7630,3.6633,-0.9599,15060.8921,NA,NA,NA
Stalker2-Win64-Shipping.exe,5640,0x4DD1D780,DXGI,0,0,1,Hardware Composed: Independent Flip,15163.7150,NA,51.15300000000001,53.85530000000000,0.28380000000000,45.44470000000000,47.7549,15113.0185,50.9803,50.6965,0.2838,44.5808,51.5604,48.6164,2.9440,-1.7289,15113.0185,NA,NA,NA
Stalker2-Win64-Shipping.exe,5640,0x4DD1D780,DXGI,0,0,1,Hardware Composed: Independent Flip,15215.3530,NA,51.63800000000001,48.72550000000000,0.25570000000000,44.82020000000000,44.8424,15163.9988,51.6099,51.3542,0.2557,45.1609,51.0135,48.1163,2.8972,2.2548,15163.9988,NA,NA,NA
Stalker2-Win64-Shipping.exe,5640,0x4DD1D780,DXGI,0,0,1,Hardware Composed: Independent Flip,15267.7256,NA,52.37260000000001,52.53850000000000,0.26900000000000,44.98570000000000,45.0083,15215.6087,52.3859,52.1169,0.2690,44.5645,52.5381,48.2737,4.2644,-0.9286,15215.6087,NA,NA,NA
Stalker2-Win64-Shipping.exe,5640,0x4DD1D780,DXGI,0,0,1,Hardware Composed: Independent Flip,15319.4411,NA,51.71550000000001,51.63880000000000,0.24720000000000,44.11880000000000,44.9316,15267.9946,51.6937,51.4465,0.2472,44.7167,50.8486,47.2421,3.6065,0.7471,15267.9946,NA,NA,NA
Stalker2-Win64-Shipping.exe,5640,0x4DD1D780,DXGI,0,0,1,Hardware Composed: Independent Flip,15371.4746,NA,52.03350000000000,51.95560000000000,0.24630000000000,44.82700000000001,44.8537,15319.6883,52.0326,51.7863,0.2463,43.8716,52.7417,48.4390,4.3027,-0.2619,15319.6883,NA,NA,NA
Stalker2-Win64-Shipping.exe,5640,0x4DD1D780,DXGI,0,0,1,Hardware Composed: Independent Flip,15424.2230,NA,52.74840000000000,52.60220000000000,0.29390000000000,43.67620000000000,44.7075,15371.7209,52.7960,52.5021,0.2939,44.5807,51.5976,46.9714,4.6262,-0.5696,15371.7209,NA,NA,NA
Stalker2-Win64-Shipping.exe,5640,0x4DD1D780,DXGI,0,0,1,Hardware Composed: Independent Flip,15476.0309,NA,51.80790000000000,51.78010000000000,0.29140000000000,44.66660000000000,44.6797,15424.5169,51.8054,51.5140,0.2914,43.3823,52.7983,48.2463,4.5520,1.0159,15424.5169,NA,NA,NA
Stalker2-Win64-Shipping.exe,5640,0x4DD1D780,DXGI,0,0,1,Hardware Composed: Independent Flip,15528.9587,NA,52.92780000000000,54.00220000000000,0.25910000000000,45.15550000000000,45.7541,15476.3223,52.8955,52.6364,0.2591,44.3752,53.4167,48.3671,5.0496,-2.1968,15476.3223,NA,NA,NA
Stalker2-Win64-Shipping.exe,5640,0x4DD1D780,DXGI,0,0,1,Hardware Composed: Independent Flip,15579.7948,NA,50.83610000000000,50.39250000000001,0.30590000000000,44.92560000000000,45.3105,15529.2178,50.8829,50.5770,0.3059,44.8964,50.6062,48.2120,2.3942,2.5030,15529.2178,NA,NA,NA
Stalker2-Win64-Shipping.exe,5640,0x4DD1D780,DXGI,0,0,1,Hardware Composed: Independent Flip,15631.5438,NA,51.74900000000000,51.42730000000000,0.28530000000000,44.97680000000000,44.9888,15580.1007,51.7284,51.4431,0.2853,44.6197,51.8002,48.2757,3.5245,-0.5444,15580.1007,NA,NA,NA
Stalker2-Win64-Shipping.exe,5640,0x4DD1D780,DXGI,0,0,1,Hardware Composed: Independent Flip,15683.5654,NA,52.02160000000000,52.88420000000000,0.26180000000000,44.73990000000000,45.8514,15631.8291,51.9981,51.7363,0.2618,44.6915,51.7847,48.0071,3.7776,-1.1558,15631.8291,NA,NA,NA
Stalker2-Win64-Shipping.exe,5640,0x4DD1D780,DXGI,0,0,1,Hardware Composed: Independent Flip,15734.5778,NA,51.01240000000000,50.28040000000000,0.27800000000000,45.10000000000000,45.1194,15683.8272,51.0286,50.7506,0.2780,44.4781,51.3725,48.3493,3.0232,1.7177,15683.8272,NA,NA,NA
Stalker2-Win64-Shipping.exe,5640,0x4DD1D780,DXGI,0,0,1,Hardware Composed: Independent Flip,15786.3847,NA,51.80690000000001,51.80960000000000,0.24990000000000,45.10960000000000,45.1221,15734.8558,51.7788,51.5289,0.2499,44.8220,51.8165,48.3291,3.4874,-0.7810,15734.8558,NA,NA,NA
Stalker2-Win64-Shipping.exe,5640,0x4DD1D780,DXGI,0,0,1,Hardware Composed: Independent Flip,15838.1820,NA,51.79730000000000,51.84650000000001,0.23920000000000,44.87140000000000,45.1713,15786.6346,51.7866,51.5474,0.2392,44.8597,51.5591,48.5741,2.9850,-0.0677,15786.6346,NA,NA,NA
Stalker2-Win64-Shipping.exe,5640,0x4DD1D780,DXGI,0,0,1,Hardware Composed: Independent Flip,15889.8657,NA,51.68370000000000,51.02040000000000,0.25750000000000,44.47970000000000,44.5080,15838.4212,51.7020,51.4445,0.2575,44.6322,51.2920,48.1001,3.1919,0.7662,15838.4212,NA,NA,NA
Stalker2-Win64-Shipping.exe,5640,0x4DD1D780,DXGI,0,0,1,Hardware Composed: Independent Flip,15942.5774,NA,52.71170000000000,52.40040000000000,0.27850000000000,44.17820000000000,44.1967,15890.1232,52.7327,52.4542,0.2785,44.2222,52.4102,47.4648,4.9454,-0.6984,15890.1232,NA,NA,NA
Stalker2-Win64-Shipping.exe,5640,0x4DD1D780,DXGI,0,0,1,Hardware Composed: Independent Flip,15993.4086,NA,50.83120000000000,51.74140000000001,0.25660000000000,44.59530000000000,45.1069,15942.8559,50.8093,50.5527,0.2566,43.8997,51.2483,48.0632,3.1851,0.9913,15942.8559,NA,NA,NA
Stalker2-Win64-Shipping.exe,5640,0x4DD1D780,DXGI,0,0,1,Hardware Composed: Independent Flip,16046.2119,NA,52.80330000000000,52.35450000000000,0.32130000000000,44.63980000000000,44.6581,15993.6652,52.8680,52.5467,0.3213,44.3387,52.8478,48.3214,4.5264,-1.5452,15993.6652,NA,NA,NA
Stalker2-Win64-Shipping.exe,5640,0x4DD1D780,DXGI,0,0,1,Hardware Composed: Independent Flip,16097.8908,NA,51.67890000000001,52.70380000000000,0.25430000000000,44.82320000000000,45.6830,16046.5332,51.6119,51.3576,0.2543,44.3185,51.8623,47.9281,3.9342,0.1642,16046.5332,NA,NA,NA
Stalker2-Win64-Shipping.exe,5640,0x4DD1D780,DXGI,0,0,1,Hardware Composed: Independent Flip,16154.5539,NA,56.66310000000000,55.73530000000000,0.26910000000000,44.72770000000000,44.7552,16098.1451,56.6779,56.4088,0.2691,44.5689,56.5676,48.2662,8.3014,-4.1234,16098.1451,NA,NA,NA
Stalker2-Win64-Shipping.exe,5640,0x4DD1D780,DXGI,0,0,1,Hardware Composed: Independent Flip,16202.2418,NA,47.68790000000000,50.56950000000001,0.27350000000000,45.26200000000000,47.6368,16154.8230,47.6923,47.4188,0.2735,44.4586,48.2222,48.2100,0.0122,6.1084,16154.8230,NA,NA,NA
Stalker2-Win64-Shipping.exe,5640,0x4DD1D780,DXGI,0,0,1,Hardware Composed: Independent Flip,16253.9033,NA,51.66150000000000,48.69450000000001,0.25650000000000,44.65370000000000,44.6698,16202.5153,51.6445,51.3880,0.2565,44.9885,51.0532,47.7982,3.2550,-1.0022,16202.5153,NA,NA,NA
Stalker2-Win64-Shipping.exe,5640,0x4DD1D780,DXGI,0,0,1,Hardware Composed: Independent Flip,16311.8797,NA,57.97640000000001,58.37980000000000,0.26470000000000,44.65520000000000,45.0732,16254.1598,57.9846,57.7199,0.2647,44.3972,57.9779,48.3694,9.6085,-6.7353,16254.1598,NA,NA,NA
Stalker2-Win64-Shipping.exe,5640,0x4DD1D780,DXGI,0,0,1,Hardware Composed: Independent Flip,16357.0189,NA,45.13920000000000,49.64890000000000,0.25250000000000,48.34450000000000,49.5829,16312.1444,45.1270,44.8745,0.2525,44.3905,48.8285,48.8137,0.0148,8.3357,16312.1444,NA,NA,NA
Stalker2-Win64-Shipping.exe,5640,0x4DD1D780,DXGI,0,0,1,Hardware Composed: Independent Flip,16408.3561,NA,51.33720000000000,47.31990000000000,0.27640000000000,45.55070000000000,45.5656,16357.2714,51.3611,51.0847,0.2764,48.0920,48.5434,48.5352,0.0082,-2.1929,16357.2714,NA,NA,NA
Stalker2-Win64-Shipping.exe,5640,0x4DD1D780,DXGI,0,0,1,Hardware Composed: Independent Flip,16460.0019,NA,51.64580000000000,52.11310000000000,0.26010000000000,45.10150000000000,46.0329,16408.6325,51.6295,51.3694,0.2601,45.2743,51.1966,48.4026,2.7940,-0.7520,16408.6325,NA,NA,NA
Stalker2-Win64-Shipping.exe,5640,0x4DD1D780,DXGI,0,0,1,Hardware Composed: Independent Flip,16511.4624,NA,51.46050000000000,50.14120000000000,0.26190000000000,44.70100000000000,44.7136,16460.2620,51.4623,51.2004,0.2619,44.8414,51.0600,47.9759,3.0841,1.4883,16460.2620,NA,NA,NA
Stalker2-Win64-Shipping.exe,5640,0x4DD1D780,DXGI,0,0,1,Hardware Composed: Independent Flip,16564.4214,NA,52.95900000000000,52.35060000000000,0.27640000000000,44.08990000000000,44.1052,16511.7243,52.9735,52.6971,0.2764,44.4391,52.3479,47.4426,4.9053,-0.8883,16511.7243,NA,NA,NA
Stalker2-Win64-Shipping.exe,5640,0x4DD1D780,DXGI,0,0,1,Hardware Composed: Independent Flip,16614.6911,NA,50.26970000000000,51.68640000000000,0.28530000000000,44.74100000000000,45.5219,16564.6978,50.2786,49.9933,0.2853,43.8135,50.9208,47.8995,3.0213,1.2871,16564.6978,NA,NA,NA
Stalker2-Win64-Shipping.exe,5640,0x4DD1D780,DXGI,0,0,1,Hardware Composed: Independent Flip,16667.6505,NA,52.95940000000000,52.43370000000000,0.25680000000000,44.97760000000000,44.9962,16614.9764,52.9309,52.6741,0.2568,44.4557,53.1960,48.4386,4.7574,-2.1551,16614.9764,NA,NA,NA
Stalker2-Win64-Shipping.exe,5640,0x4DD1D780,DXGI,0,0,1,Hardware Composed: Independent Flip,16719.0551,NA,51.40460000000000,51.83720000000000,0.23400000000000,44.22430000000000,45.4288,16667.9073,51.3818,51.1478,0.2340,44.7208,50.6513,47.3045,3.3468,1.0937,16667.9073,NA,NA,NA
Stalker2-Win64-Shipping.exe,5640,0x4DD1D780,DXGI,0,0,1,Hardware Composed: Independent Flip,16771.7128,NA,52.65770000000001,52.18780000000000,0.27600000000000,44.93840000000000,44.9589,16719.2891,52.6997,52.4237,0.2760,43.9903,53.3718,48.5004,4.8714,-0.8060,16719.2891,NA,NA,NA
Stalker2-Win64-Shipping.exe,5640,0x4DD1D780,DXGI,0,0,1,Hardware Composed: Independent Flip,16824.6080,NA,52.89520000000000,53.52360000000000,0.26240000000000,44.10640000000000,45.5873,16771.9888,52.8816,52.6192,0.2624,44.6624,52.0632,47.3291,4.7341,-0.8239,16771.9888,NA,NA,NA
Stalker2-Win64-Shipping.exe,5640,0x4DD1D780,DXGI,0,0,1,Hardware Composed: Independent Flip,16876.7473,NA,52.13930000000001,50.52440000000000,0.32240000000000,43.95840000000000,43.9724,16824.8704,52.1993,51.8769,0.3224,43.8440,51.9913,47.6345,4.3568,2.3572,16824.8704,NA,NA,NA
Stalker2-Win64-Shipping.exe,5640,0x4DD1D780,DXGI,0,0,1,Hardware Composed: Independent Flip,16926.4952,NA,49.74790000000000,50.82470000000000,0.25840000000000,45.03470000000000,45.0492,16877.0697,49.6839,49.4255,0.2584,43.6360,50.8242,48.7121,2.1121,1.3746,16877.0697,NA,NA,NA
Stalker2-Win64-Shipping.exe,5640,0x4DD1D780,DXGI,0,0,1,Hardware Composed: Independent Flip,16977.8208,NA,51.32560000000000,51.24820000000000,0.25970000000000,44.95850000000000,44.9718,16926.7536,51.3269,51.0672,0.2597,44.7763,51.2494,48.0858,3.1636,-1.5643,16926.7536,NA,NA,NA
Stalker2-Win64-Shipping.exe,5640,0x4DD1D780,DXGI,0,0,1,Hardware Composed: Independent Flip,17029.3174,NA,51.49660000000000,52.93630000000000,0.25960000000000,46.06130000000000,46.4115,16978.0805,51.4965,51.2369,0.2596,44.6988,52.5994,49.4578,3.1416,-1.6094,16978.0805,NA,NA,NA
Stalker2-Win64-Shipping.exe,5640,0x4DD1D780,DXGI,0,0,1,Hardware Composed: Independent Flip,17081.1302,NA,51.81280000000000,50.19670000000000,0.22360000000000,44.45020000000000,44.7954,17029.5770,51.7768,51.5532,0.2236,45.8017,50.2017,47.6097,2.5920,1.2998,17029.5770,NA,NA,NA
Stalker2-Win64-Shipping.exe,5640,0x4DD1D780,DXGI,0,0,1,Hardware Composed: Independent Flip,17131.7990,NA,50.66880000000000,51.13720000000000,0.25740000000000,45.24610000000001,45.2638,17081.3538,50.7026,50.4452,0.2574,44.2266,51.4647,48.9403,2.5244,0.6396,17081.3538,NA,NA,NA
Stalker2-Win64-Shipping.exe,5640,0x4DD1D780,DXGI,0,0,1,Hardware Composed: Independent Flip,17183.5396,NA,51.74060000000000,52.29940000000001,0.26520000000000,44.75540000000000,45.8226,17132.0564,51.7484,51.4832,0.2652,44.9887,51.2499,48.1478,3.1021,-1.5968,17132.0564,NA,NA,NA
Stalker2-Win64-Shipping.exe,5640,0x4DD1D780,DXGI,0,0,1,Hardware Composed: Independent Flip,17234.9774,NA,51.43780000000000,50.53320000000000,0.26440000000000,44.90380000000000,44.9180,17183.8048,51.4370,51.1726,0.2644,44.4902,51.5862,48.0122,3.5740,1.2152,17183.8048,NA,NA,NA
Stalker2-Win64-Shipping.exe,5640,0x4DD1D780,DXGI,0,0,1,Hardware Composed: Independent Flip,17287.2733,NA,52.29590000000000,52.07720000000000,0.25820000000000,44.49850000000000,44.6993,17235.2418,52.2897,52.0315,0.2582,44.6394,51.8906,47.8949,3.9957,-0.6402,17235.2418,NA,NA,NA
Stalker2-Win64-Shipping.exe,5640,0x4DD1D780,DXGI,0,0,1,Hardware Composed: Independent Flip,17338.8689,NA,51.59560000000000,51.70930000000000,0.24690000000000,44.63670000000000,44.8130,17287.5315,51.5843,51.3374,0.2469,44.2403,51.7338,48.4302,3.3036,0.5804,17287.5315,NA,NA,NA
Stalker2-Win64-Shipping.exe,5640,0x4DD1D780,DXGI,0,0,1,Hardware Composed: Independent Flip,17391.1534,NA,52.28450000000000,51.95180000000001,0.26670000000000,44.46570000000001,44.4803,17339.1158,52.3043,52.0376,0.2667,44.3898,52.1135,47.9076,4.2059,-0.3675,17339.1158,NA,NA,NA
Stalker2-Win64-Shipping.exe,5640,0x4DD1D780,DXGI,0,0,1,Hardware Composed: Independent Flip,17442.9414,NA,51.78800000000000,52.36600000000000,0.27660000000000,44.75680000000001,45.0583,17391.4201,51.7979,51.5213,0.2766,44.1990,52.0791,47.9835,4.0956,-0.0617,17391.4201,NA,NA,NA
Stalker2-Win64-Shipping.exe,5640,0x4DD1D780,DXGI,0,0,1,Hardware Composed: Independent Flip,17497.1854,NA,54.24400000000000,53.33170000000000,0.28890000000000,44.08370000000000,44.1460,17443.2180,54.2563,53.9674,0.2889,44.4802,53.5709,47.5522,6.0187,-1.5338,17443.2180,NA,NA,NA
Stalker2-Win64-Shipping.exe,5640,0x4DD1D780,DXGI,0,0,1,Hardware Composed: Independent Flip,17548.2646,NA,51.07920000000000,52.47510000000000,0.32570000000000,44.82360000000000,45.5419,17497.4743,51.1160,50.7903,0.3257,43.7948,51.8191,48.6903,3.1288,1.7812,17497.4743,NA,NA,NA
Stalker2-Win64-Shipping.exe,5640,0x4DD1D780,DXGI,0,0,1,Hardware Composed: Independent Flip,17598.8876,NA,50.62300000000000,49.57960000000000,0.25170000000000,44.48290000000000,44.4985,17548.5903,50.5490,50.2973,0.2517,44.4979,50.2823,48.1549,2.1274,1.5364,17548.5903,NA,NA,NA
Stalker2-Win64-Shipping.exe,5640,0x4DD1D780,DXGI,0,0,1,Hardware Composed: Independent Flip,17650.3602,NA,51.47260000000000,53.35530000000000,0.28710000000000,46.37010000000000,46.3812,17599.1393,51.5080,51.2209,0.2871,44.2312,53.3598,49.8096,3.5502,-2.8063,17599.1393,NA,NA,NA
Stalker2-Win64-Shipping.exe,5640,0x4DD1D780,DXGI,0,0,1,Hardware Composed: Independent Flip,17702.3150,NA,51.95480000000001,51.66630000000000,0.28110000000000,44.61080000000000,46.0927,17650.6473,51.9488,51.6677,0.2811,46.0830,50.1955,47.8762,2.3193,-0.1583,17650.6473,NA,NA,NA
Stalker2-Win64-Shipping.exe,5640,0x4DD1D780,DXGI,0,0,1,Hardware Composed: Independent Flip,17754.6642,NA,52.34920000000000,51.44210000000000,0.26580000000000,45.15720000000000,45.1856,17702.5961,52.3339,52.0681,0.2658,44.3297,52.8956,48.3631,4.5325,0.5067,17702.5961,NA,NA,NA
Stalker2-Win64-Shipping.exe,5640,0x4DD1D780,DXGI,0,0,1,Hardware Composed: Independent Flip,17806.8847,NA,52.22050000000000,53.14930000000000,0.23310000000000,44.56150000000000,46.1144,17754.9300,52.1878,51.9547,0.2331,44.8914,51.6248,47.8687,3.7561,-0.8154,17754.9300,NA,NA,NA
Stalker2-Win64-Shipping.exe,5640,0x4DD1D780,DXGI,0,0,1,Hardware Composed: Independent Flip,17856.8402,NA,49.95550000000000,48.54320000000000,0.25640000000000,44.63300000000000,44.7021,17807.1178,49.9788,49.7224,0.2564,44.3284,50.0270,48.3559,1.6711,3.6446,17807.1178,NA,NA,NA
Stalker2-Win64-Shipping.exe,5640,0x4DD1D780,DXGI,0,0,1,Hardware Composed: Independent Flip,17908.8926,NA,52.05240000000001,52.70230000000000,0.24680000000000,45.33770000000001,45.3520,17857.0966,52.0428,51.7960,0.2468,44.3766,52.7571,48.7900,3.9671,-2.7235,17857.0966,NA,NA,NA
Stalker2-Win64-Shipping.exe,5640,0x4DD1D780,DXGI,0,0,1,Hardware Composed: Independent Flip,17960.9874,NA,52.09480000000000,52.92190000000000,0.27070000000000,44.81860000000000,46.1791,17909.1394,52.1187,51.8480,0.2707,45.0909,51.5757,48.0260,3.5497,-0.8791,17909.1394,NA,NA,NA
Stalker2-Win64-Shipping.exe,5640,0x4DD1D780,DXGI,0,0,1,Hardware Composed: Independent Flip,18012.8890,NA,51.90160000000000,50.81590000000000,0.26310000000000,45.07600000000000,45.0934,17961.2581,51.8940,51.6309,0.2631,44.5479,52.1590,48.3925,3.7665,1.3028,17961.2581,NA,NA,NA
Stalker2-Win64-Shipping.exe,5640,0x4DD1D780,DXGI,0,0,1,Hardware Composed: Independent Flip,18065.7697,NA,52.88070000000000,53.18740000000000,0.27260000000000,45.08530000000000,45.4001,18013.1521,52.8902,52.6176,0.2726,44.8129,52.8900,48.2346,4.6554,-1.2934,18013.1521,NA,NA,NA
Stalker2-Win64-Shipping.exe,5640,0x4DD1D780,DXGI,0,0,1,Hardware Composed: Independent Flip,18116.3660,NA,50.59630000000000,50.95570000000000,0.25110000000000,45.40600000000000,45.7595,18066.0423,50.5748,50.3237,0.2511,44.8127,50.9170,48.7586,2.1584,1.9345,18066.0423,NA,NA,NA
Stalker2-Win64-Shipping.exe,5640,0x4DD1D780,DXGI,0,0,1,Hardware Composed: Independent Flip,18168.9842,NA,52.61820000000000,51.30430000000000,0.27640000000000,44.37650000000000,44.4456,18116.6171,52.6435,52.3671,0.2764,45.1549,51.5887,48.6063,2.9824,-0.7295,18116.6171,NA,NA,NA
Stalker2-Win64-Shipping.exe,5640,0x4DD1D780,DXGI,0,0,1,Hardware Composed: Independent Flip,18220.7640,NA,51.77980000000000,52.93300000000000,0.26660000000000,44.87680000000000,45.5988,18169.2606,51.7700,51.5034,0.2666,44.1001,52.2801,48.6175,3.6626,-0.2895,18169.2606,NA,NA,NA
Stalker2-Win64-Shipping.exe,5640,0x4DD1D780,DXGI,0,0,1,Hardware Composed: Independent Flip,18271.9919,NA,51.22790000000001,52.12040000000000,0.25740000000000,46.46490000000000,46.4913,18221.0306,51.2187,50.9613,0.2574,44.6102,52.8160,49.7206,3.0954,-0.3504,18221.0306,NA,NA,NA
Stalker2-Win64-Shipping.exe,5640,0x4DD1D780,DXGI,0,0,1,Hardware Composed: Independent Flip,18324.2720,NA,52.28010000000000,50.68810000000001,0.25870000000000,44.66920000000000,44.8993,18272.2493,52.2814,52.0227,0.2587,46.2075,50.4844,47.8597,2.6247,0.5306,18272.2493,NA,NA,NA
Stalker2-Win64-Shipping.exe,5640,0x4DD1D780,DXGI,0,0,1,Hardware Composed: Independent Flip,18377.3018,NA,53.02980000000000,53.09400000000000,0.26980000000000,44.94980000000000,44.9635,18324.5307,53.0409,52.7711,0.2698,44.4105,53.3104,48.4480,4.8624,-0.8126,18324.5307,NA,NA,NA
Stalker2-Win64-Shipping.exe,5640,0x4DD1D780,DXGI,0,0,1,Hardware Composed: Independent Flip,18429.5601,NA,52.25830000000001,53.45040000000000,0.27310000000000,44.58090000000000,46.1556,18377.5716,52.2616,51.9885,0.2731,44.6800,51.8894,47.8798,4.0096,-0.4095,18377.5716,NA,NA,NA
Stalker2-Win64-Shipping.exe,5640,0x4DD1D780,DXGI,0,0,1,Hardware Composed: Independent Flip,18480.3723,NA,50.81220000000000,49.17260000000000,0.25590000000000,44.46570000000001,44.5160,18429.8332,50.7950,50.5391,0.2559,44.3078,50.6970,47.6897,3.0073,3.0890,18429.8332,NA,NA,NA
Stalker2-Win64-Shipping.exe,5640,0x4DD1D780,DXGI,0,0,1,Hardware Composed: Independent Flip,18532.8244,NA,52.45210000000000,52.89470000000000,0.27500000000000,44.94420000000000,44.9586,18480.6282,52.4712,52.1962,0.2750,44.2098,52.9306,48.2582,4.6724,-2.0997,18480.6282,NA,NA,NA
Stalker2-Win64-Shipping.exe,5640,0x4DD1D780,DXGI,0,0,1,Hardware Composed: Independent Flip,18584.9927,NA,52.16830000000000,52.03520000000000,0.24410000000000,43.73490000000000,44.8255,18533.0994,52.1374,51.8933,0.2441,44.6692,50.9590,46.8672,4.0918,0.4360,18533.0994,NA,NA,NA
Stalker2-Win64-Shipping.exe,5640,0x4DD1D780,DXGI,0,0,1,Hardware Composed: Independent Flip,18637.0593,NA,52.06660000000000,51.66330000000000,0.24400000000000,44.36430000000000,44.4222,18585.2368,52.0665,51.8225,0.2440,43.4908,52.6960,48.0575,4.6385,0.4741,18585.2368,NA,NA,NA
Stalker2-Win64-Shipping.exe,5640,0x4DD1D780,DXGI,0,0,1,Hardware Composed: Independent Flip,18688.7405,NA,51.68120000000000,52.84720000000000,0.26970000000000,44.62540000000000,45.5882,18637.3033,51.7069,51.4372,0.2697,44.1203,51.9423,48.4947,3.4476,-0.7807,18637.3033,NA,NA,NA
Stalker2-Win64-Shipping.exe,5640,0x4DD1D780,DXGI,0,0,1,Hardware Composed: Independent Flip,18740.1199,NA,51.37940000000000,50.07990000000000,0.27060000000000,44.27520000000001,44.2887,18689.0102,51.3803,51.1097,0.2706,44.3557,51.0292,47.4850,3.5442,1.6270,18689.0102,NA,NA,NA
Stalker2-Win64-Shipping.exe,5640,0x4DD1D780,DXGI,0,0,1,Hardware Composed: Independent Flip,18792.0884,NA,51.96850000000001,52.05750000000000,0.24220000000000,44.31280000000000,44.3777,18740.3905,51.9401,51.6979,0.2422,44.0046,52.0061,47.9079,4.0982,-0.6772,18740.3905,NA,NA,NA
Stalker2-Win64-Shipping.exe,5640,0x4DD1D780,DXGI,0,0,1,Hardware Composed: Independent Flip,18844.5970,NA,52.50860000000000,55.15670000000000,0.30850000000000,46.41920000000000,47.0258,18792.3306,52.5749,52.2664,0.3085,44.0706,54.6150,50.0074,4.6076,-3.2166,18792.3306,NA,NA,NA
Stalker2-Win64-Shipping.exe,5640,0x4DD1D780,DXGI,0,0,1,Hardware Composed: Independent Flip,18894.7549,NA,50.15790000000001,50.35470000000000,0.25930000000000,46.10280000000000,47.2226,18844.9055,50.1087,49.8494,0.2593,46.1107,49.8415,49.1915,0.6500,2.2202,18844.9055,NA,NA,NA
Stalker2-Win64-Shipping.exe,5640,0x4DD1D780,DXGI,0,0,1,Hardware Composed: Independent Flip,18947.0593,NA,52.30440000000000,49.91400000000000,0.26810000000000,44.77350000000001,44.8322,18895.0142,52.3132,52.0451,0.2681,45.8435,50.9751,48.3904,2.5847,0.1947,18895.0142,NA,NA,NA
Stalker2-Win64-Shipping.exe,5640,0x4DD1D780,DXGI,0,0,1,Hardware Composed: Independent Flip,18997.3172,NA,50.25790000000000,50.72640000000001,0.25110000000000,44.14450000000000,45.3007,18947.3274,50.2409,49.9898,0.2511,44.5054,49.6289,47.2804,2.3485,1.5868,18947.3274,NA,NA,NA
Stalker2-Win64-Shipping.exe,5640,0x4DD1D780,DXGI,0,0,1,Hardware Composed: Independent Flip,19048.9517,NA,51.63450000000000,51.57380000000001,0.25920000000000,45.21750000000000,45.2400,18997.5683,51.6426,51.3834,0.2592,43.8934,52.7075,48.5993,4.1082,-1.3329,18997.5683,NA,NA,NA
Stalker2-Win64-Shipping.exe,5640,0x4DD1D780,DXGI,0,0,1,Hardware Composed: Independent Flip,19100.3759,NA,51.42420000000000,52.19570000000000,0.24950000000000,44.20360000000000,46.0115,19049.2109,51.4145,51.1650,0.2495,44.9583,50.4103,48.0539,2.3564,-0.5531,19049.2109,NA,NA,NA
Stalker2-Win64-Shipping.exe,5640,0x4DD1D780,DXGI,0,0,1,Hardware Composed: Independent Flip,19153.4257,NA,53.04980000000000,51.28240000000000,0.25750000000000,44.23070000000000,44.2441,19100.6254,53.0578,52.8003,0.2575,43.9541,53.0769,47.6769,5.4000,0.1321,19100.6254,NA,NA,NA
Stalker2-Win64-Shipping.exe,5640,0x4DD1D780,DXGI,0,0,1,Hardware Composed: Independent Flip,19205.7740,NA,52.34830000000000,53.48830000000000,0.28600000000000,43.95450000000000,45.3841,19153.6832,52.3768,52.0908,0.2860,43.9732,52.0721,47.5229,4.5492,-0.4305,19153.6832,NA,NA,NA
Stalker2-Win64-Shipping.exe,5640,0x4DD1D780,DXGI,0,0,1,Hardware Composed: Independent Flip,19257.2657,NA,51.49170000000000,50.75950000000000,0.28110000000000,44.62920000000000,44.6519,19206.0600,51.4868,51.2057,0.2811,43.6685,52.1664,48.2725,3.8939,1.6173,19206.0600,NA,NA,NA
Stalker2-Win64-Shipping.exe,5640,0x4DD1D780,DXGI,0,0,1,Hardware Composed: Independent Flip,19308.7027,NA,51.43700000000000,51.54700000000000,0.25370000000000,44.74760000000001,44.7619,19257.5468,51.4096,51.1559,0.2537,44.3481,51.5554,47.8306,3.7248,-0.0602,19257.5468,NA,NA,NA
Stalker2-Win64-Shipping.exe,5640,0x4DD1D780,DXGI,0,0,1,Hardware Composed: Independent Flip,19361.5469,NA,52.84420000000000,52.66720000000000,0.26790000000000,44.57050000000000,44.5849,19308.9564,52.8584,52.5905,0.2679,44.4939,52.6671,47.8395,4.8276,-1.2576,19308.9564,NA,NA,NA
Stalker2-Win64-Shipping.exe,5640,0x4DD1D780,DXGI,0,0,1,Hardware Composed: Independent Flip,19412.1928,NA,50.64590000000000,51.29200000000000,0.26390000000000,44.66350000000000,45.2310,19361.8148,50.6419,50.3780,0.2639,44.3026,50.7389,47.8159,2.9230,1.5664,19361.8148,NA,NA,NA
Stalker2-Win64-Shipping.exe,5640,0x4DD1D780,DXGI,0,0,1,Hardware Composed: Independent Flip,19464.0007,NA,51.80790000000000,51.56460000000001,0.25550000000000,44.96750000000000,44.9877,19412.4567,51.7995,51.5440,0.2555,44.3996,52.1119,48.2081,3.9038,-0.9227,19412.4567,NA,NA,NA
Stalker2-Win64-Shipping.exe,5640,0x4DD1D780,DXGI,0,0,1,Hardware Composed: Independent Flip,19515.1146,NA,51.11390000000000,53.17970000000000,0.24590000000000,46.20930000000000,47.0535,19464.2562,51.1043,50.8584,0.2459,44.7120,52.3557,49.3619,2.9938,-1.3802,19464.2562,NA,NA,NA
Stalker2-Win64-Shipping.exe,5640,0x4DD1D780,DXGI,0,0,1,Hardware Composed: Independent Flip,19569.7061,NA,54.59150000000000,52.27390000000000,0.28200000000000,44.70750000000000,44.7359,19515.3605,54.6276,54.3456,0.2820,45.9634,53.0897,48.9797,4.1100,-1.1696,19515.3605,NA,NA,NA
Stalker2-Win64-Shipping.exe,5640,0x4DD1D780,DXGI,0,0,1,Hardware Composed: Independent Flip,19621.5077,NA,51.80160000000000,51.15760000000000,0.30200000000000,43.75260000000000,44.0919,19569.9881,51.8216,51.5196,0.3020,44.4255,50.8467,47.1484,3.6983,3.4700,19569.9881,NA,NA,NA
Stalker2-Win64-Shipping.exe,5640,0x4DD1D780,DXGI,0,0,1,Hardware Composed: Independent Flip,19669.7759,NA,48.26820000000000,48.84630000000000,0.26190000000000,44.65560000000000,44.6700,19621.8097,48.2281,47.9662,0.2619,43.4506,49.1712,48.6847,0.4865,2.9753,19621.8097,NA,NA,NA
Stalker2-Win64-Shipping.exe,5640,0x4DD1D780,DXGI,0,0,1,Hardware Composed: Independent Flip,19720.7113,NA,50.93540000000000,50.49430000000000,0.25320000000000,44.21540000000000,44.2289,19670.0378,50.9267,50.6735,0.2532,44.3937,50.4952,47.3711,3.1241,-2.2662,19670.0378,NA,NA,NA
Stalker2-Win64-Shipping.exe,5640,0x4DD1D780,DXGI,0,0,1,Hardware Composed: Independent Flip,19773.1578,NA,52.44650000000000,53.18000000000000,0.27630000000000,44.48340000000000,44.9624,19720.9645,52.4696,52.1933,0.2763,43.9622,52.7145,48.0134,4.7011,-2.2533,19720.9645,NA,NA,NA
Stalker2-Win64-Shipping.exe,5640,0x4DD1D780,DXGI,0,0,1,Hardware Composed: Independent Flip,19825.3062,NA,52.14840000000000,52.63200000000001,0.24910000000000,44.72170000000001,45.4460,19773.4341,52.1212,51.8721,0.2491,44.2071,52.3867,48.1106,4.2761,-0.1624,19773.4341,NA,NA,NA
Stalker2-Win64-Shipping.exe,5640,0x4DD1D780,DXGI,0,0,1,Hardware Composed: Independent Flip,19876.6651,NA,51.35890000000001,50.54420000000000,0.25780000000000,44.61740000000000,44.6313,19825.5553,51.3676,51.1098,0.2578,44.4726,51.2546,48.0138,3.2408,1.5770,19825.5553,NA,NA,NA
Stalker2-Win64-Shipping.exe,5640,0x4DD1D780,DXGI,0,0,1,Hardware Composed: Independent Flip,19928.1741,NA,51.50900000000000,51.92080000000000,0.27000000000000,45.01350000000000,45.0431,19876.9229,51.5212,51.2512,0.2700,44.3596,51.9051,48.2391,3.6660,-0.5532,19876.9229,NA,NA,NA
Stalker2-Win64-Shipping.exe,5640,0x4DD1D780,DXGI,0,0,1,Hardware Composed: Independent Flip,19981.4278,NA,53.25370000000000,53.16110000000000,0.26160000000000,44.34610000000000,44.9505,19928.4441,53.2453,52.9837,0.2616,44.7435,52.5863,47.8104,4.7759,-1.6399,19928.4441,NA,NA,NA
Stalker2-Win64-Shipping.exe,5640,0x4DD1D780,DXGI,0,0,1,Hardware Composed: Independent Flip,20031.7498,NA,50.32200000000000,50.32050000000000,0.23010000000000,44.79030000000000,44.9490,19981.6894,50.2905,50.0604,0.2301,44.0845,50.7662,48.1232,2.6430,2.9248,19981.6894,NA,NA,NA
Stalker2-Win64-Shipping.exe,5640,0x4DD1D780,DXGI,0,0,1,Hardware Composed: Independent Flip,20082.6052,NA,50.85540000000000,49.98400000000000,0.23060000000000,44.05900000000000,44.0776,20031.9799,50.8559,50.6253,0.2306,44.5602,50.1241,47.7205,2.4036,0.3065,20031.9799,NA,NA,NA
Stalker2-Win64-Shipping.exe,5640,0x4DD1D780,DXGI,0,0,1,Hardware Composed: Independent Flip,20134.0847,NA,51.47950000000000,52.92530000000000,0.26860000000000,45.28650000000000,45.5234,20082.8358,51.5175,51.2489,0.2686,43.8284,52.7070,48.9119,3.7951,-2.0694,20082.8358,NA,NA,NA
Stalker2-Win64-Shipping.exe,5640,0x4DD1D780,DXGI,0,0,1,Hardware Composed: Independent Flip,20187.2977,NA,53.21300000000000,53.37820000000000,0.25340000000000,45.02540000000000,45.6886,20134.3533,53.1978,52.9444,0.2534,45.0179,52.9519,48.6438,4.3081,-1.8607,20134.3533,NA,NA,NA
Stalker2-Win64-Shipping.exe,5640,0x4DD1D780,DXGI,0,0,1,Hardware Composed: Independent Flip,20237.9949,NA,50.69720000000000,50.62310000000000,0.27470000000000,45.32470000000000,45.6145,20187.5511,50.7185,50.4438,0.2747,44.7720,50.9965,48.5662,2.4303,2.5747,20187.5511,NA,NA,NA
Stalker2-Win64-Shipping.exe,5640,0x4DD1D780,DXGI,0,0,1,Hardware Composed: Independent Flip,20289.6400,NA,51.64510000000000,50.64210000000000,0.26800000000000,44.59660000000000,44.6115,20238.2696,51.6384,51.3704,0.2680,45.0500,50.9170,47.8864,3.0306,0.0764,20238.2696,NA,NA,NA
Stalker2-Win64-Shipping.exe,5640,0x4DD1D780,DXGI,0,0,1,Hardware Composed: Independent Flip,20340.8375,NA,51.19750000000001,51.84400000000000,0.28440000000000,44.84750000000000,45.2580,20289.9080,51.2139,50.9295,0.2844,44.3286,51.4484,48.1186,3.3298,-0.2056,20289.9080,NA,NA,NA
Stalker2-Win64-Shipping.exe,5640,0x4DD1D780,DXGI,0,0,1,Hardware Composed: Independent Flip,20392.0336,NA,51.19610000000000,50.17840000000000,0.26740000000000,44.21250000000000,44.2403,20341.1219,51.1791,50.9117,0.2674,44.5631,50.5611,47.4115,3.1496,1.0355,20341.1219,NA,NA,NA
Stalker2-Win64-Shipping.exe,5640,0x4DD1D780,DXGI,0,0,1,Hardware Composed: Independent Flip,20444.3913,NA,52.35770000000000,53.24900000000000,0.28060000000000,45.11650000000000,45.1316,20392.3010,52.3709,52.0903,0.2806,43.9451,53.2617,48.3956,4.8661,-2.0699,20392.3010,NA,NA,NA
Stalker2-Win64-Shipping.exe,5640,0x4DD1D780,DXGI,0,0,1,Hardware Composed: Independent Flip,20496.2973,NA,51.90600000000001,52.18320000000000,0.23230000000000,44.01640000000000,45.4088,20444.6719,51.8577,51.6254,0.2323,44.8359,50.8059,47.2844,3.5215,0.1877,20444.6719,NA,NA,NA
Stalker2-Win64-Shipping.exe,5640,0x4DD1D780,DXGI,0,0,1,Hardware Composed: Independent Flip,20547.7641,NA,51.46680000000000,50.62650000000000,0.23870000000000,44.55040000000000,44.5685,20496.5296,51.4732,51.2345,0.2387,43.7841,52.0008,48.5435,3.4573,1.2312,20496.5296,NA,NA,NA
Stalker2-Win64-Shipping.exe,5640,0x4DD1D780,DXGI,0,0,1,Hardware Composed: Independent Flip,20599.1781,NA,51.41400000000000,52.23470000000000,0.24690000000000,44.63830000000000,45.3892,20548.0028,51.4222,51.1753,0.2469,44.3117,51.5019,48.4616,3.0403,-0.7615,20548.0028,NA,NA,NA
Stalker2-Win64-Shipping.exe,5640,0x4DD1D780,DXGI,0,0,1,Hardware Composed: Independent Flip,20650.8799,NA,51.70180000000001,50.62890000000000,0.25640000000000,44.29900000000000,44.3163,20599.4250,51.7113,51.4549,0.2564,44.3914,51.3625,47.6959,3.6666,0.7933,20599.4250,NA,NA,NA
Stalker2-Win64-Shipping.exe,5640,0x4DD1D780,DXGI,0,0,1,Hardware Composed: Independent Flip,20703.6413,NA,52.76140000000000,52.92350000000000,0.28140000000000,44.46170000000000,44.4784,20651.1363,52.7864,52.5050,0.2814,44.0426,52.9241,47.9964,4.9277,-1.2122,20651.1363,NA,NA,NA
Stalker2-Win64-Shipping.exe,5640,0x4DD1D780,DXGI,0,0,1,Hardware Composed: Independent Flip,20754.4167,NA,50.77540000000000,52.90300000000001,0.24200000000000,45.83320000000001,46.6060,20703.9227,50.7360,50.4940,0.2420,44.1803,52.1469,48.9609,3.1860,-0.1166,20703.9227,NA,NA,NA
Stalker2-Win64-Shipping.exe,5640,0x4DD1D780,DXGI,0,0,1,Hardware Composed: Independent Flip,20805.4525,NA,51.03580000000000,49.74180000000000,0.26720000000000,45.29400000000000,45.3120,20754.6587,51.0610,50.7938,0.2672,45.5912,50.4966,48.6847,1.8119,0.9942,20754.6587,NA,NA,NA
Stalker2-Win64-Shipping.exe,5640,0x4DD1D780,DXGI,0,0,1,Hardware Composed: Independent Flip,20858.5394,NA,53.08690000000000,53.00740000000000,0.25380000000000,45.21690000000000,45.2325,20805.7197,53.0735,52.8197,0.2538,45.0268,53.0098,48.3362,4.6736,-1.9464,20805.7197,NA,NA,NA
Stalker2-Win64-Shipping.exe,5640,0x4DD1D780,DXGI,0,0,1,Hardware Composed: Independent Flip,20908.5168,NA,49.97740000000000,50.79030000000000,0.28190000000000,44.50890000000000,46.0454,20858.7932,50.0055,49.7236,0.2819,44.9631,49.2694,47.6937,1.5757,2.2832,20858.7932,NA,NA,NA
Stalker2-Win64-Shipping.exe,5640,0x4DD1D780,DXGI,0,0,1,Hardware Composed: Independent Flip,20959.7811,NA,51.26430000000001,50.03250000000000,0.27380000000000,44.78660000000000,44.8136,20908.7987,51.2562,50.9824,0.2738,44.2270,51.5420,47.9333,3.6087,-0.0270,20908.7987,NA,NA,NA
Stalker2-Win64-Shipping.exe,5640,0x4DD1D780,DXGI,0,0,1,Hardware Composed: Independent Flip,21011.9110,NA,52.12990000000000,53.21640000000000,0.23000000000000,44.34760000000000,45.9001,20960.0549,52.0861,51.8561,0.2300,44.5128,51.6909,47.5587,4.1322,-1.9602,20960.0549,NA,NA,NA
Stalker2-Win64-Shipping.exe,5640,0x4DD1D780,DXGI,0,0,1,Hardware Composed: Independent Flip,21063.7625,NA,51.85150000000000,50.37650000000000,0.26130000000000,44.40590000000000,44.4251,21012.1410,51.8828,51.6215,0.2613,44.1176,51.9098,47.7881,4.1217,1.7096,21012.1410,NA,NA,NA
Stalker2-Win64-Shipping.exe,5640,0x4DD1D780,DXGI,0,0,1,Hardware Composed: Independent Flip,21116.1417,NA,52.37920000000000,52.85220000000000,0.27370000000000,44.84850000000000,44.8981,21064.0238,52.3916,52.1179,0.2737,44.1446,52.8218,48.5660,4.2558,-0.9694,21064.0238,NA,NA,NA
Stalker2-Win64-Shipping.exe,5640,0x4DD1D780,DXGI,0,0,1,Hardware Composed: Independent Flip,21169.1439,NA,53.00220000000000,53.24920000000000,0.24990000000000,44.50150000000000,45.1451,21116.4154,52.9784,52.7285,0.2499,44.5748,52.6552,47.9661,4.6891,-0.8576,21116.4154,NA,NA,NA
Stalker2-Win64-Shipping.exe,5640,0x4DD1D780,DXGI,0,0,1,Hardware Composed: Independent Flip,21219.0664,NA,49.92250000000000,49.53990000000000,0.24730000000000,44.74680000000000,44.7625,21169.3938,49.9199,49.6726,0.2473,44.2516,50.1678,48.1582,2.0096,3.4385,21169.3938,NA,NA,NA
Stalker2-Win64-Shipping.exe,5640,0x4DD1D780,DXGI,0,0,1,Hardware Composed: Independent Flip,21270.8721,NA,51.80570000000000,51.47100000000000,0.28940000000000,44.40580000000000,44.4278,21219.3137,51.8478,51.5584,0.2894,44.4995,51.4647,47.5097,3.9550,-1.5511,21219.3137,NA,NA,NA
Stalker2-Win64-Shipping.exe,5640,0x4DD1D780,DXGI,0,0,1,Hardware Composed: Independent Flip,21322.2018,NA,51.32970000000000,52.62340000000000,0.26130000000000,44.44680000000000,45.7215,21271.1615,51.3016,51.0403,0.2613,44.1164,51.3707,47.6062,3.7645,-0.7756,21271.1615,NA,NA,NA
Stalker2-Win64-Shipping.exe,5640,0x4DD1D780,DXGI,0,0,1,Hardware Composed: Independent Flip,21374.6363,NA,52.43450000000000,52.77330000000000,0.27710000000000,46.04590000000000,46.0603,21322.4631,52.4503,52.1732,0.2771,44.1855,54.0336,49.2348,4.7988,-1.4717,21322.4631,NA,NA,NA
Stalker2-Win64-Shipping.exe,5640,0x4DD1D780,DXGI,0,0,1,Hardware Composed: Independent Flip,21425.2204,NA,50.58410000000000,51.45270000000000,0.25680000000000,45.71230000000000,46.9289,21374.9134,50.5638,50.3070,0.2568,45.7688,50.2505,48.9845,1.2660,0.9976,21374.9134,NA,NA,NA
Stalker2-Win64-Shipping.exe,5640,0x4DD1D780,DXGI,0,0,1,Hardware Composed: Independent Flip,21478.0200,NA,52.79960000000001,52.00090000000000,0.24940000000000,46.11000000000000,46.1302,21425.4772,52.7922,52.5428,0.2494,45.4555,53.1973,49.2138,3.9835,-1.4371,21425.4772,NA,NA,NA
Stalker2-Win64-Shipping.exe,5640,0x4DD1D780,DXGI,0,0,1,Hardware Composed: Independent Flip,21528.5014,NA,50.48140000000000,50.02320000000000,0.23320000000000,43.96750000000000,45.6720,21478.2694,50.4652,50.2320,0.2332,45.8606,48.3389,47.3906,0.9483,2.7690,21478.2694,NA,NA,NA
Stalker2-Win64-Shipping.exe,5640,0x4DD1D780,DXGI,0,0,1,Hardware Composed: Independent Flip,21580.2434,NA,51.74200000000000,50.06580000000000,0.29380000000000,43.97430000000000,43.9958,21528.7346,51.8026,51.5088,0.2938,43.7343,51.7488,47.5729,4.1759,0.3994,21528.7346,NA,NA,NA
Stalker2-Win64-Shipping.exe,5640,0x4DD1D780,DXGI,0,0,1,Hardware Composed: Independent Flip,21631.5350,NA,51.29160000000000,53.87670000000000,0.25770000000000,44.35930000000000,46.5809,21580.5372,51.2555,50.9978,0.2577,43.6805,51.6766,47.8154,3.8612,-2.0741,21580.5372,NA,NA,NA
Stalker2-Win64-Shipping.exe,5640,0x4DD1D780,DXGI,0,0,1,Hardware Composed: Independent Flip,21683.7011,NA,52.16610000000000,49.79000000000000,0.25320000000000,44.17730000000000,44.2048,21631.7927,52.1616,51.9084,0.2532,44.1016,51.9841,47.7943,4.1898,1.4655,21631.7927,NA,NA,NA
Stalker2-Win64-Shipping.exe,5640,0x4DD1D780,DXGI,0,0,1,Hardware Composed: Independent Flip,21737.6285,NA,53.92740000000001,54.70670000000000,0.32280000000000,44.92010000000001,44.9841,21683.9543,53.9970,53.6742,0.3228,43.9241,54.6702,48.0826,6.5876,-2.5451,21683.9543,NA,NA,NA
Stalker2-Win64-Shipping.exe,5640,0x4DD1D780,DXGI,0,0,1,Hardware Composed: Independent Flip,21788.0769,NA,50.44840000000000,51.55860000000001,0.26570000000000,44.51220000000000,46.0943,21737.9513,50.3913,50.1256,0.2657,44.5973,50.0405,47.6911,2.3494,2.4384,21737.9513,NA,NA,NA
Stalker2-Win64-Shipping.exe,5640,0x4DD1D780,DXGI,0,0,1,Hardware Composed: Independent Flip,21839.3326,NA,51.25570000000000,50.51960000000000,0.24540000000000,45.33840000000000,45.3582,21788.3426,51.2354,50.9900,0.2454,44.2465,52.0819,48.5110,3.5709,-0.1283,21788.3426,NA,NA,NA
Stalker2-Win64-Shipping.exe,5640,0x4DD1D780,DXGI,0,0,1,Hardware Composed: Independent Flip,21891.1223,NA,51.78970000000000,52.52490000000000,0.26150000000000,44.81870000000000,46.0934,21839.5780,51.8058,51.5443,0.2615,45.0930,51.2700,47.9851,3.2849,-1.2895,21839.5780,NA,NA,NA
Stalker2-Win64-Shipping.exe,5640,0x4DD1D780,DXGI,0,0,1,Hardware Composed: Independent Flip,21942.5360,NA,51.41370000000001,49.94790000000000,0.26770000000000,44.61380000000000,44.6276,21891.3838,51.4199,51.1522,0.2677,44.5572,51.2088,48.1324,3.0764,1.8579,21891.3838,NA,NA,NA
Stalker2-Win64-Shipping.exe,5640,0x4DD1D780,DXGI,0,0,1,Hardware Composed: Independent Flip,21995.3508,NA,52.81480000000001,53.89970000000000,0.25470000000000,45.64660000000000,45.7125,21942.8037,52.8018,52.5471,0.2547,44.3461,53.8476,48.9508,4.8968,-2.4798,21942.8037,NA,NA,NA
Stalker2-Win64-Shipping.exe,5640,0x4DD1D780,DXGI,0,0,1,Hardware Composed: Independent Flip,22046.0498,NA,50.69900000000001,50.18030000000000,0.26220000000000,44.16380000000000,45.1938,21995.6055,50.7065,50.4443,0.2622,45.3919,49.2162,47.4561,1.7601,2.6215,21995.6055,NA,NA,NA
Stalker2-Win64-Shipping.exe,5640,0x4DD1D780,DXGI,0,0,1,Hardware Composed: Independent Flip,22097.6045,NA,51.55470000000000,51.08860000000000,0.25830000000000,44.71350000000000,44.7277,22046.3120,51.5508,51.2925,0.2583,43.9016,52.1044,48.6551,3.4493,-0.3821,22046.3120,NA,NA,NA
Stalker2-Win64-Shipping.exe,5640,0x4DD1D780,DXGI,0,0,1,Hardware Composed: Independent Flip,22148.8158,NA,51.21130000000000,53.20810000000000,0.25780000000000,44.79230000000000,46.7245,22097.8628,51.2108,50.9530,0.2578,44.4552,51.2901,48.0990,3.1911,-1.6573,22097.8628,NA,NA,NA
Stalker2-Win64-Shipping.exe,5640,0x4DD1D780,DXGI,0,0,1,Hardware Composed: Independent Flip,22200.4490,NA,51.63320000000000,49.36960000000001,0.28150000000000,44.44690000000000,44.4609,22149.0736,51.6569,51.3754,0.2815,44.5345,51.2878,47.7004,3.5874,1.8412,22149.0736,NA,NA,NA
Stalker2-Win64-Shipping.exe,5640,0x4DD1D780,DXGI,0,0,1,Hardware Composed: Independent Flip,22253.2103,NA,52.76130000000001,53.75420000000000,0.34090000000000,45.39230000000000,45.4538,22200.7305,52.8207,52.4798,0.3409,44.1654,53.7067,48.8098,4.8969,-2.0973,22200.7305,NA,NA,NA
Stalker2-Win64-Shipping.exe,5640,0x4DD1D780,DXGI,0,0,1,Hardware Composed: Independent Flip,22304.3052,NA,51.09490000000000,51.47090000000000,0.27370000000000,44.65850000000000,45.8298,22253.5512,51.0277,50.7540,0.2737,45.0514,50.3611,47.8769,2.4842,1.3498,22253.5512,NA,NA,NA
Stalker2-Win64-Shipping.exe,5640,0x4DD1D780,DXGI,0,0,1,Hardware Composed: Independent Flip,22356.0779,NA,51.77270000000000,51.28910000000000,0.25590000000000,45.33130000000000,45.3462,22304.5789,51.7549,51.4990,0.2559,44.3848,52.4455,48.6212,3.8243,-0.2614,22304.5789,NA,NA,NA
Stalker2-Win64-Shipping.exe,5640,0x4DD1D780,DXGI,0,0,1,Hardware Composed: Independent Flip,22407.6977,NA,51.61980000000001,52.37850000000000,0.30100000000000,44.86490000000000,46.1049,22356.3338,51.6649,51.3639,0.3010,45.0754,51.1534,48.0151,3.1383,-0.6236,22356.3338,NA,NA,NA
Stalker2-Win64-Shipping.exe,5640,0x4DD1D780,DXGI,0,0,1,Hardware Composed: Independent Flip,22459.4141,NA,51.71640000000000,50.58640000000000,0.28550000000000,44.95720000000000,44.9749,22407.9987,51.7009,51.4154,0.2855,44.5639,51.8087,48.1390,3.6697,1.0785,22407.9987,NA,NA,NA
Stalker2-Win64-Shipping.exe,5640,0x4DD1D780,DXGI,0,0,1,Hardware Composed: Independent Flip,22511.3711,NA,51.95700000000000,52.38410000000000,0.25190000000000,44.95620000000000,45.4020,22459.6996,51.9234,51.6715,0.2519,44.6717,51.9560,48.3707,3.5853,-0.6832,22459.6996,NA,NA,NA
Stalker2-Win64-Shipping.exe,5640,0x4DD1D780,DXGI,0,0,1,Hardware Composed: Independent Flip,22564.0046,NA,52.63350000000001,51.34240000000000,0.28800000000000,44.08920000000001,44.1109,22511.6230,52.6696,52.3816,0.2880,44.7043,51.7665,47.9416,3.8249,0.5810,22511.6230,NA,NA,NA
Stalker2-Win64-Shipping.exe,5640,0x4DD1D780,DXGI,0,0,1,Hardware Composed: Independent Flip,22615.3301,NA,51.32550000000001,53.37750000000000,0.26920000000000,46.14720000000001,46.1629,22564.2926,51.3067,51.0375,0.2692,43.8012,53.3835,49.8017,3.5818,-0.7079,22564.2926,NA,NA,NA
Stalker2-Win64-Shipping.exe,5640,0x4DD1D780,DXGI,0,0,1,Hardware Composed: Independent Flip,22667.6955,NA,52.36540000000000,51.53850000000000,0.25860000000000,44.42680000000000,45.3360,22615.5993,52.3548,52.0962,0.2586,45.8780,50.6450,47.5773,3.0677,-0.2318,22615.5993,NA,NA,NA
Stalker2-Win64-Shipping.exe,5640,0x4DD1D780,DXGI,0,0,1,Hardware Composed: Independent Flip,22719.0801,NA,51.38460000000000,50.83240000000000,0.30150000000000,44.72880000000000,44.7838,22667.9541,51.4275,51.1260,0.3015,44.1682,51.6866,47.9340,3.7526,1.5224,22667.9541,NA,NA,NA
Stalker2-Win64-Shipping.exe,5640,0x4DD1D780,DXGI,0,0,1,Hardware Composed: Independent Flip,22771.0578,NA,51.97770000000001,52.38750000000000,0.27100000000000,44.43860000000000,45.1936,22719.3816,51.9472,51.6762,0.2710,44.4273,51.6875,47.8815,3.8060,-0.9600,22719.3816,NA,NA,NA
Stalker2-Win64-Shipping.exe,5640,0x4DD1D780,DXGI,0,0,1,Hardware Composed: Independent Flip,22822.5097,NA,51.45190000000000,50.90570000000000,0.24190000000000,44.63390000000000,44.6474,22771.3288,51.4228,51.1809,0.2419,44.1676,51.6472,48.1785,3.4687,1.0415,22771.3288,NA,NA,NA
Stalker2-Win64-Shipping.exe,5640,0x4DD1D780,DXGI,0,0,1,Hardware Composed: Independent Flip,22874.9894,NA,52.47970000000000,52.78530000000000,0.26970000000000,44.93840000000000,44.9530,22822.7516,52.5075,52.2378,0.2697,44.3920,52.7842,48.6371,4.1471,-1.3625,22822.7516,NA,NA,NA
Stalker2-Win64-Shipping.exe,5640,0x4DD1D780,DXGI,0,0,1,Hardware Composed: Independent Flip,22926.4741,NA,51.48470000000000,51.87480000000000,0.25650000000000,44.82590000000000,45.3431,22875.2591,51.4715,51.2150,0.2565,44.6687,51.3722,48.1134,3.2588,0.6327,22875.2591,NA,NA,NA
Stalker2-Win64-Shipping.exe,5640,0x4DD1D780,DXGI,0,0,1,Hardware Composed: Independent Flip,22978.5231,NA,52.04900000000000,51.71790000000000,0.29000000000000,44.99220000000000,45.0120,22926.7306,52.0825,51.7925,0.2900,44.5694,52.2153,48.1832,4.0321,-0.2464,22926.7306,NA,NA,NA
Stalker2-Win64-Shipping.exe,5640,0x4DD1D780,DXGI,0,0,1,Hardware Composed: Independent Flip,23030.9196,NA,52.39650000000000,52.47960000000000,0.25720000000000,44.59680000000000,45.0951,22978.8131,52.3637,52.1065,0.2572,44.7022,52.0011,47.7708,4.2303,-0.3971,22978.8131,NA,NA,NA
Stalker2-Win64-Shipping.exe,5640,0x4DD1D780,DXGI,0,0,1,Hardware Composed: Independent Flip,23081.6276,NA,50.70800000000001,49.99500000000000,0.26220000000000,44.36060000000001,44.3821,23031.1768,50.7130,50.4508,0.2622,44.3396,50.4718,47.5662,2.9056,2.3687,23031.1768,NA,NA,NA
Stalker2-Win64-Shipping.exe,5640,0x4DD1D780,DXGI,0,0,1,Hardware Composed: Independent Flip,23133.2964,NA,51.66880000000000,52.34530000000000,0.26770000000000,45.03820000000000,45.0586,23081.8898,51.6743,51.4066,0.2677,44.0984,52.3464,48.2653,4.0811,-1.6323,23081.8898,NA,NA,NA
Stalker2-Win64-Shipping.exe,5640,0x4DD1D780,DXGI,0,0,1,Hardware Composed: Independent Flip,23185.4448,NA,52.14840000000000,52.69360000000000,0.29070000000000,44.41790000000000,45.6038,23133.5641,52.1714,51.8807,0.2907,44.7705,51.5281,47.6230,3.9051,-1.0193,23133.5641,NA,NA,NA
Stalker2-Win64-Shipping.exe,5640,0x4DD1D780,DXGI,0,0,1,Hardware Composed: Independent Flip,23236.4822,NA,51.03740000000001,51.18720000000000,0.25040000000000,45.74010000000001,45.7536,23185.7355,50.9971,50.7467,0.2504,44.1272,52.3596,48.9830,3.3766,0.9842,23185.7355,NA,NA,NA
Stalker2-Win64-Shipping.exe,5640,0x4DD1D780,DXGI,0,0,1,Hardware Composed: Independent Flip,23288.2161,NA,51.73390000000001,50.33920000000001,0.25500000000000,43.97020000000001,44.3589,23236.7326,51.7385,51.4835,0.2550,45.4897,49.9640,47.1606,2.8034,0.6579,23236.7326,NA,NA,NA
Stalker2-Win64-Shipping.exe,5640,0x4DD1D780,DXGI,0,0,1,Hardware Composed: Independent Flip,23339.3879,NA,51.17180000000000,51.63570000000000,0.25220000000000,44.80440000000000,44.8228,23288.4711,51.1690,50.9168,0.2522,43.7152,52.0060,48.3980,3.6080,0.1028,23288.4711,NA,NA,NA
Stalker2-Win64-Shipping.exe,5640,0x4DD1D780,DXGI,0,0,1,Hardware Composed: Independent Flip,23390.9845,NA,51.59660000000000,52.46980000000000,0.26820000000000,44.36800000000000,45.6960,23339.6401,51.6126,51.3444,0.2682,44.5522,51.1602,47.4167,3.7435,-1.3008,23339.6401,NA,NA,NA
Stalker2-Win64-Shipping.exe,5640,0x4DD1D780,DXGI,0,0,1,Hardware Composed: Independent Flip,23443.0482,NA,52.06370000000000,51.68110000000000,0.27000000000000,45.29470000000000,45.3134,23391.2527,52.0655,51.7955,0.2700,44.0998,52.9904,48.6119,4.3785,-0.0685,23391.2527,NA,NA,NA
Stalker2-Win64-Shipping.exe,5640,0x4DD1D780,DXGI,0,0,1,Hardware Composed: Independent Flip,23495.6847,NA,52.63650000000001,53.00200000000000,0.25560000000000,44.80930000000000,45.6789,23443.3182,52.6221,52.3665,0.2556,45.0247,52.1511,47.9454,4.2057,-0.9365,23443.3182,NA,NA,NA
Stalker2-Win64-Shipping.exe,5640,0x4DD1D780,DXGI,0,0,1,Hardware Composed: Independent Flip,23546.9567,NA,51.27200000000001,51.08430000000000,0.25580000000000,45.47340000000001,45.4912,23495.9403,51.2722,51.0164,0.2558,44.5537,51.9361,48.7591,3.1770,1.5378,23495.9403,NA,NA,NA
Stalker2-Win64-Shipping.exe,5640,0x4DD1D780,DXGI,0,0,1,Hardware Composed: Independent Flip,23599.0993,NA,52.14260000000000,51.36830000000000,0.27710000000000,44.70320000000000,44.7169,23547.2125,52.1639,51.8868,0.2771,45.2176,51.3724,48.2835,3.0889,-0.0961,23547.2125,NA,NA,NA
Stalker2-Win64-Shipping.exe,5640,0x4DD1D780,DXGI,0,0,1,Hardware Composed: Independent Flip,23649.4480,NA,50.34870000000000,50.33800000000000,0.24060000000000,44.69080000000000,44.7062,23599.3764,50.3122,50.0716,0.2406,44.4261,50.3363,48.3224,2.0139,1.8259,23599.3764,NA,NA,NA
Stalker2-Win64-Shipping.exe,5640,0x4DD1D780,DXGI,0,0,1,Hardware Composed: Independent Flip,23702.4236,NA,52.97560000000000,53.78220000000000,0.28140000000000,45.48620000000000,45.5128,23649.6886,53.0164,52.7350,0.2814,44.4502,53.7710,49.1087,4.6623,-3.4700,23649.6886,NA,NA,NA
Stalker2-Win64-Shipping.exe,5640,0x4DD1D780,DXGI,0,0,1,Hardware Composed: Independent Flip,23753.3271,NA,50.90350000000000,52.33440000000000,0.23830000000000,45.18590000000000,46.9437,23702.7050,50.8604,50.6221,0.2383,45.2048,50.6032,48.8546,1.7486,0.6820,23702.7050,NA,NA,NA
Stalker2-Win64-Shipping.exe,5640,0x4DD1D780,DXGI,0,0,1,Hardware Composed: Independent Flip,23805.1348,NA,51.80770000000000,49.67680000000000,0.27110000000000,44.78410000000000,44.8128,23753.5654,51.8405,51.5694,0.2711,44.9476,51.4059,48.0506,3.3553,1.1836,23753.5654,NA,NA,NA
Stalker2-Win64-Shipping.exe,5640,0x4DD1D780,DXGI,0,0,1,Hardware Composed: Independent Flip,23857.8391,NA,52.70430000000000,54.29620000000001,0.25450000000000,45.85050000000000,46.4047,23805.4059,52.6877,52.4332,0.2545,44.5130,53.7707,49.0943,4.6764,-2.4557,23805.4059,NA,NA,NA
Stalker2-Win64-Shipping.exe,5640,0x4DD1D780,DXGI,0,0,1,Hardware Composed: Independent Flip,23908.9909,NA,51.15180000000000,50.43000000000000,0.28200000000000,44.95640000000000,45.6829,23858.0936,51.1793,50.8973,0.2820,45.5960,50.2577,48.1387,2.1190,2.2577,23858.0936,NA,NA,NA
Stalker2-Win64-Shipping.exe,5640,0x4DD1D780,DXGI,0,0,1,Hardware Composed: Independent Flip,23966.1670,NA,57.17610000000001,51.53620000000000,0.72230000000000,40.02690000000000,40.0430,23909.2729,57.6164,56.8941,0.7223,44.6744,52.2466,48.2812,3.9654,-0.3569,23909.2729,NA,NA,NA
Stalker2-Win64-Shipping.exe,5640,0x4DD1D780,DXGI,0,0,1,Hardware Composed: Independent Flip,24012.4333,NA,46.26630000000000,53.37640000000000,0.22860000000000,45.60920000000000,47.1531,23966.8893,45.7726,45.5440,0.2286,39.3046,51.8486,48.6744,3.1742,4.2400,23966.8893,NA,NA,NA
Stalker2-Win64-Shipping.exe,5640,0x4DD1D780,DXGI,0,0,1,Hardware Composed: Independent Flip,24065.3559,NA,52.92260000000000,50.08780000000000,0.24690000000000,44.29830000000000,44.3183,24012.6619,52.9409,52.6940,0.2469,45.3806,51.6117,48.1363,3.4754,-4.3152,24012.6619,NA,NA,NA
Stalker2-Win64-Shipping.exe,5640,0x4DD1D780,DXGI,0,0,1,Hardware Composed: Independent Flip,24117.0271,NA,51.67120000000001,52.01440000000000,0.27000000000000,44.64250000000001,44.6615,24065.6028,51.6943,51.4243,0.2700,44.0514,52.0154,48.2676,3.7478,0.9265,24065.6028,NA,NA,NA
Stalker2-Win64-Shipping.exe,5640,0x4DD1D780,DXGI,0,0,1,Hardware Composed: Independent Flip,24169.3727,NA,52.34560000000000,53.08730000000000,0.23610000000000,45.06300000000000,45.4032,24117.2971,52.3117,52.0756,0.2361,44.3725,52.7661,48.6508,4.1153,-1.3930,24117.2971,NA,NA,NA
Stalker2-Win64-Shipping.exe,5640,0x4DD1D780,DXGI,0,0,1,Hardware Composed: Independent Flip,24221.6613,NA,52.28860000000000,52.25200000000000,0.30830000000000,45.05160000000000,45.3666,24169.6088,52.3608,52.0525,0.3083,44.8269,52.2772,48.4556,3.8216,0.0597,24169.6088,NA,NA,NA
Stalker2-Win64-Shipping.exe,5640,0x4DD1D780,DXGI,0,0,1,Hardware Composed: Independent Flip,24274.5660,NA,52.90470000000001,52.80110000000001,0.38340000000000,45.24540000000000,45.2630,24221.9696,52.9798,52.5964,0.3834,44.7433,53.0985,48.5213,4.5772,-0.4403,24221.9696,NA,NA,NA
Stalker2-Win64-Shipping.exe,5640,0x4DD1D780,DXGI,0,0,1,Hardware Composed: Independent Flip,24326.0954,NA,51.52940000000000,51.42960000000000,0.24600000000000,44.68790000000000,45.1632,24274.9494,51.3920,51.1460,0.2460,44.8620,50.9719,47.9759,2.9960,1.5502,24274.9494,NA,NA,NA
Stalker2-Win64-Shipping.exe,5640,0x4DD1D780,DXGI,0,0,1,Hardware Composed: Independent Flip,24378.2259,NA,52.13050000000000,51.92110000000000,0.31440000000000,44.93330000000000,44.9538,24326.3414,52.1989,51.8845,0.3144,44.4419,52.3759,48.1369,4.2390,-0.5291,24326.3414,NA,NA,NA
Stalker2-Win64-Shipping.exe,5640,0x4DD1D780,DXGI,0,0,1,Hardware Composed: Independent Flip,24429.7894,NA,51.56350000000000,52.43080000000000,0.28920000000000,44.91760000000000,45.8211,24378.5403,51.5383,51.2491,0.2892,44.6189,51.5478,47.9613,3.5865,-0.2319,24378.5403,NA,NA,NA
Stalker2-Win64-Shipping.exe,5640,0x4DD1D780,DXGI,0,0,1,Hardware Composed: Independent Flip,24482.2263,NA,52.43690000000000,51.64970000000000,0.27520000000000,45.01640000000000,45.0339,24430.0786,52.4229,52.1477,0.2752,44.6284,52.5357,48.2568,4.2789,-0.1114,24430.0786,NA,NA,NA
Stalker2-Win64-Shipping.exe,5640,0x4DD1D780,DXGI,0,0,1,Hardware Composed: Independent Flip,24534.2952,NA,52.06890000000000,52.73170000000000,0.26280000000000,45.15530000000000,45.6967,24482.5015,52.0565,51.7937,0.2628,44.7412,52.2078,48.8643,3.3435,-0.3088,24482.5015,NA,NA,NA
Stalker2-Win64-Shipping.exe,5640,0x4DD1D780,DXGI,0,0,1,Hardware Composed: Independent Flip,24585.7091,NA,51.41390000000001,50.07510000000000,0.27890000000000,44.33060000000000,44.3579,24534.5580,51.4300,51.1511,0.2789,44.8925,50.5892,47.5639,3.0253,1.9814,24534.5580,NA,NA,NA
Stalker2-Win64-Shipping.exe,5640,0x4DD1D780,DXGI,0,0,1,Hardware Composed: Independent Flip,24637.1043,NA,51.39520000000000,51.97990000000000,0.25030000000000,44.92950000000000,44.9426,24585.9880,51.3666,51.1163,0.2503,44.0517,51.9941,48.3023,3.6918,-0.5499,24585.9880,NA,NA,NA
Stalker2-Win64-Shipping.exe,5640,0x4DD1D780,DXGI,0,0,1,Hardware Composed: Independent Flip,24690.0112,NA,52.90690000000000,53.76100000000000,0.32830000000000,44.85970000000000,45.7967,24637.3546,52.9849,52.6566,0.3283,44.6792,52.8371,48.2256,4.6115,-2.3944,24637.3546,NA,NA,NA
Stalker2-Win64-Shipping.exe,5640,0x4DD1D780,DXGI,0,0,1,Hardware Composed: Independent Flip,24740.7917,NA,50.78050000000000,49.98370000000000,0.26970000000000,44.97900000000000,44.9999,24690.3395,50.7219,50.4522,0.2697,44.5314,50.8998,48.1997,2.7001,3.0012,24690.3395,NA,NA,NA
Stalker2-Win64-Shipping.exe,5640,0x4DD1D780,DXGI,0,0,1,Hardware Composed: Independent Flip,24792.7487,NA,51.95700000000000,51.74860000000000,0.25320000000000,44.77330000000000,44.7915,24741.0614,51.9405,51.6873,0.2532,44.7093,51.7513,47.9037,3.8476,-1.0267,24741.0614,NA,NA,NA
Stalker2-Win64-Shipping.exe,5640,0x4DD1D780,DXGI,0,0,1,Hardware Composed: Independent Flip,24844.7940,NA,52.04530000000000,52.97470000000001,0.26510000000000,44.59340000000000,45.7209,24793.0019,52.0572,51.7921,0.2651,44.5201,51.8654,48.0505,3.8149,-1.0342,24793.0019,NA,NA,NA
Stalker2-Win64-Shipping.exe,5640,0x4DD1D780,DXGI,0,0,1,Hardware Composed: Independent Flip,24896.2187,NA,51.42470000000000,50.36490000000001,0.28650000000000,44.64790000000000,44.6611,24845.0591,51.4461,51.1596,0.2865,44.3283,51.4792,48.0090,3.4702,1.6923,24845.0591,NA,NA,NA
Stalker2-Win64-Shipping.exe,5640,0x4DD1D780,DXGI,0,0,1,Hardware Composed: Independent Flip,24949.0246,NA,52.80590000000000,52.80340000000000,0.23110000000000,44.63390000000000,44.6586,24896.5052,52.7505,52.5194,0.2311,44.3614,52.7919,47.9212,4.8707,-1.3573,24896.5052,NA,NA,NA
Stalker2-Win64-Shipping.exe,5640,0x4DD1D780,DXGI,0,0,1,Hardware Composed: Independent Flip,24999.8770,NA,50.85240000000000,51.21490000000000,0.25310000000000,44.24020000000000,45.0211,24949.2557,50.8744,50.6213,0.2531,44.4028,50.4587,47.8843,2.5744,1.5356,24949.2557,NA,NA,NA
Stalker2-Win64-Shipping.exe,5640,0x4DD1D780,DXGI,0,0,1,Hardware Composed: Independent Flip,25052.7235,NA,52.84650000000001,52.41640000000000,0.30820000000000,44.57600000000000,44.5910,25000.1301,52.9016,52.5934,0.3082,43.9871,53.1823,48.0793,5.1030,-1.5420,25000.1301,NA,NA,NA
Stalker2-Win64-Shipping.exe,5640,0x4DD1D780,DXGI,0,0,1,Hardware Composed: Independent Flip,25103.3300,NA,50.60650000000000,53.30550000000000,0.24300000000000,45.78280000000000,47.2900,25053.0317,50.5413,50.2983,0.2430,44.2678,51.8133,49.4373,2.3760,-0.4039,25053.0317,NA,NA,NA
Stalker2-Win64-Shipping.exe,5640,0x4DD1D780,DXGI,0,0,1,Hardware Composed: Independent Flip,25155.5399,NA,52.20990000000000,49.59020000000000,0.30240000000000,44.65410000000000,44.6703,25103.5730,52.2693,51.9669,0.3024,45.5398,51.0812,47.8941,3.1871,0.9511,25103.5730,NA,NA,NA
Stalker2-Win64-Shipping.exe,5640,0x4DD1D780,DXGI,0,0,1,Hardware Composed: Independent Flip,25206.4091,NA,50.86920000000000,50.95920000000000,0.32550000000000,44.73310000000000,44.7603,25155.8423,50.8923,50.5668,0.3255,44.3517,50.9482,47.9810,2.9672,1.3101,25155.8423,NA,NA,NA
Stalker2-Win64-Shipping.exe,5640,0x4DD1D780,DXGI,0,0,1,Hardware Composed: Independent Flip,25258.6933,NA,52.28420000000001,52.21520000000000,0.27300000000000,44.62520000000000,44.6913,25206.7346,52.2317,51.9587,0.2730,44.4076,52.1763,47.9545,4.2218,-1.3229,25206.7346,NA,NA,NA
Stalker2-Win64-Shipping.exe,5640,0x4DD1D780,DXGI,0,0,1,Hardware Composed: Independent Flip,25311.1897,NA,52.49640000000000,52.89590000000000,0.26090000000000,44.72230000000000,45.0908,25258.9663,52.4843,52.2234,0.2609,44.3522,52.5935,48.0147,4.5788,-0.6642,25258.9663,NA,NA,NA
Stalker2-Win64-Shipping.exe,5640,0x4DD1D780,DXGI,0,0,1,Hardware Composed: Independent Flip,25361.8702,NA,50.68050000000000,50.57000000000000,0.26080000000000,44.74480000000001,44.9803,25311.4506,50.6804,50.4196,0.2608,44.4614,50.7030,47.9184,2.7846,1.9143,25311.4506,NA,NA,NA
Stalker2-Win64-Shipping.exe,5640,0x4DD1D780,DXGI,0,0,1,Hardware Composed: Independent Flip,25413.7630,NA,51.89280000000000,51.86000000000000,0.25060000000000,44.93100000000000,44.9475,25362.1310,51.8826,51.6320,0.2506,44.4840,52.0790,48.0774,4.0016,-1.1796,25362.1310,NA,NA,NA
Stalker2-Win64-Shipping.exe,5640,0x4DD1D780,DXGI,0,0,1,Hardware Composed: Independent Flip,25464.9628,NA,51.19980000000000,51.89650000000000,0.24280000000000,44.58090000000000,45.6442,25414.0136,51.1920,50.9492,0.2428,44.6804,50.8497,47.8911,2.9586,-0.0139,25414.0136,NA,NA,NA
Stalker2-Win64-Shipping.exe,5640,0x4DD1D780,DXGI,0,0,1,Hardware Composed: Independent Flip,25516.7381,NA,51.77530000000000,50.94820000000000,0.26130000000000,44.79960000000001,44.8171,25465.2056,51.7938,51.5325,0.2613,44.3381,51.9940,48.5255,3.4685,0.2438,25465.2056,NA,NA,NA
Stalker2-Win64-Shipping.exe,5640,0x4DD1D780,DXGI,0,0,1,Hardware Composed: Independent Flip,25568.3169,NA,51.57880000000000,52.78860000000000,0.26110000000000,45.36150000000000,46.0269,25516.9994,51.5786,51.3175,0.2611,44.5383,52.1407,48.7801,3.3606,-0.9948,25516.9994,NA,NA,NA
Stalker2-Win64-Shipping.exe,5640,0x4DD1D780,DXGI,0,0,1,Hardware Composed: Independent Flip,25620.5655,NA,52.24860000000000,51.05180000000000,0.27940000000000,44.81550000000000,44.8301,25568.5780,52.2669,51.9875,0.2794,45.1004,51.7026,48.1416,3.5610,0.5268,25568.5780,NA,NA,NA
Stalker2-Win64-Shipping.exe,5640,0x4DD1D780,DXGI,0,0,1,Hardware Composed: Independent Flip,25672.0916,NA,51.52610000000000,51.74130000000000,0.30620000000000,45.02420000000000,45.0453,25620.8449,51.5529,51.2467,0.3062,44.5361,51.7348,48.0823,3.6525,0.5256,25620.8449,NA,NA,NA
Stalker2-Win64-Shipping.exe,5640,0x4DD1D780,DXGI,0,0,1,Hardware Composed: Independent Flip,25724.5992,NA,52.50760000000000,53.62050000000000,0.29210000000000,45.85700000000000,46.1582,25672.3978,52.4935,52.2014,0.2921,44.7180,53.3404,49.0557,4.2847,-2.0676,25672.3978,NA,NA,NA
Stalker2-Win64-Shipping.exe,5640,0x4DD1D780,DXGI,0,0,1,Hardware Composed: Independent Flip,25774.7400,NA,50.14080000000001,49.13680000000000,0.25050000000000,44.55320000000000,45.1542,25724.8913,50.0992,49.8487,0.2505,45.5649,48.8370,47.7624,1.0746,3.3567,25724.8913,NA,NA,NA
Stalker2-Win64-Shipping.exe,5640,0x4DD1D780,DXGI,0,0,1,Hardware Composed: Independent Flip,25826.0694,NA,51.32940000000000,51.52530000000000,0.27040000000000,45.33710000000000,45.3501,25774.9905,51.3493,51.0789,0.2704,44.3027,52.1133,48.5434,3.5699,-1.4261,25774.9905,NA,NA,NA
Stalker2-Win64-Shipping.exe,5640,0x4DD1D780,DXGI,0,0,1,Hardware Composed: Independent Flip,25878.2693,NA,52.19990000000000,52.81380000000000,0.25070000000000,43.69120000000000,45.9640,25826.3398,52.1802,51.9295,0.2507,45.0667,50.5540,46.9679,3.5861,-1.4645,25826.3398,NA,NA,NA
Stalker2-Win64-Shipping.exe,5640,0x4DD1D780,DXGI,0,0,1,Hardware Composed: Independent Flip,25930.2099,NA,51.94060000000000,49.96150000000000,0.25730000000000,43.97080000000000,43.9849,25878.5200,51.9472,51.6899,0.2573,43.4405,52.2202,48.0551,4.1651,2.2187,25878.5200,NA,NA,NA
Stalker2-Win64-Shipping.exe,5640,0x4DD1D780,DXGI,0,0,1,Hardware Composed: Independent Flip,25982.2504,NA,52.04050000000000,52.76870000000000,0.37470000000000,43.83140000000000,44.7131,25930.4672,52.1579,51.7832,0.3747,43.7135,51.9011,47.4819,4.4192,-0.8215,25930.4672,NA,NA,NA
Stalker2-Win64-Shipping.exe,5640,0x4DD1D780,DXGI,0,0,1,Hardware Composed: Independent Flip,26033.8611,NA,51.61070000000000,52.15700000000000,0.24920000000000,45.24040000000000,45.2594,25982.6251,51.4852,51.2360,0.2492,43.4567,53.0197,48.7225,4.2972,0.0009,25982.6251,NA,NA,NA
Stalker2-Win64-Shipping.exe,5640,0x4DD1D780,DXGI,0,0,1,Hardware Composed: Independent Flip,26085.8786,NA,52.01750000000001,51.61400000000000,0.27070000000000,44.42020000000000,44.8559,26034.1103,52.0390,51.7683,0.2707,44.9912,51.1973,47.6557,3.5416,-0.1288,26034.1103,NA,NA,NA
Stalker2-Win64-Shipping.exe,5640,0x4DD1D780,DXGI,0,0,1,Hardware Composed: Independent Flip,26138.5587,NA,52.68010000000000,52.85750000000000,0.24210000000000,45.01810000000000,45.0333,26086.1493,52.6515,52.4094,0.2421,44.1495,53.2780,48.2291,5.0489,-0.8185,26086.1493,NA,NA,NA
Stalker2-Win64-Shipping.exe,5640,0x4DD1D780,DXGI,0,0,1,Hardware Composed: Independent Flip,26189.0651,NA,50.50640000000000,51.11010000000000,0.25680000000000,44.53650000000000,45.6370,26138.8008,50.5211,50.2643,0.2568,44.7760,50.0248,47.6242,2.4006,1.5414,26138.8008,NA,NA,NA
Stalker2-Win64-Shipping.exe,5640,0x4DD1D780,DXGI,0,0,1,Hardware Composed: Independent Flip,26240.0490,NA,50.98390000000001,50.40660000000000,0.27100000000000,45.03110000000000,45.0597,26189.3219,50.9981,50.7271,0.2710,44.2797,51.4785,48.2796,3.1989,0.1145,26189.3219,NA,NA,NA
Stalker2-Win64-Shipping.exe,5640,0x4DD1D780,DXGI,0,0,1,Hardware Composed: Independent Flip,26293.0264,NA,52.97740000000000,53.30810000000000,0.26120000000000,44.31630000000001,45.3904,26240.3200,52.9676,52.7064,0.2612,44.7601,52.2626,47.7162,4.5464,-2.3100,26240.3200,NA,NA,NA
Stalker2-Win64-Shipping.exe,5640,0x4DD1D780,DXGI,0,0,1,Hardware Composed: Independent Flip,26343.9163,NA,50.88990000000000,52.15780000000000,0.24990000000000,46.64460000000000,46.6583,26293.2876,50.8786,50.6287,0.2499,44.0551,53.2182,49.9731,3.2451,0.8098,26293.2876,NA,NA,NA
Stalker2-Win64-Shipping.exe,5640,0x4DD1D780,DXGI,0,0,1,Hardware Composed: Independent Flip,26395.0616,NA,51.14530000000001,49.34760000000000,0.22850000000000,44.54630000000000,44.8606,26344.1662,51.1239,50.8954,0.2285,46.3947,49.0470,48.3468,0.7002,1.5310,26344.1662,NA,NA,NA
Stalker2-Win64-Shipping.exe,5640,0x4DD1D780,DXGI,0,0,1,Hardware Composed: Independent Flip,26446.7847,NA,51.72310000000000,51.32810000000000,0.30200000000000,44.44520000000000,44.4656,26395.2901,51.7966,51.4946,0.3020,44.3178,51.6220,47.8001,3.8219,-0.2042,26395.2901,NA,NA,NA
Stalker2-Win64-Shipping.exe,5640,0x4DD1D780,DXGI,0,0,1,Hardware Composed: Independent Flip,26498.3827,NA,51.59800000000000,52.89890000000000,0.26630000000000,44.02450000000000,45.7665,26447.0867,51.5623,51.2960,0.2663,44.1432,51.1773,47.9513,3.2260,-1.1023,26447.0867,NA,NA,NA
Stalker2-Win64-Shipping.exe,5640,0x4DD1D780,DXGI,0,0,1,Hardware Composed: Independent Flip,26551.2755,NA,52.89280000000000,51.96830000000000,0.25710000000000,44.82440000000000,44.8420,26498.6490,52.8836,52.6265,0.2571,43.7582,53.6927,48.6637,5.0290,-0.4060,26498.6490,NA,NA,NA
Stalker2-Win64-Shipping.exe,5640,0x4DD1D780,DXGI,0,0,1,Hardware Composed: Independent Flip,26602.0740,NA,50.79850000000000,52.10740000000001,0.26770000000000,45.00060000000001,46.1509,26551.5326,50.8091,50.5414,0.2677,44.5673,50.9747,48.1368,2.8379,0.7762,26551.5326,NA,NA,NA
Stalker2-Win64-Shipping.exe,5640,0x4DD1D780,DXGI,0,0,1,Hardware Composed: Independent Flip,26654.3865,NA,52.31250000000000,51.30120000000000,0.31700000000000,45.12540000000000,45.1396,26602.3417,52.3618,52.0448,0.3170,44.7329,52.4373,48.4295,4.0078,-0.4921,26602.3417,NA,NA,NA
Stalker2-Win64-Shipping.exe,5640,0x4DD1D780,DXGI,0,0,1,Hardware Composed: Independent Flip,26705.9769,NA,51.59040000000000,51.77200000000001,0.31040000000000,44.46050000000000,45.3212,26654.7035,51.5838,51.2734,0.3104,44.8084,50.9255,47.7957,3.1298,0.5898,26654.7035,NA,NA,NA
Stalker2-Win64-Shipping.exe,5640,0x4DD1D780,DXGI,0,0,1,Hardware Composed: Independent Flip,26757.7289,NA,51.75200000000000,51.26630000000000,0.24830000000000,44.81740000000000,44.8355,26706.2873,51.6899,51.4416,0.2483,44.1501,52.1089,47.9551,4.1538,0.3175,26706.2873,NA,NA,NA
Stalker2-Win64-Shipping.exe,5640,0x4DD1D780,DXGI,0,0,1,Hardware Composed: Independent Flip,26809.8677,NA,52.13880000000000,54.96050000000000,0.26360000000000,46.97300000000000,47.6572,26757.9772,52.1541,51.8905,0.2636,44.5691,54.2944,50.2391,4.0553,-3.2706,26757.9772,NA,NA,NA
Stalker2-Win64-Shipping.exe,5640,0x4DD1D780,DXGI,0,0,1,Hardware Composed: Independent Flip,26862.0398,NA,52.17210000000000,49.59130000000000,0.30410000000000,44.17070000000000,45.0764,26810.1313,52.2126,51.9085,0.3041,46.7094,49.3698,47.8394,1.5304,2.5628,26810.1313,NA,NA,NA
Stalker2-Win64-Shipping.exe,5640,0x4DD1D780,DXGI,0,0,1,Hardware Composed: Independent Flip,26913.2896,NA,51.24980000000000,51.07530000000001,0.26090000000000,44.88580000000000,44.9019,26862.3439,51.2066,50.9457,0.2609,43.8666,51.9649,48.5357,3.4292,1.1373,26862.3439,NA,NA,NA
Stalker2-Win64-Shipping.exe,5640,0x4DD1D780,DXGI,0,0,1,Hardware Composed: Independent Flip,26964.2448,NA,50.95520000000000,54.13510000000000,0.26680000000000,46.09460000000000,48.0818,26913.5505,50.9611,50.6943,0.2668,44.6249,52.1640,49.7230,2.4410,-2.9285,26913.5505,NA,NA,NA
Stalker2-Win64-Shipping.exe,5640,0x4DD1D780,DXGI,0,0,1,Hardware Composed: Independent Flip,27015.9603,NA,51.71550000000001,48.23870000000000,0.26300000000000,44.58530000000000,44.6050,26964.5116,51.7117,51.4487,0.2630,45.8278,50.2062,47.7976,2.4086,2.7224,26964.5116,NA,NA,NA
Stalker2-Win64-Shipping.exe,5640,0x4DD1D780,DXGI,0,0,1,Hardware Composed: Independent Flip,27068.9182,NA,52.95790000000000,53.35400000000000,0.27370000000000,44.98680000000000,45.0011,27016.2233,52.9686,52.6949,0.2737,44.3223,53.3594,48.5155,4.8439,-1.6423,27016.2233,NA,NA,NA
Stalker2-Win64-Shipping.exe,5640,0x4DD1D780,DXGI,0,0,1,Hardware Composed: Independent Flip,27120.4029,NA,51.48470000000000,53.51090000000000,0.28990000000000,45.04580000000000,47.0273,27069.1919,51.5009,51.2110,0.2899,44.7131,51.5437,48.3159,3.2278,-0.5423,27069.1919,NA,NA,NA
Stalker2-Win64-Shipping.exe,5640,0x4DD1D780,DXGI,0,0,1,Hardware Composed: Independent Flip,27172.4953,NA,52.09240000000000,49.98280000000000,0.31970000000000,44.89570000000001,44.9177,27120.6928,52.1222,51.8025,0.3197,44.7559,51.9423,48.0723,3.8700,1.5181,27120.6928,NA,NA,NA
Stalker2-Win64-Shipping.exe,5640,0x4DD1D780,DXGI,0,0,1,Hardware Composed: Independent Flip,27224.4974,NA,52.00210000000001,52.03950000000000,0.27090000000000,44.71550000000000,44.9551,27172.8150,51.9533,51.6824,0.2709,44.5760,51.8219,47.9177,3.9042,0.0827,27172.8150,NA,NA,NA
Stalker2-Win64-Shipping.exe,5640,0x4DD1D780,DXGI,0,0,1,Hardware Composed: Independent Flip,27277.2039,NA,52.70650000000001,52.99460000000001,0.26520000000000,45.22710000000000,45.2432,27224.7683,52.7008,52.4356,0.2652,44.4446,53.2181,48.4147,4.8034,-1.0413,27224.7683,NA,NA,NA
Stalker2-Win64-Shipping.exe,5640,0x4DD1D780,DXGI,0,0,1,Hardware Composed: Independent Flip,27328.8049,NA,51.60100000000000,52.49810000000000,0.27730000000000,45.53010000000000,46.1403,27277.4691,51.6131,51.3358,0.2773,44.9619,51.9040,48.8616,3.0424,0.2027,27277.4691,NA,NA,NA
Stalker2-Win64-Shipping.exe,5640,0x4DD1D780,DXGI,0,0,1,Hardware Composed: Independent Flip,27381.1096,NA,52.30470000000000,51.27790000000000,0.26800000000000,45.09920000000000,45.1135,27329.0822,52.2954,52.0274,0.2680,45.2528,51.8738,48.2508,3.6230,0.3352,27329.0822,NA,NA,NA
Stalker2-Win64-Shipping.exe,5640,0x4DD1D780,DXGI,0,0,1,Hardware Composed: Independent Flip,27432.5685,NA,51.45890000000000,51.73510000000000,0.25450000000000,45.36600000000000,45.3897,27381.3776,51.4454,51.1909,0.2545,44.8312,51.7257,48.6680,3.0577,0.5603,27381.3776,NA,NA,NA
Stalker2-Win64-Shipping.exe,5640,0x4DD1D780,DXGI,0,0,1,Hardware Composed: Independent Flip,27485.4200,NA,52.85150000000000,51.75470000000000,0.23630000000000,44.26930000000000,44.2929,27432.8230,52.8333,52.5970,0.2363,45.1115,51.7548,48.4912,3.2636,-0.3093,27432.8230,NA,NA,NA
Stalker2-Win64-Shipping.exe,5640,0x4DD1D780,DXGI,0,0,1,Hardware Composed: Independent Flip,27538.1860,NA,52.76600000000001,53.27390000000000,0.27360000000000,44.62400000000000,44.8008,27485.6563,52.8033,52.5297,0.2736,44.0330,53.1207,48.1544,4.9663,-0.4406,27485.6563,NA,NA,NA
Stalker2-Win64-Shipping.exe,5640,0x4DD1D780,DXGI,0,0,1,Hardware Composed: Independent Flip,27588.8805,NA,50.69450000000001,52.21140000000000,0.26370000000000,45.73870000000000,46.3177,27538.4596,50.6846,50.4209,0.2637,44.3504,51.8092,48.9753,2.8339,0.5919,27538.4596,NA,NA,NA
Stalker2-Win64-Shipping.exe,5640,0x4DD1D780,DXGI,0,0,1,Hardware Composed: Independent Flip,27640.7876,NA,51.90710000000000,49.93290000000000,0.27970000000000,44.32870000000000,44.3435,27589.1442,51.9231,51.6434,0.2797,45.4750,50.4971,48.0965,2.4006,0.7517,27589.1442,NA,NA,NA
Stalker2-Win64-Shipping.exe,5640,0x4DD1D780,DXGI,0,0,1,Hardware Composed: Independent Flip,27693.3056,NA,52.51800000000000,53.02490000000000,0.26920000000000,44.82130000000000,44.8504,27641.0673,52.5075,52.2383,0.2692,44.0490,53.0106,48.2834,4.7272,-1.1018,27641.0673,NA,NA,NA
Stalker2-Win64-Shipping.exe,5640,0x4DD1D780,DXGI,0,0,1,Hardware Composed: Independent Flip,27744.3934,NA,51.08780000000000,52.89840000000000,0.27110000000000,45.48640000000000,46.6610,27693.5748,51.0897,50.8186,0.2711,44.5521,51.7529,48.6247,3.1282,-0.3909,27693.5748,NA,NA,NA
Stalker2-Win64-Shipping.exe,5640,0x4DD1D780,DXGI,0,0,1,Hardware Composed: Independent Flip,27796.3568,NA,51.96340000000000,49.62130000000001,0.25460000000000,44.30570000000000,44.3189,27744.6645,51.9469,51.6923,0.2546,45.2153,50.7827,47.9269,2.8558,1.4684,27744.6645,NA,NA,NA
Stalker2-Win64-Shipping.exe,5640,0x4DD1D780,DXGI,0,0,1,Hardware Composed: Independent Flip,27848.5121,NA,52.15530000000000,52.71230000000000,0.33250000000000,44.85310000000000,44.8759,27796.6114,52.2332,51.9007,0.3325,44.0511,52.7027,48.3232,4.3795,-0.7654,27796.6114,NA,NA,NA
Stalker2-Win64-Shipping.exe,5640,0x4DD1D780,DXGI,0,0,1,Hardware Composed: Independent Flip,27900.7947,NA,52.28260000000000,53.16080000000000,0.25190000000000,44.82910000000000,45.7541,27848.8446,52.2020,51.9501,0.2519,44.5206,52.2586,48.2658,3.9928,-0.9276,27848.8446,NA,NA,NA
Stalker2-Win64-Shipping.exe,5640,0x4DD1D780,DXGI,0,0,1,Hardware Composed: Independent Flip,27952.0642,NA,51.26950000000000,50.21400000000001,0.27950000000000,44.67720000000000,44.6986,27901.0466,51.2971,51.0176,0.2795,44.5772,51.1176,47.9104,3.2072,1.9880,27901.0466,NA,NA,NA
Stalker2-Win64-Shipping.exe,5640,0x4DD1D780,DXGI,0,0,1,Hardware Composed: Independent Flip,28004.3222,NA,52.25800000000000,51.86030000000000,0.25880000000000,44.26130000000001,44.3009,27952.3437,52.2373,51.9785,0.2588,44.3977,51.8421,48.1712,3.6709,-0.5632,27952.3437,NA,NA,NA
Stalker2-Win64-Shipping.exe,5640,0x4DD1D780,DXGI,0,0,1,Hardware Composed: Independent Flip,28056.1476,NA,51.82540000000000,52.59500000000001,0.24650000000000,44.38620000000000,45.0705,28004.5810,51.8131,51.5666,0.2465,44.0025,51.9503,47.7505,4.1998,-0.3577,28004.5810,NA,NA,NA
Stalker2-Win64-Shipping.exe,5640,0x4DD1D780,DXGI,0,0,1,Hardware Composed: Independent Flip,28108.1259,NA,51.97830000000000,51.64260000000000,0.23390000000000,44.72420000000000,44.7348,28056.3941,51.9657,51.7318,0.2339,44.1397,52.3163,48.4136,3.9027,0.1705,28056.3941,NA,NA,NA
Stalker2-Win64-Shipping.exe,5640,0x4DD1D780,DXGI,0,0,1,Hardware Composed: Independent Flip,28159.7740,NA,51.64810000000000,51.47580000000000,0.25120000000000,44.39330000000000,44.5625,28108.3598,51.6654,51.4142,0.2512,44.4903,51.3172,47.6499,3.6673,0.4899,28108.3598,NA,NA,NA
Stalker2-Win64-Shipping.exe,5640,0x4DD1D780,DXGI,0,0,1,Hardware Composed: Independent Flip,28210.8373,NA,51.06330000000001,52.86360000000001,0.26570000000000,46.34790000000000,46.3628,28160.0252,51.0778,50.8121,0.2657,44.1421,53.0179,49.4413,3.5766,-1.1982,28160.0252,NA,NA,NA
Stalker2-Win64-Shipping.exe,5640,0x4DD1D780,DXGI,0,0,1,Hardware Composed: Independent Flip,28262.4937,NA,51.65640000000000,51.19560000000001,0.23890000000000,45.03990000000000,45.9020,28211.1030,51.6296,51.3907,0.2389,46.0822,50.3484,48.1343,2.2141,-0.1178,28211.1030,NA,NA,NA
Stalker2-Win64-Shipping.exe,5640,0x4DD1D780,DXGI,0,0,1,Hardware Composed: Independent Flip,28314.0860,NA,51.59230000000000,49.90120000000000,0.25790000000000,44.19500000000000,44.2109,28262.7326,51.6113,51.3534,0.2579,44.8010,50.7474,47.8726,2.8748,1.7284,28262.7326,NA,NA,NA
Stalker2-Win64-Shipping.exe,5640,0x4DD1D780,DXGI,0,0,1,Hardware Composed: Independent Flip,28365.2273,NA,51.14130000000000,51.77640000000000,0.31680000000000,44.30810000000000,44.8460,28314.3439,51.2002,50.8834,0.3168,43.9371,51.2544,48.5468,2.7076,-0.1651,28314.3439,NA,NA,NA
Stalker2-Win64-Shipping.exe,5640,0x4DD1D780,DXGI,0,0,1,Hardware Composed: Independent Flip,28416.8016,NA,51.57430000000000,51.63640000000000,0.29790000000000,44.88730000000000,44.9081,28365.5441,51.5554,51.2575,0.2979,43.9913,52.1535,48.3736,3.7799,-0.4362,28365.5441,NA,NA,NA
Stalker2-Win64-Shipping.exe,5640,0x4DD1D780,DXGI,0,0,1,Hardware Composed: Independent Flip,28468.8764,NA,52.07480000000000,52.16300000000000,0.26710000000000,44.57230000000001,44.9963,28417.0995,52.0440,51.7769,0.2671,44.5894,51.7598,47.8178,3.9420,-0.6076,28417.0995,NA,NA,NA
Stalker2-Win64-Shipping.exe,5640,0x4DD1D780,DXGI,0,0,1,Hardware Composed: Independent Flip,28520.5946,NA,51.71820000000000,51.69340000000000,0.32310000000000,44.95330000000000,44.9715,28469.1435,51.7742,51.4511,0.3231,44.3052,52.0992,48.2416,3.8576,0.3506,28469.1435,NA,NA,NA
Stalker2-Win64-Shipping.exe,5640,0x4DD1D780,DXGI,0,0,1,Hardware Composed: Independent Flip,28572.6612,NA,52.06660000000000,52.08530000000000,0.26380000000000,44.83440000000000,44.9902,28520.9177,52.0073,51.7435,0.2638,44.6302,51.9477,48.1069,3.8408,-0.3111,28520.9177,NA,NA,NA
Stalker2-Win64-Shipping.exe,5640,0x4DD1D780,DXGI,0,0,1,Hardware Composed: Independent Flip,28623.7663,NA,51.10510000000000,51.13350000000001,0.26390000000000,44.92700000000000,45.0186,28572.9250,51.1052,50.8413,0.2639,44.5706,51.1977,48.1913,3.0064,0.8738,28572.9250,NA,NA,NA
Stalker2-Win64-Shipping.exe,5640,0x4DD1D780,DXGI,0,0,1,Hardware Composed: Independent Flip,28676.6752,NA,52.90890000000000,52.54520000000000,0.32510000000000,44.63900000000000,44.6549,28624.0302,52.9701,52.6450,0.3251,44.6631,52.6209,48.0054,4.6155,-1.4400,28624.0302,NA,NA,NA
Stalker2-Win64-Shipping.exe,5640,0x4DD1D780,DXGI,0,0,1,Hardware Composed: Independent Flip,28728.2170,NA,51.54180000000000,53.56590000000000,0.23160000000000,45.85640000000000,46.6790,28677.0003,51.4483,51.2167,0.2316,44.3139,52.7592,49.0822,3.6770,-0.5958,28677.0003,NA,NA,NA
Stalker2-Win64-Shipping.exe,5640,0x4DD1D780,DXGI,0,0,1,Hardware Composed: Independent Flip,28779.2764,NA,51.05940000000000,48.47530000000000,0.25330000000000,44.07700000000001,44.0949,28728.4486,51.0811,50.8278,0.2533,45.6248,49.2800,47.7226,1.5574,2.9730,28728.4486,NA,NA,NA
Stalker2-Win64-Shipping.exe,5640,0x4DD1D780,DXGI,0,0,1,Hardware Composed: Independent Flip,28830.2534,NA,50.97700000000000,53.18900000000000,0.24430000000000,46.28010000000000,46.3069,28779.5297,50.9680,50.7237,0.2443,43.8237,53.1801,49.8347,3.3454,-2.1079,28779.5297,NA,NA,NA
Stalker2-Win64-Shipping.exe,5640,0x4DD1D780,DXGI,0,0,1,Hardware Composed: Independent Flip,28882.1360,NA,51.88260000000000,52.79710000000000,0.29850000000000,44.53590000000001,47.2214,28830.4977,51.9368,51.6383,0.2985,46.0358,50.1384,47.7427,2.3957,-1.8291,28830.4977,NA,NA,NA
Stalker2-Win64-Shipping.exe,5640,0x4DD1D780,DXGI,0,0,1,Hardware Composed: Independent Flip,28934.0345,NA,51.89850000000001,49.63420000000000,0.25860000000000,44.93590000000000,44.9571,28882.4345,51.8586,51.6000,0.2586,44.2374,52.2985,48.1275,4.1710,2.3026,28882.4345,NA,NA,NA
Stalker2-Win64-Shipping.exe,5640,0x4DD1D780,DXGI,0,0,1,Hardware Composed: Independent Flip,28986.1274,NA,52.09290000000000,52.91680000000000,0.26310000000000,44.45280000000000,45.7810,28934.2931,52.0974,51.8343,0.2631,44.6773,51.6098,47.7162,3.8936,-1.0582,28934.2931,NA,NA,NA
Stalker2-Win64-Shipping.exe,5640,0x4DD1D780,DXGI,0,0,1,Hardware Composed: Independent Flip,29038.1006,NA,51.97320000000001,50.97140000000000,0.26760000000000,44.75120000000000,44.7792,28986.3905,51.9777,51.7101,0.2676,44.1897,52.2716,48.0300,4.2416,1.1260,28986.3905,NA,NA,NA
Stalker2-Win64-Shipping.exe,5640,0x4DD1D780,DXGI,0,0,1,Hardware Composed: Independent Flip,29090.4247,NA,52.32410000000000,52.31190000000000,0.25390000000000,44.45610000000000,44.7670,29038.3682,52.3104,52.0565,0.2539,44.4836,52.0290,47.6946,4.3344,-0.3342,29038.3682,NA,NA,NA
Stalker2-Win64-Shipping.exe,5640,0x4DD1D780,DXGI,0,0,1,Hardware Composed: Independent Flip,29142.9802,NA,52.55550000000000,53.13000000000000,0.25850000000000,45.31370000000000,45.3415,29090.6786,52.5601,52.3016,0.2585,44.2022,53.4131,48.7486,4.6645,-0.8196,29090.6786,NA,NA,NA
Stalker2-Win64-Shipping.exe,5640,0x4DD1D780,DXGI,0,0,1,Hardware Composed: Independent Flip,29194.3736,NA,51.39340000000000,50.63530000000000,0.25850000000000,43.98530000000000,44.5834,29143.2387,51.3934,51.1349,0.2585,45.0552,50.0650,47.8028,2.2622,1.9248,29143.2387,NA,NA,NA
Stalker2-Win64-Shipping.exe,5640,0x4DD1D780,DXGI,0,0,1,Hardware Composed: Independent Flip,29247.1119,NA,52.73830000000000,52.89090000000000,0.24970000000000,44.72190000000001,44.7360,29194.6321,52.7295,52.4798,0.2497,43.7268,53.4749,48.3437,5.1312,-1.4975,29194.6321,NA,NA,NA
Stalker2-Win64-Shipping.exe,5640,0x4DD1D780,DXGI,0,0,1,Hardware Composed: Independent Flip,29297.9226,NA,50.81070000000000,52.08630000000000,0.27180000000000,44.08930000000000,46.0116,29247.3616,50.8328,50.5610,0.2718,44.4722,50.1781,47.3124,2.8657,0.6432,29247.3616,NA,NA,NA
Stalker2-Win64-Shipping.exe,5640,0x4DD1D780,DXGI,0,0,1,Hardware Composed: Independent Flip,29349.2479,NA,51.32530000000001,50.51390000000000,0.25430000000000,45.18570000000000,45.2002,29298.1944,51.3078,51.0535,0.2543,43.8175,52.4217,48.8170,3.6047,0.3189,29298.1944,NA,NA,NA
Stalker2-Win64-Shipping.exe,5640,0x4DD1D780,DXGI,0,0,1,Hardware Composed: Independent Flip,29400.6940,NA,51.44610000000000,52.13870000000000,0.24310000000000,44.47540000000000,45.8928,29349.5022,51.4349,51.1918,0.2431,44.9314,50.7358,47.6818,3.0540,-0.8309,29349.5022,NA,NA,NA
Stalker2-Win64-Shipping.exe,5640,0x4DD1D780,DXGI,0,0,1,Hardware Composed: Independent Flip,29453.2087,NA,52.51470000000000,52.99650000000000,0.35600000000000,46.34800000000000,46.3746,29400.9371,52.6276,52.2716,0.3560,44.2323,54.3873,49.6775,4.7098,-1.5616,29400.9371,NA,NA,NA
Stalker2-Win64-Shipping.exe,5640,0x4DD1D780,DXGI,0,0,1,Hardware Composed: Independent Flip,29503.3309,NA,50.12220000000000,50.37660000000000,0.25950000000000,44.76050000000000,46.6290,29453.5647,50.0257,49.7662,0.2595,45.9920,48.5347,47.9850,0.5497,2.2510,29453.5647,NA,NA,NA
Stalker2-Win64-Shipping.exe,5640,0x4DD1D780,DXGI,0,0,1,Hardware Composed: Independent Flip,29554.2271,NA,50.89620000000000,49.45190000000000,0.26830000000000,45.17370000000000,45.1847,29503.5904,50.9050,50.6367,0.2683,44.5010,51.3094,48.3209,2.9885,0.5738,29503.5904,NA,NA,NA
Stalker2-Win64-Shipping.exe,5640,0x4DD1D780,DXGI,0,0,1,Hardware Composed: Independent Flip,29605.4340,NA,51.20690000000000,52.66280000000000,0.25460000000000,44.67270000000000,46.6406,29554.4954,51.1932,50.9386,0.2546,44.9054,50.7059,48.0145,2.6914,-1.7578,29554.4954,NA,NA,NA
Stalker2-Win64-Shipping.exe,5640,0x4DD1D780,DXGI,0,0,1,Hardware Composed: Independent Flip,29657.7082,NA,52.27420000000000,50.28430000000000,0.27250000000000,44.63540000000000,44.6507,29605.6886,52.2921,52.0196,0.2725,44.4181,52.2369,47.8856,4.3513,0.9089,29605.6886,NA,NA,NA
Stalker2-Win64-Shipping.exe,5640,0x4DD1D780,DXGI,0,0,1,Hardware Composed: Independent Flip,29708.5636,NA,50.85540000000000,51.03960000000000,0.26250000000000,44.04300000000000,44.8349,29657.9807,50.8454,50.5829,0.2625,44.3629,50.2630,47.9175,2.3455,1.2525,29657.9807,NA,NA,NA
Stalker2-Win64-Shipping.exe,5640,0x4DD1D780,DXGI,0,0,1,Hardware Composed: Independent Flip,29760.7447,NA,52.18110000000000,51.69780000000000,0.25220000000000,44.33060000000000,44.3516,29708.8261,52.1708,51.9186,0.2522,43.7805,52.4687,47.5308,4.9379,-0.8524,29708.8261,NA,NA,NA
Stalker2-Win64-Shipping.exe,5640,0x4DD1D780,DXGI,0,0,1,Hardware Composed: Independent Flip,29812.5748,NA,51.83010000000000,54.27900000000000,0.28190000000000,45.58980000000000,46.8005,29760.9969,51.8598,51.5779,0.2819,44.0784,53.0893,49.2784,3.8109,-2.1082,29760.9969,NA,NA,NA
Stalker2-Win64-Shipping.exe,5640,0x4DD1D780,DXGI,0,0,1,Hardware Composed: Independent Flip,29864.1155,NA,51.54070000000000,49.94590000000000,0.26390000000000,44.96650000000000,45.2057,29812.8567,51.5227,51.2588,0.2639,45.3079,50.9174,48.4394,2.4780,1.9139,29812.8567,NA,NA,NA
